date,nifty_close,nifty_return_1d,nifty_return_3d,nifty_return_5d,nifty_return_10d,nifty_return_20d,nifty_close_ema20_ratio,nifty_close_ema50_ratio,nifty_close_ema200_ratio,nifty_rsi14,nifty_distance_20d_high,nifty_distance_20d_low,nifty_gap_pct,nifty_atr_pct,nifty_rolling_volatility_20d,nifty_volume_ratio_20d,constituent_count,breadth_1d,breadth_5d,breadth_20d,above_ema20_breadth,above_ema50_breadth,above_ema200_breadth,relative_strength_breadth,high_volume_up_breadth,high_volume_down_breadth,median_return_1d,median_return_5d,median_return_20d,median_rsi14,median_volume_ratio_20d,median_atr_pct,median_relative_strength_20d,nifty_t1_close,nifty_t1_return,target_t1_direction,sector_return_1d_mean,sector_return_5d_mean,sector_positive_breadth_mean,sector_negative_breadth_mean,sector_dispersion_mean,sector_leadership,sector_agreement
2021-01-29,13634.599609375,,,,,,1.0,1.0,1.0,,,,,,,,50.0,0.0,0.0,0.0,0.0,0.0,0.0,0.0,0.0,0.0,,,,,,,,14281.2001953125,0.0474235111013383,1.0,,,,,,,
2021-02-01,14281.2001953125,0.0474235111013383,,,,,1.042714067088378,1.0454791858551964,1.0469294904812971,,,,0.0090945098171228,,,,50.0,0.9,0.0,0.0,0.9,0.9,0.9,0.0,0.0,0.0,0.030043545749006,,,,,,,14647.849609375,0.0256735714819573,1.0,0.035987764520911236,,0.87,0.13,0.009875850855477795,0.8666666666666667,0.8666666666666667
2021-02-02,14647.849609375,0.0256735714819573,,,,,1.0624534239631032,1.0692877709473316,1.0730198762184635,,,,0.0139973819657057,,,,50.0,0.86,0.0,0.0,0.88,0.9,0.9,0.0,0.0,0.0,0.0216042920103144,,,,,,,14789.9501953125,0.0097011226717231,1.0,0.026613208145865114,,0.8707070707070707,0.1292929292929293,0.009565494829936582,0.9333333333333333,0.9333333333333333
2021-02-03,14789.9501953125,0.0097011226717231,0.084736671338929,,,,1.065377811944027,1.0762987450628805,1.0825307183453965,,,,0.0073082933061714,,,,50.0,0.82,0.0,0.0,0.96,0.96,0.96,0.0,0.0,0.0,0.0095785434735378,,,,,,,14895.650390625,0.0071467580293813,1.0,0.012574479887991574,,0.7583838383838384,0.24161616161616165,0.00614687418180096,0.7333333333333333,0.7333333333333333
2021-02-04,14895.650390625,0.0071467580293813,0.0430251090180908,,,,1.0655842926555363,1.080432111428502,1.0892889236098693,,,,-6.0878543410192165e-05,,,,50.0,0.6,0.0,0.0,0.88,0.92,0.92,0.0,0.0,0.0,0.0038064230471074,,,,,,,14924.25,0.0019199973566108,1.0,0.003399360524384379,,0.5095959595959596,0.49040404040404045,0.009039823828418314,0.6,0.6
2021-02-05,14924.25,0.0019199973566108,0.0188696906369174,0.0945865978886721,,,1.060797643189323,1.079015329617032,1.0903889114208063,,,,0.0038232112903133,,,,50.0,0.44,0.92,0.0,0.92,0.92,0.92,0.0,0.0,0.0,-0.0015867135214003,0.0909470558076955,,,,,,15115.7998046875,0.0128348027329681,1.0,-0.0028832868690612324,0.07806149385805622,0.33181818181818185,0.657070707070707,0.007956073110280591,0.4,0.6
2021-02-08,15115.7998046875,0.0128348027329681,0.0220318260083305,0.0584404390359949,,,1.0668520650949267,1.088898796123156,1.103237965234544,,,,0.0093840430633029,,,,50.0,0.82,0.9,0.0,0.92,0.92,0.92,0.0,0.0,0.0,0.0137220115087181,0.0630998959173052,,,,,,15109.2998046875,-0.0004300136336804,0.0,0.017957157958297866,0.05884408067158775,0.8818181818181817,0.11818181818181818,0.007576905023081163,0.9333333333333333,0.9333333333333333
2021-02-09,15109.2998046875,-0.0004300136336804,0.0143430738812833,0.0315029309842969,,,1.0596926852314703,1.0846690690091798,1.101637108626884,,,,0.0031986786383944,,,,50.0,0.42,0.82,0.0,0.94,0.94,0.94,0.0,0.0,0.0,-0.0032285363278225,0.0316483035104313,,,,,,15106.5,-0.0001853034041081,0.0,0.0006034915991138853,0.031782304374773626,0.5241414141414141,0.47585858585858587,0.006142527751903967,0.4666666666666667,0.5333333333333333
2021-02-10,15106.5,-0.0001853034041081,0.0122116689280868,0.0214030338511772,,,1.0535267050863089,1.0808876643138017,1.1003224344642604,,,,0.0006452979374316,,,,50.0,0.46,0.78,0.0,0.92,0.94,0.94,0.0,0.0,0.0,-0.0007490224140411,0.0190879652229053,,,,,,15173.2998046875,0.0044219246475027,1.0,-0.0011568619326401963,0.017828789254053824,0.4074747474747475,0.5925252525252525,0.005290124236582085,0.5333333333333333,0.5333333333333333
2021-02-11,15173.2998046875,0.0044219246475027,0.0038039667594809,0.0186396301458073,,,1.0523537455266774,1.0820321802395114,1.1040324456172046,,,,-0.0022010392877238,,,,50.0,0.54,0.74,0.0,0.92,0.96,0.96,0.0,0.0,0.0,0.0004639369334505,0.0176771333300895,,,,,,15163.2998046875,-0.0006590524229219,0.0,0.0037247298893185437,0.018084299736215347,0.5670707070707072,0.4329292929292929,0.007500052855695322,0.6,0.6
2021-02-12,15163.2998046875,-0.0006590524229219,0.0035739578073132,0.0160175422341155,0.1121191849492508,,1.0465113346134034,1.0778817179275575,1.1021718982099713,,,,0.0008502033698045,,,,50.0,0.28,0.66,0.0,0.9,0.9,0.94,0.0,0.0,0.0,-0.0075069284479631,0.008166165636235,,,,,,15314.7001953125,0.0099846598415338,1.0,-0.00692618536198318,0.01419335559738837,0.18848484848484848,0.8115151515151514,0.004509347605350446,0.2,0.8
2021-02-15,15314.7001953125,0.0099846598415338,0.0137821596870553,0.0131584430327873,0.0723678672566485,,1.0512575330144298,1.0848727273562058,1.111924530995487,,,,0.0070565115362899,,,,50.0,0.5,0.46,0.0,0.84,0.9,0.94,0.0,0.0,0.0,0.0002217506587808,-0.0020393366260172,,,,,,15313.4501953125,-8.162092525865194e-05,0.0,0.00226848540895045,-0.0014459932966905324,0.5045454545454545,0.4954545454545454,0.005990912226945591,0.5333333333333333,0.5333333333333333
2021-02-16,15313.4501953125,-8.162092525865194e-05,0.009236645451486,0.0135115718970422,0.0454401569983009,,1.0460736904233556,1.0811893652083946,1.1105979303212077,,,,0.0037055900067419,,,,50.0,0.5,0.54,0.0,0.82,0.9,0.9,0.0,0.0,0.0,-0.000242736790038,0.0018439817855065,,,,,,15208.900390625,-0.0068273186874309,0.0,0.00597144791673016,0.004023803781509083,0.5931313131313132,0.4068686868686868,0.006272408718288398,0.6,0.6
2021-02-17,15208.900390625,-0.0068273186874309,0.0030072996329864,0.0067785648975606,0.0283266806027029,,1.035093899485982,1.0707086589985022,1.1018860579491687,,,,-0.0021908717016475,0.0168179211175082,,,50.0,0.34,0.48,0.0,0.76,0.82,0.84,0.0,0.0,0.0,-0.0063555455536539,-0.0018951603491701,,,,0.0330393747312825,,15118.9501953125,-0.0059143128695843,0.0,-0.0026229441650101716,0.002960474205931296,0.3464646464646465,0.6535353535353535,0.004731361138518325,0.3333333333333333,0.6666666666666666
2021-02-18,15118.9501953125,-0.0059143128695843,-0.0127818368955021,-0.0035819241743453,0.0149909402296417,,1.0261406609496415,1.0616958434263175,1.0943306973808171,95.21770233109272,,,0.0019593661554828,0.0159853776739856,,,50.0,0.46,0.32,0.0,0.78,0.82,0.86,0.0,0.0,0.0,-0.0011584455747861,-0.004980353173076,,84.79614387306015,,0.0324479403045863,,14981.75,-0.0090747170630297,0.0,0.003725955073786452,0.002832434156485412,0.48363636363636364,0.5163636363636364,0.006765729623347358,0.4666666666666667,0.5333333333333333
2021-02-19,14981.75,-0.0090747170630297,-0.0216607094470476,-0.0119729746840049,0.0038527899224416,,1.01520162490404,1.049917723321986,1.083490040389812,91.9872952588071,,,-0.0029202021340535,0.0139581701263322,,,50.0,0.22,0.28,0.0,0.68,0.8,0.82,0.0,0.0,0.0,-0.0110594514493849,-0.0147705661524696,,80.44145467630796,,0.0315645040973997,,14675.7001953125,-0.0204281745915864,0.0,-0.009865436906194913,-0.0004370368795105569,0.21101010101010104,0.7889898989898989,0.007410106161510838,0.06666666666666667,0.9333333333333333
2021-02-22,14675.7001953125,-0.0204281745915864,-0.03505843168262,-0.041724616992214,-0.0291152049551834,,0.99498760763263,1.027322852234966,1.060708742731006,85.0552300566063,,,0.0011547252281942,0.0138820303572344,,,50.0,0.2,0.26,0.0,0.4,0.6,0.7,0.0,0.0,0.0,-0.0204228017354005,-0.036223239589278,,75.44569402749346,,0.0317754453170317,,14707.7998046875,0.0021872625461001,1.0,-0.014324141651885496,-0.016772547465894072,0.20656565656565656,0.7934343434343435,0.007024730515693165,0.13333333333333333,0.8666666666666667
2021-02-23,14707.7998046875,0.0021872625461001,-0.0271943742993792,-0.0395502243387575,-0.0265730381414126,,0.9974333176071892,1.0283773675304204,1.0623625282909002,85.18136497067559,,,0.0072602876366698,0.0134046969600118,,,50.0,0.68,0.26,0.0,0.48,0.64,0.72,0.0,0.0,0.0,0.0055848893004324,-0.0321649993201141,,75.77135258717901,,0.0307759500239792,,14982.0,0.0186431824578623,1.0,0.010256065265694975,-0.01282678361212195,0.6524242424242425,0.3475757575757576,0.007586016154752017,0.7333333333333333,0.7333333333333333
2021-02-24,14982.0,0.0186431824578623,1.668696914580714e-05,-0.0149189214734331,-0.0082414854532817,,1.0144800066625776,1.0455998748216653,1.081284293580414,86.24902337082955,,,0.0014516505677957,0.0146151572363026,,,50.0,0.7,0.34,0.0,0.58,0.68,0.74,0.0,0.0,0.0,0.009754012858173,-0.0137024158421335,,76.42094845750313,,0.0297836836148415,,15097.349609375,0.0076992130139501,1.0,0.006762032519069359,-0.003944599602067155,0.6199999999999999,0.38,0.005474795290609533,0.6666666666666666,0.6666666666666666
2021-02-25,15097.349609375,0.0076992130139501,0.0287311275408295,-0.0014287093785253,-0.0050055160242096,,1.0201250561409925,1.0514380208050176,1.0886386631972096,86.68367523792966,-0.01419228474378,0.1072822115725518,0.0065311446652649,0.0147145014089271,,1.151430515271959,50.0,0.66,0.44,0.0,0.58,0.68,0.78,0.0,0.38,0.14,0.008211966342847,-0.0093617592963854,,76.69583330493947,1.0040828835714468,0.0288715356707371,,14529.150390625,-0.0376356932475859,0.0,0.017476279153828884,0.010006672299021909,0.6763636363636363,0.3236363636363636,0.007391359877127471,0.8,0.8
2021-02-26,14529.150390625,-0.0376356932475859,-0.0121465764040086,-0.0302100628681563,-0.0418213332342385,0.0656088779192984,0.9834429512564522,1.0113957690835846,1.0471703211703345,74.23591391262178,-0.0512938415162668,0.0173619998264491,-0.0138269302494241,0.0172266922207941,0.0170610613085885,1.541997638658926,50.0,0.0,0.24,0.68,0.28,0.52,0.64,0.5,0.0,0.82,-0.0371948783727592,-0.0249516377247667,0.0597182941177332,66.11352172968418,1.3603153233841565,0.0317521377175957,-0.0058905838015652,14761.5498046875,0.0159953891187234,1.0,-0.035925360487028955,-0.016748654606556546,0.0,1.0,0.008180997789698725,0.0,1.0
2021-03-01,14761.5498046875,0.0159953891187234,-0.0147143368917701,0.005849779447145,-0.0361189173519901,0.0336351008882758,0.9992521589830536,1.0264635113767409,1.0632439713005908,75.76859438257489,-0.0361189173519901,0.0159953891187234,0.0119311594081135,0.0173660551760936,0.0139485431614644,0.7272753338542152,50.0,0.98,0.6,0.7,0.44,0.68,0.74,0.42,0.12,0.02,0.0163744204247018,0.0120454226411086,0.0203979840292096,68.40817092307194,0.7509143684241608,0.0310558728604541,-0.0132371168590661,14919.099609375,0.0106729853417877,1.0,0.021448108667497228,0.018851214886265136,0.9333333333333333,0.06666666666666667,0.006085374826985983,0.9333333333333333,0.9333333333333333
2021-03-02,14919.099609375,0.0106729853417877,-0.011806708105197,0.0143665135161927,-0.0257519096550959,0.0185180765254713,1.0089642043333114,1.0358988536037632,1.0737949788137908,76.77719466918245,-0.0258314286856614,0.0268390930141115,0.007028394807641,0.0172173758645797,0.0129628300594776,0.91042218870356,50.0,0.82,0.76,0.62,0.64,0.74,0.78,0.52,0.26,0.06,0.0137919093028557,0.0213836746558884,0.025014103071282,70.1697221689578,0.8273858259903574,0.0304889524794222,0.0064960265458107,15245.599609375,0.0218846987116321,1.0,0.014909211434087211,0.023360463134383315,0.8207070707070707,0.1792929292929293,0.006791416261183332,0.9333333333333333,0.9333333333333333
2021-03-03,15245.599609375,0.0218846987116321,0.049311157190051,0.0175944205963822,0.0024130093437013,0.0308080424913745,1.0280056040294638,1.056143405104563,1.0962333882237174,78.75110254680463,-0.004512043008106,0.049311157190051,0.0097392460037397,0.0179306990093324,0.0136608134337145,0.816375514735113,50.0,0.88,0.8,0.64,0.86,0.78,0.78,0.46,0.24,0.0,0.01187104420227,0.0214629011429624,0.024080382958739,70.96734774534664,0.7869158831503967,0.0298857751263686,-0.0067276595326355,15080.75,-0.0108129305241382,0.0,0.014015323795862896,0.031029167858669056,0.9333333333333335,0.06666666666666667,0.005007192615262153,0.9333333333333333,0.9333333333333333
2021-03-04,15080.75,-0.0108129305241382,0.0216237589911554,-0.0010995048670457,-0.0025266433726558,0.0124264200972048,1.0152567522713298,1.0428943104597088,1.083470210170143,75.2722462070574,-0.0152761851246756,0.0379650285491519,-0.0143549361771525,0.0186140752919994,0.0138662847938296,0.8240450459471742,50.0,0.24,0.58,0.5,0.8,0.8,0.82,0.46,0.16,0.16,-0.0077458728009763,0.0080762900445415,-0.0004105591448119,68.39149132558947,0.8979048721855334,0.0305586513153085,-0.0128369792420168,14938.099609375,-0.0094591045289524,0.0,-0.002891509998805767,0.010365588128943903,0.3471717171717172,0.6528282828282829,0.0038725237444932367,0.3333333333333333,0.6666666666666666
2021-03-05,14938.099609375,-0.0094591045289524,0.0012735353002175,0.0281468088467082,-0.0029135708862448,0.0009279936596477,1.0051121674506889,1.0316931397883689,1.072440201589182,72.29603295917678,-0.0245907906217301,0.0281468088467082,-0.0068166241524791,0.019047165788268,0.0140462954600873,1.00997840377067,50.0,0.22,0.88,0.5,0.6,0.7,0.8,0.48,0.14,0.22,-0.0084183647374221,0.0332876882231871,-0.0023009985491496,67.0669690661099,0.9072105752755504,0.0311824437418426,-0.0032289922087974,14956.2001953125,0.0012117060677612,1.0,-0.011266862391984184,0.03622250902457848,0.2505050505050505,0.7383838383838384,0.005912066500313081,0.26666666666666666,0.7333333333333333
2021-03-08,14956.2001953125,0.0012117060677612,-0.0189824881590449,0.0131863112749306,0.0191132277347552,-0.0105584627632807,1.005723753704415,1.031610519142889,1.0729524284370109,72.4449126006164,-0.0234088813641764,0.029392620573537,0.0043078160957712,0.0190322340318073,0.0137303430381822,0.0,50.0,0.52,0.76,0.36,0.6,0.76,0.78,0.42,0.12,0.08,0.0010492226645321,0.014799193267732,-0.0184600610141053,67.74329989602589,0.760862401441514,0.0316356950527389,-0.0079015982508245,15098.400390625,0.0095077756017913,1.0,0.006141943879702293,0.020541034318142973,0.46424242424242423,0.5357575757575757,0.005463438037732993,0.4666666666666667,0.5333333333333333
2021-03-09,15098.400390625,0.0095077756017913,0.0011703920975416,0.0120182039093921,0.0265573771144893,-0.0007213712219223,1.0138100400390495,1.0397300399710854,1.0822583575076503,73.64324561475833,-0.0141236721534845,0.0391798546160904,0.0062649733280426,0.0191266630787205,0.0139093898824972,1.1275483795561938,50.0,0.52,0.5,0.46,0.68,0.8,0.8,0.46,0.14,0.06,0.0006390369142904,0.0012910666314068,-0.0091526612929938,66.43358406279958,0.7536255416819028,0.0322969374225496,-0.0084312900710714,15174.7998046875,0.0050600998838219,1.0,-0.001719696778533232,0.00393834934386813,0.46060606060606063,0.5282828282828282,0.0054026836183313194,0.4666666666666667,0.5333333333333333
2021-03-10,15174.7998046875,0.0050600998838219,0.0158454021262484,-0.0046439501562117,0.0128687628278933,0.004521219652964,1.0171053538334047,1.0431506845726688,1.0867859483055051,74.29016409042893,-0.0091350394614855,0.0444382084777035,0.0068715888647661,0.0187825393929456,0.0139539712189076,0.6882122810001701,50.0,0.68,0.46,0.5,0.82,0.86,0.82,0.5,0.12,0.02,0.0082941513742265,-0.000353626033644,0.0021710502169172,65.80919891601387,0.6555738994326119,0.031907160728316,-0.0023501694360468,15030.9501953125,-0.0094795062357636,0.0,0.006316976133574302,-0.0037665565807644733,0.7035353535353536,0.2964646464646465,0.004267611405536932,0.7333333333333333,0.7333333333333333
2021-03-12,15030.9501953125,-0.0094795062357636,0.0049979272157261,-0.0033022100815609,-0.00439808415255,-0.0093815854960582,1.0067480722552251,1.031916102575257,1.0756651381320723,70.76809035280765,-0.0185279500337101,0.0345374499675692,0.0096443174092017,0.019612620169297,0.0140844475417387,0.8394107785654109,50.0,0.18,0.36,0.42,0.66,0.72,0.76,0.48,0.12,0.18,-0.0086004283604455,-0.0075799012227272,-0.0118775084482024,64.80114189022505,0.7930867069987426,0.032097378864528,-0.0024959229521441,14929.5,-0.006749419963093,0.0,-0.006576688142489718,-0.007485604874662268,0.19717171717171714,0.8028282828282829,0.005858214503912718,0.2,0.8
2021-03-15,14929.5,-0.006749419963093,-0.0111866413828761,-0.0005756829583331,0.0275549222501907,-0.0154187945697166,0.999957572555864,1.0239493523684522,1.0676783103482066,68.30845638658971,-0.0251523170809704,0.0275549222501907,0.0011609509103385,0.0193990297927042,0.0141565383789944,0.8027956176803929,50.0,0.44,0.42,0.42,0.6,0.68,0.72,0.52,0.1,0.08,-0.0015141117842673,-0.0023546858795269,-0.0125924143750771,63.26223205414109,0.7556693425292816,0.0321913440790262,0.0028263801946394,14910.4501953125,-0.0012759841044576,0.0,-0.0028725253429861103,0.001050664030422572,0.4604040404040404,0.5395959595959596,0.004880875959196363,0.4,0.6
2021-03-16,14910.4501953125,-0.0012759841044576,-0.0174203029217784,-0.003058932041732,0.0100870432031274,-0.0263962072286424,0.9988070506527446,1.0217355558077028,1.0656128141020582,67.83170925443004,-0.0263167342995871,0.0262437785029423,0.0044609403781104,0.0192240446399373,0.0139321783914699,0.000178716635838,50.0,0.38,0.36,0.48,0.52,0.72,0.8,0.54,0.14,0.1,-0.0025737916863135,-0.0077440563685785,-0.015571868438324,62.14864429656355,0.7138153826401523,0.0317274643974232,0.0108243387903183,14721.2998046875,-0.0126857598628687,0.0,0.0026946125062501046,-0.0022301211547782287,0.45939393939393935,0.5406060606060606,0.004338574051753966,0.4666666666666667,0.5333333333333333
2021-03-17,14721.2998046875,-0.0126857598628687,-0.0206008526807285,-0.0249761945756619,-0.0132581596655608,-0.0386686463907565,0.9874401815680665,1.00842708336724,1.051549629530868,63.12097389130882,-0.0343902383718047,0.0132250963680908,0.0024210945278062,0.0182881193892356,0.0141600443741789,0.0001897083234526,50.0,0.1,0.3,0.42,0.32,0.64,0.74,0.54,0.04,0.18,-0.0184017945841604,-0.0245416102428847,-0.0259648966690046,58.11995283214976,0.7243006762433859,0.0322468240526088,0.0127037497217518,14557.849609375,-0.0111029730717429,0.0,-0.01909851469734627,-0.01943584532207271,0.06606060606060607,0.933939393939394,0.00547681425263223,0.0,1.0
2021-03-18,14557.849609375,-0.0111029730717429,-0.0248936930657422,-0.0406562329159639,-0.0451113775529747,-0.042807222384816,0.9786691901346458,0.9973388616934596,1.0394618862161449,59.28924518423388,-0.0451113775529747,0.0019752854075016,0.0091160561290768,0.0194850649060543,0.0142706075064411,1.0249624287564154,50.0,0.3,0.1,0.42,0.22,0.46,0.68,0.58,0.12,0.12,-0.0086684317914236,-0.0381687710872513,-0.0305343440198183,54.621927387172974,0.8573387157072403,0.0327486940045063,0.0122728783649976,14744.0,0.0127869428260285,1.0,-0.007228502490923211,-0.032621865775860924,0.2843434343434344,0.7156565656565658,0.006558346233906954,0.3333333333333333,0.6666666666666666
2021-03-19,14744.0,0.0127869428260285,-0.0111633245899461,-0.0190906224545929,-0.0223297912902209,-0.0248000152437005,0.9920163517878235,1.009692185007369,1.052201115341977,62.110263090704,-0.0329012713325195,0.0147874860951011,-0.0059554962495399,0.0183115640487534,0.0146152118861516,1.7135666682201611,50.0,0.86,0.28,0.38,0.36,0.6,0.74,0.5,0.68,0.1,0.0098283251667207,-0.0206549374270687,-0.0244696821742501,56.58733212622966,1.3680452354452433,0.0317721582175516,0.0003303330694504,14736.400390625,-0.0005154374236977,0.0,0.013521691935740229,-0.01307407963134369,0.808888888888889,0.19111111111111112,0.0048855015176003935,0.8666666666666667,0.8666666666666667
2021-03-22,14736.400390625,-0.0005154374236977,0.0010257644459283,-0.0129340975501524,-0.0135023345689444,-0.0163765654462929,0.9923078509575836,1.008808906967713,1.0511184780841103,61.92161562784728,-0.0333997502096852,0.0142644266476674,-0.0005222595844072,0.0177800794274245,0.0144958605695147,0.8763472167861541,50.0,0.58,0.36,0.46,0.38,0.54,0.76,0.48,0.12,0.04,0.0036307406791895,-0.0132324002726504,-0.0205499055451871,56.84096846247135,0.7637947220930812,0.030831896445581,-0.0041733400988941,14814.75,0.0053167399974314,1.0,0.0060124639498622895,-0.0044736352322013485,0.6282828282828282,0.3717171717171717,0.004795206879934136,0.5333333333333333,0.5333333333333333
2021-03-23,14814.75,0.0053167399974314,0.0176468638925602,-0.0064183303695676,-0.0094576291748778,0.0094748327396272,0.9978133149890982,1.013609134306128,1.056111092350022,63.163818289834666,-0.0282605880000978,0.019657006892797,0.0021816327739678,0.0175573136645307,0.0137794774993524,0.9172501837595264,50.0,0.56,0.32,0.6,0.44,0.6,0.78,0.54,0.14,0.08,0.0016338887313465,-0.0093775247988738,0.0106201604608479,58.13802250736427,0.8348892344007135,0.0302796746734722,0.0011453277212206,14549.400390625,-0.0179111769942118,0.0,0.004021552062123497,-0.0032395563703222284,0.6196969696969697,0.38030303030303025,0.006055409951466756,0.6666666666666666,0.6666666666666666
2021-03-24,14549.400390625,-0.0179111769942118,-0.0131985627628187,-0.0116769182302615,-0.0363614678241602,-0.0107697559231134,0.9818169200048285,0.9956316895748276,1.036811177383737,56.44758726958283,-0.0456655846006794,0.0013937497689517,-0.0069052670269494,0.0175127501553311,0.0143747657059308,0.9080870283230036,50.0,0.06,0.38,0.46,0.36,0.46,0.74,0.46,0.06,0.22,-0.0171565305218191,-0.0050112082473617,-0.0127578924070184,54.16907772449426,0.8161267340819501,0.0305788694870041,-0.0019881364839049,14324.900390625,-0.0154301891468089,0.0,-0.01720407236037308,-0.0014786343113856325,0.11666666666666667,0.8833333333333333,0.005728864244850248,0.13333333333333333,0.8666666666666667
2021-03-25,14324.900390625,-0.0154301891468089,-0.0279240512670779,-0.0160016228358331,-0.05600729004675,-0.0438592717511012,0.9697457988926244,0.9810279928027952,1.020601623950529,51.46189361785039,-0.0603911451396003,0.0,0.0014777241276453,0.0180155827638651,0.0140082010882743,1.183434260694887,50.0,0.12,0.26,0.3,0.1,0.26,0.56,0.54,0.1,0.42,-0.019603886014512,-0.0194823848902411,-0.0311265467593089,49.90621189754478,1.005205637966994,0.0310168186935379,0.0127327249917922,14507.2998046875,0.0127330319296232,1.0,-0.018319398252225685,-0.012531456745205607,0.1398989898989899,0.8601010101010101,0.004577696998332121,0.13333333333333333,0.8666666666666667
2021-03-26,14507.2998046875,0.0127330319296232,-0.0207529789778767,-0.0160540013098549,-0.0348381428865557,-0.0390830059549721,0.9837712982861726,0.9937720098594643,1.0332515627967436,54.94387035694815,-0.0484270755893061,0.0127330319296232,0.012663223416284,0.0178764683439222,0.0142377481647169,0.9685863874345548,50.0,0.84,0.36,0.36,0.26,0.34,0.7,0.5,0.2,0.02,0.0116800285618957,-0.0139325813549104,-0.0389835382248252,51.58152997713917,0.8090632356087694,0.0296351768927937,9.946773014690712e-05,14845.099609375,0.0232848158675504,1.0,0.017393774817142806,-0.008564444196006538,0.8328282828282829,0.15606060606060607,0.006892432936976451,0.9333333333333333,0.9333333333333333
2021-03-30,14845.099609375,0.0232848158675504,0.0203238079103613,0.0073762395068439,-0.0056532630446431,0.0217458839818924,1.006038369208076,1.0162378308996858,1.0567080420560366,60.58339944738274,-0.0262698752598565,0.0363143341010905,0.0083544282495173,0.0183249504175719,0.0126127511467255,1.2618196096743042,50.0,0.9,0.52,0.58,0.54,0.56,0.8,0.44,0.56,0.04,0.0204053845812246,0.0019186667581442,0.0093171100952251,55.46016035814579,1.080375593545444,0.0291003524231419,-0.0124287738866673,14690.7001953125,-0.0104006990943323,0.0,0.02453080205437656,0.00967618701751263,0.8878787878787879,0.11212121212121212,0.005823910267921873,0.9333333333333333,0.9333333333333333
2021-03-31,14690.7001953125,-0.0104006990943323,0.0255359405449617,-0.0083733984500244,-0.0147379855820238,-0.0047996050761893,0.9959946200723924,1.005444752533221,1.045242058135095,57.0674062234467,-0.0363973492863655,0.0255359405449617,-0.0022397963553576,0.0183884563753723,0.0123561777025911,0.989178527640066,50.0,0.52,0.4,0.46,0.5,0.56,0.78,0.48,0.18,0.1,8.946507957408034e-05,-0.0060171720343409,-0.010895297116461,55.29864942835244,0.88798272454309,0.0284447746838172,-0.0060956920402716,14867.349609375,0.0120245741669184,1.0,-0.002130741949723701,0.0031268617021640763,0.4625252525252525,0.5374747474747475,0.005623212045886811,0.4,0.6
2021-04-01,14867.349609375,0.0120245741669184,0.0248185265028551,0.0218530805540875,0.0099209856891167,-0.0034687079887502,1.0072064146981548,1.0168355816074393,1.0572025138280892,59.93249403832649,-0.0248104377454201,0.0378675735228852,0.0073311818960721,0.0185180493396391,0.0124221122358345,0.967096970487243,50.0,0.86,0.78,0.48,0.58,0.68,0.84,0.48,0.2,0.06,0.0141484020600444,0.0249383822788903,-0.0069608445857363,57.35475892308181,0.7707767598495114,0.0284104920552331,-0.0034921365969861,14637.7998046875,-0.015439860548026,0.0,0.017582293192555994,0.03868415820284566,0.917878787878788,0.08212121212121211,0.004678179129202196,1.0,1.0
2021-04-05,14637.7998046875,-0.015439860548026,-0.0139641908873812,0.0218430429203737,0.0054918959501417,-0.0398672285945214,0.9924440175779972,1.0010911929532476,1.0404562376936175,54.81346625501425,-0.0353876167667214,0.0218430429203737,-0.0019942635938152,0.0189311716263588,0.0117297395840108,1.111874611432872,50.0,0.26,0.72,0.42,0.46,0.56,0.66,0.54,0.22,0.24,-0.0136372033486084,0.0309879466054356,-0.032266373780613,53.52619232655929,0.9297405880950704,0.0294554444454839,0.0076008548139083,14683.5,0.0031220672452334,1.0,-0.008906587575025176,0.048620236270963096,0.3188888888888889,0.6811111111111111,0.005607306896685838,0.26666666666666666,0.7333333333333333
2021-04-06,14683.5,0.0031220672452334,-0.0004901192738789,0.01214562307836,-0.0041033640803038,-0.0263415281070238,0.995965306041971,1.0040506376756164,1.043250931663053,55.62607004078153,-0.0323760320406821,0.0250333056144451,0.006776988115436,0.0183986799672494,0.0115896602019228,1.043617640277976,50.0,0.62,0.72,0.44,0.52,0.58,0.78,0.5,0.14,0.06,0.0039938417054738,0.0164455257669959,-0.023292322769393,54.886052125680976,0.8008085079351157,0.02847962818526,0.0030492053376307,14819.0498046875,0.0092314369658119,1.0,0.014589750472297202,0.04638170207835367,0.5963636363636363,0.4036363636363637,0.005219893212383036,0.7333333333333333,0.7333333333333333
2021-04-07,14819.0498046875,0.0092314369658119,-0.0032487165471001,-0.0017547746645666,0.005608521204071,-0.0079695414946079,1.0046658236240946,1.012790454910518,1.0523279172484066,58.03656573545855,-0.0234434723738569,0.0344958359630827,0.0022440286929206,0.0185629755016498,0.0116479964003358,0.0,50.0,0.88,0.62,0.5,0.54,0.6,0.88,0.52,0.26,0.04,0.0070124473031568,0.0082193033482648,0.0043686338190945,56.97144347601217,0.7717800686581422,0.0285032865186487,0.0123381753137025,14873.7998046875,0.0036945688638336,1.0,0.004744270884042063,0.026135294704488644,0.74,0.26,0.004691242781240208,0.8,0.8
2021-04-08,14873.7998046875,0.0036945688638336,0.0161226415956601,0.0124636407346616,0.0039858792546279,-0.0055094468881758,1.007573718265164,1.0158736630372205,1.0556253391961148,59.00523774232955,-0.0198355170331157,0.0383178520683975,0.0038194477165194,0.0180365083666105,0.0116785462586919,1.1461904973950217,50.0,0.62,0.68,0.48,0.56,0.6,0.84,0.52,0.26,0.04,0.0024356018241122,0.0130854167359889,-0.0019810017978701,56.55120848670255,0.8177584631756575,0.0281387029919744,0.0035284450903057,14834.849609375,-0.0026187118170183,0.0,0.010610553094322796,0.0396509910504211,0.7137373737373738,0.2862626262626263,0.00562177857648535,0.7333333333333333,0.7333333333333333
2021-04-09,14834.849609375,-0.0026187118170183,0.0103074613937412,-0.0021859982346488,0.0196193115239258,-0.0174555432649438,1.0044630588692418,1.012688635907578,1.052307468271214,57.97983865127655,-0.0224022853472827,0.0355987968393649,0.0005950453854239,0.0168136858978657,0.011460135589328,1.1441735893594809,50.0,0.46,0.48,0.52,0.56,0.56,0.8,0.52,0.22,0.16,-0.0030081620120682,-0.0041038466254733,0.0127601631409637,58.20165277664714,0.83323946703793,0.0271176221547184,0.0302157064059075,14310.7998046875,-0.0353255893040076,0.0,-0.0018608810865726442,0.0194700925889134,0.46929292929292926,0.5307070707070707,0.006383973625650978,0.4,0.6
2021-04-12,14310.7998046875,-0.0353255893040076,-0.0342970707770502,-0.0223394228889018,-0.0009843409415069,-0.0569365007196411,0.9718509524089024,0.9778000168342766,1.014981242902576,46.31729765132757,-0.0479111687063924,0.0,-0.0128211086568617,0.0181680873214303,0.013707564809934,1.4357638122156955,50.0,0.08,0.32,0.34,0.34,0.44,0.62,0.5,0.08,0.54,-0.0386769629686815,-0.0264763724885365,-0.0556667963968432,48.01298202836842,1.0940966782773252,0.0290414819247739,0.0012697043227979,14504.7998046875,0.0135561955060299,1.0,-0.04136001564904982,-0.01430359835467328,0.06333333333333332,0.9366666666666668,0.008766982604063289,0.06666666666666667,0.9333333333333333
2021-04-13,14504.7998046875,0.0135561955060299,-0.0248087243909057,-0.0121701362285898,-0.0001723270376746,-0.0350044663702686,0.9864323422957008,0.9914030233535388,1.0284464166974077,50.30262059505369,-0.0284470474773099,0.0135561955060299,0.0037804026802037,0.0183581952960556,0.0140827137818594,1.3198678169067848,50.0,0.74,0.42,0.42,0.42,0.48,0.7,0.58,0.32,0.18,0.0199144373594467,-0.0085956339191544,-0.0137617344157005,50.4325609339332,1.0095500198805285,0.0301738763024613,0.0212427319545681,14581.4501953125,0.0052844845607746,1.0,0.012431860473174903,-0.016199362996532594,0.7100000000000001,0.29,0.007035096046610951,0.6666666666666666,0.6666666666666666
2021-04-15,14581.4501953125,0.0052844845607746,-0.0170813604947072,-0.0160333902987385,-0.0177600299762219,-0.0233128908997287,0.9924348111638304,0.996773335668533,1.0335327944842154,51.824406472646494,-0.0220650614629617,0.0189123175726593,0.0012134318414938,0.018618064217189,0.0141120047371153,1.22551134892552,50.0,0.56,0.28,0.42,0.42,0.52,0.72,0.56,0.36,0.24,0.0024455685451996,-0.0157962726506721,-0.0130290431305376,51.11752977981145,1.0416027581102485,0.0302907491133504,0.0102838477691911,14617.849609375,0.0024962821650071,1.0,0.004356852586840527,-0.017024934928835965,0.6985858585858585,0.3014141414141414,0.007258776035110603,0.8,0.8
2021-04-16,14617.849609375,0.0024962821650071,0.0214558102187221,-0.0172081242637027,-0.0049589594075811,-0.0196238599173542,0.9953945284674552,0.9992905009301264,1.035740610066572,52.56719228079033,-0.0172081242637027,0.0214558102187221,0.0012446919764081,0.0178824790959209,0.0141344888790473,1.1723724699645566,50.0,0.72,0.32,0.48,0.54,0.58,0.74,0.56,0.22,0.06,0.0070540620534529,-0.0175397660893152,-0.0095611084747542,53.6026643296392,0.8484466431294169,0.0302194641309607,0.0100627514426,14359.4501953125,-0.0176769785548196,0.0,0.009463185972236117,-0.018157220258383577,0.7858585858585858,0.21414141414141413,0.0077587259562069315,0.8666666666666667,0.8666666666666667
2021-04-19,14359.4501953125,-0.0176769785548196,-0.0100207938980327,-0.0320461229187026,-0.0341620683852238,-0.0245800040876676,0.9798707845210664,0.9823338814181204,1.0172554013448694,47.02425159743434,-0.0345809151749442,0.0033995577667897,-0.0212924614986039,0.0187775666377621,0.014395283008861,0.9891011593895104,50.0,0.1,0.14,0.4,0.3,0.46,0.66,0.58,0.08,0.26,-0.0229915543386079,-0.0368285683960656,-0.0163848523412633,49.346878520189534,0.9204471400913086,0.0313436908957264,0.0081951517464043,14296.400390625,-0.004390823034999,0.0,-0.023047667257146832,-0.038975218952489225,0.07333333333333333,0.9266666666666666,0.004732465619662367,0.06666666666666667,0.9333333333333333
2021-04-20,14296.400390625,-0.004390823034999,-0.0195487966470669,-0.0010061921247604,-0.0233231372622798,-0.0179593295552134,0.977843615552584,0.9788643457871692,1.0126599500242437,45.75644039259738,-0.0388198995310217,0.0,0.0116473818791891,0.0192183633964898,0.0142281677335463,0.9089759920654212,50.0,0.4,0.58,0.46,0.34,0.4,0.64,0.52,0.22,0.14,-0.001375737722154,0.0059871529978693,-0.0166189859884681,47.26664335870781,0.928033842978631,0.0327980922622241,0.0013403435667452,14406.150390625,0.0076767575754221,1.0,-0.00043424471522662177,0.002123999177310544,0.42919191919191924,0.5374747474747475,0.0067005061795680524,0.5333333333333333,0.5333333333333333
2021-04-22,14406.150390625,0.0076767575754221,-0.0144822408498599,-0.0068011565406521,-0.0188885217676303,-0.0229143793661829,0.9867269763202294,0.9869060184943236,1.0202264601377753,48.366038373747806,-0.0314411529134014,0.0076767575754221,-0.0054034580656161,0.0185976988956171,0.0140154575571612,1.060923201375196,50.0,0.56,0.38,0.46,0.28,0.34,0.64,0.54,0.34,0.18,0.0009250528187578,-0.0129524937613292,-0.0170870547152237,47.620182117167865,1.0054795197612283,0.032367630469159,0.0058273246509591,14341.349609375,-0.0044981330537942,0.0,0.00013882048478150026,-0.009757616150860902,0.4912121212121212,0.5087878787878787,0.007157772052117432,0.5333333333333333,0.5333333333333333
2021-04-23,14341.349609375,-0.0044981330537942,-0.0012605347482878,-0.0164661664458234,-0.0322355482712121,-0.026807820823145,0.9839482760028182,0.983142770367964,1.0154793417791057,46.93041597279457,-0.0357978594780263,0.003144093444632,-0.0055393550036747,0.018746484516151,0.0140355260269306,1.003364019096348,50.0,0.32,0.34,0.38,0.28,0.34,0.62,0.5,0.16,0.18,-0.0035651418804834,-0.0132376190908807,-0.0252965222248173,46.54712920849565,0.9074949731459748,0.0328100137446893,0.0015112985983277,14485.0,0.0100165182871698,1.0,-0.0051001816775450735,-0.01923394881419538,0.27080808080808083,0.7291919191919192,0.004762088310943353,0.26666666666666666,0.7333333333333333
2021-04-26,14485.0,0.0100165182871698,0.0131921046012866,-0.0090881773260137,-0.0261399111049598,-0.0222582223797228,0.9943907960493208,0.9932634709248768,1.0253891960903163,50.44216362281339,-0.0261399111049598,0.0131921046012866,0.0075376857047564,0.018677197239139,0.0141899876704465,0.913890038457268,50.0,0.74,0.3,0.34,0.36,0.36,0.64,0.52,0.24,0.12,0.0087748817725202,-0.014718761089866,-0.0175133758368915,48.54128979993239,0.8401657730326957,0.0328312063699794,0.0047448465428313,14653.0498046875,0.011601643402658,1.0,0.008827765141437774,-0.019770532554904192,0.7883838383838384,0.19494949494949498,0.008059437817515813,0.8666666666666667,0.8666666666666667
2021-04-27,14653.0498046875,0.011601643402658,0.0171384726223025,0.0204464380865252,-0.0122549139003478,0.007123964650068,1.0053598269812452,1.004598372392299,1.0369007068041929,54.25572102369185,-0.0148415336295187,0.0249467980972593,0.0006075115421124,0.0173654702874935,0.01387293631653,0.9124968442312548,50.0,0.82,0.7,0.52,0.48,0.46,0.64,0.44,0.12,0.1,0.0079208821699672,0.0146834441245693,0.00215056232376,50.67123255491917,0.7608267361288326,0.0310592630210152,-0.0049734023263079,14864.5498046875,0.014433855260107,1.0,0.012405951364136731,0.015949455912652892,0.8902020202020202,0.1097979797979798,0.005605880757946576,1.0,1.0
2021-04-28,14864.5498046875,0.014433855260107,0.0364819357705694,0.0397407318303053,0.0386945528941449,0.037672123320011,1.0179446048974208,1.0183359022486669,1.0513246019832865,58.57613724007653,-0.0006218989176581,0.0397407318303053,0.0039206988359599,0.0172721601675201,0.0136799096819738,0.9371763716714344,50.0,0.72,0.72,0.78,0.66,0.66,0.72,0.42,0.3,0.12,0.0069623091204789,0.0269090777365846,0.0219515325664502,54.10351544904792,0.8695807711771687,0.0309248639895833,-0.0157205907535608,14894.900390625,0.0020418099664161,1.0,0.008445834163432153,0.024935412860560693,0.6772727272727272,0.3227272727272728,0.005237254711726991,0.6666666666666666,0.6666666666666666
2021-04-29,14894.900390625,0.0020418099664161,0.0282982665257163,0.0339264818669435,0.0268945860122407,0.0267176243102289,1.018081615906982,1.0195988657630366,1.0529110038268523,59.17205687267311,0.0,0.0418636848190452,0.0076995399669896,0.0172367220377045,0.0134428031559027,1.0572876230948391,50.0,0.44,0.78,0.64,0.56,0.66,0.7,0.4,0.24,0.14,-0.0012991786428609,0.0213457265751465,0.015439153323007,54.20434475444719,0.8960480089663897,0.0311649767764444,-0.0112784709872219,14631.099609375,-0.0177108120451774,0.0,0.0029276367690080885,0.02785973438589977,0.4108080808080808,0.5891919191919192,0.005885146196515872,0.4666666666666667,0.5333333333333333
2021-04-30,14631.099609375,-0.0177108120451774,-0.0014979949979749,0.0202038167879674,0.0034049709320722,-0.0144155314299713,1.0000457479444134,1.001480423335664,1.0339106076014035,52.149704299555786,-0.0177108120451774,0.023411432920519,-0.0099061274248514,0.0181728808503458,0.0130508807977832,1.251758660767082,50.0,0.24,0.68,0.38,0.5,0.52,0.64,0.44,0.18,0.26,-0.0116837012970107,0.0194794969024644,-0.0176831363018477,50.04455196596862,0.9686394096349328,0.0325442630730744,-0.0032676048718764,14634.150390625,0.0002085134632017,1.0,-0.008702967250096828,0.024085658245318074,0.18383838383838386,0.8161616161616162,0.0076122756432482315,0.2,0.8
2021-05-03,14634.150390625,0.0002085134632017,-0.0154999254662824,0.0102968857870211,0.0011151285370691,-0.0038493607476615,1.000230049095108,1.0016228930575788,1.033775158953103,52.22032448196756,-0.0175059915247314,0.0236248279826776,-0.0102555384553156,0.0187782340852635,0.0128474687951244,0.9167211239993464,50.0,0.6,0.68,0.42,0.54,0.5,0.64,0.42,0.16,0.16,0.0021861878594309,0.0110399411262626,-0.0186510404923205,52.22927074453349,0.8181287996676333,0.0321390934586014,-0.014801679744659,14496.5,-0.0094061074234402,0.0,0.007652923430440824,0.022793181692618812,0.726969696969697,0.27303030303030307,0.004998475254100258,0.7333333333333333,0.7333333333333333
2021-05-04,14496.5,-0.0094061074234402,-0.0267474357113363,-0.0106837693704842,0.0095442236870766,-0.0249438951204289,0.9916886290990676,0.9925050511264222,1.0238063444907504,48.72605403954095,-0.0267474357113363,0.0139965028893718,0.0036284723033197,0.0173588698749944,0.0126743481514601,1.0219244823386116,50.0,0.26,0.46,0.36,0.54,0.5,0.62,0.46,0.2,0.18,-0.0063729387490201,-0.0055940178695353,-0.0317046487091959,51.03438072681968,0.8711489447026451,0.0310148254413987,-0.006760753588767,14617.849609375,0.0083709591539336,1.0,-0.006968313164324217,0.003209164760956118,0.2597979797979798,0.7402020202020202,0.005186565318426584,0.2,0.8
2021-05-05,14617.849609375,0.0083709591539336,-0.0009056052076571,-0.0165965467204868,0.0224846261972904,-0.0013629230880799,0.9999909651355432,1.0007813524941682,1.032044107329629,51.78879689714007,-0.0186003782492146,0.0224846261972904,0.0074259573431518,0.016664559727414,0.0123797741096293,0.9305790859545632,50.0,0.88,0.46,0.48,0.54,0.54,0.64,0.48,0.16,0.04,0.0086939530383546,-0.0064437483523358,-0.0061027403628907,52.50801349789138,0.6985761985829173,0.0297928398627335,-0.0047398172748107,14724.7998046875,0.0073164109749706,1.0,0.007300375342204601,0.0020270176805089195,0.8278787878787879,0.15878787878787878,0.004045538662150892,0.8666666666666667,0.8666666666666667
2021-05-06,14724.7998046875,0.0073164109749706,0.0061943749136657,-0.0114200552858052,0.0221189842825648,0.0028126675988353,1.0066067778380612,1.0077832232490116,1.0391855480873902,54.37546173462697,-0.0114200552858052,0.0299655439381389,0.0034546805001751,0.0160004657624565,0.0124705442422152,0.9556007231352202,50.0,0.66,0.48,0.48,0.6,0.58,0.7,0.48,0.14,0.12,0.0047130464987964,-0.00060991073399,-0.005039590498973,51.78461294206053,0.7713975982743072,0.0284887612663508,-0.0078522580978083,14823.150390625,0.0066792477481554,1.0,0.005132021862816379,0.004034975874235057,0.6036363636363636,0.39636363636363636,0.005493792333510851,0.6666666666666666,0.6666666666666666
2021-05-07,14823.150390625,0.0066792477481554,0.0225330521591418,0.0131262028403484,0.0335952190256239,0.0002767104498293,1.0120453234248667,1.01393732962858,1.0456466049723816,56.67736519012829,-0.0048170849162012,0.0368449389781655,0.0062513450714756,0.0158921344058467,0.0123861983086369,0.9495364199752888,50.0,0.76,0.8,0.46,0.66,0.62,0.74,0.46,0.28,0.04,0.0028663551704425,0.0195722530456544,-0.0051471439483214,53.76190125471063,0.6981667908675135,0.028044232646722,-0.0054238543981507,14942.349609375,0.0080414227481215,1.0,0.009010988533906587,0.02211906087911085,0.7884848484848486,0.21151515151515152,0.006450249876163764,0.7333333333333333,0.7333333333333333
2021-05-10,14942.349609375,0.0080414227481215,0.0221988875704319,0.0210602741206924,0.0315740151449774,0.0046087620909014,1.0182263238363942,1.02120615030633,1.0534884603732697,59.3539910628178,0.0,0.0451826474567393,0.0070902343027883,0.0144139778961854,0.0124905214732035,1.0149816739419983,50.0,0.8,0.82,0.56,0.78,0.7,0.78,0.54,0.34,0.06,0.0093615428269058,0.0248485174031173,0.0113697044981186,57.52978375417757,0.8441802821133456,0.0267518625690202,0.0067609424072172,14850.75,-0.0061302011912188,0.0,0.01675526300380626,0.03149418813785249,0.7961616161616162,0.20383838383838385,0.006734145723298919,0.8666666666666667,0.8666666666666667
2021-05-11,14850.75,-0.0061302011912188,0.0085536100309089,0.0244369330528058,0.0134920851254634,0.0010718268835669,1.010830659186967,1.0143514238207103,1.046540621009173,56.46682935964286,-0.0061302011912188,0.0387754675462586,-0.0102158909444017,0.0137876662599411,0.0125582757991923,1.2415142101024048,50.0,0.44,0.86,0.5,0.66,0.66,0.72,0.5,0.26,0.02,-0.0040366592213512,0.0240203238987916,-0.0006397204632901,55.17912887449509,0.7708846349800969,0.0274086048602313,-0.0017115473468571,14696.5,-0.0103866808073666,0.0,0.0009232795783275895,0.039836150858207624,0.4021212121212121,0.5978787878787879,0.006664734948835545,0.3333333333333333,0.6666666666666666
2021-05-12,14696.5,-0.0103866808073666,-0.0085440940210052,0.0053804350658086,-0.0113054082966244,0.0269516868781969,1.000299904427964,1.0036654963858151,1.035303076757607,51.88945410339357,-0.0164532095555274,0.0279860383343326,-0.0018315704804471,0.0135809827473499,0.0097843486861224,1.2353686149595118,50.0,0.24,0.6,0.68,0.54,0.52,0.68,0.52,0.12,0.16,-0.009205812525633,0.0086838320357989,0.0376941160224404,53.404352871134165,0.750115513336957,0.0272693027561565,0.0107424291442435,14677.7998046875,-0.0012724250884564,0.0,-0.006644743197821207,0.025195392051663677,0.3527272727272727,0.6472727272727272,0.0049622391864249105,0.3333333333333333,0.6666666666666666
2021-05-14,14677.7998046875,-0.0012724250884564,-0.0177046991673597,-0.0031918939899636,-0.0145754976699371,0.0119270863665481,0.9991196735235688,1.0022945292866927,1.0336361900375393,51.34603403524852,-0.0177046991673597,0.0266780031085731,0.003599523058211,0.0134518029759947,0.0093656853255239,1.1892627222562846,50.0,0.32,0.46,0.62,0.56,0.62,0.7,0.56,0.16,0.18,-0.008513442127162,-0.0042260127089919,0.0258617002273733,54.93104640580645,0.8000432797202878,0.027643586193468,0.0139346138608251,14923.150390625,0.0167157604819725,1.0,0.005114447282344629,0.025412352663926312,0.42818181818181816,0.5718181818181819,0.007695783928508809,0.3333333333333333,0.6666666666666666
2021-05-17,14923.150390625,0.0167157604819725,0.004875200957864,0.0067462042389616,0.019960959124553,0.0234338965422209,1.014292448632533,1.0182879776781957,1.050382071999202,57.61749637907262,-0.0012848861960741,0.0438397067006459,0.0053448198201644,0.0134414839000952,0.0099922324656004,1.0490745718454804,50.0,0.8,0.54,0.68,0.72,0.66,0.76,0.54,0.22,0.08,0.0103045325396641,0.0028599600601026,0.0313975408520732,54.71947834624174,0.7895897501118849,0.0271567925028625,0.0079636443098523,15108.099609375,0.012393443335275,1.0,0.008974083357679264,0.025853073688005913,0.7501010101010102,0.2498989898989899,0.005070134074042079,0.7333333333333333,0.7333333333333333
2021-05-18,15108.099609375,0.012393443335275,0.0280066416748885,0.0110926329749376,0.0323865209868023,0.0335377646576404,1.024242619410331,1.029660040393507,1.0627295050922754,61.63231770374408,0.0,0.0567764749567505,0.0096527744421843,0.0134253881195356,0.0102998183576314,1.1203530484002495,50.0,0.8,0.6,0.66,0.8,0.78,0.82,0.54,0.34,0.06,0.0105335591294165,0.0148189069431678,0.0478321100899659,58.98861240515728,0.8735023956475008,0.0274118807150373,0.0142943454323254,15030.150390625,-0.0051594324081388,0.0,0.013180193443878692,0.021796279232920254,0.7517171717171718,0.2482828282828283,0.005790151692348491,0.8,0.8
2021-05-19,15030.150390625,-0.0051594324081388,0.0240056814117994,0.0120802242731847,0.0368123609578174,0.0467079300523249,1.0171216609261948,1.023370457714579,1.0566445422363762,59.0916398291384,-0.0051594324081388,0.0513241081636999,-0.0032763882473533,0.0129596650215297,0.0094014520262861,1.0860376134270966,50.0,0.42,0.6,0.78,0.82,0.74,0.82,0.56,0.2,0.12,-0.0020238406266146,0.0083518108243622,0.0576847986930099,57.523097534174525,0.779343400621992,0.0269743771720375,0.0109768686406849,14906.0498046875,-0.0082567760609306,0.0,-0.0022811856235294995,0.018576227207784284,0.35818181818181816,0.641818181818182,0.005687331176945949,0.4,0.6
2021-05-20,14906.0498046875,-0.0082567760609306,-0.0011459099111031,0.0142584836313068,0.0197156355424306,0.0426435604351347,1.0078861522772022,1.0143272076363417,1.0474206373637427,55.19082998819504,-0.013373608191074,0.0393756662164732,0.0008282830461738,0.0128519246266831,0.0095847995376738,0.9154500057179888,50.0,0.24,0.64,0.76,0.7,0.7,0.76,0.56,0.1,0.14,-0.0075269584404208,0.0117622341769544,0.061480504382757,55.65632366164013,0.7272538625809923,0.0266846231247927,0.0188369439476223,15175.2998046875,0.0180631356749747,1.0,-0.008983789110383274,0.01594192103456183,0.2509090909090909,0.7490909090909091,0.006722803582362122,0.13333333333333333,0.8666666666666667
2021-05-21,15175.2998046875,0.0180631356749747,0.0044479581846812,0.0338947258185875,0.0305946434569921,0.0533903501773127,1.0235482934991085,1.0313286673487343,1.0656369084634494,61.17861652047053,0.0,0.0581500498926086,0.0054843503859951,0.0125803586580044,0.0101647611348256,1.086942086040886,50.0,0.9,0.8,0.86,0.84,0.82,0.82,0.54,0.2,0.04,0.0081093399896695,0.0237871807595944,0.0575457742890942,58.57857529653352,0.7191486027404362,0.0255094346450844,0.0041554241117814,15197.7001953125,0.0014761086049899,1.0,0.009444518700612274,0.020310417430837207,0.9033333333333334,0.09666666666666666,0.0036393800945491816,1.0,1.0
2021-05-24,15197.7001953125,0.0014761086049899,0.0111475800529585,0.0183975767516206,0.0252678948008506,0.0597119942866255,1.0226185938523813,1.0315221359670992,1.066496679003139,61.63790577028904,0.0,0.0492026368872973,0.0023755579890663,0.0118718629550635,0.0100304418619129,1.0915731606295656,50.0,0.52,0.72,0.86,0.82,0.8,0.82,0.54,0.2,0.08,0.0003838578458141,0.013002173630004,0.0701089157798947,57.191786096559454,0.7755560955791356,0.0250478430695184,0.0103969214932692,15208.4501953125,0.0007073438653115,1.0,0.000147007200100305,0.01137078760658287,0.4614141414141414,0.5385858585858585,0.005461411457893348,0.5333333333333333,0.5333333333333333
2021-05-25,15208.4501953125,0.0007073438653115,0.0202870911198689,0.0066421713208211,0.0178084834643772,0.0499447839359683,1.021072051190886,1.0309478591643089,1.0665373696580345,61.87104093080543,0.0,0.0491118680586692,0.0061884234771591,0.0112460929506128,0.0099005055273776,0.8320768940821711,50.0,0.76,0.6,0.86,0.82,0.82,0.86,0.5,0.22,0.06,0.004894838808956,0.0079922821763668,0.050519733527056,58.59913532226168,0.7998107866578215,0.0240682129788763,0.0005749495910877,15301.4501953125,0.0061150215048646,1.0,0.008535528767892271,0.006707042797254648,0.7680808080808081,0.2319191919191919,0.003791223300057818,0.8,0.8
2021-05-26,15301.4501953125,0.0061150215048646,0.0083128763351372,0.0180503719281959,0.0303486487424877,0.0442502004202276,1.02465028358652,1.0357390497236774,1.072279766365701,63.91419463466501,0.0,0.0555272096928569,0.0031955661984532,0.011100949806208,0.0097087964370159,0.7283625120919558,50.0,0.66,0.68,0.84,0.8,0.86,0.86,0.56,0.16,0.02,0.003610446855356,0.014384298053916,0.046366641445085,58.5869200801979,0.6977240575158441,0.0234943840417206,0.0021164410248574,15337.849609375,0.0023788211965458,1.0,0.002562673799229297,0.011763194349454466,0.6184848484848485,0.38151515151515153,0.00462135318796561,0.6,0.6
2021-05-27,15337.849609375,0.0023788211965458,0.0092217514664307,0.0289680908319327,0.0436396155121967,0.0318408435442993,1.024444895736988,1.036649828238946,1.074030823786144,64.71123205838147,0.0,0.058038120192805,0.0014704488602585,0.0109798323486084,0.0092745902121151,0.0,50.0,0.58,0.78,0.82,0.86,0.9,0.88,0.68,0.44,0.24,0.0036848909393915,0.0264023782254356,0.0501832997837521,59.7629669415618,1.2945306597135828,0.0239803466481706,0.0183424562394527,15435.650390625,0.006376433707514,1.0,0.00287389270257122,0.02377653444544332,0.6046464646464645,0.3953535353535354,0.0053817911624490945,0.7333333333333333,0.7333333333333333
2021-05-28,15435.650390625,0.006376433707514,0.014939076131671,0.0171562070791564,0.0516324378327788,0.0363043716855169,1.027944548835043,1.0414930964908256,1.080010151169026,66.83108709751414,0.0,0.0647846301262373,0.0054343071591047,0.0108804199736843,0.0093356748926905,0.932674490426189,50.0,0.54,0.7,0.84,0.88,0.88,0.88,0.58,0.22,0.06,0.0001584936847152,0.0095715822049026,0.0440274246398154,58.75533218498414,0.7667130484724503,0.0245998447082125,0.0077230529542985,15582.7998046875,0.0095330880357249,1.0,0.0011715987114899477,0.015209135799164993,0.4580808080808081,0.5419191919191919,0.006885710674709034,0.4666666666666667,0.5333333333333333
2021-05-31,15582.7998046875,0.0095330880357249,0.0183871205528733,0.0253393345325878,0.0442030936361068,0.0650463889059089,1.0340270487317398,1.0493057759564246,1.0893271495959729,69.77322100441943,0.0,0.0749353157443175,0.0001360233823561,0.0111837990943916,0.0082606927650512,0.8843903082181361,50.0,0.74,0.84,0.88,0.88,0.9,0.92,0.52,0.18,0.08,0.0054477686878959,0.019890934487287,0.0675712052264291,60.7089621394278,0.7489836698537629,0.0236075371887988,0.0025248163205201,15574.849609375,-0.0005101904286871,0.0,0.0071991169100561435,0.022362377988739232,0.7362626262626263,0.25262626262626264,0.005403240781622434,0.7333333333333333,0.7333333333333333
2021-06-01,15574.849609375,-0.0005101904286871,0.0154519705197224,0.0240918311436777,0.0308940245343873,0.0642810954951396,1.0302126782585466,1.046768416624492,1.0878105251386798,69.41496928999119,-0.0005101904286871,0.0743868940347669,0.003006557648479,0.0110129456399352,0.0082758863212533,0.834164918640409,50.0,0.46,0.82,0.88,0.84,0.92,0.92,0.52,0.16,0.06,-0.0008265726335939,0.0148515823660447,0.0662975071516733,60.09765134178628,0.6858263128115261,0.0227816288083648,0.0020164116565337,15576.2001953125,8.67158252806366e-05,1.0,0.00038839615242549687,0.01404977196138823,0.4609090909090908,0.5390909090909091,0.004508858025644293,0.5333333333333333,0.5333333333333333
2021-06-02,15576.2001953125,8.67158252806366e-05,0.0091055317483002,0.0179558144158236,0.0363302954724988,0.0744800603809541,1.0273372152696318,1.0449389922195744,1.0869541237329794,69.44367245388062,-0.0004235188449905,0.0655602986449437,-0.0034992312200045,0.0107210284248206,0.007774772643202,0.879558373863613,50.0,0.56,0.76,0.94,0.94,0.92,0.92,0.44,0.08,0.16,0.0026992069772959,0.00959170489903,0.0687140067232923,59.01322175599639,0.772466966721534,0.0220886728667312,-0.0057660536576618,15690.349609375,0.0073284506253876,1.0,0.004305537378097907,0.01593402001771128,0.516969696969697,0.48303030303030303,0.003841829915568947,0.6,0.6
2021-06-03,15690.349609375,0.0073284506253876,0.0069018280434525,0.0229823612160429,0.0526162071752143,0.0733692046819365,1.0314410311856277,1.050430139216161,1.0938866639282014,71.84837041821795,0.0,0.0689851216232102,0.0050942854085092,0.0105116924104548,0.0077447291534903,0.8457644766548799,50.0,0.72,0.72,0.92,0.94,0.92,0.92,0.48,0.18,0.02,0.0045376783284605,0.0173612622688007,0.0714786656146729,60.37597519837034,0.6928034907413079,0.0216714100844766,-0.0018905390672635,15670.25,-0.0012810173052479,0.0,0.011465776814744243,0.024711157472311594,0.7934343434343434,0.20656565656565656,0.004512538661338944,0.8666666666666667,0.8666666666666667
2021-06-04,15670.25,-0.0012810173052479,0.0061252848674426,0.0151985568108932,0.0326155134780015,0.0642080169410197,1.027173243249085,1.0470690345005926,1.091480938120463,70.79193782019527,-0.0012810173052479,0.0676157331833584,0.0014117206548263,0.0098462263997748,0.0077646941329037,0.8587570621468926,50.0,0.5,0.8,0.92,0.9,0.9,0.92,0.46,0.16,0.06,0.0001370215805063,0.0176217724654119,0.054121050280994,60.744370041377,0.744043861922475,0.0208550420034253,-0.0100869666600257,15751.650390625,0.0051945814919991,1.0,0.0025556559418007437,0.026065282448436363,0.4708080808080808,0.5291919191919193,0.005380678533367745,0.5333333333333333,0.5333333333333333
2021-06-07,15751.650390625,0.0051945814919991,0.0112639920591994,0.0108357027013019,0.0364496067295339,0.0626385063587586,1.029322101232097,1.0503453098302338,1.096091162105509,72.55211852546918,0.0,0.0731615501115197,0.0035002383098545,0.0092924511966973,0.0077361707962562,0.8249149437320074,50.0,0.66,0.8,0.86,0.94,0.96,0.94,0.46,0.16,0.06,0.0048285117128044,0.0133767685976301,0.0556114584627034,62.92908364381727,0.6646924229209547,0.0203465324964475,-0.0070270478960552,15740.099609375,-0.0007333060957773,0.0,0.01259417028603866,0.03187417721951905,0.7920202020202021,0.207979797979798,0.00505588007941747,0.8,0.8
2021-06-08,15740.099609375,-0.0007333060957773,0.0031707387813892,0.0106100542955183,0.0349575010757088,0.0533885246199488,1.0257764685852315,1.0475385435428894,1.0942498970619643,71.89006524338097,-0.0007333060957773,0.072374594205069,0.0014125503961948,0.009182412477713,0.0076880997240236,0.8039367819146109,50.0,0.54,0.76,0.82,0.98,1.0,0.96,0.54,0.16,0.1,0.0020459902776192,0.0179591026049485,0.0566597573359027,63.15705427450561,0.7388779699057788,0.020414244483647,0.0032712327159539,15635.349609375,-0.0066549769442125,0.0,0.0025151871222767533,0.03380833754120546,0.5143434343434344,0.4856565656565657,0.0035548760516298304,0.5333333333333333,0.5333333333333333
2021-06-09,15635.349609375,-0.0066549769442125,-0.0022271751009077,0.00379742256268,0.0218214227932975,0.0528323222312003,1.0171143055446483,1.0389144203458918,1.0860278948332884,66.00754064231484,-0.0073834029048295,0.065237966005075,0.0016645507946402,0.0094661851927258,0.0077204056768661,0.993361679972232,50.0,0.24,0.62,0.84,0.86,1.0,0.96,0.42,0.12,0.1,-0.0088912977009135,0.0135197410774585,0.0477508783956441,62.801920103065285,0.8178652969337559,0.0206259313806929,-0.0050814438355561,15737.75,0.006549286916079,1.0,-0.0056168775339988045,0.023560287251591573,0.3060606060606061,0.693939393939394,0.0038531895550276015,0.2,0.8
2021-06-10,15737.75,0.006549286916079,-0.0008824720127913,0.0030209900865865,0.0260727807880296,0.0708502024291497,1.021462729441644,1.0438470711498198,1.092128448862615,68.70355469724342,-0.0008824720127913,0.0722145150783426,0.0036295958464511,0.0086418679593765,0.0071262930979999,0.6723238333502373,50.0,0.7,0.68,0.88,0.94,0.98,0.96,0.46,0.12,0.02,0.0043209906172485,0.010536681276262,0.0655586852116852,62.77080411076935,0.6473243027197967,0.0200672451174313,-0.0052915172174644,15799.349609375,0.0039141306333496,1.0,0.003226613359365139,0.01512719595075081,0.6717171717171717,0.32828282828282823,0.004073973379384773,0.7333333333333333,0.7333333333333333
2021-06-11,15799.349609375,0.0039141306333496,0.0037642709684448,0.00823851625692,0.0235622866251814,0.0764113027573329,1.0229802997750157,1.0459667018565184,1.0953524811365805,70.23300572984859,0.0,0.059928674356541,0.0037298975592128,0.0085494016772029,0.0070391392493941,0.8426183844011143,50.0,0.46,0.64,0.92,0.94,0.98,0.96,0.48,0.16,0.02,-0.0011975597191459,0.0066823919066894,0.0745501314398728,62.96094819536809,0.6515990638370884,0.0196425068695088,-0.0018611713174601,15811.849609375,0.0007911718082738,1.0,0.0018856740650932129,0.014486141468945916,0.4098989898989899,0.5901010101010101,0.005169049939978146,0.4666666666666667,0.5333333333333333
2021-06-14,15811.849609375,0.0007911718082738,0.0112885227647336,0.0038217721481317,0.0146988864362229,0.0595517163258165,1.021475315496119,1.044876820909444,1.095170572549489,70.54754781561348,0.0,0.0607672600424731,-0.0005031358218241,0.0089315944301703,0.0063585358800742,0.9285672082717872,50.0,0.5,0.58,0.92,0.84,0.92,0.9,0.58,0.08,0.08,-0.0001605755182839,0.0035348711201842,0.0672951582229184,62.46438170495949,0.6679860232492905,0.0201423696872184,0.0077434418971018,15869.25,0.0036302135450976,1.0,-0.004082135407260333,-0.00179333005490117,0.4831313131313131,0.5168686868686869,0.00393871114606783,0.6,0.6
2021-06-15,15869.25,0.0036302135450976,0.0083557052310527,0.008205182548405,0.0189022942762664,0.050380286753781,1.02273054393422,1.0466722417046084,1.0980630033856469,72.0101744843942,0.0,0.0646180717180753,0.0034847653689313,0.0087408496454846,0.0059605283694546,0.788353917994611,50.0,0.52,0.64,0.9,0.9,0.94,0.94,0.54,0.06,0.08,0.0013471292315486,0.0058436835088769,0.0536481625899346,62.02071456619627,0.6534673575905556,0.0198806821539186,0.0032678758361536,15767.5498046875,-0.0064086327528081,0.0,0.001676709536155888,-0.0026207871678893065,0.46848484848484845,0.5315151515151515,0.0031941225242204615,0.4666666666666667,0.5333333333333333
2021-06-16,15767.5498046875,-0.0064086327528081,-0.0020127287181891,0.0084552119789653,0.0122847425543866,0.0490613463536897,1.0146131323301049,1.0383371848612,1.0900386395546595,65.77741389196733,-0.0064086327528081,0.0577953254744314,-0.0013705751689588,0.0089159173429174,0.0060506307398792,0.8533801580333626,50.0,0.24,0.6,0.9,0.78,0.88,0.94,0.48,0.12,0.16,-0.0064105507416797,0.0070399288018232,0.0471658258333033,59.55943473492061,0.6985828118202317,0.0199390972506681,-0.0018955205203864,15691.400390625,-0.0048295020472909,0.0,-0.011248079050331683,-0.00800164257843786,0.17272727272727273,0.8272727272727273,0.0038928235890653947,0.06666666666666667,0.9333333333333333
2021-06-17,15691.400390625,-0.0048295020472909,-0.0076176552222317,-0.0029451229924861,6.696990673638048e-05,0.052686700784438,1.0087798813102806,1.0319739847727625,1.0838600323213456,61.486074977381406,-0.011207184295099,0.0340092513874474,-0.0075630013208868,0.0090538637599334,0.0057747241706268,0.9110479854273084,50.0,0.32,0.3,0.88,0.62,0.82,0.88,0.4,0.18,0.16,-0.0080287088501429,-0.0108247773434029,0.0469662271451434,54.733752032676975,0.7996944104554478,0.0199088448155839,-0.0057204736392946,15683.349609375,-0.0005130696464038,0.0,-0.01058869869698993,-0.020915023671779484,0.2732323232323232,0.7267676767676768,0.004572946050475107,0.26666666666666666,0.7333333333333333
2021-06-18,15683.349609375,-0.0005130696464038,-0.0117145038754193,-0.0073420743807813,0.0008359540769931,0.0334787326264598,1.0074695429132985,1.030174183865728,1.0824067352240057,61.03272362551887,-0.0117145038754193,0.0319554543004008,0.0041487443921126,0.0094148948235717,0.0045097721725084,1.6185496703796318,50.0,0.34,0.22,0.76,0.48,0.82,0.88,0.44,0.24,0.54,-0.0041940221582379,-0.0120339332084284,0.0233316321062825,52.436054334739865,1.3185867558822424,0.0202076407553239,-0.0101471005201773,15746.5,0.0040265882096546,1.0,-0.0020427531614344925,-0.02590294954750859,0.30969696969696975,0.6903030303030303,0.007550543251158544,0.26666666666666666,0.7333333333333333
2021-06-21,15746.5,0.0040265882096546,-0.0013350079719578,-0.0041329516147341,-0.000326974665973,0.0361107139655754,1.0104170386725904,1.0329319741772522,1.0858277086390238,63.31748053626109,-0.0077350851489516,0.0353783454446485,-0.0100424975482183,0.0099534546154814,0.0045403287220258,0.914186140261902,50.0,0.68,0.32,0.74,0.6,0.84,0.9,0.4,0.12,0.04,0.0045849459230645,-0.0087356525056901,0.022044899217295,53.73400084249241,0.6321671311496797,0.0203760207707634,-0.0140658147482803,15772.75,0.0016670371193598,1.0,0.00515060612680403,-0.017490387255361894,0.6806060606060605,0.31939393939393934,0.003643371932621189,0.7333333333333333,0.7333333333333333
2021-06-22,15772.75,0.0016670371193598,0.0051843434843203,-0.0060809427036564,0.0020743445997986,0.0371043595790863,1.0109363188484175,1.0332497476146725,1.086690210151556,64.2556584379316,-0.0060809427036564,0.0308009893619023,0.0059695805417077,0.0099896450591775,0.0045334053921733,0.8511874884421314,50.0,0.54,0.3,0.76,0.64,0.86,0.9,0.44,0.2,0.06,0.0025627269509362,-0.0099141575362629,0.0326310818135358,56.27226238447092,0.7779837022727125,0.0205859433387025,-0.0044732777655505,15686.9501953125,-0.0054397492312691,0.0,0.006991397738498508,-0.012585490588783417,0.6098989898989899,0.3901010101010101,0.005687195608535503,0.7333333333333333,0.7333333333333333
2021-06-23,15686.9501953125,-0.0054397492312691,0.0002295801615841,-0.0051117396408058,0.0033002514959152,0.0251936904724294,1.0049167157987893,1.0265169019385056,1.079910887910544,58.948741894079234,-0.0114876131315279,0.0227607255794266,0.0057092012925774,0.0103179439653632,0.0046924689846118,0.7693233967969387,50.0,0.34,0.32,0.72,0.54,0.84,0.9,0.46,0.12,0.1,-0.0041481734430693,-0.0106187922095192,0.0177309016238403,53.658864874669895,0.689978276584899,0.020855015045226,-0.007462788848589,15790.4501953125,0.0065978407983298,1.0,-0.0051730110303526535,-0.006400892046366635,0.32535353535353534,0.6746464646464646,0.00396849950005427,0.2,0.8
2021-06-24,15790.4501953125,0.0065978407983298,0.0027911088376781,0.0063123623272451,0.0033486486513318,0.0295087380215839,1.0104358059701446,1.0319425184540498,1.0860953773533626,62.92645725827586,-0.0049655657757927,0.0229857372840596,0.0032096493421676,0.0103552607992933,0.004838205641404,0.813010217179237,50.0,0.6,0.52,0.66,0.56,0.84,0.92,0.42,0.22,0.06,0.0025791178787714,0.000114670539192,0.0154924200640951,54.67408338273445,0.7293040015992899,0.0206653205003334,-0.0140163179574888,15860.349609375,0.0044266891189239,1.0,0.0038714692261859187,0.008508474437992027,0.5556565656565656,0.4443434343434343,0.0038825872147184295,0.6666666666666666,0.6666666666666666
2021-06-25,15860.349609375,0.0044266891189239,0.0055538577213865,0.0112858543875216,0.0038609184243763,0.0275141771161093,1.0134696905279108,1.0350286650149845,1.0899173435765837,65.36715116741546,-0.0005608576728578,0.0183308351066291,0.0030967713686222,0.0102884555317527,0.0047529529970888,0.8238513610831053,50.0,0.68,0.74,0.74,0.66,0.86,0.92,0.48,0.22,0.06,0.005601752668348,0.0161508654465678,0.0241502477309628,55.47109168214784,0.741254526849337,0.0206365702780161,-0.0033639293851465,15814.7001953125,-0.0028782098242977,0.0,0.002245316469348456,0.012792829188357625,0.5839393939393939,0.4160606060606061,0.00497854581531231,0.6,0.6
2021-06-28,15814.7001953125,-0.0028782098242977,0.0081437117100158,0.0043311336050868,0.0001802816247258,0.0148818180000773,1.0095381059181183,1.0307541336130848,1.0858427228917322,62.474485302567,-0.0034374532310915,0.0153998652926399,0.003467767190169,0.0104297140826087,0.0044301559442096,0.6842444074888686,50.0,0.42,0.66,0.64,0.72,0.84,0.92,0.54,0.06,0.04,-0.0010341242930709,0.0106293551790856,0.0167489802919948,56.5191119630092,0.6368201504552091,0.0201514339352642,0.0018671622919175,15748.4501953125,-0.0041891404314852,0.0,-0.000690611569456465,0.007227005418113186,0.4543434343434344,0.5456565656565656,0.004021459178732907,0.4666666666666667,0.5333333333333333
2021-06-29,15748.4501953125,-0.0041891404314852,-0.0026598355006032,-0.0015406194029259,-0.007612193688265,0.0111462126628179,1.0048009616528994,1.0253731430025357,1.0804200285818055,58.43307614584261,-0.007612193688265,0.0110585378872978,-0.0004552849705385,0.0099216112101308,0.0045596423081217,0.9728503732904916,50.0,0.3,0.6,0.6,0.62,0.78,0.9,0.54,0.16,0.22,-0.0055266093983776,0.0041459764609067,0.0169079713851736,55.016428107360085,0.8491078404166603,0.0204306215792364,0.0057617587223557,15721.5,-0.0017112919035373,0.0,-0.0035861158510897603,-0.0034222101454477643,0.3381818181818182,0.6618181818181817,0.0034890938855801244,0.3333333333333333,0.6666666666666666
2021-06-30,15721.5,-0.0017112919035373,-0.0087545112683345,0.0022024551781789,-0.0029205428400682,0.0093283215974089,1.0027871641482329,1.0226712189174625,1.0777285440581332,56.82275268388601,-0.0093104589063754,0.0055099753300906,0.0018065393711546,0.0100042672170957,0.0045871952809475,0.7247717825132235,50.0,0.28,0.5,0.52,0.56,0.8,0.88,0.5,0.06,0.14,-0.002988975639958,2.079959951128973e-05,0.0101063759114349,53.44991134778428,0.7833377165664657,0.0205027640754305,0.0007780543140259,15680.0,-0.002639697229908,0.0,-0.004461019219699347,-0.0026665109401944978,0.28494949494949495,0.708989898989899,0.0033057072357910544,0.26666666666666666,0.7333333333333333
2021-07-01,15680.0,-0.002639697229908,-0.00851740429151,-0.0069947464414464,-0.000726537488127,-0.0006596162375385,1.00012676418125,1.019173456823525,1.0740833555596787,54.339390865640645,-0.0119255793436993,0.002855733433567,0.0021340078674108,0.0099883810771797,0.0043380528031397,0.6375077952264868,50.0,0.46,0.36,0.5,0.48,0.78,0.88,0.52,0.08,0.08,-0.0008270345626015,-0.0052052686241768,0.0001344446102556,50.91723385947581,0.7300283006479024,0.0208912461179126,0.0007940608477942,15722.2001953125,0.0026913389867666,1.0,9.787332666443387e-05,-0.006417538874575857,0.4365656565656566,0.5634343434343434,0.004426667996417196,0.4,0.6
2021-07-02,15722.2001953125,0.0026913389867666,-0.0016668306833019,-0.0087103637350365,0.0024771867557091,0.00331521164707,1.002549336762243,1.021038849302596,1.076149842726738,56.42487742877934,-0.0092663361335602,0.0055547581670591,0.0016485720264667,0.0094429668949314,0.0043683054134058,0.7389576868420289,50.0,0.52,0.28,0.5,0.48,0.78,0.88,0.46,0.08,0.14,0.0007112994535712,-0.0111981417944989,-0.0017326252921828,51.15407486951608,0.7358937660735413,0.0202117133910531,-0.0050478369392529,15834.349609375,0.007133188273225,1.0,0.0008286138079928405,-0.007794614437945451,0.5362626262626262,0.4504040404040403,0.0035736148738322523,0.5333333333333333,0.5333333333333333
2021-07-05,15834.349609375,0.007133188273225,0.0071780434039372,0.0012424778098749,0.0055789927523577,0.0052501938970928,1.008768731567327,1.027181251175243,1.0829229650401824,61.46240601171967,-0.0021992463805787,0.0127275695761019,0.0045286406754778,0.0095294591259406,0.004504931295045,0.6170631371847612,50.0,0.68,0.44,0.44,0.7,0.78,0.88,0.4,0.06,0.06,0.0054499429534379,-0.0018781310957732,-0.0038852057879592,54.62719865896085,0.6154322217320286,0.0198115869114874,-0.009135399685052,15818.25,-0.0010167521731027,0.0,0.004968879204482376,-0.002201380811733811,0.5972727272727273,0.4027272727272727,0.0035915592988408056,0.6,0.6
2021-07-06,15818.25,-0.0010167521731027,0.0088169642857143,0.0044321697577756,0.0028847220681238,0.0049650505755665,1.0070004667361396,1.0250861747078002,1.0809418538259217,60.383215409450486,-0.0032137624651448,0.0116978766189745,-0.0013009444582936,0.009426043691622,0.0045087030006019,1.164465071998096,50.0,0.4,0.52,0.44,0.54,0.74,0.86,0.44,0.2,0.12,-0.0036329350407073,0.000358528639499,-0.0069708988211883,53.791134816926345,0.7619977301178049,0.0202976894572028,-0.0119359493967549,15879.650390625,0.0038816171589777,1.0,-0.0015396181453678872,-0.0002143451671591434,0.4067676767676768,0.5932323232323232,0.005409059413782484,0.3333333333333333,0.6666666666666666
2021-07-07,15879.650390625,0.0038816171589777,0.0100145140855949,0.0100594975431733,0.0122841083138061,0.01562490045656,1.0098600358181635,1.027893562955615,1.0842191699152466,63.04802814168456,0.0,0.0127328055245534,8.531976514469797e-05,0.0092152947251619,0.0042676523539825,0.9988170705814552,50.0,0.64,0.7,0.5,0.62,0.8,0.88,0.38,0.22,0.18,0.0035346463936571,0.0071994268487136,-0.00071896289565,54.31294233638435,0.9356250107049338,0.0199978469237669,-0.0163438633522101,15727.900390625,-0.0095562557277451,0.0,0.004967369388228245,0.009260105114264528,0.6823232323232323,0.3176767676767677,0.003232256561703964,0.7333333333333333,0.7333333333333333
2021-07-08,15727.900390625,-0.0095562557277451,-0.0067226770518553,0.0030548718510841,-0.0039612426443716,-0.0006258588028784,1.0001895936574206,1.017349797323056,1.073069488616438,53.47441710068252,-0.0095562557277451,0.0030548718510841,-0.0015271117060812,0.0088148593561384,0.0046269356106959,0.9325498985371172,50.0,0.16,0.52,0.4,0.5,0.64,0.86,0.4,0.06,0.16,-0.0074500761250094,0.0005382122514517,-0.0114790223547109,50.91381534043619,0.7813637795225387,0.0184429472669286,-0.0108531635518325,15689.7998046875,-0.0024224839292732,0.0,-0.008099157648356099,0.0009971909179633397,0.11878787878787879,0.8478787878787878,0.0035846420641583265,0.13333333333333333,0.8666666666666667
2021-07-09,15689.7998046875,-0.0024224839292732,-0.0081203796445561,-0.0020608051177634,-0.010753218490637,-0.0069338173656525,0.9979789205150792,1.0142932037030243,1.0697199138610105,51.365481713778834,-0.0119555897810939,0.0006249875438457,-0.002521022491256,0.0081014819922929,0.0045597483348799,0.7502005058917885,50.0,0.44,0.48,0.38,0.48,0.68,0.86,0.44,0.1,0.16,-0.0009563795974849,-0.0020933957504251,-0.0084613497026992,51.432166460526176,0.6972657853859792,0.0181660947867234,-0.0015275323370466,15692.599609375,0.0001784474449868,1.0,0.004022880973567044,0.004294337877902515,0.49484848484848487,0.5051515151515151,0.004518159276545992,0.4,0.6
2021-07-12,15692.599609375,0.0001784474449868,-0.0117792757805569,-0.0089520569835135,-0.0077207019057933,-0.007541812181751,0.9983322376867044,1.013898696860129,1.0691670580972887,51.51679925061639,-0.0117792757805569,0.0008035465162627,0.0049076470674276,0.0080781891174142,0.0045538171683797,0.6859045504994451,50.0,0.58,0.36,0.36,0.5,0.66,0.82,0.44,0.18,0.12,0.0004538337676632,-0.0059871090597528,-0.0111935018674418,52.127049474372285,0.6877409825519174,0.0178854695369729,-0.0036516896856907,15812.349609375,0.0076309854951284,1.0,0.00041279224239703836,-0.0002960022183010086,0.4918181818181818,0.5081818181818182,0.0034963058048621005,0.5333333333333333,0.5333333333333333
2021-07-13,15812.349609375,0.0076309854951284,0.0053693892161434,-0.0003730115926224,0.0040575049144531,-0.0035855752871118,1.0053807332217084,1.0207696603585985,1.0764975867794435,57.594010280800056,-0.0042381777680529,0.0084406638632015,0.0064616693950709,0.0077423625976397,0.0048188786883974,0.7919234720082178,50.0,0.72,0.46,0.44,0.64,0.74,0.86,0.5,0.22,0.06,0.0038150667689266,-0.0012358474916112,-0.0026441691441103,53.13438133974229,0.711114457739144,0.0174067048554258,0.0009414061430015,15853.9501953125,0.0026308921169333,1.0,0.003644691946042126,0.004840163521207053,0.6877777777777777,0.31222222222222223,0.004335887808750403,0.8,0.8
2021-07-14,15853.9501953125,0.0026308921169333,0.0104622361450372,-0.0016184358395996,0.0084247810522215,0.0054796332781719,1.0072558752257177,1.0225146743761877,1.0784784381868242,59.49353933457951,-0.0016184358395996,0.0110937624561542,-0.0002307951792526,0.0076260779384292,0.0046227292271093,0.0,50.0,0.44,0.56,0.52,0.62,0.72,0.86,0.48,0.12,0.18,-0.0009053003351454,0.0026032816246627,0.0033567883305613,53.81571903785482,0.78231711575175,0.0172908940155301,-0.0021228449476106,15924.2001953125,0.0044310723280038,1.0,0.0017175033992877149,0.001574096265747464,0.44373737373737376,0.4895959595959596,0.004317296320934002,0.4666666666666667,0.5
2021-07-15,15924.2001953125,0.0044310723280038,0.014758586321105,0.0124809923646584,0.0155739920479911,0.0148361394708014,1.010591173350297,1.025957371982617,1.082360593742306,62.54469028240999,0.0,0.0155739920479911,0.0011479912001919,0.0075919841265996,0.0045468089070605,0.9794585302965192,50.0,0.52,0.68,0.6,0.6,0.72,0.86,0.5,0.16,0.06,0.0004840255669218,0.0115112880790522,0.0167000712990923,55.13919759944861,0.6910275919747308,0.0170757728173398,0.0018639318282909,15923.400390625,-5.0225736783704455e-05,0.0,0.004293373576667088,0.01421553710033004,0.49787878787878787,0.5021212121212122,0.004559128248681075,0.5333333333333333,0.5333333333333333
2021-07-16,15923.400390625,-5.0225736783704455e-05,0.0070230411035283,0.0148886913055263,0.0127972034965238,0.0153060913152447,1.009527002879799,1.0248646667271832,1.0814205830980903,62.48698026122682,-5.0225736783704455e-05,0.015522984095982,0.0021444979115843,0.0073956665829733,0.004541235297985,1.0133871263524663,50.0,0.48,0.64,0.64,0.64,0.74,0.86,0.54,0.24,0.14,-0.0002212952921396,0.0141489240733425,0.0182622941090387,56.64931442690939,0.8471652765971289,0.0167009482163224,0.002956202793794,15752.400390625,-0.0107389122803617,0.0,0.00224387926857741,0.012527304291897997,0.5921212121212122,0.4078787878787879,0.005601203962528603,0.6,0.6
2021-07-19,15752.400390625,-0.0107389122803617,-0.0064053313802843,0.0038107632093202,-0.0051754079435937,0.000374711245356,0.9988107958249306,1.0133080225276767,1.0690647299319531,51.53776036437535,-0.0107885986473639,0.0046173718510842,-0.0106070554329865,0.0079477594498556,0.0051440832845461,0.9061306984055691,50.0,0.16,0.54,0.52,0.48,0.62,0.82,0.52,0.06,0.24,-0.0062131202646199,0.0020103429085951,0.0070453703100612,51.43528861267224,0.8607324351724879,0.0170981930324548,0.0066706590647052,15632.099609375,-0.0076369809214345,0.0,-0.006086121581756367,0.005937469229335209,0.13666666666666666,0.8633333333333334,0.0036702507992640208,0.2,0.8
2021-07-20,15632.099609375,-0.0076369809214345,-0.0183431872467594,-0.0113993179035917,-0.0117680774184881,-0.0089173029829928,0.9920159165168208,1.0053498318689142,1.0602578152027116,45.49771442765775,-0.0183431872467594,0.0,-0.0030757341174069,0.0082076947358472,0.0054025787503135,1.0359348150386165,50.0,0.2,0.3,0.46,0.28,0.62,0.78,0.52,0.14,0.32,-0.0108841049744743,-0.0181118406346426,-0.0037297943664526,46.61463360940034,0.9476140335782876,0.0177455739752711,0.0051875086165402,15824.0498046875,0.0122792331234495,1.0,-0.006266297760243322,-0.004142492264917389,0.20888888888888887,0.7911111111111111,0.0045862919746654,0.13333333333333333,0.8666666666666667
2021-07-22,15824.0498046875,0.0122792331234495,-0.0062392820314932,-0.0018859899429884,-0.0035013734288712,0.0087397236344874,1.0037958690367204,1.0169890558824033,1.072494986187283,54.63365533327962,-0.0062891943957399,0.0122792331234495,0.0066849625201548,0.00862362417753,0.0059623191208706,1.0061628899213046,50.0,0.82,0.44,0.54,0.52,0.66,0.84,0.46,0.4,0.1,0.009310314242898,-0.0043815367236905,0.0067493225768106,51.33421717013701,0.9991540189250904,0.017824523405514,-0.0019904010576768,15856.0498046875,0.0020222383267853,1.0,0.014922320756397444,0.008757669444532082,0.8283838383838383,0.1716161616161616,0.005303939131829547,0.8,0.8
2021-07-23,15856.0498046875,0.0020222383267853,0.0065799123620668,-0.0042796743189061,0.0081479034632547,0.0041543849962222,1.005268024097898,1.0182851049589046,1.073866026187681,55.95903853430775,-0.0042796743189061,0.0143263029860807,0.0020696345375694,0.0087368599846739,0.0057996544312631,1.1201889199946675,50.0,0.44,0.44,0.54,0.56,0.64,0.8,0.54,0.26,0.12,-0.0010800005539647,-0.0025982738604641,0.0060140312725054,52.33532460837542,0.8494251936126087,0.0182147222582644,0.0018596462762832,15824.4501953125,-0.0019929055322251,0.0,-0.0027871206445986793,0.0016598159498375186,0.32686868686868686,0.6731313131313131,0.004815772889696935,0.4,0.6
2021-07-26,15824.4501953125,-0.0019929055322251,0.0123048464853781,-0.0062141372373426,0.0085820336971267,-0.0022634692769496,1.0029527856423472,1.0156083281884636,1.0709615773542518,54.27284778215773,-0.0062640508645051,0.0123048464853781,-0.0004257050200487,0.0086306263161736,0.0057320254845418,1.0266364300265212,50.0,0.42,0.46,0.52,0.54,0.6,0.8,0.52,0.2,0.14,-0.0017274345158785,-0.0047971204118113,0.0039489653064941,52.08634835163045,0.8553377576048274,0.0183069859032552,0.0062124345834437,15746.4501953125,-0.0049290812026508,0.0,3.0472850229068308e-05,-0.0006257209466158745,0.466969696969697,0.533030303030303,0.005079859219333124,0.6,0.6
2021-07-27,15746.4501953125,-0.0049290812026508,-0.0049039032569281,-0.0003777326099482,0.003431591149839,-0.0043156050482847,0.9981984130995945,1.0101823017506355,1.0649866887018908,50.24797124471051,-0.0111622560517873,0.0073151136952147,0.0022781078800562,0.0089788873634935,0.0058022996577103,1.1826668948339132,50.0,0.36,0.42,0.48,0.46,0.54,0.76,0.52,0.22,0.26,-0.0043776926967151,-0.0023172095412822,-0.0006247470767696,49.00059955223531,0.9952411091008876,0.0194808546313283,0.0036908579715151,15709.400390625,-0.0023528988583426,0.0,-0.006410333817262673,-0.0008999427654394695,0.31797979797979803,0.6820202020202021,0.0061988027566571196,0.26666666666666666,0.7333333333333333
2021-07-28,15709.400390625,-0.0023528988583426,-0.0092487987783153,0.0049450031142099,-0.0065106844519148,-0.0024795966716218,0.9962435300053356,1.007497054267673,1.061820748432705,48.41145778041784,-0.0134888912506091,0.0049450031142099,0.0009589214831096,0.0096375353978565,0.0057501531035269,1.2212511499540015,50.0,0.42,0.5,0.42,0.36,0.5,0.78,0.44,0.24,0.34,-0.0025663018923197,-0.0001399657481315,-0.0057257598341188,45.30718252290183,1.1035458781628915,0.0206018384001496,-0.0032461631624969,15778.4501953125,0.0043954449546468,1.0,0.0005706058617632232,0.006540559652464836,0.4425252525252525,0.5574747474747476,0.005717633352244141,0.4,0.6
2021-07-29,15778.4501953125,0.0043954449546468,-0.002906894042589,-0.0028816649301427,-0.0047622200820539,0.0036224403086537,1.0005631479703243,1.0114524314240605,1.0657828316718383,51.93716453911146,-0.0091527359749535,0.0093621835578459,0.0033928605396873,0.0091657482974061,0.0058222440379866,1.4994026284348865,50.0,0.44,0.34,0.5,0.42,0.48,0.68,0.46,0.28,0.3,-0.0008333790761644,-0.014093496859921,-0.0013273010285601,45.43310228522948,1.082007619403891,0.020365743288674,-0.0049497413372139,15763.0498046875,-0.0009760394990868,0.0,0.004385641686774433,-0.0037515582069268315,0.46919191919191916,0.5308080808080808,0.0071720891774012035,0.4666666666666667,0.5333333333333333
2021-07-30,15763.0498046875,-0.0009760394990868,0.0010541810483699,-0.0058652691651174,-0.0101198420422041,0.0052965436662946,0.999625919437824,1.010050688546405,1.0640571147967053,51.09837313487413,-0.0101198420422041,0.0083770061978087,0.0014037762763976,0.0092646539735921,0.005791386791779,1.446157739655453,50.0,0.5,0.36,0.48,0.38,0.5,0.7,0.44,0.34,0.36,0.0001048274922839,-0.0059711603516061,-0.0093429296911474,45.93002875069415,1.1998217524833388,0.0213068578405402,-0.014639473357442,15885.150390625,0.0077460001364197,1.0,0.00182306948158009,0.0004043931842970907,0.47090909090909094,0.5290909090909091,0.008501523920481365,0.4666666666666667,0.5333333333333333
2021-08-02,15885.150390625,0.0077460001364197,0.0111875689478819,0.0038358486116933,-0.0024021251153441,0.0103643378972544,1.006662534488156,1.0171615493121886,1.071528448037924,57.02445711303318,-0.0024522302036239,0.0161878946253795,0.007095745260174,0.0091277935179908,0.0060083766489055,0.8866513337800395,50.0,0.8,0.64,0.48,0.52,0.56,0.74,0.4,0.34,0.04,0.0071574199667716,0.006339667328606,-0.0054087001451977,50.021215439807534,0.8873629058899521,0.0208514993917632,-0.0157730380424522,16130.75,0.0154609558824161,1.0,0.008716196215367185,0.008935435152549317,0.7902020202020202,0.2097979797979798,0.004506507522928652,0.8,0.8
2021-08-03,16130.75,0.0154609558824161,0.0223279092893522,0.024405488216125,0.0240185368574159,0.0187188231873767,1.0200672115803624,1.0315574197593758,1.08714234554898,65.9601256316131,0.0,0.0318991308324281,0.0041799676068341,0.0095801896707375,0.006734545076062,1.206817297832467,50.0,0.88,0.84,0.58,0.72,0.66,0.84,0.46,0.52,0.04,0.0130259753551645,0.0231524427487944,0.0090176998229982,57.4706818787913,1.03225010240917,0.0207170887885908,-0.0097011233643784,16258.7998046875,0.0079382424678022,1.0,0.014468685959016807,0.030069639241102255,0.8222222222222223,0.17777777777777776,0.0048471881948321804,0.8666666666666667,0.8666666666666667
2021-08-04,16258.7998046875,0.0079382424678022,0.0314501321852436,0.0349726533413947,0.0400905963352902,0.0278507296753749,1.0254142250302225,1.038128070028569,1.0947291134985695,69.51869302282972,0.0,0.0400905963352902,0.0039985741518528,0.0097081485157629,0.0068927867943376,1.5013791043727271,50.0,0.4,0.94,0.56,0.78,0.72,0.82,0.42,0.28,0.26,-0.0034640612015589,0.0241087608657438,0.0111068114005965,54.68453736903052,1.072893739342211,0.0219523559646207,-0.0167439182747783,16294.599609375,0.0022018725316477,1.0,-0.005010772277702293,0.024262906640986393,0.26343434343434347,0.7365656565656565,0.004669890596615054,0.26666666666666666,0.7333333333333333
2021-08-05,16294.599609375,0.0022018725316477,0.025775595992572,0.0327123011242156,0.0297363703031388,0.026130878737417,1.0249708135688815,1.0387675958950922,1.0960801371107,70.4488329835356,0.0,0.0423807432497858,0.0018544044448045,0.0098654542661885,0.0068711180290702,1.446808510638298,50.0,0.48,0.82,0.6,0.7,0.72,0.86,0.42,0.28,0.14,-0.0002260080781971,0.0221745446935875,0.0097394396675964,56.94318192222502,0.9737174897936528,0.0221249318727904,-0.0163914390698205,16238.2001953125,-0.0034612335015614,0.0,0.0025763897606864332,0.022691654372939386,0.4421212121212122,0.5578787878787879,0.00558462187770402,0.4666666666666667,0.5333333333333333
2021-08-06,16238.2001953125,-0.0034612335015614,0.0066612026912884,0.0301433032637949,0.0241012355115095,0.0324455135150574,1.0193433839202706,1.0337463312140591,1.091284251918813,66.98110028400879,-0.0034612335015614,0.0387728200998671,0.0006014741991182,0.0100483980387578,0.0064881607165519,1.105088724711731,50.0,0.46,0.82,0.6,0.66,0.7,0.86,0.38,0.24,0.18,-0.0013285057658942,0.0205697138349931,0.0201051671299807,55.12568523088276,0.8716955920197536,0.0218730411938873,-0.0123403463850766,16258.25,0.0012347307242392,1.0,-0.00010702602357367761,0.020717032737600404,0.4352525252525252,0.5647474747474747,0.005314255281813114,0.6,0.6
2021-08-09,16258.25,0.0012347307242392,-3.3815822453320266e-05,0.0234873199308955,0.0274132623461382,0.0362305575844676,1.0186034017748815,1.0336031372894834,1.091625533690418,67.59182655584043,-0.0022307764686704,0.0400554248163491,0.0026572781184799,0.0097100170710035,0.0064194726400632,0.8306709265175719,50.0,0.46,0.68,0.66,0.64,0.68,0.86,0.38,0.16,0.06,-0.0020509344977036,0.0080093788650025,0.0163464275967368,55.536564779017255,0.7216331515246888,0.0227960903516815,-0.0198841299877308,16280.099609375,0.0013439090538649,1.0,-0.0026125152101935333,0.00918516172909019,0.44636363636363635,0.5536363636363636,0.004120938790463521,0.6,0.6
2021-08-10,16280.099609375,0.0013439090538649,-0.0008898653754988,0.0092586897307935,0.0338901407900404,0.0374380290470814,1.0180358806472751,1.0335738909857446,1.0920809907102411,68.28036842444448,-0.0008898653754988,0.0414531647182812,0.0010179327226178,0.0096230536374099,0.0064092541733144,0.9825662720480366,50.0,0.4,0.36,0.58,0.52,0.62,0.88,0.42,0.2,0.08,-0.0044340019277308,-0.0078617741800431,0.0098604247417137,53.95594757160272,0.8247703807899722,0.0219899579350414,-0.0275776043053677,16282.25,0.0001320870680521,1.0,-0.004073063694385993,-0.009113240195170532,0.3391919191919192,0.6608080808080807,0.005387783867492262,0.2,0.8
2021-08-11,16282.25,0.0001320870680521,0.0027127270361044,0.0014423078944449,0.0364654025698436,0.0297173033883844,1.0164114403421785,1.0323456755226774,1.0912238635387246,68.35163492654169,-0.000757895847155,0.0415907272133224,0.0028992571572055,0.0095055299249511,0.0062716780049031,0.9430888790850782,50.0,0.48,0.46,0.52,0.6,0.7,0.84,0.4,0.18,0.08,-0.0006787836758202,-0.0040023933227494,0.0032304273491462,54.32780764844959,0.8072781574186554,0.0220535099471894,-0.0264868760392381,16364.400390625,0.0050453954843463,1.0,0.003125187463488033,-0.0010856993125796725,0.4686868686868687,0.5313131313131313,0.0035050989712688352,0.4,0.6
2021-08-12,16364.400390625,0.0050453954843463,0.0065290169990619,0.0042836757529065,0.0371361057682697,0.0321970353775566,1.0194483477093734,1.0360284916008005,1.0956749512180946,71.02950884443945,0.0,0.0468459643649417,0.001314338658662,0.0092912940800641,0.0063179861295236,0.9077361669042374,50.0,0.62,0.46,0.56,0.68,0.66,0.84,0.42,0.12,0.08,0.0019471999766563,-0.0010914163972363,0.0102236209174977,54.92609619218121,0.649079426988394,0.0223318427574511,-0.0219734144600589,16529.099609375,0.0100644823408473,1.0,0.007986435395489445,0.0042201160057238115,0.7513131313131312,0.2486868686868687,0.005508549033889513,0.8,0.8
2021-08-13,16529.099609375,0.0100644823408473,0.0152947467137494,0.0179145108795046,0.0485978166775631,0.0379861724069858,1.0268033431704104,1.0445526291031948,1.1055285961783723,75.5044961894356,0.0,0.0573819270868798,0.0013015342827471,0.0095567386879737,0.0065711306979284,1.0366148198241716,50.0,0.66,0.52,0.6,0.66,0.68,0.84,0.36,0.32,0.1,0.0036895859830717,0.0037077760100634,0.0196223274362712,55.59259715594193,0.9012423300332132,0.0223726126893354,-0.0183638449707146,16563.05078125,0.0020540242770237,1.0,0.0063823782933146115,0.010742105299268742,0.7502020202020201,0.2497979797979798,0.005261704741222912,0.8,0.8
2021-08-16,16563.05078125,0.0020540242770237,0.0172458217537503,0.0187474532160596,0.0426751005785301,0.0401704645322866,1.0260870258536283,1.0447848504278077,1.106612392401407,76.31662959396239,0.0,0.0595538152352024,-0.0006472959207004,0.0092270811277266,0.006555319070648,0.8209039639319361,50.0,0.44,0.64,0.64,0.72,0.72,0.86,0.36,0.14,0.1,-0.0024784546447512,0.0099107500401468,0.0240398781416258,58.27127920798176,0.6958077656472696,0.0219294293298826,-0.0161305863906607,16614.599609375,0.0031122785775283,1.0,-0.0016598363736805885,0.01178137510910154,0.337979797979798,0.6620202020202021,0.006849689345731947,0.3333333333333333,0.6666666666666666
2021-08-17,16614.599609375,0.0031122785775283,0.0152892383941751,0.0205465573323258,0.0299954812624956,0.0547344656921706,1.026418205699049,1.0460659488207718,1.1088421971765297,77.53451255660197,0.0,0.0628514418760974,-0.0010747284111543,0.0086786888783556,0.0058312729747727,0.9526555192517138,50.0,0.54,0.6,0.66,0.62,0.66,0.84,0.38,0.32,0.12,0.0024048659242317,0.00652761735659,0.026291502045054,58.0361191787601,0.9345766615353348,0.0224825342951807,-0.0284429636471166,16568.849609375,-0.0027536023181795,0.0,0.0005160006718522459,0.01639808115429515,0.47979797979797983,0.5202020202020202,0.00556155474149987,0.5333333333333333,0.5333333333333333
2021-08-18,16568.849609375,-0.0027536023181795,0.0024048496856692,0.0176019659061248,0.0190696612549539,0.0599247716818671,1.0212971631198713,1.041421800362835,1.1046261288371166,73.90225430610766,-0.0027536023181795,0.054709231248756,0.004655520517711,0.0089529103540948,0.0054672363404101,0.8095031425310636,50.0,0.42,0.58,0.74,0.6,0.68,0.8,0.36,0.2,0.14,-0.0018776989315422,0.0077697679818198,0.0271785417216688,53.86746802735671,0.8594365692837702,0.0223300190882548,-0.0327462299601982,16450.5,-0.0071428984006249,0.0,6.484461102378159e-06,0.013197931284266683,0.4448484848484849,0.5551515151515152,0.004288712306898992,0.4666666666666667,0.5333333333333333
2021-08-20,16450.5,-0.0071428984006249,-0.0067952928923825,0.0052613971376749,0.0095676110099265,0.0395884873369729,1.0126517324286364,1.0326069082193123,1.0956812527634336,65.37075130050277,-0.00987683201721,0.0471755503677449,-0.0112469853833159,0.0093423194366649,0.0054437276134051,1.1124853328259283,50.0,0.22,0.38,0.56,0.44,0.54,0.8,0.36,0.18,0.34,-0.0127257358346419,-0.0091175303223426,0.0089316293105516,49.31568980366593,1.0930436110801671,0.0223580291839854,-0.0306568580264212,16496.44921875,0.0027931806783987,1.0,-0.014111177860478498,-0.008768066651673345,0.16646464646464648,0.8335353535353536,0.00589735628084343,0.13333333333333333,0.8666666666666667
2021-08-23,16496.44921875,0.0027931806783987,-0.0071112391151654,-0.0019753278397863,0.0159037960076418,0.0403883326522587,1.0139853233000664,1.0340519615817356,1.0976632295563364,66.96528748761878,-0.0071112391151654,0.0501005008819237,0.008616759369016,0.0096061874043037,0.0054469413399476,0.8765763903245813,50.0,0.44,0.32,0.5,0.4,0.5,0.76,0.36,0.2,0.2,-0.0029008232248836,-0.0194893592531761,0.0007584905639896,46.23804490085767,0.8885810065223513,0.0233192850683519,-0.039629842088269,16624.599609375,0.0077683620836017,1.0,-0.004946131042457958,-0.019847620509178866,0.29676767676767674,0.7032323232323232,0.00539547826397741,0.26666666666666666,0.7333333333333333
2021-08-24,16624.599609375,0.0077683620836017,0.0033647477836031,0.0037160320847819,0.0225331514385005,0.0505641209765075,1.0197391026119371,1.040367842757826,1.1050226862837749,70.9788693441969,0.0,0.0582580617969461,0.0039372819576939,0.0090597266163348,0.0055077209884293,0.8747855917667239,50.0,0.7,0.4,0.58,0.56,0.58,0.76,0.4,0.22,0.1,0.0106468710185194,-0.0118865550646212,0.012004580036107,51.373448237518005,0.8331880163575074,0.0231583807011671,-0.0385595409404004,16634.650390625,0.0006045728309951,1.0,0.010264796034263389,-0.00842183592077775,0.6556565656565657,0.34434343434343434,0.005511713179509098,0.7333333333333333,0.7333333333333333
2021-08-25,16634.650390625,0.0006045728309951,0.0111942123719643,0.0012068169995915,0.0217781702665891,0.0564063763131137,1.018381345106646,1.0393258774840983,1.1045291756615023,71.27365512632439,0.0,0.05889785586929,0.0017684871404914,0.0087772878615858,0.0052486332842957,0.8507030537648169,50.0,0.42,0.42,0.66,0.52,0.6,0.78,0.34,0.2,0.12,-0.0012265801229039,-0.0071831008721095,0.0203790851338244,52.42859350297871,0.7492799660945462,0.0231864799400698,-0.0360272911792892,16636.900390625,0.0001352598309651,1.0,-0.0008797338789897978,-0.0099743633927525,0.34484848484848485,0.655151515151515,0.004499202474413696,0.4,0.6
2021-08-26,16636.900390625,0.0001352598309651,0.0085140244432335,0.0041071518454423,0.0217814116983217,0.0590410822142841,1.0167258684259155,1.0378601560274456,1.1035291625567265,71.34382936986782,0.0,0.0554366443527725,-0.0004028441667025,0.0085234285588167,0.0051496072876027,0.8195661310659209,50.0,0.4,0.42,0.7,0.46,0.6,0.78,0.34,0.22,0.06,-0.0017706397720506,-0.0049293821359316,0.0194040303131695,50.83696343304719,0.787667598461439,0.0228028849218496,-0.0396370519011146,16705.19921875,0.00410526158848,1.0,-0.00506406297875442,-0.014907129162424376,0.38747474747474747,0.6125252525252525,0.004138183320173902,0.4,0.6
2021-08-27,16705.19921875,0.00410526158848,0.0048482135671734,0.0154827645816235,0.0208256226925516,0.0587351109878218,1.018871774053748,1.0404023092326375,1.1068693123070616,73.4629940583357,0.0,0.059769487867908,0.0003396300087354,0.0086724455271941,0.0051455343278083,0.7244251916027991,50.0,0.78,0.7,0.66,0.6,0.62,0.8,0.34,0.22,0.02,0.0069195580758693,0.0140650611097933,0.0426573448866064,54.26859523471599,0.7542169856532499,0.0227030209454418,-0.0160777661012153,16931.05078125,0.0135198365217041,1.0,0.009242448072812343,0.008521061540866478,0.818989898989899,0.181010101010101,0.003995943829945517,0.9333333333333333,0.9333333333333333
2021-08-30,16931.05078125,0.0135198365217041,0.0178182518817495,0.0263451580844458,0.0243177899204516,0.0740973980945722,1.0294459853316025,1.05222081908779,1.1204756757193162,78.99480977525997,0.0,0.0658413905380628,0.0042292456198727,0.0089980475894831,0.0055779854222322,0.963384589244754,50.0,0.86,0.9,0.78,0.76,0.74,0.86,0.36,0.3,0.04,0.013732142062928,0.0316490897554465,0.0438526137320814,60.614510453783495,0.9134206878155878,0.0223915809587424,-0.0302447843624907,17132.19921875,0.0118804461754233,1.0,0.016800148192660572,0.030546260070856722,0.9161616161616162,0.08383838383838384,0.005320007217186684,0.9333333333333333,0.9333333333333333
2021-08-31,17132.19921875,0.0118804461754233,0.0297711001746516,0.0305330426778369,0.034362536528856,0.0785040618098884,1.0375580209595767,1.0620261382754297,1.1322801148065569,82.49476155070073,0.0,0.0620832396974722,0.0009715415163846,0.0092286542339588,0.0058116331446376,1.521351001621595,50.0,0.88,0.88,0.8,0.82,0.84,0.88,0.34,0.72,0.1,0.0087005656306269,0.0326596048204114,0.0483097788423682,63.44772908408038,1.507490294712301,0.0217291701338382,-0.0301942829675202,17076.25,-0.0032657347743637,0.0,0.01768182700182359,0.037979707515212256,0.9094949494949495,0.09050505050505049,0.006999367533735295,1.0,1.0
2021-09-01,17076.25,-0.0032657347743637,0.0222116944785388,0.0265469726748135,0.0277858270123168,0.0586147575283231,1.030815100954966,1.0561325545890914,1.1271402948183935,78.57308911240409,-0.0032657347743637,0.0516097716869767,0.0031169606390379,0.0092358811776485,0.0053222886880089,0.9954333382791763,50.0,0.5,0.88,0.66,0.78,0.76,0.86,0.36,0.3,0.2,0.0003749299853624,0.0330126276931541,0.030597931299616,62.661393001566125,0.9999384575128976,0.0215100685390007,-0.028016826228707,17234.150390625,0.009246783727399,1.0,0.0014450897006769612,0.040468770064377095,0.5852525252525252,0.4147474747474747,0.005609246795943619,0.5333333333333333,0.5333333333333333
2021-09-02,17234.150390625,0.009246783727399,0.0179019963551618,0.035899114977965,0.0401537099397388,0.0599890888413732,1.0363645377415551,1.0631509357317483,1.1360077689407686,81.27809841786758,0.0,0.0613337798113857,0.0011214634726592,0.0095348469361446,0.0053954696913718,0.8243776356958237,50.0,0.72,0.94,0.76,0.84,0.82,0.88,0.38,0.3,0.08,0.0065214498475454,0.0390691857317205,0.0362913375961699,64.78293286788778,0.8601377045146474,0.0220056530440502,-0.0236977512452032,17323.599609375,0.0051902308336972,1.0,0.007912205221317279,0.05423366517610241,0.7251515151515152,0.27484848484848484,0.007216951974892051,0.7333333333333333,0.7333333333333333
2021-09-03,17323.599609375,0.0051902308336972,0.0111719685360374,0.0370184385428282,0.0530743508935898,0.0631497566474705,1.0376183820453615,1.0657988454362517,1.1402938402846252,82.61689496936789,0.0,0.0668423471202075,0.0016420204932408,0.0092740993594214,0.0054155577442764,0.9133473095737248,50.0,0.7,0.94,0.76,0.86,0.82,0.9,0.4,0.3,0.1,0.0038580082302258,0.0358619549045289,0.0402310864755401,65.8844652345175,0.8321232343853477,0.0223710109730375,-0.0229186701719303,17377.80078125,0.0031287476677577,1.0,0.00597274161791888,0.0507382298542516,0.7036363636363636,0.29636363636363633,0.0036353093679060548,0.8,0.8
2021-09-06,17377.80078125,0.0031287476677577,0.0176590751043115,0.0263864308111783,0.0534267435866289,0.0701802276256249,1.0368296030394646,1.0662427531710743,1.1422264827076445,83.39189465451824,0.0,0.0688604727599833,0.004372647816162,0.0092340788527183,0.0051924815956914,0.8096734672135514,50.0,0.54,0.88,0.7,0.9,0.84,0.9,0.38,0.14,0.08,0.0005352085973255,0.0218289789481828,0.0521372132798814,63.84518896169486,0.7268337226474514,0.0223225764075111,-0.0180430143457435,17362.099609375,-0.0009035189246697,0.0,0.0007915304770663285,0.03409261811161972,0.5147474747474747,0.4719191919191919,0.004274812090082769,0.5333333333333333,0.5333333333333333
2021-09-07,17362.099609375,-0.0009035189246697,0.0074241674727175,0.0134191990000553,0.0443619706536635,0.0678947370950133,1.0323638139640263,1.0625592566918751,1.1395934218800663,82.24794398502364,-0.0009035189246697,0.0664615098163725,0.0013666861704171,0.0093096926972291,0.0052611831520887,0.8639170866756584,50.0,0.38,0.7,0.72,0.86,0.78,0.9,0.4,0.16,0.08,-0.0039569560892637,0.0074682741644078,0.0480969883069761,61.96396784942942,0.6881798942535425,0.0220932575676794,-0.0197977487880371,17353.5,-0.0004953092983268,0.0,-0.0007557353296985138,0.015391664316327084,0.41535353535353536,0.5846464646464646,0.0034209918709679093,0.3333333333333333,0.6666666666666666
2021-09-08,17353.5,-0.0004953092983268,0.0017259917857266,0.0162360002928043,0.0432139896237393,0.0659332815142528,1.028731745827621,1.0594556603537937,1.137455445688883,81.58779796741561,-0.0013983807016719,0.0657925041072333,0.0007862177347277,0.0091628388635577,0.0053130461590965,0.90258058755246,50.0,0.54,0.66,0.84,0.84,0.8,0.9,0.44,0.1,0.22,0.000502850026123,0.0097438140078512,0.0490211470678995,62.643286423763385,0.7129395299287105,0.0225512824238392,-0.0169121344463533,17369.25,0.0009075978909154,1.0,-0.00018094764982772975,0.013756215418894269,0.5613131313131313,0.4386868686868687,0.0056243527024371935,0.4666666666666667,0.5333333333333333
2021-09-09,17369.25,0.0009075978909154,-0.000492051978132,0.0078390640857173,0.0440195945266153,0.0667598151361144,1.026764525210668,1.0579107093257951,1.1369211341290433,81.874734503473,-0.000492051978132,0.061404609114225,-0.0023424894473736,0.0086781191977201,0.0052921820428074,0.868220955941831,50.0,0.58,0.6,0.82,0.82,0.8,0.9,0.38,0.12,0.1,0.0015766583655554,0.0052275933687742,0.0466414933667237,61.24020068847778,0.6344639293792106,0.0212223783362151,-0.0201183217693906,17355.30078125,-0.0008030985074197,0.0,0.0031000746586858714,0.008864553012679738,0.6431313131313131,0.3568686868686869,0.004143839964360694,0.7333333333333333,0.7333333333333333
2021-09-13,17355.30078125,-0.0008030985074197,-0.0003915902038327,0.0018299413857294,0.0389161215012823,0.0605521966568769,1.0234116247139835,1.0547010085910382,1.134472776375154,80.6755770530336,-0.0012947553193426,0.05500141523054,-0.0003281211767923,0.0083245556635238,0.0053490178685054,0.8729181752353367,50.0,0.64,0.6,0.82,0.82,0.82,0.92,0.46,0.12,0.06,0.003116943874984,0.002601167458692,0.0540892498365603,62.46992155477183,0.698820787922985,0.0201529102788173,-0.0064629468203165,17380.0,0.001423151293159,1.0,0.0034621630850143375,0.0064082869877489495,0.6436363636363637,0.3563636363636364,0.004204951612107401,0.7333333333333333,0.7333333333333333
2021-09-14,17380.0,0.001423151293159,0.0015270694672544,0.0001265533411094,0.0265163234432668,0.0514789317466746,1.022446542194089,1.053879257493758,1.1345510044052596,81.20061178854061,0.0,0.0565028418589099,0.0037480668842844,0.0080310024479081,0.0050873246637285,0.8482282558674643,50.0,0.64,0.62,0.8,0.84,0.88,0.92,0.52,0.18,0.04,0.0018831386381744,0.0044017496999424,0.0564597702226624,63.60345501358171,0.7897125178472512,0.0197427432361486,0.0049808384759878,17519.44921875,0.0080235453826236,1.0,0.004142353715310549,0.00978544280066943,0.6346464646464647,0.3653535353535354,0.0038746965752489613,0.6666666666666666,0.6666666666666666
2021-09-15,17519.44921875,0.0080235453826236,0.0086474210889935,0.0090628214856016,0.0226036362906743,0.0577428910972535,1.027650409504017,1.05974454522734,1.1420217265460595,83.8658980028539,0.0,0.0649797403574359,0.0004401835802647,0.0082025308416,0.0052313008871251,1.3947221872922917,50.0,0.7,0.76,0.88,0.94,0.9,0.92,0.52,0.34,0.08,0.0070047308801539,0.0136631545171367,0.0646096888891885,65.69211596738569,0.8801494875171811,0.019582559490435,0.0068667977919349,17629.5,0.0062816347635072,1.0,0.014321188710736048,0.02508711146361574,0.7585858585858586,0.24141414141414144,0.006126909286192267,0.8666666666666667,0.8666666666666667
2021-09-16,17629.5,0.0062816347635072,0.015799162584738,0.0159045725646123,0.0323987995022325,0.0610848539529251,1.0307576629256086,1.063631798165565,1.147492001055738,85.60089013588745,0.0,0.0716695541168961,0.0011273185448583,0.0083695148882959,0.005288194988028,1.7437549804247652,50.0,0.5,0.78,0.84,0.92,0.88,0.9,0.48,0.26,0.12,7.749224574610247e-05,0.0101709851051664,0.0584030264483066,65.88945704064069,0.8394072792082605,0.0200204793369693,-0.0026818275046185,17585.150390625,-0.0025156476006126,0.0,-0.001713708020439776,0.023605412250684486,0.40070707070707073,0.5992929292929292,0.007972371021207366,0.4,0.6
2021-09-17,17585.150390625,-0.0025156476006126,0.011803819943901,0.0124300352994515,0.020366539228469,0.0613380412768642,1.0254141237386163,1.0584259775932343,1.1429607563442223,81.78406085638716,-0.0025156476006126,0.0689736111744323,0.0045463791159703,0.0087921289362779,0.0052748618170746,1.6861554792589275,50.0,0.36,0.62,0.82,0.84,0.88,0.88,0.52,0.34,0.56,-0.0036605637890512,0.0111910664900547,0.0643262202381799,63.49818232047685,1.449801408701874,0.0204336757306264,0.0029881789613156,17396.900390625,-0.010705054879733,0.0,-0.005173914821908399,0.015170846815142993,0.23686868686868684,0.763131313131313,0.004760914510305093,0.2,0.8
2021-09-20,17396.900390625,-0.010705054879733,-0.0069950160301753,0.0023969396957927,0.0042312673406703,0.0575301900018236,1.0130441209491037,1.0451651735555183,1.1292564192918688,67.93691821649679,-0.013193772334723,0.0545845448274735,-0.0080352330296435,0.0089474114967274,0.0056797562045878,1.1270648452820156,50.0,0.18,0.52,0.84,0.66,0.82,0.86,0.52,0.1,0.16,-0.014169453802644,0.0020117320525294,0.0644674803586317,57.460988587499656,0.8196532629695003,0.0216984403713551,0.006937290356808,17562.0,0.0094901738624639,1.0,-0.017781304907036295,-0.005975262006361812,0.10545454545454547,0.8945454545454546,0.005880587053097381,0.06666666666666667,0.9333333333333333
2021-09-21,17562.0,0.0094901738624639,-0.0038288096656172,0.0104718066743383,0.0105996852575698,0.0645927355105537,1.0204560305223338,1.0528097397074951,1.1383877481689435,72.35736949160682,-0.0038288096656172,0.0563863438910359,0.0030809861625629,0.0089226771326484,0.0058724799964326,1.1910767517279786,50.0,0.8,0.5,0.88,0.76,0.84,0.88,0.52,0.28,0.12,0.0087242805856267,0.0003787372798924,0.0696192658695431,57.95430919302929,0.9163214450391274,0.0213396724288525,0.0050265303589893,17546.650390625,-0.0008740239935656,0.0,0.01008819776619153,-0.0004075074676988348,0.858989898989899,0.141010101010101,0.007287007818181351,0.9333333333333333,0.9333333333333333
2021-09-22,17546.650390625,-0.0008740239935656,-0.0021893472131193,0.00155262711375,0.0106295197817174,0.0554630368799999,1.0176679574065104,1.0497534315835575,1.1358399719532972,71.37216545152458,-0.0046994871876684,0.0548253181511999,0.001076209465038,0.0085875192875115,0.0058326587945058,0.9638868934891922,50.0,0.56,0.36,0.84,0.72,0.84,0.88,0.58,0.2,0.1,0.0011937762758401,-0.0066398626910804,0.0607872994317438,57.35061713860404,0.76316422123979,0.0211561835318166,0.0053242625517438,17822.94921875,0.0157465283671818,1.0,0.0026173130886332535,-0.012148920007798658,0.5864646464646465,0.4135353535353536,0.005125407487739205,0.6666666666666666,0.6666666666666666
2021-09-23,17822.94921875,0.0157465283671818,0.0244899274329692,0.0109730405712016,0.0270521346558332,0.0714351549458895,1.0303863620815317,1.063518946683798,1.1519634568699362,77.35037167564889,0.0,0.0712902524074343,0.0070782295187439,0.0089010441086799,0.0064895373581768,1.0372503964529596,50.0,0.78,0.5,0.9,0.78,0.84,0.88,0.46,0.26,0.02,0.0098045637863394,0.0008461105839821,0.0638974272827092,61.68568587761123,0.7634369081071632,0.020605476759852,-0.0075377276631803,17853.19921875,0.0016972499684944,1.0,0.010592139331943777,-7.578545070411497e-05,0.8361616161616162,0.16383838383838384,0.00561292684156728,0.9333333333333333,0.9333333333333333
2021-09-24,17853.19921875,0.0016972499684944,0.0165812104970959,0.0152429079178022,0.0278624131007383,0.0731084997545812,1.0289859800504737,1.0626019096104804,1.1521540698724149,77.89463748719211,0.0,0.0687211199918813,0.0041800040546389,0.0088873611556652,0.0064565337032575,1.1456477475184526,50.0,0.42,0.58,0.86,0.76,0.86,0.9,0.42,0.24,0.22,-0.0036640804151333,0.0068438573089439,0.0627648401355065,60.93689144607476,0.9105019582989632,0.0204448150619156,-0.0103436596190746,17855.099609375,0.0001064453827974,1.0,-0.0016549114529403673,0.003516933190663755,0.33909090909090905,0.6609090909090909,0.005506525846865034,0.26666666666666666,0.7333333333333333
2021-09-27,17855.099609375,0.0001064453827974,0.0175788091677486,0.0263379802414065,0.0287980504875469,0.0688348804206024,1.0262517661518609,1.060107776363987,1.1505334332686448,77.93051681695502,0.0,0.054577169489582,0.0044249772285647,0.009025024847765,0.0065003297846693,0.929187550080915,50.0,0.52,0.82,0.86,0.68,0.88,0.94,0.44,0.18,0.16,0.0002671878998991,0.0210465734593366,0.0536670200097143,60.32470767613394,0.8079328282243423,0.0212375057993476,-0.0151678604108881,17748.599609375,-0.0059646824901542,0.0,0.00020961518670187354,0.02189093444121159,0.4502020202020202,0.5497979797979797,0.00665234374669038,0.4,0.6
2021-09-28,17748.599609375,-0.0059646824901542,-0.0041715660221252,0.0106251912865846,0.0212082629099539,0.0482869515122108,1.0181784581482425,1.051566607019249,1.142038253454687,70.97771127292536,-0.0059646824901542,0.0393733758509626,0.0028759071916932,0.0098327598500642,0.0063550341194942,1.2285467341647116,50.0,0.38,0.52,0.78,0.64,0.86,0.92,0.46,0.2,0.32,-0.0042594184131594,0.0084440954719103,0.0426244366901719,58.41517965573357,1.0146320505740825,0.0219036555487667,-0.0056625148220389,17711.30078125,-0.0021015082285871,0.0,-0.0018623800524719914,0.009910186827430873,0.35323232323232323,0.6467676767676768,0.005175397677527826,0.3333333333333333,0.6666666666666666
2021-09-29,17711.30078125,-0.0021015082285871,-0.007948067781094,0.0093835795983585,0.0109507759122171,0.0338019395587119,1.0144891158341671,1.0473295639376117,1.1380569940725418,68.66707628144475,-0.0080536558894074,0.0371891241490374,-0.0051074672154481,0.0100325231214143,0.0060148371791014,1.7095940398357914,50.0,0.56,0.58,0.66,0.64,0.84,0.92,0.48,0.32,0.14,0.0016350869483398,0.0033078633441232,0.0264408009114217,57.16661193943294,0.9721094068322887,0.0223490439642978,-0.0073611386472901,17618.150390625,-0.0052593760207388,0.0,0.007064097286493106,0.014587537189976848,0.6121212121212121,0.3878787878787879,0.006694613637321632,0.6,0.6
2021-09-30,17618.150390625,-0.0052593760207388,-0.0132706747054822,-0.0114907373415814,-0.0006437850974219,0.0317341565405167,1.008274557289434,1.040115423094574,1.1305857713102636,63.13891568895593,-0.0132706747054822,0.022281342061915,0.0004290825088941,0.0104092980283893,0.0061167830806395,1.1380134361332792,50.0,0.2,0.38,0.64,0.52,0.78,0.92,0.46,0.18,0.38,-0.0082729834491777,-0.0209167134047816,0.0197655995760041,53.60815691954669,1.0380933671912516,0.0237526347742926,-0.0119685569645126,17532.05078125,-0.0048869834497958,0.0,-0.007701905154755775,-0.003799705826119407,0.1714141414141414,0.8285858585858586,0.004871781715198908,0.13333333333333333,0.8666666666666667
2021-10-01,17532.05078125,-0.0048869834497958,-0.0122008965716154,-0.0179882851003376,-0.003019570955919,0.0172854700622231,1.003027396279602,1.0336123994073856,1.1236623496245075,58.45454192418534,-0.0180928045876249,0.0120327862901075,-0.0048955195686088,0.0106887783805393,0.0059998591474779,0.9105119768947908,50.0,0.5,0.44,0.54,0.52,0.76,0.94,0.48,0.14,0.16,0.0003413928162379,-0.0106271745805412,0.0103530648548292,53.58176139774287,0.8018417021084521,0.024270356174323,-0.0069324052073939,17691.25,0.0090804675811375,1.0,-0.0017530096600210019,-0.003346307415748937,0.4965656565656566,0.5034343434343433,0.004907206511291982,0.4666666666666667,0.5333333333333333
2021-10-04,17691.25,0.0090804675811375,-0.0011320897034974,-0.009176628131997,0.0169196582589863,0.0212225171970632,1.0109669310225935,1.0412423411382907,1.1323574321144327,63.802172107928016,-0.009176628131997,0.0194629325496298,0.0047627058033221,0.0111400772552008,0.0062066393848803,0.8762497222839369,50.0,0.74,0.38,0.56,0.58,0.88,0.92,0.44,0.16,0.08,0.0075088956378582,-0.0086985292875394,0.0157336172433468,53.9890246145982,0.8111631320099426,0.024201431583719,-0.0054888999537163,17822.30078125,0.0074076609199462,1.0,0.0077223552885129125,0.003954099976151662,0.7067676767676768,0.29323232323232323,0.00888593412979208,0.8,0.8
2021-10-05,17822.30078125,0.0074076609199462,0.0115875041419577,0.0041525063101919,0.0148218187706412,0.0255786106421245,1.0166688342545065,1.0469455601510862,1.139150225371974,67.5096270083134,-0.0018369445616409,0.0270147682744115,-0.0016901231187733,0.0112178721964478,0.0063533963155537,1.22868858355514,50.0,0.6,0.56,0.56,0.64,0.82,0.96,0.42,0.16,0.08,0.004204699488556,0.0086169435983747,0.0135900177479925,57.40114993352905,0.8327249249870209,0.0247887045386134,-0.011988592894132,17646.0,-0.0098921448702895,0.0,0.007199513521724358,0.012581243431796674,0.5901010101010101,0.4098989898989899,0.006071467913252028,0.6,0.6
2021-10-06,17646.0,-0.0098921448702895,0.0064994803044868,-0.0036869556932335,0.0056620270629019,0.0163517314732892,1.00597833920026,1.0351037901993256,1.1264482332094623,58.78653357894792,-0.0117109181102081,0.0168553894027141,0.0021994477161579,0.0118857163981922,0.0068171849815045,1.1144743696236747,50.0,0.18,0.4,0.5,0.52,0.72,0.96,0.44,0.18,0.14,-0.0134750272010806,-0.0065192779932503,-1.470938179293224e-05,51.46833602663625,0.8680288689071476,0.0250518031574855,-0.0163664408550822,17790.349609375,0.0081803020160375,1.0,-0.01287238995549515,-0.0075885841427825035,0.15151515151515152,0.8484848484848485,0.005025517537052496,0.13333333333333333,0.8666666666666667
2021-10-07,17790.349609375,0.0081803020160375,0.0056016171483077,0.0097739668995917,-0.0018290805284181,0.0251735735946638,1.0128370763900598,1.0417911676912004,1.1341319781140515,63.00185613018847,-0.003626414941197,0.0250672018657844,0.0093251037770598,0.0116136273658473,0.0070017125408323,1.1551422951541244,50.0,0.66,0.66,0.56,0.58,0.82,0.94,0.46,0.2,0.06,0.0041018401130166,0.0064038977302444,0.0125885646388069,52.97709178855949,0.7809086689873171,0.0247653033314858,-0.0125850089558569,17895.19921875,0.0058936227604964,1.0,0.015073058590224503,0.014974274495861351,0.7636363636363637,0.23636363636363636,0.007009374335384692,0.8,0.8
2021-10-08,17895.19921875,0.0058936227604964,0.0040902933013391,0.0207134032424989,0.002352519539237,0.030280479511205,1.016984853251992,1.0459650429455294,1.139219899965891,65.74267889889937,0.0,0.0311085612577388,0.0054242891297171,0.0111087162150089,0.0070766031180204,0.88158091585404,50.0,0.46,0.62,0.6,0.6,0.74,0.94,0.44,0.14,0.1,-0.0010568368295522,0.0150098899773172,0.0194411923694539,53.78704041474302,0.7501395968676428,0.0253047337430828,-0.010839287141751,17945.94921875,0.0028359561343596,1.0,0.0020924146229790302,0.018968283261884742,0.5536363636363636,0.4463636363636364,0.004106290833233379,0.6,0.6
2021-10-11,17945.94921875,0.0028359561343596,0.0169981422843703,0.0143969034833604,0.0050881603218442,0.0340327399072284,1.017942741341081,1.0469224389296434,1.1408336375824566,67.01633968817677,0.0,0.0325632461881473,-0.0015450198213513,0.0108806777519337,0.0070605905739435,1.0038197505141973,50.0,0.66,0.64,0.58,0.68,0.78,0.96,0.42,0.18,0.16,0.0092859165828419,0.0066469029475303,0.0178974535170218,54.76330857524238,0.766421804334414,0.0252602510545491,-0.0161352863902065,17991.94921875,0.0025632525445875,1.0,0.005894702340960225,0.01721299910163356,0.5623232323232322,0.4376767676767677,0.007964731211935827,0.6666666666666666,0.6666666666666666
2021-10-12,17991.94921875,0.0025632525445875,0.0113319644527256,0.0095188853326098,0.0137109188742112,0.0352099665563867,1.0185583288847595,1.0475680978114577,1.1421241574292926,68.17145062151583,0.0,0.0342043016148823,-0.0016799578073307,0.0110801510831993,0.0070628536808129,0.9342406011086882,50.0,0.58,0.64,0.6,0.7,0.82,0.98,0.4,0.18,0.1,0.002267763574407,0.0080330694121737,0.0144294488818963,56.55270962441884,0.7487419416307126,0.0252221613474473,-0.0207805176744904,18161.75,0.0094375978492116,1.0,0.0049845440533656665,0.015146334766097244,0.5695959595959597,0.43040404040404034,0.0050302463112178305,0.6,0.6
2021-10-13,18161.75,0.0094375978492116,0.014895099964616,0.0292275869885525,0.0254328704770723,0.0366621560546882,1.0254199128745147,1.055077405576318,1.1511516766602694,72.06102318814445,0.0,0.0439647059074481,0.0058859876346604,0.0106170966896676,0.0071356066482384,1.3108095872514909,50.0,0.72,0.76,0.54,0.78,0.88,0.98,0.42,0.36,0.08,0.0047867576904464,0.0275558072402145,0.0169534392447874,59.82892624706308,0.9196799895002028,0.0254760322355605,-0.0197087168099008,18338.55078125,0.0097347877407187,1.0,0.012931972004670484,0.042460923983170536,0.853030303030303,0.13363636363636364,0.010177431210395889,0.9333333333333333,0.9333333333333333
2021-10-14,18338.55078125,0.0097347877407187,0.0218768903062429,0.0308145249481839,0.0408896719946458,0.0402195627357553,1.031922891659257,1.0626251910046474,1.1604831317291104,75.4280995030966,0.0,0.0541274807282592,0.0061172304086885,0.0107513589197814,0.0072892143963769,1.387240069529389,50.0,0.7,0.78,0.64,0.78,0.9,0.96,0.46,0.36,0.1,0.0040187885193536,0.0301474718724612,0.0396296315392927,59.92391988214217,0.9699150829327972,0.0251458539723847,-0.0005899311964625,18477.05078125,0.0075523961327199,1.0,0.01160478853629272,0.03832686862700414,0.7173737373737373,0.2826262626262626,0.007173747078938578,0.7333333333333333,0.7333333333333333
2021-10-18,18477.05078125,0.0075523961327199,0.0269621460466584,0.0325143942454888,0.0539012812471801,0.0507189515479202,1.035798461402376,1.067692398052778,1.1672817929274746,77.69577011692691,0.0,0.0620886690371051,0.0088092472547052,0.010918180205144,0.0073086667630687,1.2160815724434209,50.0,0.64,0.82,0.66,0.74,0.86,0.94,0.46,0.44,0.12,0.0023921149275849,0.0306652289109133,0.0425464457816318,62.989071625234565,1.0439903689834096,0.0252051631613825,-0.0081725057662884,18418.75,-0.0031553077349963,0.0,0.0031613186682294503,0.03966104131506507,0.5367676767676767,0.4632323232323232,0.00606998827524643,0.5333333333333333,0.5333333333333333
2021-10-19,18418.75,-0.0031553077349963,0.0141506187454403,0.0263458218613488,0.0411220235992368,0.0587374524444401,1.0293411820308294,1.061645509582197,1.1617075770452068,74.57581382427871,-0.0031553077349963,0.0505758983825381,0.0067813218466743,0.0105261555334722,0.006765401421817,0.9493116072809776,50.0,0.32,0.6,0.72,0.7,0.78,0.96,0.48,0.14,0.3,-0.0105151650592125,0.0173948393079169,0.0553156797147421,58.4921614514877,0.904294859093357,0.0252090428778916,-0.003421772729698,18266.599609375,-0.00826062521208,0.0,-0.012466490371142402,0.02011839467325849,0.2974747474747475,0.7025252525252526,0.00836539399109013,0.2,0.8
2021-10-20,18266.599609375,-0.00826062521208,-0.0039234927957647,0.0152651826261702,0.0249293754817798,0.0401206929378772,1.0188162491960244,1.050696975893116,1.150370010813502,67.01284091901383,-0.0113898681324489,0.0418974846291557,0.0011483076009501,0.0109084824738897,0.0070123710041035,0.9563548790068128,50.0,0.22,0.5,0.62,0.6,0.68,0.92,0.48,0.14,0.3,-0.0104208456303704,0.0025859840213209,0.0358433172562523,57.28204049322226,0.9302938029542248,0.0260191453465106,-0.0042773756816248,18178.099609375,-0.0048449082967022,0.0,-0.010306104143509612,0.004647354986842276,0.21474747474747474,0.7852525252525253,0.004535735138542127,0.13333333333333333,0.8666666666666667
2021-10-21,18178.099609375,-0.0048449082967022,-0.0161795935625379,0.0009002221358074,0.0301541204451434,0.0359868809540637,1.0125416770778175,1.0437397293590172,1.1431495672311796,63.01008168447891,-0.0161795935625379,0.0368495868615625,0.0063558413638964,0.0116665141219821,0.0071526037281931,0.9339425187605288,50.0,0.38,0.36,0.62,0.6,0.6,0.88,0.48,0.2,0.32,-0.0024606909130281,-0.0136781304914092,0.0230383281868495,55.28210461195476,1.0206815504288185,0.02697326578033,-0.0129485527672141,18114.900390625,-0.0034766680845673,0.0,-0.007867057999211856,-0.016060705119893028,0.3063636363636364,0.6936363636363637,0.007503568292992759,0.4666666666666667,0.5333333333333333
2021-10-22,18114.900390625,-0.0034766680845673,-0.016496755174754,-0.0121956414818594,0.0182430805676225,0.0163806319757597,1.0081552174333763,1.03847748832165,1.137599835491636,60.24276136863273,-0.0196000105705451,0.0332448049944242,0.0028935703129204,0.0121592923322744,0.0064344777487695,0.8283374575882038,50.0,0.32,0.2,0.5,0.46,0.6,0.84,0.4,0.14,0.16,-0.0068519101311669,-0.027281386378393,0.0014702595973073,51.32170464251796,0.8082157782362653,0.0277362067173354,-0.0149103723784523,18125.400390625,0.0005796333280105,1.0,-0.00935385330831399,-0.03647121441261945,0.24404040404040403,0.7498989898989898,0.006950458218782786,0.13333333333333333,0.8666666666666667
2021-10-25,18125.400390625,0.0005796333280105,-0.0077299126147994,-0.0190317380618905,0.012863850749077,0.0152466327485509,1.007900661012563,1.0374894444686489,1.136695458761438,60.55273769675816,-0.0190317380618905,0.0338437081193929,0.0063262621876909,0.0123652517836159,0.0064314236545196,1.060214727033323,50.0,0.26,0.14,0.5,0.38,0.58,0.78,0.42,0.08,0.24,-0.0087495989752192,-0.0417804950471349,-0.0026578155109103,47.92234426283848,0.833850061148838,0.0282096696086514,-0.0179044482594613,18268.400390625,0.0078894808897,1.0,-0.008103746834926108,-0.04706217534933093,0.18595959595959596,0.8140404040404042,0.007182735187139935,0.2,0.8
2021-10-26,18268.400390625,0.0078894808897,0.0049675589412783,-0.0081628562945368,0.0179679084089963,0.0231474923294738,1.014321093180731,1.0438050709088824,1.144005289439428,64.60071633905605,-0.0112924077059274,0.0420001982975377,0.0016054602242083,0.0123411835855871,0.0066214078640332,0.8595057967548243,50.0,0.76,0.3,0.56,0.42,0.62,0.86,0.42,0.18,0.08,0.0077442073560169,-0.0264465260451771,0.0133368336323812,49.792500194597565,0.8654950746733009,0.0282922777551655,-0.0098106586970926,18210.94921875,-0.0031448386638428,0.0,0.012175865437990199,-0.02347091177664435,0.7724242424242426,0.2275757575757576,0.005388814079752289,0.8666666666666667,0.8666666666666667
2021-10-27,18210.94921875,-0.0031448386638428,0.0053022001807256,-0.003046565415297,0.012172110833426,0.0260499205318025,1.0100604358575465,1.038871584322575,1.1388165477959564,61.85446708662532,-0.0144017335694088,0.0387232757861994,0.0015025518470728,0.0119984831167449,0.0064903122469132,0.8506210904292439,50.0,0.46,0.34,0.58,0.46,0.62,0.86,0.44,0.24,0.14,-0.0016196875009638,-0.0156080862852553,0.0092925862341113,50.6760102465384,0.8554062501852373,0.0285580465708784,-0.0167573342976912,17857.25,-0.0194223384240636,0.0,0.0037494073579128428,-0.009696784241106546,0.5091919191919192,0.49080808080808075,0.0054836918364316,0.4666666666666667,0.5333333333333333
2021-10-28,17857.25,-0.0194223384240636,-0.0147941774993116,-0.017650338389032,-0.0167660054785468,0.0082404573527714,0.9913450413599766,1.0179480024164482,1.115402889674383,48.25395098810708,-0.0335443566501942,0.0185488407949281,-0.0012793857061009,0.0130359295969224,0.0079585552040919,0.9727945095082734,50.0,0.14,0.18,0.4,0.3,0.5,0.82,0.36,0.14,0.34,-0.0187270296593284,-0.0214145370915809,-0.005413835214877,45.77100078932534,0.9223873258346816,0.0303749486714574,-0.0136542925676485,17671.650390625,-0.0103935157639054,0.0,-0.018874154633175287,-0.0204249411525701,0.201010101010101,0.7989898989898989,0.006546773650895216,0.2,0.8
2021-10-29,17671.650390625,-0.0103935157639054,-0.0326656952573822,-0.0244688069181653,-0.036366035603362,0.0030366411237168,0.9828160273578762,1.0070769600241332,1.1026709451325094,42.92084490491501,-0.0435892286144657,0.0079625373618184,-0.0013551481191113,0.0137841921857191,0.0082302515441757,0.8796005855290673,50.0,0.38,0.26,0.44,0.24,0.44,0.78,0.4,0.2,0.26,-0.0053197466733589,-0.0213195745751081,-0.0063128655759079,43.96804972177407,0.9776520499304644,0.0317001968659882,-0.0093495066996247,17929.650390625,0.0145996550575078,1.0,-0.0035884468486832165,-0.014720180753663468,0.4443434343434343,0.5556565656565656,0.005993817737236086,0.4,0.6
2021-11-01,17929.650390625,0.0145996550575078,-0.0154466867567438,-0.010799761427684,-0.0296259612589518,0.0226784427181914,0.9974341283331838,1.0209079633013662,1.117448974268534,51.024061413659226,-0.0296259612589518,0.0160744866046129,0.0063095408484965,0.0139029543898682,0.0087362456900291,0.737419033383159,50.0,0.92,0.5,0.54,0.4,0.64,0.84,0.4,0.28,0.04,0.0158918657449236,0.0027971724333837,0.0079854043954541,47.68296163961804,0.6987015747876597,0.0315036320763812,-0.0146930383227372,17888.94921875,-0.0022700482713416,0.0,0.015548526579698579,0.008656673318429868,0.9028282828282829,0.09717171717171717,0.006162875895962651,0.9333333333333333,0.9333333333333333
2021-11-02,17888.94921875,-0.0022700482713416,0.0017751455991263,-0.0207709029669465,-0.0287642093654564,0.0111749717374407,0.9956279025847172,1.0178484034206243,1.113638969586146,49.82241532862932,-0.0318287571681509,0.0137679484727417,0.0023006583564824,0.0140182344590792,0.0085614409979817,0.777218376337319,50.0,0.44,0.34,0.42,0.36,0.56,0.84,0.42,0.14,0.0,-0.0019162092359824,-0.0066825088582234,-0.0145914041501771,46.88278963669848,0.699516528158066,0.0319249331194539,-0.0257663758876179,17829.19921875,-0.0033400508475575,0.0,-0.0020143110869124395,-0.005648785118233427,0.46292929292929297,0.537070707070707,0.004879976106347476,0.5333333333333333,0.5333333333333333
2021-11-03,17829.19921875,-0.0033400508475575,0.0089153431989907,-0.0209626634731895,-0.0239453647629366,0.0003870677296198,0.9930304449333868,1.0138742594279966,1.1087067385650664,48.03400952559536,-0.0350624983483522,0.0103819119772186,0.0032981255231112,0.0141651662719083,0.0084475823206622,0.879009985128532,50.0,0.44,0.28,0.42,0.42,0.58,0.84,0.42,0.1,0.12,-0.0019249566636612,-0.012375193347078,-0.0211873787663084,48.54964936394428,0.6990703448038049,0.0314144933131814,-0.0215744464959282,17916.80078125,0.0049133761659847,1.0,0.003815412115065827,-0.005639779765630291,0.5648484848484848,0.4351515151515152,0.0045276368729016145,0.5333333333333333,0.5333333333333333
2021-11-04,17916.80078125,0.0049133761659847,-0.0007166681499667,0.0033348237410575,-0.0143743754154719,0.0153462983820695,0.998108288336373,1.0181029755896498,1.1128901410914205,50.821268007516345,-0.0303213974260722,0.013872523799761,0.0059369779428277,0.0138142549825805,0.0081744764372646,0.1350241512270493,50.0,0.82,0.7,0.46,0.46,0.6,0.86,0.38,0.02,0.0,0.0047989891597551,0.0131674279611139,-0.0029243549802526,49.231450738715296,0.0850440534642441,0.0298238927079588,-0.0182706533623221,18068.55078125,0.0084697040421863,1.0,0.004861821018292945,0.01833662648931133,0.7917171717171717,0.17272727272727273,0.003356707994063542,0.8666666666666667,0.8666666666666667
2021-11-08,18068.55078125,0.0084697040421863,0.0100398050385068,0.0224597240128494,-0.0025586455556215,0.0156377574349857,1.0059333125824794,1.0256510434800472,1.1209517094323929,55.29449158440332,-0.0221085066462303,0.0224597240128494,0.0068873030964957,0.0138844368219086,0.0081884844087224,0.9542581199228484,50.0,0.78,0.9,0.46,0.56,0.66,0.9,0.4,0.32,0.12,0.0091533458279015,0.030236346086338,-0.0070537432840994,51.49358129606208,0.859560527579099,0.0297412994565763,-0.0226915007190852,18044.25,-0.0013449214352717,0.0,0.012118793451543894,0.034539376095912865,0.8213131313131312,0.1786868686868687,0.008913783914555483,0.8666666666666667,0.8666666666666667
2021-11-09,18044.25,-0.0013449214352717,0.0120617184547382,0.0063916254292901,-0.0044771640281653,0.0083290931510742,1.0041423746329292,1.023297619702317,1.1181152389636473,54.44052320803545,-0.0234236938770117,0.0210845960133223,0.0008743826948973,0.0135183624111559,0.0081114823997652,0.7666335650446872,50.0,0.52,0.68,0.44,0.56,0.64,0.88,0.44,0.18,0.06,0.0003222334415505,0.0099799635778708,-0.0037651446296185,50.431232717525226,0.7280882783896883,0.0284802787790417,-0.0120942377806927,18017.19921875,-0.0014991358050348,0.0,3.596366148869966e-05,0.01888290698502027,0.588080808080808,0.4119191919191919,0.00414864462996102,0.5333333333333333,0.5333333333333333
2021-11-10,18017.19921875,-0.0014991358050348,0.0056035917754395,0.0071692304803223,-0.0137505838772786,0.0039702553000404,1.002385284187767,1.0208922537829812,1.1151470260000054,53.45092387211966,-0.0248877143838693,0.0195538515354694,-0.0039237308976544,0.0131315034081552,0.0081021762318297,0.7539007296743864,50.0,0.5,0.68,0.38,0.5,0.6,0.9,0.36,0.1,0.1,-0.0006389319340828,0.0114021975414339,-0.0149642721851096,50.28505477438352,0.7459023228846202,0.0277787062892335,-0.0189345274851501,17873.599609375,-0.007970140510272,0.0,0.0007915439712995591,0.021813094250947154,0.5258585858585858,0.47414141414141414,0.004820173373114937,0.5333333333333333,0.5333333333333333
2021-11-11,17873.599609375,-0.007970140510272,-0.0107895300644312,0.0024903188348641,-0.0185245483540015,-0.0065779203762793,0.9949271268811218,1.0122492521872533,1.1050907296141337,48.41924152237719,-0.0326594963135223,0.0114278640809426,-0.0027612504804979,0.0127686389516561,0.0082828211963537,0.6815345538899737,50.0,0.18,0.58,0.34,0.38,0.5,0.84,0.38,0.02,0.08,-0.0089355126338067,0.005947273677041,-0.0275890262510178,48.45623062984512,0.7125706583707294,0.0274173222456283,-0.0210111058747384,18102.75,0.0128206066843303,1.0,-0.007374390857759875,0.010398564631703577,0.19050505050505048,0.8094949494949495,0.004342373481085317,0.13333333333333333,0.8666666666666667
2021-11-12,18102.75,0.0128206066843303,0.0032420300095599,0.0103784833587365,0.0137479175124948,-0.003248585626385,1.0069459286625733,1.024213657117452,1.1179320653615183,55.60174618365188,-0.0202576041859359,0.0243949829158969,0.0058186376708053,0.0124866646642084,0.0085231461016805,0.7602044708934157,50.0,0.84,0.62,0.38,0.54,0.64,0.88,0.42,0.12,0.04,0.0100328895216768,0.0107387757575664,-0.01605437521899,50.926803693937664,0.7220316256769477,0.025873128752166,-0.0128057895926049,18109.44921875,0.0003700663573213,1.0,0.010951929558083322,0.016508205447002645,0.8561616161616161,0.14383838383838385,0.004687604160428129,0.8666666666666667,0.8666666666666667
2021-11-15,18109.44921875,0.0003700663573213,0.005120107674893,0.002263515098424,0.024774077035683,-0.0124928935351992,1.0066169471853057,1.023605499557048,1.1170303930464591,55.7955411583989,-0.0198950344864036,0.024774077035683,0.0021101334741959,0.01195331289934,0.0082040499636262,0.8908374634642268,50.0,0.44,0.52,0.36,0.6,0.66,0.88,0.44,0.14,0.06,-0.0010158162087302,0.000940050663464,-0.0205100663055364,52.6679557557377,0.6661228308924728,0.0247780376343879,-0.0080171727703372,17999.19921875,-0.0060879819517564,0.0,0.0013772646775088333,0.005751213497198745,0.41979797979797984,0.5802020202020202,0.005207948922036484,0.4,0.6
2021-11-16,17999.19921875,-0.0060879819517564,0.0070271021014212,-0.0024966835002839,0.0038789840632567,-0.0258618958272772,1.0004421197181108,1.016681116680838,1.10901354920578,51.78913990944382,-0.022778461146929,0.0185352709500619,0.0009719546015665,0.0118785123904166,0.0080566234630273,0.8777717596467904,50.0,0.28,0.48,0.32,0.56,0.58,0.86,0.46,0.14,0.12,-0.006155833395096,-0.002099701305624,-0.0318302348102138,50.58127989779857,0.7514745706172155,0.0251240959849987,-0.0059683389829365,17898.650390625,-0.005586294529162,0.0,-0.005584883258535521,5.527713078202721e-05,0.221010101010101,0.778989898989899,0.005353116010710121,0.2,0.8
2021-11-17,17898.650390625,-0.005586294529162,-0.0112745085346148,-0.0065797589672889,0.0005422997044919,-0.0282375084832032,0.9953412284809036,1.010565641388783,1.1016911685726056,48.37736583891191,-0.0202398673169955,0.0128454329381948,-0.0033251262263186,0.0118225272714923,0.0081046255433432,0.9823593900534866,50.0,0.32,0.38,0.34,0.48,0.56,0.82,0.54,0.14,0.1,-0.0062661545142257,-0.0070183021859995,-0.0180270158799636,49.08398687634916,0.7942770265823966,0.0247636278052032,0.0102104926032395,17764.80078125,-0.0074781956434608,0.0,-0.005027272014787567,-0.005732756374445866,0.2658585858585859,0.7341414141414141,0.00476986569639805,0.2,0.8
2021-11-18,17764.80078125,-0.0074781956434608,-0.0190314146684903,-0.0060871246141115,-0.0036119646603238,-0.0274708396119582,0.9890378208292406,1.0028901150459673,1.092436676171329,44.20275776068002,-0.0275667052728622,0.0052711766340973,-0.0004525262630551,0.0112907927032548,0.0080715867494085,0.939382180756837,50.0,0.16,0.32,0.38,0.28,0.5,0.78,0.54,0.04,0.26,-0.0117364584241319,-0.01123226046737,-0.0161782213255775,45.82798884245312,0.8561010960974309,0.0240824391377649,0.0112926182863807,17416.55078125,-0.0196033721001568,0.0,-0.012259942263723138,-0.010523929587645635,0.10818181818181817,0.8918181818181818,0.005000673277688067,0.0,1.0
2021-11-22,17416.55078125,-0.0196033721001568,-0.0323707977459934,-0.0379057998784715,-0.0279207212329732,-0.0418937537195717,0.972460278405286,0.9838771274896484,1.070264899847088,35.59609877609566,-0.0466296769919797,0.0,0.0017703108037774,0.0124272283211214,0.0090251717955042,1.20450167291899,50.0,0.16,0.06,0.22,0.1,0.32,0.72,0.52,0.12,0.5,-0.0197427912845546,-0.043593941088137,-0.0362568534484942,40.5108667103082,1.068663124497046,0.0246943620095614,0.0056369002710774,17503.349609375,0.0049836979327988,1.0,-0.013897451142656007,-0.0347992148977857,0.2633333333333333,0.7366666666666667,0.007237527556545787,0.13333333333333333,0.8666666666666667
2021-11-23,17503.349609375,0.0049836979327988,-0.0220855077127519,-0.0334686937219196,-0.0312809355170596,-0.0337595442460448,0.9794235196008776,0.9892157104248916,1.0747902909321403,38.79485106292978,-0.0418783672840129,0.0049836979327988,-0.0077398092735515,0.0125906624537188,0.0091545338100434,1.046442671004253,50.0,0.8,0.1,0.36,0.18,0.36,0.76,0.58,0.36,0.14,0.0086416959571943,-0.0292512786752389,-0.0157106816746416,44.09283556914816,1.0004239082708055,0.0248741210806176,0.0180488625714032,17415.05078125,-0.0050446817378146,0.0,0.01012726661369571,-0.026513230439067097,0.7884848484848486,0.2115151515151515,0.004841861944966247,0.8666666666666667,0.8666666666666667
2021-11-24,17415.05078125,-0.0050446817378146,-0.0196878087351898,-0.0324541347868123,-0.0348697905842581,-0.0391908368403499,0.9768566208385746,0.9848346610676714,1.06863071286551,36.79287919676339,-0.0467117859871805,0.0,0.0026681276965401,0.0129906185866334,0.0091679815111635,1.031255945894522,50.0,0.34,0.18,0.34,0.08,0.36,0.74,0.64,0.18,0.12,-0.0066831171457003,-0.0373578218273993,-0.0155232034849261,43.36996189848544,0.8080715585527318,0.0251574569832786,0.0236676333554237,17536.25,0.006959452503032,1.0,-0.0012255577330799517,-0.022162312636585045,0.28686868686868683,0.6464646464646465,0.0052368126285751975,0.26666666666666666,0.7142857142857143
2021-11-25,17536.25,0.006959452503032,0.006872728145395,-0.0202473584720566,-0.026693894700875,-0.040077421940058,0.9851886176155952,0.9920119058758504,1.075253944824679,41.27263135358516,-0.0370490967080029,0.006959452503032,0.0001291985896718,0.0128269057462602,0.0091176307117665,0.8985568313494153,50.0,0.46,0.16,0.2,0.16,0.42,0.76,0.62,0.12,0.14,-0.0012555250935299,-0.0269885726942069,-0.0317962218594047,44.36831660561806,0.8127656810489421,0.0242556553803537,0.0082812000806533,17026.44921875,-0.0290712541877539,0.0,0.0020091424791462108,-0.015248847781923392,0.49040404040404045,0.5095959595959596,0.005533446819572504,0.6,0.6
2021-11-26,17026.44921875,-0.0290712541877539,-0.0272462357930374,-0.0415626142725619,-0.0473967420743079,-0.0650432871879318,0.9605228716434354,0.9645659026022426,1.0435381439473772,31.24228151891144,-0.0598030335941246,0.0,-0.0112623850595195,0.0150241072213114,0.0109478356960668,1.246479735520999,50.0,0.1,0.12,0.14,0.12,0.12,0.7,0.54,0.08,0.52,-0.0322710510987674,-0.0478423829899525,-0.0601773989031332,37.754398519775336,1.0955303835467842,0.0278593186104311,0.0048658882847986,17053.94921875,0.0016151341742889,1.0,-0.030401741062914378,-0.03351097860545794,0.07666666666666666,0.9233333333333335,0.009258206417677637,0.06666666666666667,0.9333333333333333
2021-11-29,17053.94921875,0.0016151341742889,-0.0207350278236788,-0.020819366994891,-0.0579359921144577,-0.0449845738425569,0.9655618317689924,0.9674089877034552,1.0447534735766175,32.19948396967396,-0.0582844893431195,0.0016151341742889,0.0017238804240919,0.0155301206187284,0.0103092632642814,1.2260172886358844,50.0,0.36,0.2,0.2,0.1,0.12,0.66,0.54,0.26,0.44,-0.0035470884644583,-0.0313776253710061,-0.0406783309499038,37.585619750766526,1.1085591088707265,0.028113602773909,0.004306242892653,16983.19921875,-0.004148599194972,0.0,-0.004625575889390105,-0.02457954580753868,0.3719191919191919,0.6280808080808081,0.0044752804540666696,0.4,0.6
2021-11-30,16983.19921875,-0.004148599194972,-0.0315375739539525,-0.0297171914081177,-0.0621912895525234,-0.0389579443151631,0.9650896080402446,0.9647805059809872,1.0400009413351885,31.00364279520656,-0.0621912895525234,0.0,-0.0001641161287101,0.0167039014693256,0.0101427932973149,1.7016623669508466,50.0,0.42,0.16,0.22,0.08,0.12,0.64,0.48,0.42,0.54,-0.0043994579834204,-0.0361296994167035,-0.0433642131910226,37.21119026475345,1.8538146987490307,0.0284169901502651,-0.0044062688758594,17166.900390625,0.0108166411704213,1.0,-0.0032665504171198647,-0.03733202546476977,0.36868686868686873,0.6313131313131313,0.005393094026421874,0.3333333333333333,0.6666666666666666
2021-12-01,17166.900390625,0.0108166411704213,0.0082489995459729,-0.0142491913312232,-0.0462408809419689,-0.042541264518957,0.9778075201916656,0.9761649389877574,1.050714443541802,37.49464806528386,-0.0520473492451174,0.0108166411704213,0.007136533600877,0.0168730067730039,0.0098492263253054,1.0072604560793537,50.0,0.66,0.24,0.22,0.14,0.16,0.72,0.48,0.32,0.2,0.0066778623541107,-0.0291556676551775,-0.0462432638242209,40.27473346954844,1.0098767498100223,0.0293895417604018,-0.0037019993052639,17401.650390625,0.0136745711024337,1.0,0.007062705858104554,-0.029480017578520236,0.5939393939393939,0.4060606060606061,0.0070738652296979,0.6666666666666666,0.6666666666666666
2021-12-02,17401.650390625,0.0136745711024337,0.0203883081516813,-0.0076755069855299,-0.0277674567161957,-0.0272402152952754,0.9920120392701812,0.9899206632240722,1.0643932254871014,44.65950023487655,-0.0390845033206291,0.0246391252016295,0.0009494333720199,0.0168590331040125,0.0104630311756462,0.9567758806337486,50.0,0.94,0.34,0.26,0.28,0.32,0.76,0.44,0.42,0.04,0.0141420756850774,-0.0197840562499585,-0.0312457117138796,44.36481210335786,0.956771861179914,0.028716842599076,-0.0040054964186042,17196.69921875,-0.0117776858673942,0.0,0.015573668622798124,-0.01646994676553954,0.9712121212121212,0.02878787878787879,0.005331619973968177,1.0,1.0
2021-12-03,17196.69921875,-0.0117776858673942,0.0125712474575632,0.0099991488426438,-0.0319790561963186,-0.035475513635791,0.9821685086692968,0.9790963514173738,1.0513146671032931,40.31458136068118,-0.0504018641856299,0.0125712474575632,0.0013360801692996,0.0173075141438097,0.0107155091320819,1.0064689284976946,50.0,0.24,0.64,0.14,0.16,0.22,0.72,0.46,0.12,0.38,-0.0093389007126702,0.0094039149139208,-0.041518553085,42.385960639818165,0.9853304068557228,0.0304111858011558,-0.006043039449209,16912.25,-0.0165409195759996,0.0,-0.007348814194406492,0.007000803650379017,0.2727272727272727,0.7272727272727273,0.005419657269914588,0.2,0.8
2021-12-06,16912.25,-0.0165409195759996,-0.0148338013753529,-0.0083088800683309,-0.0289552614397629,-0.0560675308898487,0.9690676207072056,0.9643041200854008,1.0335760600034258,35.19650895963501,-0.0661090905796546,0.0,0.0007182519356117,0.0183850285243367,0.0110810424531431,0.7729001267596237,50.0,0.02,0.5,0.1,0.04,0.06,0.64,0.46,0.02,0.12,-0.017358275377409,-0.0002191986986914,-0.0568877740457886,38.56340852312121,0.6847009987510162,0.0310834389197179,-0.0008202431559399,17176.69921875,0.0156365485816494,1.0,-0.017564243478574378,-0.0059571584951862615,0.06666666666666667,0.9333333333333333,0.0040616207031800525,0.06666666666666667,0.9333333333333333
2021-12-07,17176.69921875,0.0156365485816494,-0.0129270021420606,0.0113936130353089,-0.018662164552209,-0.0493593301033022,0.9857018163117944,0.9801750083102052,1.049218362312406,42.504535027356944,-0.0515062600045427,0.0156365485816494,0.0077961010140579,0.0187904119618026,0.0115704936865361,0.8597820937944103,50.0,0.9,0.58,0.1,0.2,0.14,0.72,0.42,0.2,0.02,0.0131804228180935,0.0098348483589524,-0.0581059065394394,43.10613167006648,0.751878174858527,0.0303520135935048,-0.0087465764361371,17469.75,0.0170609485278816,1.0,0.01378312393387449,0.011537526081687838,0.8733333333333334,0.12666666666666665,0.00402981845483687,0.9333333333333333,0.9333333333333333
2021-12-08,17469.75,0.0170609485278816,0.0158780925209347,0.0176414846293619,0.0031409164082882,-0.0318383972733696,1.0022783896802114,0.9970190189105032,1.0664068219526732,49.32453961554011,-0.0353240571274621,0.0329642714600364,0.0080662052403386,0.0191477985926693,0.0123686278146415,0.8741353587413536,50.0,0.9,0.74,0.14,0.42,0.44,0.74,0.48,0.26,0.08,0.0154999861708698,0.01379282330233,-0.0391645400572468,47.61755155476851,0.7474214664138024,0.0294512689917288,-0.0073261427838771,17516.849609375,0.0026960665936832,1.0,0.015415698252109136,0.01962616091086468,0.9245454545454546,0.07545454545454545,0.0045579246001335285,1.0,1.0
2021-12-09,17516.849609375,0.0026960665936832,0.0357492119247881,0.0066200168469114,-0.0011063021241713,-0.0277706653126363,1.0045041197091369,0.9997185336380418,1.0685453001272305,50.34402658980528,-0.0327232265441534,0.0357492119247881,0.0031282869316962,0.0187152551730764,0.0124049403276355,0.8075993326750877,50.0,0.56,0.54,0.2,0.5,0.46,0.76,0.38,0.14,0.08,0.0015211739751209,0.0013617337111939,-0.0363613314032501,48.93526984133494,0.7381196224151576,0.0287326763431886,-0.0085906660906137,17511.30078125,-0.0003167708948091,0.0,0.0055934721559948945,0.009659034743826424,0.6048484848484849,0.3951515151515152,0.003895930801890669,0.6666666666666666,0.6666666666666666
2021-12-10,17511.30078125,-0.0003167708948091,0.0194799686621252,0.0182942993011694,0.0284763755654977,-0.0202700539366993,1.0037857535727144,0.9994252952109502,1.0674823427249711,50.21585449380214,-0.0330296316732092,0.0354211167201288,-0.002329119050218,0.0171071209723593,0.0123071064409829,0.6995518763041768,50.0,0.5,0.64,0.24,0.52,0.46,0.72,0.44,0.08,0.1,0.0001593432497049,0.0135205567259092,-0.0297096194601524,47.859817639239466,0.611222563723163,0.0272071296155928,-0.0094395655234531,17368.25,-0.0081690551168631,0.0,0.0002972217581784082,0.017363464140813294,0.3908080808080808,0.6091919191919192,0.003246542336425856,0.4,0.6
2021-12-13,17368.25,-0.0081690551168631,-0.0058100430744573,0.0269627045484781,0.0184297946017359,-0.0405739459474389,0.9960044953316728,0.9916007648361588,1.0581433276951266,46.90073753482104,-0.0409288659084442,0.0269627045484781,0.0061559577710197,0.0170257400871047,0.0119609961292918,0.8766505526041578,50.0,0.28,0.86,0.16,0.4,0.36,0.68,0.4,0.1,0.18,-0.007893215900402,0.0254840746256153,-0.0502483423605288,45.64397221736006,0.818023422789515,0.0268337584273704,-0.0096743964130899,17324.900390625,-0.0024959111813221,0.0,-0.004500512314327735,0.03082165854376658,0.32212121212121214,0.6778787878787879,0.0044362966962039055,0.3333333333333333,0.6666666666666666
2021-12-14,17324.900390625,-0.0024959111813221,-0.0109579760647867,0.008628035572354,0.0201199531062292,-0.0433226222757068,0.9941322148329635,0.9895477987117502,1.0549197042344889,45.91159246114004,-0.0374627126423809,0.0243994968513947,-0.0048969113900364,0.0166717147850021,0.0119482608580887,0.9273358769483464,50.0,0.52,0.74,0.16,0.4,0.38,0.68,0.4,0.08,0.14,0.0012936568333054,0.0125578341125789,-0.0493969895610492,45.99383588194992,0.756103547639793,0.0261399545292196,-0.0060743672853423,17221.400390625,-0.0059740603216401,0.0,0.0016303235154791484,0.018499766328412583,0.6536363636363637,0.3463636363636364,0.00471293154575181,0.6,0.6
2021-12-15,17221.400390625,-0.0059740603216401,-0.0165550460383506,-0.0142159795861417,0.0031747140578599,-0.0432129684588832,0.9893056399579028,0.984267803243664,1.0481105197804208,43.54998261464911,-0.0378380484125625,0.0182796724637466,-7.215048697628568e-05,0.0165493874346765,0.0119463086260958,0.7423648636983582,50.0,0.32,0.28,0.12,0.26,0.28,0.68,0.42,0.04,0.14,-0.0079337758659331,-0.0083273187595392,-0.0535859723504359,44.61015596225128,0.6892042680673418,0.0268686929096057,-0.0103730038915527,17248.400390625,0.0015678167505297,1.0,-0.006567649922661376,-0.003505508032698156,0.3115151515151515,0.6884848484848486,0.004629612154667057,0.26666666666666666,0.7333333333333333
2021-12-16,17248.400390625,0.0015678167505297,-0.0069005000143941,-0.0153251997212059,-0.0088066359546311,-0.0363295547881414,0.9917202714318728,0.9863597980775256,1.049234328609482,44.35411389159361,-0.0290687408760609,0.0198761483909593,0.0088029780352547,0.0150486020580292,0.0119447355915678,0.7680061580448208,50.0,0.48,0.26,0.14,0.32,0.26,0.68,0.48,0.12,0.1,-0.0005553712681911,-0.012115626649329,-0.0405658745200144,45.413594118953256,0.7710761528309634,0.0252995128477849,-0.0042363197318729,16985.19921875,-0.01525945397337,0.0,-0.00013739332517060128,-0.009279980928869712,0.4059595959595959,0.594040404040404,0.004132374143828382,0.26666666666666666,0.7333333333333333
2021-12-17,16985.19921875,-0.01525945397337,-0.0196076839817689,-0.0300435455407924,-0.0122988718538146,-0.0438846217359688,0.9787696163443292,0.9724025921160712,1.0328821324507649,38.58406384762242,-0.0314235244849954,0.0043133952460494,0.0016001257362974,0.0150858348081872,0.0122625849710942,1.2243840961276178,50.0,0.12,0.16,0.18,0.2,0.18,0.58,0.42,0.1,0.48,-0.0185371956569395,-0.0302447427403935,-0.0522700452136666,41.15828301104848,1.0639422714907876,0.0254200338781095,-0.0083854234776977,16614.19921875,-0.0218425462793778,0.0,-0.017056771486289545,-0.02637331131053627,0.10333333333333333,0.8966666666666666,0.006567782488388254,0.06666666666666667,0.9333333333333333
2021-12-20,16614.19921875,-0.0218425462793778,-0.0352585247484025,-0.0434154725576843,-0.0176233665686115,-0.0460683388219315,0.9612917362720348,0.9529879895187634,1.0102176072562392,32.221132374508755,-0.0525797009765486,0.0,-0.0094758511029018,0.0162040943960471,0.0124390868956965,1.1466227347611202,50.0,0.06,0.12,0.12,0.1,0.1,0.52,0.42,0.04,0.56,-0.0247593215551003,-0.0493254555821133,-0.0585232703005232,36.26552812521642,1.0504094969743754,0.0264735689046709,-0.0124549314785917,16770.849609375,0.009428705444209,1.0,-0.01974930436880348,-0.04128937284186872,0.04666666666666666,0.9533333333333334,0.007252652571028685,0.06666666666666667,0.9333333333333333
2021-12-21,16770.849609375,0.009428705444209,-0.0276866706729258,-0.0319800269414427,-0.0236279161791443,-0.0418491326715924,0.973102822708778,0.9634101062647692,1.019542368229261,36.94918436471639,-0.0436467540451921,0.009428705444209,0.0095671882696346,0.0164460632316932,0.0126142039952487,0.845806938424553,50.0,0.78,0.08,0.18,0.22,0.22,0.56,0.4,0.2,0.08,0.0114974418028154,-0.0340206486716506,-0.0496735644232648,39.4097925086276,0.8015440769146549,0.0259210128550934,-0.0078244317516724,16955.44921875,0.0110071709945933,1.0,0.014982062782495564,-0.028650212091146918,0.8674747474747474,0.13252525252525252,0.004700204965312727,0.9333333333333333,0.9333333333333333
2021-12-22,16955.44921875,0.0110071709945933,-0.0017515249374973,-0.0154430630403191,-0.0294395043575322,-0.0263910549715326,0.98533285231887,0.975008096532578,1.0304492085517298,42.07689758815594,-0.033120010335733,0.0205396598118843,0.0056467724701354,0.0159683341635355,0.0129211785518995,0.741374699117411,50.0,0.82,0.22,0.26,0.28,0.28,0.58,0.38,0.16,0.0,0.0065159206633244,-0.0188551187836809,-0.0354571244202073,43.727729439593936,0.7033393572584012,0.0251316299835131,-0.0090660694486747,17072.599609375,0.0069093062126275,1.0,0.01088191363690289,-0.011620391555440342,0.8212121212121214,0.17878787878787877,0.006453323640660457,0.8666666666666667,0.8666666666666667
2021-12-23,17072.599609375,0.0069093062126275,0.0275908808236553,-0.0101922947791467,-0.0253612955472448,-0.0264395404162806,0.9928839858824396,0.9824480538110116,1.0371811787291871,45.12683333207668,-0.0253612955472448,0.0275908808236553,0.0065673024090016,0.0152487660324424,0.0129195050866964,0.7099610782759118,50.0,0.72,0.26,0.28,0.28,0.3,0.6,0.42,0.04,0.02,0.0099574870551141,-0.0159421271409326,-0.0372212885486245,45.17272232448057,0.7217767180856448,0.0244204757240158,-0.0107817481323438,17003.75,-0.0040327548791804,0.0,0.006454036251819452,-0.005207451163480948,0.6907070707070707,0.3092929292929293,0.005170344141954954,0.8,0.8
2021-12-24,17003.75,-0.0040327548791804,0.0138872147833708,0.0010921733098969,-0.0289841849894699,-0.0013331739611922,0.9899283161446648,0.9793123108486932,1.0326594146794894,43.67144509442135,-0.0292917745380647,0.0234468586852125,0.0045043164125264,0.0149784366762583,0.0111784400409929,0.6793281125020927,50.0,0.22,0.44,0.48,0.28,0.26,0.58,0.48,0.06,0.06,-0.0091895506279273,-0.0046425653868153,-0.0082048104613094,43.64872786509202,0.5853187149840291,0.0244703800079548,-0.0068716365001172,17086.25,0.0048518709108285,1.0,-0.00670321504915152,0.005315827743521453,0.20161616161616167,0.7983838383838384,0.004412366900316077,0.13333333333333333,0.8666666666666667
2021-12-27,17086.25,0.0048518709108285,0.0077143801713819,0.0284124907276461,-0.0162365235415197,0.0018940352662999,0.9952307064098848,0.9846791817518392,1.0372809477534288,45.922060506242055,-0.0245820235360439,0.0284124907276461,-0.0038814967286627,0.0146529915188696,0.0112264911478175,0.5599597818941181,50.0,0.76,0.94,0.5,0.3,0.32,0.58,0.5,0.06,0.04,0.0037113423008475,0.0232746263521309,0.0004413768609438,43.72740206763034,0.4865193707264197,0.0241930542756902,-0.0014526584053561,17233.25,0.0086034091740434,1.0,0.003513620340106077,0.029255024619505278,0.7161616161616161,0.28383838383838383,0.0034491407010858494,0.6666666666666666,0.6666666666666666
2021-12-28,17233.25,0.0086034091740434,0.0094098376521865,0.0275716735523354,-0.0052900962521317,0.0147234203655772,1.003430598071673,0.9934176085239964,1.04572432607348,49.772928287961165,-0.0161901035688071,0.0372603441850731,0.0053463814104908,0.0139315611976225,0.0113308667275822,0.7258031259020991,50.0,0.94,0.9,0.54,0.44,0.34,0.62,0.4,0.14,0.02,0.0095126819550891,0.0264880312482842,0.0016418762395983,48.00573343522457,0.6354529121066252,0.023802443668977,-0.0130815441259789,17213.599609375,-0.0011402602889762,0.0,0.012153564972278468,0.026350659533232224,0.9545454545454546,0.045454545454545456,0.003334494825474708,1.0,1.0
2021-12-29,17213.599609375,-0.0011402602889762,0.0123413723075791,0.0152252168193531,-0.0004529702041099,0.0027203058028753,1.0020682207849252,0.9925851652311616,1.0440692971171708,49.26787081361363,-0.0173119029256094,0.0360775974052691,-0.0007630824496249,0.013721930793371,0.0110869262975527,0.6857506361323156,50.0,0.4,0.82,0.54,0.44,0.36,0.64,0.5,0.2,0.02,-0.0011360246002689,0.0152417350791571,0.0027816344358174,48.19621717377758,0.6945843774590301,0.0232584150716016,6.132863294217028e-05,17203.94921875,-0.0005606259494814,0.0,-0.0006306437815837743,0.014747536655684441,0.296969696969697,0.703030303030303,0.004148080962812988,0.26666666666666666,0.7333333333333333
2021-12-30,17203.94921875,-0.0005606259494814,0.006888534274636,0.0076935916251952,-0.0025771185077058,-0.0113610587178276,1.0013627697884626,0.9923389015177696,1.0430326692950356,49.00487713895647,-0.0178628233730759,0.0354967454184873,-0.0007058599537996,0.0136823031412436,0.0106232127659971,1.3487775652210474,50.0,0.44,0.6,0.36,0.44,0.34,0.64,0.5,0.24,0.22,-0.0013019170217107,0.0030147955125692,-0.0123546224628411,47.24161697346153,0.9412965538593486,0.0235233683991047,-0.0009935637450134,17354.05078125,0.0087248317576065,1.0,0.0003568869439128289,0.008690790010696286,0.47424242424242424,0.5196969696969697,0.003976100863984523,0.5333333333333333,0.5333333333333333
2021-12-31,17354.05078125,0.0087248317576065,0.0070097504098183,0.0206013838859075,0.0217160574774315,0.0091501026155318,1.0091288545049577,1.000957760254037,1.0515874577288846,53.19032679111631,-0.0092938417441152,0.0445312803078128,0.0023570623659947,0.0132071093940699,0.0104675134053771,0.7211642267996718,50.0,0.88,0.94,0.52,0.64,0.44,0.64,0.44,0.14,0.02,0.0101801395608779,0.0258455615890874,0.002514823046684,50.20947487490648,0.6908170149152252,0.0227815793220681,-0.0066352795688477,17625.69921875,0.0156533158122078,1.0,0.010169526175655133,0.025767862745183757,0.8766666666666667,0.12333333333333334,0.004503389123510202,0.8666666666666667,0.8666666666666667
2022-01-03,17625.69921875,0.0156533158122078,0.0239403505790014,0.0315721248811178,0.0608816583142008,0.0421853519638131,1.0224978454959572,1.0159636571686943,1.0673256049209798,59.64555422726778,0.0,0.0608816583142008,0.0019073131565778,0.0135798342346664,0.0101792298625837,0.8717012303812878,50.0,0.88,0.96,0.86,0.9,0.58,0.72,0.42,0.2,0.0,0.0110860766599804,0.0317029301547436,0.034746051319616,55.37167992763925,0.720904491445929,0.0225224388415551,-0.007439300644197,17805.25,0.0101868742352642,1.0,0.011491336590315046,0.03385808455882304,0.9122222222222223,0.08777777777777777,0.005932431760774379,0.9333333333333333,0.9333333333333333
2022-01-04,17805.25,0.0101868742352642,0.0349513227227304,0.0331916498629103,0.0616784727499293,0.0365932227865919,1.029686189045821,1.0252552023432824,1.077360030648305,63.252718542990735,0.0,0.071688726345946,0.0031602248049114,0.0137439633951262,0.0098664292069027,1.0771742679873737,50.0,0.72,0.92,0.76,0.92,0.7,0.78,0.42,0.24,0.14,0.0055313914545119,0.0276595367990378,0.0300881496604984,57.65535659882994,0.9193131963341472,0.0225151670701499,-0.0065050731260934,17925.25,0.006739585234692,1.0,0.00794397148868419,0.02951434800368637,0.7317171717171718,0.2682828282828283,0.005712600806880808,0.8,0.8
2022-01-05,17925.25,0.006739585234692,0.032914460488219,0.0413423343620362,0.0571969971858696,0.0260736415804461,1.033022482760061,1.030864692856,1.0837085079431044,65.47398002937439,0.0,0.078911463862213,0.0008340017340391,0.0136577297313048,0.0092812382059127,1.096529473317056,50.0,0.68,0.88,0.78,0.94,0.74,0.82,0.48,0.42,0.16,0.0046654102319081,0.0349443901570254,0.0234603051592235,59.22740403320296,1.17102309245272,0.0224544949592905,-0.0026133364212225,17745.900390625,-0.0100054174627969,0.0,0.006975981199195183,0.037389329474901846,0.6962626262626264,0.30373737373737375,0.005833588920400495,0.7333333333333333,0.7333333333333333
2022-01-06,17745.900390625,-0.0100054174627969,0.0068196540961695,0.0315015561243545,0.0394375078579287,0.0130760260182523,1.020481773511056,1.0197286614778998,1.072088255371584,59.66867873477372,-0.0100054174627969,0.0681165042608744,-0.0087446479128603,0.0135461996087596,0.0096114429500532,1.0312874741087976,50.0,0.3,0.82,0.66,0.82,0.72,0.76,0.56,0.24,0.4,-0.0083607362769658,0.0299186412777587,0.016470643687533,56.71047562608023,1.128625471749404,0.0223596774207093,0.0033946176692807,17812.69921875,0.0037641836511315,1.0,-0.004515181390632392,0.03246387245722656,0.33818181818181814,0.6484848484848486,0.0045421659953248875,0.26666666666666666,0.7333333333333333
2022-01-07,17812.69921875,0.0037641836511315,0.0004183720391457,0.0264288979720828,0.0475747537307946,0.0172116532783628,1.0219557129555632,1.0226219998836072,1.0753092987049784,61.05375813837865,-0.0062788960405015,0.0721370909437169,0.002913304910542,0.0119934592210231,0.0096321560041462,1.0356393222686258,50.0,0.64,0.78,0.68,0.8,0.74,0.76,0.54,0.36,0.1,0.0035088311802758,0.0268267907452699,0.023776843977346,57.21950250669587,0.9604810216785232,0.0211717293601794,0.0065651906989832,18003.30078125,0.0107003189218717,1.0,0.003840785990278606,0.026034379013496502,0.5324242424242425,0.4675757575757576,0.005258642602427494,0.5333333333333333,0.5333333333333333
2022-01-10,18003.30078125,0.0107003189218717,0.0043542366912594,0.0214233522207341,0.0536718578535371,0.0365638899284614,1.0296655655713238,1.0322057403533162,1.085877431845957,64.77141821549436,0.0,0.0836092997447826,0.0056477438519875,0.0114004934301017,0.009621432079737,1.011072197689848,50.0,0.7,0.76,0.82,0.9,0.78,0.78,0.5,0.34,0.04,0.0061921839851175,0.0192721037217948,0.037009872487385,59.98767727720428,0.8859691363545357,0.0206161333601023,0.0004459825589235,18055.75,0.0029133112526023,1.0,0.009755427768050346,0.024231345237050773,0.6994949494949495,0.3005050505050505,0.005388521384929247,0.8,0.8
2022-01-11,18055.75,0.0029133112526023,0.0174603487315128,0.0140688841774194,0.0477275035179087,0.0421849241782932,1.0294626629329744,1.0337853257567733,1.088076917041217,65.7405476580075,0.0,0.0867661909111534,-0.0003083201973596,0.0110378387202533,0.0095689788788648,0.9686998218331392,50.0,0.5,0.7,0.8,0.88,0.78,0.78,0.48,0.24,0.1,-4.200707693102768e-05,0.0127529631328622,0.0386064650036802,59.2324679240819,0.9293758534595096,0.0203858879783376,-0.0035784591746129,18212.349609375,0.0086731157318304,1.0,0.0011435375451996916,0.017216537886913953,0.4452525252525253,0.5547474747474747,0.004334404451227353,0.4666666666666667,0.5333333333333333
2022-01-12,18212.349609375,0.0086731157318304,0.0224362622260145,0.0160164912274585,0.0580209847251269,0.0575417327437235,1.0346084569112703,1.0410061894417408,1.096450061838607,68.52469908784369,0.0,0.0961918398583665,0.0063497994060064,0.0109782196364285,0.0094776333127311,1.070733999082228,50.0,0.74,0.68,0.88,0.84,0.8,0.78,0.4,0.32,0.2,0.0058610784023535,0.0137669948240208,0.0479887147693387,61.64504930257088,1.0204155591399064,0.020096274634736,-0.0095530179743847,18257.80078125,0.0024956237305924,1.0,0.00627860684613867,0.016495406574491712,0.7117171717171717,0.2882828282828283,0.00504898276343495,0.6666666666666666,0.6666666666666666
2022-01-13,18257.80078125,0.0024956237305924,0.0141362966209539,0.0288461210396195,0.0612563748648735,0.0585213914197886,1.0335297420867045,1.0418226671913495,1.098102639029227,69.30439932647856,0.0,0.0989275222271988,0.0024516545960668,0.0104127611305087,0.0094733269769468,1.3032936380216715,50.0,0.72,0.9,0.92,0.96,0.86,0.82,0.44,0.38,0.14,0.0055098635174793,0.023880748482117,0.0498070474583869,63.37343653627353,1.0105004229301635,0.0202931417384149,-0.0087143439614016,18255.75,-0.0001123235637506,0.0,0.007598479333612272,0.02874485326038679,0.7808080808080808,0.21919191919191922,0.006903576335268632,0.7333333333333333,0.7333333333333333
2022-01-14,18255.75,-0.0001123235637506,0.0110768037882669,0.024872748133738,0.0519590054285326,0.0748034076543202,1.0301355009623392,1.0400047021173715,1.0969098986165875,69.22107821160232,-0.0001123235637506,0.0988040867715984,-0.0039873795383266,0.0099774627636889,0.0085015727452728,1.0120386294483397,50.0,0.42,0.8,0.96,0.9,0.88,0.82,0.5,0.18,0.16,-0.0025127877914543,0.0225649472256799,0.074775337031373,60.57942859499564,0.861103853930042,0.0210266964443099,-2.8070622947184987e-05,18308.099609375,0.0028675682661627,1.0,-0.0035122236011161604,0.021399319935842136,0.39808080808080804,0.5885858585858587,0.005087852366061734,0.4,0.6
2022-01-17,18308.099609375,0.0028675682661627,0.0052574215877512,0.0169301636310181,0.0387162167103742,0.1019549825015546,1.0298440553821064,1.041231715468487,1.0989612634512684,70.20578077447219,0.0,0.0916620228435336,-0.001101001567999,0.0096711516292714,0.0060418513035814,1.1928882925192887,50.0,0.68,0.74,0.96,0.86,0.82,0.84,0.56,0.44,0.1,0.004727055605485,0.017942752158937,0.1110558558855845,63.29595099238316,1.0329706267640266,0.0210127918973048,0.0091008733840298,18113.05078125,-0.0106536905679234,0.0,0.005998244489677675,0.017563051933639915,0.7308080808080809,0.2691919191919192,0.006691899358193841,0.8,0.8
2022-01-18,18113.05078125,-0.0106536905679234,-0.007928118053991,0.0031735475541032,0.017287080004493,0.0800317934474055,1.0170444074236684,1.028922658966541,1.0863101447059986,62.21871457572347,-0.0106536905679234,0.0682731284535875,0.0015894391005006,0.0103894926171616,0.0068600722850741,1.0206370569762224,50.0,0.16,0.58,0.96,0.68,0.72,0.72,0.54,0.1,0.34,-0.0139188006765131,0.0036119297197408,0.0841546881537381,56.03436214902557,0.9762636483059302,0.021418179868865,0.0041228947063326,17938.400390625,-0.0096422404339412,0.0,-0.01621117395038419,-0.00012590465188812617,0.13424242424242425,0.8657575757575758,0.005769964167345329,0.06666666666666667,0.9333333333333333
2022-01-19,17938.400390625,-0.0096422404339412,-0.0173835426851813,-0.0150419481629642,0.0007336238336983,0.0579725820999195,1.006543993575527,1.0182427871307584,1.075024484945508,56.067811108099264,-0.0201932055558998,0.0549673096008234,0.0008915360363652,0.0109947427197181,0.00727235440333,1.222497128214191,50.0,0.28,0.34,0.92,0.56,0.64,0.74,0.52,0.2,0.4,-0.0071594573108063,-0.0109501897993069,0.0622599295251818,53.44055957911944,1.1452885188306523,0.0218527850389216,0.0042873474252623,17757.0,-0.010112406160797,0.0,-0.006786918823675727,-0.013033070777937543,0.23212121212121212,0.7678787878787878,0.0050842777068753585,0.26666666666666666,0.7333333333333333
2022-01-20,17757.0,-0.010112406160797,-0.0301014098204271,-0.0274294142679167,0.0006254745676845,0.0400876495837914,0.9967104244513096,1.0076319203404458,1.0634745399416596,50.48522404627569,-0.0301014098204271,0.0442990516797765,-0.0009700079296978,0.0115028753122511,0.0077520991002446,1.1251335033457572,50.0,0.3,0.14,0.76,0.5,0.56,0.7,0.58,0.14,0.38,-0.0073963221004398,-0.0216948571620484,0.0461891708370847,51.7416761389635,1.022231752503789,0.0228367506774736,0.0061015212532933,17617.150390625,-0.0078757453046686,0.0,-0.0031844907548309125,-0.023767870982741624,0.3593939393939394,0.6406060606060605,0.007078775261488576,0.3333333333333333,0.6666666666666666
2022-01-21,17617.150390625,-0.0078757453046686,-0.0273780710170779,-0.034980738089369,-0.0109780570436602,0.0360744183268397,0.989910779863374,0.9997079833974144,1.0545207468424498,46.63044748662546,-0.0377400840880386,0.031071791096642,-0.008070100875711,0.0115072225286759,0.0079543785206568,1.1855901257767625,50.0,0.3,0.1,0.76,0.34,0.44,0.68,0.52,0.24,0.48,-0.01427196906156,-0.0345186923111566,0.0442834239923397,49.10792239115004,1.1554510845501424,0.0238021121286848,0.0082090056654999,17149.099609375,-0.0265679051873833,0.0,-0.015087566632229562,-0.03498709236101279,0.19313131313131313,0.8068686868686868,0.007809304248619089,0.13333333333333333,0.8666666666666667
2022-01-24,17149.099609375,-0.0265679051873833,-0.0440006223555198,-0.0633053142996071,-0.0474469199983943,0.0036783735094008,0.9669620532178644,0.9741736666988776,1.026233696374246,36.56711141073204,-0.0633053142996071,0.0,-0.0023840404985332,0.0134259215796955,0.0101267198596539,1.331989551409943,50.0,0.04,0.04,0.56,0.16,0.24,0.54,0.52,0.04,0.76,-0.0238055793455343,-0.0637922405200118,0.0069400921390758,40.9791041609498,1.238133038767545,0.0258010490164553,0.003261718629675,17277.94921875,0.0075134912216943,1.0,-0.02817582459307884,-0.06763521553026572,0.030000000000000002,0.9700000000000001,0.007647356213243969,0.0,1.0
2022-01-25,17277.94921875,0.0075134912216943,-0.0269781371430984,-0.0461049644582495,-0.0430777332013347,0.0025937776536637,0.9766244794435625,0.9822059580966236,1.033595193155152,40.38152739877267,-0.0562674670011895,0.0075134912216943,-0.0086038819230099,0.0144688737854701,0.010082136704127,1.302769132551273,50.0,0.72,0.2,0.54,0.3,0.38,0.58,0.54,0.46,0.24,0.0090733298859886,-0.0393521395561205,0.0080637945974438,45.1105667295911,1.1720668131367358,0.0267230886450011,0.0054700169437801,17110.150390625,-0.0097117329146276,0.0,0.01256486528687518,-0.04015498926905725,0.7112121212121212,0.2887878787878788,0.006182682365068095,0.8,0.8
2022-01-27,17110.150390625,-0.0097117329146276,-0.0287787745894364,-0.046171898383585,-0.0605193312444777,-0.0060097377130614,0.9701759740181576,0.9737107381405862,1.0233173271902498,37.24084785437864,-0.0654327453045191,0.0,-0.0124985445909084,0.01520148002425,0.010320488068095,1.5081104778605874,50.0,0.3,0.18,0.48,0.3,0.4,0.56,0.5,0.22,0.6,-0.0091919138474061,-0.0312435946148325,-0.006741420513151,43.18318321971245,1.3896270287180217,0.0277570173316779,-0.0007316828000896,17101.94921875,-0.0004793161771092,0.0,-0.010740157755130954,-0.04380623498362905,0.18646464646464647,0.8135353535353536,0.007163349218194843,0.06666666666666667,0.9333333333333333
2022-01-28,17101.94921875,-0.0004793161771092,-0.0027494382620079,-0.0368897213070901,-0.0633072721270466,-0.0059288712552599,0.9725163428111616,0.9742662756251548,1.0225945699927126,37.08901775036867,-0.0658806985082912,0.0,0.0057363838647952,0.0156095226979302,0.0103203754838083,1.3456294500833208,50.0,0.6,0.24,0.5,0.36,0.4,0.54,0.52,0.38,0.3,0.0024279133380304,-0.0268015943019036,0.0003185339269934,44.02775427963657,1.127844114756939,0.0287198865307174,0.0062474051822534,17339.849609375,0.0139107178709299,1.0,0.0035595682628548732,-0.03743201518070785,0.6542424242424242,0.3457575757575757,0.006562096340506276,0.7333333333333333,0.7333333333333333
2022-01-31,17339.849609375,0.0139107178709299,0.0035826237154248,-0.0157403879232118,-0.050170515625214,-0.000818320290404,0.9873570119070276,0.9882911112824786,1.0364398801625212,44.19632448833399,-0.05288642844745,0.0139107178709299,0.0116420391590048,0.0158208922177012,0.0106184780805197,1.1836997516327843,50.0,0.88,0.36,0.54,0.4,0.44,0.6,0.56,0.4,0.06,0.013432598611778,-0.0208632167179261,0.0037738673116284,46.149555391966885,0.9492858898278524,0.0286736333592916,0.0045921876020325,17576.849609375,0.0136679386118703,1.0,0.011802778428577904,-0.011337649155453546,0.8723232323232323,0.12767676767676767,0.005635105121254629,0.8666666666666667,0.8666666666666667
2022-02-01,17576.849609375,0.0136679386118703,0.0272761611146161,0.02494300049235,-0.0399413382930006,-0.0027714990916805,1.0007709275168877,1.0017283420385037,1.0500771198704306,50.2287877556918,-0.0399413382930006,0.027768787320707,0.0109343283619074,0.0166682173082748,0.0104728463716971,1.3747465044295015,50.0,0.72,0.86,0.54,0.56,0.54,0.7,0.54,0.38,0.14,0.0127935783891347,0.024184784109441,0.0076918018377121,51.58162797477407,1.0336062187922432,0.0295793476156715,0.0104633009293926,17780.0,0.0115578385853996,1.0,0.016899200058080373,0.03396213116687026,0.7456565656565656,0.25434343434343437,0.008309320375862928,0.7333333333333333,0.7333333333333333
2022-02-02,17780.0,0.0115578385853996,0.0396475730676715,0.0290573131622111,-0.0183873376866343,-0.0014181210597997,1.0111495586434058,1.0127776789410994,1.061556593388526,54.74479298707191,-0.0288451352484764,0.0396475730676715,0.0073590894983825,0.0166607635610838,0.0105478455511823,0.9608162686884432,50.0,0.78,0.82,0.54,0.72,0.62,0.72,0.56,0.22,0.08,0.005739405902119,0.0318293682742962,0.0064606005693139,52.93413584569847,0.7753664080510865,0.0295049907273131,0.0078787216291137,17560.19921875,-0.0123622486642295,0.0,0.0060771110286812645,0.027386301577618358,0.7655555555555557,0.2011111111111111,0.005595685035486935,0.8666666666666667,0.8666666666666667
2022-02-03,17560.19921875,-0.0123622486642295,0.0127077001438273,0.0263030317005039,-0.0210833275899369,-0.0203651709878522,0.998777940478635,1.000247370094304,1.0479283449400445,49.510371870434966,-0.0408507931780108,0.0267951912462462,-0.0006889763779527,0.0175264365625936,0.0107663240865456,0.806362649680622,50.0,0.22,0.88,0.42,0.48,0.5,0.74,0.52,0.12,0.1,-0.0113078175796944,0.0257762843499077,-0.0093778814984977,49.50450860992341,0.7091545297969484,0.0296666912046137,0.0109872894893545,17516.30078125,-0.0024998826581151,0.0,-0.009770454302517332,0.028446980938651122,0.24383838383838385,0.7561616161616161,0.005118251713373182,0.2,0.8
2022-02-04,17516.30078125,-0.0024998826581151,-0.0034448054953321,0.0242283237542138,-0.0135551736639072,-0.0129381775126099,0.9966341004233826,0.9978350358247724,1.0448376004957334,48.51270433445166,-0.0432485536466901,0.0242283237542138,0.0017084088640615,0.017521227277742,0.0105638168279986,0.9260965067668108,50.0,0.32,0.76,0.48,0.48,0.46,0.7,0.54,0.1,0.08,-0.0038621407320404,0.022358560389916,-0.0033019983297586,49.70725371619915,0.7021398096948961,0.0299853781618248,0.0096361791828513,17213.599609375,-0.0172811129276234,0.0,-0.0013897445928300672,0.023594340512563764,0.3565656565656566,0.6434343434343435,0.003761731393339704,0.3333333333333333,0.6666666666666666
2022-02-07,17213.599609375,-0.0172811129276234,-0.0318560399676602,-0.007280916665606,-0.0229067001360645,-0.0336332861189491,0.981335398119735,0.981338256067652,1.026508095927386,42.19827542862061,-0.0597822834347886,0.0065285184277468,-0.0034253807781278,0.0191760673941539,0.0111389704780187,0.9345959195189476,50.0,0.16,0.34,0.38,0.3,0.42,0.64,0.5,0.04,0.2,-0.0139698228196533,-0.0099560224050203,-0.0360282542557944,43.56314622209776,0.7602294483162112,0.0305058218298878,-0.0023949681368453,17266.75,0.0030876976246183,1.0,-0.013916664962732505,-0.002421304094410313,0.16606060606060605,0.8339393939393939,0.004889679112941786,0.06666666666666667,0.9333333333333333
2022-02-08,17266.75,0.0030876976246183,-0.0167110415488149,-0.0176425022837768,0.0068604412654227,-0.0409119855408459,0.98583337426871,0.9849721262775222,1.029373668568946,43.58674633247818,-0.056879175424726,0.0096363741432068,0.0038487011144328,0.0191077320236664,0.0108202427461809,0.9409497108813738,50.0,0.6,0.32,0.32,0.28,0.42,0.66,0.52,0.16,0.14,0.0030320134914744,-0.018462522601232,-0.0374182717878502,45.64770690195054,0.8475316205222216,0.0304356320742852,0.0034937137529957,17463.80078125,0.0114121523303458,1.0,0.00331602458576372,-0.015720587583010273,0.6725252525252525,0.3274747474747475,0.004894856785840481,0.6666666666666666,0.6666666666666666
2022-02-09,17463.80078125,0.0114121523303458,-0.0029972081808619,-0.0177839830568053,0.0107565753404526,-0.0327845267435581,0.9973608500460712,0.996360756229746,1.040695222083082,48.52370666592273,-0.0461161369087516,0.0211584982431873,0.0059854697250496,0.0187534843679037,0.0111853490449578,0.8261112664243779,50.0,0.84,0.28,0.36,0.44,0.5,0.66,0.46,0.16,0.06,0.011394836965176,-0.016143008046598,-0.0397130490715675,48.991918821556766,0.6587707116309574,0.0295969832910537,-0.0069285223280093,17605.849609375,0.008133901085124,1.0,0.01164746723394179,-0.010258125606417727,0.8845454545454545,0.11545454545454546,0.005850208298776301,0.9333333333333333,0.9333333333333333
2022-02-10,17605.849609375,0.008133901085124,0.0227872152775279,0.0025996510663874,0.0289710614713007,-0.0333015790388625,1.004949439381131,1.0042892047873564,1.0486471824763577,51.79849521609261,-0.0383573399196713,0.0294645004601312,0.0051706286195127,0.0182656354782651,0.0111598904770313,0.9513543586355576,50.0,0.8,0.54,0.36,0.54,0.5,0.68,0.48,0.22,0.1,0.0067783302109146,0.0030544070987178,-0.0384761444878919,49.5508313250081,0.8560255082279535,0.0293423974621317,-0.0051745654490294,17374.75,-0.0131262969128136,0.0,0.00503647214539956,0.004453499422965946,0.741111111111111,0.2588888888888889,0.004208145901821988,0.8666666666666667,0.8666666666666667
2022-02-11,17374.75,-0.0131262969128136,0.0062547960675864,-0.0080810887537122,0.01595144376589,-0.048365670752463,0.992537252627175,0.9914523859580368,1.0345232577565162,46.603977629909394,-0.0509801469999137,0.01595144376589,-0.0087953500007488,0.0186389019215076,0.0113998639844135,0.8878832526485653,50.0,0.12,0.26,0.3,0.38,0.42,0.7,0.48,0.08,0.32,-0.0130199265075923,-0.0082227170354389,-0.0514958999987615,46.59197204999128,0.7988525890063825,0.0289821205168361,-0.0031302292462985,16842.80078125,-0.0306162228952934,0.0,-0.012372093325980642,-0.006588185221114074,0.09939393939393938,0.9006060606060606,0.0044055025938872895,0.06666666666666667,0.9333333333333333
2022-02-14,16842.80078125,-0.0306162228952934,-0.0355592695873361,-0.0215410394420382,-0.0286651175945761,-0.0773974894896128,0.9656304236168408,0.9625663250398112,1.002821624251813,37.32528381750604,-0.0800355503514229,0.0,-0.0171858363069972,0.0189977161779492,0.0130035296454654,1.0576057605760576,50.0,0.02,0.18,0.18,0.14,0.22,0.5,0.52,0.02,0.4,-0.0321010797317031,-0.0215711730586939,-0.0752601196152266,40.17522749981303,0.9465491108283904,0.0299789184962164,0.0021373698743862,17352.44921875,0.0302591263839775,1.0,-0.03147195098745913,-0.024299174457400038,0.013333333333333334,0.9866666666666667,0.006860854394692445,0.0,1.0
2022-02-15,17352.44921875,0.0302591263839775,-0.0143929657612243,0.004963251263266,-0.0127668151922578,-0.0521982298007402,0.9953377881592508,0.9920159149659386,1.0328252865578584,48.00603914538314,-0.0419919080272964,0.0302591263839775,0.0053702005934008,0.0187007231154232,0.0150410046983175,1.0283687943262412,50.0,0.96,0.6,0.18,0.44,0.42,0.7,0.52,0.34,0.04,0.0294516834110419,0.003769106610941,-0.0511885370256396,47.87299733928805,0.857449588739961,0.029267835182646,0.0010096927751006,17322.19921875,-0.0017432697608654,0.0,0.02981492120466137,0.0013663812505115822,0.9700000000000001,0.030000000000000002,0.0064702404241277905,1.0,1.0
2022-02-16,17322.19921875,-0.0017432697608654,-0.0030245489143728,-0.0081082900723438,-0.0257480754358829,-0.0436619745646968,0.9942083890458356,0.990663926404336,1.0307066097889943,47.48874254317143,-0.0343509542911663,0.0284631068030967,0.003227210135817,0.0179981602622641,0.0149204200298216,0.8393120730493289,50.0,0.42,0.38,0.26,0.44,0.46,0.68,0.58,0.16,0.06,-0.0012858354441906,-0.0071365968636025,-0.0421101552669823,48.421046074823295,0.775563056333135,0.0293081833656047,0.0015518192977145,17304.599609375,-0.0010160147191904,0.0,-0.00010484911689989338,-0.010229940328064678,0.37363636363636366,0.6263636363636363,0.004694979602371599,0.26666666666666666,0.7333333333333333
2022-02-17,17304.599609375,-0.0010160147191904,0.0274181731484404,-0.0171107902591413,-0.0145556212768976,-0.0353320679351787,0.993842054551425,0.990058957527208,1.0293556149457506,47.17026821532779,-0.0267379297314398,0.0274181731484404,0.0042922703728935,0.0176476549340745,0.0148159568661994,0.8028919330289194,50.0,0.42,0.3,0.26,0.46,0.46,0.64,0.54,0.12,0.12,-0.002627275874909,-0.0170058455220045,-0.0310847669627613,48.29600664561396,0.6691281193999254,0.0284356926284001,0.0042473009724174,17276.30078125,-0.0016353356196504,0.0,-0.001640720580801286,-0.016717960175596274,0.4397979797979799,0.5602020202020201,0.0035299266079497262,0.5333333333333333,0.5333333333333333
2022-02-18,17276.30078125,-0.0016353356196504,-0.0043883394522612,-0.0056662236147282,-0.0137015231125114,-0.0270709702511685,0.992952823629952,0.988888179521376,1.0273893854851637,46.62878134449542,-0.0283295398622047,0.0257379996136146,-0.0039613068012196,0.0170710702441874,0.0146830618306524,0.6637377255780574,50.0,0.36,0.46,0.3,0.38,0.4,0.62,0.5,0.08,0.06,-0.0028363147748903,-0.001004871563922,-0.025398700939373,48.59766057789865,0.5767599423940821,0.0269497312690393,0.0016722693117955,17206.650390625,-0.004031556958107,0.0,-0.0032905066400177718,-0.007672427553044726,0.26080808080808077,0.7391919191919192,0.004591719506012959,0.13333333333333333,0.8666666666666667
2022-02-21,17206.650390625,-0.004031556958107,-0.0066705634005136,0.0216026784440774,-0.0004037051463783,-0.0233011577297114,0.9899915564036708,0.9854849272659246,1.023010766387752,45.25190099474261,-0.0322468846667604,0.0216026784440774,-0.0048650913360585,0.0167354360932425,0.0146170314273027,0.7616755446227901,50.0,0.22,0.72,0.28,0.16,0.32,0.58,0.54,0.04,0.12,-0.0071055425496404,0.0225036177626022,-0.0190723462850832,45.76953293730721,0.6928416769320245,0.0264608501930162,0.0042288114446281,17092.19921875,-0.0066515660675804,0.0,-0.0100557050616627,0.014273485791050144,0.14202020202020202,0.857979797979798,0.006010025695221239,0.06666666666666667,0.9333333333333333
2022-02-22,17092.19921875,-0.0066515660675804,-0.0122742158396966,-0.0149978828186853,-0.0101090698162653,-0.0033179812305652,0.98496312638967,0.9797394463844464,1.016042300632548,43.00471223750487,-0.0386839584505062,0.0148074207335895,-0.0208466589215085,0.0174538719087893,0.0134182264536189,1.066642971387951,50.0,0.36,0.18,0.54,0.14,0.18,0.54,0.6,0.18,0.34,-0.0061968895378345,-0.0170568123070958,0.0037031763527988,44.61788101760255,1.011056559561033,0.027428970583464,0.007021157583364,17063.25,-0.0016937094155936,0.0,-0.007637074208855476,-0.022622308992449627,0.23535353535353537,0.7313131313131314,0.006434555526818641,0.13333333333333333,0.8666666666666667
2022-02-23,17063.25,-0.0016937094155936,-0.0123319675865578,-0.0149489805237724,-0.0229360599257437,-0.0124261980418954,0.98486176401702,0.9789215390782208,1.0141768982955617,42.43074817307486,-0.0403121484814398,0.0130886318500786,0.0059852322068523,0.0171605241449355,0.013301406293758,0.7279073572454415,50.0,0.48,0.2,0.46,0.18,0.2,0.56,0.54,0.16,0.06,-0.0015036952775325,-0.0206433791810772,-0.0070705684048361,44.15567940668047,0.7228363449546531,0.026319588889908,0.0053556296370593,16247.9501953125,-0.0477810384708364,0.0,-0.0007695142188369063,-0.023171039031610184,0.5336363636363636,0.46636363636363637,0.004431144716124352,0.5333333333333333,0.5333333333333333
2022-02-24,16247.9501953125,-0.0477810384708364,-0.0557168404976046,-0.0610617661150648,-0.0771277413013585,-0.0503911523644419,0.9433921580960808,0.9346345985215652,0.9660480012673754,30.204254027956395,-0.0861670306348425,0.0,-0.0301437070531698,0.0211198086654251,0.0169157047603003,1.64656396613399,50.0,0.0,0.0,0.08,0.0,0.02,0.22,0.48,0.0,0.96,-0.0520894281806334,-0.0635594189207231,-0.0526983902980238,34.12604591457757,1.5652686446244628,0.0305733866212315,-0.0023072379335818,16658.400390625,0.0252616601096495,1.0,-0.04997215646083949,-0.07033531653699962,0.0,1.0,0.0089275047143041,0.0,1.0
2022-02-25,16658.400390625,0.0252616601096495,-0.0253799304918659,-0.0357657810227296,-0.0412293477244276,-0.025935571580268,0.970252493948766,0.9598166720711524,0.9905460845526384,39.63477884659281,-0.063082092765748,0.0252616601096495,0.0164759364778044,0.0209574717027202,0.0180165349700127,1.1911297312915343,50.0,0.94,0.08,0.3,0.08,0.14,0.38,0.56,0.54,0.06,0.0262980587708421,-0.0349488525657301,-0.0220666005735639,42.27763482485994,1.0568247034740297,0.0306387316870035,0.003868971006704,16793.900390625,0.0081340342903666,1.0,0.02994750125261046,-0.03958795007547829,0.9600000000000001,0.04,0.009638061527386962,1.0,1.0
2022-02-28,16793.900390625,0.0081340342903666,-0.0157853638301612,-0.0239878181185622,-0.002903340795875,-0.0314852337851203,0.980184786605585,0.968853961932423,0.9986170994553752,42.40159849917514,-0.0554611703810461,0.0336011736095798,-0.0106133108284214,0.0216254243961708,0.0178073456674549,1.43840856924254,50.0,0.68,0.26,0.24,0.16,0.22,0.44,0.5,0.52,0.28,0.0080452987127817,-0.0245014141187494,-0.0317206615988414,43.162938618640936,1.3681133876380316,0.031443180781311,-0.000235427813721,16605.94921875,-0.0111916331229355,0.0,0.016653311580276053,-0.013541584608398842,0.7758585858585858,0.22414141414141414,0.007116507591680321,0.8,0.8
2022-03-02,16605.94921875,-0.0111916331229355,0.0220334884791055,-0.0284486503917288,-0.0430198636854892,-0.0552374522284783,0.9720649274547432,0.9595909963356224,0.987564354957236,39.68449992945702,-0.0660321024325084,0.0220334884791055,-0.0119567686230945,0.0223211859884687,0.0175627689845315,1.8002573286504155,50.0,0.3,0.22,0.14,0.14,0.14,0.42,0.5,0.26,0.54,-0.0126523960363076,-0.0232541893358615,-0.0578743792216421,41.072483069533874,1.3961279687846335,0.0334899586154731,-0.0026369269931638,16498.05078125,-0.006497577228417,0.0,-0.004829106219319927,-0.010326143405451115,0.37757575757575756,0.6224242424242424,0.010267050121272702,0.3333333333333333,0.6666666666666666
2022-03-03,16498.05078125,-0.006497577228417,-0.0096257507092482,-0.0331237729477092,-0.0475775868348125,-0.0721006309758155,0.9689094560341868,0.9551030324824844,0.981331663644872,38.1722427916696,-0.0629222021489439,0.0153927469576842,0.0070607225431962,0.0229594391680537,0.017253211605242,1.4930010300052343,50.0,0.34,0.28,0.1,0.2,0.16,0.38,0.46,0.32,0.38,-0.0060825975169946,-0.0336600540011099,-0.0760070332830278,41.33839283611363,1.2264580441243913,0.0347422636380184,-0.0039064023072122,16245.349609375,-0.0153170320073322,0.0,-0.0059045528792139295,-0.014711782730637828,0.3427272727272727,0.6406060606060606,0.007951049108493983,0.3333333333333333,0.6666666666666666
2022-03-04,16245.349609375,-0.0153170320073322,-0.0326636914886205,-0.0001600562474797,-0.0612120490453957,-0.0748766909188058,0.9582604681798323,0.942674234641523,0.9666247014762716,34.82510248396284,-0.0772754527719891,0.0,-0.0096132923846827,0.0235865533496682,0.0173446727857322,1.4828180369973016,50.0,0.18,0.5,0.08,0.18,0.14,0.3,0.44,0.18,0.56,-0.0169865609261384,-0.0042238336076841,-0.0795265827717407,38.35383588846811,1.3803043352517737,0.0363989189757483,-0.0046498918529348,15863.150390625,-0.0235266847399477,0.0,-0.01874464733797944,0.017941863359904737,0.13555555555555557,0.7977777777777779,0.006879434217683946,0.13333333333333333,0.8571428571428571
2022-03-07,15863.150390625,-0.0235266847399477,-0.044730886403428,-0.0477386772650482,-0.0817970472104013,-0.0943778261900243,0.9414798046674406,0.9233751291959844,0.944410562915604,30.472916163156043,-0.0989841022964336,0.0,-0.0232312275904919,0.0240143483788192,0.0178941298576668,1.8079619506470244,50.0,0.2,0.28,0.12,0.24,0.14,0.3,0.48,0.2,0.62,-0.0210148927030909,-0.0487960105691728,-0.0980389884242091,35.34173266421912,1.38270714111587,0.0371102076439422,-0.0036611622341847,16013.4501953125,0.0094747765094835,1.0,-0.011147082506322832,-0.022136405379855575,0.26999999999999996,0.73,0.012800316030575142,0.26666666666666666,0.7333333333333333
2022-03-08,16013.4501953125,0.0094747765094835,-0.0293732024687575,-0.0464722415376583,-0.0693452919786533,-0.0697210020737827,0.9549109222182538,0.9346116587431792,0.9538012945463978,33.96773429421992,-0.0904471780342005,0.0094747765094835,-0.0072747460487546,0.0229929698380383,0.0179113528288908,1.609617434561175,50.0,0.74,0.34,0.18,0.3,0.22,0.32,0.52,0.6,0.2,0.0083610856249357,-0.0482595130352049,-0.0526084097972238,38.41534662959778,1.4539430197941374,0.0364017801993351,0.0171125922765589,16345.349609375,0.0207262900882942,1.0,0.007877159052392176,-0.03164171798348397,0.685050505050505,0.30888888888888894,0.00751593810921675,0.8,0.8
2022-03-09,16345.349609375,0.0207262900882942,0.0061556077526512,-0.0156931474342191,-0.0436953489610461,-0.0533626994440181,0.9770566746601754,0.9557073609392216,0.9738261580576084,41.01825128224131,-0.0715955223955105,0.0303974435642353,0.0040309742060704,0.0233788875791708,0.018668611547325,1.3304356586692765,50.0,0.76,0.36,0.2,0.38,0.22,0.34,0.52,0.64,0.14,0.0139710855958833,-0.0267204032732683,-0.0509864254835084,41.71770089090025,1.3122715321770406,0.0360673113347976,0.0023762739605097,16594.900390625,0.0152673871904744,1.0,0.015066179024029399,-0.013471662672929137,0.7717171717171717,0.22828282828282828,0.00760276997945877,0.8666666666666667,0.8666666666666667
2022-03-10,16594.900390625,0.0152673871904744,0.0461289202952055,0.0058703667881219,-0.0274478548561968,-0.0497543691381257,0.9927326241910096,0.9714300020587868,0.9888051777911656,45.7118597629581,-0.0574212117665526,0.0461289202952055,0.0251906511540038,0.0239092627137111,0.0188397155578271,1.3514677484336144,50.0,0.88,0.56,0.24,0.44,0.34,0.44,0.52,0.58,0.1,0.0138706590633476,0.0055510940452213,-0.0462822878425465,47.26677137663084,1.2024041413470874,0.0366088369142301,0.0034720812955791,16630.44921875,0.0021421537513466,1.0,0.014464132641338355,0.006329141603803058,0.8633333333333333,0.13666666666666666,0.007326349984908413,0.9333333333333333,0.9333333333333333
2022-03-11,16630.44921875,0.0021421537513466,0.0385300491719211,0.0237052214101174,0.0235413709938532,-0.0554020630793986,0.995346530809491,0.9745232757135872,0.9910128537590032,46.366609757972896,-0.0428380714110994,0.0483698892862081,-0.0039831278175277,0.0241240116147483,0.018710949494781,0.9457637379268594,50.0,0.58,0.78,0.34,0.44,0.32,0.42,0.52,0.18,0.1,0.0014082239224403,0.018565225903804,-0.0478535347265466,47.9859166260784,0.7627750260817863,0.036584679764226,0.007548528352852,16871.30078125,0.014482565042708,1.0,0.004488772727654276,0.030230631739637023,0.6046464646464647,0.3953535353535353,0.006124880089227566,0.6666666666666666,0.6666666666666666
2022-03-14,16871.30078125,0.014482565042708,0.03217741953793,0.0635529743966123,0.0127803621976103,-0.0289759115239067,1.008823812433721,0.9890776181315786,1.0053115926184233,50.70457453849128,-0.0277279841845092,0.0635529743966123,0.0001954246669617,0.0237842688795768,0.0189168617889709,0.8586864580206827,50.0,0.74,0.92,0.34,0.56,0.42,0.48,0.5,0.14,0.08,0.0072442772736319,0.0624674076862857,-0.0283890347137117,49.88250902071199,0.7597272859919,0.0367446149622736,0.000586876810195,16663.0,-0.0123464565033122,0.0,0.0060547992190801226,0.04893459293985041,0.8028282828282828,0.1971717171717172,0.005132368209732221,0.8666666666666667,0.8666666666666667
2022-03-15,16663.0,-0.0123464565033122,0.0041036467693094,0.0405627642241419,-0.0077945198899758,-0.0106752305382701,0.9967131417211048,0.977753046692302,0.9929697112461522,47.15250350883056,-0.0397320983371628,0.0504218638592561,0.0017396174578083,0.0241240307800751,0.0178368555649749,1.030529712796554,50.0,0.36,0.82,0.42,0.42,0.34,0.46,0.46,0.18,0.22,-0.0083615814355397,0.0362215890442505,-0.0132746170668932,47.297451831797545,0.9147388139388256,0.0370997892282146,-0.0025993865286231,16975.349609375,0.0187451004846066,1.0,-0.00566843516693222,0.03492969438171268,0.4203030303030303,0.5796969696969697,0.006096647904916101,0.5333333333333333,0.5333333333333333
2022-03-16,16975.349609375,0.0187451004846066,0.0207390904531996,0.0385430728039404,0.0222450632456412,-0.0217317800283506,1.0139098873263697,0.9962342284139624,1.0114664526943955,52.52342308155104,-0.0200234164839508,0.0701121272485256,0.0128218442432335,0.0242357850068605,0.016960019697631,0.7058312520360517,50.0,0.92,0.92,0.4,0.68,0.5,0.56,0.52,0.12,0.0,0.0188041656690833,0.0408877655410103,-0.0202862066690786,51.45199151308934,0.6979715800337554,0.0363403378439112,0.0014455733592719,17287.05078125,0.0183619883565082,1.0,0.015811424472484504,0.03539156157066055,0.92,0.08,0.0038774919605950474,1.0,1.0
2022-03-17,17287.05078125,0.0183619883565082,0.0246424389791002,0.0417086197767126,0.0478238314611503,-0.0020290978677784,1.0293385657410572,1.0139494338688164,1.029731205998787,57.19827301503612,-0.0010141135028338,0.0897615136692213,0.0134047773086412,0.0217710560860238,0.0174984413431201,1.184255712587505,50.0,0.9,0.9,0.48,0.92,0.64,0.7,0.52,0.6,0.08,0.0209570656376189,0.0422472292867459,-0.0010560355265914,55.00008260001053,1.1345998365706649,0.0338104123237508,0.000973062341187,17117.599609375,-0.0098022024704637,0.0,0.01923305503995966,0.040345404815208055,0.9299999999999999,0.07,0.005877002648578495,0.9333333333333333,0.9333333333333333
2022-03-21,17117.599609375,-0.0098022024704637,0.0272819785977915,0.0292926777994524,0.0536922886225013,-0.0108063754274146,1.017383695409021,1.0038526159438137,1.0194383752649876,54.08066761638673,-0.0098022024704637,0.0790794506677166,0.0024555500696534,0.0209688177129855,0.0176362392869347,0.7489113897487015,50.0,0.18,0.86,0.4,0.66,0.42,0.58,0.46,0.06,0.1,-0.0132348757249819,0.0213246994704737,-0.0135216485308582,50.87515664540248,0.7677740698727087,0.0340195365777985,-0.0027152731034435,17315.5,0.0115612232521558,1.0,-0.010669861094862247,0.024607877498016503,0.23272727272727275,0.733939393939394,0.0062138306285184595,0.2,0.8
2022-03-22,17315.5,0.0115612232521558,0.0200379019255747,0.0263286882564302,0.0915549291036998,0.0022689590350581,1.0262971003987036,1.0148431710693926,1.030904038492278,57.026612239254064,0.0,0.0915549291036998,0.000163619976744,0.0201867054948188,0.0178331141464864,0.8704377918719687,50.0,0.84,0.86,0.46,0.82,0.58,0.62,0.46,0.28,0.06,0.0073627231690606,0.0244089171436147,-0.0082696590361823,53.80916016658546,0.8189864343571195,0.0330382164250673,-0.0105386180712405,17245.650390625,-0.004033935455228,0.0,0.0076167014985183456,0.0260600221335181,0.8488888888888888,0.1511111111111111,0.005755618656388323,0.8666666666666667,0.8666666666666667
2022-03-23,17245.650390625,-0.004033935455228,-0.0023948787534021,0.0349667161150453,0.0769478270006542,0.0022665654915177,1.0200046718202382,1.0103234639321854,1.026472269477917,55.66909550380378,-0.004033935455228,0.0871516669738594,0.0051717121220871,0.0199683947545585,0.0178331443213811,0.7442038216560509,50.0,0.44,0.92,0.46,0.72,0.56,0.6,0.46,0.14,0.1,-0.0043563977632535,0.0341528663145129,-0.0038562579772232,53.32884445215551,0.7027809151396613,0.0314612900301351,-0.0061228234687409,17222.75,-0.0013278937068936,0.0,-0.001596457893728452,0.030481027301113482,0.41373737373737374,0.5862626262626262,0.004120638780986414,0.4666666666666667,0.5333333333333333
2022-03-24,17222.75,-0.0013278937068936,0.006142823352838,0.0145740969298426,0.0536789002128017,0.0076380329751122,1.0168440845291236,1.008626593345585,1.0248531710006867,55.2051035591224,-0.0053564725246166,0.0857080451168459,-0.0087385032435148,0.0194748680692792,0.0177640572546072,0.7405423331037474,50.0,0.5,0.62,0.52,0.68,0.56,0.58,0.52,0.06,0.08,5.347210338735309e-05,0.0083840455897593,0.010921721644585,52.86949003792544,0.6874244413181136,0.0306904915106104,0.0032836886694728,17153.0,-0.0040498758909001,0.0,0.002177738114229231,0.016685384262431067,0.6388888888888888,0.3611111111111111,0.005672624865035025,0.6666666666666666,0.6666666666666666
2022-03-25,17153.0,-0.0040498758909001,-0.009384655366579,-0.0077544043195265,0.0336307899558281,0.0052598420582246,1.0115000548725908,1.0043628946993812,1.0204924250387188,53.73601578808023,-0.009384655366579,0.081311062280371,0.0038466563121453,0.0189464966951845,0.0177873918521709,0.6019981973061151,50.0,0.24,0.32,0.54,0.62,0.54,0.56,0.54,0.04,0.06,-0.0053700397055624,-0.0129038724930121,0.0101302197923066,51.464905203109424,0.5860491229759197,0.0300915150823728,0.004870377734082,17222.0,0.0040226199498629,1.0,-0.004745729188220064,-0.007034936425389001,0.30979797979797985,0.6902020202020203,0.0035121986352761045,0.26666666666666666,0.7333333333333333
2022-03-28,17222.0,0.0040226199498629,-0.0013713829336269,0.006099008798396,0.035570342897476,0.0599490885298572,1.0140653240021156,1.008070873348298,1.0243467683026863,55.0114557417918,-0.0053997863186162,0.0856607657315076,0.0016818987567772,0.0176151326959806,0.0137026688934255,0.660036755601319,50.0,0.64,0.58,0.74,0.64,0.58,0.58,0.5,0.12,0.04,0.0033402978765275,0.0066248268970028,0.0597831514438617,54.01855806220124,0.6953795685953261,0.0284324166149977,-0.0001659370859955,17325.30078125,0.005998187274997,1.0,0.002045643068199156,0.005604299944501436,0.5462626262626263,0.4315151515151515,0.004765879132822325,0.6,0.6
2022-03-29,17325.30078125,0.005998187274997,0.0059543790190299,0.0005660120267967,0.02690960263743,0.0400338793033403,1.01819412052074,1.0135563397637088,1.030178443170674,56.92602523342564,0.0,0.0921727623214818,0.0043664625914527,0.0165385708394634,0.0126958753192734,0.6205130912162162,50.0,0.7,0.54,0.64,0.7,0.56,0.62,0.48,0.16,0.04,0.0029038822345955,0.0012667120866698,0.0354030761329563,53.37490161787344,0.6202644505428963,0.0269986331213413,-0.004630803170384,17498.25,0.0099824655821947,1.0,0.007376430937300448,0.005338220542933969,0.7773737373737373,0.22262626262626262,0.0065589454461443325,0.8,0.8
2022-03-30,17498.25,0.0099824655821947,0.0201276744592782,0.0146471489131148,0.0501260277260997,0.0419407995160072,1.0255883180811518,1.0227246362544442,1.0400434335952704,59.99558963261418,0.0,0.1030753393311665,0.008245144553542,0.0154327613883837,0.0127491798810227,1.3153782037924568,50.0,0.64,0.6,0.74,0.78,0.58,0.7,0.42,0.28,0.1,0.0071440182207357,0.0145848335766123,0.0355930232795694,55.273911338584334,0.8811879929834854,0.0259696693266953,-0.0063477762364377,17464.75,-0.0019144771620018,0.0,0.002976924579008312,0.009866405258583075,0.5834343434343434,0.41656565656565653,0.007372193862109514,0.5333333333333333,0.5333333333333333
2022-03-31,17464.75,-0.0019144771620018,0.0140953431657182,0.0140511823024778,0.0288300625251758,0.0517164523350652,1.021326881515973,1.0199360392517678,1.0376594054283046,59.1168026345084,-0.0019144771620018,0.1009635267860495,0.0011972179360792,0.0142871409476844,0.0124029123702041,0.7554623881319036,50.0,0.4,0.6,0.72,0.74,0.58,0.64,0.4,0.14,0.1,-0.0013130875923898,0.0123517869354961,0.0341410974039043,54.39839362806663,0.8179102992694216,0.0244016692830461,-0.0175753549311609,17670.44921875,0.0117779652585923,1.0,-0.0008962463179771983,0.0068295217823145125,0.4086868686868687,0.5913131313131313,0.005211340642836495,0.3333333333333333,0.6666666666666666
2022-04-01,17670.44921875,0.0117779652585923,0.0199216418726497,0.0301666891360112,0.0221783601119425,0.0710628457291711,1.0300837000472696,1.0306575053384082,1.0493600954982576,62.72700166593839,0.0,0.1139306369555128,-0.0015946182667945,0.0143532563651008,0.0123707544077028,0.8003840087773435,50.0,0.78,0.74,0.82,0.84,0.7,0.74,0.48,0.14,0.06,0.0108382900135604,0.0232620885253226,0.0611230152212142,57.4249620656745,0.7115220153524549,0.0242520150934249,-0.0099398305079568,18053.400390625,0.0216718413399843,1.0,0.012015473685058625,0.023360406418518494,0.8006060606060605,0.1993939393939394,0.005067977787072033,0.8666666666666667,0.8666666666666667
2022-04-04,18053.400390625,0.0216718413399843,0.0317260520694926,0.0482754843006039,0.0546689257024961,0.1112965140624979,1.0471808305201324,1.0508099723559647,1.0713330550983673,68.33339145682679,0.0,0.1380715649833606,0.0078464553395665,0.0146927238909456,0.0121710892430534,0.9622749237560752,50.0,0.94,0.84,0.96,0.9,0.84,0.78,0.34,0.26,0.02,0.0111636597118107,0.0403937694672166,0.0955153070590718,59.78129096378541,0.731893595791441,0.0242563773330283,-0.0157812070034261,17957.400390625,-0.005317557796472,0.0,0.013013851865501698,0.03468113680609042,0.9066666666666666,0.09333333333333332,0.005657071662317486,0.9333333333333333,0.9333333333333333
2022-04-05,17957.400390625,-0.005317557796472,0.0282082704089665,0.0364841925318306,0.0370708550503884,0.1320198036600399,1.0375006831845968,1.0433718922120123,1.0649406708307856,65.66685403088299,-0.005317557796472,0.1213948381893077,0.0015065981012709,0.0139803055417472,0.0104567786691529,0.8242477104230266,50.0,0.54,0.84,0.92,0.92,0.86,0.78,0.48,0.14,0.08,0.0016296350117295,0.0314249293301286,0.1303896083745575,59.35227547635985,0.7833472750127815,0.0242949237033273,-0.0016301952854824,17807.650390625,-0.0083391803235717,0.0,0.00793347321130893,0.03574625035176872,0.6977777777777779,0.3022222222222222,0.0042854196017429085,0.7333333333333333,0.7333333333333333
2022-04-06,17807.650390625,-0.0083391803235717,0.0077644416492488,0.0176817905004786,0.0325879272321043,0.1120433244197245,1.0260297584139764,1.0332661475320513,1.055471185808393,61.626997008508816,-0.013612394046698,0.0894628023380599,-0.0063845761708836,0.0135068336822717,0.0109180448696353,0.9867651030881426,50.0,0.4,0.8,0.9,0.82,0.78,0.7,0.52,0.14,0.08,-0.0024697527156108,0.0271957064995467,0.1148108458234227,58.78127694316275,0.7592032111476812,0.0236018314234688,0.0027675214036981,17639.55078125,-0.0094397411049521,0.0,0.002310620382231047,0.03502854118558099,0.6005050505050505,0.39949494949494946,0.004938550794136771,0.6,0.6
2022-04-07,17639.55078125,-0.0094397411049521,-0.0229236376760307,0.0100087766071659,0.0242005940543756,0.0791785555405129,1.014764720062963,1.022569518067587,1.0450346047287913,57.36099535268197,-0.0229236376760307,0.0629500850282389,-0.0047367062765004,0.0128852114397071,0.0107691366214302,0.9485777477422128,50.0,0.46,0.82,0.86,0.76,0.72,0.72,0.64,0.1,0.18,-0.0038983952060694,0.0247979400479073,0.0979298164944275,58.82767452362103,0.8022193812263603,0.0235781871597452,0.0187512609539146,17784.349609375,0.0082087593907955,1.0,-0.010242400063908148,0.025163519024678158,0.34525252525252526,0.6547474747474747,0.0045356668209796105,0.13333333333333333,0.8666666666666667
2022-04-08,17784.349609375,0.0082087593907955,-0.0096367390315774,0.0064458118305301,0.0368069497682621,0.0716755865206613,1.020849328246169,1.0297132090647565,1.053051278346234,59.93382439982449,-0.0149030529112795,0.0693847998600083,0.0033220579198245,0.0127210595303426,0.0104880250662967,0.8712770686479965,50.0,0.82,0.78,0.86,0.8,0.8,0.74,0.6,0.22,0.1,0.0102969208026028,0.0248305720320007,0.0887337807510287,61.7880297516552,0.7953393659907073,0.0235554596389484,0.0170581942303674,17674.94921875,-0.006151497975913,0.0,0.011787233087467815,0.024711031132190645,0.8234343434343434,0.17656565656565656,0.00671479740571937,0.8,0.8
2022-04-11,17674.94921875,-0.006151497975913,-0.0074519192012474,-0.0209628747873739,0.0263006165805366,0.0628064814281972,1.013163731322194,1.0224415346799134,1.0460886599889645,57.129041082508266,-0.0209628747873739,0.0607303137940347,-0.0024431154191377,0.0120129727337757,0.0107070101537953,0.8110459496036605,50.0,0.38,0.6,0.82,0.78,0.78,0.7,0.64,0.1,0.12,-0.0017584892272694,0.0110468805216678,0.079981387430706,58.82680444314571,0.7000565869471267,0.0228340743798853,0.0171749060025088,17530.30078125,-0.0081838106412522,0.0,-0.0022726164920111617,0.00948402157308135,0.39989898989898987,0.5889898989898991,0.004979274191773737,0.3333333333333333,0.6666666666666666
2022-04-12,17530.30078125,-0.0081838106412522,-0.0061934683799389,-0.0237840444654771,0.0118324064088894,0.0390604144010273,1.004406128463442,1.0135146835006443,1.0371403902653864,53.56003156396109,-0.02897512923087,0.0520494977645082,-0.0050975880190603,0.0120705303658057,0.0106386544303692,0.8639028271707182,50.0,0.2,0.42,0.8,0.66,0.68,0.68,0.62,0.02,0.24,-0.0090548661679629,-0.0037914241215797,0.0585197311825329,55.37160938646908,0.8517835509114582,0.0230865758215058,0.0194593167815055,17475.650390625,-0.0031174816283502,0.0,-0.012486175503957789,-0.011113713119565414,0.10525252525252524,0.8947474747474747,0.006293347959185693,0.13333333333333333,0.8666666666666667
2022-04-13,17475.650390625,-0.0031174816283502,-0.0173579144320953,-0.0186436723945784,-0.0012915354035403,0.0487697527831123,1.0011533506934287,1.0099449504573623,1.0335584177488366,52.2323481517955,-0.032002281426164,0.0294721930777612,0.0039702461608326,0.0121313726524235,0.0101749939326726,0.8140693503387804,50.0,0.44,0.46,0.82,0.62,0.66,0.66,0.62,0.1,0.08,-0.001820081482593,-0.0067600073181917,0.0648386808288705,54.95983350075439,0.7690624963389789,0.0229394504411692,0.0160689280457582,17173.650390625,-0.0172811880101475,0.0,-9.614986004596154e-05,-0.01341216530582037,0.43818181818181823,0.5618181818181818,0.005651012967736167,0.4666666666666667,0.5333333333333333
2022-04-18,17173.650390625,-0.0172811880101475,-0.0283621085368217,-0.0264122593824911,-0.0166678371791751,0.0116816905579655,0.9853676112378004,0.9927842125266914,1.0155386813499458,45.51757726321699,-0.0487304319942324,0.0032744533421205,-0.0167204747945607,0.0131326682833698,0.0103230004082073,1.2255405119181453,50.0,0.48,0.42,0.68,0.6,0.64,0.6,0.66,0.16,0.22,-0.0021386136180869,-0.0071656528279837,0.0432173905944932,55.282368648062224,0.8919167871575167,0.0238227799225614,0.0315357000365277,16958.650390625,-0.0125191788064678,0.0,-0.004309787199997443,-0.007348753102628134,0.46484848484848484,0.5351515151515152,0.007971640464078228,0.4666666666666667,0.5333333333333333
2022-04-19,16958.650390625,-0.0125191788064678,-0.032609274521771,-0.0464284180690383,-0.0402818750849703,-0.0189969009046465,0.9755372045953968,0.9811111956092218,1.0027967832336908,41.433795143144806,-0.060639545809248,0.0,0.0049668431687397,0.0142247417287614,0.009829061402884,1.3180534576738687,50.0,0.14,0.16,0.56,0.48,0.52,0.56,0.62,0.12,0.34,-0.0157701838070381,-0.0280161505066003,0.006289147057098,49.81370633693799,0.9668346177107456,0.0254409151476318,0.0252860479617446,17136.55078125,0.010490244596548,1.0,-0.012992586023895306,-0.031733023073123715,0.09212121212121212,0.907878787878788,0.007056476246979034,0.06666666666666667,0.9333333333333333
2022-04-20,17136.55078125,0.010490244596548,-0.0194041195489304,-0.0304611023679125,-0.0507854248804625,0.0011071162024738,0.9871085176657916,0.9917376323730948,1.01318211896247,45.76941170049224,-0.0507854248804625,0.010490244596548,0.0051065153995315,0.0145213983177861,0.0099101627262765,0.9393571264405556,50.0,0.74,0.24,0.68,0.68,0.62,0.6,0.68,0.24,0.08,0.0101112506429019,-0.0140693374268253,0.0295734746737549,53.81829233131566,0.8247460328814524,0.025526278732067,0.028466358471281,17392.599609375,0.014941678252146,1.0,0.01248099481114116,-0.017657318057068876,0.7485858585858586,0.2514141414141414,0.006296129845676599,0.8,0.8
2022-04-21,17392.599609375,0.014941678252146,0.0127491368328729,-0.0078550376056457,-0.0314522575074321,0.0044526354638907,1.0016803663039404,1.0062971456072416,1.0280310624715203,51.35158198121332,-0.0366025661067789,0.0255886647082419,0.0057216197924894,0.0146400637316931,0.0101420098401866,0.9446367355050262,50.0,0.84,0.54,0.7,0.68,0.74,0.7,0.68,0.24,0.04,0.0149103176112339,0.0044687378572633,0.0426851615006328,56.13827678437087,0.8388681040306611,0.0242068554073553,0.0382325260367421,17171.94921875,-0.0126864526051679,0.0,0.012017067045223383,0.006809497704217517,0.8122222222222223,0.18777777777777777,0.005216546237147259,0.8666666666666667,0.8666666666666667
2022-04-22,17171.94921875,-0.0126864526051679,0.0125775827210232,-0.0173785332783907,-0.0356982059918287,-0.0042736092989027,0.9900123354469909,0.9937829212663029,1.0148376379426902,46.87386988618563,-0.0488246619918057,0.0125775827210232,-0.0086157108621202,0.0153223372588439,0.0105130618875091,0.8743696849672985,50.0,0.16,0.32,0.66,0.56,0.64,0.64,0.66,0.08,0.22,-0.0113119912625369,-0.0131234695646689,0.0295329895340787,52.25393148247516,0.7837364289540525,0.0250743641145586,0.0338065988329815,16953.94921875,-0.0126951225643019,0.0,-0.008116866508507578,-0.0011970705845430788,0.2622222222222222,0.7377777777777778,0.0055487514895275515,0.2,0.8
2022-04-25,16953.94921875,-0.0126951225643019,-0.0106556777283205,-0.0127929221148541,-0.0388672915201877,-0.0156073090098851,0.979548263057536,0.9818919111651748,1.0019346678518444,42.894281014298414,-0.060899949487961,0.0,-0.0094863102275035,0.0155288368633295,0.0108802821681024,0.9198738801861768,50.0,0.16,0.22,0.62,0.26,0.46,0.56,0.64,0.06,0.24,-0.0160310737745065,-0.0220017688927861,0.0070893455463756,47.460043525746585,0.8289699350375256,0.0261629865228689,0.0226966545562607,17200.80078125,0.0145601216162072,1.0,-0.018038122304391984,-0.014912103357378092,0.1191919191919192,0.8808080808080807,0.0064313469707008965,0.06666666666666667,0.9333333333333333
2022-04-26,17200.80078125,0.0145601216162072,-0.0110276113078355,0.0142788715521173,-0.0328124919348966,0.002786730090946,0.9943967681811524,0.9963373047421842,1.0163558618931914,48.25183350441653,-0.0472265385427195,0.0145601216162072,0.0098709486704677,0.0145821731786456,0.0113663475107554,0.8676868883239452,50.0,0.84,0.56,0.68,0.56,0.58,0.64,0.66,0.22,0.08,0.0138051018289037,0.0117381405370289,0.0239664683479999,51.9176210748727,0.8437391726129089,0.0259489719982085,0.0211797382570538,17038.400390625,-0.0094414436101153,0.0,0.01944911764806329,0.017753887425775054,0.8372727272727273,0.16272727272727272,0.006913263123371104,0.9333333333333333,0.9333333333333333
2022-04-27,17038.400390625,-0.0094414436101153,-0.0077771501897512,-0.0057275464519027,-0.0360141814410269,-0.0106607600380327,0.9864166208728176,0.987436534764882,1.0066922815529544,45.244455174118734,-0.0562220954522828,0.0049812094388959,-0.0074096068837637,0.0150081321526429,0.0115256584548003,0.8792411528639182,50.0,0.2,0.38,0.56,0.36,0.5,0.58,0.62,0.12,0.22,-0.0105793223439685,-0.0167314711737146,0.0141763638615814,48.04318452104776,0.8376496989688302,0.026791308912748,0.0248371238996142,17245.05078125,0.0121285088909346,1.0,-0.01052038279107811,-0.005515039830141566,0.18494949494949495,0.815050505050505,0.005815084537821665,0.2,0.8
2022-04-28,17245.05078125,0.0121285088909346,0.0171701329727977,-0.0084834257925116,-0.0162718257695325,-0.0046319542161628,0.9985344067408513,0.9994356872032576,1.018710359628572,49.55311716700619,-0.0447754767459082,0.0171701329727977,0.0088681804577228,0.0152696097363079,0.0117853956020853,1.024557956777996,50.0,0.84,0.34,0.62,0.6,0.58,0.64,0.62,0.44,0.06,0.011291506081385,-0.007003037972882,0.0217282064469757,52.47508312971026,1.021852409799237,0.0270411275589606,0.0263601606631385,17102.55078125,-0.0082632403816946,0.0,0.013031207460557562,-0.004685145317034082,0.7861616161616162,0.21383838383838383,0.004567795059295324,0.8666666666666667,0.8666666666666667
2022-04-29,17102.55078125,-0.0082632403816946,-0.0057119433710958,-0.0040413838065759,-0.0213496837619934,-0.0226136452931007,0.991200536064466,0.9915201715809788,1.0101890545102878,46.81731826066135,-0.0526687266000464,0.0087650116549633,0.004882514978822,0.0159834217633641,0.0116640111766074,1.1321390086206895,50.0,0.22,0.42,0.54,0.4,0.48,0.54,0.66,0.16,0.4,-0.0097953386884503,-0.0054530475349828,0.0057792355046073,49.747950324438186,1.1019581097107625,0.0273178574960483,0.028392880797708,17069.099609375,-0.0019559171203674,0.0,-0.012286235833585258,-0.008930108042861788,0.14202020202020202,0.8446464646464646,0.006172163492181064,0.0,1.0
2022-05-02,17069.099609375,-0.0019559171203674,0.0018017664831313,0.0067919508982396,-0.0060878601154634,-0.0226542258334645,0.990274566792766,0.9899853428663434,1.00813082049782,46.17288000652896,-0.0545216280563488,0.0067919508982396,-0.0104137426503219,0.0157766440188223,0.011664171163649,0.9372841669053114,50.0,0.4,0.54,0.52,0.42,0.44,0.52,0.64,0.08,0.18,-0.0021862674284633,0.0058368246447536,0.0094005536197091,48.3106908704186,0.790863666118095,0.0281770608229141,0.0320547794531737,16677.599609375,-0.0229361834519363,0.0,-0.0029257183637572464,0.0063292092340870975,0.48868686868686867,0.5113131313131313,0.006161363526254641,0.6,0.6
2022-05-04,16677.599609375,-0.0229361834519363,-0.0329051609689645,-0.0304172566457093,-0.0165727091942038,-0.0561870044775938,0.9705598817106378,0.9685216470314344,0.9851551052689216,39.3465597657742,-0.0762072934450865,0.0,0.0016110984544783,0.0177552251982294,0.0122196405855853,1.043139493879196,50.0,0.1,0.2,0.34,0.26,0.32,0.4,0.66,0.08,0.42,-0.025577912996014,-0.0271825230528723,-0.0289052083824289,42.96649216409881,0.9920724409174908,0.0300079437210659,0.0272817960951648,16682.650390625,0.0003028482136697,1.0,-0.023038353324467485,-0.03527137755193944,0.10272727272727274,0.8972727272727272,0.0076423813158893825,0.06666666666666667,0.9333333333333333
2022-05-05,16682.650390625,0.0003028482136697,-0.0245519160267805,-0.020879307437554,-0.0264872666862246,-0.0759275244741052,0.973556237956774,0.97000121795517,0.98559611460378,39.47088963060614,-0.0709874465273663,0.0003028482136697,0.010622055617969,0.0180120981855029,0.0108198142594685,0.9047894611430712,50.0,0.42,0.24,0.18,0.18,0.32,0.36,0.7,0.1,0.3,-0.002016635142007,-0.0231496299569345,-0.0445580695180969,42.81465660171894,0.8336323908273529,0.0303327521729166,0.0313694549560082,16411.25,-0.0162684216398562,0.0,-0.00312692227863527,-0.028174406291762343,0.2908080808080808,0.7091919191919193,0.007240711497960639,0.26666666666666666,0.7333333333333333
2022-05-06,16411.25,-0.0162684216398562,-0.0385403814161166,-0.0483501493748319,-0.0564234002630653,-0.0861010144559786,0.961590199615473,0.955936986115357,0.9698557572531687,35.28535356637136,-0.0784157572725118,0.0,-0.0160106220007523,0.0188997247777548,0.0111676332866378,1.019957911886498,50.0,0.22,0.14,0.14,0.14,0.2,0.3,0.68,0.16,0.44,-0.016008735666597,-0.0484910206476978,-0.0595884348468228,39.48208196206088,1.030055545971679,0.0321981723303276,0.0265125796091557,16301.849609375,-0.0066661826871809,0.0,-0.01500521705402257,-0.055100367640822046,0.23717171717171717,0.7628282828282829,0.008992914933317,0.2,0.8
2022-05-09,16301.849609375,-0.0066661826871809,-0.0225302207032707,-0.0468176462164247,-0.0506698219457195,-0.0845592061961606,0.9592747908216004,0.9514463645211992,0.9637415870360848,33.7325502943179,-0.0833598097519687,0.0,-0.0111843890433391,0.0184190454533388,0.0111430679894695,0.985645933014354,50.0,0.38,0.14,0.12,0.14,0.12,0.3,0.64,0.22,0.22,-0.0053578833376909,-0.0464472364070908,-0.0749877249996947,39.12650232091724,0.9345294255589864,0.0321675447793675,0.0095714811964658,16240.0498046875,-0.0037909688880922,0.0,-0.006235815543975337,-0.049176417818796496,0.3103030303030303,0.6563636363636365,0.006861959591006242,0.2,0.8
2022-05-10,16240.0498046875,-0.0037909688880922,-0.0265305916970017,-0.0485702130551839,-0.042108148659132,-0.0793388104900099,0.9596928473268942,0.9497822513155664,0.9604695073817544,32.85302123762649,-0.0868347641947741,0.0,-0.0032480497623748,0.0174172712228316,0.0110786377760288,0.9718002849149546,50.0,0.38,0.1,0.16,0.12,0.16,0.24,0.56,0.22,0.14,-0.0060351025603175,-0.043602719326823,-0.0726238653359362,38.432811570581976,0.8966073713938256,0.0315477037145025,0.0067149451540736,16167.099609375,-0.0044919933245182,0.0,-0.007404455761673116,-0.05361300309387606,0.3841414141414141,0.6158585858585859,0.008694105471647026,0.4666666666666667,0.5333333333333333
2022-05-11,16167.099609375,-0.0044919933245182,-0.0148770136720237,-0.0306099206095001,-0.0600961074441256,-0.0909366963381932,0.9594589824065048,0.947540382677504,0.95657240651822,31.799025473429168,-0.0853099825472447,0.0,0.0018472849751569,0.0179284005275194,0.0106953706671458,0.974264075939824,50.0,0.36,0.18,0.1,0.1,0.18,0.24,0.58,0.16,0.24,-0.0032013123641221,-0.0324836655593316,-0.0749254063457434,38.45524689843545,0.9458264902908058,0.031785262860847,0.0160112899924498,15808.0,-0.0222117521417858,0.0,-0.006803472783534019,-0.03816811883846658,0.2978787878787879,0.702121212121212,0.004843632315224663,0.26666666666666666,0.7333333333333333
2022-05-12,15808.0,-0.0222117521417858,-0.0302940844878726,-0.052428743044122,-0.0722133746370933,-0.1056268505014711,0.9437068049262318,0.9291722770731548,0.935927554570308,27.176946445278915,-0.0982470753207003,0.0,-0.0090306859936297,0.0190279085281751,0.0113903119115005,1.067566193172187,50.0,0.02,0.04,0.06,0.02,0.08,0.18,0.56,0.0,0.54,-0.0244147219745003,-0.0427166968413926,-0.101529277583249,34.1372076012333,1.0084003586498382,0.032793102014852,0.0040975729182221,15782.150390625,-0.0016352232651188,0.0,-0.024894449894797506,-0.058907573945794336,0.013333333333333334,0.9866666666666667,0.003622989632008781,0.0,1.0
2022-05-13,15782.150390625,-0.0016352232651188,-0.0281956902576944,-0.0383334364765024,-0.0848301584716448,-0.0997216426825249,0.9473820273223944,0.9302922443679272,0.9350074443180518,26.87412844993331,-0.0969062645535926,0.0,0.0106907894736842,0.019508721629337,0.0114033481673751,1.2298209079550186,50.0,0.5,0.14,0.08,0.1,0.12,0.22,0.54,0.2,0.22,0.0005429598120569,-0.0320499669922397,-0.0913098006978282,36.29975550016839,0.9584914344306816,0.0332221261127122,0.0084118419846966,15842.2998046875,0.0038112305721171,1.0,0.0005447756173147161,-0.043761374531969044,0.5492929292929294,0.4507070707070707,0.007843566129092382,0.4666666666666667,0.5333333333333333
2022-05-16,15842.2998046875,0.0038112305721171,-0.0200901715542813,-0.028190040743795,-0.0736878956058501,-0.0934643660995717,0.955452157973609,0.93626703729815,0.9391450107273585,28.860470826245944,-0.0891356001693878,0.0038112305721171,0.0039886338168082,0.0192319836262837,0.0115731884390016,0.7283682008368201,50.0,0.6,0.22,0.14,0.16,0.2,0.24,0.5,0.16,0.08,0.0036182560481062,-0.0296610331037577,-0.0923530328914852,35.787681859091066,0.7082162930921501,0.0333785004381989,0.0011113332080865,16259.2998046875,0.0263219359020472,1.0,0.0039820387068256425,-0.034168985759917454,0.6412121212121212,0.35878787878787877,0.006474067691011775,0.7333333333333333,0.7333333333333333
2022-05-17,16259.2998046875,0.0263219359020472,0.0285488236770938,0.0011853411923923,-0.0474424441370491,-0.0532414812890705,0.9824164987347612,0.9623866275596512,0.964211808812904,40.85516580615266,-0.0651598858215897,0.0302334854409915,0.0044374747072202,0.0194945739372147,0.0131093020133968,1.0032911478302176,50.0,0.98,0.48,0.2,0.3,0.26,0.3,0.44,0.38,0.02,0.0202361728774652,-0.0021109801753189,-0.0677256875085123,43.980984138775725,0.8935382165437226,0.0322778053787798,-0.0144842062194417,16240.2998046875,-0.0011685620062508,0.0,0.028730830010303545,0.000643487016064471,0.9866666666666667,0.013333333333333334,0.007080864988614694,1.0,1.0
2022-05-18,16240.2998046875,-0.0011685620062508,0.0290295937323377,0.0045277258804079,-0.0262207880588331,-0.0423589477576951,0.983022150330466,0.9627245290881784,0.9634389509482012,40.519930965531245,-0.0662523044609377,0.0290295937323377,0.0036195030932717,0.0192809720575904,0.012903652249983,1.004218825644927,50.0,0.52,0.58,0.3,0.3,0.28,0.36,0.46,0.24,0.18,0.0003837659893948,0.011425317851846,-0.045993125299086,44.19572384940408,0.970368743609822,0.0322987964532837,-0.0036341775413908,15809.400390625,-0.0265327253341793,0.0,-0.0010181772080343247,0.006389481490055312,0.5215151515151515,0.4784848484848485,0.006845290212931598,0.4666666666666667,0.5333333333333333
2022-05-19,15809.400390625,-0.0265327253341793,-0.0020766816982447,8.85874636260553e-05,-0.0523448001098634,-0.0774455961159409,0.9608804282335522,0.9394952674657028,0.9384563932986963,33.7552089158455,-0.0910271755980987,0.0017266341610955,-0.0198826017958917,0.0206242697454228,0.0136396617073645,1.0802904635716006,50.0,0.06,0.52,0.16,0.14,0.18,0.22,0.4,0.04,0.24,-0.0229861421836247,0.001566398339187,-0.0870657805004264,38.36710979607616,0.8341164203507281,0.0338971105681483,-0.0096201843844855,16266.150390625,0.0288910387942893,1.0,-0.023923549215387405,0.007544378608939128,0.060000000000000005,0.94,0.005021156192817247,0.0,1.0
2022-05-20,16266.150390625,0.0288910387942893,0.0004213333919536,0.0306675572099166,-0.0088414721227816,-0.0647660064653485,0.989711917047894,0.9679045745922166,0.9659002843299808,44.3590483988866,-0.0567641349997837,0.0306675572099166,0.0148265847072541,0.0207005329850485,0.014949435459044,0.8735679922472571,50.0,0.96,0.76,0.16,0.34,0.34,0.36,0.46,0.32,0.02,0.024866913665972,0.033882932634906,-0.0681639601068351,46.240393151679925,0.8456492474880055,0.0328665437583749,-0.0033979536414865,16214.7001953125,-0.0031630222318707,0.0,0.0238844105071917,0.03107431941570193,0.9111111111111111,0.08888888888888888,0.006662604227495678,0.9333333333333333,0.9333333333333333
2022-05-23,16214.7001953125,-0.0031630222318707,-0.0015763015266264,0.0235067127384378,-0.0053459831952064,-0.0557449251242999,0.987843859661105,0.9661751395662408,0.9632012160315024,43.51409163432496,-0.0597476110106771,0.0274075328127936,0.0015246265460444,0.0209584959415315,0.0147833376600571,1.0114119489818751,50.0,0.54,0.66,0.22,0.36,0.32,0.4,0.46,0.22,0.22,0.0027283793088712,0.0187720143515777,-0.0649063991843493,44.778997401541744,0.925677738639673,0.033339739673588,-0.0091614740600493,16125.150390625,-0.0055227542667355,0.0,-0.008029820433255909,0.01849868286659911,0.47070707070707063,0.5292929292929293,0.011525168926662872,0.4666666666666667,0.5333333333333333
2022-05-24,16125.150390625,-0.0055227542667355,0.0199722944702722,-0.0082506267596975,-0.0070750653750665,-0.0488852961296121,0.9840387792515192,0.9623170392645862,0.9582832970892138,42.01403065916589,-0.0649403939037762,0.0217334134772755,0.0006691217996208,0.0196365831928581,0.0146156945604563,0.8637919706767178,50.0,0.3,0.44,0.28,0.36,0.32,0.36,0.46,0.1,0.18,-0.0091578711604967,-0.0065615324515279,-0.0564504078372714,44.63895472890688,0.8476702168954395,0.0328117609806926,-0.0075651117076593,16025.7998046875,-0.0061612191843656,0.0,-0.010607880982737005,-0.02002159262162393,0.22636363636363635,0.7736363636363637,0.007738576871189834,0.13333333333333333,0.8666666666666667
2022-05-25,16025.7998046875,-0.0061612191843656,-0.0147761197434904,-0.0132078842496545,-0.0087399600485892,-0.0683108299145774,0.980031549428926,0.958026481592715,0.9528305926788936,40.352016547164574,-0.0707015010873817,0.0154382899688521,0.004415414245773,0.0194131153593858,0.0140744572607895,0.8439125910509886,50.0,0.38,0.46,0.2,0.38,0.32,0.34,0.48,0.1,0.24,-0.0090847989555201,-0.0096831174943489,-0.0798015117544318,41.6792223984332,0.8407113767157164,0.0322875222432141,-0.0114906818398543,16170.150390625,0.0090073873189953,1.0,-0.017667469649927832,-0.03627673169038659,0.26232323232323235,0.7376767676767676,0.006225323677523655,0.26666666666666666,0.7333333333333333
2022-05-26,16170.150390625,0.0090073873189953,-0.0027474948134026,0.0228187022332564,0.0229093111478364,-0.0509584221578531,0.989909407300009,0.9679214665743072,0.9617823824387212,43.82886951399309,-0.0623309495727147,0.0245847359451396,0.0049420432226623,0.0190587051735106,0.0142635604480447,1.0809602421240887,50.0,0.74,0.64,0.24,0.44,0.4,0.34,0.44,0.42,0.14,0.0096989071824966,0.0127591824444556,-0.067958945536559,45.84101046343774,1.057354612553727,0.03188594119202,-0.0170005233787058,16352.4501953125,0.0112738471989222,1.0,0.006173262293612741,-0.00682747916960615,0.6639393939393939,0.33606060606060606,0.005522084630767193,0.6666666666666666,0.6666666666666666
2022-05-27,16352.4501953125,0.0112738471989222,0.0140959804517326,0.0053054842488877,0.0361357477005335,-0.0517598119750389,1.0009675395103932,0.9796468234287576,0.9728903701948536,47.9548147004969,-0.0438589889620357,0.0361357477005335,0.0078199160610967,0.0185461443833466,0.0142185885796321,0.9490340004154836,50.0,0.74,0.52,0.26,0.44,0.42,0.38,0.42,0.2,0.1,0.0107589511224672,0.0031299708286611,-0.0762875001045331,47.09389879985393,0.7472151294402932,0.0305724174562818,-0.0245276881294941,16661.400390625,0.0188932050929628,1.0,0.005579797632915867,-0.02449333255243856,0.6511111111111112,0.3488888888888889,0.006367096088299893,0.6666666666666666,0.6666666666666666
2022-05-30,16661.400390625,0.0188932050929628,0.03966108360792,0.0275490875521482,0.0517033887778806,-0.0257944207427026,1.017951797026796,0.9982276972409188,0.9913574887394376,54.1071784326718,-0.0238852211352774,0.0557116728859901,0.0107292909146297,0.0187844245562033,0.0149242427945296,0.8834071262913767,50.0,0.9,0.78,0.38,0.62,0.46,0.44,0.4,0.2,0.06,0.0169349997301007,0.0221029911842,-0.043364251723683,49.86320393071827,0.7869046812814671,0.0306003066480979,-0.0175698309809803,16584.55078125,-0.0046124339835348,0.0,0.022044324510607782,0.005009917972739899,0.9317171717171716,0.06828282828282828,0.006511552018707062,1.0,1.0
2022-05-31,16584.55078125,-0.0046124339835348,0.0256274914341709,0.028489680994981,0.0200039965108911,-0.0283874861131437,1.0119789081647652,0.9938719667624892,0.9869146904928254,52.44638775143056,-0.0058803371813227,0.0508422724891561,-0.0049786434471423,0.0181939838183765,0.0149431324939133,2.148722176422094,50.0,0.56,0.84,0.36,0.6,0.48,0.42,0.46,0.52,0.34,0.0014271090115948,0.0321444283361879,-0.0374310924097016,51.81662588379963,1.6324899293162818,0.030560211485827,-0.0090436062965578,16522.75,-0.0037264067061659,0.0,0.0029885728241394395,0.01862681484972702,0.5737373737373737,0.4262626262626263,0.007083650390908757,0.6666666666666666,0.6666666666666666
2022-06-01,16522.75,-0.0037264067061659,0.0104143295135255,0.031009384952328,0.0173919323355702,-0.0092848858949674,1.0074203614143027,0.990550305354988,0.9834010719164684,51.08832858564437,-0.0095848313595816,0.0469264067978298,0.0005939026932304,0.0173066429173952,0.0140735417170784,0.8314457028647568,50.0,0.34,0.86,0.38,0.46,0.46,0.42,0.38,0.08,0.16,-0.0039579541077344,0.0317602138832178,-0.0355731841617539,48.06157782490301,0.6851699244811138,0.0303307618979774,-0.0262882982667864,16628.0,0.0063700049931154,1.0,-0.0060567982068247695,0.030696237168816035,0.2852525252525252,0.7147474747474747,0.0076389945716164274,0.2,0.8
2022-06-02,16628.0,0.0063700049931154,-0.0020046568620842,0.0283144929586089,0.0517792951755735,-0.0032758817900848,1.0125032865227537,0.9969828769553188,0.9897671218045144,53.30590159179542,-0.0020046568620842,0.0535953332365566,-0.0024874557428393,0.0165982778147981,0.0141540245648899,0.7900639416156138,50.0,0.56,0.84,0.42,0.58,0.4,0.46,0.44,0.18,0.04,0.0032930622408287,0.0247900444014464,-0.0196467495723491,49.18848447233106,0.7530455174600656,0.0288988321712782,-0.0163708677822643,16584.30078125,-0.0026280502014673,0.0,0.0038675628229321284,0.028316685037742925,0.6030303030303031,0.39696969696969703,0.006760107469409213,0.6,0.6
2022-06-03,16584.30078125,-0.0026280502014673,-1.5074270222736884e-05,0.014178339219401,0.0195590464236925,0.0105446435372076,1.0088966683498526,0.9945826266905444,0.9872920431406008,52.24674323201685,-0.0046274387246814,0.0508264318087792,0.0080376708338345,0.0165888198980136,0.0136521068737457,0.8295039870252737,50.0,0.24,0.54,0.5,0.44,0.32,0.4,0.38,0.1,0.16,-0.0074477050313372,0.0055696728491314,0.0001149790092641,47.43920903675896,0.7934712911409537,0.0288259665430361,-0.0104296645279435,16569.55078125,-0.0008893953501298,0.0,-0.010386344539198688,0.012180288082725149,0.2293939393939394,0.7706060606060606,0.004905561597491624,0.2,0.8
2022-06-06,16569.55078125,-0.0008893953501298,0.0028325055605149,-0.0055127184523265,0.0218844987365283,0.0164215213788407,1.00723200684207,0.9939436881111784,0.9865473161681034,51.87209608158764,-0.0055127184523265,0.0498918316665348,-0.0032320664709964,0.0154157293551077,0.0135507313357372,0.7966714412386604,50.0,0.44,0.24,0.52,0.44,0.4,0.38,0.42,0.08,0.14,-0.0015966318567662,-0.0149425461087458,0.0044157257934294,47.56934685793193,0.7523542089125077,0.0288492892670501,-0.0120057955854113,16416.349609375,-0.0092459460064759,0.0,-0.0022819721937059625,-0.011769385609152251,0.40474747474747474,0.5952525252525253,0.00562389613742239,0.3333333333333333,0.6666666666666666
2022-06-07,16416.349609375,-0.0092459460064759,-0.0127285536820422,-0.0101420396665288,0.0180586978537142,0.0108558660107442,0.9981169929229026,0.9853428676566056,0.9776453510363636,48.02046796852031,-0.0147076941616435,0.0401845884783058,-0.0060322197743649,0.0157068785394134,0.0137041866294947,0.8041134288318343,50.0,0.26,0.22,0.5,0.32,0.32,0.34,0.48,0.06,0.16,-0.0078235300895599,-0.0208815164633893,0.0004186539080345,45.06325322745347,0.6898903565121193,0.0291814081351758,-0.0104372121027097,16356.25,-0.0036609606157923,0.0,-0.012480135324634446,-0.027101590402422382,0.2688888888888889,0.7311111111111112,0.0047414539793998135,0.26666666666666666,0.7333333333333333
2022-06-08,16356.25,-0.0036609606157923,-0.0137510036906609,-0.0100770150247385,0.0206198878895169,0.0116997108445671,0.9949876230814624,0.9824392405955632,0.9743176501083404,46.55991609986884,-0.0183148104883609,0.0363765136667326,0.0035695882927306,0.0146983835089251,0.0136890940462808,0.8433922726564259,50.0,0.44,0.24,0.52,0.28,0.32,0.36,0.48,0.16,0.12,-0.0012253692094832,-0.016307669550911,0.007722413497766,45.66163239219931,0.7663345167206419,0.0282045091370715,-0.003977297346801,16478.099609375,0.0074497277416889,1.0,-0.003844528590738058,-0.024983039805231776,0.3380808080808081,0.661919191919192,0.004214471787658517,0.4,0.6
2022-06-09,16478.099609375,0.0074497277416889,-0.0055192306105538,-0.0090149380938777,0.0190443014635497,0.0423899044392079,1.002170941383507,0.9901558329906608,0.98175602967081,49.887822093751495,-0.0110015230984509,0.0440972365314304,-0.005649240542606,0.0136156817924711,0.0126466228643451,0.7238189393404421,50.0,0.72,0.26,0.7,0.44,0.32,0.34,0.46,0.12,0.1,0.0049176364350548,-0.0101184573072566,0.0324588145480331,46.76202564683436,0.624876764197208,0.0270129380927876,-0.0099310898911748,16201.7998046875,-0.0167676984141,0.0,0.004283153512446222,-0.02453375680195625,0.7034343434343434,0.2965656565656566,0.005137643705103289,0.7333333333333333,0.7333333333333333
2022-06-10,16201.7998046875,-0.0167676984141,-0.013069276044473,-0.0230640399982946,-0.0092127105617594,0.0265901289542762,0.9867419986392756,0.9745639475873008,0.9656277017698638,43.30275023261837,-0.0275847512911403,0.0248206386306208,-0.0117822697195033,0.0141853668446037,0.0133199782731656,0.6917046490428441,50.0,0.32,0.32,0.62,0.28,0.26,0.3,0.48,0.08,0.12,-0.0053675653838359,-0.0201550220171639,0.0254387220122954,44.06315790750851,0.6906469078392768,0.0269394922780135,-0.0011514069419807,15774.400390625,-0.0263797491152091,0.0,-0.0064583174091083625,-0.020760607308089783,0.36,0.6400000000000001,0.004421454488815752,0.3333333333333333,0.6666666666666666
2022-06-13,15774.400390625,-0.0263797491152091,-0.0355735336262896,-0.0479886510577454,-0.0532368215878837,-0.0042859568938601,0.96432020366537,0.9507621184081884,0.94071485816165,35.49727990815606,-0.0532368215878837,0.0,-0.0200132086502011,0.0160802953530873,0.0146739237333449,0.8210599137067851,50.0,0.04,0.12,0.42,0.16,0.22,0.24,0.44,0.02,0.26,-0.0217765138011197,-0.0379432732936141,-0.0147742782035455,38.698818501270594,0.8347098774549906,0.0286636159916522,-0.0104883213096854,15732.099609375,-0.0026816094559853,0.0,-0.023058047872176142,-0.041154184688218666,0.024444444444444446,0.9755555555555555,0.007407470994021198,0.0,1.0
2022-06-14,15732.099609375,-0.0026816094559853,-0.0452722108546772,-0.0416810080366003,-0.0514003172662811,-0.0324245325226434,0.9652519943295348,0.9501421709853228,0.9387695741286296,34.82814590261748,-0.0557756706796924,0.0,-0.0063489190172021,0.0160424896528429,0.013292087485188,0.831335521705455,50.0,0.5,0.14,0.3,0.12,0.2,0.24,0.38,0.1,0.2,0.0004363753176157,-0.0286630091078465,-0.0390741542833799,39.34421642091613,0.8270051112752919,0.0289894926864504,-0.0066496217607365,15692.150390625,-0.002539344381356,0.0,0.0006757362009852553,-0.028335712679762183,0.5386868686868687,0.46131313131313134,0.0056899175497999764,0.4,0.6
2022-06-15,15692.150390625,-0.002539344381356,-0.0314563456039648,-0.0406021923958731,-0.0502700585178012,-0.0337524196384777,0.9662239990656012,0.9496761037272854,0.9369788018169724,34.17298861869871,-0.0581733814250916,0.0,-0.0001811334434534,0.015191164962535,0.0132934819023157,0.688591210114389,50.0,0.48,0.2,0.22,0.12,0.18,0.22,0.52,0.06,0.04,-0.0006693176877371,-0.0275353302138169,-0.0284458451764174,39.409225456514136,0.6759236976624132,0.0281543940696117,0.0053065744620603,15360.599609375,-0.0211284478542902,0.0,-0.0005111908209999202,-0.02489771653449049,0.5214141414141413,0.4785858585858586,0.005149938882133707,0.5333333333333333,0.5333333333333333
2022-06-16,15360.599609375,-0.0211284478542902,-0.0262324253856222,-0.0678172863674287,-0.0762208558230094,-0.0283882228396302,0.9507158586918708,0.9321840816253248,0.9179383310168592,29.254474055387703,-0.0780727160234341,0.0,0.0089280057791634,0.0170424438801375,0.0128066884189548,1.0053171287504747,50.0,0.06,0.06,0.26,0.06,0.08,0.16,0.46,0.02,0.36,-0.0236153508776332,-0.0529054327082396,-0.0354470552702241,35.53027297603404,0.9235880433793572,0.0298998460089822,-0.0070588324305938,15293.5,-0.0043682936266399,0.0,-0.02640439820071805,-0.0544890900389675,0.04,0.9600000000000001,0.006249782661772914,0.0,1.0
2022-06-17,15293.5,-0.0043682936266399,-0.0278792799604212,-0.0560616607807183,-0.0778326923923957,-0.059795979212487,0.9514047915245876,0.9307358990740164,0.9147118960965638,28.36469190349233,-0.0820999651022543,0.0,-0.005725637083615,0.0165284989917518,0.0106493311521968,1.2792651506665174,50.0,0.24,0.02,0.1,0.0,0.04,0.14,0.4,0.16,0.66,-0.0153778195789759,-0.0583364888030941,-0.0646907117010803,34.582320225861245,1.3119375548656436,0.0294891575191353,-0.0048947324885932,15350.150390625,0.0037042135956451,1.0,-0.018407501914979262,-0.06622254474229393,0.15696969696969695,0.8430303030303031,0.007335460581487322,0.13333333333333333,0.8666666666666667
2022-06-20,15350.150390625,0.0037042135956451,-0.0217943361162483,-0.0268948416100899,-0.0735928454985554,-0.0533188892963578,0.9590456790056346,0.9366009458128448,0.9188489759974392,30.29239073366783,-0.0786998673135429,0.0037042135956451,0.0026808774969757,0.0165724349889763,0.0107548011465917,0.9770028558545018,50.0,0.52,0.16,0.1,0.04,0.04,0.14,0.4,0.16,0.18,0.0012928815186006,-0.0319165866338753,-0.0655637277036305,36.83475156494913,0.8107889640903161,0.0289100855355929,-0.0122448384072726,15638.7998046875,0.018804337854487,1.0,-0.002228064905432333,-0.04603941717585148,0.4414141414141414,0.5585858585858586,0.006371358614742561,0.4666666666666667,0.5333333333333333
2022-06-21,15638.7998046875,0.018804337854487,0.0181112848708526,-0.0059305373728946,-0.047364354633594,-0.0301609953492439,0.979217399180806,0.9559295395340924,0.9367226557537084,39.26112666755998,-0.0613754283531229,0.02257820673407,0.0068924278912678,0.0169368183994141,0.011746417658097,0.9851182666716648,50.0,0.98,0.34,0.18,0.16,0.12,0.16,0.46,0.28,0.0,0.0187701338361089,-0.0115286044731707,-0.0358648490785688,42.353745379357,0.7505917405305775,0.0280051762079129,-0.0057038537293248,15413.2998046875,-0.0144192650853174,0.0,0.0236535811507368,-0.024452560538415886,0.9866666666666667,0.013333333333333334,0.0048291372830647555,1.0,1.0
2022-06-22,15413.2998046875,-0.0144192650853174,0.0078333805007029,-0.0177700684097505,-0.0576507570691631,-0.038219621327158,0.9683165060741316,0.9442881339048754,0.923921699840912,35.42636648320891,-0.0749097048672918,0.0078333805007029,-0.0059563019685551,0.017414001541764,0.012061133415966,0.8315452663278751,50.0,0.12,0.2,0.14,0.04,0.12,0.16,0.46,0.06,0.18,-0.0142714586821418,-0.0313572228336645,-0.0409580602585287,39.07643833484401,0.7896498347424922,0.0285152043250527,-0.0027384389313706,15556.650390625,0.0093004475196092,1.0,-0.01962802556388908,-0.04296517200611313,0.09888888888888889,0.9011111111111112,0.005761037829188774,0.0,1.0
2022-06-23,15556.650390625,0.0093004475196092,0.0134526369283078,0.0127632244987587,-0.055919629119474,-0.0379402779306053,0.9794376553063232,0.9548276771750408,0.9331411863175144,39.47359686828402,-0.0663059511265102,0.0172066819645602,0.002481623045337,0.0174142433952377,0.012075222871937,0.985944959014055,50.0,0.88,0.6,0.18,0.26,0.18,0.16,0.48,0.34,0.04,0.0104124589170173,0.0067926383580876,-0.0392972081007373,42.317160399278826,0.8577537274443798,0.0277678925134245,-0.0013569301701319,15699.25,0.0091664725885294,1.0,0.014017823751437574,-0.003519149130045966,0.861111111111111,0.13888888888888887,0.0035174684417327833,0.8,0.8
2022-06-24,15699.25,0.0091664725885294,0.003865398628249,0.0265308791316571,-0.0310181467951543,-0.0399450961483278,0.9895073394931536,0.9649582633678576,0.9422414419730332,43.281870527082745,-0.0577472702214383,0.0265308791316571,0.0064763298955869,0.0173752764363743,0.0119632360634894,0.8440634969443056,50.0,0.82,0.76,0.16,0.34,0.2,0.22,0.54,0.16,0.04,0.0074659793084776,0.0305405755568928,-0.0363365984910051,44.24042517282025,0.8317539670355792,0.0275718840054978,0.0036084976573226,15832.0498046875,0.008458990377725,1.0,0.008236746688748636,0.023727979197371542,0.8733333333333333,0.12666666666666665,0.0032932387499150606,0.9333333333333333,0.9333333333333333
2022-06-27,15832.0498046875,0.008458990377725,0.0271680954309763,0.0313937910573707,0.0036546184092525,-0.0497767634468563,0.9980793202651868,0.9741476703447364,0.9506828257619704,46.64848818529305,-0.0478680656310139,0.0352142939606696,0.0144561170318646,0.0172554695377546,0.0112093729046035,0.8169827035193399,50.0,0.8,0.94,0.14,0.48,0.2,0.26,0.5,0.22,0.04,0.0100817305280697,0.0353698551398631,-0.0504519818720841,46.52043218891048,0.7961884147655435,0.0269979621889992,-0.0006752184252278,15850.2001953125,0.0011464333961117,1.0,0.013091421225162577,0.03918058266466503,0.828989898989899,0.171010101010101,0.004092470218431966,0.9333333333333333,0.9333333333333333
2022-06-28,15850.2001953125,0.0011464333961117,0.0188697307785745,0.0135176863483881,0.0075069818314092,-0.0442791966827184,0.9992974472322133,0.9762114112876574,0.952229670020268,47.11056486332863,-0.0467765097839487,0.0364010981993985,-0.0047119362492727,0.0170599485178947,0.0112259278697623,1.0576923076923077,50.0,0.62,0.82,0.16,0.54,0.22,0.22,0.48,0.18,0.16,0.0044557371562696,0.0129376806915458,-0.0473756917692302,48.65592240595956,0.840484174824638,0.0263821179678301,-0.0030964950865118,15799.099609375,-0.0032239710103227,0.0,-0.001042863920068689,0.014276901970165496,0.5092929292929292,0.49070707070707076,0.0053414207898905405,0.5333333333333333,0.5333333333333333
2022-06-29,15799.099609375,-0.0032239710103227,0.0063601515597879,0.0250303185934377,0.0068154597099638,-0.0437972123662828,0.9964481526983552,0.974093076765936,0.9496401069721704,45.90510463138322,-0.049849674682764,0.0330597711037368,-0.0093689668376502,0.0167753638551643,0.0112228980839946,1.7944943027125138,50.0,0.34,0.82,0.2,0.46,0.24,0.28,0.5,0.24,0.3,-0.0046158127679473,0.0285300505770208,-0.0477181646583361,47.509417944956326,1.1001364508870353,0.0275535464147767,-0.0039209522920532,15780.25,-0.0011930812414028,0.0,-0.003345621588508644,0.03136855713692995,0.36111111111111105,0.6388888888888888,0.006072995077208735,0.3333333333333333,0.6666666666666666
2022-06-30,15780.25,-0.0011930812414028,-0.0032718318427827,0.0143732489810113,0.0273199224832914,-0.0509832812124128,0.995708866048005,0.9739648005146432,0.9489933421153508,45.44318702518001,-0.0484826458381079,0.031827246869585,-0.0015570260320659,0.016142010307018,0.0110457854484813,1.2170627423684997,50.0,0.3,0.66,0.18,0.36,0.22,0.24,0.44,0.26,0.44,-0.0057974690179966,0.0093021572327359,-0.058635491157041,45.66712783720415,1.178327644417152,0.0279777435407616,-0.0076522099446282,15752.0498046875,-0.0017870563085186,0.0,-0.006057144458516153,0.010885484663347593,0.2990909090909091,0.7009090909090909,0.005636159652033204,0.26666666666666666,0.7333333333333333
2022-07-01,15752.0498046875,-0.0017870563085186,-0.0061923754536568,0.0033632055472394,0.0299833134787654,-0.0501830609285277,0.9945044459405336,0.9732844150664636,0.9477944644116582,44.71821304470561,-0.0493375461625416,0.0299833134787654,-0.0048509880824131,0.0151057437934598,0.0110470924499818,1.4147772532105458,50.0,0.76,0.7,0.28,0.5,0.2,0.2,0.6,0.2,0.06,0.0109823800997523,0.007442801942374,-0.0404211985248443,47.57590736816813,0.8093133822182449,0.0274403868457375,0.0097618624036833,15835.349609375,0.0052881882498054,1.0,0.004870683776853338,0.007078454917927713,0.7506060606060606,0.24939393939393942,0.008930806704302113,0.7333333333333333,0.7333333333333333
2022-07-04,15835.349609375,0.0052881882498054,0.0022944345498328,0.0002084256131207,0.0316087599406409,-0.0443102641446271,0.999786084738188,0.9792596137681516,0.9532542150518823,47.38822462896312,-0.0390063184005948,0.0354300591345997,-0.0026377395451819,0.0149901963553407,0.0111804281850457,1.1663919659626665,50.0,0.72,0.46,0.28,0.54,0.26,0.3,0.56,0.18,0.06,0.0048684004449165,-0.0005407861748957,-0.0356771985780708,47.896624409750586,0.7434904068616088,0.0267978308829666,0.0086330655665562,15810.849609375,-0.0015471713984448,0.0,0.0043612080063205015,-0.0016749350572365304,0.7833333333333333,0.21666666666666667,0.0062730410027939465,0.6666666666666666,0.6666666666666666
2022-07-05,15810.849609375,-0.0015471713984448,0.0019391080226864,-0.0024826554524616,0.0110014711382091,-0.0368839610758662,0.998406668134606,0.978598616434465,0.9522362572925804,46.67419749340989,-0.0404931403388517,0.0338280713620164,0.0046605084870565,0.0156257971589178,0.0110570619701991,0.9705624069336796,50.0,0.44,0.52,0.3,0.52,0.24,0.34,0.58,0.2,0.2,-0.0012045957208639,0.0008210917898919,-0.0255533368962783,48.25381495718434,0.9107119366641164,0.0263805421924769,0.0113306241795878,15989.7998046875,0.0113181897073002,1.0,-0.0006342972455043619,-0.0011082065608209273,0.45323232323232326,0.5467676767676768,0.004484996722051517,0.4666666666666667,0.5333333333333333
2022-07-06,15989.7998046875,0.0113181897073002,0.01509327376106,0.0120703204630308,0.037402763023183,-0.022404291650745,1.0087742533196695,0.9900754809858048,0.9633683880951216,52.32471648000546,-0.0296332596757509,0.0455291335984242,0.0004649077133174,0.0140321521065959,0.0114268490762213,1.0917832333289168,50.0,0.8,0.66,0.36,0.68,0.38,0.36,0.6,0.38,0.12,0.0138042453839805,0.0198610798092134,-0.0103905536204728,52.12817720357363,1.0072643728431443,0.0267215584954022,0.0120137380302722,16132.900390625,0.0089494920315105,1.0,0.012232069856164514,0.015064853999815506,0.7528282828282828,0.24717171717171718,0.005811592177248811,0.7333333333333333,0.7333333333333333
2022-07-07,16132.900390625,0.0089494920315105,0.018790288095303,0.0223475794505789,0.0370420357551564,-0.0209489702655761,1.016079553982277,0.9989778304352508,0.9722610207993844,56.31141029970757,-0.0042525777933983,0.0548860882482753,0.0077518290927047,0.0136584174610601,0.0114904457212684,0.9905104160817564,50.0,0.78,0.92,0.46,0.82,0.44,0.38,0.6,0.28,0.1,0.0087355248139626,0.038879159071018,-0.00605924856832,53.82289782480735,0.936400343030048,0.0254810591396128,0.0148897216972561,16220.599609375,0.0054360478665673,1.0,0.016038449358627044,0.037535974092094346,0.8207070707070707,0.1792929292929293,0.004881676388292031,0.8666666666666667,0.8666666666666667
2022-07-08,16220.599609375,0.0054360478665673,0.0259157483704759,0.0297453227038471,0.0332085678854086,0.0011603528567276,1.0195054503564394,1.0042347142990484,0.9777647305576912,58.596462087914695,0.0,0.060620499517769,0.0087244076757451,0.0133696733490808,0.0109460499153892,1.0345779429896396,50.0,0.7,0.86,0.56,0.8,0.54,0.42,0.54,0.3,0.1,0.003646512460131,0.0346898471829459,0.0126741095068099,56.55295524121326,0.8772288530966279,0.024606272069215,0.0115137566500822,16216.0,-0.0002835659276332,0.0,0.008329933977246183,0.0408155588185806,0.7307070707070707,0.26929292929292925,0.0043966679071516706,0.7333333333333333,0.7333333333333333
2022-07-11,16216.0,-0.0002835659276332,0.014146530793099,0.0240380162115045,0.0242514519628924,0.0279947001749398,1.0173544635523044,1.0037944598853048,0.9777064812047128,58.42386707982284,-0.0002835659276332,0.0603197436819564,-0.0052062945133786,0.0123865664051487,0.009004759453478,0.9365907219324732,50.0,0.6,0.84,0.66,0.8,0.52,0.4,0.58,0.18,0.1,0.0037769644804632,0.0336168414720898,0.0391217165533753,57.59915769185967,0.7417111774009297,0.0245355583505361,0.0111270163784354,16058.2998046875,-0.0097249750439381,0.0,0.0005522146107750721,0.03681563991349961,0.6168686868686869,0.38313131313131316,0.0066832192159428,0.7333333333333333,0.7333333333333333
2022-07-12,16058.2998046875,-0.0097249750439381,-0.0046241273503957,0.0156506577082218,0.0131291470650662,0.0207346891649549,1.0067453794358967,0.9942652581115105,0.9685047786185892,52.69317388840416,-0.0100057833000017,0.0500081606360545,-0.0055377284587753,0.01220573911016,0.009306295807112,0.7658277805312333,50.0,0.14,0.76,0.66,0.72,0.48,0.38,0.58,0.04,0.14,-0.0107465839856241,0.0241630695569036,0.0388533705385606,55.39206628583698,0.6856845057551144,0.0247163255281508,0.0181186813736057,15966.650390625,-0.0057072925015229,0.0,-0.008605231118830896,0.028559974197177304,0.22272727272727272,0.7772727272727273,0.005056509811217734,0.13333333333333333,0.8666666666666667
2022-07-13,15966.650390625,-0.0057072925015229,-0.0156559698695247,-0.0014477613444362,0.0106050841752132,0.0174928224090942,1.0009043040320105,0.9890332123660592,0.963332116320398,49.64543125050592,-0.0156559698695247,0.0440154569343185,0.0043529135384927,0.0119577243827925,0.0093974375128484,0.8486722444525282,50.0,0.56,0.58,0.68,0.66,0.46,0.4,0.58,0.16,0.12,0.0016728436786532,0.016610023953004,0.0320377218157634,55.74063826385776,0.7461957837043585,0.0242340111527923,0.0145448994066692,15938.650390625,-0.0017536552323109,0.0,-0.0010815946308156423,0.01524296087539499,0.47474747474747475,0.5252525252525253,0.005273073235042036,0.4,0.6
2022-07-14,15938.650390625,-0.0017536552323109,-0.0171034539575111,-0.0120406123695452,0.0100378885394718,0.0376320453595573,0.9992300421862188,0.9877907945574198,0.962009928510625,48.71832543233723,-0.0173821699283571,0.042184613765652,0.0032692654672672,0.0120685835299388,0.0078826175170938,0.8370713487980374,50.0,0.4,0.5,0.8,0.66,0.46,0.4,0.62,0.1,0.16,-0.0021632318949465,0.001839359622894,0.0552376937856029,54.76109857294142,0.8250050749444553,0.024788519432231,0.0176056484260456,16049.2001953125,0.0069359576863876,1.0,-0.0019378845298210657,-0.002744753539374106,0.3337373737373737,0.6662626262626261,0.004225701409902855,0.26666666666666666,0.7333333333333333
2022-07-15,16049.2001953125,0.0069359576863876,-0.0005666608224828,-0.0105667742370902,0.0188642363571358,0.0494131621481348,1.0055706615324032,0.9948511027646528,0.9689843416537148,52.49068771924756,-0.0105667742370902,0.0455402577107284,0.0045266953157425,0.0115913531690493,0.0078161435356272,0.7729432311130308,50.0,0.68,0.5,0.84,0.68,0.52,0.42,0.66,0.2,0.08,0.008387155779404,0.0002878079461244,0.0693845252868315,56.37510678221531,0.7680187027934157,0.0241490287297851,0.0199713631386967,16278.5,0.0142873041582765,1.0,0.008442060563468119,-0.0025953075673106536,0.7213131313131314,0.27868686868686865,0.005793415456403718,0.7333333333333333,0.7333333333333333
2022-07-18,16278.5,0.0142873041582765,0.0195313106848074,0.0038542180562406,0.0279848820238639,0.0604782093823643,1.0180045533115052,1.0087062640824551,0.9829964709759887,59.19554007270603,0.0,0.0561333527717,0.0063679307422652,0.0116773134014409,0.0082520729134543,0.8604141475211609,50.0,0.84,0.66,0.88,0.8,0.58,0.5,0.66,0.28,0.06,0.0169141147128767,0.0070976995800519,0.090443369712162,60.00381193249649,0.8691369513847063,0.0241967696359424,0.0299651603297976,16340.5498046875,0.0038117642711243,1.0,0.01553309026292409,0.012080469898379607,0.9123232323232322,0.08767676767676766,0.005463902368656979,0.8666666666666667,0.8666666666666667
2022-07-19,16340.5498046875,0.0038117642711243,0.0252153980552138,0.0175765805491818,0.0335023233032598,0.0448723692843526,1.0197594817527504,1.0120530775077052,0.9868735965987578,60.807430904024656,0.0,0.0601590841513381,-0.0056178514797124,0.0116270717819551,0.0073722759169486,0.8475802459734227,50.0,0.64,0.82,0.86,0.82,0.62,0.5,0.66,0.18,0.1,0.0019497974374766,0.0252231272540076,0.0778277610130385,60.59128066102844,0.8883103541998598,0.0233135791888616,0.0329553917286858,16520.849609375,0.0110338885069691,1.0,0.0036934758632299553,0.02466832986819292,0.7007070707070707,0.29929292929292933,0.004817624525989548,0.8,0.8
2022-07-20,16520.849609375,0.0110338885069691,0.0293877207787747,0.0347097985608431,0.0332117857117773,0.0718567612855147,1.0279753039539057,1.0222890755933738,0.997784862710997,65.1191863333753,0.0,0.0619798732078635,0.0136011933024888,0.0118733008251461,0.0064926440481401,1.0699572995240871,50.0,0.72,0.88,0.88,0.92,0.68,0.52,0.68,0.4,0.06,0.0065768913746878,0.0305107583545291,0.1019650411822526,60.66138225412132,0.90142245707903,0.0230568948731273,0.0301082798967379,16605.25,0.005108719746296,1.0,0.005362787005833607,0.03135495050612904,0.6273737373737374,0.37262626262626264,0.004412179881142542,0.6666666666666666,0.6666666666666666
2022-07-21,16605.25,0.005108719746296,0.0200724882513745,0.0418228390132133,0.0292786540509162,0.0674052307562895,1.0299676393362367,1.02640428790668,1.0028535048421665,66.95204453287059,0.0,0.0577097632052485,0.0001635007846974,0.0112113711011685,0.0063617344969328,0.9191585699462316,50.0,0.84,0.92,0.9,0.9,0.7,0.52,0.6,0.22,0.08,0.0074362021860241,0.042932383757028,0.0968560020095056,61.96716332773693,0.8942966747530238,0.0221495240525774,0.029450771253216,16719.44921875,0.0068772959606149,1.0,0.010638233504710952,0.04438501098672906,0.902929292929293,0.09707070707070707,0.0058229754108625785,0.9333333333333333,0.9333333333333333
2022-07-22,16719.44921875,0.0068772959606149,0.0231876784191071,0.0417621448596086,0.0307540794661302,0.064983946287243,1.0334044885377194,1.0321087569154082,1.0096524695694329,69.30248290714943,0.0,0.061414192188157,0.0033724273949504,0.0109487410289549,0.0062703027642703,0.7242308130050458,50.0,0.64,0.92,0.9,0.9,0.74,0.56,0.58,0.3,0.12,0.0024228217027447,0.0360502914694448,0.0920620613200575,63.83831456374146,0.8928886538294195,0.0217905668448819,0.0270781150328145,16631.0,-0.0052901993117577,0.0,0.005516165748692906,0.04145023510372375,0.6718181818181819,0.26151515151515153,0.004599947006743294,0.7333333333333333,0.7857142857142857
2022-07-25,16631.0,-0.0052901993117577,0.0066673562939822,0.0216543293300979,0.0255920078934386,0.0504641032063928,1.0252097754179472,1.025576919901879,1.0042681260977229,65.42151188182109,-0.0052901993117577,0.0557990995591533,-0.0034031287009258,0.0106414711299144,0.0064122009324213,0.8019270527094436,50.0,0.4,0.74,0.84,0.86,0.72,0.5,0.58,0.12,0.16,-0.0049257037902492,0.0213958301574618,0.0816003970075686,61.70943810819311,0.8181773917200031,0.0222207677139001,0.0311362938011757,16483.849609375,-0.008847958067765,0.0,-0.00031545911858124864,0.025112955437587695,0.4936363636363637,0.5063636363636363,0.005832835026017979,0.4,0.6
2022-07-26,16483.849609375,-0.008847958067765,-0.0073109643410969,0.0087695828108789,0.0265003026387189,0.0399773760743977,1.0145793285398723,1.0158452407932754,0.9954281400000384,59.45610385810234,-0.0140913499178422,0.0464574333982699,0.0001142679709578,0.0105733185436495,0.0068933308870842,0.7963890907699958,50.0,0.26,0.6,0.78,0.7,0.68,0.5,0.6,0.14,0.18,-0.0091642118173444,0.0065869933672234,0.0567275631020025,57.67894350695065,0.7654810866898658,0.0219320148656172,0.0167501870276047,16641.80078125,0.0095821774414373,1.0,-0.00660728126954617,0.014529438289244795,0.3198989898989899,0.6801010101010101,0.00586862271920535,0.26666666666666666,0.7333333333333333
2022-07-27,16641.80078125,0.0095821774414373,-0.0046441982917069,0.0073211229891205,0.0422850362541551,0.0533385567981956,1.0219360381787248,1.0245515144779558,1.004916848086243,63.32217038261291,-0.0046441982917069,0.0564847742100032,-0.0005156562454419,0.0107047349135994,0.0069783180182954,0.7454366157499648,50.0,0.82,0.64,0.8,0.76,0.74,0.56,0.62,0.2,0.1,0.0101113948664675,0.0101375983603664,0.0654655817585508,59.73553115411902,0.8314509948866606,0.0214656148948392,0.0121270249603552,16929.599609375,0.0172937311236929,1.0,0.00983864641413229,0.019149212749927536,0.7762626262626263,0.22373737373737373,0.0038521841794820445,0.8666666666666667,0.8666666666666667
2022-07-28,16929.599609375,0.0172937311236929,0.0179543989763093,0.0195329555035304,0.0621727181702203,0.0728346895248808,1.035702148475342,1.040544983379406,1.0220688670854887,69.10323365710626,0.0,0.0747553378314664,0.0079948576403403,0.0112115339118132,0.007639090271514,1.4934910303222737,50.0,0.78,0.7,0.84,0.88,0.8,0.62,0.6,0.36,0.1,0.0096880498136869,0.0140254735400783,0.0926954191559766,63.06459145587141,0.9789403239508664,0.0214040870047556,0.0198607296310958,17158.25,0.0135059538264792,1.0,0.010269652822359717,0.018701862899896934,0.7877777777777778,0.2122222222222222,0.007174599836900252,0.8666666666666667,0.8666666666666667
2022-07-29,17158.25,0.0135059538264792,0.0409127968652081,0.0262449304106207,0.069103119855868,0.0892709337989803,1.0447461279546095,1.0523453392220117,1.0355032652311655,72.77473595515636,0.0,0.0852199865228029,0.0088543376148122,0.0115206815924138,0.0078396112204465,1.7064485835028955,50.0,0.84,0.76,0.92,0.98,0.84,0.72,0.46,0.54,0.12,0.0129761401884271,0.020291149723522,0.0877831377477685,65.22267014375295,1.1025456291936022,0.0216513785769263,-0.0014877960512117,17340.05078125,0.0105955316684394,1.0,0.014394241156497782,0.027937763238351534,0.8418181818181818,0.1581818181818182,0.007765384474647596,0.9333333333333333,0.9333333333333333
2022-08-01,17340.05078125,0.0105955316684394,0.0419575987706033,0.0426342842432805,0.0652118304051356,0.0950216578094476,1.0502329534439458,1.0608539505522063,1.0459912672411622,75.28909822522398,0.0,0.0967184692572284,0.0049509255751607,0.0114682721420859,0.0079631850988747,1.4705882352941178,50.0,0.76,0.92,0.94,0.98,0.88,0.74,0.54,0.3,0.06,0.0083399559298759,0.0360594025371804,0.1056046351527915,67.36119347470638,0.927531506320734,0.022477415957273,0.0105829773433439,17345.44921875,0.0003113276638058,1.0,0.01511110558383871,0.04353747372698401,0.7945454545454546,0.20545454545454547,0.0065482430776827045,0.8666666666666667,0.8666666666666667
2022-08-02,17345.44921875,0.0003113276638058,0.0245634639312271,0.0522693199581834,0.0614972828989042,0.0970599080561149,1.0455254738887183,1.0586441327744809,1.0458349247463907,75.3618629069401,0.0,0.0882633594217279,-0.0017243542710573,0.0114006727783587,0.0078985146567735,1.2665628915296707,50.0,0.54,0.94,0.94,0.94,0.88,0.72,0.56,0.34,0.18,0.0013545264045113,0.0518643306491726,0.1055700089796154,64.66752628514226,1.029347721798992,0.0218051409152586,0.0085101009235004,17388.150390625,0.0024618083588656,1.0,-0.0003033024913283657,0.05009847551436375,0.5514141414141415,0.4485858585858586,0.005444729399207168,0.6666666666666666,0.6666666666666666
2022-08-03,17388.150390625,0.0024618083588656,0.0133988250914283,0.0448478875084177,0.0524973473977898,0.0874526637617791,1.0433200217690357,1.058707325328904,1.0479048075077768,75.96475148487855,0.0,0.0909424552565998,0.0002191226760441,0.0112453349197054,0.0077532174734851,1.0841817352985867,50.0,0.5,0.92,0.88,0.94,0.88,0.7,0.46,0.22,0.16,-0.0002846544724692,0.036806328880228,0.0821911948811292,64.80551734237987,0.9345253728464834,0.0220613878084695,-0.0052614688806499,17382.0,-0.0003537116074355,0.0,0.0012997377843043804,0.04124090581056654,0.5647474747474749,0.4352525252525252,0.0037827376783124275,0.4,0.6
2022-08-04,17382.0,-0.0003537116074355,0.0024192096827859,0.0267224506818506,0.0467773746254949,0.077425607245481,1.0387021034695167,1.0559173710911378,1.0470389264699231,75.67751233985777,-0.0003537116074355,0.0905565762471312,0.0043103617731767,0.0120292621061196,0.0077341657730531,1.2206114324344626,50.0,0.62,0.9,0.9,0.92,0.9,0.72,0.5,0.32,0.08,0.0011398698006078,0.028549977021116,0.0791263850012226,63.567079659428266,0.9073900791664394,0.0221850697921884,0.0017007777557415,17397.5,0.0008917270739845,1.0,0.0006801801020188079,0.031262732394582264,0.6927272727272727,0.3072727272727273,0.004534314391509103,0.6666666666666666,0.6666666666666666
2022-08-05,17397.5,0.0008917270739845,0.0030008321256813,0.0139437296927134,0.0405546123187838,0.0725559115548841,1.0357194048230305,1.0545076588436124,1.047472599593025,75.92458177707968,0.0,0.0915290550718825,0.0023961794169256,0.0115541940164843,0.0077491962824261,1.3160721561654998,50.0,0.56,0.72,0.9,0.9,0.9,0.74,0.46,0.24,0.12,0.0020906978822842,0.014672474711309,0.0665501758372247,63.47307480250904,0.7962747622057009,0.0221054218477037,-0.0060057357176593,17525.099609375,0.0073343646716481,1.0,0.0037731124954848106,0.020530989621926374,0.7548484848484848,0.24515151515151518,0.004654361072467361,0.6666666666666666,0.6666666666666666
2022-08-08,17525.099609375,0.0073343646716481,0.0078760084122482,0.0106717581430093,0.0537610251563345,0.0807288856299333,1.0390294307642784,1.059655337531126,1.0545763862771775,77.91359804864044,0.0,0.0995347272114794,0.0002299180916798,0.011537728803094,0.0077387460067849,0.9517637255809648,50.0,0.64,0.68,0.92,0.9,0.86,0.76,0.48,0.14,0.1,0.0029330726860428,0.0115255277868353,0.0694764458798616,65.70940834665507,0.7061318501893081,0.0224360161788824,-0.0112524397500716,17534.75,0.0005506610997998,1.0,0.00384364549067276,0.009181041642328152,0.624040404040404,0.3592929292929293,0.007313592783343814,0.7333333333333333,0.7333333333333333
2022-08-10,17534.75,0.0005506610997998,0.0087878264871705,0.0109135704047014,0.0637533352662542,0.0919431205837566,1.0356953764915708,1.057740140736262,1.0545783195512126,78.06122211314911,0.0,0.1001401982136338,0.0023395016812381,0.0110256428943139,0.0071000770392308,1.136140682338408,50.0,0.6,0.68,0.94,0.9,0.86,0.78,0.42,0.24,0.1,0.0028756184840471,0.0071178582938637,0.0794296029159713,64.85583484731112,0.8116989055216268,0.0228633013292683,-0.0125135176677853,17659.0,0.0070859293688247,1.0,0.0025639603304146606,0.012111537744629272,0.5657575757575758,0.43424242424242426,0.006097546237551045,0.5333333333333333,0.5333333333333333
2022-08-11,17659.0,0.0070859293688247,0.0150308952435693,0.0155766774090608,0.0611231459936751,0.1059927766921409,1.0387768149135264,1.0625170352228357,1.0613956572049408,79.92197760339981,0.0,0.1079357139539805,0.0100885607507947,0.0111159361778291,0.0067038053330092,1.1149126735333632,50.0,0.6,0.68,0.94,0.92,0.9,0.76,0.44,0.14,0.12,0.0018904772634538,0.013148734666888,0.0903173393938635,64.99245868574187,0.8038805615156365,0.0225593509750271,-0.0156754372982773,17698.150390625,0.0022170219505635,1.0,0.0013361983545860966,0.012195344075176582,0.5672727272727272,0.4327272727272727,0.0038296832685936564,0.4666666666666667,0.5333333333333333
2022-08-12,17698.150390625,0.0022170219505635,0.0098744535042429,0.0181883782432976,0.0453968669657376,0.1103920317516296,1.037022597624519,1.0621704696958476,1.0630744691422838,80.48367109534325,0.0,0.1027434498445667,3.683054674663566e-05,0.0110098237004595,0.0065480371949879,1.0742691505532185,50.0,0.52,0.6,0.9,0.9,0.9,0.78,0.4,0.18,0.06,0.0006092459517844,0.0116085697452461,0.0988218875036841,62.85683402056988,0.7749548267403297,0.0225143044654766,-0.0115701442479454,17825.25,0.0071815193435313,1.0,0.0037932638250453197,0.015374339654851056,0.4773737373737374,0.5226262626262625,0.005761249489196526,0.4666666666666667,0.5333333333333333
2022-08-16,17825.25,0.0071815193435313,0.0165671024679565,0.0245868659290127,0.0388734282342313,0.1106628232605779,1.0400650727004204,1.0668782139676578,1.0699561680923328,82.22244563599467,0.0,0.0950179684860399,0.0055965638181867,0.0108742182287565,0.0065515553469869,0.0,50.0,0.84,0.74,0.94,0.94,0.96,0.78,0.4,0.28,0.04,0.0070492663161962,0.0184036884048082,0.1048836672284011,65.31285433383741,0.8377488961115582,0.0226927431549933,-0.0057791560321768,17944.25,0.0066759231988331,1.0,0.009140307782632244,0.020626419675280158,0.7745454545454546,0.22545454545454546,0.004981070332265377,0.8,0.8
2022-08-17,17944.25,0.0066759231988331,0.0161532363100969,0.0239171474038741,0.0348441435594484,0.102328224344995,1.0423419057867067,1.0708928961389472,1.076273444359075,83.68780758052196,0.0,0.0981423645153272,0.0024067202774153,0.0106743290603436,0.0062132484296871,0.9578830347542416,50.0,0.68,0.84,0.92,0.96,0.98,0.82,0.42,0.34,0.02,0.0041971907943728,0.0195947941039252,0.0927452170769828,66.17241819997636,0.8969939518335204,0.0223385038959147,-0.0095830072680122,17956.5,0.000682669936052,1.0,0.006624536764040743,0.02345115968658802,0.6945454545454546,0.3054545454545455,0.006631535643224258,0.8666666666666667,0.8666666666666667
2022-08-18,17956.5,0.000682669936052,0.0145975485388492,0.0240522391251658,0.0352283053349502,0.0988920332930869,1.0387940811246916,1.068622434164001,1.0761835576009668,83.83551711173676,0.0,0.0893389848562709,-0.0025411822380427,0.0102760195397806,0.0062811552609023,0.9547066058895884,50.0,0.46,0.82,0.94,0.94,0.92,0.78,0.4,0.14,0.2,-0.0012582941186923,0.0215608357089837,0.0930918073462954,66.1724764548191,0.8482590631449973,0.0216628972784523,-0.0058002259467915,17758.44921875,-0.011029475746944,0.0,0.0008906724032492923,0.021765019125039482,0.5235353535353535,0.4764646464646464,0.0046980369594875355,0.5333333333333333,0.5333333333333333
2022-08-19,17758.44921875,-0.011029475746944,-0.0037475368508155,0.0056316449827282,0.0212960447089674,0.0749113779640429,1.0246690034946888,1.0544857811927766,1.0636331573680624,72.41808643145364,-0.011029475746944,0.077324146942598,0.0005597294155319,0.0102924786714171,0.0070133185747628,1.067225070402195,50.0,0.12,0.6,0.92,0.82,0.92,0.76,0.42,0.06,0.22,-0.0134870693048512,0.0068796942912412,0.0649838005489602,61.350344768564185,0.8001296769657756,0.0221938263913165,-0.0099275774150826,17490.69921875,-0.0150773300473388,0.0,-0.0061922317846690115,0.014205602161476505,0.18222222222222223,0.8177777777777777,0.00395738456241069,0.13333333333333333,0.8666666666666667
2022-08-22,17490.69921875,-0.0150773300473388,-0.0252755496189587,-0.0117216300741173,0.0062535507277643,0.0533234500383914,1.008334343012275,1.037017721547411,1.0471005064769203,60.435051264803086,-0.025940510748197,0.0610809752111767,-0.0042542469330729,0.010645645120128,0.0081512810558798,1.0301597535640088,50.0,0.1,0.28,0.78,0.64,0.86,0.72,0.48,0.02,0.28,-0.0175816192049841,-0.0120960974696893,0.0489797491081718,55.40608583478073,0.8626647270070069,0.0227598059269563,-0.0043437009302196,17577.5,0.0049626821755044,1.0,-0.01954912190046972,-0.009278166336766465,0.07,0.9299999999999999,0.003966796432946442,0.06666666666666667,0.9333333333333333
2022-08-23,17577.5,0.0049626821755044,-0.0211065630830061,-0.0138988232984109,0.0103463141255928,0.0513205172026685,1.0120527525359035,1.040443742856122,1.0517496371697093,62.59586928467918,-0.0211065630830061,0.0663467828536241,-0.0076240296461133,0.0109137055031797,0.0081099427134947,1.0059348748745225,50.0,0.76,0.2,0.86,0.7,0.84,0.72,0.46,0.22,0.14,0.0092246699138914,-0.0117957413799101,0.048180945159689,57.54760848728036,0.8670281341122684,0.0229634005801253,-0.0031395720429794,17604.94921875,0.0015616110795051,1.0,0.008574890249762783,-0.009984451214668972,0.7551515151515152,0.24484848484848484,0.004603718204341256,0.8,0.8
2022-08-24,17604.94921875,0.0015616110795051,-0.0086437727815742,-0.018908607562311,0.0045562998872934,0.0585622763964885,1.0123187920223589,1.0403521949363896,1.05283272862485,63.2788599669538,-0.0195779122462618,0.0680120018043228,-0.0029612163988053,0.0106942282267735,0.0079040132482952,0.9146607551187838,50.0,0.58,0.22,0.88,0.72,0.82,0.74,0.42,0.14,0.06,0.0014865161885273,-0.0216875633557657,0.0507448559873178,57.947094236454674,0.7092439899874983,0.0221618479360699,-0.0078174204091707,17522.44921875,-0.0046861822192667,0.0,0.0022590829397442914,-0.014283686623885617,0.6634343434343435,0.33656565656565657,0.0038853384623512197,0.6666666666666666,0.6666666666666666
2022-08-25,17522.44921875,-0.0046861822192667,0.0018152504712884,-0.0241723488012697,-0.0007015087896889,0.063007102951504,1.0068485237507467,1.0340383075621506,1.047399764978448,59.747641224131065,-0.0241723488012697,0.0529178572124364,0.0042062479323219,0.0109785664302002,0.007629019855652,0.8005703455111374,50.0,0.34,0.16,0.94,0.68,0.82,0.72,0.46,0.14,0.14,-0.003814745916693,-0.021184506927423,0.0574201904873724,56.33963345030823,0.8124150300543773,0.021883357328498,-0.0055869124641315,17558.900390625,0.0020802555293466,1.0,-0.0033305937851499804,-0.018522311663191893,0.38979797979797975,0.6102020202020202,0.003170431798888506,0.4,0.6
2022-08-26,17558.900390625,0.0020802555293466,-0.0010581487341772,-0.0112368386263317,-0.005668475529475,0.0551081954068504,1.0080844235624191,1.0347209048340409,1.0490611016827145,60.78880320847421,-0.0221423779341742,0.0371716281406628,0.0055272845303133,0.0102929078038189,0.007475768416098,0.9142190902388424,50.0,0.7,0.42,0.86,0.72,0.8,0.76,0.46,0.18,0.12,0.0021805009520861,-0.004568733302284,0.0521462224463323,56.09541883973319,0.7607991632132677,0.0214199963468858,-0.002961972960518,17312.900390625,-0.0140099889245538,0.0,0.007509009390118798,-0.004768333317983584,0.6690909090909091,0.3309090909090909,0.004882192196911787,0.7333333333333333,0.7333333333333333
2022-08-29,17312.900390625,-0.0140099889245538,-0.0165890184911159,-0.0101653356393207,-0.0217678114094946,0.0226408651175507,0.9945331543062093,1.0194159605720556,1.034010210190197,51.16944738741145,-0.035842152389107,0.0090131797021841,-0.0210861723549432,0.011540943120594,0.0075389371070551,0.8591625883632409,50.0,0.22,0.54,0.74,0.6,0.8,0.72,0.54,0.06,0.26,-0.0101789311463176,0.0011972526970596,0.0296001264660916,53.17072411782128,0.8264930597311835,0.0221255797190257,0.0069592613485409,17759.30078125,0.0257842637890255,1.0,-0.008991999965454666,0.005942122984811735,0.19666666666666668,0.8033333333333333,0.0029129654586779034,0.13333333333333333,0.8666666666666667
2022-08-30,17759.30078125,0.0257842637890255,0.0135170351783102,0.0103428121888777,-0.0036997640285549,0.0350298416942287,1.01821988119911,1.0438301084983883,1.0600314659373966,62.70314884966474,-0.0109820521120486,0.0257842637890255,0.0058943808271583,0.012359720841698,0.00896362896987,1.1618212720279095,50.0,1.0,0.82,0.82,0.86,0.86,0.76,0.56,0.72,0.0,0.0219783231252944,0.0149289487995282,0.0365483594377989,59.171892462980416,1.270023510612441,0.0223699385821567,0.0015185177435702,17542.80078125,-0.0121907952721076,0.0,0.019517542652830285,0.016754729736716586,1.0,0.0,0.004195397240458426,1.0,1.0
2022-09-01,17542.80078125,-0.0121907952721076,-0.0009168916627373,-0.0035301685183964,-0.0223720255095642,0.0116925839813131,1.0052510221692956,1.0298487762012314,1.046618242631204,55.81720932417246,-0.0230389674351906,0.0132791378358239,-0.0154060999287125,0.0131944753486999,0.0092259086982384,1.118462793437868,50.0,0.26,0.6,0.62,0.78,0.8,0.74,0.54,0.24,0.48,-0.0092176999981022,0.0043044189831764,0.0181232366105306,56.085598780024505,1.183906668573349,0.0233956920634509,0.0064306526292174,17539.44921875,-0.0001910505934481,0.0,-0.006223906868342081,0.00813638747213203,0.3097979797979798,0.6902020202020203,0.006336867019612124,0.26666666666666666,0.7333333333333333
2022-09-02,17539.44921875,-0.0001910505934481,0.0130855502552118,0.0009701840072566,-0.0232256164202377,0.0111844898078679,1.004574957609635,1.028456109091881,1.045935195857174,55.71520427120795,-0.0232256164202377,0.0130855502552118,0.003169369023128,0.0131271524939014,0.0092274820148089,0.942418002647448,50.0,0.3,0.6,0.6,0.6,0.78,0.74,0.48,0.16,0.2,-0.0032382075582553,0.009134627635035,0.0094798113654412,55.19566249686581,0.7915529632710551,0.0234484581188252,-0.0017046784424266,17665.80078125,0.0072038500710118,1.0,-0.0022626027127742366,0.009315942886373422,0.2874747474747475,0.7125252525252525,0.004475162145342019,0.2,0.8
2022-09-05,17665.80078125,0.0072038500710118,-0.0052648469189009,0.0060881027995396,-0.0052171468554911,0.0159677932607886,1.0106748265577334,1.0344100872609585,1.0529097667483196,58.77394930334111,-0.0161890802077242,0.0203836666683587,0.0003991003316408,0.0131015965921089,0.0093381912808513,0.8554818818372616,50.0,0.72,0.64,0.56,0.62,0.8,0.74,0.48,0.18,0.08,0.005271046283691,0.0069537482937136,0.0139840242920888,55.37171916358988,0.8033592399311582,0.0232022635310764,-0.0019837689686997,17655.599609375,-0.0005774531254664,0.0,0.005580051600893855,0.007329146323244907,0.6917171717171716,0.3082828282828283,0.004761503775039598,0.7333333333333333,0.7333333333333333
2022-09-06,17655.599609375,-0.0005774531254664,0.0064299212840381,0.0197944429308662,0.0094278901353599,0.0157403986523414,1.009121375417639,1.0324437530647723,1.051754411383794,58.42309458628399,-0.0167571848982263,0.0197944429308662,0.001692447337668,0.0132550157623536,0.009339822533333,0.9460859085174096,50.0,0.42,0.74,0.64,0.7,0.76,0.72,0.52,0.14,0.22,-0.001778799351551,0.0161161457315183,0.0202315125920604,56.08737631254806,0.8844018943454037,0.0226402028946949,0.004491113939719,17624.400390625,-0.0017671004916441,0.0,0.0017458411601858036,0.01825567573185945,0.4515151515151515,0.5484848484848485,0.004337744809734683,0.4666666666666667,0.5333333333333333
2022-09-07,17624.400390625,-0.0017671004916441,0.004843434409798,-0.0075960417747654,0.002668205980657,0.0130421262034774,1.0066346477178147,1.0293832813058668,1.0493748660261082,57.296547784059136,-0.0184946737601983,0.017992363669387,-0.0077142222163714,0.0134024949651988,0.0093576910060116,1.333936072027274,50.0,0.54,0.48,0.62,0.66,0.78,0.76,0.54,0.16,0.12,0.0015110624102133,-0.0031579467291258,0.0205420579903364,56.61665454414472,0.7982148349048543,0.0227734203197454,0.007499931786859,17798.75,0.0098925129655895,1.0,0.004085139899902041,0.002815944359979071,0.5914141414141414,0.4085858585858586,0.005261015125934302,0.6,0.6
2022-09-08,17798.75,0.0098925129655895,0.0075257963336203,0.0145899860541973,0.0110083124263484,0.0156147694863093,1.0149888415664785,1.0379559490907149,1.0591260797189086,61.73680250103945,-0.0087851195945757,0.0280628663258577,0.0070215154704398,0.013539492891756,0.0094701050440826,1.049532061741593,50.0,0.72,0.68,0.64,0.66,0.82,0.74,0.56,0.28,0.12,0.0073451233305429,0.0113748984262116,0.02502726124019,59.07570488297053,0.9015590264668736,0.0231128601479446,0.0094124917538807,17833.349609375,0.0019439347917691,1.0,0.006954296461938461,0.016272364157962776,0.6517171717171716,0.314949494949495,0.0063688166727588705,0.7333333333333333,0.7333333333333333
2022-09-09,17833.349609375,0.0019439347917691,0.0100676274911453,0.0167565347668281,0.0177429756961327,0.0170290200530376,1.015321742283235,1.038345962026635,1.0605392896121713,62.56859673941624,-0.0068582625024364,0.0300613534998344,0.0070004696607908,0.0129464689083775,0.0094731630893842,1.02202476604594,50.0,0.52,0.74,0.68,0.78,0.82,0.76,0.54,0.3,0.1,0.0005938373637084,0.0151253348591272,0.0206207146923308,57.24791941788308,0.8843898910418694,0.0224316065343817,0.0035916946392932,17936.349609375,0.005775695663245,1.0,0.0012847209895299582,0.01986876598746726,0.4414141414141415,0.5585858585858586,0.004609377420362044,0.4666666666666667,0.5333333333333333
2022-09-12,17936.349609375,0.005775695663245,0.0176998486096546,0.0153148352274046,0.0214961763181666,0.0157058502392548,1.019129625894182,1.042530228146274,1.0659575604055416,65.0073202384159,-0.001122178076184,0.0360106743921198,0.0032242961226853,0.0122990715074636,0.0094324822606938,0.8765965619898204,50.0,0.66,0.72,0.7,0.82,0.82,0.76,0.52,0.12,0.08,0.0058665174331735,0.0103674029972689,0.0220916281083272,58.33560395951989,0.7766862448127224,0.0214689836785474,0.0063857778690723,18070.05078125,0.0074542019299801,1.0,0.008594743831205795,0.022949837494294058,0.7163636363636364,0.2314141414141414,0.004862503512428773,0.8666666666666667,0.8666666666666667
2022-09-13,18070.05078125,0.0074542019299801,0.0152426873375939,0.0234742054104426,0.0437333071606533,0.0210135173685721,1.0241196566720028,1.0482337066398384,1.0731143007182942,67.9283157799627,0.0,0.0437333071606533,0.00602684558058,0.0117005199661498,0.0095452805042379,1.0068765133171913,50.0,0.66,0.88,0.64,0.9,0.86,0.8,0.56,0.32,0.14,0.004633021007755,0.0180545051061959,0.0280919279192766,59.13496619557449,0.9624219624023092,0.0206240117544591,0.0070784105507044,18003.75,-0.0036690976717561,0.0,0.00715385683565382,0.028443536124575355,0.6528282828282829,0.32494949494949493,0.003746812945115684,0.8,0.8
2022-09-14,18003.75,-0.0036690976717561,0.0095551533703697,0.0215241143509647,0.0137645745044245,0.0100138847982496,1.0183871604699468,1.0425728370489131,1.0684415015941744,65.02942584217237,-0.0036690976717561,0.0399037477134158,-0.0165412036879911,0.0125212241869253,0.0094886344497627,1.3237102959264886,50.0,0.44,0.82,0.6,0.74,0.8,0.78,0.58,0.3,0.26,-0.0016071366553195,0.0169309270829626,0.0169046147642082,58.85847072916231,1.1543985774452683,0.0211082337960561,0.0068907299659586,17877.400390625,-0.0070179606679163,0.0,-0.002002108351594654,0.02205208409379625,0.3629292929292929,0.637070707070707,0.004226508706352546,0.3333333333333333,0.6666666666666666
2022-09-15,17877.400390625,-0.0070179606679163,-0.0032865783748543,0.0044188715850832,0.0190733289140823,-0.0037254055965002,1.010158793158029,1.0338267410648898,1.060300254862225,59.79259857520172,-0.0106613087565254,0.0326057441135443,0.0023661520169409,0.0125921370792443,0.0095166689667575,1.042626728110599,50.0,0.22,0.56,0.52,0.56,0.76,0.74,0.52,0.14,0.26,-0.0072046847777251,0.0055694317160026,0.0057827433144457,55.19103720409109,0.925726239797371,0.0220225059741244,0.0095081489109459,17530.849609375,-0.0193848531485446,0.0,-0.004439280256961924,0.010664849213359454,0.3398989898989899,0.6601010101010102,0.005505999210789119,0.26666666666666666,0.7333333333333333
2022-09-16,17530.849609375,-0.0193848531485446,-0.0298394940004534,-0.0169626013410837,-0.0004903009933634,-0.0237045298707988,0.9914667826588544,1.0132383706132615,1.0393354459886146,48.30288799017858,-0.0298394940004534,0.0125888334035595,-0.0045084636252409,0.0137115669738128,0.0104382269883395,1.6267925969651724,50.0,0.04,0.3,0.42,0.42,0.58,0.64,0.5,0.04,0.88,-0.0205211441475817,-0.0199725324707339,-0.0221284957401491,47.41120997618865,1.6296883886154978,0.0231167797042864,0.0015760341306497,17622.25,0.0052136885924867,1.0,-0.022302378257064773,-0.013090113097923866,0.019393939393939394,0.9806060606060606,0.005923603330592045,0.0,1.0
2022-09-19,17622.25,0.0052136885924867,-0.0211900298548913,-0.0175119027124017,-0.0024652593895558,-0.0076695446247747,0.9969553889667062,1.017781847831014,1.0442891790894786,50.97844726776386,-0.0247813792374425,0.0178681562531553,0.0005590591139836,0.0130113703151251,0.010259223800888,0.9027522935779816,50.0,0.64,0.28,0.5,0.46,0.56,0.68,0.5,0.16,0.16,0.0037764053329657,-0.0155989966143998,-0.0029509102722715,50.61485804052484,0.8823523767781798,0.0223684273256535,0.0047186343525032,17816.25,0.0110088098852303,1.0,0.003207747374200815,-0.018348733672353852,0.5918181818181818,0.4081818181818182,0.004300577408227856,0.6666666666666666,0.6666666666666666
2022-09-20,17816.25,0.0110088098852303,-0.003420541537855,-0.0140453828449309,0.0090991183635413,0.0186127939871614,1.0071699628318864,1.0278180711358955,1.0551998395889923,56.16424044931092,-0.0140453828449309,0.0290736732735761,0.0084070076536764,0.0121973538152368,0.0099395564670489,0.9234819234819236,50.0,0.88,0.4,0.7,0.6,0.66,0.68,0.54,0.28,0.08,0.012677777624701,-0.0082196038915008,0.0268868894103161,55.09108169143354,0.8645046207966578,0.022353694480751,0.0082740954231547,17718.349609375,-0.0054950054374517,0.0,0.01363252122780252,-0.012141143169034894,0.8788888888888889,0.12111111111111111,0.005077996837834971,0.9333333333333333,0.9333333333333333
2022-09-21,17718.349609375,-0.0054950054374517,0.0106954314353213,-0.0158522746997152,0.0053306334778897,0.0080130626866732,1.0014795604747095,1.021282282194894,1.0488859231787089,53.110873824862935,-0.0194632088272787,0.0234189078433992,-0.0028008357889567,0.011798113981695,0.0099933502253183,0.8678131462203291,50.0,0.24,0.28,0.58,0.52,0.62,0.66,0.58,0.1,0.24,-0.0084821508084009,-0.0178933656905805,0.0175874699438257,53.983423622337824,0.8100427569009548,0.0220113352546725,0.0095744072571525,17629.80078125,-0.0049975776569025,0.0,-0.012146602947914385,-0.022331996675540488,0.14767676767676766,0.838989898989899,0.005382925659049193,0.06666666666666667,0.9333333333333333
2022-09-22,17629.80078125,-0.0049975776569025,0.0004284799755991,-0.0138498665334386,-0.0094921957300372,0.0014116236401029,0.9968092707677558,1.0155340442955794,1.0431910088100091,50.43986071563258,-0.0243635175866143,0.0183042923759095,-0.0061348388053301,0.0119501549144272,0.0100622192062054,1.0003521126760564,50.0,0.44,0.3,0.54,0.44,0.58,0.64,0.54,0.16,0.24,-0.0024531292665008,-0.0184418064686528,0.0143344222926262,48.93173529197677,0.936347001924392,0.0222162017096104,0.0129227986525233,17327.349609375,-0.0171556772324205,0.0,0.0021601741972806666,-0.01564918560765973,0.5793939393939395,0.42060606060606065,0.004560485775925634,0.5333333333333333,0.5333333333333333
2022-09-23,17327.349609375,-0.0171556772324205,-0.0274412623658176,-0.0116081082511354,-0.028373805879631,-0.0111342659316274,0.9816053239606304,0.9981857799936468,1.0250363741069706,42.565620212040855,-0.0411012221750726,0.00083459261152,-0.0020392273469836,0.0130112337082712,0.0107391434746541,1.3382186761634078,50.0,0.1,0.38,0.46,0.3,0.5,0.6,0.5,0.1,0.34,-0.0160121803532802,-0.0119454203249288,-0.0101622318450584,45.50117627652297,0.9233258531046906,0.0235848212482104,0.000972034086569,17016.30078125,-0.0179513217622564,0.0,-0.019056873899590727,-0.012201360717555267,0.07555555555555556,0.9244444444444444,0.007072578130250186,0.0,1.0
2022-09-26,17016.30078125,-0.0179513217622564,-0.0396226987051625,-0.0343854626253741,-0.0512952104615593,-0.0309016850317519,0.9673021299431328,0.9810261852638188,1.0065691565688024,36.29094741102622,-0.0583147226732423,0.0,-0.0098716094487095,0.0139712738025523,0.0113991771386048,1.62215628090999,50.0,0.14,0.2,0.34,0.16,0.34,0.56,0.52,0.12,0.54,-0.0212479177679943,-0.0383072668180244,-0.0296919641826832,41.12241742318663,1.172591917775107,0.025077844913189,0.0012097208490687,17007.400390625,-0.0005230508522044,0.0,-0.01937940073683498,-0.03431565734369261,0.15555555555555553,0.8444444444444444,0.0066199640755019475,0.13333333333333333,0.8666666666666667
2022-09-27,17007.400390625,-0.0005230508522044,-0.035303881101535,-0.0453995430786501,-0.0588072719600565,-0.0176458012873123,0.96986314933476,0.9812629337093124,1.0059821839616614,36.12684034555316,-0.0588072719600565,0.0,0.0055593522112185,0.0142423393256641,0.0110129585343632,1.1645364827697784,50.0,0.54,0.16,0.36,0.18,0.3,0.52,0.52,0.26,0.24,0.0020810290466366,-0.0512921164915347,-0.0136585250566272,40.3840297011746,1.0049273572236324,0.0252379745540867,0.003987276230685,16858.599609375,-0.0087491784653945,0.0,-0.0003077360072209064,-0.04765752862971958,0.5332323232323232,0.4667676767676768,0.0056366307741133725,0.5333333333333333,0.5333333333333333
2022-09-28,16858.599609375,-0.0087491784653945,-0.0270526081926795,-0.0485231423329121,-0.0636062148510726,-0.0507171528299101,0.9649269533385996,0.973720995364598,0.9972086410666112,33.40697761085032,-0.0670419351080096,0.0,-0.0080464742542567,0.0145118881328134,0.0091738598235437,1.0481861428432735,50.0,0.36,0.22,0.22,0.16,0.32,0.5,0.56,0.18,0.24,-0.0044938733244512,-0.0526128457832486,-0.04419915110393,39.22197660076795,0.9632840346416744,0.026287192030246,0.0065180017259801,16818.099609375,-0.0024023347691036,0.0,-0.005215265085385683,-0.040759496687295685,0.35777777777777775,0.6422222222222221,0.004678360715419144,0.4,0.6
2022-09-29,16818.099609375,-0.0024023347691036,-0.0116477238162947,-0.0460414262161303,-0.0592536251414664,-0.0413104601090591,0.9660490338105202,0.972473181373984,0.9948643588364764,32.68568888381094,-0.0692832127054152,0.0,0.008007782563679,0.0149609374825023,0.0088896575800919,1.0947083729091875,50.0,0.5,0.18,0.22,0.24,0.36,0.52,0.48,0.36,0.26,-4.7900999096850416e-05,-0.0421369575263038,-0.0429587997187458,39.04842861054435,1.13999591005564,0.0267281064122848,-0.0016483396096866,17094.349609375,0.016425755966269,1.0,-0.003868601519292834,-0.04682660726280283,0.44424242424242427,0.5557575757575758,0.006491163448808615,0.4666666666666667,0.5333333333333333
2022-09-30,17094.349609375,0.016425755966269,0.0051124343963777,-0.0134469497789745,-0.024898964381428,-0.0253770573878214,0.9836110739215052,0.9888948242613024,1.0110930210617863,41.90031435729073,-0.0539954858836044,0.016425755966269,-0.0011920983101934,0.0159401156419999,0.0098039533355614,1.1880281134012478,50.0,0.82,0.3,0.28,0.28,0.42,0.56,0.44,0.5,0.1,0.0110432760844297,-0.0169163370794939,-0.0303987471322278,43.7237924500628,1.089815954442812,0.0272204455108268,-0.0050216897444063,16887.349609375,-0.0121092644487904,0.0,0.013205264497279287,-0.01767302759368946,0.784375,0.215625,0.004414112558490845,0.875,0.875
2022-10-03,16887.349609375,-0.0121092644487904,0.0017053611015243,-0.0075780966458403,-0.0417029829122274,-0.0440654336315864,0.974326283825253,0.9778050433953508,0.9988608637208016,37.73223866308391,-0.0654509047147894,0.0041175876947117,0.0004533661810537,0.016588711425985,0.0098794810488624,0.872781992601417,50.0,0.18,0.36,0.2,0.18,0.32,0.54,0.48,0.1,0.2,-0.0111944068244878,-0.0085875986475937,-0.0445705692490355,40.672009252887,0.8465873378715711,0.027973111123178,-0.000505135617449,17274.30078125,0.0229136709327191,1.0,-0.015474899689775966,-0.013495302203153793,0.190625,0.809375,0.0054295753402235376,0.1875,0.8125
2022-10-04,17274.30078125,0.0229136709327191,0.0271256076769039,0.0156931914634128,-0.0304188153371219,-0.0215964813748117,0.996969597345843,1.0002019036970295,1.0215273719694866,48.12133178314725,-0.0440369542749538,0.0271256076769039,0.0154020385312925,0.0165460571573811,0.0113674309849173,0.7113181417600403,50.0,0.96,0.76,0.32,0.42,0.56,0.6,0.48,0.14,0.0,0.0227127184515908,0.0177664575554382,-0.0225124189067559,48.41432364735601,0.7613567599559945,0.0268895324624462,-0.0009159375319442,17331.80078125,0.0033286441360573,1.0,0.020909717867213566,0.007692529850654036,0.95625,0.04375,0.004609505892468585,1.0,1.0
2022-10-06,17331.80078125,0.0033286441360573,0.0138906233522202,0.0280688303203935,-0.0218162998612733,-0.0166019610817876,1.0002607039238904,1.0033922709279286,1.0246735165842156,49.47046867666213,-0.0408548934885135,0.0305445433078921,0.0060754539404521,0.0161608446643113,0.0114070716930348,0.847457627118644,50.0,0.56,0.84,0.38,0.48,0.58,0.58,0.48,0.24,0.06,0.0022003100835749,0.0290095684539551,-0.0190099635631335,50.22020704570053,0.8312763870211267,0.027019486535147,-0.0024080024813458,17314.650390625,-0.0009895331040011,0.0,0.003745387621841181,0.016727475991079238,0.5675189393939395,0.4324810606060606,0.0054373449980865025,0.5,0.5
2022-10-07,17314.650390625,-0.0009895331040011,0.0253030103085438,0.0295247853671412,-0.0178760040760174,-0.0271985172764941,0.9993403039094242,1.002305070792772,1.0234186364471665,49.06065036869504,-0.0418039993229474,0.0295247853671412,-0.0025733945977645,0.0151052988567191,0.0111275745361121,0.6974831917192009,50.0,0.42,0.84,0.3,0.52,0.56,0.58,0.52,0.06,0.06,-0.0029948727096252,0.0258481573916926,-0.0258894924015961,50.656565630903806,0.6889280727047884,0.0255162655677339,0.0013090248748979,17241.0,-0.0042536458411471,0.0,0.002812453625806464,0.024965694199090966,0.5435606060606061,0.4564393939393939,0.0036003176645473868,0.375,0.625
2022-10-10,17241.0,-0.0042536458411471,-0.0019277643518946,0.0085788809738964,-0.0049834285866939,-0.0332158356309911,0.9955550554921878,0.9981182746976162,1.0188720906520818,47.25040843982471,-0.0458798257562311,0.0251455515455063,-0.012723374499625,0.0152214104848699,0.0111182164595868,0.7590009730781706,50.0,0.32,0.54,0.26,0.44,0.54,0.56,0.56,0.08,0.08,-0.0065066968311963,0.0035513483685448,-0.0306479862827399,49.7204567699683,0.6297607894448507,0.0254862429587607,0.0025678493482512,16983.55078125,-0.0149323831999303,0.0,-0.0074221920035932535,0.0039714656123591985,0.17433712121212122,0.8256628787878788,0.003921181399035534,0.0625,0.9375
2022-10-11,16983.55078125,-0.0149323831999303,-0.0200931227167546,0.0056966412196259,-0.0019246251239333,-0.053121111534701,0.9824959920974266,0.9838616415611804,1.0036213733190489,41.48773218550832,-0.0601271138168235,0.0098376853341248,0.0008729645177194,0.0155129176823306,0.0113540934864896,0.908623239663044,50.0,0.06,0.54,0.12,0.16,0.34,0.52,0.54,0.04,0.18,-0.0164555500690693,0.0030270348946045,-0.0486781031252996,44.20097839459636,0.7622741277929157,0.0263093470553061,0.0044430084094013,17123.599609375,0.0082461453396196,1.0,-0.015158148773767154,0.004355901800938699,0.13068181818181818,0.8693181818181819,0.004258998220930069,0.125,0.875
2022-10-12,17123.599609375,0.0082461453396196,-0.0110340536447356,-0.0087240099488469,0.0068322739561099,-0.0523767853965891,0.99148562058015,0.9922869975829096,1.011777604873345,45.38955005853226,-0.0488870591196278,0.0181649536568153,0.0024729810945287,0.0154160726223359,0.0113925546451616,0.8236145741172686,50.0,0.86,0.3,0.14,0.26,0.42,0.56,0.58,0.12,0.04,0.0103214385884116,-0.0110580828600699,-0.0454955159231154,46.98022973429519,0.7044947707119618,0.0261392104867342,0.0068812694734737,17014.349609375,-0.0063800837728176,0.0,0.007263793374441085,-0.009064679859828405,0.7193181818181817,0.28068181818181814,0.003270642795664889,0.75,0.75
2022-10-13,17014.349609375,-0.0063800837728176,-0.013146011868511,-0.0183161101308311,0.0092386084021705,-0.0549552393598555,0.9865542024241928,0.9864994283617076,1.0052691409514096,42.98169547259146,-0.0482760783107251,0.0116689759579378,-0.0021169614349165,0.0154157724238447,0.0114217252547242,0.8710152035311427,50.0,0.32,0.2,0.12,0.2,0.36,0.56,0.48,0.08,0.1,-0.0044339922900389,-0.0201726771054202,-0.0607757063828308,44.980552370604286,0.6962165322317646,0.0264575014265075,-0.0058204670229752,17185.69921875,0.0100708880038873,1.0,-0.006786355618732984,-0.01944342016300929,0.29583333333333334,0.7041666666666667,0.004552494523546108,0.1875,0.8125
2022-10-14,17185.69921875,0.0100708880038873,0.0119026015291909,-0.0074475180824222,0.0218573809118176,-0.038691373284772,0.996822933418082,0.9965737037939194,1.0152375949024754,47.67055144419313,-0.0353918911808039,0.0218573809118176,0.0180994971271377,0.0151943273407249,0.0117217054146595,0.7498678646934461,50.0,0.58,0.24,0.18,0.34,0.42,0.5,0.4,0.1,0.04,0.0033705070422022,-0.011913886956148,-0.0516909151268451,46.91517062321471,0.7250125590813622,0.0258243459039693,-0.0129995418420731,17311.80078125,0.0073375869608156,1.0,0.0028745345735847238,-0.019303303298959226,0.5152462121212122,0.46392045454545455,0.003867162650125816,0.5,0.5
2022-10-17,17311.80078125,0.0073375869608156,0.0109907482169788,0.0041065356562843,0.0127206461107911,-0.0124950491850582,1.0037417142215257,1.003733183039049,1.0224561785721245,50.87239576383958,-0.0283139952992352,0.0293553483058093,-0.0023797947921361,0.014592453724359,0.0111326652172266,0.7319639192149152,50.0,0.68,0.42,0.32,0.42,0.52,0.56,0.38,0.16,0.06,0.0030421150083511,-0.0058510428369149,-0.0239944183518299,47.436056178661374,0.6755359695964878,0.024741557903744,-0.0114993691667716,17486.94921875,0.010117285874136,1.0,0.001786472346975514,-0.010198342026334344,0.6385416666666667,0.3614583333333333,0.003844288748582462,0.8125,0.8125
2022-10-18,17486.94921875,0.010117285874136,0.0277765310003148,0.0296403528322095,0.0355058445075437,-0.0076778380314659,1.0125567270293798,1.0133363383249048,1.0324636899699646,54.99164158398152,-0.0184831702097804,0.0397696306306902,0.0073331030292063,0.0143723653223148,0.0113191738045458,0.8288200993199869,50.0,0.8,0.88,0.34,0.56,0.6,0.6,0.38,0.12,0.06,0.0100830537520761,0.0222743932307032,-0.0198980694737883,50.88760505258885,0.7749619384761939,0.0239318754177089,-0.0122202314423224,17512.25,0.0014468379208691,1.0,0.011716732726018742,0.0168199546648383,0.850094696969697,0.14990530303030303,0.004448528094977988,0.9375,0.9375
2022-10-19,17512.25,0.0014468379208691,0.0190013090007838,0.0226967693411972,0.0137747525508109,-0.0170630744404687,1.0126694106337528,1.0142137317607345,1.033608256296288,55.57116290369339,-0.0116319868339176,0.0412740087612548,0.0046435299181821,0.0140153088628776,0.0110130834125273,0.7351528803674018,50.0,0.34,0.76,0.22,0.54,0.58,0.62,0.36,0.18,0.06,-0.0036922223339108,0.0094533985592253,-0.0360622892278682,50.975379532095296,0.7265966888093622,0.0238898066298367,-0.0189992147873995,17563.94921875,0.002952174549244,1.0,-0.0029806231236153714,0.006488077365978457,0.31013257575757575,0.6898674242424243,0.004952816746179896,0.375,0.625
2022-10-20,17563.94921875,0.002952174549244,0.0145651189432063,0.0323021227371611,0.0133943633688164,-0.0087141519401617,1.014146558135428,1.0165219001036532,1.0362816411153908,56.79533264918736,-0.003735241442435,0.0443480313887092,-0.005090744514554,0.0136718906996648,0.0109855988106343,0.8710825713687443,50.0,0.72,0.86,0.28,0.66,0.64,0.64,0.38,0.2,0.08,0.0082698580473548,0.0231679329376316,-0.0215337860020013,52.3382323039978,0.7611447707622925,0.0237237942828057,-0.0128196340618395,17576.30078125,0.0007032337856462,1.0,0.008886152460580589,0.02238370659297989,0.7081439393939394,0.2918560606060606,0.003698893866040932,0.6875,0.6875
2022-10-21,17576.30078125,0.0007032337856462,0.0051096141117739,0.02272829039588,0.0151115029597519,-0.0030346344047686,1.0134255269157046,1.0165496148333435,1.0366286378392997,57.099464574933165,0.0,0.0450824522083548,0.0033534821748473,0.0124837479165695,0.0109333231289979,0.9702326881419888,50.0,0.38,0.76,0.3,0.62,0.6,0.56,0.32,0.14,0.2,-0.0022532146754495,0.0180421574551931,-0.018758433050199,52.19953951303352,0.7816718176388004,0.0231921350106617,-0.0157237986454303,17730.75,0.0087873563767617,1.0,-0.00446509908338952,0.014853138393575605,0.31742424242424244,0.6825757575757576,0.005773665652411542,0.375,0.625
2022-10-24,17730.75,0.0087873563767617,0.0124769803994346,0.0242002102521738,0.0284061249347484,0.0232811364530176,1.0201612319160478,1.024458647061131,1.045262161044318,60.814049021696654,0.0,0.0542659641590097,0.0091059449947361,0.012141956392345,0.0103247328536496,0.1673297884207786,50.0,0.88,0.86,0.56,0.7,0.7,0.64,0.32,0.0,0.0,0.0078947526509833,0.0191174988957846,0.0038228637731156,54.31547319260751,0.1310442941583732,0.0223646169426409,-0.0194582726799019,17656.349609375,-0.004196122026705,0.0,0.007627151402524885,0.02075081984480745,0.8803030303030303,0.08636363636363636,0.0029666069504391966,0.9375,0.9375
2022-10-25,17656.349609375,-0.004196122026705,0.0052607980969541,0.0096872466721276,0.0396147329136717,0.0376138642794947,1.0143463833954525,1.0193540085346358,1.0404529326494478,58.19982163271615,-0.004196122026705,0.0498421355247966,0.0043738015171383,0.0112810599346018,0.0093983017657574,0.9785908913974308,50.0,0.4,0.78,0.7,0.66,0.6,0.62,0.42,0.22,0.26,-0.0018929776098715,0.0122582696788627,0.0246368705123883,52.62951200929827,0.940127048518388,0.0221412913612264,-0.0129769937671063,17736.94921875,0.0045649078749665,1.0,-0.0007125113270202432,0.008159096262613283,0.4088068181818182,0.5703598484848484,0.00560684609168214,0.5,0.5
2022-10-27,17736.94921875,0.0045649078749665,0.0091400596461899,0.01283097367557,0.0358189646667046,0.0428959636022416,1.0171384940802888,1.023044109137304,1.044732608610611,60.196040346164985,0.0,0.0546345681567257,0.006516113681217,0.0111287181630935,0.0093984166031667,1.2722676230231054,50.0,0.72,0.78,0.74,0.8,0.7,0.64,0.44,0.5,0.22,0.0059992940054562,0.0220405245575643,0.0395876201089011,56.5924585653641,1.2190674797860437,0.0221690704722079,-0.0033083434933405,17786.80078125,0.0028106052447454,1.0,0.009906272263341355,0.021321754967660013,0.8132575757575757,0.17632575757575758,0.0034397161899173264,0.875,0.875
2022-10-28,17786.80078125,0.0028106052447454,0.0031612188570704,0.0126880099529154,0.0453999823448658,0.0550580234053859,1.0180583748622123,1.0248777449997122,1.0471722471163811,61.423160675733925,0.0,0.0575987296052766,0.0010966469845015,0.0110766482732747,0.0090419310023427,0.9942729875914732,50.0,0.56,0.74,0.8,0.78,0.74,0.68,0.48,0.26,0.12,0.0019684908191053,0.0117461783119617,0.052018323966562,56.382312944990574,0.8666661901120516,0.0223714666655959,-0.0030396994388238,18012.19921875,0.0126722303955641,1.0,0.00220836087678209,0.0145269194616977,0.5622159090909091,0.4252840909090909,0.005907294262621068,0.5,0.5
2022-10-31,18012.19921875,0.0126722303955641,0.0201542004574974,0.0248003515031449,0.0480923114899083,0.0710008643728907,1.0279285786262622,1.0363263794138835,1.0598048720466464,66.45821190982132,0.0,0.0666090082454704,0.0069376409517152,0.0108827146259784,0.009218851850968,0.9243287225386492,50.0,0.88,0.9,0.86,0.82,0.76,0.74,0.46,0.38,0.06,0.0093382785894184,0.0234250201607609,0.0604427978564168,58.936623170378525,0.965329203520248,0.0219602787972341,-0.0105580665164739,18145.400390625,0.0073950532223929,1.0,0.01215758120668985,0.03145679711881519,0.9047348484848485,0.09526515151515152,0.004047250102295539,1.0,1.0
2022-11-01,18145.400390625,0.0073950532223929,0.0230282652804361,0.0233859476121991,0.0481521027135347,0.0614852746824352,1.0320379291655355,1.0421921816712094,1.06692408521346,69.03068411859005,0.0,0.0744966386289294,0.0065788746038655,0.0102206314429195,0.0087609754594086,1.4311423780113706,50.0,0.78,0.88,0.84,0.9,0.88,0.74,0.42,0.54,0.14,0.0075125367438623,0.023026436478995,0.0532421200001905,61.62418495621903,1.254536020177654,0.021501972610823,-0.0082431546822446,18082.849609375,-0.0034471976315451,0.0,0.01338247762835694,0.03725337757933539,0.7678030303030303,0.23219696969696968,0.005498214142681568,0.875,0.875
2022-11-02,18082.849609375,-0.0034471976315451,0.0166442988689163,0.0241556159362374,0.0340768640184565,0.0707926363611444,1.0256981778860754,1.037029779577166,1.062577490768012,66.45323566377755,-0.0034471976315451,0.0647272671235885,0.0017910875098017,0.0100497951416666,0.0081674689253416,1.1097228765131188,50.0,0.4,0.9,0.84,0.84,0.82,0.7,0.5,0.22,0.24,-0.0044838893514844,0.0241449596697447,0.0710643878090215,59.736593209960766,0.9540236371246532,0.0213730416903318,0.0002717514478771,18052.69921875,-0.0016673473084335,0.0,-0.00573844795701633,0.03198459960415321,0.3409090909090909,0.6590909090909092,0.004148947910362022,0.25,0.75
2022-11-03,18052.69921875,-0.0016673473084335,0.0022484761304351,0.0178018212774841,0.0308612096532427,0.0450610677304459,1.021653943056266,1.0338694630710037,1.0601643707398534,65.18974515796805,-0.005108797264286,0.0629519969805343,-0.0063319666133062,0.0099892313664881,0.0068246758543332,0.8748690776908385,50.0,0.5,0.78,0.82,0.84,0.82,0.7,0.44,0.16,0.08,0.0002699490992883,0.0185061151542925,0.0387026533560175,58.73572114056912,0.7722282562520948,0.0214277176989272,-0.0063584143744284,18117.150390625,0.0035701681556883,1.0,-0.00038609815416246955,0.021459356086497107,0.5731060606060606,0.41439393939393937,0.003512520875341438,0.625,0.625
2022-11-04,18117.150390625,0.0035701681556883,-0.0015568683739045,0.018572739046093,0.031496400096878,0.0453126376934018,1.0228367317006546,1.0360345106316249,1.0632727628113563,66.6495026864803,-0.0015568683739045,0.0667469143511794,3.8840279035445846e-05,0.0091011013128576,0.0068269386322217,1.099821417574974,50.0,0.54,0.78,0.82,0.88,0.86,0.76,0.44,0.28,0.16,0.0004756010480219,0.0172368394400159,0.0411677308934504,59.6932792841094,0.8909440226376701,0.020561862258081,-0.0041449067999513,18202.80078125,0.0047275862251119,1.0,0.011235426218471518,0.031010369292626638,0.6679924242424242,0.3320075757575757,0.004521700407216372,0.6875,0.6875
2022-11-07,18202.80078125,0.0047275862251119,0.006633421969777,0.0105818040420955,0.0356445880050217,0.0512947342619107,1.0249710152598177,1.0392642321538286,1.0675739566540676,68.5376992886548,0.0,0.0717900523691468,0.0052215501519461,0.0089042588404165,0.0068042324039126,1.266749828980725,50.0,0.66,0.66,0.82,0.84,0.84,0.78,0.46,0.34,0.18,0.0052098692018975,0.0098581003271389,0.0463381735850308,60.78688113005943,1.050084075259424,0.0205665797815603,-0.0049565606768798,18157.0,-0.0025161392359563,0.0,0.003892107265329487,0.02282230522284352,0.6549242424242424,0.3450757575757576,0.0070334049184928304,0.75,0.75
2022-11-09,18157.0,-0.0025161392359563,0.0057775726491731,0.0006392589375427,0.0240401562257659,0.0531291688417145,1.020216356800854,1.0351615361219622,1.064200691108364,66.37364193328361,-0.0025161392359563,0.0690932793656728,0.0046942896193216,0.0087807720261371,0.0067237274279286,1.2182258000555182,50.0,0.3,0.38,0.84,0.78,0.78,0.74,0.4,0.22,0.34,-0.0051586429636397,-0.0049835333278761,0.0416458568382858,57.43877556084969,1.0218769855176577,0.021083615335622,-0.0114833120034287,18028.19921875,-0.0070937259046097,0.0,-0.0024254288708610012,0.00690257354282407,0.3143939393939394,0.6856060606060606,0.006219734759069006,0.3125,0.6875
2022-11-10,18028.19921875,-0.0070937259046097,-0.0049097771976893,-0.0030222222606257,0.0210603900354102,0.0615094246753924,1.0117286073360223,1.0266983412265838,1.056056247416408,60.580643366345534,-0.0095920163384883,0.059587914475224,-0.0062042402723467,0.0090528980624445,0.0058140815642562,1.0224622805094374,50.0,0.22,0.4,0.88,0.6,0.7,0.7,0.44,0.16,0.3,-0.0072520497871172,-0.0067389872447998,0.0551947620158342,53.74497854688494,0.9806241594480456,0.0219465250865179,-0.0063146626595581,18349.69921875,0.0178331732470333,1.0,-0.007965705135277286,0.004740799232721345,0.26126893939393936,0.7387310606060606,0.004499479584723475,0.1875,0.8125
2022-11-11,18349.69921875,0.0178331732470333,0.0080701008193921,0.0164518334018177,0.034546527277208,0.0716029127838122,1.026859456003684,1.0431664365142816,1.07408870813438,68.07152747932999,0.0,0.0784837293245235,0.0135426942903467,0.009559734231971,0.0066097038791646,1.4728199540838165,50.0,0.7,0.54,0.86,0.7,0.84,0.8,0.32,0.42,0.18,0.0042241630453845,0.0057815638584975,0.0505228974244756,54.73833624740132,1.132779609397351,0.0217004736233071,-0.0210800153593365,18329.150390625,-0.0011198455015547,0.0,0.008345182615605367,0.013418559898047626,0.8006628787878788,0.19933712121212122,0.005225807024632967,0.875,0.875
2022-11-14,18329.150390625,-0.0011198455015547,0.0094812133405848,0.0117016194836967,0.030491689654877,0.0772759941717393,1.0232041891177943,1.040284912169575,1.072108366591553,67.19263452735075,-0.0011198455015547,0.0665350392393384,0.0014551285858526,0.0093313650473975,0.00629361750621,1.1648759372342892,50.0,0.5,0.5,0.88,0.64,0.74,0.8,0.3,0.24,0.2,0.0001763182018714,-0.0003087777620754,0.056093659708765,55.39664118425468,0.9380936268722124,0.0211179429139337,-0.0211823344629743,18403.400390625,0.0040509242609507,1.0,0.0006240674201976296,0.002538934644545152,0.4846590909090909,0.4840909090909091,0.006545181378576059,0.5,0.5
2022-11-15,18403.400390625,0.0040509242609507,0.0208119051338626,0.011020260661295,0.0217186789422012,0.0708554919049473,1.0246801506494423,1.0426794893886593,1.0756331510468873,68.76208152882602,0.0,0.0630552316982115,0.0018331242124667,0.0090790796240631,0.0061167451819535,0.965241310327582,50.0,0.64,0.46,0.88,0.68,0.78,0.88,0.42,0.2,0.1,0.0040818150801769,-0.0021281082399836,0.0534233732829705,55.44743124207199,0.8206008448861652,0.0210147050337651,-0.0174321186219768,18409.650390625,0.0003396111515991,1.0,0.005034934760714918,0.003549388621140356,0.6778409090909091,0.3221590909090909,0.005443577111980376,0.8125,0.8125
2022-11-16,18409.650390625,0.0003396111515991,0.0032671473881022,0.0139147651387894,0.014562919214311,0.0634162571096621,1.0225906629023491,1.0412763453825693,1.075185389145069,68.89696115804131,0.0,0.0527651313177974,-0.0002798608146146,0.0087791809380594,0.006082501220714,0.8425218026047869,50.0,0.4,0.42,0.84,0.68,0.8,0.84,0.4,0.18,0.14,-0.0031525604574416,-0.0032035023008515,0.0488980373145349,55.36490868498263,0.9048422956561056,0.0205623919101776,-0.0145182197951272,18343.900390625,-0.0035714963948192,0.0,-0.004828973052861091,0.0010765312211969582,0.3956439393939394,0.6043560606060606,0.0035985103936210954,0.375,0.625
2022-11-17,18343.900390625,-0.0035714963948192,0.0008047290619397,0.0175115200383773,0.0144363740720743,0.0490051844467045,1.0171039690572397,1.0360315215693283,1.0705853554030875,65.68386728191544,-0.0035714963948192,0.0474896367185826,-0.0027676338656027,0.0087142751126447,0.0060207634569735,0.7761090036386158,50.0,0.32,0.64,0.78,0.56,0.72,0.82,0.4,0.14,0.1,-0.0039227235084736,0.0101564874990618,0.0338636116055587,53.26497056939225,0.7868924538218139,0.0206020218435144,-0.0151415728411458,18307.650390625,-0.0019761337135545,0.0,-0.0020947588945901393,0.006965653346585003,0.45397727272727273,0.540340909090909,0.0035479389873742176,0.375,0.625
2022-11-18,18307.650390625,-0.0019761337135545,-0.0052028428424986,-0.0022915268323326,0.0141226067518036,0.0454196571328642,1.013636904990616,1.032608014494771,1.067742292480149,63.91409682571737,-0.0055405723539401,0.0423424801912475,0.0021287091236581,0.0090030698798997,0.0060978049675632,0.7712750480107079,50.0,0.28,0.48,0.72,0.54,0.6,0.8,0.4,0.06,0.18,-0.0033015089437877,-0.0032183070456069,0.0344205317815864,51.657958136943975,0.7585486687266756,0.0202300914089295,-0.0109991253512777,18159.94921875,-0.0080677295405768,0.0,-0.004041706453141426,-0.0054127447395051894,0.25075757575757573,0.7492424242424243,0.0032256482286389084,0.1875,0.8125
2022-11-21,18159.94921875,-0.0080677295405768,-0.0135636020552655,-0.0092312610387845,0.0023623377408814,0.0339331429724103,1.0049366702416918,1.0233029792266464,1.0585052768574468,57.15660868647058,-0.0135636020552655,0.0332065572138264,-0.0033455958953293,0.0088336132892029,0.006513841217434,0.8352704471314437,50.0,0.26,0.24,0.66,0.4,0.52,0.74,0.44,0.04,0.12,-0.0074424893442582,-0.0158071817951722,0.0212027937605386,49.97821638847083,0.7598732161733432,0.0209196805787474,-0.0127303492118716,18244.19921875,0.0046393301536886,1.0,-0.005802884322900396,-0.011685409716931461,0.2550189393939394,0.7449810606060606,0.004295162798978078,0.125,0.875
2022-11-22,18244.19921875,0.0046393301536886,-0.0054351130213263,-0.0086506389306239,0.0022742894347689,0.0379999435496973,1.0086767898190263,1.02692078982806,1.062745434308246,59.76946255998551,-0.0089871979295845,0.0332939493372326,0.0010573362096835,0.0086383636799918,0.0065418610261844,0.7080668619130157,50.0,0.76,0.22,0.7,0.56,0.56,0.78,0.36,0.18,0.06,0.0050658867402029,-0.0150505447297262,0.0189486073112691,52.680445600069234,0.7233909767297622,0.020076108214594,-0.0190513362384282,18267.25,0.0012634580983039,1.0,0.006336949385390517,-0.010479222907969184,0.7964962121212121,0.1978219696969697,0.0032297678586712415,0.875,0.875
2022-11-23,18267.25,0.0012634580983039,-0.0022067490782808,-0.0077350947792858,0.0060720383323236,0.0302581673082074,1.0089949515029195,1.0270816941756296,1.0634100392612909,60.47961706865654,-0.0077350947792858,0.0345994729454512,0.0044397673489968,0.0084362606504028,0.0063372864751009,0.6939512138324504,50.0,0.48,0.32,0.64,0.5,0.64,0.74,0.44,0.1,0.1,-6.428471519837053e-05,-0.0126103183463519,0.022079144919847,52.06204976198853,0.7229840216008503,0.0200756461294413,-0.0081790223883603,18484.099609375,0.0118709498898301,1.0,-0.001876024767379772,-0.007603725361384156,0.30426136363636364,0.6832386363636364,0.003063982181652116,0.25,0.75
2022-11-24,18484.099609375,0.0118709498898301,0.0178497410273767,0.007642824904438,0.0252881824242792,0.0468811514448315,1.0189374562758735,1.0376759405091058,1.0752202638281056,66.4750767270938,0.0,0.0421239516114291,0.00322159106461,0.0087830299609131,0.0065891718927847,0.7991068805452729,50.0,0.86,0.58,0.68,0.7,0.78,0.78,0.42,0.28,0.02,0.00805879603465,0.0040533230141112,0.0345990538947248,55.89614477874146,0.7912294130954388,0.0193768661649295,-0.0122820975501066,18512.75,0.0015500019600884,1.0,0.009510141206851851,0.004020809209711847,0.9339962121212122,0.06600378787878788,0.0052057147008076335,1.0,1.0
2022-11-25,18512.75,0.0015500019600884,0.014719790001745,0.0112029454899371,0.0088857468074132,0.0437392457790819,1.018526628599464,1.0376857206851522,1.076063622019194,67.18343193103075,0.0,0.0408139286922952,0.0023993383671503,0.0086608309403557,0.0065694214864907,0.8257469420493283,50.0,0.58,0.8,0.7,0.7,0.74,0.84,0.42,0.18,0.1,0.0024110504369441,0.0111084062173041,0.0293991252832713,58.00683089652675,0.8036742687249943,0.0193430398021236,-0.0143401204958105,18562.75,0.0027008413120686,1.0,0.0020743783641268103,0.01019117161014208,0.5732954545454545,0.42670454545454545,0.0024377845671999833,0.6875,0.6875
2022-11-28,18562.75,0.0027008413120686,0.0161764907142563,0.0221807217849547,0.0127447047133446,0.043625001949084,1.0192121460644374,1.03883889934811,1.0781227424453252,68.43682730608597,0.0,0.030565439265012,-0.0044401409163954,0.0088603003422753,0.0065688979735708,0.8354404773945585,50.0,0.52,0.92,0.7,0.72,0.78,0.86,0.48,0.2,0.06,0.0004697694930378,0.0204421947217916,0.0332278951137208,57.169948193259614,0.7173849047788828,0.019189643956426,-0.0103971068353632,18618.05078125,0.0029791265437502,1.0,0.0008503137743160652,0.017011546843123254,0.48143939393939394,0.518560606060606,0.00486189783189162,0.5,0.5
2022-11-29,18618.05078125,0.0029791265437502,0.0072468323968055,0.020491530377271,0.0116636266162173,0.033635624120198,1.0200870399565751,1.0402231264882424,1.0804601905599405,69.81023841546389,0.0,0.0327182740407334,-0.0005549167687977,0.0086308344253685,0.0060926154258723,0.7952602003420474,50.0,0.5,0.88,0.66,0.8,0.8,0.86,0.46,0.2,0.06,0.0002682021024152,0.0171654722663799,0.0325692314685146,57.01538713737286,0.8415810416966669,0.0186922250207943,-0.0010663926516834,18758.349609375,0.0075356346254191,1.0,0.0013910054522659385,0.012019650766645969,0.39981060606060603,0.600189393939394,0.0037058721109818984,0.4375,0.5625
2022-11-30,18758.349609375,0.0075356346254191,0.0132665114245587,0.0268841565848718,0.0189411103063408,0.0337798673798726,1.025062601941125,1.0460902188823025,1.0876432629398487,73.017996174757,0.0,0.040500461624898,0.0004108076398472,0.0086115966959653,0.0060996414337127,1.4085138467181546,50.0,0.84,0.88,0.7,0.88,0.9,0.92,0.52,0.74,0.14,0.009789474028482,0.0282362305492327,0.0353960336683953,60.72221255587471,1.51288061617816,0.018347320772402,0.0016161662885227,18812.5,0.0028867353340049,1.0,0.01202074667684213,0.02603565008619959,0.9272727272727272,0.07272727272727274,0.003660901652431631,1.0,1.0
2022-12-01,18812.5,0.0028867353340049,0.0134543642509865,0.0177666425503593,0.0255452547929493,0.040350409718981,1.025285474183136,1.04709342554562,1.089798571476298,74.15924240666561,0.0,0.0435041110725189,0.0060559490435248,0.0078090145942097,0.0059827306389378,1.3101140807030274,50.0,0.54,0.8,0.68,0.88,0.88,0.9,0.5,0.34,0.18,0.0013002540073335,0.0172727245055854,0.0422070450102076,61.997362983203146,1.0061836639312611,0.0178384957036089,0.0018566352912265,18696.099609375,-0.006187396179402,0.0,0.0034054681309305785,0.01980286601259958,0.4865530303030303,0.48219696969696973,0.003296729415857732,0.4375,0.5625
2022-12-02,18696.099609375,-0.006187396179402,0.0041921052338949,0.0099039639910332,0.0212178630496961,0.0356401213374644,1.0171068022411462,1.0389598599784138,1.0821612325478196,67.54561333109834,-0.006187396179402,0.0370475377224785,-0.0031946636212624,0.008183338529073,0.0062095063170679,1.0170304629407532,50.0,0.32,0.82,0.68,0.74,0.78,0.88,0.54,0.14,0.34,-0.005021525625501,0.0082852164815034,0.038479106394811,60.85927274151029,0.9575446138280624,0.0176919384262463,0.0028389850573465,18701.05078125,0.0002648237856262,1.0,-0.003409415896780801,0.014186799289273525,0.359185606060606,0.640814393939394,0.004202008938760816,0.4375,0.5625
2022-12-05,18701.05078125,0.0002648237856262,-0.0030545772585645,0.0074504467953293,0.0297964248678248,0.0322291518277151,1.0156953105544728,1.037638462188193,1.081560527996294,67.67765640935657,-0.0059242109634551,0.0373221725772927,0.0012543349877769,0.0081479453369381,0.0062030767957558,1.1482491589194357,50.0,0.52,0.72,0.66,0.76,0.78,0.9,0.54,0.24,0.12,4.930721631912771e-05,0.0087188849332826,0.0347911729192385,60.98710153503208,0.8861713364480284,0.0178050485067401,0.0025620210915233,18642.75,-0.0031175136590962,0.0,0.004127642357957652,0.017652857397202286,0.5965909090909092,0.40340909090909094,0.0038954112496409963,0.625,0.625
2022-12-06,18642.75,-0.0031175136590962,-0.0090232558139534,0.0013266275315391,0.021845342537172,0.0241693146036721,1.0113221313100926,1.0330099132348511,1.077350572230377,64.35725345981498,-0.0090232558139534,0.0340883065353994,-0.005368703170715,0.0082697883081703,0.0062431731862565,0.8842336033128312,50.0,0.46,0.62,0.66,0.72,0.76,0.86,0.54,0.06,0.2,-0.0020379827511127,0.0048853512672839,0.028396634160572,58.24681469125783,0.7874620502039118,0.0177971856898843,0.0042273195568999,18560.5,-0.0044119027503989,0.0,-0.002114065341838326,0.013998516765630806,0.5804924242424242,0.41950757575757575,0.003436162106860496,0.5,0.5
2022-12-07,18560.5,-0.0044119027503989,-0.0072528287829085,-0.0105472823300041,0.016053319465163,0.0222228341686401,1.0062028640574794,1.0273061269734045,1.071823161685305,59.89281901672687,-0.0133953488372092,0.0295260094916405,-0.0002092175577637,0.0084420922456291,0.0063167332103584,0.8320192547099344,50.0,0.18,0.34,0.66,0.62,0.76,0.84,0.46,0.12,0.18,-0.0094049393599707,-0.0126715074834893,0.0161409661999455,54.68856737265362,0.7904361151480326,0.0179529254995675,-0.0060818679686945,18609.349609375,0.0026319123609277,1.0,-0.004747133706946396,-0.002872343210012308,0.25672348484848484,0.7432765151515152,0.0033329179323242294,0.25,0.75
2022-12-08,18609.349609375,0.0026319123609277,-0.0049035304458368,-0.0107986918604651,0.0067760941915977,0.0322356317219183,1.008001394863129,1.0287991550352014,1.0738465310433494,61.59673046472604,-0.0107986918604651,0.0247467867454715,0.0005576147935131,0.008048582110186,0.0060185796253944,0.8510459724291319,50.0,0.54,0.26,0.68,0.58,0.7,0.84,0.44,0.08,0.08,0.0011368508465087,-0.013218773578325,0.0231466525850654,54.41435214240863,0.7175061503869749,0.0178249648812031,-0.0090889791368529,18496.599609375,-0.0060587824059793,0.0,0.0016095454573772125,-0.004621075317129063,0.4964962121212121,0.5035037878787879,0.003482152299338436,0.5,0.5
2022-12-09,18496.599609375,-0.0060587824059793,-0.0078395296093656,-0.010670674855624,-0.0008723928441209,0.0080056021013628,1.0017134309644302,1.0216617788537443,1.0666256328471604,55.71338234027373,-0.0167920473421926,0.0185380689433543,0.0028507595570816,0.0084077350547042,0.0048939719169452,0.937608620090372,50.0,0.36,0.34,0.5,0.5,0.66,0.84,0.44,0.14,0.26,-0.0044208444657195,-0.0112202585187028,0.0001503102489614,52.059633967026045,0.9250456121078044,0.0184787968637213,-0.0078552918524013,18497.150390625,2.977743269738653e-05,1.0,-0.0048994017593648916,-0.006047434600361329,0.33513257575757577,0.6648674242424242,0.00408428803676906,0.3125,0.6875
2022-12-12,18497.150390625,2.977743269738653e-05,-0.0034131413148891,-0.0109031515399891,-0.0035339380951098,0.0091657276207373,1.0015769728956976,1.0208238124695486,1.065950394462317,55.735624067595054,-0.0167627699335548,0.018568398392152,-0.0051063017389493,0.0086071338781717,0.0048817923184749,0.8626020419511978,50.0,0.56,0.3,0.54,0.54,0.62,0.8,0.5,0.14,0.08,0.0012044942975971,-0.0125597139334842,0.0103927615371604,52.51500972253105,0.7872242889890821,0.0185147068720099,0.001227033916423,18608.0,0.0059927938646799,1.0,0.00011100274394985074,-0.009983696852875642,0.5263257575757576,0.4736742424242424,0.003347703701243163,0.5,0.5
2022-12-13,18608.0,0.0059927938646799,-7.252318879102937e-05,-0.0018639953869467,-0.0005398406830064,0.0111174894330521,1.0068524407223771,1.025857554528368,1.0715671172641423,60.08089173072093,-0.0108704318936877,0.0246724688407933,0.0014731998942827,0.0087318584412618,0.0049752281446093,0.8464939987365762,50.0,0.7,0.42,0.62,0.58,0.7,0.88,0.4,0.12,0.0,0.0045717066826798,-0.0028303608632098,0.0044334365998637,53.51454535226918,0.7971897014712662,0.0181731559114153,-0.0066840528331884,18660.30078125,0.0028106610731943,1.0,0.0042800355828704105,-0.003694884370652825,0.6770833333333333,0.32291666666666663,0.003340143828867991,0.75,0.75
2022-12-14,18660.30078125,0.0028106610731943,0.0088503387288563,0.0053770524096872,-0.005226943210185,0.0136151629882468,1.0087521613719772,1.0275827103006594,1.0737820982118296,61.977433070253184,-0.0080903239202657,0.0275524758617382,0.0033990756663799,0.0080400032189708,0.0049999650953951,0.9409422994277442,50.0,0.68,0.6,0.66,0.6,0.76,0.86,0.44,0.16,0.1,0.0057062962435591,0.0055183626414848,0.0096908675581566,52.73692985376937,0.8322759299396544,0.0178417040103247,-0.0039242954300902,18414.900390625,-0.0131509343553336,0.0,0.0049179653408780825,0.005917480124269902,0.6595643939393939,0.3404356060606061,0.0032527473675314266,0.75,0.75
2022-12-15,18414.900390625,-0.0131509343553336,-0.0044466308735688,-0.0104490066999461,-0.0211348629568106,0.0038704963768929,0.9959142640687514,1.0135098568184877,1.059032176040385,49.97908313959452,-0.0211348629568106,0.0140392007050198,-0.0024597883583484,0.0088562019641417,0.0058209366164827,0.8315734495992007,50.0,0.14,0.4,0.52,0.48,0.58,0.82,0.52,0.06,0.12,-0.0109977276368951,-0.0048903324306971,0.0056486583144733,51.092568096496606,0.7426735263445543,0.0177159056284808,0.0017781619375804,18269.0,-0.0079229530179417,0.0,-0.010884475361322737,-0.006647921952590769,0.09839015151515151,0.9016098484848485,0.003861736853996731,0.0,1.0
2022-12-16,18269.0,-0.0079229530179417,-0.0182179707652622,-0.0123049432966934,-0.0228443161032815,-0.0021111606241286,0.9891519104958116,1.0052638379586931,1.050112366800618,44.46727215812381,-0.0288903654485049,0.0060050157594826,-0.005202351314307,0.008681191071624,0.0060843705661894,1.2390130727702673,50.0,0.12,0.32,0.48,0.3,0.46,0.72,0.48,0.06,0.46,-0.011172698375892,-0.0115601893698862,-0.0072730849005044,44.745389961667016,1.0164581244703763,0.0182293208683719,-0.0051619242763757,18420.44921875,0.0082899566889265,1.0,-0.011368746267296309,-0.012994087913599486,0.08276515151515151,0.9172348484848485,0.0033785763215888743,0.0,1.0
2022-12-19,18420.44921875,0.0082899566889265,-0.0128535742972055,-0.0041466480109214,-0.0150045880192644,0.0143447537689718,0.997603529087966,1.0130572364787978,1.0581984408563203,50.56209836299278,-0.0208399086378737,0.0096606048797616,0.0010454655085117,0.008846937596194,0.0060546155721143,0.6998824486843295,50.0,0.82,0.54,0.68,0.5,0.58,0.8,0.52,0.1,0.04,0.0097427402643895,0.0005826855373414,0.0172722022547631,50.2202412062059,0.7088220081013489,0.0182308321587034,0.0029274484857912,18385.30078125,-0.0019081205394395,0.0,0.01222484828057218,-0.0011403377326352675,0.8401515151515151,0.15984848484848485,0.0036358972635202862,0.875,0.875
2022-12-20,18385.30078125,-0.0019081205394395,-0.0016073727659189,-0.011967928780632,-0.0138096160035402,0.0077340507417276,0.9961079129847692,1.010683297459883,1.055589198723104,49.21217671069476,-0.0227082641196013,0.0064624276368911,-0.0043510577048477,0.0089349435094071,0.0060089411843315,0.7655892545697525,50.0,0.24,0.24,0.58,0.42,0.56,0.76,0.5,0.06,0.12,-0.0041642898653019,-0.0110175829947929,0.0054849425067083,47.98184681927105,0.664182046343862,0.0181645852290811,-0.0022491082350192,18199.099609375,-0.0101277196435586,0.0,-0.0046146753163435646,-0.010026068222106114,0.2545454545454545,0.7397727272727272,0.002780986309080518,0.25,0.75
2022-12-21,18199.099609375,-0.0101277196435586,-0.003826174975368,-0.0247156343984775,-0.0194714792502895,-0.0037307416619907,0.987334212837333,1.0004298285053064,1.0444318861478885,42.70720134208722,-0.0326060008305647,0.0,0.002711383945692,0.0097381283258331,0.0064469306448335,0.8481587811108349,50.0,0.28,0.14,0.56,0.28,0.5,0.76,0.6,0.12,0.14,-0.0087542572717878,-0.0261306421691848,0.00305620366684,46.08457089544788,0.8287309683542926,0.0184358209716807,0.0067869453288307,18127.349609375,-0.0039425027358517,0.0,-0.010930018898659027,-0.025751497198524764,0.2265151515151515,0.7734848484848484,0.003541837197493586,0.1875,0.8125
2022-12-22,18127.349609375,-0.0039425027358517,-0.0159116428646407,-0.0156151146707473,-0.0259009589328784,-0.0193003720786626,0.9849949684647896,0.9966229841400368,1.0398970699876942,40.48641594487727,-0.0364199543189368,0.0,0.004928879658903,0.0100794892337001,0.0058333477173468,0.8864429043801241,50.0,0.2,0.1,0.38,0.18,0.46,0.66,0.56,0.1,0.18,-0.0048901398259333,-0.0164462789840353,-0.0140188309667652,44.90325386133381,0.8397057794275558,0.0192108365363802,0.0052815411118974,17806.80078125,-0.0176831602541178,0.0,-0.006278775162387838,-0.021183161272017317,0.24204545454545454,0.7522727272727273,0.003114591748270483,0.1875,0.8125
2022-12-23,17806.80078125,-0.0176831602541178,-0.0314653541371471,-0.0252996452323608,-0.0372932778290435,-0.0381331362844525,0.9705741718298252,0.9798064573012868,1.0212898331650213,32.384322200504855,-0.0534590946843853,0.0,-0.0082581967014405,0.0111057149958412,0.0068881465325757,0.9997743173098624,50.0,0.04,0.18,0.18,0.08,0.28,0.5,0.54,0.04,0.34,-0.0171389208618999,-0.0252228943087956,-0.0345594710744521,39.23701766068042,0.9241219714971846,0.0202446140678227,0.0035736652100004,18014.599609375,0.0116696328935068,1.0,-0.023581712258828796,-0.03306253608740589,0.075,0.925,0.004488843998156146,0.0625,0.9375
2022-12-26,18014.599609375,0.0116696328935068,-0.0101378641779046,-0.0220325576513025,-0.0260878444008636,-0.029529589668826,0.9835959091272012,0.9915810591532732,1.032866623605936,40.67280985422382,-0.0424133098006644,0.0116696328935068,0.0013253143933551,0.0117178798043656,0.0074719776939574,0.8029628283195492,50.0,0.76,0.08,0.28,0.14,0.32,0.52,0.46,0.12,0.06,0.009971546074017,-0.0254767282533886,-0.0325304313095744,42.592053941180126,0.6644006549314403,0.0207013578014507,-0.0030008416407484,18132.30078125,0.0065336546149905,1.0,0.009338181469262075,-0.03591321617800196,0.7536931818181818,0.23068181818181818,0.004669459677075316,0.8125,0.8125
2022-12-27,18132.30078125,0.0065336546149905,0.0002731326962679,-0.0137609932527195,-0.0255642314461521,-0.0260902715169942,0.990964047713344,0.9981356553678884,1.0392053841604345,44.800308290485845,-0.03615676910299,0.0182795328593075,0.0041744570240609,0.0118068744046232,0.007624122637124,0.969639382833356,50.0,0.8,0.26,0.26,0.26,0.32,0.66,0.48,0.1,0.02,0.0046894143927397,-0.0171585716539769,-0.0264596437644095,44.58791237143197,0.6197119389678251,0.0204617135577169,-0.0003693722474152,18122.5,-0.0005405150382313,0.0,0.010209721440712784,-0.021567188939610182,0.8151515151515152,0.18484848484848487,0.0030651691401288204,0.875,0.875
2022-12-28,18122.5,-0.0005405150382313,0.0177291374586736,-0.0042089779724894,-0.0288205848102076,-0.0338968844603054,0.9913320946173758,0.997690198998491,1.0382444582756762,44.522543180029565,-0.0366777408637873,0.0177291374586736,-0.0026224350579475,0.0118790784566344,0.0073404916832841,0.908515872086213,50.0,0.42,0.34,0.2,0.28,0.36,0.64,0.44,0.14,0.1,-0.0008327096599766,-0.0075990598253444,-0.0372040177680719,45.15511876514264,0.7432194023569816,0.0204667782153826,-0.0033071333077664,18191.0,0.0037798317009243,1.0,0.0016524241642171364,-0.00921029724778788,0.4951704545454545,0.5048295454545455,0.002847873540825161,0.5625,0.5625
2022-12-29,18191.0,0.0037798317009243,0.0097920794494483,0.0035112905083531,-0.0121586533663243,-0.0330365448504983,0.995545726728368,1.0014039137039152,1.04173174682358,46.99608468284108,-0.027273910285372,0.0215759823153942,-0.004237869016416,0.0117648414001821,0.0073724910392867,1.3307768782843346,50.0,0.62,0.52,0.2,0.28,0.42,0.68,0.48,0.3,0.2,0.0031188623082178,0.0016132843178692,-0.0334354776038094,47.43108251780304,1.0449545858419826,0.0203250962585234,-0.000398932753311,18105.30078125,-0.0047110779368918,0.0,0.0022392208525215777,-0.0007636852752457425,0.5365530303030304,0.43219696969696975,0.0031915544405207988,0.5625,0.5625
2022-12-30,18105.30078125,-0.0047110779368918,-0.00148905537834,0.0167632582442496,-0.0089604914746291,-0.0316001112782234,0.9917193137102362,0.9968157601070172,1.0364443052363883,44.33290873946613,-0.0318564987052657,0.0167632582442496,0.0037435880036831,0.0118564206744528,0.0073319749271112,0.9225890154245352,50.0,0.38,0.8,0.2,0.26,0.36,0.64,0.52,0.14,0.08,-0.003501034576509,0.0157278338127407,-0.0311599400404387,45.41317229472072,0.7880892167442701,0.0205573556095417,0.0004401712377847,18197.44921875,0.0050895833553579,1.0,-0.002510395979431643,0.021126401866225934,0.3331439393939394,0.6668560606060606,0.003521514786411506,0.25,0.75
2023-01-02,18197.44921875,0.0050895833553579,0.0041356997516899,0.0101500790103512,-0.012106110841912,-0.026929051655478,0.9970737791538448,1.001814918747695,1.0412871177303775,47.76082561521798,-0.0248040783439609,0.0219381595997492,0.0014580502041334,0.0118026607867216,0.0074738205533494,1.240223734230853,50.0,0.62,0.68,0.2,0.24,0.32,0.66,0.44,0.06,0.08,0.0016042064444726,0.0094237658185172,-0.0324748996312339,46.3853093082991,0.6531097128038235,0.0205319804367441,-0.0055458479757558,18232.55078125,0.0019289276248581,1.0,0.0032485501115436946,0.014954699211457296,0.6339962121212122,0.36600378787878785,0.0037868915161729825,0.6875,0.6875
2023-01-03,18232.55078125,0.0019289276248581,0.0022841394783135,0.0055288074695774,-0.0083082676654264,-0.0220031496828525,0.9990924935025768,1.0035998634093604,1.0428464240181303,49.04793859266276,-0.0229229959910295,0.0239094043466978,-0.0018821319179563,0.0118349763905563,0.0074957122091671,1.012910114540866,50.0,0.54,0.7,0.22,0.34,0.42,0.7,0.42,0.1,0.1,0.0012180446178903,0.0050704981941748,-0.0270753986334393,47.03271547648221,0.7883490404130228,0.0208361599673663,-0.0050722489505868,18042.94921875,-0.0103990694870288,0.0,0.0008476783023791724,0.0054295536266241165,0.3870265151515151,0.6129734848484849,0.003188286192271887,0.375,0.625
2023-01-04,18042.94921875,-0.0103990694870288,-0.0034438291444774,-0.0043896140847012,-0.0085801162682005,-0.0278845279626087,0.9897677701759284,0.993429700752522,1.031673280214318,42.89940215633536,-0.0330836876498967,0.0132616993024741,-0.0001042306503242,0.0117606056233939,0.0077507862695017,1.1319937432318614,50.0,0.14,0.5,0.16,0.24,0.4,0.66,0.56,0.06,0.4,-0.007232695499256,-0.0001325307118059,-0.0250803730718709,44.48627942975985,0.9608463551075695,0.0205946235054172,0.0028041548907378,17992.150390625,-0.0028154392892826,0.0,-0.00935204002786597,-0.005633469003444235,0.09526515151515151,0.9047348484848485,0.004456198976204594,0.0,1.0
2023-01-05,17992.150390625,-0.0028154392892826,-0.0112817365586308,-0.010931208255456,-0.0074583003948949,-0.0331660821955361,0.9882064078471612,0.990996795235059,1.0284742604266437,41.40189909388523,-0.0358059818251355,0.0104089225039327,0.0032699753950804,0.0119601620665832,0.0076977523651745,1.2783593046937909,50.0,0.62,0.44,0.22,0.3,0.42,0.68,0.58,0.38,0.28,0.0045761350900684,-0.0023647586128052,-0.0190170263494121,46.793987252255455,1.154065545226774,0.0206913774505731,0.014149055846124,17859.44921875,-0.0073755037054461,0.0,0.002965104025411177,-0.004954686584960306,0.6519886363636364,0.34801136363636365,0.0051684820367691505,0.6875,0.6875
2023-01-06,17859.44921875,-0.0073755037054461,-0.0204634868141264,-0.0135789825018872,0.0029566477519891,-0.034446893163112,0.9827037986931112,0.9843173607899752,1.0206765989078717,37.69969727416056,-0.0429173983789533,0.0029566477519891,0.0008837404245622,0.012307996282855,0.0077428810935764,1.12226148409894,50.0,0.2,0.44,0.18,0.3,0.4,0.64,0.64,0.14,0.32,-0.0077534658647035,-0.00677795314676,-0.028074870009795,44.36575621101264,0.8931896700068255,0.0207626249077823,0.0063720231533169,18101.19921875,0.0135362517084902,1.0,-0.007333377395273167,-0.009700196322545164,0.11657196969696969,0.8834280303030303,0.003659697998712199,0.125,0.875
2023-01-09,18101.19921875,0.0135362517084902,0.0032284079112447,-0.0052892028351329,0.00480719034854,-0.0214060632861416,0.996384937667263,0.9977336156406572,1.0341378064969728,46.99808764445003,-0.029962087377594,0.0165329213886635,0.0052130142066337,0.0123967667641396,0.008459602672377,1.1939744214655432,50.0,0.88,0.54,0.3,0.56,0.56,0.7,0.58,0.46,0.1,0.0086189175985944,0.0046833212107754,-0.0159985768517175,50.55887011377112,1.03917530409227,0.0205529247873363,0.0054074864344241,17914.150390625,-0.0103335047509585,0.0,0.010794351678010858,-0.0022106196955118235,0.8740530303030303,0.1259469696969697,0.003536794954113546,0.9375,0.9375
2023-01-10,17914.150390625,-0.0103335047509585,-0.0043352238785555,-0.0174632937785335,-0.0120310374980422,-0.0372877047170572,0.9873969689322616,0.9879107631126068,1.0232127732488747,41.79974989244268,-0.0399859787562876,0.0060285736159881,0.0011105099864974,0.0123707028102394,0.0085319104776903,1.2865576748410537,50.0,0.3,0.4,0.24,0.36,0.38,0.6,0.56,0.18,0.34,-0.0083136336084709,-0.0075850167457585,-0.0292999576554972,45.86873578613415,1.00425857254334,0.0204635443868417,0.00798774706156,17895.69921875,-0.0010299775022909,0.0,-0.010647260477672676,-0.01370790537363219,0.22964015151515152,0.7703598484848485,0.005583017198394976,0.1875,0.8125
2023-01-11,17895.69921875,-0.0010299775022909,0.0020297378466711,-0.0081610826597561,-0.0125148727410677,-0.0409747716000524,0.9876611124342164,0.9874007520520952,1.0219335646198862,41.31430669245591,-0.0284873617232885,0.0049923868185017,0.0005637783068006,0.0119917017921273,0.0084641196757469,1.1665432348122713,50.0,0.36,0.46,0.2,0.34,0.38,0.56,0.56,0.18,0.34,-0.002972100961871,-0.004017910404488,-0.0341035388020008,44.79231169193748,1.020762720515381,0.0197905700310869,0.0068712327980516,17858.19921875,-0.0020954755408891,0.0,-0.004944018293748427,-0.009159596482672554,0.34611742424242425,0.6330492424242424,0.005478089079470052,0.3125,0.6875
2023-01-12,17858.19921875,-0.0020954755408891,-0.0134245249203318,-0.0074449784470896,-0.0182948040926832,-0.0302310172776397,0.986945818063208,0.9858987948311873,1.019591332985064,40.29017480839078,-0.0305231426944621,0.0028864498531437,0.0014053874239599,0.0113621247343086,0.008052360916062,1.0123094698484647,50.0,0.48,0.36,0.22,0.34,0.42,0.54,0.58,0.28,0.22,-9.74748471783693e-05,-0.0103899689003107,-0.0258004253077978,45.60023266031756,1.0007825503709176,0.0195056215439065,0.0044305919698419,17956.599609375,0.0055100959183882,1.0,5.636072512616493e-05,-0.01210252162062377,0.48210227272727274,0.4553977272727273,0.004843478707682444,0.4375,0.5333333333333333
2023-01-13,17956.599609375,0.0055100959183882,0.0023695915142152,0.005439719301254,-0.0082131290538401,-0.0171000268556024,0.9931043173474542,0.9916683126366628,1.0249522804152102,44.19901168715383,-0.0251812322200509,0.0084124503870866,0.0005208129406595,0.0109627390434336,0.0080489012018253,1.1460844718278418,50.0,0.74,0.5,0.38,0.46,0.44,0.6,0.52,0.32,0.18,0.0058036365164499,0.0002351922756692,-0.0119824121838507,48.65623434068587,1.0141024561204883,0.0189850200193793,0.0051176146717517,17894.849609375,-0.0034388470725693,0.0,0.004906212292254912,6.209375078920169e-05,0.7000946969696971,0.29990530303030305,0.0033182940012261085,0.8125,0.8125
2023-01-16,17894.849609375,-0.0034388470725693,-4.747561772322495e-05,-0.011399775610516,-0.01662868272017,-0.0285334848859167,0.9906619962428492,0.9887133858621696,1.0212098938886132,42.32644057883847,-0.0266762658773132,0.0049446741841303,0.004263100081044,0.0110572455122535,0.0077718700854625,0.910174354447142,50.0,0.34,0.38,0.32,0.44,0.44,0.58,0.52,0.12,0.18,-0.0058155348433713,-0.0076855006946895,-0.0237171973478284,47.10785494325474,0.8371284312061404,0.0195501592074724,0.0048162875380883,18053.30078125,0.0088545685118242,1.0,-0.00481919926779959,-0.015325786419771274,0.27168560606060604,0.7283143939393939,0.0039020377231176475,0.1875,0.8125
2023-01-17,18053.30078125,0.0088545685118242,0.0109250412155306,0.0077676243411366,-0.0098313177432275,-0.0180579041893393,0.999487769261183,0.9975670681809568,1.0299422361388328,48.370975068386045,-0.0098313177432275,0.0138430256522865,0.0015619674087876,0.0112781117051241,0.0081017327473466,0.9565388225535352,50.0,0.74,0.6,0.38,0.56,0.54,0.66,0.56,0.34,0.1,0.0066042844897152,0.0043093599001474,-0.0073525801515748,51.24451735276493,0.9471971856328822,0.0193128826940494,0.0107053240377645,18165.349609375,0.00620655632356,1.0,0.007675740443433549,0.002880371225993596,0.8054924242424243,0.19450757575757577,0.0031523075107699524,0.9375,0.9375
2023-01-18,18165.349609375,0.00620655632356,0.0116252522493742,0.0150678879505572,0.0067838350117286,-0.0018544873496166,1.005146343063661,1.0036105990859223,1.035960091062677,52.18714193129696,-0.0036857800469756,0.0201354994942459,0.0011632221860398,0.0108719638652947,0.0079421129317941,1.1003807024713397,50.0,0.76,0.74,0.5,0.6,0.52,0.7,0.54,0.36,0.1,0.0037613049023512,0.0156245099477541,0.0021073331783517,52.27848711996756,0.9652616937974056,0.0190320723652461,0.0039618205279684,18107.849609375,-0.003165367099256,0.0,0.006455349462080394,0.014309342207597886,0.8064393939393939,0.19356060606060604,0.003988604963835512,0.8125,0.8125
2023-01-19,18107.849609375,-0.003165367099256,0.0119028661681743,0.0139795948945895,0.0064305386648104,-0.0010757226191475,1.0017772404119067,1.0004167841379592,1.0323451959091838,50.139026001311095,-0.0068394802993358,0.0169063961473638,-0.002507456729679,0.010577704429775,0.0079240129009134,1.0137698767958392,50.0,0.38,0.7,0.56,0.54,0.54,0.66,0.58,0.2,0.2,-0.0033965420304831,0.011534303181577,0.0105105625703846,51.74374111194007,0.964211069060391,0.01861124258857,0.0115862851895321,18027.650390625,-0.0044289753051891,0.0,-0.0055342931812216705,0.008740801715931987,0.3497159090909091,0.650284090909091,0.0036184778325331086,0.25,0.75
2023-01-20,18027.650390625,-0.0044289753051891,-0.001420814450266,0.0039568060098029,0.0094180492250797,0.0124025428311382,0.9975930799230605,0.9961427689463256,1.0274890200911655,47.34790438198448,-0.0112381637151788,0.0094887043088356,0.0004279911843307,0.0106271369877178,0.0068509787244304,1.0078392216014107,50.0,0.22,0.38,0.64,0.46,0.54,0.64,0.58,0.1,0.3,-0.0054403992328448,-0.0037532594794933,0.0275864075272156,49.18015665447021,0.8813034616482637,0.0190024519304895,0.0151838646960773,18118.55078125,0.0050422760956287,1.0,-0.0077996795540180245,-0.003954024302557287,0.11638257575757575,0.8523674242424242,0.004409873576045878,0.0625,0.9375
2023-01-23,18118.55078125,0.0050422760956287,-0.0025762690579237,0.0125008690633423,0.0009585863505676,0.0057703848061603,1.0023727964222304,1.0011198349908403,1.032334318714348,50.697931362293644,-0.0062525535438099,0.0145788250713794,0.0050366423886396,0.0107031310371119,0.0064371335719308,0.8557121426609479,50.0,0.68,0.62,0.62,0.52,0.52,0.66,0.56,0.2,0.16,0.0084625163710208,0.0061775879366978,0.0113658707188601,50.69751263458683,0.8260425394540125,0.0188353998880204,0.0055954859126998,18118.30078125,-1.3798013043020418e-05,0.0,0.0013315892392367003,0.002236594882564484,0.49649621212121214,0.5035037878787878,0.004187092243618048,0.5,0.5
2023-01-24,18118.30078125,-1.3798013043020418e-05,0.0005771625068935,0.0036004496234565,0.0113960409047273,-0.0007721027887689,1.0021338228803371,1.001062602044455,1.0319881945978628,50.68837923743024,-0.0062662652840376,0.0145648258995179,0.003609473974468,0.0103098297261657,0.0062680918953859,0.9160595502058916,50.0,0.38,0.52,0.6,0.48,0.52,0.7,0.6,0.12,0.16,-0.0013343893598526,0.0017019037118215,0.0080027741911583,49.65969482474155,0.8062000865409527,0.0186535911493154,0.0087748769799272,17891.94921875,-0.0124929796250122,0.0,-0.0026754278093895786,-0.008138899069878004,0.4018939393939394,0.5981060606060606,0.003920906138276444,0.4375,0.5625
2023-01-25,17891.94921875,-0.0124929796250122,-0.0075273909208695,-0.0150506539375327,-0.0002095475540888,-0.012721797834184,0.9905940069401156,0.9890001816496684,1.0189019897791314,42.82154107393853,-0.0186809605845315,0.0018898882013009,-0.0013771253814718,0.0106177106728812,0.0068619945103268,1.071934650329249,50.0,0.2,0.32,0.56,0.5,0.5,0.64,0.58,0.1,0.36,-0.0071792340881006,-0.0159566846357385,0.0061410006286404,47.52403235011122,0.974419857613987,0.0189535550227341,0.0188627984628244,17604.349609375,-0.0160742469061787,0.0,-0.01118517857871507,-0.025507988120363083,0.196875,0.803125,0.0034298098781646077,0.25,0.75
2023-01-27,17604.349609375,-0.0160742469061787,-0.0283798179050347,-0.0278056208142639,-0.0142147372344504,-0.0322494854942004,0.9770278288161331,0.9741302554586458,1.0024987313616345,35.320691057425606,-0.0344549251178298,0.0,-0.0008243931289801,0.011385783517349,0.0075898611782642,1.907488986784141,50.0,0.26,0.24,0.48,0.34,0.44,0.58,0.6,0.22,0.5,-0.0062208029922792,-0.0171749946855269,-0.003947058580294,47.97760662137622,1.2734048413908243,0.0201271777951691,0.0283024269139064,17648.94921875,0.0025334426073457,1.0,-0.026023472855844502,-0.04495401442534498,0.2369318181818182,0.7630681818181818,0.005961175892489446,0.3125,0.6875
2023-01-30,17648.94921875,0.0025334426073457,-0.0259048333597439,-0.0210066849350449,-0.017132998302439,-0.0252054118301421,0.981418889086704,0.9774952247594032,1.0049881199134618,37.15900091674366,-0.0320087720858106,0.0025334426073457,-0.0035446007384316,0.0114446264237516,0.0076069410424414,1.6521473330276633,50.0,0.54,0.36,0.46,0.32,0.38,0.52,0.64,0.38,0.34,0.0004847264702516,-0.0088429957378061,-0.0086278466414759,44.700870458249696,1.4173715832028997,0.0201214368835664,0.0165775651886662,17662.150390625,0.0007479862801675,1.0,0.002274543433363971,-0.03567000649461759,0.6096590909090909,0.3903409090909091,0.00617913544423062,0.5625,0.5625
2023-01-31,17662.150390625,0.0007479862801675,-0.0128436999968779,-0.0251896741707017,-0.0130036979259154,-0.0294161462790866,0.983825200859036,0.9790623673497846,1.0056823998927251,37.72321721601949,-0.0312847279280081,0.0032833238678251,0.0046744992564402,0.0111390240685528,0.007477409381584,1.4816054755793624,50.0,0.46,0.26,0.5,0.36,0.4,0.58,0.6,0.42,0.42,-0.0006642738523356,-0.0182562145548113,-0.0053290929423208,45.06443587645726,1.5741773277413036,0.0209095257897735,0.0240870533367657,17616.30078125,-0.0025959245256645,0.0,0.006907482437560463,-0.030953281069545976,0.6326704545454545,0.35170454545454544,0.0063175811045775845,0.6875,0.6875
2023-02-01,17616.30078125,-0.0025959245256645,0.0006788760812064,-0.0277067924890341,-0.0242060997761619,-0.0337994396611657,0.9830246752481284,0.9774207585551192,1.0030410669166112,36.49754582989525,-0.0302250625466432,0.0006788760812064,0.0084615528372653,0.0130607381537195,0.0074376584743571,1.8057315871004085,50.0,0.46,0.24,0.42,0.34,0.4,0.56,0.58,0.3,0.46,-0.001072199224209,-0.0103706624722492,-0.0089260948477589,46.23624991221756,1.3418325559728643,0.0225013028140586,0.0248733448134068,17610.400390625,-0.0003349392530399,0.0,-0.031556668529852464,-0.055288224219780295,0.39356060606060606,0.606439393939394,0.0063625667174752884,0.4375,0.5625
2023-02-02,17610.400390625,-0.0003349392530399,-0.002184199617054,-0.0157360623307576,-0.0305498782398107,-0.0239732885616892,0.984317631366856,0.9779718929013848,1.00267812049687,36.33393668086777,-0.0305498782398107,0.0003437094459188,-0.0056312146975024,0.013161651206297,0.0071525062996865,1.6513637818622908,50.0,0.38,0.42,0.42,0.3,0.3,0.52,0.56,0.2,0.36,-0.005320876338221,-0.0136020028812061,-0.0121394191736674,43.89332603210637,1.099805955155391,0.0238137808464089,0.0118338693880217,17854.05078125,0.0138355963078902,1.0,-0.026777963973250427,-0.06501412454419167,0.2799242424242424,0.7200757575757576,0.00549954724203152,0.25,0.75
2023-02-03,17854.05078125,0.0138355963078902,0.0108650637878646,0.0141840611789501,-0.0140159562620622,-0.0076755477459191,0.9981324330446772,0.9918332225991268,1.016383387831795,46.91616738370336,-0.0171369577145017,0.0141840611789501,0.006322945924289,0.0132260870546365,0.0078847352468008,1.392797911295752,50.0,0.76,0.54,0.42,0.48,0.38,0.56,0.46,0.4,0.16,0.0075055858299712,0.0054865717618259,-0.0145412651992367,47.65234090309326,1.0452665228456266,0.0241889110231457,-0.0068657174533175,17764.599609375,-0.0050101331608701,0.0,0.01659665234094742,-0.03130368509085281,0.8286931818181817,0.1713068181818182,0.0077786428124255605,0.8125,0.8125
2023-02-06,17764.599609375,-0.0050101331608701,0.0084182729374626,0.0065528201816194,-0.0145915177824169,-0.0053108921900806,0.9937817170290852,0.9873726382755356,1.011177565949766,44.02313183781064,-0.02206123243525,0.0091028639828114,-0.0019883442942416,0.0131306501309717,0.0077910813094272,0.9210655016139024,50.0,0.36,0.56,0.46,0.4,0.38,0.56,0.48,0.12,0.08,-0.0030408570771033,0.0068129628819408,-0.0118468737055461,46.04989124671202,0.730649771230012,0.0242867989013546,-0.0065359815154654,17721.5,-0.0024261514654264,0.0,0.0021079610934252794,-0.030806422123766608,0.29450757575757575,0.7054924242424243,0.004448776897798016,0.25,0.75
2023-02-07,17721.5,-0.0024261514654264,0.0063087497677873,0.003360270865234,-0.0219140474336881,-0.0209764675898761,0.9921860729023148,0.9855577467453668,1.0086367373549412,42.65821587394285,-0.0244338600092746,0.0066546275905934,0.0014354390507367,0.0130557653435496,0.0070920868170504,1.1374650961260713,50.0,0.38,0.52,0.38,0.4,0.34,0.54,0.5,0.1,0.14,-0.0022054356869556,0.0022005432071552,-0.0222412907730221,45.36934295458694,0.8005628085404577,0.0245202175542015,-0.0012648231831459,17871.69921875,0.0084755364246817,1.0,0.0058705323425674635,-0.03516314543332748,0.4001893939393939,0.5998106060606061,0.0049269687789116265,0.375,0.625
2023-02-08,17871.69921875,0.0084755364246817,0.0009884836621241,0.0144978472308916,-0.0136106341029065,-0.0023697005411552,1.00053864850279,0.9941482691212912,1.0170115660392725,48.6350459016377,-0.0161654136550969,0.0151865655538121,0.0016251886832379,0.0130495500776944,0.0070411338553272,0.9328268500264462,50.0,0.72,0.64,0.4,0.4,0.34,0.58,0.42,0.22,0.08,0.0070022360988554,0.0085089764377479,-0.011669979592558,46.48622348102947,0.7741024612111831,0.0248691100067433,-0.0093002790514027,17893.44921875,0.0012170079483646,1.0,0.02137479455186032,0.01499499418878803,0.7162878787878788,0.2628787878787879,0.0052126128653832825,0.6875,0.6875
2023-02-09,17893.44921875,0.0012170079483646,0.0072531670968256,0.016072821846554,8.383658938782013e-05,-0.0001257285324532,1.001588778430543,0.9955393766044296,1.0180644121274467,49.45660793244904,-0.0149680791436391,0.016422055673164,0.0007722142747075,0.0131753998534417,0.0070433569233594,0.8362045480040384,50.0,0.52,0.62,0.5,0.48,0.34,0.6,0.5,0.14,0.1,0.0007316626900321,0.0048545066395384,4.592187386237567e-05,47.46840703213945,0.7321112692693567,0.0251470103359065,0.0001716504063156,17856.5,-0.0020649578680046,0.0,-0.007645219361612655,0.0387298691142384,0.43920454545454546,0.5607954545454545,0.00396747874773983,0.5,0.5
2023-02-10,17856.5,-0.0020649578680046,0.0076178653048557,0.0001371800035749,0.0143231869520883,-9.51506212460984e-05,0.9995661828686782,0.9937375733425996,1.015800815024207,48.05055224630684,-0.0170021285588473,0.0143231869520883,-0.0025650972564811,0.0130554543713573,0.0070428784050047,0.7430776868504075,50.0,0.5,0.48,0.5,0.44,0.36,0.54,0.5,0.04,0.04,0.0002253785185673,-0.0005124406776418,-0.0011440644052377,47.312363156953225,0.6160556624001978,0.0252138701857362,-0.0010489137839916,17770.900390625,-0.0047937507000251,0.0,-0.0022727679868937336,0.018331556340531876,0.5522727272727272,0.4477272727272727,0.003742656569901374,0.5,0.5
2023-02-13,17770.900390625,-0.0047937507000251,-0.005640136782251,0.0003546818610353,0.0069098262091116,-0.0103415581340382,0.9952698232786332,0.9894016587575868,1.0108213727776345,44.86806452560938,-0.0217143752931915,0.0094607744645849,0.0001455833660011,0.0132228451386318,0.0069967631905215,0.7438614545980801,50.0,0.36,0.52,0.46,0.48,0.4,0.52,0.56,0.06,0.04,-0.004043690231428,0.0014371749709289,-0.0027599877704371,49.07616960415825,0.6523466974988297,0.0250007923596914,0.007581570363601,17929.849609375,0.0089443537049958,1.0,-0.0066033865527558395,0.008268527879669706,0.39725378787878785,0.6027462121212122,0.0037927416680385616,0.3125,0.6875
2023-02-14,17929.849609375,0.0089443537049958,0.0020342858540016,0.011756883411393,0.0151566605894202,0.0019558700276343,1.003773048679156,0.9983196816336768,1.0196609939470505,51.31606846935478,-0.012964242641301,0.0184897486827151,0.003908030388074,0.0133488366686258,0.0072654218790602,0.7814997123313943,50.0,0.58,0.6,0.46,0.44,0.38,0.5,0.42,0.12,0.08,0.0037429488226347,0.0074022217917314,-0.0063728569155909,47.04711424243869,0.7257361870914383,0.0243654885880056,-0.0083287269432252,18015.849609375,0.0047964707944361,1.0,0.005198876389304908,0.0079925054625378,0.543939393939394,0.45606060606060606,0.0043320391468035235,0.5625,0.5625
2023-02-15,18015.849609375,0.0047964707944361,0.0089238993853779,0.0080658469494476,0.0226806315972001,-0.00207447781039,1.007763399087792,1.002985842904376,1.0243015351517994,54.42206815093776,-0.0082299544580658,0.0233749050167044,-0.0018544494641279,0.012920945338852,0.007062565497511,0.7317228834923573,50.0,0.7,0.66,0.44,0.56,0.44,0.56,0.46,0.14,0.08,0.0061136909967104,0.0057880709629439,-0.0090442614990416,52.4758747594594,0.7014329239143213,0.0243796645351999,-0.0069697836886515,18035.849609375,0.0011101336008929,1.0,0.00681551202856622,-0.004133864399441307,0.7376893939393939,0.24668560606060608,0.005938416479357685,0.8125,0.8125
2023-02-16,18035.849609375,0.0011101336008929,0.0149091612088363,0.0079582415265013,0.0241589747713226,-0.0071289572061506,1.0080294396897806,1.0039379016292058,1.0251791524719007,55.13887500929054,-0.0045644473928115,0.0245109878850742,0.0043794987378193,0.0118598970908092,0.0069141834776865,0.73760774135666,50.0,0.54,0.6,0.44,0.6,0.46,0.6,0.5,0.16,0.1,0.0006909461969228,0.0062723493541813,-0.0081338773639517,53.1205246311624,0.6703000475983873,0.0231541695147953,-0.001004920157801,17944.19921875,-0.0050815676893513,0.0,0.004950513142829448,0.007953633461161376,0.678030303030303,0.32196969696969696,0.005579579852076702,0.75,0.75
2023-02-17,17944.19921875,-0.0050815676893513,0.0008003195613808,0.0049113330579901,0.0050491867982516,-0.0090375386451339,1.0026294780557536,0.9988819065859555,1.0197670046170284,51.16758617280768,-0.0096228205337718,0.0193048659516519,-0.0033821528412109,0.0113140298367287,0.0069685321587634,0.6699827755509409,50.0,0.28,0.48,0.44,0.56,0.46,0.58,0.52,0.1,0.08,-0.0055722516135477,-0.0002712822372578,-0.0042978999658488,50.019549176702085,0.687027811057239,0.0224278521654101,0.004739638679285,17844.599609375,-0.0055505184801407,0.0,-0.003440232774340345,0.00672453050616412,0.4083333333333333,0.5916666666666667,0.003552387322029291,0.375,0.625
2023-02-20,17844.599609375,-0.0055505184801407,-0.0095055189576452,0.0041471854059167,0.0045033381983898,-0.0101538901234291,0.9973432061341028,0.9935971920565458,1.0139644430205776,47.18989904097695,-0.0151199273707088,0.0136471954562897,0.0011898866168231,0.0113283479043756,0.0070068077489569,0.5678510448003903,50.0,0.38,0.58,0.44,0.48,0.44,0.6,0.46,0.06,0.06,-0.0030177689238315,0.0029385503648289,-0.0119839097063464,48.86711143313149,0.6140967588721061,0.0221429801497402,-0.0018300195829173,17826.69921875,-0.001003126492992,0.0,-0.006174631289751607,0.007293388209118439,0.3728219696969697,0.6271780303030303,0.005383037669636789,0.375,0.625
2023-02-21,17826.69921875,-0.001003126492992,-0.0115963702933231,-0.0057529980938081,0.00593624798973,-0.0161078866639832,0.9966899018256736,0.992888601752038,1.012816828306882,46.49039776788902,-0.0160943107204494,0.0126303790999804,0.0034296747035358,0.0093595503208673,0.0068850723676262,0.6450563041072707,50.0,0.38,0.34,0.44,0.44,0.44,0.58,0.54,0.04,0.04,-0.0036619728502509,-0.0094815989729716,-0.0123563428044329,48.52149484242466,0.6600511979345843,0.0204761526602754,0.0037515438595502,17554.30078125,-0.0152803631315826,0.0,-0.0037133408655289214,-0.001404232301032377,0.37585227272727273,0.6241477272727273,0.004055472983072329,0.25,0.75
2023-02-22,17554.30078125,-0.0152803631315826,-0.0217283832366613,-0.0256190431277146,-0.0177598354591265,-0.0311287469398711,0.983196150617377,0.9785720255251592,0.9973670112104064,37.404125374166014,-0.0266995366758154,0.0,-0.004002401594343,0.0098681444664033,0.0076034032680741,0.6653294848588621,50.0,0.06,0.2,0.3,0.18,0.26,0.5,0.56,0.02,0.14,-0.0117507599513209,-0.0291381842430415,-0.0272061276089025,42.63931879215065,0.7710149855190254,0.0199594545201727,0.0039226193309685,17511.25,-0.0024524349779846,0.0,-0.02126075417243561,-0.028659952423751432,0.035416666666666666,0.9645833333333333,0.003396467428901427,0.0,1.0
2023-02-23,17511.25,-0.0024524349779846,-0.0186806998572199,-0.0290864927761603,-0.0213597285843304,-0.0212776827217373,0.9825830599130758,0.9770851548709296,0.9949713163121724,36.199945095230085,-0.0290864927761603,0.0,0.0011592378203257,0.0093970043492448,0.0071616536227597,0.7874556483918965,50.0,0.44,0.1,0.34,0.16,0.28,0.5,0.5,0.08,0.1,-0.0014903271936453,-0.0286841675015042,-0.0216504051371757,40.79566888813082,0.8034273067111553,0.0196588667848983,-0.0003727224154383,17465.80078125,-0.002595429723749,0.0,-0.004738489562072145,-0.03792603722209675,0.38304924242424243,0.6169507575757576,0.00301779884516226,0.3125,0.6875
2023-02-24,17465.80078125,-0.002595429723749,-0.0202448267663825,-0.0266603391808155,-0.0218799439279814,-0.0078701475032748,0.9819000499352876,0.9755228397094016,0.992464099433403,34.92174736736314,-0.0316064305519985,0.0,0.004574179991434,0.0095124432424781,0.0062495601036423,0.7160198324499915,50.0,0.44,0.08,0.32,0.18,0.2,0.46,0.36,0.12,0.12,-0.0018303098069684,-0.0247654556839517,-0.0188780171180414,40.12626966591496,0.6785233478659146,0.0192569298666712,-0.0110078696147665,17392.69921875,-0.0041854114458053,0.0,-0.004898305720239518,-0.039291210050033484,0.4544507575757576,0.5455492424242424,0.003311402418073406,0.4375,0.5625
2023-02-27,17392.69921875,-0.0041854114458053,-0.0092058102748592,-0.0253242101541794,-0.0212820489430304,-0.0145192779934889,0.9798630009860144,0.9725291126143136,0.9884251986269944,32.9089979531628,-0.0356595560816104,0.0,-0.0021299436734063,0.0095861047506302,0.0062654724074409,0.8702101359703337,50.0,0.32,0.12,0.28,0.18,0.16,0.38,0.38,0.1,0.12,-0.0060382634257922,-0.0269637530925128,-0.0210624038627549,38.8598772859266,0.7512444797633988,0.0194684652703724,-0.0065431258692659,17303.94921875,-0.0051027157362857,0.0,-0.012039160098121409,-0.04462751156128803,0.33238636363636365,0.6676136363636364,0.003985714595949154,0.375,0.625
2023-02-28,17303.94921875,-0.0051027157362857,-0.0118381486901277,-0.0293239928258942,-0.0349082900448721,-0.020280722559419,0.9772024577199484,0.9687987873108626,0.9835441824679224,30.60287550397622,-0.0405803112399295,0.0,-0.0005432865037885,0.0096685034321199,0.0063299520819033,1.480582524271845,50.0,0.32,0.12,0.2,0.18,0.14,0.36,0.48,0.24,0.48,-0.0073934477508207,-0.0269993162969061,-0.0298536600237904,37.87445752511317,1.477782437836988,0.0198394030411638,-0.0095729374643714,17450.900390625,0.008492348770636,1.0,0.007369558594695741,-0.0361678607236802,0.37272727272727274,0.6272727272727272,0.0042924517093557695,0.4375,0.5625
2023-03-01,17450.900390625,0.008492348770636,-0.0008531180912698,-0.005890316675868,-0.0313584555266277,-0.0093890535066842,0.9868639009094632,0.9779071950515552,0.9919767648190098,38.31125385948076,-0.0324325846255639,0.008492348770636,0.0032449465676978,0.0096963775613616,0.0066602387348283,1.0022770677244013,50.0,0.86,0.38,0.42,0.26,0.16,0.42,0.5,0.24,0.08,0.0069831078015204,-0.0095279472657873,-0.0113549217591693,42.000628162740114,0.8042629900730056,0.0196132943484928,-0.001965868252485,17321.900390625,-0.0073921687198044,0.0,0.017800770354299618,0.002344372160492863,0.9042613636363637,0.09573863636363636,0.004519929499108512,0.875,0.875
2023-03-02,17321.900390625,-0.0073921687198044,-0.0040706061339045,-0.0108130264472838,-0.0395850062077968,-0.0163823646027709,0.9814786221885816,0.9717957779290516,0.984794378797711,34.670563165503495,-0.0395850062077968,0.0010374031758917,-0.0016847492087453,0.0099848762173697,0.0068383591788988,1.179977972731761,50.0,0.3,0.32,0.34,0.16,0.16,0.38,0.5,0.14,0.22,-0.0054719291005183,-0.012545492984328,-0.0158458987771119,41.458766402111664,0.7666587470738322,0.0201173394771156,0.000536465825659,17594.349609375,0.0157285986298278,1.0,-0.0002007241175722011,0.0075659253321408385,0.39109848484848486,0.6089015151515151,0.0040617222513186155,0.375,0.625
2023-03-03,17594.349609375,0.0157285986298278,0.0167823187038904,0.0073600305955052,-0.0194965294973675,-0.0145457843184658,0.9972088089485792,0.9875811085226432,1.000280989498178,46.28138068550157,-0.0244790242523705,0.0167823187038904,0.0074674029094987,0.0104875342915631,0.0070611145159046,1.370448031087086,50.0,0.84,0.46,0.38,0.34,0.3,0.46,0.48,0.32,0.06,0.0082290499385595,-0.0008199922949837,-0.0163403745859113,45.10673082993118,0.9136776538620428,0.0195442870815532,-0.0017945902674454,17711.44921875,0.0066555236183669,1.0,0.02480168996824586,0.04065879000759422,0.8145833333333333,0.18541666666666667,0.00423455944895762,0.875,0.875
2023-03-06,17711.44921875,0.0066555236183669,0.0149303945523047,0.0183266551091951,-0.0074616631103926,-0.0029919273045112,1.0034782193374636,0.9943819457121388,1.00686887039203,50.36457625821176,-0.0179864213580699,0.0235495374407621,0.004887932882394,0.0105067148321412,0.0071681049286574,1.374606903345584,50.0,0.74,0.76,0.4,0.42,0.3,0.46,0.4,0.32,0.08,0.0040179344107403,0.0116157883049585,-0.0080464527846695,46.94054481692939,0.9343406176870824,0.0188179282641049,-0.0050545254801582,17754.400390625,0.0024250512391459,1.0,0.008033918469435408,0.06613546832333389,0.7731060606060607,0.2212121212121212,0.002921299327506851,0.8125,0.8125
2023-03-08,17754.400390625,0.0024250512391459,0.0249683920497589,0.02603169751486,-0.0040556486222057,0.0018565240315435,1.005345676151058,0.9969187354955727,1.0092170825225009,51.81142677070831,-0.0156049881123262,0.02603169751486,-0.0025802077619724,0.0104167303468577,0.0071682331932026,1.0286638927415626,50.0,0.62,0.88,0.44,0.52,0.4,0.48,0.42,0.36,0.12,0.0016963382833338,0.0207983918910917,-0.0072796030517749,48.68145204027138,0.9846840762215988,0.0190243024917079,-0.0091361270833185,17589.599609375,-0.0092822498999752,0.0,0.006120499469388764,0.061597100028496304,0.6256628787878789,0.368655303030303,0.003634076132207577,0.625,0.625
2023-03-09,17589.599609375,-0.0092822498999752,-0.0002699730371089,0.0079479691961632,0.0020108364647997,-0.0157847111190768,0.9963920741357988,0.9881430732970076,0.999850776863178,46.24169128342441,-0.0247423886129567,0.0165078148932313,0.0009941417472099,0.0107768619294151,0.0071782059589207,1.0165420524541895,50.0,0.26,0.58,0.28,0.38,0.3,0.42,0.44,0.18,0.22,-0.0084065054058891,0.0037579380994735,-0.021241817268401,45.33103098618056,0.922769953000756,0.0195211839746857,-0.0054571061493242,17412.900390625,-0.010045664635585,0.0,-0.007449503521140755,0.032236436073344185,0.309280303030303,0.6907196969696969,0.003827468699880377,0.1875,0.8125
2023-03-10,17412.900390625,-0.010045664635585,-0.0168562619827261,0.0052534651480418,-0.0056163671568277,-0.0268561316630584,0.9876635446276948,0.979052879348429,0.989907014327912,41.1356174995254,-0.0345394995102527,0.0062963182853625,-0.0082889225089177,0.0113538548485138,0.0074506672696363,0.9183276237932108,50.0,0.3,0.58,0.22,0.32,0.24,0.42,0.56,0.1,0.18,-0.0021603221820888,0.002678346274638,-0.0234983388749128,43.04455067490731,0.8837968411649793,0.0194109360468415,0.0033577927881456,17154.30078125,-0.0148510359316261,0.0,-0.004901482659560135,0.026538446664371496,0.37187499999999996,0.628125,0.002888407043980257,0.25,0.75
2023-03-13,17154.30078125,-0.0148510359316261,-0.0338000493495616,-0.0250108039168736,-0.0178348536034147,-0.0393245719345896,0.9755045559599184,0.96585706465828,0.9754465199192704,35.0378753228529,-0.0488775880935917,0.0,0.0005168581797461,0.0124847973392241,0.0080418016297663,0.987888770467978,50.0,0.04,0.14,0.16,0.16,0.16,0.3,0.48,0.02,0.42,-0.0123390480579198,-0.0168980967695685,-0.0409600596715835,38.07636445562825,0.9449302514730248,0.0199089789192069,-0.0016354877369939,17043.30078125,-0.0064706805258611,0.0,-0.012586204413539897,-0.011112401650794995,0.025,0.959375,0.0050507090391515835,0.0625,0.9375
2023-03-14,17043.30078125,-0.0064706805258611,-0.0310580593223868,-0.037724097517253,-0.0200887989325622,-0.0409433170735031,0.972044413552754,0.9611297676368232,0.9694324465386764,32.79096842600228,-0.0550319973620248,0.0,0.0003643401196993,0.0130394876233543,0.0080814020504552,1.1134526227058508,50.0,0.22,0.14,0.18,0.14,0.12,0.32,0.54,0.14,0.44,-0.0052035848535867,-0.0297207088347676,-0.0381861838235556,37.99995831357769,1.0553217585855594,0.020920995879899,0.0027571332499475,16972.150390625,-0.0041746837386849,0.0,-0.01029037765061234,-0.028795262505834963,0.27481060606060603,0.725189393939394,0.002723552807450325,0.1875,0.8125
2023-03-15,16972.150390625,-0.0041746837386849,-0.0253116936359032,-0.0440594997740987,-0.0191747458300139,-0.0534136782859152,0.970946765723901,0.9587296239341954,0.9657179892684176,31.40092383171061,-0.058976939916215,0.0,0.007225621320694,0.012989775611757,0.0076630360312963,0.9503206662199676,50.0,0.4,0.16,0.18,0.18,0.16,0.24,0.52,0.12,0.28,-0.0027739823188674,-0.0324594426454721,-0.0497737829536213,36.71220416441776,0.9242567455511584,0.0212796135925686,0.0036398953322939,16985.599609375,0.0007924286811309,1.0,0.008930449786739177,-0.026270832140505202,0.618655303030303,0.381344696969697,0.0034425073365326395,0.5625,0.5625
2023-03-16,16985.599609375,0.0007924286811309,-0.0098343368246984,-0.0343384734964675,-0.0266634254298975,-0.0571857571159942,0.9743407514492026,0.9610160698372806,0.9668056815775165,31.987825846432894,-0.0582312462537989,0.0007924286811309,0.0013257011917846,0.0131798635428261,0.0075072406954388,1.309131736526946,50.0,0.56,0.2,0.18,0.24,0.24,0.32,0.58,0.32,0.34,0.0018487957807579,-0.0262001999490554,-0.0472158271294324,39.09957571571255,1.1736735591435674,0.0209155373101051,0.0099699299865618,17100.05078125,0.0067381296219788,1.0,0.002405436484435938,-0.016670343120481195,0.5888257575757576,0.4111742424242424,0.005262069389693352,0.625,0.625
2023-03-17,17100.05078125,0.0067381296219788,0.003329754061633,-0.0179665421817629,-0.0128074636369038,-0.0518854863171277,0.9826929908705616,0.9687264942218896,0.9735786006666156,36.93274432761257,-0.0470429706675316,0.0075358977902793,0.0074298920719493,0.0131321730423798,0.0077669739713797,1.478114417139028,50.0,0.74,0.3,0.18,0.32,0.3,0.36,0.6,0.58,0.22,0.0080930040739352,-0.0102692644506308,-0.0387243712797946,44.52947952262417,1.4380299111346575,0.0215401811831952,0.013161115037333,16988.400390625,-0.0065292432199922,0.0,0.00760524948672273,-0.004516904607334954,0.7531249999999999,0.246875,0.0041112711252365534,0.75,0.75
2023-03-20,16988.400390625,-0.0065292432199922,0.0009574508607332,-0.0096710669085581,-0.0344399896673148,-0.0532650588902445,0.978487502112809,0.963822554580039,0.9675374320598548,34.3118960383635,-0.0479808590549815,0.0009574508607332,-0.0019562030723135,0.0136595386029139,0.0077976910439789,0.8704730362157103,50.0,0.26,0.4,0.12,0.28,0.22,0.36,0.58,0.16,0.32,-0.0073173972791595,-0.0101431973276958,-0.0315444428361567,42.97493080380149,0.9883859476318316,0.0215767573829441,0.0217206160540878,17107.5,0.007010642946744,1.0,-0.009146153302329742,-0.0009250874644204667,0.20710227272727275,0.7928977272727273,0.004550889524921586,0.125,0.875
2023-03-21,17107.5,0.007010642946744,0.0071766904571162,0.0037668301213475,-0.034099367662734,-0.0413065927793498,0.9867242949835978,0.9717006625687452,0.974569511095937,39.26317253207783,-0.0403439363577499,0.0079748061536011,0.0042381859589166,0.0133725842101417,0.0080578918098272,0.876734722888569,50.0,0.52,0.44,0.22,0.26,0.22,0.36,0.54,0.3,0.16,0.000570693630607,-0.0018954219434828,-0.0288011211279708,44.23938376320153,0.9115825404748354,0.0209781364771296,0.012505471651379,17151.900390625,0.0025953757489405,1.0,0.0032815424381029165,0.012895994091124713,0.5677083333333333,0.41666666666666663,0.004351837515031114,0.625,0.625
2023-03-22,17151.900390625,0.0025953757489405,0.0030321318947106,0.0105908795210352,-0.033935249106928,-0.037853268282849,0.9902957682378984,0.9752084083976256,0.9773215891899878,41.04717803192764,-0.033935249106928,0.0105908795210352,0.0040888042525208,0.0130712296285239,0.0081230241807341,0.0,50.0,0.64,0.6,0.24,0.38,0.24,0.36,0.58,0.12,0.06,0.0025437780540671,0.0048765820925131,-0.0250890404430303,45.85972690758534,0.6705367676326499,0.0206547064431821,0.0127642278398186,17076.900390625,-0.0043726933046436,0.0,0.000873148254069489,0.004892349408104655,0.5658143939393939,0.40606060606060607,0.0035658553611105648,0.625,0.625
2023-03-23,17076.900390625,-0.0043726933046436,0.005209436907835,0.0053751874146148,-0.029147861812428,-0.0271956369310316,0.987285131870088,0.9720517217899388,0.973309082181719,38.9651817580898,-0.0381595539750103,0.0061718755484196,-0.003177490468041,0.0131922118124696,0.0075209714836963,0.805186695318383,50.0,0.4,0.54,0.34,0.36,0.24,0.36,0.6,0.12,0.22,-0.002384375857226,0.0022388149203794,-0.0151950297070529,45.72312929627523,0.8018574103604634,0.0207006390241153,0.0120006072239786,16945.05078125,-0.0077209333285906,0.0,-0.0023800461784869824,0.00019864976870752208,0.39365530303030305,0.6063446969696971,0.003427969874386834,0.375,0.625
2023-03-24,16945.05078125,-0.0077209333285906,-0.0094957894929124,-0.0090643005674553,-0.0268679886107249,-0.0323334552787494,0.9815635765845646,0.9658894807449782,0.9661230533737208,35.55125753032546,-0.0455858599315112,0.0,-4.1059668848597575e-05,0.0127437093064501,0.0076526989035988,0.8394852629834865,50.0,0.2,0.32,0.3,0.28,0.2,0.34,0.58,0.1,0.2,-0.0078614077723415,-0.0139886502397714,-0.0234134514800052,42.959989472518,0.8053786861298338,0.0209578920907887,0.0089200037987441,16985.69921875,0.0023988383407489,1.0,-0.011263899313718595,-0.018484959919150636,0.18693181818181817,0.8130681818181817,0.0032394746785377165,0.125,0.875
2023-03-27,16985.69921875,0.0023988383407489,-0.0096899566864231,-0.0001590009543506,-0.0098285301540407,-0.0274880933610214,0.9854274706793524,0.9694151643413066,0.9687448351540404,37.37300606848302,-0.043296374699362,0.0023988383407489,0.0023163105562027,0.0125738077393295,0.0077003319954551,0.8028083589112095,50.0,0.56,0.46,0.34,0.28,0.18,0.34,0.54,0.2,0.12,0.0008670905859214,-0.0047419459890632,-0.0210598594712151,43.058758605393066,0.87385586644895,0.0205575492420043,0.0064282338898062,16951.69921875,-0.0020016838613549,0.0,-0.0003082444112620915,-0.009762256197904131,0.5257575757575759,0.47424242424242424,0.0024618494354788053,0.5625,0.5625
2023-03-28,16951.69921875,-0.0020016838613549,-0.0073316098947168,-0.0091071624287593,-0.0053746374411683,-0.0253554663628394,0.985007050184002,0.9687102934678892,0.9671251473711068,36.44503987292121,-0.045211392906226,0.0003923527634013,0.0027111501656149,0.0125305551536674,0.0076736640911645,0.8790237976920103,50.0,0.36,0.34,0.32,0.24,0.16,0.32,0.52,0.14,0.18,-0.0044538413076405,-0.0090282875845135,-0.0219854639455042,42.09907301088051,0.85590699122236,0.0211573738463778,0.0033700024173352,17080.69921875,0.0076098565893214,1.0,-0.01081237195325473,-0.023347856511297643,0.3664772727272727,0.6335227272727273,0.003451901873797003,0.3125,0.6875
2023-03-29,17080.69921875,0.0076098565893214,0.0080051951009847,-0.0041512118338745,0.0063957027027619,-0.0129016791009819,0.993211983660505,0.9769984245584874,0.9747322983030008,42.29903892680301,-0.0379455885331244,0.0080051951009847,0.0015102652642444,0.0123807227070367,0.007862389640452,1.291081126476681,50.0,0.86,0.4,0.38,0.36,0.26,0.36,0.62,0.54,0.12,0.0106345823312283,-0.0060183960392593,-0.004622834044853,45.96410738898069,1.1787796368834074,0.0208392927248033,0.0082788450561289,17359.75,0.0163371989446239,1.0,0.01617807999465091,-0.009327705341039393,0.7630681818181818,0.2213068181818182,0.0036845497315224998,0.8125,0.8125
2023-03-31,17359.75,0.0163371989446239,0.0220215121222149,0.0165632874177963,0.022027505606484,-0.0052232485765587,1.008531732064684,0.993234058836824,0.9907488019318128,52.49292363456098,-0.022228314217437,0.0244731765105639,0.0075904615475388,0.0123283951176057,0.0085099209663847,0.9866711532350028,50.0,0.86,0.7,0.44,0.62,0.36,0.42,0.46,0.44,0.08,0.0110640450046652,0.0073556511541984,-0.0072962032513941,49.94848587231155,1.0335830257291403,0.0209349587635187,-0.0020729546748354,17398.05078125,0.0022062979737611,1.0,0.008080397404047887,0.001069719596690191,0.7714015151515152,0.22859848484848483,0.004426492033899729,0.8125,0.8125
2023-04-03,17398.05078125,0.0022062979737611,0.0263307858840662,0.0267334696040717,0.0174268488329141,0.004396191463277,1.009722431072173,0.9956040354506714,0.9930044988130116,53.70193011850108,-0.0200710585282939,0.0267334696040717,0.0039285830009072,0.0110648668276576,0.0083538208276324,0.8738232614637109,50.0,0.7,0.86,0.6,0.7,0.44,0.42,0.56,0.3,0.08,0.0056431152545488,0.024797472386276,0.0083932729584097,52.70536288992101,0.7867847720624385,0.0196770892229972,0.0039970814951326,17557.05078125,0.0091389548173612,1.0,0.003171464108211744,0.01569196646382194,0.646875,0.353125,0.005365770248601975,0.625,0.625
2023-04-05,17557.05078125,0.0091389548173612,0.0278882940563167,0.0336372118181218,0.0334728625149904,-0.0021199321914761,1.0171145659992873,1.004517558452847,1.0020587876993536,58.43137491681804,-0.0111155322079594,0.0361167403922559,0.0013938343039057,0.010700010663578,0.0078244818084716,0.9622352690422212,50.0,0.74,0.94,0.5,0.76,0.48,0.48,0.54,0.34,0.1,0.0050723458813859,0.0287050544013791,-0.0003644248358513,53.36894385640044,0.9455408272665852,0.0200619044319016,0.0017555073556247,17599.150390625,0.0023978747854371,1.0,0.007206413729460577,0.023270875391914865,0.7928977272727273,0.20710227272727272,0.004136304710539958,0.75,0.75
2023-04-06,17599.150390625,0.0023978747854371,0.0137905436786243,0.0381938803609058,0.0287388800599153,-0.006340465240197,1.0176583592059067,1.0066528404790007,1.0044170090892155,59.60792143345433,-0.0087443110769304,0.0386012185988118,-0.0013214731884114,0.010120006458941,0.0076884031106656,0.96294239009681,50.0,0.6,0.96,0.42,0.76,0.48,0.46,0.5,0.2,0.08,0.0027828730315379,0.035181614411704,-0.0069657256062185,53.05882110577174,0.8092086807498857,0.0191644694434524,-0.0006252603660215,17624.05078125,0.001414863221935,1.0,0.0028326067677462213,0.03772418392265298,0.6053030303030303,0.39469696969696966,0.0034569807580892026,0.625,0.625
2023-04-10,17624.05078125,0.001414863221935,0.0129899609353687,0.0318108501028779,0.0275275846916107,-0.0073418198591392,1.0172479578619509,1.007757909575931,1.0057796952640197,60.32322854930168,0.0,0.0400706972652644,0.0020313480597928,0.0096349698924704,0.0076729309461097,1.0134033329356082,50.0,0.64,0.94,0.48,0.86,0.54,0.52,0.56,0.1,0.1,0.0044849148226653,0.0303717626654483,-0.0055681617006533,54.35261299521798,0.7287745623773587,0.0185901112392403,0.0017736581584859,17722.30078125,0.0055747683219642,1.0,0.009228644378100587,0.030747224735501268,0.7644886363636363,0.23551136363636363,0.004893704269683866,0.8125,0.8125
2023-04-11,17722.30078125,0.0055747683219642,0.0094121730385652,0.0208845623496882,0.0377937667762773,0.0075442974724833,1.0206909659046006,1.0128446427036013,1.011272106575772,63.099962276455926,0.0,0.0458688504409818,0.0045818070432428,0.0093278343723195,0.0074783903004734,1.2002761068928114,50.0,0.78,0.82,0.6,0.86,0.52,0.56,0.58,0.32,0.06,0.0057507530624808,0.0289662880273378,0.0160690338912482,57.37395677678775,0.8948561989357071,0.0181254590923004,0.0085247364187649,17812.400390625,0.0050839679614469,1.0,0.004444386184330887,0.027018312340676323,0.7214015151515152,0.2785984848484848,0.0035907619429325207,0.75,0.75
2023-04-12,17812.400390625,0.0050839679614469,0.0121170622028208,0.0238158638910024,0.0511860141684992,0.0229427603120666,1.023357780513959,1.0172760780385133,1.0162474108542692,65.48543957848241,0.0,0.0511860141684992,0.0021018715605714,0.0086262073865294,0.0071226433515808,0.9188143821289024,50.0,0.66,0.86,0.66,0.94,0.64,0.58,0.46,0.3,0.08,0.004059860746066,0.0215791832885398,0.0150470272860632,56.28487949569293,0.843984163355439,0.0178307537890039,-0.0078957330260034,17828.0,0.0008757724412713,1.0,0.004355299185904855,0.028327896483929117,0.6043560606060606,0.39564393939393944,0.0050792198700217615,0.625,0.625
2023-04-13,17828.0,0.0008757724412713,0.0115722101168125,0.0154325018550016,0.0495888200069036,0.0392729046401219,1.0218935314399322,1.0174421234866196,1.0169639980878185,65.89651614824515,0.0,0.0521066139103578,-0.0002862954606435,0.008511288860921,0.0060493758780209,1.1211580330698467,50.0,0.56,0.78,0.82,0.84,0.64,0.58,0.44,0.24,0.2,0.0022685565388731,0.0223347170234381,0.0341133125865557,57.85958443724619,0.9328977889571808,0.0175361801445233,-0.0051595920535661,17706.849609375,-0.0067955121508301,0.0,-0.0001763787822109575,0.020988731738656737,0.4583333333333333,0.5416666666666667,0.004555449637946058,0.5,0.5
2023-04-17,17706.849609375,-0.0067955121508301,-0.0008718490937331,0.0061195692041686,0.0445471796591188,0.0389331172782561,1.0135062748544488,1.0101110426610798,1.0099521794370734,59.92700547860638,-0.0067955121508301,0.0449570106315611,0.0019632039488444,0.0093327436200576,0.0060735482737713,1.383903506224468,50.0,0.62,0.78,0.86,0.8,0.74,0.58,0.62,0.3,0.24,0.0035954036210007,0.0242474303790878,0.0447373590236063,58.5212484450383,1.0558939530210725,0.0181611265749524,0.0058042417453502,17660.150390625,-0.0026373533282438,0.0,0.00013349923031521615,0.018243415522770614,0.6579545454545455,0.34204545454545454,0.0063103470005377625,0.75,0.75
2023-04-18,17660.150390625,-0.0026373533282438,-0.0085474162191038,0.0020483151020767,0.03392432384963,0.0405369964421264,1.009791455517813,1.0071528938935377,1.007215532230892,57.75512324478717,-0.0094149433124859,0.0422010897817002,0.0033744003771492,0.0093424605206128,0.0060015358051813,1.0004250550639515,50.0,0.44,0.68,0.84,0.8,0.62,0.54,0.58,0.22,0.18,-0.0023137653391931,0.0168360495367567,0.0499172918888451,57.85193882548519,0.9093802541863534,0.0183825016772877,0.0093802954467187,17618.75,-0.0023442830162407,0.0,-0.0023135208272417923,0.006597406052821582,0.4868371212121212,0.5131628787878788,0.005206672352459129,0.4375,0.5625
2023-04-19,17618.75,-0.0023442830162407,-0.0117371550370204,-0.0058429648908541,0.0149195696942641,0.0372757162058348,1.006712403995553,1.0046030620924469,1.0048058000055546,55.82355226485184,-0.0117371550370204,0.0397578754674172,-0.0003850919216186,0.0089354919424314,0.0060754453994894,1.1023005384238864,50.0,0.36,0.66,0.78,0.82,0.64,0.6,0.52,0.1,0.3,-0.002471399493122,0.0066501284285866,0.0411114306426744,55.465021206335614,0.9208116804180244,0.0184816520061603,0.0038357144368396,17624.44921875,0.0003234746363958,1.0,-0.0029403107210744395,-0.0008272149753189065,0.37064393939393936,0.6137310606060606,0.003688582948472951,0.375,0.625
2023-04-20,17624.44921875,0.0003234746363958,-0.0046535884385312,-0.0105517037430801,0.0130128622077589,0.0306664842232513,1.0063634940659794,1.004733854947325,1.0050795168448208,56.04150311223009,-0.0114174770725824,0.0400942107681239,0.0011266184817311,0.0086393831392844,0.005972200894674,0.8753688065927357,50.0,0.52,0.52,0.76,0.78,0.64,0.58,0.56,0.14,0.12,0.0008131797930172,0.0016655467141347,0.034953804288816,56.229134695997686,0.7794986890901838,0.0183297693550612,0.0042873200655646,17624.05078125,-2.260708945023282e-05,0.0,0.0013676939558421438,-0.003923031671462192,0.5574810606060606,0.44251893939393944,0.003620734792842348,0.5625,0.5625
2023-04-21,17624.05078125,-2.260708945023282e-05,-0.0020441280836522,-0.0114398260461072,0.003816130672217,0.0374167300045378,1.00573340053203,1.0045255541191134,1.005006226659753,56.020694370415846,-0.0114398260461072,0.0400706972652644,0.0008681565625165,0.0084825284568422,0.0056802560232856,0.9390360806869404,50.0,0.5,0.38,0.8,0.7,0.64,0.58,0.56,0.12,0.2,0.0005800293878376,-0.0029401243415865,0.0423193984978458,54.39213933088244,0.8524856963768213,0.0181488207164402,0.004902668493308,17743.400390625,0.0067719737565652,1.0,-0.0033623258354218734,-0.007164140418183873,0.4143939393939394,0.5543560606060606,0.0034833235359942303,0.4375,0.5625
2023-04-24,17743.400390625,0.0067719737565652,0.0070748714083008,0.0020642170717171,0.0081964183951084,0.0371708543402016,1.0113359720184425,1.010879099705382,1.0116931947537056,60.72502118324636,-0.0047453224913057,0.0471140287321174,0.0047378438156133,0.0082501515473237,0.0056690913650637,1.0411449744498056,50.0,0.7,0.54,0.88,0.74,0.66,0.56,0.56,0.24,0.12,0.0042429987716029,0.0009489661995515,0.0400827741600346,57.58323636743262,0.7832748212075299,0.0181417053811293,0.002911919819833,17769.25,0.0014568576938982,1.0,0.005766809286846095,-0.0015982061165240144,0.6892045454545455,0.31079545454545454,0.004818434622638901,0.75,0.75
2023-04-25,17769.25,0.0014568576938982,0.0082159039101177,0.0061777282164547,0.0082386972525336,0.035993073380512,1.0115752859021574,1.01186167650979,1.0130343642620128,61.68107018897525,-0.0032953780569889,0.0486395248612645,0.0010229375556778,0.0073927857288574,0.0056668408712687,1.1418040811625365,50.0,0.64,0.6,0.86,0.78,0.7,0.56,0.56,0.22,0.2,0.0015633916323727,0.0038551100917629,0.0394448965381277,59.20634897523354,0.9443144491014376,0.0178211723090572,0.0034518231576157,17813.599609375,0.0024958627615121,1.0,0.003095902499677271,0.0038174490230595947,0.7226325757575758,0.2773674242424242,0.0029342383091139337,0.8125,0.8125
2023-04-26,17813.599609375,0.0024958627615121,0.0107551226717219,0.0110592186945726,0.0051516351771658,0.0431401016518453,1.0127400699913445,1.013815148116671,1.0154055200884595,63.33033951330277,-0.0008077401068543,0.0512567852016156,-0.0001096961745712,0.0073793925096196,0.0054790553780321,0.8921904616032624,50.0,0.68,0.64,0.88,0.82,0.68,0.58,0.52,0.3,0.04,0.002271355226626,0.0071706007662978,0.0470481995105724,59.63662001399739,0.8728093617475845,0.0179979561353669,0.0039080978587271,17915.05078125,0.0056951528101938,1.0,0.0024908072812936284,0.009328720811461619,0.7225378787878789,0.2774621212121212,0.003374376990794286,0.75,0.75
2023-04-27,17915.05078125,0.0056951528101938,0.0096740414377221,0.0164885471819931,0.0057628611738946,0.0572438532360919,1.0167156699821622,1.018806338059725,1.0209731579727297,66.84570115918919,0.0,0.0568292033777033,-2.8068442704642926e-05,0.0071829022827256,0.005011034200118,0.9219898787357969,50.0,0.8,0.84,0.92,0.88,0.76,0.62,0.56,0.34,0.08,0.0060044056709509,0.0131355413615459,0.0644752874486974,60.72659441738031,0.8944591192137155,0.0177192164880427,0.0072314342126055,18065.0,0.0083700136036979,1.0,0.005885218046564023,0.013812389900588945,0.7735795454545454,0.22642045454545454,0.004033300846171565,0.8125,0.8125
2023-04-28,18065.0,0.0083700136036979,0.0166439213810374,0.0250197428629246,0.0132936953107472,0.0635417339816422,1.0227684566553925,1.026233728520445,1.029216417210379,71.2350365822212,0.0,0.0656748781867599,0.0019731794124746,0.007392150678601,0.0051615581250471,1.09373822620752,50.0,0.82,0.9,0.94,0.88,0.82,0.64,0.58,0.54,0.14,0.0072023167632664,0.0282614550950994,0.0780667001234358,62.91505198033698,1.1470244803111465,0.0178139210658099,0.0145249661417936,18147.650390625,0.0045751669319125,1.0,0.012356222836846474,0.029859478130309106,0.8464962121212121,0.15350378787878788,0.0045720111590902834,0.9375,0.9375
2023-05-02,18147.650390625,0.0045751669319125,0.0187525704279438,0.0227831188554812,0.0248943652300868,0.07055051864961,1.024768969588781,1.0296800214876545,1.033576355217618,73.33085387580212,0.0,0.0624653100093102,0.0033103117215609,0.0074336598357173,0.0050273467118444,0.9942265876883856,50.0,0.62,0.88,0.92,0.92,0.84,0.72,0.62,0.26,0.18,0.0067577824566147,0.0273589201298937,0.0836043996335137,64.00181395654633,0.9532181081881378,0.0180409464963793,0.0130538809839036,18089.849609375,-0.0031850283648763,0.0,0.005631732526312761,0.029707866774473256,0.6388257575757575,0.36117424242424245,0.005324881298534687,0.6875,0.6875
2023-05-03,18089.849609375,-0.0031850283648763,0.0097570936448556,0.0180423827328108,0.0243315718861663,0.0590813278602333,1.0194171828895413,1.025338915511541,1.0299740157577562,69.51625028616402,-0.0031850283648763,0.0420570347715261,-0.0018652337160124,0.0073806158035454,0.0051329360062288,0.8674809687254319,50.0,0.38,0.9,0.88,0.86,0.82,0.66,0.6,0.14,0.1,-0.0022111253144206,0.0212967394199768,0.0717539241723211,62.79795459329286,0.7817318848130412,0.0182824205441742,0.0126725963120878,18255.80078125,0.0091737176073036,1.0,-0.007035743370295586,0.019209158021092576,0.3014204545454545,0.6985795454545455,0.0025795947844348527,0.3125,0.6875
2023-05-04,18255.80078125,0.0091737176073036,0.0105619031967894,0.024823796513439,0.036157547002483,0.0516165717392242,1.025957998284133,1.0333371092575627,1.0390151364834008,73.73992054312517,0.0,0.0493014999659848,-0.0004892030373991,0.0076744656289685,0.0043324849214148,0.8752752134111013,50.0,0.72,0.92,0.88,0.96,0.86,0.76,0.72,0.32,0.04,0.0071646198251164,0.0280137272208915,0.0678620676147272,65.23923155218893,0.7697086239367935,0.0178904878702038,0.0162454958755029,18069.0,-0.0102324068655403,0.0,0.008140870097052187,0.024861807162507556,0.7355113636363637,0.23323863636363637,0.0033799480126361922,0.75,0.75
2023-05-05,18069.0,-0.0102324068655403,-0.0043339159027236,0.0085932895546756,0.0252235275969394,0.038564620093711,1.013967034934906,1.0218513874710742,1.028093153721165,63.135680877586935,-0.0102324068655403,0.0291591808401405,-0.0075866296778528,0.0081010917722144,0.0051892544180392,0.9241802093574693,50.0,0.4,0.8,0.82,0.82,0.76,0.66,0.66,0.2,0.18,-0.0024733322838461,0.0157759862304117,0.062373066677841,61.89402920882739,0.8031305565168897,0.018178248055635,0.0238084465841299,18264.400390625,0.0108141231183243,1.0,-0.0004466624867379529,0.018432574614994833,0.5155303030303031,0.484469696969697,0.005382070071626603,0.5,0.5
2023-05-08,18264.400390625,0.0108141231183243,0.0096491007398724,0.0110379402504843,0.0363338495402123,0.0402886349300994,1.022504267842965,1.0315708121767702,1.0388057792032854,68.2750441687555,0.0,0.0378001201895732,0.0028556981224749,0.0077367554170158,0.0053239068472381,0.8840035607849208,50.0,0.82,0.8,0.86,0.9,0.88,0.76,0.72,0.36,0.06,0.0102287741305446,0.0170083871709315,0.0667220272289297,64.2294798785065,0.8730343340363832,0.0172665992711886,0.0264333922988302,18265.94921875,8.480038171931881e-05,1.0,0.006137908920940314,0.012270147255425487,0.7760416666666666,0.22395833333333334,0.004728694619097221,0.8125,0.8125
2023-05-09,18265.94921875,8.480038171931881e-05,0.0005559020730783,0.0065186856468268,0.0294503204921812,0.0378881260359136,1.0203955734981658,1.0303790725496371,1.0384919701107485,68.31275360885398,0.0,0.0367335491308975,0.0021353014150971,0.0075724398268501,0.0053396879784008,0.9493046556159456,50.0,0.54,0.68,0.86,0.92,0.9,0.78,0.76,0.2,0.16,0.000401693868602,0.0113914718913413,0.0669830365356412,64.60984255496166,0.8563698090091776,0.0169765029383203,0.0290949104997275,18315.099609375,0.0026908205008338,1.0,-0.0007712372477619815,0.005991687822398848,0.49081439393939397,0.4883522727272728,0.0031958314507018314,0.5,0.5
2023-05-10,18315.099609375,0.0026908205008338,0.0136199905570313,0.0124517342522993,0.0307187759401774,0.0392105558876507,1.0208913009061005,1.0318102181323587,1.0408587708103585,69.54969503691608,0.0,0.039523213018801,0.0026087004871384,0.0076632679383931,0.0053415273396626,0.8586782974414892,50.0,0.72,0.76,0.84,0.92,0.9,0.78,0.68,0.22,0.04,0.0026472053044019,0.019720178208283,0.0615607730441574,64.5913722652574,0.7176179777768275,0.0169700830531185,0.0223502171565066,18297.0,-0.0009882342854272,0.0,0.0008294060369376981,0.014061065529315943,0.6089015151515151,0.3910984848484848,0.0025553326765016,0.625,0.625
2023-05-11,18297.0,-0.0009882342854272,0.0017848715905139,0.0022567741203833,0.0271365923353634,0.0324280253361926,1.0179548585323404,1.0295473977628695,1.0394182162749326,68.48942841918696,-0.0009882342854272,0.0384959205391983,0.0023314736357284,0.0077457992235261,0.0053078669359295,0.979844106763247,50.0,0.54,0.7,0.84,0.84,0.86,0.72,0.66,0.2,0.16,0.0008703117626743,0.0152025598156153,0.0581241803005867,64.34579243108482,0.8278307086414582,0.0170974816899629,0.0256961549643941,18314.80078125,0.0009728797753729,1.0,0.0024874865985325756,0.0083914875626297,0.5823863636363636,0.41761363636363635,0.005067784530439694,0.6875,0.6875
2023-05-12,18314.80078125,0.0009728797753729,0.0026744606543553,0.013603452390835,0.0223136403508485,0.0282050919363694,1.0171100291543236,1.0293159022003242,1.0400110664252076,68.9901247645293,-1.6315943203837335e-05,0.0395062522170983,-0.0012707001147729,0.0078901745736906,0.0052455022069346,0.949835930285108,50.0,0.46,0.74,0.78,0.84,0.82,0.72,0.64,0.12,0.26,-0.0021853078761142,0.0135871087572476,0.055120979515924,62.08118552632692,0.8585868250172216,0.0174381350209115,0.0269158875795546,18398.849609375,0.0045891205221868,1.0,-0.005583224353404009,0.0032024157383626914,0.31202651515151514,0.6879734848484849,0.004654436171488552,0.25,0.75
2023-05-15,18398.849609375,0.0045891205221868,0.0045727297031532,0.0073612719757836,0.0184804655065042,0.0320198344948956,1.01966282393418,1.0326610735817277,1.0443184438371054,71.30832687774925,0.0,0.0442766716920894,0.0013377158885115,0.0079667156985276,0.0052913109231722,0.8610247828512232,50.0,0.7,0.64,0.8,0.8,0.82,0.74,0.62,0.2,0.06,0.0043001786002153,0.0065119026760454,0.0516741444444772,62.28189322647052,0.7932290332333546,0.017567506247077,0.0196543099495816,18286.5,-0.0061063388070606,0.0,0.001434371325477662,-0.0016198452021323594,0.6631628787878787,0.3368371212121212,0.004177985887689946,0.6875,0.6875
2023-05-16,18286.5,-0.0061063388070606,-0.0005738645679619,0.0011250869584649,0.0076511066934994,0.0327359413680286,1.0121412218541612,1.0252956101556792,1.037549778354574,64.38002205151983,-0.0061063388070606,0.0378999645264277,0.0018207660104427,0.0083179943317865,0.0052357774014308,0.8992768912469017,50.0,0.38,0.48,0.84,0.76,0.8,0.74,0.64,0.1,0.18,-0.0031811721002825,-0.0021514497161498,0.0432702288208703,59.43684581867417,0.8106153085062577,0.017585546126029,0.0105342874528417,18181.75,-0.0057282694884204,0.0,-0.004217612587056467,-0.005142307275166816,0.32623106060606055,0.6737689393939394,0.003824108334039299,0.1875,0.8125
2023-05-17,18181.75,-0.0057282694884204,-0.0072646589411015,-0.0072808563545426,0.0050802186093008,0.0295354001997567,1.005735805250659,1.0186465738280446,1.0312820839836554,58.65762049448665,-0.0117996295412066,0.0319545938275984,0.0007628151231782,0.0086688090147302,0.0054108976587353,0.9475137552290478,50.0,0.28,0.38,0.78,0.68,0.7,0.7,0.6,0.1,0.18,-0.0048760949592667,-0.005419147127064,0.0400194832950786,56.14234675515729,0.8461467764977026,0.0181791180103112,0.0104840830953218,18129.94921875,-0.0028490536527011,0.0,-0.003510401980054492,-0.009512590398120368,0.3301136363636364,0.6642045454545454,0.0025233581375716727,0.25,0.75
2023-05-18,18129.94921875,-0.0028490536527011,-0.014615065416263,-0.0091299547056894,-0.0068937848308061,0.029014499822632,1.002596327837591,1.0151176337886092,1.028053965050605,56.00648171699372,-0.014615065416263,0.0287050033944646,0.0058162718110192,0.0089246489313001,0.0054307677508092,1.1236140647905353,50.0,0.26,0.22,0.8,0.6,0.72,0.66,0.58,0.06,0.18,-0.0052756205000678,-0.0146295468651651,0.038469505582901,54.05286865582947,0.820800955270238,0.0186655196972929,0.009455005760269,18203.400390625,0.0040513721791914,1.0,-0.007477947569452767,-0.019201155688341208,0.20587121212121212,0.7941287878787879,0.00287626321714215,0.1875,0.8125
2023-05-19,18203.400390625,0.0040513721791914,-0.0045443146241762,-0.0060825335724671,0.0074381753624992,0.0328493199809656,1.0060202850803046,1.0184622026989447,1.0318881843379233,58.84674937470606,-0.0106229043064959,0.0328726702258121,0.0030999078484388,0.008707547603472,0.0054541691903831,1.067272095068622,50.0,0.6,0.26,0.8,0.6,0.76,0.68,0.64,0.22,0.12,0.0011571978587053,-0.0109261857238819,0.0420947005286774,55.67055813928832,0.8421504260583714,0.0183232000008109,0.0092453805477118,18314.400390625,0.0060977618257063,1.0,0.004059676895423988,-0.00984478473926059,0.5814393939393939,0.4185606060606061,0.003161363800194023,0.5,0.5
2023-05-22,18314.400390625,0.0060977618257063,0.0072957988436206,-0.0045899184211478,0.0027375659167909,0.0391708817651306,1.0109844457000114,1.0236820783364662,1.037786133193181,62.759604685499056,-0.0045899184211478,0.0321809792615455,-0.0001263929376176,0.008815264798139,0.0055276805610296,1.067154322869044,50.0,0.68,0.34,0.84,0.7,0.78,0.76,0.66,0.24,0.02,0.00360050310963,-0.0072170484079754,0.0482158100102688,58.916365747254765,0.6825877352259733,0.0178097865789816,0.0090449282451382,18348.0,0.0018346005688616,1.0,0.02060372698225476,0.009488881591569468,0.8076704545454545,0.19232954545454545,0.0032756149082254775,0.8125,0.8125
2023-05-23,18348.0,0.0018346005688616,0.0120271038059218,0.0033631367402182,0.0044920075199692,0.0340746190732668,1.011602230560294,1.0245331771514663,1.0392796177512502,63.87915465490702,-0.0027637385192327,0.0325703110710919,0.0026481893463914,0.008799509702303,0.0054093948906394,1.095579595640371,50.0,0.56,0.46,0.82,0.68,0.8,0.82,0.62,0.18,0.22,0.0015105142215126,-0.0014147953851255,0.0448146941613115,58.56264890992676,0.8319656702921522,0.0178659264887083,0.0107400750880447,18285.400390625,-0.0034117947119577,0.0,0.00959463827432135,0.025485633312822824,0.540340909090909,0.4596590909090909,0.0036130573547551387,0.625,0.625
2023-05-24,18285.400390625,-0.0034117947119577,0.0045046528802514,0.0057007928623482,-0.0016215701461321,0.0290473931440551,1.0073688596195254,1.020196011353666,1.03536567412882,60.24524557434696,-0.0061661039227253,0.0264854263930855,-0.0028994560033791,0.0085518969861466,0.0055287029193257,0.9549616126780802,50.0,0.56,0.6,0.82,0.72,0.8,0.8,0.64,0.06,0.1,0.00156018778326,0.0030483083140963,0.0402040618847219,59.20178240883017,0.780924607420288,0.0177903928532121,0.0111566687406667,18321.150390625,0.0019551116867164,1.0,-0.004307937774563108,0.02300728112438516,0.5111742424242425,0.4888257575757576,0.0029112074261962717,0.5625,0.5625
2023-05-25,18321.150390625,0.0019551116867164,0.000368562434807,0.0105461504369388,0.0013199098554408,0.0284923200464708,1.0084415012801111,1.0213018512613488,1.0370041235763847,61.589118717395465,-0.0042230476578497,0.0226680691187337,-0.0009023592400229,0.0082831499497517,0.0055246254359679,0.9679338571692344,50.0,0.56,0.74,0.8,0.76,0.8,0.84,0.64,0.24,0.1,0.0007824486009343,0.0080146977972536,0.0376645607256486,59.39354904717329,0.8864083517987988,0.0173657397588651,0.0091722406791777,18499.349609375,0.0097264208278746,1.0,0.004977569116500367,0.036304753391487615,0.6465909090909091,0.3377840909090909,0.0034018846332701212,0.6875,0.6875
2023-05-26,18499.349609375,0.0097264208278746,0.0082488341712994,0.0162579085445166,0.0100764856975095,0.0326149691262125,1.0164832802710533,1.0299738272031085,1.046600065259757,67.48866296704605,0.0,0.0240437093481871,0.002576214797852,0.0080854073220992,0.0057574389415537,0.8225018627369816,50.0,0.88,0.86,0.8,0.76,0.8,0.88,0.64,0.2,0.08,0.0075365235811245,0.0170068339678459,0.0438836878082831,63.364547581183416,0.788865407824685,0.0172942408815182,0.0112687186820705,18598.650390625,0.0053677985089635,1.0,0.007085877303961253,0.03874242735955609,0.8177083333333334,0.15104166666666666,0.003853366053674599,0.875,0.875
2023-05-29,18598.650390625,0.0053677985089635,0.017131153450739,0.0155205736435415,0.0108594170555202,0.0295405696443398,1.0198086861339626,1.0340628393423732,1.0516715737787783,70.23238311230047,0.0,0.0293126565180696,0.0064759455753671,0.008147087525537,0.0056094706012504,1.1038988058086798,50.0,0.7,0.86,0.78,0.82,0.82,0.88,0.6,0.28,0.08,0.0046703686933062,0.0181660844642562,0.0405767733315753,63.961082595193446,0.8041807907361681,0.0170700622606515,0.0110362036872355,18633.849609375,0.0018925684396833,1.0,0.005632510781457958,0.022600511129471666,0.7464015151515152,0.25359848484848485,0.004599518468557431,0.75,0.75
2023-05-30,18633.849609375,0.0018925684396833,0.0170676628968675,0.0155793334082734,0.018994865577065,0.0267913040137233,1.01962775086627,1.0345585145317775,1.0530996320871118,71.16144266864212,0.0,0.0312607011663623,0.0004301387375953,0.0080249351799331,0.0055632368017447,0.981615645546296,50.0,0.46,0.84,0.72,0.8,0.78,0.86,0.62,0.24,0.18,-0.000690246211167,0.0171631271250557,0.0352407373584501,63.76188672376082,0.9436328133419704,0.0169157251470007,0.0084494333447268,18534.400390625,-0.0053370195013254,0.0,-0.002270098938388207,0.011048120036025327,0.3553030303030303,0.6446969696969698,0.0024346799777247934,0.3125,0.6875
2023-05-31,18534.400390625,-0.0053370195013254,0.0018947034349918,0.0136174212585282,0.0193958442187909,0.024574597956835,1.012817615001892,1.0278666155633234,1.046984591843368,64.98983959014198,-0.0053370195013254,0.0257568426932868,-0.002127868983393,0.0081863115567967,0.0056749999234741,2.6553058462476886,50.0,0.36,0.8,0.74,0.78,0.78,0.86,0.6,0.34,0.6,-0.0039458859627334,0.0119383277228579,0.0369596058254482,62.46001121665262,2.4733184298408397,0.0178901020214156,0.0123850078686131,18487.75,-0.0025169624936233,0.0,0.0013222872690991812,0.016781078729690542,0.40558712121212115,0.5944128787878789,0.004348327027802129,0.4375,0.5625
2023-06-01,18487.75,-0.0025169624936233,-0.005962819252783,0.0090932941339889,0.0197353438188321,0.0127055077741771,1.0092813724031573,1.0242641060533704,1.0438887160898966,62.26202362331129,-0.0078405489170361,0.0231750511926502,0.0024279177665096,0.0080815986140436,0.0054095820143104,1.005089780704244,50.0,0.54,0.76,0.7,0.7,0.76,0.88,0.62,0.16,0.1,0.0010417566697732,0.0105853364805126,0.0350412882217558,61.466041807949786,0.7982094066374759,0.0172924254343943,0.0223357804475787,18534.099609375,0.0025070443604549,1.0,-0.0013989414748093497,0.010319574070481261,0.4836174242424242,0.5163825757575757,0.004759098514718365,0.375,0.625
2023-06-02,18534.099609375,0.0025070443604549,-0.0053531611605266,0.00187844441744,0.0181668925395013,0.0257401964345009,1.010674754868899,1.0257526492035285,1.0460217509173984,63.88400071090127,-0.0053531611605266,0.0222918655617097,0.0034130496883071,0.0077696435893462,0.004774015324763,1.0191298459454885,50.0,0.7,0.64,0.74,0.78,0.88,0.86,0.54,0.26,0.12,0.0042925293683595,0.0077657220063432,0.0308634475950984,62.64014625088343,0.8753772191801106,0.0168236901016173,0.0051232511605974,18593.849609375,0.0032237875731377,1.0,0.005115217781027424,0.00836903509114759,0.7424242424242424,0.25757575757575757,0.0035813061816462356,0.75,0.75
2023-06-05,18593.849609375,0.0032237875731377,0.0032075069868497,-0.0002581252482932,0.0152584421433228,0.0180377790512686,1.0125893020821413,1.0278880903713117,1.0488783983845116,65.91763274004524,-0.0021466310418152,0.0255875173740274,0.0042030847069363,0.0075066974806272,0.0042492529098349,0.9584580838323352,50.0,0.5,0.56,0.68,0.84,0.84,0.86,0.58,0.2,0.16,0.0005496679769233,0.0050524879704119,0.0293446386094905,61.73369208835391,0.9049410237471888,0.0167230862925149,0.0113068595582218,18599.0,0.0002769943144211,1.0,0.0019228482971816788,0.004604488832559422,0.4924242424242424,0.5018939393939394,0.0042078529282768345,0.5,0.5
2023-06-06,18599.0,0.0002769943144211,0.0060174980730483,-0.0018702313319877,0.0136799651188139,0.0182334231449698,1.011629835273615,1.027038121317614,1.0486558840798674,66.09485784801419,-0.0018702313319877,0.0258715992852813,0.0003738425350872,0.0071109723881084,0.0042475225598819,0.8301688160318833,50.0,0.56,0.64,0.68,0.82,0.84,0.84,0.58,0.18,0.16,0.0033328799787848,0.0072280519234961,0.0358362176940089,61.782860397277375,0.8416143027815643,0.0163117214848848,0.017602794549039,18726.400390625,0.0068498516385289,1.0,0.0032009298086697327,0.010147759931947638,0.6074810606060606,0.3925189393939394,0.0031008529810581265,0.6875,0.6875
2023-06-07,18726.400390625,0.0068498516385289,0.0103755124501829,0.0103591158037741,0.0241176015060682,0.0224569229773374,1.0167621643748883,1.0326932920560177,1.055252710076224,70.21997118677244,0.0,0.032898667540566,0.0035808166769719,0.0068627225585822,0.0044367658478882,0.9707034894569884,50.0,0.84,0.74,0.76,0.88,0.88,0.86,0.58,0.36,0.02,0.0076810865841862,0.0171812977644028,0.0453540995206503,64.28864798573633,0.9273413938081918,0.0161982742179865,0.0228971765433129,18634.55078125,-0.0049048192636628,0.0,0.009284788426702502,0.018268079428851412,0.8246212121212122,0.17537878787878786,0.004280977594980242,0.875,0.875
2023-06-08,18634.55078125,-0.0049048192636628,0.0021889588616699,0.0079404352206191,0.0171059340676209,0.0184484222140242,1.0106417546991104,1.0265159336546534,1.0495539171798898,64.1592942918283,-0.0049048192636628,0.0278324862586014,-5.611229216939684e-05,0.0069141872508749,0.0046174881417388,1.0617796390319831,50.0,0.22,0.7,0.78,0.78,0.8,0.84,0.7,0.14,0.24,-0.0056127851392664,0.0112571016030952,0.0334208893299141,61.48535512777414,0.8120884491803989,0.016276858374636,0.0149724671158899,18563.400390625,-0.0038181972541345,0.0,-0.005015798021515734,0.014604551870906337,0.22178030303030305,0.778219696969697,0.0057005335288752715,0.1875,0.8125
2023-06-09,18563.400390625,-0.0038181972541345,-0.0019140603997527,0.0015809120414556,0.0034623261142943,0.0135736998913744,1.0061329704020767,1.0216911350247233,1.0450728871644042,59.84997090016226,-0.0087042889503528,0.0239080190818583,0.0011457002438974,0.0068054358895259,0.0047375674351752,0.8250413822604944,50.0,0.32,0.56,0.78,0.66,0.8,0.84,0.66,0.1,0.22,-0.0032976512323081,0.002396878655331,0.0320826268551402,58.62573037100033,0.7572954902028877,0.0167016972287684,0.0185089269637658,18601.5,0.0020524046550352,1.0,-0.0028010347638929177,0.006615551354470594,0.33882575757575756,0.6611742424242424,0.003605795389669731,0.25,0.75
2023-06-12,18601.5,0.0020524046550352,-0.0066697490184781,0.0004114473756495,0.0001532159224002,0.0110142968135213,1.00741141754493,1.0228338926801812,1.0467260175397246,61.347100854009255,-0.0066697490184781,0.0260094926665499,0.0017049888468163,0.006670539002231,0.0046608800002502,0.6722720548304338,50.0,0.66,0.5,0.74,0.74,0.8,0.86,0.7,0.14,0.08,0.0033546727666445,-8.571705148546771e-05,0.0327320972645636,59.28024632374674,0.6632948829563576,0.0168341049812732,0.0217178004510422,18716.150390625,0.0061635024393194,1.0,0.003368830944009353,0.007969888994650624,0.6534090909090909,0.34659090909090906,0.0038879513700667474,0.75,0.75
2023-06-13,18716.150390625,0.0061635024393194,0.0043789415872104,0.006298746740416,0.0044167352949222,0.0234954961652038,1.0123074350431769,1.0279635069227313,1.0526205433082922,65.51436955542235,-0.0005473555935038,0.032333304677365,0.0016289428943903,0.0066210900413772,0.0045435265639916,0.8711569352609362,50.0,0.72,0.74,0.8,0.78,0.84,0.88,0.68,0.36,0.1,0.0045935192526097,0.008161254398817,0.0421020517658242,60.73619366397938,0.9495982588601628,0.017065879221777,0.0186065556006204,18755.900390625,0.0021238341844009,1.0,0.005624038465345291,0.010404878802223473,0.6750946969696969,0.324905303030303,0.002681707589360713,0.75,0.75
2023-06-14,18755.900390625,0.0021238341844009,0.0103698673707008,0.0015753160983766,0.0119507507840415,0.031578389903337,1.01306252642121,1.0289303040942217,1.0542806744750297,66.84885618169159,0.0,0.0345258094395344,0.0015200358063083,0.0063937915251579,0.0042453934643929,0.9707908565910904,50.0,0.54,0.52,0.86,0.8,0.84,0.86,0.74,0.24,0.08,0.0002949301741558,0.0005035298334876,0.0460318340213736,62.0483042784643,0.7524859864452212,0.016661878137249,0.0144534441180366,18688.099609375,-0.0036149041015322,0.0,0.003869914272776325,0.004967899381420757,0.6170454545454545,0.36732954545454544,0.003982928730393683,0.75,0.75
2023-06-15,18688.099609375,-0.0036149041015322,0.0046555175321882,0.00287363128597,0.0108368843896633,0.0307860978478506,1.0084975184789955,1.0241982363024402,1.0499422861079324,62.41246684454721,-0.0036149041015322,0.0266268503877784,0.0009889596201029,0.0061786717933933,0.004290509877779,0.978386220750716,50.0,0.44,0.7,0.84,0.74,0.8,0.84,0.74,0.2,0.26,-0.0007642707139576,0.0097252751437525,0.0500615016721571,63.91566714201512,0.984547414827034,0.0167388097214087,0.0192754038243064,18826.0,0.007379048352023,1.0,0.0015192907680104401,0.011586251221184226,0.5702651515151514,0.4297348484848485,0.0036347334628239127,0.5625,0.5625
2023-06-16,18826.0,0.007379048352023,0.0058692416486472,0.0141460941341124,0.0157493699061241,0.0342023795562749,1.014399386036574,1.0304725690502583,1.0570830652317884,67.18283804151498,0.0,0.0295645486468083,0.0018836143112883,0.0062652595764216,0.0044549690677098,1.012601844806147,50.0,0.76,0.76,0.8,0.72,0.82,0.88,0.74,0.44,0.12,0.0069835855150932,0.0228366286679778,0.0572036488988766,64.37804719414605,1.1339758106166031,0.0164424298901563,0.0230012693426017,18755.44921875,-0.0037475183921172,0.0,0.006631418726107871,0.02115623406751589,0.8260416666666666,0.14270833333333333,0.0038102985277264603,0.8125,0.8125
2023-06-19,18755.44921875,-0.0037475183921172,-2.405493021417904e-05,0.0082761722844932,0.0086910248695095,0.02408207851297,1.0095789130996873,1.025540637975088,1.052565268996709,62.79212981467257,-0.0037475183921172,0.0257062365648823,0.0025125242351002,0.0065757898039453,0.0044863905764511,0.8224047293884347,50.0,0.28,0.68,0.78,0.74,0.78,0.86,0.66,0.1,0.1,-0.0059296743527945,0.0105384183798817,0.0426642885961624,59.67164708987863,0.7291123183242696,0.0169887809914519,0.0185822100831923,18816.69921875,0.0032657175674986,1.0,-0.007209050103502562,0.010478689901057783,0.1940340909090909,0.805965909090909,0.003208023480818836,0.1875,0.8125
2023-06-20,18816.69921875,0.0032657175674986,0.0068813636518978,0.0053723028521595,0.0117048883676542,0.0255449759510573,1.0116353671050249,1.027725421114395,1.0554145303798437,64.93473572042606,-0.0004940391612663,0.0290559034407251,-0.0001652644700134,0.0066646549736391,0.0045084022340215,0.8005296509978247,50.0,0.7,0.64,0.78,0.76,0.8,0.9,0.66,0.22,0.08,0.0028209076620951,0.0115241855511557,0.0493679641127631,60.252737087435634,0.7628789479066529,0.0160237974779402,0.0238229881617058,18856.849609375,0.002133763746672,1.0,0.003994550684987,0.008722497962168802,0.7689393939393939,0.23106060606060608,0.003660499321572544,0.8125,0.8125
2023-06-21,18856.849609375,0.002133763746672,0.0016386704225539,0.0053822646019414,0.0069660594683913,0.0312516656207859,1.0124638737736087,1.0287113897867104,1.0570599984476858,66.30450581962575,0.0,0.0292393876655321,0.0017378803527037,0.0065190259750281,0.0043737200890117,0.8252077247031149,50.0,0.46,0.58,0.82,0.78,0.88,0.88,0.6,0.06,0.1,-0.0001404634312923,0.0048927258276532,0.0445235736838202,59.10783985594935,0.7250995647857764,0.0155253376581121,0.0132719080630342,18771.25,-0.0045394438174043,0.0,0.0024741521743605857,0.0073134646687842315,0.5128787878787879,0.4558712121212122,0.004320785678891905,0.5625,0.5625
2023-06-22,18771.25,-0.0045394438174043,0.0008424634923809,0.0044493764675401,0.0073357936209306,0.0245672132905647,1.007113201709848,1.0230770466740982,1.0517146263146675,60.84720503911501,-0.0045394438174043,0.0153344782355884,-0.0001723511650845,0.0066697623645582,0.0045782860408957,0.955712718883552,50.0,0.22,0.42,0.76,0.68,0.86,0.86,0.62,0.06,0.24,-0.0063061282985914,-0.0062988780570444,0.0326249782782773,58.18383525186104,0.7113569653043724,0.0160912723726284,0.0080577649877126,18665.5,-0.0056336152360657,0.0,-0.007078112536429329,-0.0012962049206135854,0.20918560606060604,0.7908143939393939,0.003356871985031015,0.125,0.875
2023-06-23,18665.5,-0.0056336152360657,-0.0080353741637819,-0.0085254435355359,0.0055000488717877,0.0089814179489207,1.0013022383825478,1.016623179985167,1.0453134065257164,54.84183089191824,-0.0101474855736171,0.0096144744492974,-0.0015662457548112,0.0067768131594002,0.0043600971551514,0.7947019867549668,50.0,0.2,0.22,0.66,0.52,0.74,0.84,0.58,0.12,0.16,-0.0066589108016801,-0.0160411769599089,0.0196809761764229,54.42899341783773,0.7105676013558513,0.0163185277857778,0.0106995582275022,18691.19921875,0.0013768299134766,1.0,-0.011529604243717535,-0.01918154020047106,0.22803030303030303,0.771969696969697,0.004873666262923479,0.125,0.875
2023-06-26,18691.19921875,0.0013768299134766,-0.0087846270218246,-0.0034256710810087,0.004822149759428,0.0049761045119516,1.0024249220057138,1.017303886862104,1.0462659021317946,55.97889411465307,-0.0087846270218246,0.0110045418587982,0.0009027140647184,0.0067071201176761,0.0042122990302779,0.6580741822093313,50.0,0.7,0.38,0.64,0.6,0.8,0.84,0.6,0.12,0.02,0.0035239566984335,-0.005492467206869,0.01544592826109,55.93231951665446,0.6697731132425224,0.0162412615980398,0.0104698237491384,18817.400390625,0.0067519034171119,1.0,0.006553105312979569,-0.005896251423104341,0.6850378787878788,0.2993371212121212,0.003229148898526255,0.6875,0.6875
2023-06-27,18817.400390625,0.0067519034171119,0.0024585677898381,3.726327698871934e-05,0.0054097663187573,0.009850395119517,1.0083103794783663,1.0232026835027697,1.0527715366660648,61.151934139302185,-0.0020920365579193,0.0178307468796905,0.0030683725441473,0.0066549317666318,0.0044453245387871,0.8567248084401833,50.0,0.76,0.42,0.68,0.62,0.8,0.86,0.6,0.16,0.04,0.0044397283075504,-0.0035027532719023,0.0244017685142838,59.71407110999449,0.7422602627665612,0.0161246279571479,0.0145513733947668,18972.099609375,0.0082210728123248,1.0,0.0034445283223954104,-0.006419900641686942,0.70625,0.29375,0.002927624354632989,0.75,0.75
2023-06-28,18972.099609375,0.0082210728123248,0.0164260056990168,0.0061118374695368,0.0115269975979432,0.0236155046575661,1.0149951355383944,1.0303371111837476,1.0607780916022014,66.36908078280072,0.0,0.0261984075604115,0.0048226640298949,0.0067194462380547,0.0045411622826193,1.628918615337486,50.0,0.84,0.54,0.76,0.82,0.88,0.86,0.62,0.6,0.1,0.0066128434679544,0.0017169012134853,0.036055302400774,60.58438377068658,1.213799571456745,0.0158248707669461,0.0124397977432079,19189.05078125,0.0114352747635688,1.0,0.013838263137352341,0.004696688331360378,0.9246212121212121,0.07537878787878788,0.0038423096613268677,1.0,1.0
2023-06-30,19189.05078125,0.0114352747635688,0.0266356137278009,0.0222574831857227,0.0268058915751763,0.0379332683128017,1.0240075476265642,1.0404008303723895,1.0721305964083734,72.04006418344152,0.0,0.0353376309439767,0.0055212655508216,0.0070467926059605,0.0049929433132007,1.0162335000409937,50.0,0.82,0.92,0.84,0.94,0.96,0.9,0.56,0.46,0.08,0.0067817024000447,0.0178816180790648,0.0449551542923399,63.39371339328993,1.0335196758600715,0.0159965961897012,0.0070218859795382,19322.55078125,0.0069570924336936,1.0,0.006707794114560522,0.018626979120822583,0.781344696969697,0.218655303030303,0.004091365266267527,0.8125,0.8125
2023-07-03,19322.55078125,0.0069570924336936,0.0268448553008773,0.0352013490798532,0.0263757984303623,0.0425405705425356,1.0280834772518286,1.045685449860902,1.0787352194571067,74.85037934108092,0.0,0.0408950070919329,0.0029938541205036,0.0073019672985144,0.0051201207123903,0.9354571783202316,50.0,0.48,0.98,0.8,0.94,0.96,0.88,0.5,0.26,0.06,-0.0008821290814022,0.0312981095830243,0.0431810407415041,61.8702139915338,0.8771023034904405,0.0162662645569455,0.0006404701989685,19389.0,0.0034389465191355,1.0,0.0013425429975483841,0.032017454666042756,0.3918560606060606,0.6081439393939394,0.004933864968338045,0.375,0.625
2023-07-04,19389.0,0.0034389465191355,0.0219743939368202,0.0373331198861763,0.0337795578160098,0.0427641616625793,1.028521779297273,1.0472575677550051,1.081557678956313,76.13611952610918,0.0,0.0444745893533573,0.0043497791299147,0.0073018091075204,0.0051228367499784,0.9444721944721944,50.0,0.6,0.9,0.86,0.94,0.94,0.9,0.48,0.2,0.06,0.0016906375722272,0.0282618988929508,0.0388552175297474,62.42407343746015,0.7684691764851594,0.0167387671353422,-0.0039089441328319,19398.5,0.0004899685388621,1.0,0.001117460663925458,0.02647817293389522,0.562689393939394,0.43731060606060607,0.006260544598741761,0.5625,0.5625
2023-07-05,19398.5,0.0004899685388621,0.0109150380150464,0.0308809717236238,0.0309193857268155,0.0429861820527985,1.0261889724715128,1.045811509114814,1.0812044888839178,76.32248961998944,0.0,0.0449863490417814,0.0008741667311362,0.0073067050701637,0.0051190494710036,0.9333666084352384,50.0,0.6,0.9,0.86,0.96,0.94,0.9,0.56,0.18,0.14,0.0020375136594793,0.0299645796372839,0.0482599807723727,64.50621098361509,0.8566828371316366,0.0174904060040847,0.0052737987195741,19497.30078125,0.0050932175812563,1.0,0.004491036102636204,0.02756677609826142,0.6778409090909091,0.3221590909090909,0.007859772482278097,0.875,0.875
2023-07-06,19497.30078125,0.0050932175812563,0.0090438370160512,0.0276828175420011,0.0339638478930535,0.0411665015456432,1.0283388279215635,1.0490343066900545,1.085774493458224,78.2269659017742,0.0,0.050308691886894,-0.0006598851070959,0.0073215191216801,0.0050481863982224,1.1140638624756052,50.0,0.7,0.86,0.86,0.96,0.96,0.88,0.54,0.48,0.18,0.0037295843910996,0.0250621408431384,0.0441668865841503,65.69447109027107,1.0576136464022392,0.0177012145504449,0.003000385038507,19331.80078125,-0.0084883544577184,0.0,0.005743553624760715,0.019533939024275214,0.7668560606060606,0.2331439393939394,0.005287389851483421,0.75,0.75
2023-07-07,19331.80078125,-0.0084883544577184,-0.0029500860668419,0.0074391381641183,0.0298621978424451,0.0374170543838152,1.0177092377100698,1.0384954358460887,1.0757385874963936,68.31463906338352,-0.0084883544577184,0.0413932994201353,-0.0038210417347432,0.0075445578010672,0.0053612161675607,0.9947138781674778,50.0,0.14,0.66,0.88,0.86,0.92,0.86,0.52,0.08,0.32,-0.009441705172469,0.0053216759972213,0.0408810227715739,60.20197720255105,0.9681276364101248,0.0182478176939153,0.0034639683877586,19355.900390625,0.0012466303397029,1.0,-0.010491877401229446,0.0021030878866651528,0.16969696969696968,0.8303030303030303,0.003533517261094653,0.1875,0.8125
2023-07-10,19355.900390625,0.0012466303397029,-0.0021960259491713,0.0017259423847579,0.0369880469649888,0.0426915319027558,1.0171395431866626,1.038170101010654,1.0762541902743092,68.93198601494427,-0.0072523059582165,0.0405558901499878,0.0035459101250145,0.007337554401086,0.0051963680299491,1.1143426956955294,50.0,0.32,0.58,0.86,0.78,0.92,0.86,0.48,0.12,0.2,-0.0036463237540215,0.0053905471258171,0.0375037234941819,58.91133292031765,0.8205289964339247,0.0184485105872938,-0.0051878084085739,19439.400390625,0.0043139300324381,1.0,-0.0012433559613633475,-0.0005581317317775881,0.3654356060606061,0.6345643939393939,0.004645295376568671,0.375,0.625
2023-07-11,19439.400390625,0.0043139300324381,-0.0029696618662559,0.0025994321844859,0.0400295969840418,0.0450447754549363,1.0194373312998202,1.040907778207365,1.0800277115345969,71.03754393644522,-0.0029696618662559,0.0414615408440706,0.003678424527566,0.0072331008175001,0.005219710817727,1.028779629098948,50.0,0.7,0.62,0.84,0.86,0.92,0.86,0.5,0.28,0.2,0.0068880068681386,0.0048093297001113,0.0445652755981113,61.66313229090876,0.9919196936996044,0.0185156595441609,-0.000479499856825,19384.30078125,-0.0028344294714754,0.0,0.006179339833203561,0.004538148618101969,0.7753787878787879,0.2246212121212121,0.003869377121835102,0.8125,0.8125
2023-07-12,19384.30078125,-0.0028344294714754,0.0027157325173203,-0.00073197508828,0.0301263925333403,0.0356991355957301,1.0149482681640023,1.0364146689306108,1.0761423013806342,67.77346883003979,-0.0057956740406174,0.0385095915592939,0.0029861429343776,0.0074928029220535,0.0052494629302831,1.3168410272886086,50.0,0.36,0.34,0.82,0.8,0.92,0.84,0.44,0.24,0.26,-0.0017807250788424,-0.0045227358106653,0.0307847646255808,60.03840398980557,1.0165350355035327,0.0184341866197508,-0.0049143709701492,19413.75,0.0015192303855748,1.0,-0.0024898102925663187,-0.0024392228297501575,0.33835227272727275,0.6616477272727272,0.0032892606945401776,0.375,0.625
2023-07-13,19413.75,0.0015192303855748,0.0029887325418878,-0.0042852486191498,0.0232789411672054,0.0350742750640657,1.01489631776542,1.0364451531725147,1.0769437599079208,68.60381470150651,-0.0042852486191498,0.0400873268865018,0.0057210439907777,0.0076860032814555,0.0052490495036783,1.2344157006223777,50.0,0.34,0.28,0.74,0.7,0.82,0.86,0.44,0.24,0.22,-0.0024597975831608,-0.0091119014475599,0.0288042776994978,59.7355362342123,0.9557365713855432,0.0184115961822074,-0.0062699973645679,19564.5,0.0077651149314275,1.0,-0.005293044169911934,-0.013243290068673284,0.20104166666666667,0.7989583333333333,0.0043249147107009694,0.1875,0.8125
2023-07-14,19564.5,0.0077651149314275,0.0064353635843279,0.0120371206688461,0.0195658046367179,0.0468961750495673,1.0205632494977563,1.042673975825109,1.084385904161168,72.50870544369303,0.0,0.0481637245184967,0.0041052974695769,0.007836523388298,0.005255023765898,1.151602633816463,50.0,0.64,0.6,0.76,0.74,0.92,0.96,0.4,0.28,0.12,0.0046922213173458,0.0093493789906402,0.0360997335294326,60.24239447504066,0.8927827854414563,0.0185800341401697,-0.0107964415201347,19711.44921875,0.0075110132510414,1.0,0.006779160125541726,0.0040012929902331325,0.68125,0.303125,0.0038599403207111183,0.75,0.75
2023-07-17,19711.44921875,0.0075110132510414,0.0168769790147109,0.0183690151813971,0.0201266614280231,0.047033316623287,1.0254717850821715,1.0484289866297265,1.091525769033769,75.68357814449871,0.0,0.056036496142616,0.0024355537133584,0.0081170957653355,0.0052618056322392,1.0634845246576428,50.0,0.62,0.64,0.78,0.9,0.92,0.96,0.36,0.34,0.08,0.0022148102449804,0.0139529725914397,0.0306345733041575,60.741121541550335,0.8461199878899147,0.0188083351537667,-0.0163987433191294,19749.25,0.0019177068530324,1.0,0.0032272183603317688,0.008441838860308536,0.6104166666666666,0.38958333333333334,0.004471912959645356,0.625,0.625
2023-07-18,19749.25,0.0019177068530324,0.017281565900457,0.0159392575464638,0.0185801227500128,0.0529873088966852,1.024760460754234,1.0483658751083451,1.092601202177729,76.43740637287132,0.0,0.0580616645683211,0.0038582034433904,0.0080697289137562,0.0050672204912086,1.1187937028790187,50.0,0.4,0.52,0.84,0.82,0.92,0.96,0.32,0.2,0.22,-0.0015175748334889,0.0029188556698558,0.026591213454217,57.81638333016271,0.8746517765069254,0.0192297131227335,-0.0263960954424682,19833.150390625,0.0042482823714824,1.0,-0.001795071058018684,0.0009067058623998796,0.41041666666666665,0.5895833333333333,0.003365524373532722,0.3125,0.6875
2023-07-19,19833.150390625,0.0042482823714824,0.013731523454471,0.0231553159662669,0.0224063917635384,0.054018569360037,1.026268341385689,1.0506433708077347,1.0961822247114852,78.06295074196608,0.0,0.0625566092858482,0.0027190510399128,0.0077849302828531,0.0050787942568076,1.0050504073221231,50.0,0.66,0.64,0.84,0.86,0.92,0.96,0.32,0.18,0.08,0.0019178316142582,0.0099420216593049,0.0269333496093751,59.64272218879338,0.8337518869180793,0.0194780118700789,-0.0270852197506619,19979.150390625,0.0073614124394989,1.0,0.00347565189536864,0.00682259235724179,0.6552083333333334,0.34479166666666666,0.0036772621934871696,0.625,0.625
2023-07-20,19979.150390625,0.0073614124394989,0.0135809989871447,0.0291237082287039,0.0247136572790824,0.059516876068844,1.0305036160566927,1.0559601621678711,1.10310738768924,80.57439654289637,0.0,0.0703785267271168,-7.316900474296784e-05,0.0077418039383271,0.0051844556244935,1.0514631298922508,50.0,0.72,0.82,0.84,0.88,0.94,0.96,0.34,0.24,0.08,0.0029775957891297,0.0183470297336931,0.0436953816064151,61.40898165424951,0.8234286722779159,0.0190804959023133,-0.0158214944624288,19745.0,-0.011719737128305,0.0,0.004013846606648815,0.015746630933059513,0.6739583333333333,0.3260416666666667,0.004143007455962696,0.75,0.75
2023-07-21,19745.0,-0.011719737128305,-0.0002151980454954,0.0092258938383296,0.0213740677045857,0.0518745421855231,1.0166422853556192,1.0418039359074915,1.0892019116048286,67.27259421859355,-0.011719737128305,0.0578339717660925,-0.0089443829382681,0.0082789381579423,0.0059232617534104,1.1826146190088744,50.0,0.24,0.56,0.84,0.72,0.88,0.94,0.4,0.12,0.32,-0.0033593319800668,0.0021894226708377,0.0453246995781932,57.96223728958592,0.8868263633082923,0.0194400803767064,-0.0065498426073298,19672.349609375,-0.0036794322929856,0.0,-0.0037211394504140308,0.005170916426784989,0.2520833333333333,0.7479166666666667,0.005668762966053719,0.1875,0.8125
2023-07-24,19672.349609375,-0.0036794322929856,-0.0081076772011978,-0.0019835989196475,0.0163489795030806,0.053941743289759,1.0116585681096917,1.036427400143551,1.0842751223983864,63.75569316105184,-0.0153560474420355,0.0524926399393765,0.0001746882122055,0.0082742883444276,0.0057959353467024,0.9947751830558624,50.0,0.56,0.58,0.86,0.74,0.88,0.92,0.5,0.14,0.12,0.0012778636780709,0.00363227793489,0.0554665682923478,55.74000828895082,0.815183150493204,0.0195638130421317,0.0015248250025887,19680.599609375,0.0004193703428323,1.0,0.0015094735633155963,0.003503091437036009,0.675,0.3125,0.005213384310757628,0.6875,0.6875
2023-07-25,19680.599609375,0.0004193703428323,-0.0149431169700835,-0.0034761011494107,0.012407749925575,0.0529340241386164,1.0109195166294342,1.035365353474076,1.0838160883765908,63.98594055848088,-0.0149431169700835,0.04587239474269,0.0028974678232047,0.0083847840716393,0.0058109074297677,1.3350667172236967,50.0,0.5,0.62,0.88,0.66,0.82,0.9,0.42,0.2,0.24,0.0003264535831886,0.011055732387889,0.0505766137165195,58.27649902030775,0.9353268010703732,0.0192787568220027,-0.0023574104220969,19778.30078125,0.0049643391875346,1.0,0.002944072003373202,0.008242524304580393,0.534375,0.465625,0.0033739753438932285,0.5,0.5
2023-07-26,19778.30078125,0.0049643391875346,0.0016865424791085,-0.002765552032567,0.0203257267025647,0.0510644600570719,1.0143982978114423,1.0388550977211506,1.088230684340047,66.68507363269528,-0.0100529604837074,0.0424940406425347,0.0026803045154615,0.0083643140769548,0.0057571584936184,0.880136678356263,50.0,0.66,0.62,0.88,0.72,0.88,0.92,0.52,0.18,0.1,0.0037688396921633,0.0069739872990618,0.0544892700946493,57.64151157218021,0.7629437904168607,0.0194334057611426,0.0034248100375773,19659.900390625,-0.0059863783008722,0.0,0.004248363023806578,0.008990749159926703,0.6739583333333333,0.3260416666666667,0.00393615242301045,0.875,0.875
2023-07-27,19659.900390625,-0.0059863783008722,-0.0006328282588098,-0.0159791579600804,0.0126791779344537,0.0362532769388437,1.0075268313589425,1.0313161903811343,1.0808372995604698,60.74364214001042,-0.0159791579600804,0.0245374101482434,0.0036706696989776,0.0085745488754409,0.0058902444792251,1.2185714805516137,50.0,0.34,0.44,0.72,0.58,0.8,0.86,0.44,0.18,0.34,-0.0051941117102601,-0.0045045634934424,0.0273475403784795,54.31685955612437,1.0171720908916546,0.0198545116531675,-0.0089057365603641,19646.05078125,-0.0007044597937843,0.0,-0.0036636301198892337,0.0013785563775861771,0.3104166666666667,0.6895833333333333,0.006401102931574322,0.25,0.75
2023-07-28,19646.05078125,-0.0007044597937843,-0.0017554763986226,-0.0050113557229678,0.0041683038794755,0.023815664735566,1.0061638226987997,1.0293548607635885,1.0792160007497522,60.069447694367,-0.0166723610795433,0.0167420959925184,-7.64961276567e-06,0.0086680367280058,0.0054542944224106,0.939463267603588,50.0,0.56,0.52,0.7,0.52,0.76,0.9,0.48,0.26,0.08,0.0019432493949753,0.0025697677292677,0.022252299231696,54.24478226435111,0.8138195218187997,0.0196251489734883,-0.00156336550387,19753.80078125,0.0054845628365591,1.0,0.0041601718443085274,0.009250542425709544,0.5791666666666666,0.42083333333333334,0.0034836520748505887,0.5625,0.5625
2023-07-31,19753.80078125,0.0054845628365591,-0.0012387312879388,0.004140388590704,0.0021485768007212,0.0223184819065644,1.01055785518984,1.0335817634304805,1.0842165729084092,63.46677071741972,-0.0112792388549586,0.0218293166154133,0.0010332268989334,0.0086784341428868,0.0053818293239291,1.058388924754322,50.0,0.72,0.58,0.68,0.56,0.8,0.92,0.48,0.24,0.12,0.0082082892969539,0.0037714843028788,0.0207063619044096,55.067679688969854,0.8867605070928801,0.0194646235412033,-0.0016121200021548,19733.55078125,-0.0010251191770254,0.0,0.008507220477045923,0.01645172093296346,0.7,0.30000000000000004,0.004156999148960181,0.625,0.625
2023-08-01,19733.55078125,-0.0010251191770254,0.003746223997153,0.002690526352143,-0.0007949273390128,0.0177704255634638,1.0086072586177233,1.031207036942517,1.0822102240718048,62.39239638648354,-0.0122927954679316,0.0207818197873039,0.0015287801615708,0.0084884426939785,0.0053730704762828,1.0553342186808323,50.0,0.44,0.52,0.62,0.62,0.92,0.92,0.5,0.14,0.12,-0.0012597573042174,0.003139527976689,0.0197343885948004,53.00656876833231,0.8455382548867106,0.0201548128076849,0.0019639630313366,19526.55078125,-0.0104897492749598,0.0,-0.002504547491283663,0.010749301630004674,0.3927083333333333,0.5916666666666667,0.007195423204166394,0.3125,0.6875
2023-08-02,19526.55078125,-0.0104897492749598,-0.0060826474150239,-0.0127285959893309,-0.0154589464273879,0.0066010661262467,0.9982147696224636,1.0195746764184048,1.0701036273653706,52.59170956025398,-0.0226535964005445,0.0100740744332978,-0.0039602802096445,0.0090440974384151,0.0059468928534238,1.017536490601701,50.0,0.14,0.34,0.46,0.38,0.72,0.88,0.46,0.06,0.42,-0.0098422754371373,-0.0093205545727199,-0.003369235771175,50.18289919690629,0.9964931663416972,0.0209245851604552,-0.0099703018974218,19381.650390625,-0.0074206854169113,0.0,-0.01015362296796003,-0.003888479618663808,0.14791666666666667,0.8520833333333333,0.004516120159054843,0.0625,0.9375
2023-08-03,19381.650390625,-0.0074206854169113,-0.0188394322057878,-0.0141531744551811,-0.0299061766050057,-0.005931610325067,0.9916755360411164,1.011532371812509,1.0615061467278033,47.02340692666681,-0.0299061766050057,0.0025786324791505,-0.003216173811419,0.0093313664585319,0.0060779888949635,1.0959522321738526,50.0,0.22,0.36,0.4,0.32,0.62,0.88,0.44,0.12,0.34,-0.0068022400744562,-0.0102586324874422,-0.0185473337938351,47.14665238083914,0.934736286361622,0.0203302454338104,-0.012615723468768,19517.0,0.0069833892701145,1.0,-0.005387192072044951,-0.005439462751164593,0.29583333333333334,0.7041666666666666,0.003485985505556625,0.25,0.75
2023-08-04,19517.0,0.0069833892701145,-0.0109737362348268,-0.0065687899663359,-0.0115472271461128,0.0095800293436514,0.998733881491164,1.0178540092784043,1.068186535879036,52.122671923274616,-0.0231316338077047,0.0083230232706212,0.0041869700974614,0.0092238297061536,0.0059617332543903,0.9674585264173372,50.0,0.6,0.44,0.46,0.46,0.68,0.92,0.44,0.22,0.16,0.0031682963618845,-0.0066640117127446,-0.0012112476858773,48.89090171466017,0.920541784145564,0.0203137051664323,-0.0107912770295287,19597.30078125,0.0041144018676027,1.0,0.004344097694012167,-0.0053343552221045126,0.715625,0.28437500000000004,0.004211962516544349,0.75,0.75
2023-08-07,19597.30078125,0.0041144018676027,0.0036232717591853,-0.0079225259854066,-0.003814939730902,0.0124716694007127,1.002571608770548,1.0211591929351622,1.0718074211364534,54.896510277043056,-0.0191124047774413,0.0111265236075721,0.0030665373456473,0.0090919955466033,0.0060150429515368,0.7529591712582344,50.0,0.7,0.4,0.48,0.5,0.66,0.92,0.42,0.16,0.1,0.0035098834512662,-0.0043490671058298,-4.483865460080949e-05,52.355041936858726,0.7076697535268244,0.020308489188447,-0.0125165080553135,19570.849609375,-0.0013497354646058,0.0,0.005469795009342283,-0.008270553471799209,0.8166666666666667,0.15208333333333332,0.005138647741086214,0.9375,0.9375
2023-08-08,19570.849609375,-0.0013497354646058,0.0097617702794554,-0.0082449009647869,-0.0055765577359604,0.0067619996557812,1.0011022360971078,1.018990445364384,1.0696119217365696,53.79098027622814,-0.0204363435515051,0.0097617702794554,0.0015256405886572,0.0090205251709302,0.0059659521024639,0.903458688370963,50.0,0.38,0.34,0.48,0.54,0.64,0.92,0.44,0.22,0.18,-0.002142600658584,-0.0111010877411997,-0.0003147165223742,51.7679324767613,0.8926011396191507,0.020151346920888,-0.0070767161781555,19632.55078125,0.0031527078847637,1.0,-0.004363883164687372,-0.010153057347548601,0.290625,0.7093750000000001,0.005615733163696119,0.375,0.625
2023-08-09,19632.55078125,0.0031527078847637,0.0059205196111082,0.0054285060985672,-0.0073691871517179,0.012806755466781,1.0038512933501988,1.0213137596933846,1.0722054494558928,56.01609670857098,-0.017348065488192,0.0129452541743484,0.0004062762748526,0.0087904360955752,0.0059477286169732,0.9349400971776386,50.0,0.66,0.62,0.52,0.58,0.68,0.92,0.46,0.22,0.04,0.0031132216452096,0.0062231376608042,0.0017700539061868,54.03562996415111,0.761745530702387,0.0197061806715982,-0.0110367015605941,19543.099609375,-0.0045562684580157,0.0,0.006680579489714145,0.006622064305950088,0.68125,0.3125,0.004551851051967979,0.75,0.75
2023-08-10,19543.099609375,-0.0045562684580157,-0.0027657467974803,0.0083300036630571,-0.0059410667871795,0.006662783304359,0.9993462440591756,1.0159965804504838,1.0666057248907048,52.09926520728827,-0.0218252915026162,0.0083300036630571,-0.0013752670399704,0.0083116715945578,0.0060553515467245,1.0949199501990283,50.0,0.36,0.66,0.52,0.52,0.64,0.92,0.5,0.18,0.24,-0.0035909767386878,0.0092533683285879,0.0053153318648322,52.19774212675932,0.8903313180779454,0.0195090621258671,-0.0013474514395268,19428.30078125,-0.0058741361615907,0.0,-0.001731207884029304,0.01040383873491606,0.38541666666666663,0.59375,0.0028104396584155648,0.375,0.625
2023-08-11,19428.30078125,-0.0058741361615907,-0.0072837322328977,-0.0045447158246656,-0.0110836525072925,-0.006961548659562,0.9940936165584432,1.0096314167599445,1.0597040898451862,47.50807213309839,-0.0275712229301542,0.002406935925723,0.0005705538449822,0.0084363393734086,0.005943241239677,0.8340711882415441,50.0,0.2,0.48,0.42,0.48,0.6,0.92,0.5,0.1,0.18,-0.0072089749035286,-0.0019968947434578,-0.0070868367322981,50.11433256999037,0.7670979545635296,0.0200544051723723,-0.0001252880727361,19434.55078125,0.0003216956578122,1.0,-0.005665450680041222,0.0003207699286486704,0.209375,0.775,0.0043346407358798335,0.125,0.875
2023-08-14,19434.55078125,0.0003216956578122,-0.0100852916264502,-0.0083047151144259,-0.0161614467785372,-0.0140475940874305,0.994942777417726,1.0095620377648094,1.059412032973863,47.77789303792186,-0.0272583968150391,0.0027294058843714,-0.0022828328117507,0.0087811253516158,0.0056542682396338,0.8676318878730745,50.0,0.44,0.3,0.36,0.36,0.62,0.88,0.56,0.04,0.14,-0.0009575104356328,-0.0125162456930951,-0.0107155989386305,48.97237820791594,0.6898812521919517,0.0194056051430796,0.0033319951487999,19465.0,0.0015667570139761,1.0,-0.005523040526394609,-0.010668097462034905,0.3666666666666667,0.6020833333333333,0.003125894759877362,0.375,0.625
2023-08-16,19465.0,0.0015667570139761,-0.0039962754596786,-0.0054085341969157,-0.0136088423328843,-0.0143929516310745,0.99683373596265,1.0107020884098432,1.0604274732793153,49.14928301780554,-0.0257343470854626,0.0043004392141607,-0.0033728992240583,0.0088428019269935,0.0056462822810476,0.0,50.0,0.5,0.32,0.42,0.4,0.6,0.88,0.52,0.12,0.08,-4.7476805190127536e-05,-0.0112783311255147,-0.0108995899678916,47.77451074240899,0.7157292723528645,0.019772004610673,0.0034933616631829,19365.25,-0.0051245825841254,0.0,0.0009698859232939736,-0.00532836136503536,0.46875,0.53125,0.003630408023485272,0.5625,0.5625
2023-08-17,19365.25,-0.0051245825841254,-0.003245306007968,-0.0136151834893143,-0.0082605874973518,-0.0235918339451595,0.992507533781288,1.005304938189021,1.054416252477815,44.98187897889759,-0.0307270518826999,0.0,-0.0007423179424608,0.0084263673816501,0.0056019335370244,1.0054632540038917,50.0,0.34,0.24,0.34,0.36,0.58,0.88,0.58,0.08,0.16,-0.0041491146847542,-0.0141466591983626,-0.0153824137283574,46.37712413530669,0.8156671374935835,0.019382810609737,0.008209420216802,19310.150390625,-0.0028452826260957,0.0,0.0003888426133851462,-0.011555452996445708,0.3458333333333333,0.6541666666666668,0.003382148490466712,0.1875,0.8125
2023-08-18,19310.150390625,-0.0028452826260957,-0.0064009913079657,-0.0119197682765865,-0.0036890563269361,-0.0334849073619226,0.990656906795117,1.00234847122047,1.0508785072320097,42.82197040952098,-0.0236698994419586,0.0,-0.0032790694672157,0.0084038050225684,0.0052360053146221,0.9616612218842702,50.0,0.28,0.22,0.26,0.34,0.5,0.86,0.56,0.12,0.12,-0.0035310958199298,-0.0158322000032661,-0.0259216211514071,45.19166403473673,0.8242395687123043,0.0191561207100506,0.0075632862105155,19393.599609375,0.0043215209131937,1.0,-0.00014777403389055815,-0.010039999574655876,0.278125,0.721875,0.00358908517367466,0.1875,0.8125
2023-08-21,19393.599609375,0.0043215209131937,-0.0036681423388132,-0.0017861146101099,-0.0063227130514423,-0.0177969303937706,0.9954179327142024,1.0064164938781908,1.0548382187944851,46.97475050215024,-0.0194506684942166,0.0043215209131937,0.0005437554751048,0.0082000558191106,0.0048315038405635,0.9953944999336656,51.0,0.7647058823529411,0.4901960784313725,0.4705882352941176,0.4313725490196078,0.5686274509803921,0.8431372549019608,0.6274509803921569,0.0588235294117647,0.0,0.0070529295222352,-0.000456568819849,-0.0053832000383411,49.51226997953093,0.6408361140016665,0.0186284984144886,0.0124137303554294,19396.44921875,0.0001469355577301,1.0,0.010739694651627947,0.006269667719826025,0.8875,0.1125,0.003466322977099086,0.9375,0.9375
2023-08-22,19396.44921875,0.0001469355577301,0.0016110930016395,-0.0019605064675206,-0.0102489401342539,-0.0140247807762382,0.9959849564363088,1.006305322728104,1.0544162395406005,47.11599833663304,-0.0193065909313098,0.0044690914560094,0.0012117399798561,0.0080927905360071,0.004790668045,0.7997087787868338,51.0,0.5490196078431373,0.5686274509803921,0.4117647058823529,0.4313725490196078,0.6274509803921569,0.8431372549019608,0.5490196078431373,0.0980392156862745,0.0196078431372549,0.000254938996508,0.0027937134565462,-0.0047995074960512,49.51768289853063,0.6879381811223187,0.0183725678277757,0.0092252732801869,19444.0,0.0024515199000461,1.0,0.0019378394283242402,0.014376114036507216,0.5153409090909091,0.4846590909090909,0.0031142017183285343,0.4375,0.5625
2023-08-23,19444.0,0.0024515199000461,0.006931567422695,-0.0010788594913948,-0.0064815586398576,-0.0120219715898439,0.9985762644785772,1.0084253900443136,1.056401996350068,49.53186702696235,-0.0169024015231338,0.006931567422695,0.0022040116475894,0.0073215783835263,0.0048368755482122,0.8875051725157146,51.0,0.5882352941176471,0.5686274509803921,0.392156862745098,0.4901960784313725,0.6470588235294118,0.8823529411764706,0.5294117647058824,0.1764705882352941,0.0196078431372549,0.0024641590537579,0.0031851648904618,-0.0051358833389169,50.50704399678699,0.7772257960151691,0.0175947933401271,0.006886088250927,19386.69921875,-0.0029469646806212,0.0,-0.004794729341993739,0.0084634150181575,0.4558712121212121,0.5128787878787879,0.0038249282080705313,0.5,0.5
2023-08-24,19386.69921875,-0.0029469646806212,-0.0003558076254015,0.0011076138314765,-0.0125226500233887,-0.0197995554234488,0.9960477094780982,1.0052386091624983,1.0527306202683269,46.75976684047573,-0.0185838445251734,0.0039641756576977,0.0046878415256634,0.0072483378052394,0.0046793659770096,1.0524664116897129,51.0,0.3333333333333333,0.5882352941176471,0.3333333333333333,0.4509803921568627,0.6078431372549019,0.8823529411764706,0.5686274509803921,0.1568627450980392,0.2352941176470588,-0.0038339686803199,0.0050328159070248,-0.0155239721039124,49.21625519583176,0.8460224776800238,0.0171798778883182,0.0042755833195363,19265.80078125,-0.0062361537740819,0.0,-0.002089992368437528,0.00620856577307993,0.39138257575757573,0.6086174242424243,0.0037007430560584242,0.3125,0.6875
2023-08-25,19265.80078125,-0.0062361537740819,-0.0067356883740198,-0.002296699325373,-0.0141890914782001,-0.0200458599252583,0.9907952734841275,0.9990101471504004,1.045685284763009,41.48438706953529,-0.0247041065870827,0.0,-0.0046061904152633,0.0072930845984923,0.0046937167949223,1.7839047054549626,51.0,0.196078431372549,0.4901960784313725,0.2941176470588235,0.2941176470588235,0.5098039215686274,0.8823529411764706,0.5098039215686274,0.0588235294117647,0.0980392156862745,-0.0072692025957465,-0.0001222901419697,-0.0168852684808887,47.337770795092894,0.7189359250077958,0.0171803188965148,0.0031605914443695,19306.05078125,0.0020891942389009,1.0,-0.0074677235287522745,-0.0010396902114063566,0.2372159090909091,0.7627840909090909,0.0030826820422260514,0.1875,0.8125
2023-08-28,19306.05078125,0.0020891942389009,-0.0070946934144209,-0.0045143155416428,-0.0062923670668091,-0.0173062771640849,0.9935403491340188,1.0010541977027627,1.047371043115341,43.75928595872794,-0.0226665240253408,0.0020891942389009,0.0016894614708502,0.007328571321624,0.004744317397335,0.9510307303241629,51.0,0.5686274509803921,0.392156862745098,0.3725490196078431,0.3333333333333333,0.5490196078431373,0.9019607843137256,0.4509803921568627,0.0784313725490196,0.0392156862745098,0.0010538515333777,-0.0028248984703677,-0.0198189828266322,47.83530109438939,0.6913719370386497,0.017137620979339,-0.0025127056625472,19342.650390625,0.001895758474361,1.0,0.0025096607993943124,-0.009903491995123949,0.5949810606060606,0.4050189393939394,0.003501216350357539,0.625,0.625
2023-08-29,19342.650390625,0.001895758474361,-0.0022721159299978,-0.0027736431301557,-0.0047287118523811,-0.0208137358059851,0.9958578791382664,1.002835863464812,1.048841508564301,45.821860606561295,-0.0198089231359425,0.0039889133209449,0.0035635888926499,0.0072059470724297,0.0045557727296195,1.175098912440987,51.0,0.7647058823529411,0.5098039215686274,0.3137254901960784,0.4509803921568627,0.6274509803921569,0.9019607843137256,0.5294117647058824,0.1568627450980392,0.0784313725490196,0.004374512895475,0.0010538828868131,-0.0163570185656039,49.75579087675678,0.763414073450164,0.016814431265022,0.0044567172403811,19347.44921875,0.0002480956863764,1.0,0.007191891357184724,-0.0047250203919297264,0.8241477272727273,0.17585227272727275,0.0028068601821514836,0.75,0.75
2023-08-30,19347.44921875,0.0002480956863764,0.0042379986395095,-0.0049655822490228,-0.006039084574878,-0.0195657419579479,0.9964745968190944,1.0029633370848337,1.0485894077357758,46.10097561016112,-0.0145218808129754,0.0042379986395095,0.0046942288823565,0.0069828340870308,0.0045648964393589,0.9018947531401807,51.0,0.5882352941176471,0.4705882352941176,0.2745098039215686,0.5294117647058824,0.6274509803921569,0.8823529411764706,0.6078431372549019,0.2156862745098039,0.0588235294117647,0.0022960034251109,-0.0021481788650408,-0.0121189410951718,49.75953388308024,0.7983258765517156,0.016263778039078,0.0074468008627761,19253.80078125,-0.0048403506033882,0.0,0.001260241654925907,0.001281766672917727,0.646685606060606,0.3533143939393939,0.004101372399612859,0.6875,0.6875
2023-08-31,19253.80078125,-0.0048403506033882,-0.002706405395491,-0.0068551348530474,-0.0057551138637508,-0.0139681607394739,0.992440412969909,0.9981826789657416,1.043062248733056,41.597233001374285,-0.0192919404218082,0.0,0.0014524686010166,0.0071184417408772,0.0040960259784612,2.068838714422299,51.0,0.2745098039215686,0.4117647058823529,0.3725490196078431,0.2941176470588235,0.4705882352941176,0.8235294117647058,0.4705882352941176,0.2549019607843137,0.6666666666666666,-0.0075138304021137,-0.004030415448083,-0.0162976095658928,46.54860948707325,1.766995045162076,0.0164523746727578,-0.0023294488264189,19435.30078125,0.0094267101889176,1.0,-0.008464649138048726,-0.005068070214820311,0.23740530303030305,0.762594696969697,0.00462374914451354,0.1875,0.8125
2023-09-01,19435.30078125,0.0094267101889176,0.0047899532253297,0.008797973254502,0.0064810676298907,0.002768102279409,1.001624548876373,1.0072923510036076,1.0523410289130946,51.48882164276649,-0.0100470897642288,0.0094267101889176,0.0002259091295488,0.0072715579699689,0.0043637095620351,1.220652114147468,51.0,0.8235294117647058,0.6862745098039216,0.5686274509803921,0.6078431372549019,0.6666666666666666,0.8431372549019608,0.5490196078431373,0.3725490196078431,0.0392156862745098,0.0114742971105132,0.0151285762673247,0.0082994068655207,52.55883448949111,0.8744595542286165,0.0166750089518126,0.0055313045861117,19528.80078125,0.0048108337016425,1.0,0.01265735040346716,0.01517808694961947,0.8255681818181819,0.1744318181818182,0.004611644827852358,0.875,0.875
2023-09-04,19528.80078125,0.0048108337016425,0.0093734094065613,0.0115378335281461,0.0069714325652903,0.0006046411461801,1.0058259850612747,1.0116567078079342,1.056800042746707,55.65551819046736,-0.0052845909406273,0.0142828942256327,0.0046178858259082,0.0068868993314618,0.0042088723377539,1.0847754975238026,51.0,0.6274509803921569,0.6666666666666666,0.5882352941176471,0.6274509803921569,0.7058823529411765,0.9019607843137256,0.5882352941176471,0.392156862745098,0.0784313725490196,0.0042162243005594,0.0080966319262782,0.0086004115193146,52.97077524899084,0.9590661563972084,0.0164600602042865,0.0079957703731344,19574.900390625,0.0023605960187407,1.0,0.007315551683501289,0.020221885759643107,0.6565340909090909,0.3434659090909091,0.005820548093254104,0.6875,0.6875
2023-09-05,19574.900390625,0.0023605960187407,0.0166772063876186,0.0120071445903073,0.009200197926046,-0.0011430344859753,1.0074135598254474,1.0134866152048811,1.0586701082982657,57.5896762191296,-0.0029364697062217,0.0166772063876186,0.0018357302005671,0.0064902734592744,0.0041371446346496,0.9317344846978576,51.0,0.6666666666666666,0.7450980392156863,0.5882352941176471,0.6862745098039216,0.7450980392156863,0.9019607843137256,0.6078431372549019,0.3333333333333333,0.1176470588235294,0.0014061783161123,0.009529040101317,0.0056516161407315,53.76855750901191,0.9731832438550108,0.0162298622223672,0.0067946506267068,19611.05078125,0.0018467726478093,1.0,0.0034064446242572446,0.016284424993828612,0.7043560606060606,0.2956439393939394,0.0042676195631757285,0.75,0.75
2023-09-06,19611.05078125,0.0018467726478093,0.0090428237760824,0.0136246158095372,0.0085913794101009,0.0020541352407992,1.0083833787484415,1.0147471265146544,1.0599858095572618,59.096335397566456,-0.0010951200503468,0.0185547780440267,0.0003217808519739,0.0065008886690758,0.0041459864810868,1.0383421185645172,51.0,0.5882352941176471,0.7647058823529411,0.5882352941176471,0.7450980392156863,0.7450980392156863,0.9019607843137256,0.5490196078431373,0.2549019607843137,0.2352941176470588,0.0007886902971072,0.0157525434027194,0.0052905934629369,56.60492214564992,1.0170569696293454,0.0164725421567295,0.0032364582221376,19727.05078125,0.0059150323607803,1.0,0.0025569529568265563,0.017442751593787012,0.6794507575757576,0.32054924242424243,0.003728054132788046,0.625,0.625
2023-09-07,19727.05078125,0.0059150323607803,0.0101516730197965,0.0245795625173843,0.0175559314486515,0.0048134346398966,1.0129638082301748,1.019919478582157,1.0655531830140703,63.56879703086478,0.0,0.0245795625173843,-0.0006323164813206,0.0067043460734706,0.0042959554974463,1.0932233775546791,50.0,0.66,0.92,0.54,0.84,0.8,0.94,0.48,0.24,0.12,0.0050242673442419,0.0263784508268001,0.0014512155513036,55.842318931226416,0.963398743870466,0.0163814729545639,-0.003362219088593,19819.94921875,0.004709190366575,1.0,0.006064742857958336,0.03196751269296154,0.6677083333333333,0.33229166666666665,0.0046811772502319705,0.6875,0.6875
2023-09-08,19819.94921875,0.004709190366575,0.0125185223543902,0.0197912263787081,0.0287633223135637,0.0141661054238393,1.016018036945407,1.0237299583953974,1.0698198485585588,66.70826421521946,0.0,0.029404502722981,0.0024205341451943,0.0067105867051057,0.0042498411254816,1.037469165811412,50.0,0.64,0.88,0.66,0.84,0.82,0.94,0.48,0.24,0.02,0.0022644858512578,0.0193127136839458,0.0128837023255323,57.88740975190711,0.8313156741651888,0.0163175696634511,-0.0012824030983069,19996.349609375,0.0089001434200508,1.0,0.005267308704284095,0.024712629610582224,0.65625,0.34375,0.003274507733120411,0.5625,0.5625
2023-09-11,19996.349609375,0.0089001434200508,0.019647026180432,0.0239415022643838,0.0357555688600703,0.029238214629311,1.0226200177014668,1.0315128224773975,1.078489966779788,71.69602566324248,0.0,0.0385663504344617,0.0035343572517194,0.0071014775199552,0.0043280707747762,0.8938065814053744,50.0,0.92,0.9,0.92,0.98,0.86,0.94,0.58,0.34,0.04,0.009562671014086,0.0197680440518934,0.0304993922236496,61.45655301769516,0.8879841481406976,0.0164595478027087,0.0012611775943385,19993.19921875,-0.0001575482868895,0.0,0.014033758865519028,0.031730029232782064,0.9,0.1,0.0026395272233810697,0.875,0.875
2023-09-12,19993.19921875,-0.0001575482868895,0.0134915472389296,0.0213691421043111,0.0336328690736358,0.0287451170746364,1.0202765917903145,1.0300838996361414,1.0774803677668567,71.49002707518565,-0.0001575482868895,0.0384027260851296,0.0056910777953516,0.00742502061178,0.0043359708923031,1.16112821601727,50.0,0.38,0.82,0.92,0.9,0.84,0.92,0.56,0.28,0.38,-0.0027875580251225,0.0154005139777325,0.0325633653185792,59.53302930158729,1.163488357232398,0.0172872523222266,0.0038182482439428,20070.0,0.0038413452699443,1.0,-0.008713215906819479,0.019087330535072757,0.2833333333333333,0.7166666666666667,0.00438770413540249,0.3125,0.6875
2023-09-13,20070.0,0.0038413452699443,0.0126161161408753,0.0234025817315612,0.0373460487261423,0.0310814282044695,1.021841132098608,1.0326622719569274,1.080741636198549,73.48974603691428,0.0,0.0423915894852742,-0.0001850238528374,0.007173643642341,0.0043695325892206,0.8517991461679203,50.0,0.62,0.84,0.86,0.9,0.88,0.92,0.56,0.32,0.16,0.0051056205945253,0.0145270294122091,0.0366573333608711,61.30859117432968,0.9732940310931888,0.0173045367642074,0.0055759051564016,20103.099609375,0.0016492082399102,1.0,0.005898414585920985,0.022339306347593978,0.6416666666666666,0.35833333333333334,0.004414286625341601,0.6875,0.6875
2023-09-14,20103.099609375,0.0016492082399102,0.0053384743758406,0.0190625974604587,0.0441107102838664,0.0381017342598211,1.0212381687481484,1.0329732496631547,1.081635835849271,74.32557012328697,0.0,0.0441107102838664,0.0028873551943198,0.0070452943683488,0.0040785439331601,0.931090502944561,50.0,0.62,0.88,0.88,0.92,0.9,0.94,0.58,0.32,0.24,0.001416693579372,0.0171253312278455,0.0442987239841702,61.960242524158616,1.097648483064516,0.0172290744125528,0.0061969897243491,20192.349609375,0.0044396138771742,1.0,0.00485070392846833,0.021027875115589872,0.6197916666666667,0.3802083333333333,0.004073529803023992,0.75,0.75
2023-09-15,20192.349609375,0.0044396138771742,0.0099609066286017,0.0187891697660205,0.0389522568570359,0.0456857766979539,1.02326049636273,1.0360332663676843,1.085504262523995,76.47898219996289,0.0,0.048746158682549,0.0026538001806508,0.0070219337650545,0.0039579069841364,1.4387733324577676,50.0,0.62,0.8,0.86,0.9,0.88,0.92,0.54,0.44,0.24,0.0030854029973472,0.0186748378669771,0.0517988947415798,62.946294271184726,1.438495127414809,0.0172723498140638,0.0061131180436259,20133.30078125,-0.0029243168460981,0.0,0.00295708528318839,0.01878998109081577,0.5416666666666667,0.4583333333333333,0.0038382308570815045,0.5625,0.5625
2023-09-18,20133.30078125,-0.0029243168460981,0.003154000062282,0.0068488086350917,0.030954281666921,0.0381415099194593,1.0183025282649576,1.0316683319294229,1.0814439819400266,72.16629006205332,-0.0029243168460981,0.0456792926234328,-0.0018026822697294,0.00707020382426,0.0040872048819832,0.8694367861362742,50.0,0.54,0.68,0.9,0.92,0.9,0.94,0.6,0.28,0.04,0.0006503425948084,0.0089993099180066,0.0552840172828948,62.89414389379829,0.8232509556104846,0.0174047734083664,0.0171425073634355,19901.400390625,-0.011518249945432,0.0,-9.662973757110834e-05,0.004762697319553966,0.4822916666666667,0.5177083333333333,0.0038388557676786797,0.5,0.5
2023-09-20,19901.400390625,-0.011518249945432,-0.0100332397823835,-0.0045915026965224,0.0166795229341942,0.0260331757725469,1.0059436998977729,1.0189946855109306,1.068254342880136,58.26929245929211,-0.0144088837791772,0.0336348971682336,-0.0075770378095214,0.0076421468960977,0.0050634670567114,1.2074085901325244,50.0,0.2,0.56,0.84,0.76,0.82,0.9,0.66,0.16,0.38,-0.0088242806980439,0.0055833872922983,0.0362340563244457,57.85164820334125,1.04094791277995,0.0179205858306402,0.0102008805518988,19742.349609375,-0.0079919391664983,0.0,-0.008292759928855375,0.0052975265346649324,0.20833333333333331,0.7916666666666667,0.004914986377446124,0.125,0.875
2023-09-21,19742.349609375,-0.0079919391664983,-0.0222856680230552,-0.0163253806988041,0.0066951449766543,0.0153440449174553,0.9981034748843508,1.010420980427175,1.0590876112046643,51.01341396295523,-0.0222856680230552,0.0253741499496953,-0.0030575541509965,0.0078010482162782,0.0054611295972542,0.8715487335455971,50.0,0.3,0.38,0.8,0.68,0.78,0.92,0.7,0.14,0.32,-0.0069439123163748,-0.0079761297460155,0.0262808915069298,54.316562619966405,0.9894681649149352,0.0183980277617363,0.0109368465894744,19674.25,-0.0034494176591149,0.0,-0.002269028336015651,-0.0030472661342627466,0.49479166666666663,0.5052083333333334,0.0038169441585162063,0.375,0.625
2023-09-22,19674.25,-0.0034494176591149,-0.0228005723570926,-0.0213325117871379,-0.0026765674116977,0.0148323744029563,0.9951666556757616,1.0066618195804378,1.0548525339878363,48.243401787203176,-0.0256582131053463,0.021837206249659,0.0001266313305896,0.007597148148686,0.0054802790282861,0.7833412811953584,50.0,0.38,0.28,0.78,0.62,0.74,0.88,0.62,0.16,0.24,-0.0041751371519013,-0.0075126009470083,0.0312432809574446,53.5496338326868,0.7992497885551817,0.0184698561322558,0.0164109065544882,19674.55078125,1.5288066889551644e-05,1.0,-0.003826572631079372,-0.011628809845344902,0.309375,0.690625,0.004650152190933666,0.3125,0.6875
2023-09-25,19674.55078125,1.5288066889551644e-05,-0.0113986757174063,-0.025643317302935,-0.0073359641790833,0.0212163514323167,0.9956387381380238,1.0064136787105316,1.0542930621539186,48.2567659476566,-0.025643317302935,0.0218528281652181,0.0002007303327953,0.0076707270187207,0.0052335258376327,0.6266526967020905,50.0,0.48,0.26,0.82,0.56,0.66,0.88,0.62,0.16,0.02,-0.0006196653523856,-0.0145440554003773,0.0330780989664962,53.67567663763614,0.730010389184889,0.0183010743902218,0.0118617475341795,19664.69921875,-0.0005007261720755,0.0,0.0017794562651005839,-0.012617365827439782,0.5375000000000001,0.4625,0.005152813527608629,0.625,0.625
2023-09-26,19664.69921875,-0.0005007261720755,-0.0039331889142579,-0.0232749496762302,-0.0165855467174623,0.0185769964848698,0.9956009982352092,1.0056766708966998,1.0532017117357282,47.82121833840284,-0.0261312031948981,0.0213411597101464,0.0004193234240379,0.0076767478526221,0.0052388447165302,0.6864781559903511,50.0,0.52,0.22,0.8,0.56,0.68,0.86,0.64,0.12,0.08,0.000732579234317,-0.0183889769337271,0.0324835955381059,53.94403255662421,0.691829100821973,0.0188274546189881,0.0139065990532361,19716.44921875,0.0026316191986632,1.0,-0.00039327119009438007,-0.013000832481335748,0.5166666666666666,0.48333333333333334,0.0033857487369050067,0.5,0.5
2023-09-27,19716.44921875,0.0026316191986632,0.0021448959299592,-0.0092933747497551,-0.0138422068910541,0.0193251090505246,0.998390192868053,1.007994218474931,1.0553855420458456,50.355964194849136,-0.0235683513722467,0.0240289407144247,-0.0014059934094307,0.0077716222095984,0.0052485312921665,0.6941934603975587,50.0,0.62,0.32,0.8,0.68,0.72,0.9,0.66,0.16,0.04,0.0039451356419216,-0.0068355294120568,0.0298041748368282,54.05101216169858,0.7209776433788667,0.0186296212912629,0.0104790657863036,19523.55078125,-0.0097836296667737,0.0,0.003163873163891906,-0.0015894581298120328,0.6416666666666666,0.3583333333333333,0.0037326033392255957,0.75,0.75
2023-09-28,19523.55078125,-0.0097836296667737,-0.0076748893369349,-0.0110827146947646,-0.0272271658570004,0.0091020558063714,0.9896947355264591,0.9982054850483112,1.044591689064483,42.13874101727506,-0.033121397017338,0.0140102207904162,0.0023001891464753,0.0081689058969903,0.0057742354307484,1.1788291900561347,50.0,0.12,0.28,0.64,0.32,0.6,0.86,0.56,0.12,0.38,-0.0139145314158158,-0.0128987250896271,0.0144387956261011,46.88392116709375,0.9981327420179846,0.0191860642293844,0.0053367398197297,19638.30078125,0.0058775169171687,1.0,-0.011266350501288774,-0.010575773143325251,0.184375,0.815625,0.0032513186324350627,0.125,0.875
2023-09-29,19638.30078125,0.0058775169171687,-0.0013424277283036,-0.0018272218127756,-0.0231207543690548,0.0199700830172939,0.9959374052401908,1.0039121257861034,1.0502011643940854,47.61506625758731,-0.0274385516714589,0.0104449116730851,0.0029527639795607,0.0083488613196782,0.0057528625872801,0.859437042265949,50.0,0.78,0.54,0.7,0.46,0.64,0.82,0.56,0.2,0.1,0.0051479664346685,0.0011761923624026,0.0356384719151138,51.06764890563024,0.8383360251402989,0.0195443340113706,0.0156683888978198,19528.75,-0.0055784246544688,0.0,0.006938323293978554,0.00010658824017275269,0.70625,0.29375,0.004808079048215695,0.75,0.75
2023-10-03,19528.75,-0.0055784246544688,-0.0095199301186291,-0.0074106282207444,-0.0328639124328008,0.0048082208658255,0.9912896984883044,0.9983779711301132,1.0438821137635792,43.39261499660817,-0.0328639124328008,0.000266304977422,-0.0008096622412556,0.0082876108141842,0.0055723413197775,0.7981710829493087,50.0,0.26,0.38,0.6,0.36,0.58,0.82,0.56,0.14,0.22,-0.0077486468639948,-0.0079622022947345,0.0103921537210843,49.617069890673534,0.8658564540216553,0.0202645876596727,0.0055839328552588,19436.099609375,-0.0047443072713306,0.0,-0.00419827663058632,-0.005842275057357157,0.3458333333333333,0.6541666666666666,0.004227822024972673,0.3125,0.6875
2023-10-04,19436.099609375,-0.0047443072713306,-0.0044792657265494,-0.0116248719002542,-0.0346292532680134,-0.0047468952606657,0.9878486484114936,0.993889193941262,1.038527332971794,40.149814337220455,-0.0374523032054122,0.0,-0.0042219404083723,0.0083251002480211,0.0055707620551141,1.0011742390028,50.0,0.2,0.18,0.46,0.18,0.52,0.86,0.54,0.04,0.3,-0.0092349275061539,-0.0148887085253302,-0.002521782615284,46.4120125605878,0.8788526824354137,0.0202386427293153,0.0022251126453816,19545.75,0.0056415841052857,1.0,-0.005655042699893987,-0.01126043426393114,0.21041666666666667,0.7739583333333333,0.004698593834200089,0.1875,0.8125
2023-10-05,19545.75,0.0056415841052857,-0.0047127693114041,-0.0086577059011045,-0.0178706213454474,-0.0014891718498327,0.9940444551565456,0.99951604666783,1.0439252180479444,45.35463065052795,-0.0320220094185965,0.0056415841052857,0.0044118934211798,0.0082347222564825,0.0056977154912073,0.8520748694138132,50.0,0.62,0.2,0.44,0.3,0.54,0.86,0.46,0.18,0.12,0.0025711282472794,-0.0163312356313806,-0.0049888186927697,47.67733750196265,0.8898841963060791,0.0197393117123472,-0.0034996468429369,19653.5,0.0055127073660514,1.0,0.004401481201450104,-0.010066260199943264,0.6895833333333334,0.3104166666666667,0.002168768288176603,0.75,0.75
2023-10-06,19653.5,0.0055127073660514,0.0063880176662611,0.0066560238045838,-0.0045004577030085,0.0021645560568628,0.99956961362591,1.0048280331113275,1.0491614412796852,49.95984967282794,-0.0266858300197427,0.0111853918735904,0.0038601342363429,0.0082106507519562,0.0058199101582757,0.5908896770719206,50.0,0.82,0.6,0.5,0.46,0.64,0.86,0.46,0.14,0.0,0.0046938213740603,0.0030112768899585,-0.0019378933270392,49.65047492351157,0.6267186390832242,0.0190477884625434,-0.004102449383902,19512.349609375,-0.0071819467588469,0.0,0.0061526440562227665,0.007371177839226355,0.74375,0.25625,0.0032144744258607166,0.8125,0.8125
2023-10-09,19512.349609375,-0.0071819467588469,0.0039231122258305,-0.0064135473469911,-0.008229050186157,-0.0108835919902973,0.9931104548222828,0.9977048668206648,1.0411951636785366,44.65124936124086,-0.0336761205681723,0.0039231122258305,-0.0058030773780751,0.0084664429768687,0.0058706501556401,0.6295159476102415,50.0,0.12,0.22,0.42,0.32,0.5,0.82,0.58,0.08,0.12,-0.0051061426933818,-0.0149339246884247,-0.0035028184950244,46.95753394540955,0.6362878809050443,0.0195881221836002,0.0073807734952728,19689.849609375,0.0090968029762401,1.0,-0.009602189545396728,-0.009001195990150371,0.07395833333333333,0.9104166666666667,0.002993324523024386,0.0625,0.9375
2023-10-10,19689.849609375,0.0090968029762401,0.0073724267104102,0.0082493559175573,0.0007775947870474,-0.0065640737995394,1.0019399425505815,1.0065131461006944,1.0501372880326576,51.61398235434384,-0.0248856626257449,0.0130556029810426,0.0027290408928719,0.0088464853138771,0.0061520009007521,0.8372956047779195,50.0,0.9,0.62,0.48,0.5,0.64,0.84,0.56,0.22,0.0,0.0088152316259002,0.0036406355331557,-0.0012607900178752,51.04325550961919,0.6632705849810618,0.0192157350754252,0.0053032837816642,19811.349609375,0.0061706921287072,1.0,0.012139725715484308,0.007162039344930768,0.8958333333333334,0.10416666666666667,0.0036317865721958976,0.9375,0.9375
2023-10-11,19811.349609375,0.0061706921287072,0.0080316284313226,0.0193068572163006,0.0074575455741103,-0.009251688613869,1.007343343320076,1.0122189502948635,1.056022444467847,55.720184499398016,-0.0188685322595201,0.0193068572163006,0.0039182823716574,0.0084132941078696,0.0059643175130877,0.8317278689162628,50.0,0.78,0.9,0.4,0.64,0.8,0.9,0.56,0.22,0.06,0.0054056724157042,0.0221273217367351,-0.0043192518820043,53.57481070284989,0.8766514309015286,0.0186276931045762,0.0049324367318647,19794.0,-0.0008757409120068,0.0,0.006073637980468009,0.019045849914545346,0.7625,0.2375,0.00403377766768011,0.875,0.875
2023-10-12,19794.0,-0.0008757409120068,0.0144344682349109,0.0127009707992786,0.0039333036283353,-0.0099633488653074,1.005842226858863,1.0108832599878992,1.05451951764011,55.00239001982593,-0.0197277492258777,0.0184142084995473,0.0005728842102523,0.0079847470801938,0.0059646406178494,0.8666600377846276,50.0,0.6,0.8,0.48,0.68,0.72,0.88,0.58,0.26,0.16,0.0012298755872245,0.0158399936168053,-0.0011993788881453,52.7017543623937,0.9265342071048914,0.0182713881590875,0.0087639699771621,19751.05078125,-0.002169809980297,0.0,0.00022852006146145925,0.014841009601381532,0.5958333333333333,0.4041666666666667,0.0027139745512672797,0.5625,0.5625
2023-10-13,19751.05078125,-0.002169809980297,0.0031082599963516,0.0049635322588852,0.0116525934523388,-0.0158918394992526,1.0033100399523047,1.00834621333787,1.0516848337265958,53.17616278978685,-0.0218547537390156,0.0162044431858685,-0.0070450246918257,0.0081068033705146,0.0058861705741752,1.0134933725482402,50.0,0.5,0.7,0.46,0.64,0.66,0.86,0.58,0.2,0.16,0.0004589985341585,0.0079166424538054,-0.0047566018733338,53.27252258419335,0.8286323044224131,0.0182802608918819,0.0111352376259187,19731.75,-0.0009772027556287,0.0,-0.0005013347194257557,0.008164610294635196,0.48333333333333334,0.5166666666666666,0.004976533685755177,0.5,0.5
2023-10-16,19731.75,-0.0009772027556287,-0.0040178791927094,0.0112441809939478,0.0047585185597738,-0.018472256348062,1.0021072681675658,1.0070701527961732,1.050127806449456,52.33521016803732,-0.0228105999690669,0.0152114054037051,-0.0006987365585177,0.0079585365613614,0.0058582559232605,0.7330903199675982,50.0,0.5,0.8,0.38,0.6,0.64,0.86,0.56,0.1,0.08,-0.0003813358569464,0.0154486745762086,-0.0101004961262421,53.85608640361922,0.7017814922757118,0.0182748510930929,0.0083717602218198,19811.5,0.0040417094276989,1.0,-0.0003646246776308837,0.017601930612656705,0.49166666666666664,0.5083333333333333,0.003417781624994023,0.5,0.5
2023-10-17,19811.5,0.0040417094276989,0.0008841062948368,0.0061783301060398,0.0144786532676182,-0.0188610843583144,1.0055678013925344,1.0106988836888655,1.053801994061592,55.46891641357315,-0.0159835083549584,0.019314594912033,0.0056482176568222,0.0081287620195341,0.0058397587168577,0.793068123612771,50.0,0.76,0.76,0.4,0.72,0.74,0.88,0.58,0.12,0.04,0.0031920464377974,0.0121685983815225,-0.0138374076753369,54.90107570271939,0.7312259280914508,0.0181230234802898,0.0050236766829774,19671.099609375,-0.0070868127413371,0.0,0.002362451405742783,0.007822275361882155,0.6489583333333333,0.3510416666666667,0.0029288810997298354,0.75,0.75
2023-10-18,19671.099609375,-0.0070868127413371,-0.0040479452339264,-0.0070792754035107,0.0120909032533795,-0.0229570489656343,0.9985897470166476,1.0033971023950097,1.0458517236712928,49.32116579909469,-0.0115720892364181,0.0120909032533795,0.0004517183832621,0.0082023969485578,0.005986698906684,0.8611135163217595,50.0,0.2,0.5,0.36,0.62,0.62,0.82,0.54,0.12,0.08,-0.0058374453968131,4.390104488821711e-05,-0.0181418066419163,55.89217260611149,0.7532883336967433,0.0184401703527729,0.0048152423237179,19624.69921875,-0.0023588102112444,0.0,-0.004811911379516226,-0.0030724458078188336,0.11979166666666666,0.8802083333333333,0.0038892239463595136,0.125,0.875
2023-10-19,19624.69921875,-0.0023588102112444,-0.0054253059789425,-0.0085531363670808,0.0040392012969572,-0.0139036030854062,0.996591682548296,1.0009898359709577,1.0429345344402754,47.44946724662902,-0.0094289065063221,0.0097035728960779,-0.0064002721314571,0.0078392565786878,0.0054801928086753,1.030010286685451,50.0,0.32,0.48,0.44,0.62,0.66,0.82,0.62,0.16,0.26,-0.002649869056963,-6.859463852210146e-05,-0.0061415219548195,54.27919063851283,0.9157561694100796,0.0181569420560212,0.0077620811305867,19542.650390625,-0.0041808960845935,0.0,-0.00012765016653483148,-0.0034243088160868925,0.3677083333333333,0.6322916666666667,0.006739869299700392,0.4375,0.5625
2023-10-20,19542.650390625,-0.0041808960845935,-0.0135703813126214,-0.010551357137051,-0.0056401968796906,-0.0101152711152054,0.99314151351612,0.9969297186754852,1.0381756586383724,44.251555037647606,-0.0135703813126214,0.0054821071815562,-0.0042063741820883,0.0075187327442685,0.0052751932481281,0.9023890784982936,50.0,0.3,0.34,0.44,0.52,0.56,0.8,0.54,0.1,0.2,-0.0057075241306766,-0.0064152501350111,-0.0059068632915755,51.75043586076731,0.7870864129840418,0.0183522927684979,0.0042084078236299,19281.75,-0.0133503074255556,0.0,-0.006499341385397648,-0.009462960226179536,0.3145833333333333,0.6854166666666667,0.004386342444023965,0.25,0.75
2023-10-23,19281.75,-0.0133503074255556,-0.0197929763514308,-0.0228058839180508,-0.0118181364106045,-0.0199499345591318,0.9817637564490458,0.9842526225598504,1.0240679240584891,35.953700412657795,-0.0267395199757716,0.0,-0.0010771712551383,0.0081403885798747,0.0059839907915454,0.8139481108079359,50.0,0.04,0.14,0.34,0.22,0.48,0.72,0.58,0.02,0.2,-0.0160431591372122,-0.018345401715665,-0.0106293645818609,45.3928390214773,0.7527694650480202,0.0196980233714723,0.0093205699772708,19122.150390625,-0.008277236732921,0.0,-0.01781800701002917,-0.026660427194951545,0.016666666666666666,0.9833333333333334,0.0031595860124718155,0.0,1.0
2023-10-25,19122.150390625,-0.008277236732921,-0.0256079760776588,-0.0347954273717285,-0.0288320749021718,-0.0280768997862681,0.976088147090612,0.9770212289687682,1.0154339379953552,32.000605359237966,-0.0347954273717285,0.0,0.0002437132910653,0.0084996908167354,0.0061942635216059,1.033130803622607,50.0,0.2,0.04,0.28,0.16,0.34,0.7,0.54,0.1,0.36,-0.0070790898950795,-0.0334668120577521,-0.0224510667429689,42.02035071329495,0.992834515611208,0.0192674178569053,0.0056258330432992,18857.25,-0.0138530649123475,0.0,-0.008443168622721813,-0.03720590433648717,0.13229166666666664,0.8677083333333333,0.003912066540098306,0.1875,0.8125
2023-10-26,18857.25,-0.0138530649123475,-0.0350720284569896,-0.0413728579253968,-0.0481592434734232,-0.0410608476523306,0.9660102684511116,0.9648680873301244,1.0013534446835182,26.744504644798692,-0.0481664689700426,0.0,-0.0049628513889069,0.0091624642165858,0.0067832631730877,1.347991922818039,50.0,0.1,0.06,0.14,0.08,0.18,0.62,0.52,0.1,0.74,-0.0152072831940057,-0.0431236364790122,-0.0378699401715785,38.348287747563376,1.3841671697901157,0.019957347465659,0.0031909074807521,19047.25,0.0100757003274603,1.0,-0.016348842842589976,-0.0483721065756648,0.09791666666666667,0.9020833333333333,0.003948404311574199,0.0625,0.9375
2023-10-27,19047.25,0.0100757003274603,-0.0121617591764232,-0.0294246149871325,-0.0377260786096796,-0.0339411631032225,0.97800282481559,0.9755619351148014,1.011327633639837,34.99209935107994,-0.0385760795497565,0.0100757003274603,0.0037916451232284,0.0094044497893396,0.0072435689666953,0.9204683084376262,50.0,0.84,0.04,0.22,0.24,0.3,0.66,0.52,0.28,0.1,0.0066518424981544,-0.033477068391757,-0.0306882435089613,40.74984967252433,0.9151713628604928,0.0199503656032635,0.0032529195942612,19140.900390625,0.0049167407696648,1.0,0.009477259287909271,-0.03922435935845089,0.7864583333333333,0.19270833333333331,0.004186975984497179,0.875,0.875
2023-10-30,19140.900390625,0.0049167407696648,0.0009805382562617,-0.0205576005285714,-0.0308920470805647,-0.0195994260937661,0.984422919824503,0.9811142275183492,1.0161352627277354,38.65803997099934,-0.0338490073631476,0.0150419807037081,0.0003229017640342,0.0095282302570952,0.0071250109970079,0.8404302480225857,50.0,0.52,0.14,0.34,0.26,0.34,0.66,0.54,0.12,0.14,0.0015035925904381,-0.0279157993502265,-0.0156469916415914,42.8186625059614,0.7449837701011437,0.0202078302690618,0.0039524344521747,19079.599609375,-0.0032026069828995,0.0,0.0021404014135543185,-0.03082667730424711,0.6,0.4,0.0037409040233033937,0.625,0.625
2023-10-31,19079.599609375,-0.0032026069828995,0.0117912001683702,-0.010484027156508,-0.0330508135682339,-0.0284495679182401,0.983023708426257,0.97881764514632,1.0127511775709597,37.18005370913438,-0.0369432092787017,0.0117912001683702,0.0048090124417596,0.0094532663432692,0.0069532773890907,0.969776857169758,50.0,0.5,0.34,0.32,0.24,0.36,0.64,0.42,0.18,0.18,-3.990392654640296e-05,-0.0107261457396207,-0.030570883524939,43.4413772506594,0.9006653523904902,0.02024453195335,-0.0021213156066988,18989.150390625,-0.0047406245729368,0.0,0.0010479518089984109,-0.012250980844797905,0.5677083333333333,0.43229166666666663,0.003841057942084348,0.5,0.5
2023-11-01,18989.150390625,-0.0047406245729368,-0.003050288591529,-0.0069552846977506,-0.0415086999659288,-0.0276310367727069,0.9803837537189568,0.9751649384367582,1.0078703763451686,35.050686375531896,-0.0415086999659288,0.0069946779421707,-0.0008149452002839,0.0093967397824606,0.006929383076201,0.9197308567096284,50.0,0.24,0.3,0.3,0.22,0.34,0.6,0.58,0.12,0.24,-0.004969561109912,-0.0085252077778449,-0.0219771301223281,42.93523019857173,0.9070690500062408,0.0206699018529373,0.0056539066503787,19133.25,0.0075885232572669,1.0,-0.009564278023028587,-0.013347255548489381,0.14479166666666665,0.8552083333333333,0.004428816651165377,0.125,0.875
2023-11-02,19133.25,0.0075885232572669,-0.0003996881269361,0.0146362804756792,-0.0273421222023941,-0.0155818099033059,0.988970302192444,0.9832372646227828,1.0153618378804097,40.86170223898416,-0.0342351664437321,0.0146362804756792,0.0068907563889535,0.0097569664159811,0.0071589171136079,1.1725109206788724,50.0,0.82,0.8,0.46,0.34,0.42,0.68,0.62,0.28,0.12,0.0088485319207116,0.0121148247478137,-0.0047759821297679,46.40511715299029,0.914050625371464,0.0208790705226121,0.010805827773538,19230.599609375,0.0050879808383312,1.0,0.0087865254477554,0.01177163197628686,0.8531249999999999,0.146875,0.003470455945899933,0.9375,0.9375
2023-11-03,19230.599609375,0.0050879808383312,0.0079142122000193,0.0096260409967319,-0.0200818165405799,-0.0161237297430387,0.9945702850274064,0.988695921948291,1.0203195705084385,44.47592502953858,-0.0293213734762637,0.0197987304286149,0.0056315576287353,0.0096069178833393,0.0071338868151893,0.9145973599749028,50.0,0.64,0.62,0.48,0.5,0.48,0.74,0.66,0.18,0.12,0.0048053838054707,0.008723166627093,-0.0020902006786012,49.21251695222469,0.7978503722971675,0.0203300045996655,0.0140335290644375,19411.75,0.0094199033989916,1.0,0.008339099323541415,0.01062641503770757,0.7177083333333334,0.28229166666666666,0.005441015715685189,0.875,0.875
2023-11-06,19411.75,0.0094199033989916,0.0222547929044596,0.0141503066129353,-0.0066981902663415,-0.0123006080341924,1.00356255778852,0.9980872577244254,1.0296242398914044,50.53409935873308,-0.0201776745829442,0.0294051359556668,0.0059930528605991,0.0098960839141057,0.0073652641085372,0.8676029288200696,50.0,0.88,0.92,0.5,0.58,0.54,0.76,0.56,0.22,0.04,0.0090025042485077,0.0164837123632455,-0.0002678488969242,52.45598598442581,0.7463178025752488,0.0203382186078198,0.0120327591372681,19406.69921875,-0.0002601919584787,0.0,0.010672189830488581,0.019222029326096842,0.8895833333333333,0.11041666666666666,0.0038161656436030223,0.9375,0.9375
2023-11-07,19406.69921875,-0.0002601919584787,0.0142918332614689,0.0171439451598489,0.0064801804167153,-0.0054145396500193,1.002986077239948,0.9979125792015816,1.0290557497905757,50.36908245193535,-0.0204326164727557,0.0291372930172744,-0.0003966267209293,0.0098117984098884,0.0072001247357213,0.9463932747493512,50.0,0.54,0.9,0.6,0.62,0.54,0.74,0.62,0.16,0.1,0.0010047670766232,0.0160011107168525,0.0114920897952036,53.25640637058925,0.7839166567713188,0.0202381392673242,0.016906629445223,19443.5,0.0018962926582819,1.0,-6.507285538312924e-05,0.018138770087216573,0.453125,0.546875,0.003383831150217226,0.625,0.625
2023-11-08,19443.5,0.0018962926582819,0.011070917961456,0.0239268003058901,0.0168050979001057,-0.0125115028434602,1.0044204476445031,0.999812562516162,1.0306891434076964,51.6089968403276,-0.0185750700350806,0.0310888385103873,0.0022105969769219,0.0093593712115506,0.0068812951221505,0.933572710951526,50.0,0.66,0.96,0.5,0.72,0.62,0.76,0.64,0.24,0.06,0.0033007326168463,0.0241407020033693,0.0001378779503626,53.77144334871009,0.7760935242134923,0.0198964375102951,0.0126493807938229,19395.30078125,-0.002478937369815,0.0,0.0070474288040504995,0.03519742162123975,0.7291666666666667,0.2708333333333333,0.0033594370557201905,0.75,0.75
2023-11-09,19395.30078125,-0.002478937369815,-0.0008473846381701,0.0136960935152157,0.0285328338570045,-0.0210005293091248,1.0017463690505402,0.99743836748333,1.0278463926222798,49.85231789919655,-0.0210079609696388,0.0285328338570045,0.0007149119564378,0.0090736437187544,0.0067024038433911,0.998993336848665,50.0,0.42,0.84,0.44,0.68,0.62,0.74,0.66,0.12,0.24,-0.0019743700834123,0.0192712870576907,-0.0029364275913105,53.04320021764861,0.8980844921318686,0.019207426840298,0.0180641017178143,19425.349609375,0.0015492839458333,1.0,-0.0029002366035563868,0.023171602995518306,0.3302083333333333,0.6697916666666667,0.004667190555321459,0.3125,0.6875
2023-11-10,19425.349609375,0.0015492839458333,0.0009610284786081,0.0101270893240925,0.0198506140978356,-0.0186243503397494,1.0029832920859958,0.9990234993931296,1.0291373599501932,50.97272778531299,-0.0194912243204704,0.0301263232642616,-0.0022402937889473,0.0091178952828703,0.0067274064716409,0.741263849993912,50.0,0.6,0.8,0.44,0.66,0.6,0.76,0.64,0.04,0.1,0.0017287480315256,0.0122490409893498,-0.0095765685379698,53.678100174521575,0.6026348887478954,0.0192336061175444,0.0090477818017795,19443.55078125,0.0009369804014345,1.0,0.0008385158644827582,0.015604364660604997,0.5635416666666666,0.43645833333333334,0.0031355298247033986,0.5625,0.5625
2023-11-13,19443.55078125,0.0009369804014345,2.611733998403309e-06,0.0016382233054721,0.0158117112804805,-0.015568791929385,1.0035481166045463,0.999961150463868,1.029793199042242,51.67699344098081,-0.018572506814224,0.0310915314401623,0.0031608383817898,0.0083035488808992,0.0067328471714567,0.9369431795684025,50.0,0.56,0.62,0.44,0.68,0.62,0.76,0.6,0.06,0.06,0.0015607296113262,0.0072244283653751,-0.0070536170658844,53.43814450931463,0.572574177274165,0.01769366290169,0.0085151748635006,19675.44921875,0.0119267535086042,1.0,0.004009366848677694,0.008886051641452796,0.6833333333333333,0.31666666666666665,0.004428306721308067,0.75,0.75
2023-11-15,19675.44921875,0.0119267535086042,0.014444139880049,0.0138483106771885,0.0312296705158436,-0.0028533090704068,1.014018643097645,1.011415944663318,1.041639196454207,59.63320317790407,-0.0068672630164298,0.0433891059804585,0.0106898997880282,0.0081203616556109,0.0073051656489234,1.40437935104666,50.0,0.94,0.9,0.58,0.9,0.74,0.84,0.6,0.56,0.06,0.0103961848499317,0.015567020667818,0.0053102851277594,57.255063857567336,1.134695429524394,0.0173846494479941,0.0081635941981662,19765.19921875,0.0045615222809993,1.0,0.010911247941007094,0.01993241848111426,0.95625,0.04375,0.004370034961832283,0.9375,0.9375
2023-11-16,19765.19921875,0.0045615222809993,0.0174951605098001,0.0165453348805513,0.0408680121101225,-0.0023370659086894,1.0168385829549604,1.0153912564887813,1.0459078672757502,62.225430689027576,0.0,0.0481485486351402,-3.811857059332624e-05,0.0079532063324797,0.0073216483420544,1.330916623511134,50.0,0.62,0.88,0.62,0.92,0.82,0.86,0.62,0.4,0.16,0.0025951252922525,0.015473116888294,0.0066978615097074,58.92110379189818,1.0659070704926563,0.0173551226989784,0.0090349274183968,19731.80078125,-0.0016897597201204,0.0,0.0033915069153306696,0.016191757399504424,0.5322916666666666,0.46770833333333334,0.004713294831447052,0.625,0.625
2023-11-17,19731.80078125,-0.0016897597201204,0.0148249670671247,0.0173495633707987,0.0312832781283891,0.003085804712517,1.013660662994136,1.0131321528567947,1.043682139392537,60.66423295256923,-0.0016897597201204,0.0463774294369538,-0.0045761855344315,0.0076758047304383,0.0071476447181872,1.1049672196169011,50.0,0.56,0.86,0.66,0.88,0.82,0.84,0.64,0.2,0.24,0.001341417655939,0.0209880711314065,0.013379580716844,60.54085885472882,0.943694995898,0.017330666516806,0.010293776004327,19694.0,-0.0019157289123818,0.0,0.0030690240712909905,0.022305739321523896,0.6375,0.3625,0.004649705591296014,0.625,0.625
2023-11-20,19694.0,-0.0019157289123818,0.0009428390195189,0.0138298870304678,0.02409703285586,0.0035313041222964,1.0105908710144855,1.010747676244348,1.041250864896031,58.864119153825065,-0.0036022515109515,0.0443728539421177,-3.2961544271126186e-05,0.0072097865761326,0.0071400495094816,0.8218271231322111,50.0,0.4,0.82,0.68,0.86,0.8,0.8,0.66,0.18,0.14,-0.0009336114770133,0.0183754003683254,0.0168939253606239,60.69578376118861,0.7659601302688913,0.0167212877090795,0.0133626212383275,19783.400390625,0.004539473475424,1.0,-0.003488601917675862,0.017967018909780665,0.3302083333333333,0.6572916666666666,0.003181724925251832,0.3125,0.6875
2023-11-21,19783.400390625,0.004539473475424,0.0009208696392866,0.0174787832324705,0.0191456406879853,0.0123192092775445,1.0137130344503946,1.014725673000156,1.0454992916619752,61.754598056702285,0.0,0.0491137568110409,0.0039047623959074,0.0070250205676834,0.0071246546175158,0.9227929867733006,50.0,0.58,0.8,0.8,0.82,0.8,0.8,0.62,0.22,0.12,0.0027643040604075,0.0181136192466109,0.025867626496861,60.24929957381015,0.8422322151823759,0.0164341254178702,0.0135484172193164,19811.849609375,0.0014380348265852,1.0,0.004095757061712762,0.018068654840144825,0.5697916666666667,0.4302083333333333,0.0031585432096914497,0.5625,0.5625
2023-11-22,19811.849609375,0.0014380348265852,0.0040568435193744,0.0069325172253253,0.0208768315548251,0.027492297606545,1.0137061488893124,1.0155403190684744,1.0465133131693145,62.653908771704565,0.0,0.0506224189303847,3.0308711503668206e-05,0.0070125879667438,0.006318432759017,0.8713516576933975,50.0,0.54,0.64,0.88,0.82,0.8,0.8,0.64,0.22,0.08,0.0015728194294154,0.0103936284752862,0.0397071509906435,61.429415488755104,0.7900045964426018,0.0162321792105004,0.0122148533840985,19802.0,-0.0004971574875239,0.0,0.0014106419113137972,0.008505279616152488,0.5041666666666667,0.49583333333333335,0.0036522950873082104,0.625,0.625
2023-11-23,19802.0,-0.0004971574875239,0.0054839037270235,0.0018618978155853,0.0184380384190088,0.035552989359832,1.011929827098709,1.0144372980788732,1.0455145597591944,62.10937969373457,-0.0004971574875239,0.050100094128253,0.0008378626782601,0.006663661374843,0.0059197584588252,0.8134944371336285,50.0,0.48,0.64,0.9,0.8,0.78,0.8,0.62,0.18,0.06,-0.0002631989161382,0.0034702379114476,0.045029313687772,59.91399865005914,0.7703204059048849,0.0156532333905884,0.0094763243279399,19794.69921875,-0.0003686890844358,0.0,-0.0014251387220729577,0.003601682228632882,0.43645833333333334,0.5010416666666667,0.0049010279862870525,0.4375,0.5333333333333333
2023-11-24,19794.69921875,-0.0003686890844358,0.0005711266972261,0.0031876683835045,0.0205925364089278,0.0497129336859829,1.0104446019826936,1.0135043370427397,1.0446599899070717,61.68145971734371,-0.000865663275421,0.0424215307980657,0.0003837798896575,0.0063810499975741,0.0046868557048523,0.7249689440993788,50.0,0.4,0.42,0.96,0.76,0.8,0.82,0.54,0.16,0.02,-0.0024641203636269,-0.0031534022312246,0.0519044091403563,56.285212657026506,0.6934725735706104,0.0155556759532969,0.0021914754543733,19889.69921875,0.0047992646389904,1.0,-0.00022598156263998472,0.0002692235471239284,0.4395833333333333,0.5604166666666667,0.0032048633777851795,0.5,0.5
2023-11-28,19889.69921875,0.0047992646389904,0.0039294468164225,0.0099369969914695,0.0239043115677515,0.0442294409297929,1.0138172963958454,1.017635379373164,1.049155029493008,65.05530792641562,0.0,0.0474243875897473,0.0025234620300613,0.0060982877078696,0.0043723242857514,1.133995159776757,50.0,0.76,0.68,0.96,0.84,0.82,0.84,0.64,0.34,0.12,0.0052958713643459,0.004347625935179,0.056468351926861,59.836949781599344,0.9695371274259036,0.0156697875816165,0.012238910997068,20096.599609375,0.0104023891135545,1.0,0.015859952797115127,0.01986101067651189,0.8020833333333333,0.19791666666666669,0.004006709198916226,0.875,0.875
2023-11-29,20096.599609375,0.0104023891135545,0.0148772653961721,0.0158314148511304,0.0335869119520471,0.0499296897871164,1.021992064092337,1.0270845292715771,1.0594355248086147,71.03652584568044,0.0,0.0583201036364824,0.004366660427832,0.0064639730538102,0.0047121984706191,1.1506515649738156,50.0,0.8,0.86,0.96,0.88,0.88,0.86,0.66,0.44,0.06,0.007031554631639,0.0120417313890162,0.0625242894457918,63.717046627987806,1.0037897521438408,0.0156564376706689,0.0125945996586753,20133.150390625,0.0018187545137213,1.0,0.005538676405294861,0.021136992491550977,0.6864583333333333,0.25104166666666666,0.003968411886886913,0.75,0.8
2023-11-30,20133.150390625,0.0018187545137213,0.0170980709600483,0.0162176065125165,0.0232625525743437,0.0552187049424415,1.0215304039631454,1.0277856024140375,1.0607147363737257,71.9499288016151,0.0,0.0602449281019332,0.0005921594128515,0.0067358825717363,0.00452525624836,2.2188276601080688,50.0,0.64,0.76,0.96,0.9,0.86,0.86,0.6,0.64,0.34,0.0061087582317361,0.0161697387115649,0.0648121728730511,65.08460938980681,2.1194551001358635,0.0160590482211942,0.0095934679306096,20267.900390625,0.0066929416105065,1.0,0.004336293689303512,0.024088602669499283,0.6333333333333333,0.3666666666666667,0.005122127874303475,0.8125,0.8125
2023-12-01,20267.900390625,0.0066929416105065,0.019014926657034,0.0235279461986162,0.0254336506458341,0.0673410854985552,1.0255966322220271,1.0332599055639766,1.067093998834678,75.07118990910325,0.0,0.0593025435106424,0.0030273065847847,0.0069478375975381,0.0042495152700745,1.1925164879536991,50.0,0.6,0.92,0.98,0.94,0.92,0.92,0.62,0.4,0.1,0.0031799996882391,0.0231046039749709,0.0783883682881054,65.6307016643014,1.019488327135736,0.0164210389077239,0.0110472827895502,20686.80078125,0.0206681690037693,1.0,0.00663864178295347,0.03225454015179082,0.6989583333333333,0.23854166666666665,0.004198261452661098,0.75,0.8
2023-12-04,20686.80078125,0.0206681690037693,0.0293682107096204,0.0450676998241519,0.0483990290895031,0.081196387506043,1.0421494395332542,1.0523615645940785,1.0881836008607704,81.83734719171679,0.0,0.0757231288391597,0.0164816691263942,0.0078875400056006,0.0057056744700169,1.6593734352208651,50.0,0.9,1.0,0.98,1.0,0.96,0.98,0.58,0.7,0.06,0.0103421820665429,0.0405288317494403,0.0864683835835735,68.92432284791755,1.4732998060949922,0.0167838685234154,0.0052719960775304,20855.099609375,0.0081355657602475,1.0,0.02129611796988899,0.05463657605534514,0.8958333333333333,0.10416666666666667,0.005348629781732989,0.9375,0.9375
2023-12-05,20855.099609375,0.0081355657602475,0.0358587307372508,0.0485377068807011,0.0589570229194171,0.08447474509365,1.0455864044086378,1.0583944666209022,1.0959783811005115,83.7461135470121,0.0,0.0752655936914488,0.0059022954136855,0.0081581662330282,0.0057785599152186,1.7451500580334935,50.0,0.66,0.96,0.98,1.0,0.98,0.98,0.54,0.48,0.24,0.003572232351485,0.0358916812917524,0.0869249494605017,70.02323009415888,1.2380949167718536,0.0174859502966949,0.0024502043668517,20937.69921875,0.0039606432442005,1.0,0.02551354292040665,0.06473475423612755,0.7739583333333333,0.21041666666666667,0.0038360479654424495,0.75,0.75
2023-12-06,20937.69921875,0.0039606432442005,0.0330472725450543,0.0418528321071107,0.0583468365060235,0.0786095647610338,1.044779563014001,1.0599847965205167,1.099221916492956,84.60144612143958,0.0,0.079524337100824,0.0045864269371316,0.0076488877757746,0.0056402646390315,1.4358523374572782,50.0,0.6,0.96,0.98,0.98,1.0,0.98,0.48,0.42,0.22,0.0017266545392401,0.031251370485077,0.0781874904576408,70.12695535454559,1.130433395728562,0.0180663875231596,-0.000422074303393,20901.150390625,-0.001745599062397,0.0,0.001605983656173165,0.06051812462135581,0.6270833333333333,0.3729166666666667,0.0043216801721968606,0.5625,0.5625
2023-12-07,20901.150390625,-0.001745599062397,0.010361660637699,0.0381460419804751,0.0549822859918409,0.0770069734698171,1.0387064194667344,1.0557276571957102,1.096241745224554,82.5318782864475,-0.001745599062397,0.0776399204301461,-0.0002530759502101,0.0071229872255701,0.0057060193482195,1.0827624222379717,50.0,0.5,0.84,0.98,0.98,0.96,0.96,0.46,0.26,0.18,0.0001217619574908,0.0267605366363831,0.0725925017913123,68.81400574339287,0.9713754349700252,0.0171262588874279,-0.0044144716785047,20969.400390625,0.0032653705047074,1.0,0.0005555980953382759,0.057335143960662846,0.4864583333333333,0.5135416666666667,0.0032978258219990586,0.5,0.5
2023-12-08,20969.400390625,0.0032653705047074,0.005480711355539,0.0346113798903651,0.0589536607729017,0.0784786890541826,1.0379367285786243,1.056722780730875,1.0987300697146978,83.35091996609452,0.0,0.0811588140410137,0.0015764308726651,0.0071163230765769,0.0056910364620558,1.1296117442534286,50.0,0.46,0.82,0.96,0.94,0.98,0.96,0.5,0.32,0.26,-0.0025004170671266,0.0195142179349819,0.0781710415104409,66.68169664333874,1.0674253651420185,0.0176733446657076,-0.0003076475437416,20997.099609375,0.0013209351833629,1.0,-0.001723157654256666,0.04811375047529856,0.4291666666666667,0.5708333333333333,0.004313605899087953,0.4375,0.5625
2023-12-11,20997.099609375,0.0013209351833629,0.0028370065881835,0.0149998461050704,0.060743554490894,0.0825869547572835,1.0354315366151996,1.055712502713804,1.0990858191389592,83.68526084198322,0.0,0.080912314661325,-0.0001955043682047,0.0071628993720633,0.0055315794639524,0.8217697577921451,50.0,0.64,0.64,0.96,0.88,0.92,0.96,0.5,0.16,0.08,0.0026108068687243,0.0080029674778112,0.0825118479402968,67.30332086320516,0.7699868101751569,0.0177861636421363,-7.510681698663646e-05,20906.400390625,-0.0043196070141755,0.0,0.004886527520106036,0.03072397176927505,0.765625,0.234375,0.004098044127067835,0.75,0.75
2023-12-12,20906.400390625,-0.0043196070141755,0.0002511823465158,0.0024598674765829,0.0511169706838279,0.0762431982452054,1.0279280696655635,1.049047880816143,1.0933119209322408,78.15106117539767,-0.0043196070141755,0.0752357234454146,0.0010216254756167,0.0073157772367615,0.0058162152443031,0.9286716468848356,50.0,0.36,0.5,0.9,0.86,0.9,0.96,0.54,0.22,0.28,-0.0027817863652814,0.0008776015153434,0.0802288136749829,64.5991606186272,1.0385281337354744,0.0180126047349199,0.0039856154297774,20926.349609375,0.0009542158562574,1.0,-0.0034911583533358127,0.0018221143422959669,0.34791666666666665,0.6416666666666666,0.005454712361526237,0.3125,0.6875
2023-12-13,20926.349609375,0.0009542158562574,-0.0020530287203275,-0.0005420657378073,0.0412880793829879,0.0762617304219406,1.0260838880381862,1.0479920030224188,1.0933286966806302,78.48803255149446,-0.0033695129954239,0.0635767131269835,0.0011168641630661,0.0075095029619785,0.0058157861133467,0.9739579435755444,50.0,0.62,0.5,0.88,0.84,0.94,0.96,0.54,0.18,0.2,0.0037770607150815,-0.0004159818868384,0.0810752974427625,64.1856038617005,0.8904940088070689,0.0183143382243983,0.0048135670208219,21182.69921875,0.0122500872899569,1.0,0.006681778120753625,0.006868349218412708,0.7822916666666666,0.21770833333333334,0.0036467232082087317,0.75,0.75
2023-12-14,21182.69921875,0.0122500872899569,0.0088392974662143,0.0134704943442389,0.052130382367467,0.0766056207023544,1.0348439484736482,1.0583054194796495,1.105548074845202,82.2717592140087,0.0,0.0755915110566669,0.0087951689943832,0.0080800480049775,0.0058402639815014,1.2412538742785026,50.0,0.72,0.7,0.92,0.92,0.92,0.96,0.44,0.54,0.2,0.0067805269952652,0.0098324193223475,0.0731842994760167,65.5561714264202,1.2484362496401618,0.01819819417609,-0.0034213212263376,21456.650390625,0.0129327792008919,1.0,0.006576987698523709,0.012877746602083892,0.6552083333333333,0.34479166666666666,0.005158353708518412,0.6875,0.6875
2023-12-15,21456.650390625,0.0129327792008919,0.0263196910859291,0.023236239039903,0.0586518572269014,0.085577238719174,1.0434347757008806,1.068974294329287,1.1185120624321592,85.25626443063625,0.0,0.0895018985795166,0.0049450732844886,0.0087944852470984,0.0061935295722706,1.8125467564390296,50.0,0.78,0.74,0.94,0.92,0.98,0.96,0.48,0.62,0.18,0.0065195699803657,0.0256836977945827,0.0806214527603242,70.37211868464544,1.376049017746234,0.0190488800548072,-0.0049557859588497,21418.650390625,-0.0017710126840955,0.0,0.01309907850458043,0.028036549941788898,0.84375,0.15625,0.004031666739666622,0.875,0.875
2023-12-18,21418.650390625,-0.0017710126840955,0.0235254017274684,0.0200766195852013,0.0353776118943596,0.0854888830510551,1.037477751789919,1.064281394131235,1.1152380292032609,83.1648428300714,-0.0017710126840955,0.087572376897786,-0.0010183140880436,0.0087944167067036,0.0061975747464603,0.8874908922891009,50.0,0.38,0.74,0.92,0.9,0.98,0.96,0.42,0.24,0.18,-0.0020784395666458,0.0127619329369238,0.0731294231464431,66.95200188351433,0.9314695546825764,0.0192436983581951,-0.012359459904612,21453.099609375,0.0016083748565725,1.0,-0.0007601930983982557,0.022215113348243064,0.43437499999999996,0.565625,0.004345313806971323,0.4375,0.5625
2023-12-19,21453.099609375,0.0016083748565725,0.0127651527235799,0.0261498492583713,0.0286740418986626,0.0893216009634914,1.035286619281408,1.063241523628642,1.1157324850804615,83.55860537814253,-0.0001654862797947,0.0843990004641084,0.0027546086669318,0.0086216416680027,0.0060653863323697,0.8760147989689818,50.0,0.48,0.88,0.96,0.92,0.98,0.98,0.38,0.16,0.1,-0.0009538514795586,0.0221848409533329,0.0794398026372921,66.36860841894594,0.8195004467942337,0.0196261554005655,-0.0098817983261992,21150.150390625,-0.0141214660942333,0.0,-0.0001867611947359831,0.02550704133398217,0.4708333333333333,0.5291666666666667,0.004519553829789397,0.4375,0.5625
2023-12-20,21150.150390625,-0.0141214660942333,-0.0142846154651389,0.0106946880572871,0.0101468250955074,0.0690856967464339,1.018661850946977,1.046248272554152,1.0988835448532506,68.40602120758297,-0.0142846154651389,0.0684754618848204,0.0042138615058449,0.0099703914687684,0.0073306470685955,1.2394414168937329,50.0,0.08,0.5,0.86,0.74,0.9,0.98,0.38,0.06,0.48,-0.0154969003901376,-0.0003030537885961,0.0540055492838951,58.3370414494156,1.0242556622801071,0.0216131287073215,-0.0150801474625388,21255.05078125,0.0049597940765233,1.0,-0.024381380183336396,-0.006107069027511111,0.046875,0.953125,0.00578840181857296,0.0,1.0
2023-12-21,21255.05078125,0.0049597940765233,-0.0076381847778144,0.0034155969337448,0.0169321010571619,0.0728453526717705,1.0214073599174138,1.0493208059915262,1.1031885090269455,70.40714666086036,-0.0093956701397849,0.0737748801515874,-0.0054941061755526,0.0104358467739193,0.0073240616738122,0.9304274937133278,50.0,0.7,0.42,0.86,0.78,0.88,0.98,0.4,0.24,0.14,0.0041270825383028,-0.0028906262985835,0.0597824183038129,59.75720734097627,0.9399270794473462,0.0215931900342377,-0.0130629343679575,21349.400390625,0.0044389265566107,1.0,0.005711056297780451,-0.007027327915539683,0.8427083333333334,0.15729166666666666,0.004248364089944954,0.9375,0.9375
2023-12-22,21349.400390625,0.0044389265566107,-0.0048337639146878,-0.0049984502728748,0.0181216435816586,0.0781436415829208,1.0234128671564473,1.0517523038188672,1.106895041161566,72.11773582189667,-0.0049984502728748,0.0785412879829137,0.0019194886215463,0.0094639764825906,0.0072635171472106,0.936559369705742,50.0,0.78,0.38,0.92,0.8,0.9,0.98,0.4,0.32,0.1,0.0098471808885302,-0.0057033700315898,0.0697223147465224,61.81936563869117,0.9160675326488305,0.0218641261872259,-0.0084213268363984,21441.349609375,0.0043068759341071,1.0,0.009410612943717506,-0.010497713789882235,0.871875,0.128125,0.004114827779121891,0.875,0.875
2023-12-26,21441.349609375,0.0043068759341071,0.0137681866734657,0.0010597875373108,0.0211576840737397,0.0831864315000681,1.0251044841000894,1.0539558423859972,1.1104285395264668,73.71251491582858,-0.0007131020439558,0.0780127629663831,0.0007400127327199,0.0093249537121724,0.0071974268149889,0.7134383176506915,50.0,0.84,0.52,0.92,0.9,0.94,0.96,0.44,0.18,0.06,0.00692328866762,0.0056570710759618,0.0766952010054317,63.6044190953962,0.6045993178862299,0.0214156707652657,-0.0064912304946364,21654.75,0.0099527499207277,1.0,0.008811780492956705,-0.0009621119070472562,0.91875,0.08124999999999999,0.004791786116484258,0.9375,0.9375
2023-12-27,21654.75,0.0099527499207277,0.0188049053781886,0.0093995923338219,0.0357952395148128,0.08874195440754,1.0318374564160866,1.0617622324687306,1.1201263933613703,77.00045298349558,0.0,0.0775330364793718,0.0026258039850897,0.0096440598132544,0.0073177409979953,0.8300702242645869,50.0,0.8,0.68,0.96,0.88,0.92,0.98,0.38,0.2,0.04,0.0089961859833781,0.0111224756375835,0.0807614519671635,65.36028869836841,0.6996226046666598,0.0213457371998865,-0.0079805024403765,21778.69921875,0.0057238813077962,1.0,0.008857773883043223,0.008039467417576503,0.7041666666666666,0.29583333333333334,0.004355608263791366,0.75,0.75
2023-12-28,21778.69921875,0.0057238813077962,0.0201082381832846,0.0297184093973919,0.0407309265727429,0.0837007076854088,1.034026632670294,1.0650063143271755,1.1251212426065718,78.66928730337013,0.0,0.0817333003627316,0.0027822994954918,0.0097736581623145,0.0071854968509309,1.2406305723438165,50.0,0.76,0.94,0.96,0.94,0.94,0.98,0.48,0.52,0.02,0.0071794874611437,0.0357674799970786,0.0823889098335343,68.02547906932736,1.110958853483906,0.0216312209457957,-0.0013117978518745,21731.400390625,-0.0021717930740454,0.0,0.006630029529069657,0.04005874667651588,0.6458333333333333,0.35416666666666663,0.003299485796882767,0.6875,0.6875
2023-12-29,21731.400390625,-0.0021717930740454,0.0135276363910963,0.0224111254438972,0.02590326974899,0.0793839994730394,1.0286674152465427,1.0600870508347302,1.1213089596693726,76.3914130091147,-0.0021717930740454,0.0722077754377037,-0.0018848154204572,0.0096581912547109,0.0073051707909458,0.8850916457019636,50.0,0.4,0.94,0.94,0.94,0.94,0.98,0.52,0.12,0.04,-0.002283359362409,0.0293287428193332,0.0854395433062827,65.42680419293642,0.7033731642504141,0.0213629857752778,0.0060555438332433,21741.900390625,0.0004831718072126,1.0,-0.0002786763451950707,0.033829579192127195,0.4541666666666666,0.5458333333333334,0.004124063865972373,0.5,0.5
2024-01-01,21741.900390625,0.0004831718072126,0.0040245392177236,0.0183845912680693,0.0132942465299539,0.0727258360062694,1.0263137845227963,1.058084778566982,1.1204922091235756,76.55371438096844,-0.0016896706160172,0.0510035176793173,-0.0001679776986012,0.0098214042685821,0.0073100364150029,0.5125133120340788,50.0,0.52,0.96,0.9,0.92,0.94,0.98,0.48,0.06,0.04,0.000506389179697,0.0231573641184262,0.070198956582421,66.0576316392845,0.440467392548236,0.021554084655334,-0.0025268794238484,21665.80078125,-0.003500136051024,0.0,0.0027221971189103833,0.02684201185178786,0.5333333333333334,0.4666666666666667,0.003331211924746693,0.5,0.5
2024-01-02,21665.80078125,-0.003500136051024,-0.0051838925900038,0.0104681457074353,0.0115390272551056,0.0473248623773348,1.020513200143084,1.0521375477907715,1.115276720218975,72.65522070364781,-0.0051838925900038,0.0388730424241448,0.000434608685544,0.0099521662717547,0.0062507157439675,0.8950816333457792,50.0,0.4,0.72,0.8,0.88,0.96,0.98,0.56,0.2,0.16,-0.0035081653159506,0.0124039743437766,0.0546040720000515,63.6578515378598,0.8339722374901304,0.0216410762858132,0.0072792096227167,21517.349609375,-0.0068518663756694,0.0,2.1455293158759072e-05,0.01791962046979427,0.49583333333333335,0.5041666666666667,0.004834562386107383,0.5,0.5
2024-01-03,21517.349609375,-0.0068518663756694,-0.0098498383630326,-0.0063450462658307,0.002994905219753,0.0317548231561692,1.0122173545159123,1.0430906208707238,1.1064499908000225,65.6335224026871,-0.0120002396263407,0.0294815934641754,-0.0002169858350709,0.0100080485560207,0.0064147198130454,1.0786602341304836,50.0,0.38,0.5,0.8,0.72,0.94,0.98,0.54,0.18,0.12,-0.0044156829521874,-9.036964705422255e-05,0.0396735242795178,61.71711876419422,0.8138796925545684,0.022155715187138,0.0079187011233485,21658.599609375,0.0065644701863494,1.0,-0.0029889927917272647,0.006166578548088842,0.4291666666666667,0.5708333333333333,0.004533896368080933,0.375,0.625
2024-01-04,21658.599609375,0.0065644701863494,-0.0038313477549515,-0.0055145446552474,0.0240399812464395,0.0344307358269539,1.017035040350171,1.047885829576361,1.112454534158448,68.73016081255125,-0.0055145446552474,0.0362395946918665,0.0041106908369636,0.0095593949744243,0.0064914623547271,1.177144245284656,50.0,0.54,0.44,0.84,0.74,0.96,0.98,0.56,0.36,0.18,0.0016227562086772,-0.0029222415274556,0.0393479360890786,62.25234493561747,1.0556428912673153,0.0221833513267261,0.0049172002621246,21710.80078125,0.0024101822286055,1.0,0.0058909846951440085,0.005679677271608173,0.628125,0.37187499999999996,0.005717492996140804,0.625,0.625
2024-01-05,21710.80078125,0.0024101822286055,0.0020770060822743,-0.0009479190942469,0.0214419624159183,0.0387371209475704,1.0175977853203189,1.048338944577357,1.113859681934234,69.81273031755941,-0.0031176534841688,0.0384762740402557,0.00217698242155,0.0089139383106689,0.0064412112352568,1.0670300479525303,50.0,0.5,0.52,0.82,0.78,0.94,0.98,0.58,0.14,0.12,-0.0003517504709483,0.0016130987927979,0.0460334700577989,61.21017860968591,0.8325197483872027,0.0215140427820692,0.0072963491102284,21513.0,-0.009110708685643,0.0,0.001682698913428822,0.007712728883924378,0.4552083333333334,0.5447916666666667,0.0026903536007002724,0.5,0.5
2024-01-08,21513.0,-0.009110708685643,-0.0002021442907217,-0.0105280765026272,0.0076629603821023,0.0259234694005858,1.0075277550000097,1.0372101422939564,1.1025738226038984,61.17087017969547,-0.0121999581371348,0.0290150192305231,0.0016949548980607,0.0095058801654813,0.0068845649581675,0.8071123507365118,50.0,0.24,0.34,0.72,0.62,0.9,0.98,0.5,0.08,0.1,-0.0105828264644764,-0.0110962401170784,0.0301423078081859,56.2235786598322,0.6905386401695074,0.0218240294662964,0.0042188384076,21544.849609375,0.0014804820050666,1.0,-0.007918647896826017,-0.0028916469450830894,0.2791666666666667,0.7208333333333333,0.002785691683881422,0.1875,0.8125
2024-01-09,21544.849609375,0.0014804820050666,-0.0052519554380959,-0.0055825848809463,0.0048271215145312,0.0260869363002609,1.00815338930696,1.037169796244634,1.1030624229792887,61.98682763699149,-0.0107375379505526,0.0305384574494371,0.0065355649781526,0.0096381949090547,0.0068846792776112,0.7948263273182434,50.0,0.54,0.38,0.74,0.58,0.94,0.98,0.58,0.18,0.08,0.0007349872385621,-0.0066763165670518,0.0328182326308159,55.25676815678232,0.7579353344264999,0.0214816962707784,0.006731296330555,21618.69921875,0.0034277152411805,1.0,0.0054632842434267324,0.0025786579973368995,0.5354166666666667,0.46458333333333335,0.0034408746647589666,0.625,0.625
2024-01-10,21618.69921875,0.0034277152411805,-0.0042422001577915,0.0047101344363917,-0.0016647978503561,0.0340708498266595,1.010491828023744,1.0390654735821767,1.1056679508314329,63.88205644262719,-0.0073466279318579,0.0330850636780353,-0.0007216958301827,0.0085729264789655,0.0067681666964439,0.7581713047883584,50.0,0.56,0.52,0.74,0.6,0.9,0.98,0.48,0.08,0.04,0.0011275279628322,0.0039296979473181,0.0335698795095574,54.2686424608636,0.7199185113138871,0.0202118338092164,-0.000500970317102,21647.19921875,0.0013183031833516,1.0,0.0025068764243494006,0.007880725209571341,0.5989583333333333,0.40104166666666663,0.00476262571125961,0.625,0.625
2024-01-11,21647.19921875,0.0013183031833516,0.0062380522823408,-0.0005263678552913,-0.0060380098314957,0.0344469830061551,1.0106858377066208,1.038788073633059,1.1059466991420253,64.61526052944083,-0.0060380098314957,0.0235009595177781,0.0032055944045834,0.0079716628633266,0.0067665493430745,0.748700783933762,50.0,0.5,0.46,0.8,0.58,0.92,0.96,0.46,0.14,0.06,-0.0005444197529201,-0.001846970938888,0.0291407737925255,54.64555654917936,0.6722268482568331,0.0200156076977542,-0.0053062092136295,21894.55078125,0.0114264926377058,1.0,0.0006699094187991267,0.0025049903880804045,0.5010416666666666,0.4989583333333333,0.005106579333462963,0.4375,0.5625
2024-01-12,21894.55078125,0.0114264926377058,0.0162313118084069,0.0084635293673134,0.0075075875319743,0.0336053283459691,1.0200743582812417,1.0485747008765032,1.1172654867095069,70.25839877590579,0.0,0.035195985696393,0.005836854977089,0.0082828777902198,0.0067012616935922,1.0456287255180243,50.0,0.62,0.5,0.74,0.72,0.88,0.96,0.52,0.3,0.12,0.0040058196324593,0.0010118461244253,0.0358777155181083,59.77047363656335,0.8619876233284889,0.0199940274336525,0.0022723871721391,22097.44921875,0.0092670746948486,1.0,0.007520689583385638,0.008210036182150117,0.6875,0.3125,0.005901894026645279,0.75,0.75
2024-01-15,22097.44921875,0.0092670746948486,0.0221451806677053,0.027167257878957,0.0163531624070134,0.0298648119095505,1.0266404076281117,1.05587822800354,1.1261891854379324,73.93102974353947,0.0,0.044789224219649,0.0072437937165086,0.0084437582422361,0.0064214444957648,1.2624463323284918,50.0,0.62,0.76,0.68,0.74,0.9,0.96,0.5,0.26,0.1,0.0052522334320103,0.0140022670150206,0.0273545625948915,59.03811140179619,0.8608887966777168,0.0202068940439754,-0.002510249314659,22032.30078125,-0.0029482333845447,0.0,0.0054053552283001806,0.021733494949686336,0.5583333333333333,0.43125,0.005593023951571064,0.625,0.625
2024-01-16,22032.30078125,-0.0029482333845447,0.0177899024538212,0.0226249512395246,0.0169160606478564,0.0286502827878265,1.021316775095926,1.0505913420713906,1.1214978002671283,70.90348538660356,-0.0029482333845447,0.0417089417489919,-0.0007670215047091,0.0082092019268685,0.0064582193451548,1.060150103332004,50.0,0.32,0.72,0.74,0.74,0.84,0.96,0.46,0.2,0.18,-0.0051035360282019,0.013584486853463,0.0263935879879189,59.41411414200535,0.9133492053450604,0.0202612770004934,-0.0022566947999076,21571.94921875,-0.0208943935120824,0.0,-0.0014706861609529063,0.014611477937217114,0.40625,0.59375,0.0037268069334107272,0.375,0.625
2024-01-17,21571.94921875,-0.0208943935120824,-0.0147343311914975,-0.0021624797832171,0.0025374690826798,0.0055399737818335,0.9999791727845794,1.027485870600855,1.0969943708116896,54.05768934014116,-0.023781025348125,0.0199430651950336,-0.0174766487201231,0.0094941378303343,0.00816164333445,1.5937368936110723,50.0,0.2,0.44,0.58,0.52,0.7,0.92,0.52,0.16,0.56,-0.011799286855779,-0.0052653817990812,0.0140276954160626,55.14148914930256,1.1189530523216658,0.0210810049232305,0.008487721634229,21462.25,-0.0050852715087356,0.0,-0.013032558977893939,-0.0009456667994560651,0.17708333333333334,0.8229166666666667,0.004279445286513193,0.125,0.875
2024-01-18,21462.25,-0.0050852715087356,-0.0287453638862092,-0.0085437943671624,-0.0090656650437367,0.0147563777850647,0.9953780446299092,1.021369197664991,1.0904239954622663,50.95115213307862,-0.0287453638862092,0.009748234472946,-0.0073127374072847,0.0101570313241022,0.0075478469770004,1.3481151449754605,50.0,0.42,0.38,0.62,0.4,0.64,0.88,0.5,0.22,0.38,-0.0040447873213155,-0.0115359224852678,0.0174224094495565,49.302745846264514,1.0584442309577575,0.021474422496576,0.0026660316644917,21622.400390625,0.0074619571864553,1.0,-0.008356878456463702,-0.009872612404110588,0.35104166666666664,0.6364583333333333,0.006770260011781836,0.25,0.75
2024-01-19,21622.400390625,0.0074619571864553,-0.0186045204581554,-0.0124300513558863,-0.0040717240932607,0.0172829325676819,1.0025376432333406,1.0278220936197355,1.0974843859525667,55.0155022147453,-0.0214979033743819,0.0127872443724406,0.0071264298361075,0.0102629944302114,0.007641284597863,1.180782599717796,50.0,0.82,0.46,0.74,0.6,0.7,0.9,0.54,0.38,0.06,0.0102353935441763,-0.0029043646304892,0.0209983110031584,53.401898404246666,0.9195136755196676,0.0218800658955578,0.0037153784354764,21238.80078125,-0.0177408429427344,0.0,0.012064500812938713,-0.005388643889591681,0.809375,0.190625,0.005071315486526199,0.875,0.875
2024-01-23,21238.80078125,-0.0177408429427344,-0.0154435945552121,-0.0388573553897535,-0.0127457453051643,-0.0051804550643758,0.9861839278974605,1.0092082143213192,1.077177918150529,45.327046526603205,-0.0388573553897535,0.0,0.0043611637200968,0.0116513479753812,0.0086422756290318,1.504919349441135,50.0,0.18,0.18,0.54,0.42,0.58,0.82,0.56,0.18,0.62,-0.0213722421256815,-0.0276197602314089,0.0069713529933892,47.86792586261311,1.3419478372457698,0.0234431251375749,0.012151808057765,21453.94921875,0.0101299710711508,1.0,-0.016695913852427892,-0.027290424481567037,0.16666666666666666,0.8333333333333333,0.008527068931297508,0.125,0.875
2024-01-24,21453.94921875,0.0101299710711508,-0.000386761930832,-0.0262501664370972,-0.0042191239332414,0.0005876313573791,0.9965370671352332,1.0186552305025198,1.0871368082099953,50.58342732626036,-0.0291210082046022,0.0101299710711508,-0.0025213655799849,0.0120955060591392,0.0088972793794358,1.322107585490883,50.0,0.82,0.38,0.54,0.52,0.68,0.86,0.54,0.4,0.16,0.0163527824631792,-0.0110864628844083,0.007877396292772,53.04639912991962,1.1597744860927408,0.0236827897836405,0.0072897649353929,21352.599609375,-0.0047240537554001,0.0,0.012337956297366504,-0.013590986170684414,0.81875,0.18125,0.005474988460203479,0.875,0.875
2024-01-25,21352.599609375,-0.0047240537554001,-0.0124778367052614,-0.0101682795166393,-0.0123087706009716,-0.0139530768364908,0.9926017704952592,1.0132929675087992,1.0811189964469,48.23103666009108,-0.0337074927518323,0.0053580627878699,3.0315659758972657e-05,0.0122989295499302,0.0086405727403149,1.3218463484034144,50.0,0.34,0.46,0.46,0.56,0.62,0.84,0.52,0.2,0.38,-0.0052853657286155,-0.00489261239588,-0.0025947136790025,52.73423724681248,1.093411699079207,0.0246356347932334,0.0113583631574882,21737.599609375,0.0180305914522447,1.0,-0.0042448392248398414,-0.004275205607291842,0.3895833333333333,0.6104166666666666,0.006090070964502722,0.4375,0.5625
2024-01-29,21737.599609375,0.0180305914522447,0.0234852632812181,0.012829484763946,0.0041760779171238,-0.0018871471138925,1.0094895771837182,1.030287975277159,1.099511472271987,56.505804717356106,-0.0162846673302754,0.0234852632812181,0.0037700327581966,0.0130348459007641,0.009513719665921,1.194053505768987,50.0,0.76,0.64,0.48,0.62,0.68,0.86,0.48,0.44,0.08,0.010480694908823,0.0176279225950031,-0.0058825577221837,54.373338419687215,1.0576417542491496,0.0247690006955094,-0.0039954106082911,21522.099609375,-0.0099136981024832,0.0,0.020500286504084517,0.02350408314950901,0.8583333333333334,0.14166666666666666,0.005651925743131816,0.9375,0.9375
2024-01-30,21522.099609375,-0.0099136981024832,0.0031765895374376,-0.0046387440542211,-0.0170111355832867,-0.0096312606407221,0.9995311313022386,1.0192716242675028,1.0876522601762233,51.53987102184336,-0.0260369241571469,0.0133387393687076,0.0017550415552114,0.0132987849063213,0.0097588805423737,1.1696654089619258,50.0,0.28,0.42,0.5,0.54,0.64,0.84,0.52,0.14,0.3,-0.0049062703576351,-0.0056053594594183,0.0008965188427121,52.12508774301424,0.967184026751838,0.0248877917669068,0.0105277794834343,21725.69921875,0.0094600254190029,1.0,-0.008591688244877098,0.002764755800374035,0.2552083333333333,0.7447916666666667,0.006820723426569163,0.1875,0.8125
2024-01-31,21725.69921875,0.0094600254190029,0.0174732639678771,0.022924949601196,-0.0168232087025033,-0.0007451589596089,1.0081238899404434,1.0277486153462962,1.096872529776981,55.5173917030272,-0.0168232087025033,0.022924949601196,-0.0016192476574088,0.0134406313930437,0.0100067879252417,1.2311105780762772,50.0,0.92,0.74,0.5,0.66,0.7,0.88,0.5,0.62,0.08,0.0115103467439591,0.0310720382197927,-2.636568678665574e-05,56.03552786923216,1.168519715323412,0.0253184079994587,0.0007187932728222,21697.44921875,-0.0013003033741542,0.0,0.008235390243068796,0.02834987177917367,0.846875,0.153125,0.003907109166511222,0.875,0.875
2024-02-01,21697.44921875,-0.0013003033741542,-0.0018470480341207,0.0113498916920709,-0.0151982112909863,0.0014607554929328,1.0061601666255535,1.025350199543632,1.094406889118854,54.84474181810526,-0.0181016368016175,0.021594836837723,0.0025293166089483,0.0133955825483415,0.0099782194129261,0.986764007597341,50.0,0.4,0.66,0.54,0.64,0.72,0.86,0.54,0.24,0.26,-0.0030105959837702,0.0113999860230189,0.0108254602299638,55.42197258310665,1.0054665007330614,0.0254354039467504,0.0093647047370309,21853.80078125,0.0072059881750932,1.0,-0.00544209961768129,0.01058650242960394,0.35104166666666664,0.6489583333333333,0.005514157210925014,0.3125,0.6875
2024-02-02,21853.80078125,0.0072059881750932,0.0154121195373759,0.0234726066635437,0.0130656511213653,0.0156362738898108,1.012117873253105,1.0314146515111984,1.1011723521900665,57.88601095645737,-0.0110260888072665,0.0289564371517121,0.0053140247080454,0.0142691791287224,0.0099563374092439,1.2890642057611972,50.0,0.78,0.8,0.58,0.72,0.72,0.88,0.52,0.42,0.1,0.0059966818065914,0.0233334726374019,0.0214449037541252,58.22187166834545,1.0209577740538518,0.0256361862595448,0.0058086298643144,21771.69921875,-0.0037568550808078,0.0,0.011905348449905165,0.027117803480921042,0.7458333333333333,0.25416666666666665,0.006015300738844697,0.75,0.75
2024-02-05,21771.69921875,-0.0037568550808078,0.0021173081490653,0.001568692495389,0.014418302775804,0.0052219262286026,1.0075175877902325,1.026431239409656,1.0959772122675535,55.76217904609525,-0.0147415204703172,0.0250907969328688,0.0030772679166042,0.0141796201629198,0.0099104795022993,1.2645409297588823,50.0,0.34,0.6,0.58,0.58,0.66,0.86,0.56,0.2,0.2,-0.0049652657874112,0.0078527548396357,0.0296060810399598,55.86131141488183,0.8408195365891127,0.0266774995346089,0.0243841548113572,21929.400390625,0.0072434021015312,1.0,-0.009892409521316422,-0.0030905668656109287,0.30104166666666665,0.6989583333333333,0.0067277803011921945,0.375,0.625
2024-02-06,21929.400390625,0.0072434021015312,0.0106902507081134,0.0189247698246215,0.014198238606899,0.0100687032034205,1.0133855612962257,1.0324948556678402,1.102775558975032,58.882781386206126,-0.0076048971291404,0.0325159417656326,0.0024573185336826,0.0140543597884907,0.0100227494797604,1.0549663036369323,50.0,0.7,0.68,0.6,0.64,0.68,0.84,0.56,0.28,0.1,0.0083687970967903,0.0291809612771739,0.0345310937117758,58.59871507893645,0.8957422164260449,0.0267562911546069,0.0244623905083553,21930.5,5.014315737827957e-05,1.0,0.009681041720423646,0.014963027835460885,0.7906249999999999,0.209375,0.007639406878304004,0.875,0.875
2024-02-07,21930.5,5.014315737827957e-05,0.0035096512280741,0.0094266600668599,0.0325677153749963,0.0194068702644911,1.0121411842992474,1.0312304292633994,1.101703600659267,58.90454979289313,-0.0075551353053157,0.0325677153749963,0.0052737598185512,0.0141800308889771,0.0097640576683243,0.9689152513919588,50.0,0.54,0.64,0.66,0.68,0.68,0.84,0.62,0.16,0.06,0.0011747319377415,0.0182257140636448,0.0502315918863247,59.39407055738509,0.8013782023031499,0.0267907569323384,0.0308247216218335,21717.94921875,-0.0096920171108729,0.0,0.0013745994892279828,0.00773153474319079,0.55,0.45,0.0041755492790913834,0.625,0.625
2024-02-08,21717.94921875,-0.0096920171108729,-0.002468801330569,0.0009448115210834,0.012305426721588,0.0080343846679569,1.0021089792227698,1.020385975815355,1.09003858979886,53.05723491121083,-0.0171739279155346,0.0225600514094468,0.003609146650783,0.0138711820438394,0.0100509268599188,1.3253808682040833,50.0,0.3,0.62,0.64,0.56,0.6,0.82,0.58,0.16,0.28,-0.0114375845458281,0.0089465561811536,0.0346144547149539,55.79221564711332,0.9520024768002942,0.0270503596561014,0.026580070046997,21782.5,0.0029722318898448,1.0,-0.009178312431886588,0.0040882660691953995,0.28125,0.71875,0.006525448942849299,0.1875,0.8125
2024-02-09,21782.5,0.0029722318898448,-0.0066987873817015,-0.0032626261199916,0.0201333982039475,0.0075768102230653,1.0046007284784222,1.0224797701885195,1.0922646587447975,54.53336270027387,-0.0142527409219141,0.0255993370035274,0.0004167419841918,0.0134633017063993,0.0100443344273318,0.9259038300918744,50.0,0.54,0.5,0.6,0.54,0.64,0.82,0.6,0.12,0.1,0.0008834105673014,-0.0018327600673203,0.0281272909942583,53.12040150293127,0.7942642324094795,0.0274858545863447,0.020550480771193,21616.05078125,-0.0076414194307357,0.0,0.0018239377098997751,-0.006238266605242601,0.49687499999999996,0.503125,0.006489764509694283,0.5,0.5
2024-02-12,21616.05078125,-0.0076414194307357,-0.0143384427509632,-0.007149117573972,-0.0055916398456699,-0.0014389130522262,0.9972162753075936,1.0140833135087362,1.0830138821544648,50.15386189914159,-0.0217852491812279,0.0177623023015989,0.0008401598186618,0.0137275662928529,0.0102010039410457,0.7545485573262621,50.0,0.3,0.44,0.62,0.5,0.64,0.82,0.62,0.12,0.08,-0.0040930733608065,-0.0040374311227729,0.0144594760834493,51.47123594504378,0.6013788312439314,0.0279003455603777,0.0158983891356755,21743.25,0.0058844800115076,1.0,-0.006870633095581781,-0.00348125424639129,0.28958333333333336,0.7104166666666667,0.006299128687465962,0.25,0.75
2024-02-13,21743.25,0.0058844800115076,0.0011649710106218,-0.0084886220010184,0.0102755026061056,-0.0069104309451998,1.0027898050848307,1.0192492301680032,1.088418792675711,53.244061129265496,-0.0160289640330729,0.0237513042259587,0.0022321376133078,0.0125493841684857,0.0099457128281163,0.9515015151712208,50.0,0.72,0.36,0.56,0.54,0.6,0.82,0.58,0.14,0.06,0.0061150655451985,-0.0067549743078997,0.0159193978410427,52.9707348794135,0.8097419425649912,0.0262734954220716,0.0228298287862426,21840.05078125,0.0044519922849619,1.0,0.0033683043747561206,-0.009823579701597659,0.6656249999999999,0.334375,0.008767766967613468,0.75,0.75
2024-02-14,21840.05078125,0.0044519922849619,0.0026420650177894,-0.0041243573447937,0.0052634238073825,-0.0116483325723221,1.006558808362097,1.022832800587936,1.092250811374372,55.50478428204203,-0.008725824956221,0.0283090371340926,-0.0075931431306267,0.0124790446450784,0.009758462878401,0.9324245374878286,50.0,0.68,0.4,0.54,0.56,0.64,0.84,0.56,0.2,0.08,0.0057499497307944,-0.0075886454337865,0.0124626536038761,54.34751273166467,0.7205226468146249,0.0263351956124052,0.0241109861761982,21910.75,0.0032371361888359,1.0,0.005699817050725968,-0.005512504713015156,0.7,0.30000000000000004,0.005744894751447542,0.75,0.75
2024-02-15,21910.75,0.0032371361888359,0.0136333515188455,0.0088774855907456,0.0098306846624935,-0.0055169354511283,1.0088739103021895,1.0250928742111494,1.0947431759988615,57.134959454262784,-0.0009005722623742,0.0316378135315063,0.0030448647151082,0.0122663244945811,0.0097761322868398,0.8907227129134163,50.0,0.5,0.66,0.54,0.54,0.64,0.82,0.54,0.14,0.06,0.0003012422744542,0.010270232368058,0.0250441203116166,53.73307169234601,0.7546244114415103,0.025314749983346,0.0305610557627449,22040.69921875,0.0059308430222606,1.0,0.00571274145961393,0.009505694594752461,0.5697916666666667,0.409375,0.00498030303914705,0.625,0.625
2024-02-16,22040.69921875,0.0059308430222606,0.0136800716889149,0.0118535162974864,0.0085522165856088,0.0217296079851962,1.0134234002654836,1.0299135187601405,1.1001277423370266,60.033384487123605,0.0,0.0377562954593901,0.0049998645071482,0.0113749021981023,0.0085560006953136,0.8998613182615066,50.0,0.76,0.72,0.64,0.66,0.68,0.82,0.54,0.26,0.0,0.0069450527380772,0.0157213366204928,0.0398682215527503,56.79136615012016,0.8504403514253928,0.0246589950158608,0.018138613567554,22122.25,0.0037000088082788,1.0,0.008386568480805035,0.016226837378312955,0.73125,0.26875,0.004543552708745213,0.75,0.75
2024-02-19,22122.25,0.0037000088082788,0.0129211796060599,0.0234177474818426,0.0161012136778053,0.0307516686274738,1.0155121741049544,1.0323588946771514,1.1030545796100866,61.77996669058466,0.0,0.0415960028934365,0.0028470058675189,0.0108626924775153,0.0084459947869051,0.0,50.0,0.56,0.84,0.68,0.68,0.68,0.84,0.56,0.04,0.06,0.0026556504055396,0.0214369850026502,0.0537644526630427,58.94918019470222,0.5566985571678085,0.0240986404868098,0.0230127840355689,22196.94921875,0.003376655573009,1.0,0.00413696031778414,0.027556933586708077,0.6322916666666667,0.3677083333333333,0.00508679991737292,0.6875,0.6875
2024-02-20,22196.94921875,0.003376655573009,0.0130620457423866,0.020866209915721,0.012200462546134,0.0265719262313777,1.0171064255824946,1.0343907936517562,1.1056045325748758,63.35948911455442,0.0,0.0451131138414306,-0.0010419727310738,0.0104311335416433,0.0083442650419786,0.8203975751522465,50.0,0.52,0.76,0.64,0.7,0.68,0.84,0.5,0.12,0.08,0.0010622089226303,0.0151855330979221,0.0284958734298833,56.552185249160665,0.6930749302016835,0.0236661125854366,0.0019239471985056,22055.05078125,-0.00639270001033,0.0,0.001282022662092448,0.025396800468658984,0.5541666666666667,0.44583333333333336,0.005016517272627728,0.5,0.5
2024-02-21,22055.05078125,-0.00639270001033,0.0006511391656662,0.009844299454861,0.0056793407013064,0.0384320192277805,1.0095847493682757,1.0266598589998848,1.0974607126289644,58.42041430621448,-0.00639270001033,0.0328976885590355,0.0023381767518375,0.0107484376490838,0.0072984033930387,1.0233733417561592,50.0,0.32,0.7,0.72,0.6,0.68,0.84,0.48,0.14,0.1,-0.0062465467786346,0.0139598359647579,0.0336513574218029,55.55316201892997,0.837702945282423,0.0238312035473644,-0.0047806618059775,22217.44921875,0.0073633218581414,1.0,-0.007647492496444273,0.01171967872315397,0.21875,0.78125,0.0035983621045777856,0.125,0.875
2024-02-22,22217.44921875,0.0073633218581414,0.0043033244245047,0.0139976595392672,0.0229994091508769,0.0355878534164109,1.015372906545892,1.032833484766723,1.1043818849290834,62.06511313363646,0.0,0.0405032466864261,0.001201538834022,0.0105023666620627,0.0071593506415192,0.973156739145832,50.0,0.72,0.82,0.66,0.7,0.7,0.84,0.5,0.32,0.16,0.0072910605035729,0.0145481468211066,0.0323913444132512,57.973733427257166,0.989926365809191,0.0234325000319821,-0.0031965090031597,22212.69921875,-0.0002137959201901,0.0,0.007832678542547872,0.013879235377177255,0.7427083333333333,0.2572916666666667,0.0043947754727304295,0.8125,0.8125
2024-02-23,22212.69921875,-0.0002137959201901,0.0007095569686079,0.0078037451667449,0.0197497632847469,0.0402807913373399,1.0136926480253787,1.0312937185590023,1.1030027569232144,61.89421865917849,-0.0002137959201901,0.0320879292406106,0.0032654865342856,0.0100995958890452,0.007013433108853,0.6581821358884002,50.0,0.48,0.64,0.74,0.72,0.72,0.84,0.52,0.06,0.1,-0.0008761118169734,0.0068499475474651,0.0515914370105343,55.35066051730199,0.8040822625260864,0.0228005083193189,0.0113106456731943,22122.05078125,-0.0040809285088362,0.0,-0.00038192470736391073,0.005097479559549704,0.48020833333333335,0.5197916666666667,0.003066009903852144,0.4375,0.5625
2024-02-26,22122.05078125,-0.0040809285088362,0.0030378529011123,-9.005356597979741e-06,0.0234085312400778,0.0176859993183973,1.0086378995425,1.0259953113365676,1.0974258787915674,58.57927711882275,-0.0042938519431605,0.027876052186547,-0.0019583392172024,0.0098946174599797,0.0060267811199606,0.6204374113607524,50.0,0.28,0.4,0.62,0.58,0.68,0.82,0.56,0.06,0.04,-0.0052350448863538,-0.0035027887935423,0.0328766977028623,55.75698050480978,0.6268102879771162,0.0226062236421676,0.015190698384465,22198.349609375,0.0034489943486464,1.0,-0.003547503653060649,-0.002556195939546809,0.3802083333333333,0.6197916666666667,0.0037783363252757948,0.375,0.625
2024-02-27,22198.349609375,0.0034489943486464,-0.0008596670656,6.308932868193118e-05,0.0209306156795787,0.0314211908816473,1.0109500798020403,1.0283429420816046,1.1001030097729272,60.49705157306112,-0.0008596670656,0.0269382614806814,-0.0014398105679693,0.0096657714597181,0.0054815829216651,0.7670782894336639,50.0,0.6,0.44,0.66,0.6,0.72,0.82,0.54,0.16,0.06,0.0019564249080165,-0.0026477191288972,0.0426881849419453,58.28893289436574,0.7882880130370866,0.0220425775298447,0.011266994060298,21951.150390625,-0.0111359278099485,0.0,0.0028937443064919093,-0.000880758545331848,0.5645833333333333,0.4354166666666667,0.0037323593600191657,0.625,0.625
2024-02-28,21951.150390625,-0.0111359278099485,-0.0117747431570236,-0.0047109567624904,0.0050869666232817,0.0103771652918966,0.9997215176074986,1.0162182388088146,1.086902223605448,52.08325707723414,-0.0119860216851654,0.0155023511355585,0.000709512205959,0.0096690318726304,0.0058425436601118,0.6375628140703518,50.0,0.08,0.36,0.6,0.54,0.62,0.82,0.48,0.02,0.18,-0.0105178834434235,-0.0062811709210325,0.0066134552771159,53.17187452828431,0.6916125232477385,0.0214992905191674,-0.0037637100147807,21982.80078125,0.0014418556686905,1.0,-0.01545504709513266,-0.008714023527422513,0.09583333333333333,0.9041666666666666,0.005074304350022929,0.0625,0.9375
2024-02-29,21982.80078125,0.0014418556686905,-0.0062946243717162,-0.0105614481297867,0.003288375854318,0.0131513875028872,1.001052096001659,1.0169782351861,1.0875120512142005,52.98485343670356,-0.0105614481297867,0.0169665589571117,-0.0007266667847081,0.009737485263629,0.0058294283229757,1.1263817877636535,50.0,0.64,0.34,0.54,0.48,0.62,0.8,0.52,0.44,0.3,0.0023397176570296,-0.0115049259042604,0.0236740282504093,51.62636716605813,1.3819953334579425,0.0218205116260638,0.010522640747522,22338.75,0.0161921687000685,1.0,0.0030652321487045615,-0.013411963252635942,0.6854166666666667,0.3145833333333333,0.004516785079968728,0.625,0.625
2024-03-01,22338.75,0.0161921687000685,0.0063248121187218,0.0056747169719741,0.0135227461838618,0.0221906122236674,1.015591735270607,1.032091646426095,1.1039665002965784,61.71050965680675,0.0,0.0334334530420736,0.0029796021285817,0.0099454073638856,0.0066485035403134,1.115094219909904,50.0,0.74,0.6,0.64,0.64,0.68,0.8,0.56,0.26,0.16,0.013573677540111,0.0028445857923219,0.0312305584616412,56.25167103407705,0.9481845626263012,0.0215808937313326,0.0090399462379737,22405.599609375,0.0029925402887358,1.0,0.016127724127419325,0.0028553596619330093,0.8541666666666667,0.14583333333333334,0.004084172412183781,0.875,0.875
2024-03-04,22405.599609375,0.0029925402887358,0.0207027518222502,0.0128174747869815,0.0128083540044525,0.0291157977269445,1.0168267028692577,1.033754038070627,1.1060895634370709,63.09577173371388,0.0,0.0365260442860295,0.0028985507246377,0.0095290298387197,0.0065586750011244,0.9697520446579256,50.0,0.54,0.62,0.7,0.7,0.72,0.8,0.54,0.16,0.1,0.0016181631090003,0.0073473954520374,0.0405104307793292,56.63215692319544,0.831680030326341,0.0211374444428557,0.0113946330523847,22356.30078125,-0.0022002905070378,0.0,0.0033709495155745607,0.009675783474207325,0.49583333333333335,0.44166666666666665,0.005392041399207859,0.5,0.5333333333333333
2024-03-05,22356.30078125,-0.0022002905070378,0.0169905556492406,0.0071154466279912,0.0071789848654244,0.0194670343475285,1.0131816077441016,1.030207698423914,1.1025187056861874,61.33350142835504,-0.0022002905070378,0.0342453858704894,-0.0015330814606107,0.0089337243158444,0.0064593135270851,0.9731256981404824,50.0,0.38,0.52,0.6,0.58,0.66,0.78,0.56,0.08,0.2,-0.0035695433717544,0.0014097945730853,0.0259841769527169,55.02957010512823,0.8395730819371165,0.0215112422272237,0.0065171426051884,22474.05078125,0.0052669715420341,1.0,0.00016043477955382458,0.0072707899805288505,0.35520833333333335,0.5822916666666667,0.004283661638756652,0.375,0.6
2024-03-06,22474.05078125,0.0052669715420341,0.0060567749426445,0.0238210928046997,0.018997915903971,0.024785152242311,1.0167248904325523,1.034188594948512,1.1071322988887102,63.92520396783477,0.0,0.0396927268853493,-0.0012882623798904,0.0092486066333595,0.0065246097858011,1.0317827408484208,50.0,0.64,0.64,0.62,0.62,0.64,0.8,0.48,0.24,0.18,0.0023435794114143,0.021285309737731,0.0208009621055443,55.5560722443658,0.9460076251470102,0.0220149420739144,-0.0039841901367666,22493.55078125,0.000867667346212,1.0,0.0016464859272895425,0.024959431619279902,0.5666666666666667,0.43333333333333335,0.0046963885667070234,0.5625,0.5625
2024-03-07,22493.55078125,0.000867667346212,0.0039254103174368,0.0232340730866122,0.0124272394990776,0.0357124678158098,1.0159035376000034,1.0336636894316087,1.1069023909530034,64.3513435281924,0.0,0.0405948343145619,0.0013904925420062,0.0090429131683404,0.0059990638504295,1.2786079698438342,50.0,0.6,0.7,0.72,0.72,0.66,0.82,0.46,0.38,0.16,0.0020736009823614,0.0187418525088939,0.0286612258198122,56.04445088238254,1.076752579459654,0.0216673748989142,-0.0070512419959976,22332.650390625,-0.0071531788017711,0.0,0.004797571315576275,0.026255491451145287,0.6375,0.3625,0.004846271210235313,0.6875,0.6875
2024-03-11,22332.650390625,-0.0071531788017711,-0.0010578847930349,-0.0002730506127245,0.0054001168743034,0.0252565311890278,1.0078076427671785,1.025213548992522,1.0979031727834452,58.23821922699758,-0.0071531788017711,0.0331512734045105,0.0010647149035252,0.0092799783568808,0.0063116463626088,0.9466709815877774,50.0,0.38,0.58,0.64,0.68,0.68,0.82,0.5,0.18,0.26,-0.0040868369402983,0.0037658184443226,0.0278020693871415,55.76586925338964,0.8597524511978708,0.0215207933470002,0.0025455381981137,22335.69921875,0.000136518866846,1.0,-0.004915236279550847,0.0049780972587899425,0.34895833333333337,0.6510416666666666,0.00479821756725462,0.25,0.75
2024-03-12,22335.69921875,0.000136518866846,-0.0061560581065975,-0.0031197732639902,0.009657713907839,0.0332923180456363,1.0071831038180217,1.0243350594293403,1.0969827834923858,58.31901787219582,-0.0070176364787892,0.0272475006611248,8.054700599946507e-05,0.0093644193426037,0.0059639123293598,1.0171854017576365,50.0,0.24,0.38,0.66,0.58,0.66,0.82,0.48,0.1,0.22,-0.0053114037404264,-0.0039424945965272,0.027898814558495,53.83151276854991,0.8111932711896124,0.022187289279624,-0.0053935034871412,21997.69921875,-0.0151327252704165,0.0,-0.006640244048138564,-0.004943801967212146,0.16979166666666667,0.8302083333333333,0.0038217649366263646,0.125,0.875
2024-03-13,21997.69921875,-0.0151327252704165,-0.0220441657843246,-0.016040290654917,-0.0090389778589783,0.0117024464488979,0.9927035380541472,1.0084847045495424,1.0795190177623468,47.37569720387036,-0.0220441657843246,0.0072183182667022,0.0043204378360803,0.0104488212888132,0.0069497442274901,1.64148808731532,50.0,0.14,0.32,0.48,0.28,0.48,0.78,0.38,0.12,0.6,-0.0188296892388089,-0.0171552165193237,-0.0022477234633229,46.113777676230775,1.21971027419193,0.0229498031102901,-0.0139501699122209,22146.650390625,0.0067712159528048,1.0,-0.031505442080410444,-0.03609561768957265,0.0625,0.9375,0.00643254310444517,0.0,1.0
2024-03-14,22146.650390625,0.0067712159528048,-0.0083286128939752,-0.0145679296452488,0.008906139155399,0.0140384110113067,0.9994800483847,1.0147040177449624,1.08589050069951,51.6788620602434,-0.0154222156385449,0.010766422446744,-0.0006886373592692,0.0100877880106098,0.0070361268782735,1.404080289568937,50.0,0.7,0.36,0.48,0.46,0.56,0.78,0.38,0.5,0.28,0.0110860424911178,-0.0097146200747829,-0.0015806003120231,50.09830762050682,1.1819762557766325,0.0229966211816836,-0.0156190113233298,22023.349609375,-0.0055674686273187,0.0,0.01744413295136317,-0.02143915865867258,0.8218749999999999,0.17812499999999998,0.005752490568145018,0.9375,0.9375
2024-03-15,22023.349609375,-0.0055674686273187,-0.0139843219733544,-0.0209038215641323,0.0018445706044694,0.0051390121002248,0.9944917612773768,1.008696511268783,1.078987609628939,48.16760014674976,-0.0209038215641323,0.0032890858777421,-0.0036935960882205,0.0104801132777033,0.0071449989062988,2.069094946904177,50.0,0.28,0.26,0.5,0.36,0.56,0.78,0.4,0.26,0.62,-0.0039015871154681,-0.0123791305272928,0.0003799827673985,47.51790268049365,1.5655914995494362,0.0235461904383991,-0.0047590293328262,22055.69921875,0.0014688778023679,1.0,-0.001098906406060087,-0.027166513443005035,0.3729166666666667,0.6270833333333334,0.004727422455577318,0.4375,0.5625
2024-03-18,22055.69921875,0.0014688778023679,0.0026366393786565,-0.0124011779627939,-0.0126708424262772,0.0006805591715184,0.9963366076211628,1.0097751178529957,1.0797068917224877,49.14389560596052,-0.0194656489212445,0.0047627949453461,-0.0015097612574721,0.0106901439393005,0.0070279905273245,1.1123078123780534,50.0,0.46,0.26,0.44,0.4,0.54,0.8,0.44,0.06,0.08,-0.0013934917951702,-0.0154782285892561,-0.0134265778889526,48.04431560395841,0.6603196067512058,0.0233897944289395,-0.014107137060471,21817.44921875,-0.0108021966402886,0.0,-0.0005187704841712127,-0.02314474951944838,0.4177083333333333,0.5822916666666667,0.005213110861212904,0.5,0.5
2024-03-19,21817.44921875,-0.0108021966402886,-0.0148646032726627,-0.0232027658916963,-0.026250151787007,-0.013778019019313,0.9869299329355607,0.9989116986182424,1.0673210541393114,42.75641252814357,-0.0300575737941551,0.0,-0.0049533682390411,0.0112324915327618,0.0073721006489436,1.0197461004044026,50.0,0.2,0.18,0.28,0.2,0.38,0.8,0.36,0.1,0.24,-0.0118080737794301,-0.0258420096866944,-0.0305205850396169,43.4813461195119,0.8654329549449483,0.0241867541502017,-0.0167425660203038,21839.099609375,0.0009923428906801,1.0,-0.012711028247306109,-0.02907444287048406,0.19791666666666666,0.8020833333333333,0.0048716650296958515,0.125,0.875
2024-03-20,21839.099609375,0.0009923428906801,-0.0083661206523083,-0.0072098271640979,-0.0231344700957312,-0.0161215672409936,0.9890481895687228,0.9999067666157632,1.0676537709460927,43.47538997598659,-0.0290950583231408,0.0009923428906801,0.0012123860864663,0.010918492981332,0.0073223685784213,0.923249697077164,50.0,0.52,0.42,0.28,0.18,0.42,0.82,0.38,0.14,0.16,0.0003893064618045,-0.0089307706402522,-0.0288340556548836,44.26615530550893,0.7831906944275085,0.0242190378262238,-0.0127124884138899,22011.94921875,0.0079146856998078,1.0,0.0010286038317666624,0.0037905603875339265,0.5979166666666667,0.40208333333333335,0.005310603468298517,0.6875,0.6875
2024-03-21,22011.94921875,0.0079146856998078,-0.0019836142833689,-0.0060822367942386,-0.0205615608417832,-0.0019542717415388,0.9971728592675893,1.007511715916854,1.0752896487901944,48.98445965121393,-0.0214106508653783,0.008914882672574,0.0069050823498815,0.0109688799556997,0.0074437549902565,1.0455736297568123,50.0,0.86,0.38,0.4,0.38,0.58,0.82,0.4,0.38,0.1,0.010295526994692,-0.0038602769681984,-0.0110385643845812,48.98001631425432,0.989781512494773,0.0235482632991501,-0.0090842926430423,22096.75,0.0038524885010076,1.0,0.010359148537525401,-0.0032085114988732026,0.8260416666666667,0.17395833333333335,0.003830513281904596,0.875,0.875
2024-03-22,22096.75,0.0038524885010076,0.0128017156565658,0.0033328440916977,-0.0176406466506284,-0.0054326316923969,1.0009177526927315,1.010941464750703,1.0785797126983994,51.48280520721193,-0.0176406466506284,0.0128017156565658,-0.0036230321634609,0.0106904811066268,0.0072991900008647,1.1430167762045491,50.0,0.74,0.6,0.42,0.6,0.68,0.8,0.46,0.44,0.18,0.0080092520010607,0.0114331971398922,-0.0172756747972303,51.804992310878944,1.1095129385957896,0.0235747389357889,-0.0118430431048334,22004.69921875,-0.0041658063402989,0.0,0.010884200931973353,0.008950741881590122,0.846875,0.153125,0.003690763572107583,0.9375,0.9375
2024-03-26,22004.69921875,-0.0041658063402989,0.0075827123066882,-0.00231232750747,-0.0146848298853354,-0.0093640128086921,0.997056914246274,1.0064644476175115,1.0732953469653304,48.69509550276993,-0.0217329654732633,0.0085825798480179,-0.006736267069818,0.0108879251923182,0.0073515493071858,0.9513739009516636,50.0,0.4,0.58,0.44,0.56,0.66,0.8,0.46,0.2,0.34,-0.0060037575274543,0.0066738706005304,-0.0159603665718817,51.423654519024005,1.017622909809817,0.0239379251492134,-0.0065963537631896,22123.650390625,0.0054057167831516,1.0,-0.001247565646989253,0.008170328185330759,0.42604166666666665,0.5739583333333333,0.00499942758104228,0.375,0.625
2024-03-27,22123.650390625,0.0054057167831516,0.0050745697604941,0.0140346916270968,-0.0094937179287851,7.230836737592838e-05,1.002213184723457,1.0114329046930757,1.0782486554142303,52.29025659048708,-0.0164447309463181,0.0140346916270968,0.0022381582911179,0.0109622430434019,0.0074103908253024,1.1515833919774807,50.0,0.46,0.72,0.42,0.52,0.66,0.82,0.42,0.28,0.26,-0.0006579132450443,0.0186316632219756,-0.0123505836279304,50.272486049894326,1.050981276035186,0.023687762615897,-0.0124228919953063,22326.900390625,0.0091870010785439,1.0,0.0012396145717190642,0.02250013853032222,0.609375,0.390625,0.004906370179575088,0.5625,0.5625
2024-03-28,22326.900390625,0.0091870010785439,0.010415576527091,0.0223361214507487,0.0149652547114746,0.0057910062465054,1.0103216234160723,1.0198960267876644,1.0872008784255658,57.73954898182682,-0.0074088076287144,0.0233506294327559,0.0018057245547022,0.0112447559886288,0.0076567206330305,1.1303402034887724,50.0,0.86,0.84,0.54,0.76,0.74,0.84,0.46,0.74,0.12,0.012381300743796,0.0293799263430408,0.0023704472858555,56.03675040683908,1.323607986580758,0.0236714616803663,-0.0034205589606498,22462.0,0.0060509791780918,1.0,0.013476687077427477,0.03674688722882711,0.9245454545454544,0.07545454545454545,0.005374948044956153,1.0,1.0
2024-04-01,22462.0,0.0060509791780918,0.0207819601033372,0.0204457486603069,0.0142391559812806,0.0232721110413045,1.0148465763440992,1.0250195692942667,1.0927598219471444,60.93361901342306,-0.0014026589913185,0.0295429027833404,0.0057374560343714,0.0115186476644682,0.0072577888588322,0.0,50.0,0.62,0.84,0.76,0.78,0.76,0.84,0.48,0.08,0.04,0.0041404453918747,0.023336844172203,0.0213676295490773,57.08598773971492,0.5996360310403659,0.0239315858131612,-0.0019044814922272,22453.30078125,-0.0003872860275131,0.0,0.00838346164773595,0.03408989392288885,0.667878787878788,0.33212121212121215,0.005425474489285165,0.7333333333333333,0.7333333333333333
2024-04-02,22453.30078125,-0.0003872860275131,0.0149003615951501,0.0161358924389334,0.0195225149444104,0.0214030962060716,1.0130590366583905,1.0236341806602445,1.0913339240095143,60.6159258340227,-0.0017894017886029,0.0291441752023671,-0.0001424280451428,0.0111734946403516,0.0072657823245077,0.8283735836099347,50.0,0.56,0.74,0.72,0.76,0.74,0.86,0.54,0.12,0.08,0.0012896981360961,0.0155932766607718,0.0274874169785765,57.17976500406266,0.7367362622254596,0.0233499973832056,0.0060843207725049,22434.650390625,-0.0008306302403686,0.0,0.0033255881013821236,0.027759872416130666,0.6414141414141414,0.3585858585858586,0.005201280674517849,0.6666666666666666,0.6666666666666666
2024-04-03,22434.650390625,-0.0008306302403686,0.0048260169622669,0.0195390615250328,0.0171815533081285,0.0042930061272452,1.011041134910451,1.0218708907718932,1.0894471712709497,59.89492903455381,-0.0026185456977338,0.0282893369287449,-0.0030107627897832,0.011112894150268,0.0063410854444706,0.891230191286325,50.0,0.38,0.74,0.58,0.7,0.72,0.86,0.52,0.22,0.14,-0.0026492990864041,0.016885708660753,0.0093837980451974,55.05885513357064,0.8550014925385854,0.023294613311144,0.0050907919179521,22514.650390625,0.0035659124883635,1.0,-0.0018940898192206892,0.026228974208145392,0.3103030303030303,0.6896969696969697,0.005397385831018558,0.26666666666666666,0.7333333333333333
2024-04-04,22514.650390625,0.0035659124883635,0.002343976076262,0.017673394448761,0.0319561267169501,0.0048671217530982,1.013233063299582,1.0244897089116192,1.0923176342151115,61.983756333266186,0.0,0.0319561267169501,0.0070181266927964,0.0103567299005842,0.0063554962011425,1.1376047887204075,50.0,0.54,0.74,0.54,0.68,0.72,0.86,0.5,0.4,0.2,0.0013492737697569,0.0246643245552933,0.0056315559663541,54.90192532108881,1.1008400316504887,0.0227333753936311,0.0007644342132558,22513.69921875,-4.224679746289706e-05,0.0,-0.0002083031292310943,0.02314724098107939,0.5041414141414141,0.49585858585858583,0.004576893983251629,0.5333333333333333,0.5333333333333333
2024-04-05,22513.69921875,-4.224679746289706e-05,0.0026899580640027,0.0083665365481468,0.0308895339753572,0.007040450879602,1.0119190695386862,1.0234652483261324,1.0912695662393754,61.9424472742824,-4.224679746289706e-05,0.0319125298754741,-0.0012547385595542,0.0097952885778943,0.0063297583288113,0.6924055518232107,50.0,0.4,0.54,0.48,0.66,0.78,0.88,0.42,0.08,0.02,-0.0020389060194581,0.0020606549941675,-0.0009465726798734,55.04327020776941,0.6488125166243541,0.0218729247026187,-0.0079870235594755,22666.30078125,0.0067781647528144,1.0,-0.004469841364734124,0.005044763587059565,0.318989898989899,0.681010101010101,0.0029643216665753685,0.3333333333333333,0.6666666666666666
2024-04-08,22666.30078125,0.0067781647528144,0.0103255627607998,0.0090953958351882,0.0297271066727073,0.0085543101184231,1.0169593107515906,1.0291754263878663,1.0975888079183207,65.87216058795826,0.0,0.0389070030134637,0.0028716023074144,0.00963054911773,0.0063999227169804,0.6586410464174094,50.0,0.74,0.54,0.48,0.74,0.82,0.9,0.48,0.06,0.06,0.0043645801133983,0.0023306131505755,-0.0018665835077106,56.51755951636567,0.6679578818035886,0.0216085849881555,-0.0104208936261337,22642.75,-0.0010390218270411,0.0,0.00623783889615485,0.002899193285925139,0.6850505050505051,0.314949494949495,0.004923482322970587,0.7333333333333333,0.7333333333333333
2024-04-09,22642.75,-0.0010390218270411,0.0056896113043061,0.0084374774379811,0.0247095161053096,0.0066329776121594,1.0143663695986818,1.026974160113034,1.0953971524646204,64.76077925521358,-0.0010390218270411,0.0378275559610667,0.0043588421894906,0.009479687995369,0.006407499790355,0.6871978355042359,50.0,0.36,0.46,0.48,0.64,0.76,0.86,0.44,0.1,0.04,-0.0021131835722879,-0.002041340107314,-0.003314923190922,55.384996918486905,0.5952966532966724,0.0213521838753318,-0.0099479008030815,22753.80078125,0.0049044741142307,1.0,-0.003203892696130234,-0.0035688752020558946,0.2836363636363636,0.7163636363636364,0.00436189041618546,0.26666666666666666,0.7333333333333333
2024-04-10,22753.80078125,0.0049044741142307,0.0106646873162468,0.0142257795449474,0.0340427994517507,0.0188580568476455,1.0174670994229438,1.030717037740825,1.0996668837081025,67.54169605220517,0.0,0.0429175543443134,0.0034227291296331,0.0090264244265902,0.006229121670602,0.8186200573743826,50.0,0.62,0.66,0.6,0.76,0.78,0.92,0.42,0.12,0.08,0.0039766758281751,0.007583432995862,0.007287161478182,57.24872048137294,0.7290329434237498,0.0206829596240158,-0.0115708953694634,22519.400390625,-0.0103015928142499,0.0,0.0062012629132655595,0.004412923212263543,0.6636363636363637,0.3363636363636363,0.004892326279928043,0.7333333333333333,0.7333333333333333
2024-04-12,22519.400390625,-0.0103015928142499,-0.0064810042027907,0.0002109737401021,0.0178880968109902,0.0082245543367986,1.00631607347028,1.0192956052922932,1.0873827639268154,57.268633834740704,-0.0103015928142499,0.0321738423606248,-0.003357697967012,0.0092134719504193,0.0067191389178315,1.0474151834149488,50.0,0.14,0.42,0.54,0.58,0.72,0.88,0.5,0.08,0.44,-0.0106134429996603,-0.0052713017863814,0.0062703705158454,52.29142837897572,1.0418395731086445,0.0207632358065577,-0.0019541838209532,22272.5,-0.010963897188301,0.0,-0.011925570360934045,-0.007272727507310773,0.07939393939393939,0.9206060606060605,0.005310698635273397,0.0,1.0
2024-04-15,22272.5,-0.010963897188301,-0.0163518123902794,-0.0107134423537613,-0.0024365402126236,0.0124922510539542,0.9957302543397556,1.007799232129024,1.0746539030870752,48.84174512244169,-0.0211525443980599,0.0208571944725293,-0.0080086328342063,0.0093733338477943,0.006259870970763,1.0639253007721314,50.0,0.12,0.26,0.58,0.4,0.64,0.82,0.54,0.1,0.12,-0.0117413490018136,-0.0100947263484992,0.0201946878106411,48.41138737208537,0.7882602385822359,0.0217931732975256,0.0077024367566869,22147.900390625,-0.005594325260972,0.0,-0.009340042144248132,-0.012062557455280428,0.09000000000000001,0.91,0.00588349325935612,0.13333333333333333,0.8666666666666667
2024-04-16,22147.900390625,-0.005594325260972,-0.0266285354455719,-0.0228709746521069,-0.013983599384516,5.644194394882618e-05,0.99108862447195,1.0020763435452846,1.067912550666831,45.2250717612017,-0.0266285354455719,0.0151461872816465,-0.0066090119542036,0.0090895376336601,0.0062329900365499,0.9654060303648035,50.0,0.3,0.18,0.56,0.28,0.58,0.78,0.56,0.1,0.18,-0.0051617500139102,-0.0233351632719023,0.0119936050952719,47.36181329189192,0.8154518533344466,0.0210220288331325,0.011937163151323,21995.849609375,-0.0068652458503182,0.0,-0.0048730895567937445,-0.022956541819501717,0.2949494949494949,0.6917171717171716,0.004131749676335201,0.26666666666666666,0.7333333333333333
2024-04-18,21995.849609375,-0.0068652458503182,-0.0232488775086551,-0.0285698685285576,-0.0203734487116924,-0.0012486747242251,0.9857599530201296,0.9953843327778236,1.0599421388352233,41.21434416427064,-0.0333109698534225,0.0081769591319447,0.0029099471107103,0.0098525080668817,0.0063006228642465,1.4348071850270063,50.0,0.16,0.18,0.52,0.26,0.42,0.74,0.54,0.16,0.72,-0.0086714845213612,-0.0351291780485938,0.0046363496678203,43.5668116046585,1.3982695294250789,0.0220544481293134,0.0058850243920455,22147.0,0.0068717686886063,1.0,-0.007383103884815316,-0.027025451095874335,0.22828282828282825,0.7494949494949494,0.0058008457816710905,0.2,0.8
2024-04-19,22147.0,0.0068717686886063,-0.005634751375014,-0.0266681064444418,-0.0128217015026542,0.0041395550576053,0.993240120966156,1.0021369665276656,1.0665124113881606,46.31152746070829,-0.0266681064444418,0.0151049179922821,-0.0061079527165769,0.0104722342271445,0.0064820971327711,1.1372549019607845,50.0,0.58,0.12,0.52,0.36,0.48,0.82,0.5,0.34,0.26,0.0032420995522411,-0.0339440899078316,0.0031447057748443,44.91896779311921,1.0744806860973275,0.0230822411377671,-0.0009948492827609,22336.400390625,0.0085519659829773,1.0,0.004619476343455803,-0.028612631742109478,0.6595959595959596,0.34040404040404043,0.005926369331834946,0.8,0.8
2024-04-22,22336.400390625,0.0085519659829773,0.0085109647720733,-0.0081263264929639,-0.0079170671943554,0.0237860607201052,1.0015688483592315,1.0102829995408578,1.074824309744007,51.93545827377399,-0.0183442052006077,0.0227711210693191,0.008574542404163,0.0098599490624157,0.0061869286992737,0.8852474604205955,50.0,0.88,0.3,0.72,0.42,0.56,0.82,0.5,0.2,0.04,0.0103907687112601,-0.0115262572155263,0.0259056926966231,48.83936467982025,0.7416528851668138,0.0220357897820493,0.0021196319765178,22368.0,0.0014147135985376,1.0,0.010261467829774381,-0.006857014854209381,0.8989898989898991,0.10101010101010101,0.005453865979971312,0.8666666666666667,0.8666666666666667
2024-04-23,22368.0,0.0014147135985376,0.0169191187080304,0.0042877988550904,-0.0064715805845295,0.0242180492824877,1.0027006533346436,1.0112477901410946,1.0755278530069814,52.82337315231891,-0.0169554433986217,0.0169191187080304,0.0049538147906518,0.0095525570449813,0.0061869240160218,0.7432736145893534,50.0,0.58,0.52,0.74,0.4,0.54,0.86,0.48,0.08,0.04,0.0008527904138108,0.0019380130581567,0.0229134848880107,49.04779484465936,0.7471930904187658,0.0213779461259036,-0.001304564394477,22402.400390625,0.0015379287654238,1.0,0.005174719576446116,0.007788995238396104,0.6547474747474747,0.3285858585858586,0.005018991873787499,0.6666666666666666,0.6666666666666666
2024-04-24,22402.400390625,0.0015379287654238,0.0115320535794916,0.0114909312174678,-0.0116428522312429,0.0177381461312118,1.0038371150004597,1.012294765155686,1.0763553194263775,53.82345220886676,-0.0154435908973311,0.0184830678728009,0.0023940799915056,0.0095347000181329,0.0059845101613809,0.7719367136242412,50.0,0.56,0.64,0.62,0.52,0.56,0.86,0.46,0.14,0.04,0.0006549992610821,0.0119528068936471,0.0164151545153545,50.18895131583894,0.6502767673965855,0.0214309654935972,-0.0013229916158572,22570.349609375,0.0074969296067168,1.0,0.002531594460739346,0.015214759851856951,0.44898989898989894,0.5510101010101011,0.005494853158309841,0.4666666666666667,0.5333333333333333
2024-04-25,22570.349609375,0.0074969296067168,0.0104738997626578,0.0261185637382763,-0.0031975087224387,0.0214329984895969,1.0102695252963074,1.019089223228112,1.0835144768766798,58.45403444127809,-0.0080624408044466,0.0261185637382763,-0.0038165553025193,0.0099261135814035,0.0061328974611034,1.5327030428188828,50.0,0.8,0.84,0.62,0.64,0.62,0.84,0.44,0.66,0.16,0.0094940885916249,0.0317733448930868,0.0082785522710523,53.57617653166763,1.3015923389598345,0.0217497149260033,-0.0131544462185445,22419.94921875,-0.0066636269808832,0.0,0.008308685069077235,0.031100995153543216,0.7935353535353535,0.2064646464646465,0.007412821569754481,0.8666666666666667,0.8666666666666667
2024-04-26,22419.94921875,-0.0066636269808832,0.0023224793790235,0.012324433049623,-0.0146723426872537,0.0188709691449073,1.0031994865910352,1.0118104068310882,1.075477894039779,53.2994622485913,-0.0146723426872537,0.0192808923913647,0.0022175456790094,0.009736712329374,0.0062692373177237,1.0642450441150375,50.0,0.32,0.72,0.58,0.52,0.58,0.82,0.42,0.14,0.22,-0.0051690783862768,0.0237551104449754,0.0104588181617432,51.30530598918966,0.8877473910452407,0.0222904836374825,-0.0084121509831641,22643.400390625,0.0099666225688024,1.0,-0.004601081514614887,0.02160764369815135,0.28212121212121216,0.717878787878788,0.008613663036812852,0.26666666666666666,0.7333333333333333
2024-04-29,22643.400390625,0.0099666225688024,0.0107577757649959,0.013744381128163,0.0055063633067078,0.0234929584776049,1.0119260546378437,1.021018075559261,1.085265966064964,59.07375025231201,-0.004851953820215,0.0294396803374215,0.0024800039445895,0.0100376263892623,0.006517724585753,0.960115739979614,50.0,0.64,0.7,0.56,0.54,0.56,0.82,0.44,0.2,0.12,0.0049128819497448,0.0129642890167036,0.0107666277565642,50.84083890755896,0.7256154152917005,0.0229140270334212,-0.0127263307210406,22604.849609375,-0.0017025173156396,0.0,0.004252433174400333,0.015608626275414792,0.7407070707070706,0.2592929292929293,0.006738131226067886,0.7333333333333333,0.7333333333333333
2024-04-30,22604.849609375,-0.0017025173156396,0.0015285540807781,0.0105887700900839,0.0149219714614434,0.0124490732653024,1.009222534657418,1.0185097103844611,1.0825197552176624,57.74714322152285,-0.0065462106004611,0.0276870414562406,0.0016009079632319,0.0101537995418448,0.0062636954003298,1.19953596287703,50.0,0.48,0.64,0.52,0.6,0.6,0.8,0.42,0.32,0.16,-0.0006293950896376,0.0120075898411385,0.0078760552184232,53.2723872718704,0.9833211350119851,0.0231108261681488,-0.0045730180468791,22648.19921875,0.001917712797214,1.0,-0.0009141157888788316,0.009519130256843951,0.4490909090909091,0.5509090909090909,0.004796719969503035,0.4,0.6
2024-05-02,22648.19921875,0.001917712797214,0.0101806653428595,0.0109719862085788,0.0225889957648883,0.0082895209130977,1.010084556823266,1.019644687836985,1.0836835282970223,58.86577652130274,-0.0046410515550887,0.0296578500471724,-0.001636816906079,0.0100917880351227,0.0061426992614485,1.3762558064167656,50.0,0.56,0.66,0.54,0.62,0.62,0.82,0.46,0.38,0.3,0.0013050274633064,0.0129720162110955,0.0049269568095522,56.21821405957657,1.251952094366832,0.0234631706506623,-0.0033625641035455,22475.849609375,-0.0076098592965534,0.0,0.005468916139984496,0.01257520187268372,0.5825252525252526,0.41747474747474744,0.005958192665705925,0.6,0.6
2024-05-03,22475.849609375,-0.0076098592965534,-0.0073995415158304,-0.0041869090038706,0.0218222986847216,0.0010042544900048,1.0021690833888297,1.0114139237187043,1.0746302151206804,52.872413306118816,-0.01221559310232,0.0218222986847216,0.0052167675444672,0.0111661146211685,0.0064002337408724,1.3218676925397903,50.0,0.3,0.46,0.44,0.54,0.58,0.8,0.44,0.26,0.4,-0.0054882691902477,-0.0023992430199529,-0.0080728692749756,52.78413386613299,1.211369715997206,0.0238828270773536,-0.0090771237649804,22442.69921875,-0.0014749338156797,0.0,-0.008714511421302385,-0.004483673904490462,0.19474747474747472,0.8052525252525252,0.006244105609896042,0.2,0.8
2024-05-06,22442.69921875,-0.0014749338156797,-0.0071732567757385,0.0010147212992335,0.013351660213573,0.0003587677090952,1.0006251043915877,1.0095293430918908,1.0722658645706762,51.78037975396022,-0.0136725097266545,0.0203151784227759,0.003815206165298,0.0109575932178668,0.0064066221493299,0.9648752861790576,50.0,0.48,0.56,0.46,0.6,0.6,0.8,0.46,0.04,0.16,-0.0005009371040557,0.0053272750035694,-0.0032769828335077,52.10348267870032,0.7144018388118698,0.0248094601080695,-0.003635750542603,22302.5,-0.006246985595782,0.0,-0.010540298971912117,-0.010411121610179153,0.3903030303030303,0.6096969696969696,0.006190314503129486,0.4,0.6
2024-05-07,22302.5,-0.006246985595782,-0.0152638722139022,-0.0150551765522877,-0.0015177195086111,-0.0094227708156346,0.9949072743144688,1.0030960511264178,1.0648726991235034,47.32823961520972,-0.0198340833511159,0.013941284200011,0.0020964849544786,0.0110493761209505,0.0064972897276834,0.9112607099143208,50.0,0.3,0.38,0.38,0.4,0.58,0.76,0.48,0.1,0.28,-0.0093451466806089,-0.0104005566707434,-0.012128108642599,48.01930190646303,0.8292453847463983,0.0250333020511382,-0.0027053378269643,22302.5,0.0,0.0,-0.008282228804464472,-0.022821413701204798,0.21313131313131314,0.7868686868686868,0.005997920071505304,0.2,0.8
2024-05-08,22302.5,0.0,-0.0077127055211605,-0.0133754311397676,-0.0029282904148784,-0.009380920332013,0.9953900598882892,1.002974276238664,1.064185767749148,47.32823961520972,-0.0198340833511159,0.013941284200011,-0.0031969860441654,0.0110186312993418,0.0064974372302131,0.8442902361821281,50.0,0.52,0.4,0.48,0.44,0.54,0.78,0.52,0.08,0.18,0.0011593174230787,-0.0155687720742199,-0.0005131100105133,48.99311187635199,0.7415639524053177,0.0255744741377658,0.0088678103214997,21957.5,-0.0154691178119045,0.0,0.0016484285793365607,-0.020500104385752626,0.5537373737373736,0.4462626262626263,0.004404178248987107,0.5333333333333333,0.5333333333333333
2024-05-09,21957.5,-0.0154691178119045,-0.0216194680515361,-0.0304968713882639,-0.0198594964319619,-0.0312711274808606,0.9818631937450012,0.9879450184590004,1.0472264634127262,38.00292508925258,-0.0349963853909709,0.0,-0.0034838793296715,0.0112260736548689,0.0070734836327454,0.9926740475512742,50.0,0.14,0.2,0.32,0.26,0.42,0.72,0.5,0.12,0.3,-0.0175133741443527,-0.0306757709391197,-0.0351797742056271,42.93624823376375,0.8506773031052504,0.0259262378452813,-0.0039086467247664,22055.19921875,0.004449469144939,1.0,-0.022046462095076585,-0.04717133048262104,0.07272727272727272,0.9272727272727272,0.005285173391159301,0.06666666666666667,0.9333333333333333
2024-05-10,22055.19921875,0.004449469144939,-0.0110884780293688,-0.018715661384811,-0.0228242096175161,-0.0259487377306202,0.9875268499670566,0.9926389972427968,1.0513432785235837,41.51714078284537,-0.0307026315830133,0.004449469144939,0.0015233618922918,0.0104609308062965,0.0072002311462147,0.7924511426143732,50.0,0.72,0.26,0.4,0.4,0.5,0.72,0.52,0.14,0.08,0.0076422628333228,-0.0223655383736678,-0.023300669281207,46.58607855078859,0.6874680929648078,0.0254995174561362,0.0026480684494131,22104.05078125,0.0022149680905385,1.0,0.011274319589979327,-0.028071449561286755,0.8046464646464647,0.19535353535353536,0.0042702051140740835,0.8666666666666667,0.8666666666666667
2024-05-13,22104.05078125,0.0022149680905385,-0.0088980705638381,-0.0150894700409776,-0.0140900603483887,-0.0285556688417267,0.9906846660302272,0.9950391013083622,1.0531095577511882,43.249349074322886,-0.0240261237657036,0.0066742926676535,-0.0012355363345271,0.0107026278084785,0.0071029278703852,0.8292472092641996,50.0,0.52,0.26,0.28,0.44,0.52,0.74,0.54,0.12,0.1,0.0006951783096174,-0.0104730550520948,-0.026739068473516,49.43992068128506,0.6162626438530578,0.0260394678807138,0.0018166003682106,22217.849609375,0.0051483245877055,1.0,0.0063864556421953786,-0.011685612379471643,0.5868686868686868,0.4131313131313131,0.00642623061626714,0.6666666666666666,0.6666666666666666
2024-05-14,22217.849609375,0.0051483245877055,0.0118569786804052,-0.0037955561315995,-0.0187935899162119,-0.01339071094342,0.9961849262866648,1.0001555361378498,1.0579151766495731,47.174523439659,-0.0190014934617284,0.0118569786804052,0.0004003614297931,0.0108974490916744,0.0069244550853945,0.699409057073845,50.0,0.68,0.38,0.46,0.46,0.5,0.76,0.5,0.14,0.02,0.0064605258722133,-0.0063675856234537,-0.0123893986896591,49.47052681770005,0.5920925931702621,0.026263255257413,0.0010013122537609,22200.55078125,-0.0007786004689536,0.0,0.01068518674199283,0.007356536154484261,0.687979797979798,0.312020202020202,0.005215440033949179,0.7333333333333333,0.7333333333333333
2024-05-15,22200.55078125,-0.0007786004689536,0.0065903536421665,-0.0045712013787692,-0.0178854907292691,-0.0032304060500617,0.9958446893753204,0.999401238579846,1.0564913176603912,46.64635866727365,-0.0197652993589618,0.0110691463622907,0.0016990843247075,0.0110261162529977,0.0064867760770375,0.7180566952052143,50.0,0.46,0.5,0.48,0.48,0.5,0.74,0.5,0.06,0.06,-0.0009637652824653,-6.911128179354353e-05,-0.0052499565671434,49.18032830597316,0.5432164880145439,0.0260179326650405,-0.0020195505170817,22403.849609375,0.0091573776762647,1.0,0.0021958680872820094,0.007884482729751409,0.5403030303030304,0.4596969696969697,0.005027878811129036,0.6,0.6
2024-05-16,22403.849609375,0.0091573776762647,0.0135630718139367,0.0203278883923487,-0.0107889199938115,0.011556364903029,1.004489129644634,1.0082149607471418,1.0654645396589373,53.268180282182456,-0.0107889199938115,0.0203278883923487,0.0053443916175361,0.0111077911477291,0.0066702374801308,1.1332114826362756,50.0,0.8,0.86,0.54,0.6,0.54,0.78,0.5,0.5,0.18,0.0092125694319777,0.0219886153823735,0.0101499200705901,51.175936918097264,1.0673998008608705,0.0252918561303544,-0.0014064448324389,22466.099609375,0.002778540343975,1.0,0.008318595044491266,0.03935108648148397,0.8023232323232322,0.1976767676767677,0.005018243641510265,0.8666666666666667,0.8666666666666667
2024-05-17,22466.099609375,0.002778540343975,0.0111734485724148,0.0186305454124249,-0.0004337989517394,0.0213790332426881,1.0065822324724818,1.0105797432949213,1.0676980384295116,55.10554462333005,-0.0080403570993071,0.02316291059433,0.0005088585588535,0.0108279089795772,0.0064473391079815,0.7709044707377114,50.0,0.5,0.86,0.64,0.62,0.54,0.76,0.48,0.1,0.1,0.0006580162539614,0.0189509338936872,0.0183575474671555,52.35138268267937,0.6869430088914108,0.0242062832414767,-0.0030214857755326,22529.05078125,0.0028020516676037,1.0,0.0028658766578251826,0.030744199683949994,0.49686868686868685,0.5031313131313131,0.004787488784717997,0.5333333333333333,0.5333333333333333
2024-05-21,22529.05078125,0.0028020516676037,0.0147969301859591,0.0192272450061736,0.0038476460277048,0.0172506787036619,1.008499618610174,1.0128787277054312,1.069937210068373,56.948928167090585,-0.0052608349277217,0.0260298659341911,-0.0027396312308397,0.010641338604999,0.0063177785718183,1.1067244014263882,50.0,0.54,0.8,0.66,0.6,0.54,0.76,0.52,0.28,0.12,0.0008488636357272,0.0204739272670835,0.0178107290982356,52.29045932278628,0.8589194880060897,0.0232558918235391,0.0005600503945737,22597.80078125,0.00305161547495,1.0,0.011434485915895225,0.035949785126868514,0.6353535353535353,0.36464646464646466,0.00639906301198143,0.6666666666666666,0.6666666666666666
2024-05-22,22597.80078125,0.00305161547495,0.0086570466797741,0.0171011676897243,0.0132407031162424,0.0117028879342042,1.0104630474481275,1.0153337806100753,1.0724211163147332,58.932181528738425,-0.0022252734980481,0.0291609145508369,0.0021105562141381,0.0103921301009582,0.0060812757518798,0.9226710739598892,50.0,0.6,0.76,0.6,0.62,0.62,0.76,0.52,0.16,0.1,0.0008624329890033,0.0199077555379753,0.0154188336043158,53.32976618725768,0.8321630755580868,0.0229671390179979,0.0037159456701115,22967.650390625,0.016366619608483,1.0,0.003413019740954015,0.028686838483240724,0.6864646464646464,0.31353535353535356,0.004304839618456926,0.7333333333333333,0.7333333333333333
2024-05-23,22967.650390625,0.016366619608483,0.0223247822261369,0.0345531791951247,0.029824028275978,0.0268084044449661,1.0243667369276497,1.0306599510169536,1.0889980949090967,67.58373898718483,0.0,0.0460047997552088,0.000721257271129,0.0110753601554224,0.0070315640878172,1.1500723071420798,50.0,0.88,0.98,0.66,0.82,0.64,0.8,0.46,0.54,0.08,0.0130554202429274,0.0338269665893993,0.0228616682721929,58.47307217105454,1.144303008487066,0.0234179478334093,-0.0039467361727731,22957.099609375,-0.0004593757337192,0.0,0.019038179797557692,0.04551767886054949,0.8677777777777778,0.1322222222222222,0.0051095916690997575,0.9333333333333333,0.9333333333333333
2024-05-24,22957.099609375,-0.0004593757337192,0.0189998607700438,0.0246944167920359,0.0455242905328474,0.0247607046154809,1.021571249810145,1.0289684145466709,1.087540174400541,67.14915138848768,-0.0004593757337192,0.0455242905328474,-0.001606624534831,0.0100591413927217,0.0070428857657017,0.8112252009478232,50.0,0.28,0.8,0.7,0.76,0.6,0.8,0.5,0.06,0.08,-0.0035711313127201,0.0203377218438768,0.0264400658385876,58.65984466723664,0.7193851386569527,0.0229207134282445,0.0016793612231066,22932.44921875,-0.0010737589261899,0.0,-0.0026833275475012888,0.03423488070150018,0.30424242424242426,0.6957575757575758,0.0029846165583453225,0.4,0.6
2024-05-27,22932.44921875,-0.0010737589261899,0.01480889404856,0.0207579249395117,0.03977520181519,0.0160431546538648,1.0184883414248918,1.0267416419926811,1.0854395623107167,66.08002467507272,-0.0015326414011146,0.0444016494933394,0.0035653288423933,0.0102576170614057,0.0069019390650693,0.8330796712539451,50.0,0.4,0.78,0.58,0.68,0.66,0.8,0.48,0.12,0.18,-0.0020167424708492,0.018671836034948,0.0128151894244677,56.08687416007344,0.7788745581331205,0.0224598743203479,-0.003227965229397,22888.150390625,-0.0019317094176221,0.0,-0.0033060584572395407,0.02786063489516615,0.3396969696969697,0.6603030303030303,0.0053236717909169685,0.4,0.6
2024-05-28,22888.150390625,-0.0019317094176221,-0.0034613902009084,0.0159394025457062,0.0354731183498782,0.0208832396231941,1.0149240153957206,1.0237642896767476,1.0824451565518218,64.1047302202709,-0.0034613902009084,0.0423841689912329,0.0019492541528642,0.0098812912868408,0.0067103934629288,0.7109414509208959,50.0,0.42,0.72,0.74,0.76,0.62,0.82,0.56,0.14,0.02,-0.0021906308507726,0.0113890962132391,0.0243293156948221,55.37432919341441,0.6897205776401546,0.0215281015769763,0.0034460760716279,22704.69921875,-0.008015115627261,0.0,-0.0020002816552718637,0.014235303830819728,0.4325252525252525,0.5674747474747475,0.0045805119096598065,0.5333333333333333,0.5333333333333333
2024-05-29,22704.69921875,-0.008015115627261,-0.010994437229428,0.0047304796840539,0.0219125441001082,0.0027071388160577,1.0061387144857667,1.0149394401750045,1.0729816410919195,56.56398017225062,-0.011448762385478,0.0340293393487418,-0.0054788346146293,0.0100216910532282,0.0066580092253362,0.8837879432856348,50.0,0.26,0.56,0.54,0.62,0.56,0.76,0.5,0.1,0.18,-0.0062015053380877,0.0038093210339694,0.0024195218309317,53.48838342916724,0.7924387163464276,0.0215611254934094,-0.000287616985126,22488.650390625,-0.0095155996581792,0.0,-0.0025747841588047936,0.008149600205674722,0.3527272727272727,0.6472727272727272,0.004726827951821823,0.4,0.6
2024-05-30,22488.650390625,-0.0095155996581792,-0.0193524391525585,-0.0208554202042156,0.0129771379194034,-0.0051404552898156,0.996890855362056,1.00507350712068,1.062108192214945,49.22072554075455,-0.0208554202042156,0.0241899301206875,-0.0038428168177602,0.0098429114596905,0.0069935679733278,1.2204010262611735,50.0,0.12,0.16,0.44,0.38,0.54,0.64,0.48,0.06,0.56,-0.0157756719347655,-0.0300642978616894,-0.0073940578476446,48.618428981720655,1.0290578276147024,0.0209027099140788,-0.002253602557829,22530.69921875,0.0018697799732139,1.0,-0.015793938415605165,-0.026101079528703275,0.09696969696969697,0.903030303030303,0.005501574240977471,0.06666666666666667,0.9333333333333333
2024-05-31,22530.69921875,0.0018697799732139,-0.0156173026555004,-0.0185737918935923,0.0056619559400148,-0.005188050443442,0.9988732766912672,1.0066782947650652,1.063415904959054,50.565849677089325,-0.0190246352780324,0.0261049399407946,0.0035328584583769,0.0098487955904806,0.006992799808738,1.8320390681290528,50.0,0.46,0.22,0.34,0.42,0.5,0.68,0.4,0.44,0.54,-0.0013311868825967,-0.0243786683714167,-0.0138138338552967,48.56930521314614,1.882924788773332,0.0206305429112882,-0.0086257834118547,23263.900390625,0.0325423176953527,1.0,0.006068684210648307,-0.017767260752562446,0.4607070707070707,0.5392929292929293,0.005418061264187134,0.4666666666666667,0.5333333333333333
2024-06-03,23263.900390625,0.0325423176953527,0.0246293142440399,0.0144533699263138,0.0355113168338789,0.035062113110122,1.028305867628593,1.0378328420428118,1.096952019234631,66.98728347795905,0.0,0.059496772885119,0.0358267253065651,0.0110655928766858,0.0099169861339107,1.7858487015430935,50.0,0.84,0.5,0.54,0.58,0.64,0.7,0.42,0.52,0.08,0.0180812855146729,0.0004354856299573,0.0175445547168523,55.85489761416227,1.2488747933694366,0.0221055203106661,-0.0175175583932697,21884.5,-0.0592935994164107,0.0,0.03529828516403512,0.020499596428952004,0.8488888888888889,0.1511111111111111,0.0071887483999212845,0.9333333333333333,0.9333333333333333
2024-06-04,21884.5,-0.0592935994164107,-0.0268646797442703,-0.0438502182787166,-0.0286097620138719,-0.0248721962233333,0.9703527331806898,0.9772043758815137,1.031582247633292,40.03944533485666,-0.0592935994164107,0.0,-0.0036279552958803,0.0176173426622071,0.0168893630201915,2.8490924022314728,50.0,0.16,0.1,0.24,0.14,0.24,0.66,0.46,0.14,0.84,-0.0422297393685721,-0.0482919742541016,-0.0288628967080507,40.89661365215983,2.094129527413931,0.0273328299070476,-0.0039907004847173,22620.349609375,0.0336242367600356,1.0,-0.07205073331707486,-0.0543608286668273,0.10222222222222224,0.8977777777777778,0.010679407316705717,0.06666666666666667,0.9333333333333333
2024-06-05,22620.349609375,0.0336242367600356,0.0039790327745528,-0.0037150727504613,0.0009978328574216,0.014251747982289,1.0026955188270243,1.0096637207176855,1.065565792923042,51.29545498857608,-0.0276630646815072,0.0336242367600356,0.0111425716545956,0.019357742643753,0.018526172847302,1.7249064606324207,50.0,1.0,0.42,0.56,0.44,0.5,0.76,0.42,0.72,0.0,0.0340857312877497,-0.0143095589089596,0.0097788336671109,48.524147936463066,1.3763858436699947,0.0290288997988978,-0.004472914315178,22821.400390625,0.0088880492442378,1.0,0.035707343880937395,-0.018207219626376,1.0,0.0,0.007073113944451037,1.0,1.0
2024-06-06,22821.400390625,0.0088880492442378,-0.0190208861184051,0.0147963525698597,-0.00636765178469,0.0232664674644098,1.0104904503419856,1.0178936945988375,1.0742345354483642,53.84486799650947,-0.0190208861184051,0.0428111398763966,0.0078800727255834,0.0189120929934638,0.0186105290715732,1.2631634303143446,50.0,0.72,0.72,0.7,0.66,0.66,0.84,0.46,0.6,0.2,0.0092935341169083,0.0087507835172911,0.020692602605561,53.20296697037474,1.2872499311976746,0.0280282217501233,-0.0025738648588488,23290.150390625,0.0205399314668071,1.0,0.007834522206119722,0.005092153186833723,0.7167676767676767,0.2832323232323232,0.0071507349253653735,0.7333333333333333,0.7333333333333333
2024-06-07,23290.150390625,0.0205399314668071,0.0642304092222805,0.0337073947196004,0.014507528691211,0.060692264175111,1.028186182909172,1.0372229082520976,1.095249769339922,59.206334928593975,0.0,0.0642304092222805,1.968410098895923e-05,0.0196804675547156,0.0186428192711884,1.2224143716284233,50.0,0.96,0.82,0.92,0.94,0.84,0.9,0.56,0.56,0.0,0.0162519080271199,0.0338897646651098,0.0642287641458582,55.61391949199609,1.02594827999867,0.0286426336419841,0.0035364999707471,23259.19921875,-0.0013289382574128,0.0,0.022130322018161237,0.02178495503770234,0.9806060606060606,0.019393939393939394,0.005969001236038103,1.0,1.0
2024-06-10,23259.19921875,-0.0013289382574128,0.0282422517957117,-0.0002020801239716,0.0142483690635557,0.0545903026337859,1.024203698859542,1.0343904946855258,1.0927743897779307,58.72129248851891,-0.0013289382574128,0.062816112716763,0.0012451615602995,0.0197011323164785,0.0186658647613327,0.7817957674131909,50.0,0.6,0.68,0.92,0.94,0.84,0.9,0.5,0.14,0.06,0.002050632983608,0.0255558728604632,0.0568456178251892,56.83642960517629,0.7081084668210025,0.0288812932361815,0.0022553151914033,23264.849609375,0.0002429314342191,1.0,0.0033900546432409613,-0.0078806682873668,0.7185858585858586,0.28141414141414145,0.00408074460824487,0.8,0.8
2024-06-11,23264.849609375,0.0002429314342191,0.019431288665886,0.0630743041593364,0.0164582638754549,0.0525152081676205,1.0220722974463714,1.0332381254165734,1.092028891722841,58.787670583472746,-0.0010863296640705,0.0630743041593364,0.0010555299440493,0.0198082551465635,0.0186744876779043,0.7811420234956873,50.0,0.58,1.0,0.92,0.96,0.86,0.9,0.5,0.18,0.02,0.0016239815054921,0.0613851458204611,0.0520582765117185,56.36004039558313,0.6515359961655032,0.0287422348317883,-0.0004569316559019,23322.94921875,0.0024973129141392,1.0,0.0026824974833839096,0.07331019801033206,0.6319191919191919,0.3680808080808081,0.004319007758998111,0.6,0.6
2024-06-12,23322.94921875,0.0024973129141392,0.0014082703449695,0.0310605106246371,0.0272300458175387,0.0497392694974716,1.022227391285126,1.034365528091914,1.0937248154378434,59.508678556076994,0.0,0.0657291333478031,0.0034214538546994,0.0190267970419712,0.0186658311025707,0.7502918929894918,50.0,0.68,0.84,0.94,0.98,0.92,0.86,0.44,0.2,0.02,0.0038464242786797,0.0380613709643666,0.0441070320752347,55.86063305174501,0.7178178720729639,0.0285501609667036,-0.0056322374222369,23398.900390625,0.003256499474515,1.0,0.00317080782487915,0.03989435332620775,0.6301010101010102,0.36989898989898984,0.004028547365410131,0.7333333333333333,0.7333333333333333
2024-06-13,23398.900390625,0.003256499474515,0.0060062760786012,0.0253051955671061,0.0404759727324259,0.0539783729324001,1.0230662018260237,1.0362006082854467,1.0962253559864712,60.48199457472679,0.0,0.0691996797105256,0.0067744434255758,0.0190862310510694,0.0186492108094937,0.6778676099039919,50.0,0.7,0.88,0.92,0.96,0.96,0.92,0.44,0.18,0.08,0.0040019656620227,0.0331848122386505,0.0517762914897865,57.08107521931972,0.6977614457447359,0.0293013965544006,-0.0022020814426135,23465.599609375,0.0028505279152657,1.0,0.005543932776897136,0.03738167189532312,0.7229292929292929,0.2770707070707071,0.004540939856010537,0.8,0.8
2024-06-14,23465.599609375,0.0028505279152657,0.0086288973868589,0.0075331938955887,0.041494512955327,0.0473914089994473,1.023449931262309,1.0375611893926753,1.0982644777589647,61.36040095805479,0.0,0.0722474632445338,0.0028227321379368,0.018777957032443,0.0185892798357524,0.5742451931739209,50.0,0.58,0.74,0.88,0.96,0.96,0.9,0.48,0.08,0.0,0.0015663385825575,0.0146181736606822,0.0464063135557347,57.03525222095338,0.6069989303955567,0.0289699101449836,-0.0009850954437126,23557.900390625,0.0039334507869606,1.0,0.004496016252495522,0.01943344556567013,0.6868686868686869,0.31313131313131315,0.0027489250110813287,0.7333333333333333,0.7333333333333333
2024-06-18,23557.900390625,0.0039334507869606,0.0100738191243032,0.0128422809859338,0.0126376056922286,0.0485977005458657,1.024794016228632,1.0399441204177955,1.1014601417639227,62.5993375348306,0.0,0.0764650958726496,0.0044832083401342,0.0186237330930281,0.0185920345303737,0.6979755631626857,50.0,0.7,0.76,0.88,0.94,0.94,0.92,0.5,0.18,0.04,0.0031721939277095,0.0139286444527738,0.0490549882728609,57.6281350963383,0.6459720085233898,0.0287794358033736,0.0004572877269951,23516.0,-0.0017786131162043,0.0,0.004135779613707147,0.020207547785837957,0.7094949494949495,0.2905050505050505,0.004716746840352918,0.6666666666666666,0.6666666666666666
2024-06-19,23516.0,-0.0017786131162043,0.0050044919812521,0.0107952724750817,0.0745504809339943,0.0438078474025811,1.0207381910600246,1.0365459656525151,1.0984135745246568,61.633222770605016,-0.0017786131162043,0.0745504809339943,0.0030541439413944,0.0188039241519451,0.0186168648337872,0.8451464483543035,50.0,0.22,0.62,0.8,0.76,0.86,0.9,0.4,0.14,0.14,-0.0111256915111557,0.0080500767520139,0.0338874926607355,56.53665213207633,0.7114735079090213,0.0296638925014694,-0.0099203547418456,23567.0,0.0021687361796223,1.0,-0.013110295006957167,0.004068165688243808,0.14747474747474745,0.8525252525252526,0.003849695872887386,0.2,0.8
2024-06-20,23567.0,0.0021687361796223,0.0043212358649675,0.010463976016112,0.0418495030789736,0.0428890947456344,1.0207207140741894,1.0372160107102464,1.0996928148763616,62.393992111763296,0.0,0.0768808974388266,0.0029830919639819,0.0184378686772211,0.0186160687994709,0.7214093605631265,50.0,0.54,0.62,0.78,0.84,0.84,0.9,0.38,0.08,0.12,0.0010128469095767,0.0033024125366524,0.0381653148157001,57.228908185902654,0.8122800052112535,0.0290371822021592,-0.0047237799299342,23501.099609375,-0.0027962995130903,0.0,0.0013362255002664105,0.002322186907140788,0.5274747474747474,0.4725252525252525,0.004350694102950118,0.6,0.6
2024-06-21,23501.099609375,-0.0027962995130903,-0.0024111139069339,0.0043676932267699,0.0297834141251567,0.0232261119303585,1.0161374453837075,1.0329256241596474,1.0955645009018842,60.71857949810122,-0.0027962995130903,0.0738696159096621,0.0039950095737684,0.0187334806154171,0.0183434527237385,1.522656347522157,50.0,0.38,0.36,0.66,0.66,0.76,0.9,0.46,0.28,0.42,-0.0028189744952808,-0.0075708930218854,0.0202870555811255,55.251950411552926,1.214282816934681,0.02900856924405,-0.0029390563492329,23537.849609375,0.001563756616109,1.0,-0.0038150534569124056,-0.0069880989395608405,0.3731313131313131,0.6268686868686869,0.0030834168606498403,0.4,0.6
2024-06-24,23537.849609375,0.001563756616109,0.0009291380071014,0.0030789752319448,0.0106353636449554,0.0252971851793872,1.016011174359567,1.0331414330533824,1.0962166281917232,61.34198777505205,-0.0012369156288454,0.0755488866263793,-0.0050550327473872,0.0168837584004761,0.0183387535399369,0.5993615822745196,50.0,0.54,0.32,0.72,0.66,0.8,0.92,0.5,0.02,0.04,0.0010114090320351,-0.009091925697521,0.0253639743796824,54.00981752376997,0.566816931249114,0.027681238795727,6.678920029512536e-05,23721.30078125,0.0077938798539154,1.0,0.0018110165710907382,-0.009734218303047295,0.6231313131313131,0.3657575757575758,0.00456070980027992,0.6,0.6
2024-06-25,23721.30078125,0.0077938798539154,0.0065473238532693,0.0069361185808403,0.0198674751505409,0.0343989233324026,1.0216015799724447,1.0395143445534376,1.1036100144939849,64.38088707652278,0.0,0.0839315854257578,0.0016675270108092,0.0114350291850554,0.018382631867903,0.7427802556499639,50.0,0.52,0.36,0.72,0.68,0.82,0.92,0.4,0.14,0.08,0.0005501646588319,-0.011533377757818,0.0242669879774928,55.34018725577521,0.6770319337031485,0.0233244481893535,-0.0101319353549098,23868.80078125,0.0062180401218379,1.0,-0.001154321726808271,-0.014918259118307431,0.36616161616161613,0.6205050505050506,0.004039935520428247,0.3333333333333333,0.6666666666666666
2024-06-26,23868.80078125,0.0062180401218379,0.0156461262658671,0.0150025846763905,0.0259598141408843,0.0428453314876275,1.0252245049307562,1.0440955172801605,1.1092529850964354,66.65084515052425,0.0,0.0906715155132629,7.5831765786738e-05,0.0093922748873813,0.0183845881714638,0.7109244735379485,50.0,0.5,0.52,0.7,0.66,0.84,0.92,0.36,0.12,0.06,0.0005718148167692,0.0009405901387411,0.0295062823545264,54.62302695107292,0.641027703847645,0.0212077392880592,-0.0133390491331011,24044.5,0.0073610408985447,1.0,0.003451970150121366,0.001594427843293085,0.5663636363636364,0.43363636363636365,0.005028880881918788,0.6,0.6
2024-06-27,24044.5,0.0073610408985447,0.0215249225835483,0.0202613824415496,0.0309373730775832,0.059009844981499,1.0295579031920965,1.0496496935487991,1.1161142399793025,69.17115793722184,0.0,0.0986999931458338,0.0005341701125602,0.009300614578475,0.0182531837706407,1.235225011388429,50.0,0.74,0.64,0.76,0.72,0.82,0.92,0.32,0.5,0.18,0.006439448710543,0.0058220456198565,0.0378391629142109,56.06501741593984,1.274696251531947,0.0205846467404837,-0.0211706820672881,24010.599609375,-0.0014099020825968,0.0,0.010002152245151604,0.010419844897642964,0.7951515151515152,0.20484848484848486,0.00516476744994761,0.9333333333333333,0.9333333333333333
2024-06-28,24010.599609375,-0.0014099020825968,0.0121957404778438,0.0216798366233361,0.0261422207256833,0.0676763252713672,1.0253616463986788,1.0461935187943163,1.1132718236702566,68.10174021803549,-0.0014099020825968,0.0971509337373484,0.0017218237278795,0.0082935144354551,0.0180487655675661,0.852556708958093,50.0,0.5,0.76,0.86,0.74,0.84,0.94,0.44,0.14,0.16,0.0002811907517425,0.0151236947866418,0.0597570073057383,57.666189655107374,0.7795163196486901,0.0199692573465858,-0.0079193179656289,24141.94921875,0.0054704843490753,1.0,0.0011905114594935992,0.015396957440797837,0.517070707070707,0.48292929292929293,0.005114324699758231,0.6,0.6
2024-07-01,24141.94921875,0.0054704843490753,0.0114437436552978,0.0256650297032396,0.0288230269259679,0.0715135373454864,1.0279388558142648,1.0497794065440802,1.1180340916956133,70.03481250892587,0.0,0.1031528807489319,-0.0007351082818485,0.008208599653098,0.0180502665498455,0.0,50.0,0.66,0.72,0.86,0.76,0.86,0.92,0.48,0.2,0.04,0.0033617666106831,0.0148055663218584,0.0658462768530782,59.15991635270776,0.7081374191653237,0.0196739144272699,-0.0056672604924082,24123.849609375,-0.0007497161563467,0.0,0.003284745236566809,0.016918379476626604,0.6424242424242425,0.35757575757575755,0.003525262551919461,0.6666666666666666,0.6666666666666666
2024-07-02,24123.849609375,-0.0007497161563467,0.0033001147611719,0.016969930605289,0.0240237546371162,0.0369649630676955,1.0245173092133897,1.0469808377057503,1.115894607310863,69.41060066114032,-0.0007497161563467,0.1023258292113138,0.0035954338427066,0.0082063209504681,0.0167291415349213,0.0,50.0,0.42,0.66,0.72,0.74,0.82,0.88,0.44,0.14,0.14,-0.0029173806763038,0.0105856862826905,0.0329947977701667,55.40997196512302,0.7878339726386725,0.0198807052793054,-0.0039701652975288,24286.5,0.0067423066077227,1.0,-0.0015316371197210915,0.016495811875986775,0.4538383838383838,0.5461616161616161,0.003652839182090492,0.4666666666666667,0.5333333333333333
2024-07-03,24286.5,0.0067423066077227,0.0114907747042383,0.0174997991134151,0.0327649260078244,0.109758047933469,1.0283472306118893,1.0518108933610788,1.1220403971582076,71.83960026721084,0.0,0.0736571458619042,0.0069599335654848,0.0081754822821908,0.0084952863518105,0.0,50.0,0.76,0.78,0.98,0.86,0.92,0.9,0.44,0.14,0.02,0.0065381448844247,0.0212709363524612,0.0949323530544482,58.48446751350708,0.6139254785064414,0.0197465487698688,-0.0148256948790207,24302.150390625,0.0006444070008029,1.0,0.005114538573780391,0.018126377286062346,0.6511111111111112,0.34888888888888886,0.0038636055494191595,0.7333333333333333,0.7333333333333333
2024-07-04,24302.150390625,0.0006444070008029,0.0066358010458649,0.0107155645001975,0.0311940590921626,0.0743490180431596,1.0261747398639522,1.0503267162542844,1.1213936354167071,72.06942204099292,0.0,0.0648842741748789,0.0034360331356926,0.0080582297088986,0.0052977051368107,0.8679577768947705,50.0,0.44,0.7,0.78,0.8,0.88,0.9,0.4,0.1,0.06,-0.0006852826659933,0.0088688374017109,0.0608951324967745,57.69741889529391,0.7044451650660384,0.019697546389417,-0.013453885546385,24323.849609375,0.0008928929498506,1.0,-0.001956483503585101,0.006024590008439631,0.3891919191919192,0.6108080808080809,0.004359781976780457,0.4666666666666667,0.5333333333333333
2024-07-05,24323.849609375,0.0008928929498506,0.0082905507718915,0.0130463214203817,0.0350090001606473,0.0658351018356964,1.0244478306892708,1.0491553505827211,1.121029662815419,72.4056823562378,0.0,0.045773303741547,-0.00365402978019,0.0081626304705328,0.0051784117078905,1.0645167044218111,50.0,0.72,0.84,0.84,0.86,0.9,0.92,0.4,0.14,0.04,0.0052189080278272,0.0144774929512547,0.0545337775241628,60.132814247821415,0.7414260466225152,0.0195540722893357,-0.0113013243115335,24320.55078125,-0.0001356211363734,0.0,0.004605652159483573,0.00944141220190624,0.7151515151515151,0.28484848484848485,0.004971988828930624,0.7333333333333333,0.7333333333333333
2024-07-08,24320.55078125,-0.0001356211363734,0.0014020456323471,0.0073979760657141,0.0332528750444243,0.0442418951077177,1.0219429602908787,1.0470006430039722,1.1195310975187491,72.2632484294293,-0.0001356211363734,0.0456314747777046,0.0002302106559992,0.0081361233049274,0.0032348049984817,0.9864789775884424,50.0,0.44,0.6,0.72,0.74,0.86,0.92,0.4,0.14,0.04,-0.0024589874558032,0.0072497040872494,0.0306719184050391,58.99294284189362,0.6986485666505331,0.0202076850732024,-0.0135699767026785,24433.19921875,0.0046318209860134,1.0,-0.0056109161183750395,0.0007655638610267796,0.3603030303030303,0.6063636363636362,0.005205797607207826,0.3333333333333333,0.6666666666666666
2024-07-09,24433.19921875,0.0046318209860134,0.0053924786909209,0.0128233932139412,0.0300109359121951,0.0504746525862163,1.024074641681351,1.0497157338707908,1.1233225658276829,74.13441829147227,0.0,0.0502195212516736,0.0012519954430256,0.0077242654117996,0.0031692154521961,0.9373070662850088,50.0,0.66,0.72,0.8,0.82,0.9,0.92,0.36,0.16,0.02,0.0020836862791907,0.016834385574619,0.0357001245369572,61.950991292681366,0.7265262515007684,0.0197214924584891,-0.014774528049259,24324.44921875,-0.0044509111977667,0.0,0.005730246322484331,0.00792976148255754,0.7179797979797979,0.282020202020202,0.004055096306556297,0.8,0.8
2024-07-10,24324.44921875,-0.0044509111977667,2.4651088730953678e-05,0.0015625643361538,0.0190897080115532,0.0455450874244214,1.0176250946867522,1.043200818425022,1.1170076580793813,69.27564148170597,-0.0044509111977667,0.0429405385488239,0.0010907450304153,0.0081635935313008,0.0034994075120663,1.096357976069915,50.0,0.46,0.64,0.78,0.74,0.88,0.94,0.38,0.18,0.12,-0.0017454054978345,0.0123504322060492,0.0342360939308594,60.50102040398927,0.8557221440872803,0.0200374593209727,-0.0113089934935619,24315.94921875,-0.0003494426502141,0.0,0.0016878049462113259,0.00450286542530926,0.5531313131313131,0.44686868686868686,0.00494629142028458,0.5333333333333333,0.5333333333333333
2024-07-11,24315.94921875,-0.0003494426502141,-0.0001892046994078,0.0005678027624387,0.0112894515897605,0.0425760906430177,1.0155991233596355,1.041087404620549,1.1153231388658198,68.89556353943235,-0.004798798509776,0.039191962563011,0.002964160127598,0.0079901960750564,0.0035457736589199,1.146921205315366,50.0,0.46,0.68,0.72,0.8,0.9,0.94,0.42,0.24,0.16,-0.0003142400250941,0.0094660286804968,0.0320815313407859,58.59908372472647,0.916566657468394,0.0199418732106586,-0.0104945593022317,24502.150390625,0.007657573644356,1.0,-0.000548469811731714,0.005858454953466063,0.3841414141414142,0.6097979797979798,0.003466960071223079,0.3333333333333333,0.6666666666666666
2024-07-12,24502.150390625,0.007657573644356,0.0028220279815869,0.0073302862874664,0.020472240978858,0.0471496515469602,1.0211028672781997,1.0470451913566543,1.1224803781481514,72.46009691439224,0.0,0.0441732066729663,0.0029610195083185,0.0081281472800759,0.0037523406989907,1.2065549486158689,50.0,0.68,0.62,0.74,0.84,0.88,0.94,0.4,0.3,0.04,0.0034295368273761,0.0058975750699202,0.0309896079744163,59.6556888349284,0.8577474780578673,0.0198782730384851,-0.0161600435725439,24586.69921875,0.0034506697076412,1.0,0.0035243960402170297,0.004664438351708762,0.5701010101010101,0.4298989898989899,0.004232806645177765,0.6666666666666666,0.6666666666666666
2024-07-15,24586.69921875,0.0034506697076412,0.0107813335316078,0.0109433556786546,0.018422290427758,0.0477763035267633,1.0222288539457802,1.0485751033551962,1.1249393564844294,73.92150892767994,0.0,0.0461935665743034,0.0034874171200376,0.0078579037623442,0.0037592594217427,1.114029328080543,50.0,0.68,0.8,0.72,0.86,0.92,0.94,0.44,0.26,0.1,0.0040909699609322,0.0196401346920832,0.0409865050937892,61.30978488987032,0.7963663390138795,0.0201459852777135,-0.0067897984329741,24613.0,0.0010697158254551,1.0,0.0039060030063593322,0.0142092060500684,0.6751515151515152,0.3248484848484849,0.0061159486806926225,0.7333333333333333,0.7333333333333333
2024-07-16,24613.0,0.0010697158254551,0.0122162938644789,0.007358871821911,0.0202766307428357,0.0447875061817852,1.0210544067532046,1.047655012836985,1.1247310141401428,74.37700629930045,0.0,0.0473126963889571,0.0011876816654075,0.007428996399986,0.0037500165083644,1.0309803778805198,50.0,0.58,0.66,0.76,0.84,0.92,0.94,0.4,0.22,0.02,0.0020388434308405,0.0104618966222886,0.03530313270813,60.55118662145621,0.6950140080826677,0.0201003383168557,-0.0094843734736552,24800.849609375,0.0076321297434283,1.0,0.0029463176533573044,0.011448937308976203,0.6491919191919192,0.3396969696969697,0.005500087637174739,0.6,0.6
2024-07-18,24800.849609375,0.0076321297434283,0.0121907348533902,0.0195852488309489,0.0211784163784407,0.0546372516318676,1.0260283624105964,1.0533520307319788,1.1318137353315103,77.41169033248136,0.0,0.0553059227697374,-0.002811490624873,0.0075203368080179,0.0038144137676129,1.2723218332457078,50.0,0.7,0.72,0.8,0.86,0.92,0.94,0.46,0.42,0.16,0.0060086378476602,0.0126230093958548,0.0469294394225611,62.02680365119564,1.1294489178273397,0.0199793956933304,-0.0077078122093064,24530.900390625,-0.0108846762510892,0.0,0.002884566983257916,0.012827775636894526,0.5417171717171717,0.45828282828282835,0.004179150188602964,0.6,0.6
2024-07-19,24530.900390625,-0.0108846762510892,-0.0022694721088241,0.008839925184136,0.0094127472805141,0.0409004281675648,1.013426100360462,1.0401780248145085,1.118164813405086,65.42069519875946,-0.0108846762510892,0.0438192594545319,0.0021350547545349,0.0080644688896669,0.0048742662575995,1.2323905796322183,50.0,0.1,0.48,0.7,0.58,0.82,0.92,0.42,0.1,0.22,-0.0154093010131946,-0.0009146280155195,0.0310932952039104,54.22989296326432,0.8279325504198125,0.0202878965010599,-0.0098071329636544,24509.25,-0.0008825762723847,0.0,-0.01702786164894548,-0.0038791995470769856,0.11555555555555555,0.8733333333333333,0.004787216280594421,0.06666666666666667,0.9333333333333333
2024-07-22,24509.25,-0.0008825762723847,-0.0042152521025474,0.0002897545424305,0.0076221648136463,0.0428980093434789,1.0113246658107944,1.037662395681057,1.1158768913141592,64.55700028282124,-0.0117576459664822,0.0412697169344686,-0.0034711481955037,0.008251109912584,0.0047928961024622,1.2248521827833083,50.0,0.6,0.5,0.74,0.66,0.82,0.9,0.38,0.2,0.14,0.0026511875675797,-5.690821008008662e-05,0.0352166394369569,54.43671920335706,0.7824083426154804,0.0205973445163153,-0.007681369906522,24479.05078125,-0.0012321559717249,0.0,0.003324451163413574,-0.0042441242113210285,0.5748484848484848,0.4251515151515151,0.006782108894283164,0.4666666666666667,0.5333333333333333
2024-07-23,24479.05078125,-0.0012321559717249,-0.0129753146845161,-0.0043783200234501,0.0065171221419129,0.0399867102345714,1.0091099493016604,1.034907210551449,1.113233624316783,63.30162174490008,-0.0129753146845161,0.031943863744561,0.0024337909411753,0.009219549724768,0.0048502001785456,1.5895969548509297,50.0,0.46,0.36,0.74,0.58,0.78,0.94,0.38,0.22,0.4,-0.0013916876694317,-0.0086688051885854,0.0283491418016712,54.3535849534433,1.1322434281482228,0.0216210981194712,-0.0116375684329002,24413.5,-0.0026778318259059,0.0,0.004033729280420658,-0.003941747825568307,0.5076767676767677,0.4923232323232324,0.006202679327175079,0.6,0.6
2024-07-24,24413.5,-0.0026778318259059,-0.0047858166131508,-0.0081054727176694,-0.0008062480305437,0.0291804916236775,1.0057939274737355,1.0308368100733836,1.109035914555622,60.54925071421652,-0.0156184007998088,0.0228205523914668,-0.0013930917013383,0.0092785337774182,0.0047530576340796,1.3188948050079148,50.0,0.38,0.32,0.7,0.58,0.72,0.9,0.46,0.22,0.3,-0.0046897201713753,-0.0095569867813551,0.0253841860078437,53.51963346133287,1.0321697566254469,0.022049273279658,-0.0037963056158337,24406.099609375,-0.0003031269840456,0.0,-0.001428434452638488,-0.00835686421873801,0.40101010101010104,0.5989898989898991,0.005696224253671793,0.4,0.6
2024-07-25,24406.099609375,-0.0003031269840456,-0.0042086310525617,-0.0159167934251244,0.0033567210460025,0.0225105078822003,1.004963683234827,1.0292922390806178,1.1075018735441358,60.23085105299231,-0.0159167934251244,0.016471891849197,-0.0074774522805005,0.0095604039356333,0.004630854217342,1.3836700098884025,50.0,0.44,0.3,0.64,0.58,0.74,0.92,0.5,0.2,0.22,-0.0016492441702983,-0.0102090984478045,0.0188449518243735,53.230036969559066,0.9268832694559974,0.0226708884484963,-0.0036655560578268,24834.849609375,0.0175673297602745,1.0,0.0011299487438812448,-0.010217190266555026,0.43141414141414136,0.5685858585858586,0.007111522318293,0.5333333333333333,0.5333333333333333
2024-07-26,24834.849609375,0.0175673297602745,0.014534829446799,0.0123904632080344,0.0213399191599263,0.0328702867339725,1.0204201089884146,1.0454319413384674,1.1255358786581258,70.05546628315034,0.0,0.0343285887653621,0.0007067905267981,0.0101457394310659,0.0057753030529244,1.3876134350482665,50.0,0.96,0.76,0.66,0.76,0.82,0.92,0.54,0.52,0.02,0.0215807418159443,0.0318266142411682,0.0383467059968686,61.69310252048112,1.0485551259584045,0.0231274440481645,0.0054764192628961,24836.099609375,5.03324972633834e-05,1.0,0.024144609604786763,0.031216854135887366,0.9700000000000001,0.030000000000000002,0.005884578707039858,1.0,1.0
2024-07-29,24836.099609375,5.03324972633834e-05,0.0173100788242162,0.0133357654507992,0.0136293840918459,0.0343806491062257,1.0184857645149332,1.0436230415030714,1.124187658327914,70.0786744397539,0.0,0.0295247239363989,0.0043668946492858,0.0104935166412037,0.0057439393149503,1.2834417932031814,50.0,0.5,0.78,0.76,0.76,0.84,0.94,0.54,0.26,0.18,-5.835526671627012e-05,0.0203039490065739,0.0444317418792072,61.122733517282335,0.8829484371697285,0.0230514219189116,0.0100510927729815,24857.30078125,0.0008536433743,1.0,-7.076427604878661e-05,0.02762409229149713,0.5363636363636364,0.4636363636363637,0.004334908276654544,0.6,0.6
2024-07-30,24857.30078125,0.0008536433743,0.0184872297948699,0.0154519880439858,0.0110060142718806,0.0296310606910072,1.0174796158165478,1.042693751249858,1.1237479699953938,70.49634460629471,0.0,0.0304035708956653,0.0001329025612681,0.0106283897307315,0.0056771204917398,1.3013351360486731,50.0,0.44,0.76,0.68,0.74,0.86,0.94,0.56,0.24,0.18,-0.0018388721426287,0.0193749386218781,0.040411855808034,60.56362414492651,0.846411069322089,0.0227926220392389,0.0107807951170267,24951.150390625,0.0037755350108565,1.0,0.0037215066746780915,0.027694132788653562,0.5141414141414141,0.4858585858585859,0.004586113745276176,0.6,0.6
2024-07-31,24951.150390625,0.0037755350108565,0.0046829670031944,0.022022667402257,0.013738690554788,0.0342938956528933,1.0192514686719487,1.044720054658839,1.1265560062260445,72.33714584882676,0.0,0.0273670718557634,0.001182688247558,0.0100411995881729,0.0056739076746382,1.06741752791732,50.0,0.66,0.8,0.78,0.8,0.88,0.94,0.6,0.3,0.12,0.0053959598973961,0.0307771460674612,0.0522891627823808,60.260094250204496,0.9558578553113188,0.0223984684071189,0.0179952671294875,25010.900390625,0.0023946791656728,1.0,0.008026503424432944,0.037375488818607826,0.7146464646464646,0.2853535353535354,0.0047189434764446534,0.9333333333333333,0.9333333333333333
2024-08-01,25010.900390625,0.0023946791656728,0.0070381736262652,0.0247807224804441,0.0084694994146732,0.0298272863782347,1.01958585747861,1.0452861252843242,1.1278032708213075,73.47196405084908,0.0,0.0291640858363468,0.0031982023624443,0.0097837419481396,0.0055526503003874,1.2909501788413476,50.0,0.56,0.9,0.74,0.74,0.88,0.96,0.62,0.28,0.16,0.0026985028418956,0.029601808978738,0.0471657435333583,61.46141899162865,0.9379822020333072,0.0227356531407518,0.0173384571551236,24717.69921875,-0.0117229354919546,0.0,0.005545368156051496,0.041880359298107524,0.6875757575757575,0.31242424242424244,0.005857028154067619,0.6666666666666666,0.6666666666666666
2024-08-02,24717.69921875,-0.0117229354919546,-0.0056161191325045,-0.0047171773724281,0.0076148378229274,0.017099261647451,1.0069013184140572,1.0316958606922353,1.1133127951381698,60.381731938054735,-0.0117229354919546,0.0165220776037076,-0.0088721472301803,0.0100379300935155,0.0062907928258636,1.0183449680475818,50.0,0.18,0.4,0.7,0.64,0.78,0.96,0.58,0.12,0.24,-0.0112253470091983,-0.006080831810634,0.0355737372836135,55.71130606671447,0.900820580411922,0.0240288043818138,0.0184744756361625,24055.599609375,-0.0267864578946228,0.0,-0.013587214387024874,0.0035426520828015155,0.1515151515151515,0.8484848484848484,0.004187548721115212,0.13333333333333333,0.8666666666666667
2024-08-05,24055.599609375,-0.0267864578946228,-0.0358921639775972,-0.0314260295407005,-0.0185093542489059,-0.0110282707839391,0.9818066520574436,1.0039005311711169,1.0825917180684788,42.128375810519046,-0.0381953774686208,0.0,-0.0167835042292411,0.0123663013798634,0.0088207440118729,1.3985612337205462,50.0,0.08,0.18,0.5,0.28,0.56,0.9,0.58,0.08,0.64,-0.0253332688945812,-0.0309082766921475,-5.327929228082784e-06,47.65604418291487,1.1149846515458135,0.0263500926169785,0.0110229428547111,23992.55078125,-0.0026209626510589,0.0,-0.028341458321004865,-0.024675125197479386,0.04606060606060606,0.9539393939393939,0.006317605489299916,0.06666666666666667,0.9333333333333333
2024-08-06,23992.55078125,-0.0026209626510589,-0.0407162314618915,-0.0347885720823029,-0.0198741366382,-0.0134865366722234,0.9811739137018776,1.0012195064187008,1.0788980990704051,40.8616250712441,-0.0407162314618915,0.0,0.0055808211884138,0.013433787379737,0.0088325854929168,0.8909747086429968,50.0,0.38,0.18,0.56,0.3,0.54,0.9,0.62,0.1,0.14,-0.0024763230111513,-0.034642830129124,0.0095805832974303,46.80988988629831,0.8606530976681315,0.0273370857025397,0.0230671199696538,24297.5,0.0127101624804444,1.0,-0.0007491471883131452,-0.029150766951494454,0.5166666666666667,0.48333333333333334,0.005091235094219409,0.4666666666666667,0.5333333333333333
2024-08-07,24297.5,0.0127101624804444,-0.0169999325192553,-0.0261972045533659,-0.0047514694738566,-0.0055538866414949,0.994246569013438,1.0133909765354394,1.091605151595067,48.869729540209306,-0.0285235788989191,0.0127101624804444,0.0123725739743765,0.0133000138719444,0.0092607572145772,0.8975047333766637,50.0,0.84,0.32,0.58,0.52,0.64,0.92,0.58,0.12,0.08,0.0138270328727733,-0.0250357458237348,0.0212175251284139,51.16914317110336,0.7241393571335383,0.0266835333593052,0.0267714117699088,24117.0,-0.007428747813561,0.0,0.01573431446218909,-0.021923332060619773,0.7450505050505051,0.2549494949494949,0.00660011463386053,0.8,0.8
2024-08-08,24117.0,-0.007428747813561,0.0025524365063456,-0.0357404322380999,-0.0118453834902791,-0.0085284240923363,0.9880970419718424,1.0056315439902288,1.0825964657659672,44.9866329163498,-0.0357404322380999,0.0051869940751467,-0.0020145784031279,0.0131452905460137,0.0093555187818575,0.8789629420882062,50.0,0.24,0.16,0.54,0.36,0.58,0.9,0.58,0.12,0.22,-0.0128485143642947,-0.0393994040517052,0.0038289850177398,49.16681970619789,0.8675553309078055,0.0270402415567794,0.0123574091100762,24367.5,0.0103868640378157,1.0,-0.013877942656298955,-0.04091338769572105,0.17252525252525253,0.8274747474747475,0.004801337253405866,0.06666666666666667,0.9333333333333333
2024-08-09,24367.5,0.0103868640378157,0.0156277347151858,-0.014167953726225,-0.0188182983479222,0.0021200398465319,0.9985162044958674,1.0154367030324076,1.0928208334276897,50.82627917779868,-0.0257247992105942,0.0156277347151858,0.011189186440063,0.0132149120516935,0.00966079003923,0.6140713990036685,50.0,0.88,0.26,0.6,0.58,0.66,0.88,0.58,0.08,0.0,0.0095529011202254,-0.0162859048122392,0.0185625894752097,52.95895774182786,0.5475250544402657,0.0261556976028791,0.0164425496286777,24347.0,-0.0008412844977941,0.0,0.010121842462970576,-0.017928663686811577,0.9312121212121213,0.06878787878787879,0.004512214758949348,1.0,1.0
2024-08-12,24347.0,-0.0008412844977941,0.0020372466303117,0.0121136199203879,-0.0196930925977756,-0.006332113228901,0.9978970201719016,1.0140025642946526,1.0909038914398397,50.35520048921879,-0.0265444418336036,0.01477330284644,-0.0019472337642351,0.0124994888817337,0.0094987579834496,0.8043334578579844,50.0,0.44,0.66,0.56,0.46,0.66,0.9,0.58,0.08,0.1,-0.0008023667310402,0.0087699454658491,0.0074771820193729,50.47793794551043,0.7232227701633309,0.0243239993833881,0.013809295248274,24139.0,-0.0085431469996303,0.0,-0.003833582080274734,0.007062483800432597,0.3324242424242424,0.6509090909090909,0.004657126295712644,0.4,0.6
2024-08-13,24139.0,-0.0085431469996303,0.0009122195961355,0.0061039453489226,-0.0288969742761378,-0.0182090005155544,0.990374301837547,1.0051293136516677,1.0807068402550175,45.72448479764929,-0.0348608157646264,0.0061039453489226,-0.0001910046668993,0.0127446396761612,0.0096289122744112,0.6953772065969452,50.0,0.28,0.6,0.48,0.4,0.64,0.88,0.6,0.02,0.12,-0.0058056691561871,0.0049601191613874,-0.0024704916460825,48.80459438557925,0.6390676654159269,0.0242717100287016,0.0157385088694718,24143.75,0.0001967769998756,1.0,-0.006471229788797378,0.0012792157827087572,0.28555555555555556,0.7144444444444443,0.004126674733567019,0.26666666666666666,0.7333333333333333
2024-08-14,24143.75,0.0001967769998756,-0.0091823125064122,-0.006327811503241,-0.0323592450842814,-0.0190651281842928,0.9914596869274712,1.0051171251032975,1.0800498756759338,45.84695814925859,-0.03467089857149,0.0063019234648513,0.0018807900337627,0.01239140911024,0.009621612745803,0.8773249255156056,50.0,0.46,0.28,0.44,0.34,0.54,0.9,0.52,0.1,0.14,-0.001254936611452,-0.0118224522586986,-0.0112598858131793,46.83923873894845,0.6781710313050697,0.0246684198130873,0.0078052423711134,24541.150390625,0.0164597624902924,1.0,-0.004726255938484383,-0.01871139381566982,0.4403030303030303,0.5596969696969697,0.005823691208820694,0.26666666666666666,0.7333333333333333
2024-08-16,24541.150390625,0.0164597624902924,0.007974304457428,0.0175871953653024,-0.0187818108370092,-0.0104713839582265,1.0070328221446443,1.0207939952235476,1.0967596483712978,54.99656923850648,-0.0187818108370092,0.0228654141186075,0.0079150757183537,0.0120891724282839,0.0102184446909567,0.794744619526255,50.0,0.94,0.7,0.5,0.56,0.74,0.92,0.58,0.3,0.02,0.0170606712674679,0.0102632314898777,0.0017648209244562,51.78385700943331,0.8252638946409405,0.0233573407405078,0.0122362048826827,24572.650390625,0.0012835584110202,1.0,0.015959080435165914,0.01093251649644842,0.9672727272727272,0.03272727272727273,0.004138168240473402,1.0,1.0
2024-08-19,24572.650390625,0.0012835584110202,0.0179647206025519,0.0084190167487432,-0.0058682172171984,0.0017019350833105,1.0075265438661445,1.0212190174996414,1.097095771172344,55.63641218535447,-0.017522359977263,0.024178321624241,0.0038791669190196,0.0117559618078129,0.0099241294525727,0.7234175241658871,50.0,0.6,0.56,0.62,0.58,0.72,0.94,0.62,0.1,0.02,0.0021437511494888,0.0024988144594355,0.0147810976270843,52.34975867042803,0.5636082071560367,0.0227797898621118,0.0130791625437738,24698.849609375,0.0051357593399101,1.0,0.004079610758915292,0.004825340049868698,0.6080808080808081,0.39191919191919194,0.004410093026344487,0.6,0.6
2024-08-20,24698.849609375,0.0051357593399101,0.0229914412373801,0.0144514564166016,0.0267401357873162,0.0077358388924588,1.0114774593953866,1.025399598830129,1.1016041412362252,58.20048193335386,-0.0124765912612633,0.0294382550052563,0.0031030433749665,0.0116627836002655,0.0099828171774028,0.7168210804957286,50.0,0.78,0.78,0.6,0.7,0.78,0.96,0.52,0.22,0.02,0.0054735404925881,0.0128845515898429,0.0202169387069257,55.1238146379185,0.6951973819638795,0.0225942578358244,0.0124810998144668,24770.19921875,0.0028887826964991,1.0,0.00343477441276221,0.01218903040981431,0.6744444444444445,0.32555555555555554,0.004758369095117956,0.8,0.8
2024-08-21,24770.19921875,0.0028887826964991,0.0093332555515612,0.0261485239135839,0.0324120784234298,0.0118937797099145,1.0130101849485746,1.0272192557884472,1.1036357292034336,59.62141583691282,-0.0096238507257109,0.0324120784234298,-0.0007408777499521,0.011644615797303,0.0099891680292443,0.7948063992580571,50.0,0.74,0.92,0.68,0.78,0.78,0.94,0.54,0.2,0.06,0.0062196369468434,0.0235620097689198,0.0221958959452849,57.721174303150434,0.7612710154224913,0.0222970991087114,0.0103021162353703,24811.5,0.0016673576536574,1.0,0.008133437512401913,0.027087195580539836,0.8124242424242424,0.18757575757575756,0.0054505760745243576,0.8666666666666667,0.8666666666666667
2024-08-22,24811.5,0.0016673576536574,0.0097201403014355,0.0276572611959617,0.0211544397571765,0.0163024556085771,1.0132807160334216,1.0277659066638778,1.1043168916374375,60.459327062691656,-0.0079725394732187,0.0341334786041174,0.0037626331161861,0.0115388668956791,0.0099604448253019,0.6967990890688259,50.0,0.5,0.96,0.76,0.8,0.84,0.96,0.62,0.14,0.04,0.0002501770649739,0.0313272390824588,0.0249900367171552,57.96156631431553,0.7553742744940608,0.0222073951580633,0.0086875811085781,24823.150390625,0.0004695560778267,1.0,0.002580421328278827,0.03462048105051612,0.5402020202020202,0.45979797979797976,0.004060842756706994,0.5333333333333333,0.5333333333333333
2024-08-23,24823.150390625,0.0004695560778267,0.0050326546869947,0.0114909038700861,0.0292801920066758,0.0170879734134086,1.012430079329341,1.0271106832727588,1.103684134811039,60.70702859760844,-0.0075067269497572,0.0346190622642803,0.0013663176601574,0.0108506187143875,0.0099572094296714,0.6738131699846861,50.0,0.42,0.78,0.7,0.76,0.84,0.96,0.52,0.14,0.04,-0.0020046350048942,0.014361565944531,0.0199920703314148,55.91061835037464,0.6648098123215618,0.0213333093781956,0.0029040969180061,25010.599609375,0.007551387144671,1.0,-0.0005485516445720967,0.017774969357698563,0.36090909090909096,0.639090909090909,0.004346825233193259,0.4666666666666667,0.5333333333333333
2024-08-26,25010.599609375,0.007551387144671,0.0097052263690728,0.0178226284828064,0.026391694239253,0.0070767491152294,1.0181287335639502,1.033453726315679,1.1107803921203374,64.55448544764045,-1.2026006473320194e-05,0.0424318713506943,0.0033416072273133,0.0090461701455618,0.0093050520712678,0.7051486244069274,50.0,0.64,0.92,0.54,0.86,0.84,0.96,0.46,0.16,0.0,0.0056208950757762,0.0168729030164728,0.0051632326699219,59.065177157593375,0.7262834377771793,0.0200334099878713,-0.0019135164453075,25017.75,0.000285894410237,1.0,0.007314466499741111,0.021046923388752133,0.6424242424242425,0.35757575757575755,0.005525950220098648,0.8,0.8
2024-08-27,25017.75,0.000285894410237,0.0083126775890212,0.0129115483380226,0.027549595432702,0.007313966101039,1.0166363585486409,1.0323828289184112,1.109871048501465,64.69649173312496,0.0,0.0427298967957665,0.000567806134071,0.0081220960350294,0.0093047432082945,0.7656437510714899,50.0,0.42,0.7,0.6,0.88,0.86,0.96,0.56,0.2,0.1,-0.0013220026126092,0.0098566969136919,0.0104140471380763,57.320062299970665,0.7551284401155838,0.0192249017308024,0.0031000810370372,25052.349609375,0.0013830024432652,1.0,-0.002490484916169058,0.014953594747548813,0.3207070707070707,0.6792929292929294,0.003802577224635013,0.3333333333333333,0.6666666666666666
2024-08-28,25052.349609375,0.0013830024432652,0.0092332848628498,0.0113907194743683,0.0378370938885206,0.0078467420836025,1.0162960464115762,1.0324416956917164,1.1101753541300474,65.41845774278644,0.0,0.0441719947907008,0.0005216608707816,0.0075970996046325,0.0093068368118692,0.7776444852162868,50.0,0.42,0.64,0.64,0.8,0.8,0.96,0.56,0.24,0.08,-0.0014487591516685,0.0086387807244507,0.0134087259294586,57.52918977922766,0.7800687954308357,0.01900381268698,0.005561983845856,25151.94921875,0.0039756594063229,1.0,0.00012575175180952214,0.006996711293270349,0.322020202020202,0.6779797979797979,0.004649157337652147,0.3333333333333333,0.6666666666666666
2024-08-29,25151.94921875,0.0039756594063229,0.0056515881899135,0.0137214283195292,0.0417581866425058,0.0080476781623843,1.0183641166733703,1.0350628909642878,1.1133196379857215,67.48012635178691,0.0,0.0483232670036093,-0.0006805281097713,0.0073784464438052,0.0093107272586483,1.2445506961046269,50.0,0.58,0.66,0.66,0.8,0.82,0.98,0.6,0.44,0.14,0.0012384023612412,0.0117371249247879,0.0132230881709485,57.40139751047092,1.1250155712467476,0.0187216232676898,0.0051754100085641,25235.900390625,0.0033377600735777,1.0,0.0019128249120577915,0.00635051069812322,0.5163636363636364,0.47757575757575754,0.004828771416252512,0.5333333333333333,0.5333333333333333
2024-08-30,25235.900390625,0.0033377600735777,0.0087198245495698,0.0166276235491802,0.0283095938430579,0.0089960775696158,1.019649761011287,1.0369513702532418,1.115736319334156,69.1496347999601,0.0,0.0518223185484165,0.0038863787116398,0.0068264504621331,0.0093235148825317,2.1649676883152127,50.0,0.74,0.76,0.62,0.84,0.86,0.98,0.52,0.62,0.24,0.0037427439212327,0.0131990403009131,0.0156685320126459,59.143841084762144,1.5881965692793556,0.0187129671418474,0.0066724544430301,25278.69921875,0.0016959501132323,1.0,0.005652231003869995,0.012592082564253563,0.7812121212121212,0.2187878787878788,0.0024616529276458004,0.8,0.8
2024-09-02,25278.69921875,0.0016959501132323,0.0090350650898747,0.010719439500143,0.0287331165707047,0.0226962871841422,1.019303633356638,1.0371355760567524,1.1163219719970603,69.9953386339583,0.0,0.0536061567286592,0.0038714378024053,0.0063555823187086,0.0088702369333949,0.7718021997055512,50.0,0.54,0.64,0.7,0.82,0.9,1.0,0.56,0.2,0.08,0.0013764556922539,0.0083311797666859,0.0298899556695704,59.39006822451697,0.8260604951302145,0.0187142488466486,0.0071936684854281,25279.849609375,4.550829989491412e-05,1.0,0.000696348259207187,0.005913758805207037,0.5301010101010101,0.4698989898989899,0.005671826290170479,0.6,0.6
2024-09-03,25279.849609375,4.550829989491412e-05,0.0050851084944802,0.0104765460273206,0.0235233627957907,0.0508925164984406,1.01747495718869,1.0356726103745586,1.1150815785247654,70.01912895900108,0.0,0.0536541045536105,0.0013727435725514,0.0059101311467886,0.0059787357443894,0.7714691012257665,50.0,0.42,0.68,0.9,0.82,0.88,0.96,0.44,0.22,0.08,-0.001411496507222,0.0096259254645187,0.0443301773264083,59.71593088955147,0.8307816173939522,0.0184347814100033,-0.0065623391720323,25198.69921875,-0.0032100820170585,0.0,-0.0012406240221114785,0.007127662483604755,0.4078787878787879,0.5921212121212122,0.00278377689472655,0.4,0.6
2024-09-04,25198.69921875,-0.0032100820170585,-0.0014741368962138,0.0058417518379287,0.0172990130687218,0.0502717884603831,1.0128381892095577,1.0310400907949038,1.1102702598983707,66.04120394411297,-0.0032100820170585,0.044852146566737,-0.0075119272289727,0.0062104940977036,0.0060066896870324,0.933071083252146,50.0,0.36,0.62,0.9,0.68,0.8,0.96,0.48,0.14,0.16,-0.0039997978003945,0.009492784788228,0.0450629082480268,58.92451888260398,0.8794042039006207,0.0183729111761585,-0.0052088802123563,25145.099609375,-0.0021270784221717,0.0,-0.0016203093358008536,0.005449907432898648,0.37595959595959594,0.617979797979798,0.004477278505612359,0.3333333333333333,0.6666666666666666
2024-09-05,25145.099609375,-0.0021270784221717,-0.0052850666175063,-0.0002723291668342,0.013445362407553,0.0348842312737935,1.0096564723997128,1.027684415130197,1.1067203227957434,63.476095180305,-0.0053303323430384,0.0426296641114152,0.0020556926689079,0.0054497924806666,0.0055765770247618,0.8314779126985612,50.0,0.36,0.56,0.74,0.6,0.68,0.96,0.56,0.16,0.22,-0.0033720448299038,0.0029972786099612,0.0390659062874945,56.02882621073745,0.8520961423309121,0.0181295777703103,0.0041816750137009,24852.150390625,-0.0116503502989019,0.0,-0.0009806890251973864,0.0026158444798549544,0.380909090909091,0.619090909090909,0.003305180655465837,0.3333333333333333,0.6666666666666666
2024-09-06,24852.150390625,-0.0116503502989019,-0.0169185824029344,-0.0152065111234375,0.0011682642832857,0.0304826632924908,0.9980938459672852,1.0150860980734715,1.0928064009996257,51.66472396988102,-0.0169185824029344,0.0295434935426073,-0.0020441514022014,0.0062371599037149,0.0060049611967636,1.1664327813640192,50.0,0.14,0.3,0.76,0.54,0.58,0.92,0.54,0.1,0.4,-0.008223480837137,-0.0106185420892644,0.0385287572989743,51.5477698763426,0.9813325495125448,0.0180594867797195,0.0080460940064834,24936.400390625,0.0033900486950126,1.0,-0.008396535931463405,-0.011320489276438866,0.14383838383838385,0.8561616161616161,0.00416604158006844,0.13333333333333333,0.8666666666666667
2024-09-09,24936.400390625,0.0033900486950126,-0.0104092209620815,-0.0135409984969125,-0.0029667109109285,0.0233466868010669,1.0013365367691691,1.0177878050936928,1.0954590885451687,54.29852281377261,-0.0135858885261181,0.0330336961193504,-0.0011568415428084,0.0063383959857073,0.0056547781488645,0.9450573944054386,50.0,0.52,0.34,0.68,0.6,0.64,0.94,0.6,0.2,0.06,0.0006314573178122,-0.0154571158420532,0.0380552732293149,53.495961191303664,0.7766527731113249,0.0183403566440255,0.0147085864282479,25041.099609375,0.0041986500501236,1.0,-0.0008413219692611991,-0.01285453381432503,0.4761616161616161,0.5238383838383839,0.0038206217253188416,0.4666666666666667,0.5333333333333333
2024-09-10,25041.099609375,0.0041986500501236,-0.0041359947510896,-0.0094442808675356,0.0009333217165812,0.0285086297849836,1.0050104593823097,1.0211776754586868,1.0989644008757475,57.40478046240823,-0.0094442808675356,0.0373710430993412,0.0025264271912992,0.0065978530095295,0.0056727131761362,0.938527039139528,50.0,0.66,0.34,0.72,0.64,0.72,0.94,0.54,0.26,0.14,0.0049025295975105,-0.0073372170433176,0.0380287257047108,54.974869675502745,0.9225313875658544,0.0184063923519385,0.0095200959197271,24918.44921875,-0.0048979634496194,0.0,0.007297569229537388,-0.0044921518990481135,0.786969696969697,0.21303030303030301,0.0047416154169348445,0.8,0.8
2024-09-11,24918.44921875,-0.0048979634496194,0.002667730038766,-0.0111216058244574,-0.0053448236477944,0.0322900376465471,1.0000795775633882,1.0155317795736325,1.0925643597283057,52.87124561853473,-0.014295986574658,0.0320869466735698,-0.0002835182753851,0.0070069808745093,0.0053870661249028,1.0350899957365562,50.0,0.24,0.36,0.72,0.58,0.66,0.94,0.52,0.14,0.14,-0.003244417325825,-0.0069947637366518,0.0447490143830022,53.11815747575226,0.8741393821337891,0.0181805168908036,0.0124589767364551,25388.900390625,0.0188796328272711,1.0,-0.0060652277430932895,-0.008848349309098459,0.18202020202020203,0.8179797979797979,0.004899970728070054,0.13333333333333333,0.8666666666666667
2024-09-12,25388.900390625,0.0188796328272711,0.018146163556554,0.0096957572265532,0.0094207876222316,0.051572369272586,1.0171240083867326,1.033298362202595,1.1119392139839444,64.46402227463878,0.0,0.0345440204108709,0.0056665312771049,0.008081691790516,0.0066110116155666,1.389381339669195,50.0,1.0,0.76,0.86,0.8,0.82,0.96,0.58,0.86,0.0,0.0180414615677295,0.0105140511759008,0.0620374509395854,60.39665884453312,1.3809129364253967,0.0185931102974033,0.0104650816669994,25356.5,-0.0012761636040355,0.0,0.02169951508735067,0.013544946266551483,1.0,0.0,0.004494175293848985,1.0,1.0
2024-09-13,25356.5,-0.0012761636040355,0.0125953091335861,0.0202940027904086,0.0047788906877996,0.0332237729852498,1.0142972051562251,1.0306871134892637,1.109300296256299,63.30900789754007,-0.0012761636040355,0.0318992699979183,0.0016364957712127,0.00785933767511,0.0057829749917574,0.9202487753866476,50.0,0.4,0.86,0.8,0.72,0.78,0.98,0.54,0.12,0.06,-0.001961190719753,0.0201454523061094,0.0439966848146986,60.19968339961726,0.8070666078941658,0.0184633350358679,0.0107729118294488,25383.75,0.0010746751326089,1.0,-0.0026952909381690155,0.019292397252813072,0.31696969696969696,0.6830303030303031,0.003811037520054372,0.3333333333333333,0.6666666666666666
2024-09-16,25383.75,0.0010746751326089,0.018672942973509,0.0179396224943189,0.0041557035961756,0.0330082264827424,1.0139014213570252,1.030509872335283,1.1092728689338578,63.89492899661197,-0.0002028599327169,0.0277300522679011,0.001977812025516,0.0078791828908398,0.0057838627334593,0.6276275159046095,50.0,0.5,0.8,0.78,0.76,0.8,0.98,0.54,0.04,0.06,0.000215557596421,0.0205378356978737,0.037412758137008,58.59338362729749,0.6034442932054722,0.0185089638645144,0.0044045316542655,25418.55078125,0.0013709866056039,1.0,0.0008192349172974023,0.020961705353408685,0.5119191919191919,0.488080808080808,0.0038029900138268195,0.5333333333333333,0.5333333333333333
2024-09-17,25418.55078125,0.0013709866056039,0.0011678485546364,0.0150732666601305,0.0054866296286653,0.0291390564037372,1.013815017244135,1.0306324695937288,1.109570449476727,64.67085442900222,0.0,0.0261746608000319,0.0013059690008372,0.0076560959558259,0.0057250990566606,0.8069487251330905,50.0,0.48,0.74,0.72,0.76,0.8,0.98,0.52,0.12,0.04,-0.0005393002617406,0.0147855111464102,0.033566418435027,58.92025630749525,0.7212963895606597,0.0182995162796386,0.0044273620312897,25377.55078125,-0.0016129951842196,0.0,0.0009671596621593887,0.014570920659616392,0.4747474747474748,0.5141414141414141,0.0033995618931196613,0.5333333333333333,0.5333333333333333
2024-09-18,25377.55078125,-0.0016129951842196,0.0008301927020684,0.0184241626944643,0.0070976505948734,0.0245194460139932,1.0110069955673116,1.0278023976528443,1.1065939565824168,62.95430326833908,-0.0016129951842196,0.0228140491808233,-0.0006353781049119,0.0076747925871543,0.0057540874455847,0.8121082057943186,50.0,0.4,0.7,0.68,0.66,0.74,0.96,0.46,0.2,0.12,-0.0035823704714473,0.014887678798925,0.0211027095759538,56.75402647532381,0.7417442412736057,0.0185400480817852,-0.0034167364380394,25415.80078125,0.0015072376499098,1.0,-0.004652936144027101,0.01611351181820113,0.31010101010101015,0.6898989898989899,0.004398193523628149,0.26666666666666666,0.7333333333333333
2024-09-19,25415.80078125,0.0015072376499098,0.0012626495789629,0.0010595335052372,0.0107655637114307,0.0243556730246055,1.0113238975529235,1.0281680767288404,1.107069285748254,63.91655437862427,-0.0001081887013806,0.0238749063393994,0.0043148371938597,0.0079990795939366,0.0057535547079328,1.1634574477923905,50.0,0.54,0.4,0.68,0.68,0.76,0.96,0.52,0.24,0.28,0.0014347281331379,-0.006358385882151,0.0265526580010337,55.26350167050843,1.042220018921844,0.0194006645838985,0.0021969849764282,25790.94921875,0.0147604413777415,1.0,-0.0004277247032853771,-0.005950410632311503,0.5168686868686868,0.48313131313131313,0.00401018109151696,0.5333333333333333,0.5333333333333333
2024-09-20,25790.94921875,0.0147604413777415,0.0146506557633765,0.0171336430008084,0.0377753559900855,0.0389877518725629,1.0236921096367315,1.0415738489842206,1.1220323047227303,71.68485227383721,0.0,0.0377753559900855,0.0043338566605881,0.0088113441564332,0.0064951227472234,1.859889055576876,50.0,0.86,0.64,0.74,0.76,0.76,0.98,0.56,0.82,0.08,0.0122487128764465,0.008555988365656,0.0441390804476429,61.60912283417435,1.7595034474531368,0.0196014812250459,0.0051513285750799,25939.05078125,0.0057423850996662,1.0,0.013911844215550407,0.010654904457234205,0.8929292929292928,0.07373737373737373,0.006343209973701993,0.9333333333333333,0.9333333333333333
2024-09-23,25939.05078125,0.0057423850996662,0.0221258546516183,0.0218762311025755,0.040208304924473,0.0371223075966151,1.0266791666752244,1.045605017634844,1.1270346872614254,74.0591904561488,0.0,0.0437346617311238,0.003163961194599,0.008978997361582,0.0064249976573822,0.7300008723719794,50.0,0.68,0.66,0.7,0.82,0.8,1.0,0.48,0.1,0.08,0.0052259171101655,0.0138475669913905,0.0346675525330771,61.98028511352712,0.7025475921183091,0.0199677826042014,-0.0024547550635379,25940.400390625,5.203002169906768e-05,1.0,0.0067328984366955245,0.016658363698200725,0.6812121212121213,0.3187878787878788,0.0055711843950528705,0.8,0.8
2024-09-24,25940.400390625,5.203002169906768e-05,0.0206406878103173,0.0205302660197268,0.0359129908541762,0.0368798309450291,1.0241252025442846,1.043790445316302,1.1256697933779527,74.08052007806047,0.0,0.0437889672682216,-0.0006785738864709,0.0087820698191074,0.0064281939542282,1.3037353834665582,50.0,0.5,0.76,0.76,0.84,0.86,1.0,0.54,0.2,0.2,-0.0002302720662906,0.0179485678673461,0.0392538355765829,61.70043931798695,0.9390868073426586,0.0202699460478902,0.0023740046315537,26004.150390625,0.0024575565157058,1.0,0.001625082094656593,0.017231446150365606,0.5738383838383838,0.4261616161616162,0.00477595119805937,0.6,0.6
2024-09-25,26004.150390625,0.0024575565157058,0.0082665112503885,0.0246910986318646,0.0435701741446277,0.0379924755997265,1.0240437031938483,1.0444569350875716,1.1269959212311438,75.12112794501051,0.0,0.0463541376457536,-0.0015786638316422,0.0087983143573353,0.0064287345609717,0.936071524603388,50.0,0.6,0.76,0.68,0.74,0.88,0.98,0.46,0.2,0.1,0.0014596270381787,0.0179067087702475,0.0349021677269467,60.32321437354696,0.6953068744095463,0.0204030591984961,-0.0030903078727797,26216.05078125,0.008148714241454,1.0,0.0013812159628718659,0.02341093862109869,0.613030303030303,0.38696969696969696,0.004291340459377735,0.6,0.6
2024-09-26,26216.05078125,0.008148714241454,0.0106788795910846,0.0314863185656684,0.0325792128803825,0.0423069223480598,1.0292136261650089,1.0507852532390536,1.1346420265434491,78.24728342892666,0.0,0.054880578508792,4.806924976286098e-05,0.0084140068651286,0.0065663843978842,1.2431082734234913,50.0,0.88,0.84,0.76,0.86,0.92,1.0,0.52,0.56,0.12,0.0100625588397545,0.0274745798278635,0.0470268295087584,62.32643453028074,1.1594557017520415,0.0196719805868578,0.0047199071606985,26178.94921875,-0.0014152231703233,0.0,0.009641935523005277,0.03380391435059307,0.8455555555555556,0.15444444444444447,0.00420513954332468,0.9333333333333333,0.9333333333333333
2024-09-27,26178.94921875,-0.0014152231703233,0.0091960349313349,0.0150440372205427,0.0324354393843786,0.0373693354914073,1.025047316428447,1.047273504492753,1.1315383878987209,76.43625847605487,-0.0014152231703233,0.0533876870721621,0.0012282253730233,0.0082120180436516,0.0066049110243398,1.6850534419355947,50.0,0.58,0.82,0.78,0.88,0.9,1.0,0.54,0.54,0.32,0.0012145335270861,0.0205165847054911,0.0469898068929797,62.85378964229514,1.5192322998668804,0.0203155216018822,0.0096204714015724,25810.849609375,-0.0140609008520233,0.0,0.0012515601086798963,0.020749736059397745,0.5709090909090909,0.4290909090909091,0.0066458250154940585,0.6,0.6
2024-09-30,25810.849609375,-0.0140609008520233,-0.007433458826622,-0.0049424002811879,0.0168257097306347,0.0210513359892461,1.0096117095671278,1.0312316438217932,1.1143458540974354,61.28168539418512,-0.0154562247096654,0.0385761072454982,-0.0044940091566294,0.0087474245613139,0.007503691511254,1.1552772025523177,50.0,0.24,0.54,0.66,0.7,0.86,1.0,0.6,0.16,0.28,-0.0101017066026856,0.0016645675614616,0.0340041410216749,59.4091405605215,0.9617984727049866,0.0204324023968398,0.0129528050324287,25796.900390625,-0.0005404401234794,0.0,-0.007445854486472283,0.008189056717003458,0.340625,0.659375,0.006205487760785079,0.25,0.75
2024-10-01,25796.900390625,-0.0005404401234794,-0.0159883116691542,-0.0055319115294713,0.014884782874958,0.0204530797943613,1.0081955628447468,1.0294360011657584,1.1124845321658634,60.78982214936107,-0.0159883116691542,0.0380148190458555,-0.0008678672327339,0.0085856106548999,0.0075090393447219,0.8281171548117154,50.0,0.4,0.58,0.68,0.72,0.84,0.98,0.58,0.12,0.08,-0.0029520520501482,0.0039180964214667,0.0338377709219656,57.50997453767624,0.7068471157069357,0.0206411222863189,0.0133846911276042,25250.099609375,-0.0211963752609873,0.0,-0.000520627752621104,0.0046188940187271935,0.38626893939393936,0.6080492424242424,0.00441350058723028,0.3125,0.6875
2024-10-03,25250.099609375,-0.0211963752609873,-0.0354807827317124,-0.0289973242702769,-0.0050222014320296,0.0020398033318622,0.988065213592171,1.0073148502796254,1.0879414822749978,45.40529649321509,-0.0368457926762126,0.0160126674148937,-0.0133369038931139,0.0089177843921385,0.0089781304998669,1.378120626240927,50.0,0.04,0.26,0.54,0.36,0.72,0.94,0.54,0.04,0.66,-0.017062727751437,-0.016673926822147,0.0077736370297516,49.77421378255826,1.2240184577181723,0.0210578823844088,0.0057338336978893,25014.599609375,-0.0093266958801446,0.0,-0.0208725669898229,-0.01750136025415992,0.03645833333333333,0.9635416666666666,0.006709218603649459,0.0,1.0
2024-10-04,25014.599609375,-0.0093266958801446,-0.030849430067222,-0.0458288390536033,-0.0157855019138715,-0.0051898780290114,0.9808255085407293,0.998001339314823,1.0769609339126298,40.63544629347809,-0.0458288390536033,0.0065366262555404,-0.0027009485033745,0.0100873903716384,0.009215034010802,1.1906690168802505,50.0,0.2,0.16,0.46,0.24,0.52,0.94,0.52,0.14,0.52,-0.0091604237029658,-0.047039673191537,-0.0036823109604139,46.04924231251417,1.1526850588102606,0.0226969253743246,0.0015075670685975,24795.75,-0.0087488751686026,0.0,-0.009235637449117942,-0.03605642521439292,0.11392045454545455,0.8860795454545454,0.00443732005451588,0.0625,0.9375
2024-10-07,24795.75,-0.0087488751686026,-0.0388089412086435,-0.0528363154377227,-0.0385871497132215,-0.0022694370401957,0.974821222798635,0.9896863966238784,1.066821803833056,36.7697442179272,-0.0541767634302041,0.0,0.002778377470969,0.0111534056905633,0.0090469143823371,1.1770625324297552,50.0,0.2,0.06,0.46,0.18,0.46,0.9,0.48,0.06,0.32,-0.0086076951221104,-0.052971016316554,-0.0027363207094468,43.30163117380176,0.8947649933243014,0.0242370637488541,-0.000466883669251,25013.150390625,0.0087676473034692,1.0,-0.013936956799453525,-0.05108692282761619,0.18797348484848486,0.8120265151515151,0.004081070571827058,0.1875,0.8125
2024-10-08,25013.150390625,0.0087676473034692,-0.0093840904557075,-0.030905577724968,-0.0356952302701178,0.003077829951305,0.9849282273205164,0.9984276888398368,1.0753602374488551,42.610328716582735,-0.0458841188805343,0.0087676473034692,0.0014699784741336,0.0116213088849435,0.0092333002619066,1.0349915355584205,50.0,0.72,0.1,0.52,0.26,0.44,0.94,0.46,0.22,0.14,0.0067584084358821,-0.0353990395708737,0.0006589967464872,45.48303775967148,0.876267152226585,0.0246150497411598,-0.0024188332048177,24981.94921875,-0.0012473907279866,0.0,0.01321130053860554,-0.03137518382875448,0.7037878787878789,0.2962121212121212,0.006957043312360002,0.8125,0.8125
2024-10-09,24981.94921875,-0.0012473907279866,-0.0013052533774221,-0.0315910500693783,-0.0369482027047427,-0.0023621323163801,0.9852291219671624,0.9972924598474664,1.073228404006649,42.01055822574789,-0.0470742741840675,0.00750931989353,0.002104908410287,0.0118923031323531,0.0091891887647866,0.8971904908922507,50.0,0.54,0.14,0.54,0.32,0.48,0.94,0.54,0.14,0.14,0.0017387683192398,-0.0407922860513171,0.0050096611371079,46.78591979651391,0.8024924028429201,0.0247326986716766,0.0073717934534881,24998.44921875,0.0006604768849507,1.0,0.0004266930603889175,-0.030510504774283787,0.48607954545454546,0.5139204545454545,0.00509732557246974,0.625,0.625
2024-10-10,24998.44921875,0.0006604768849507,0.0081747565106924,-0.0099663127875965,-0.0386746406541924,0.0032104726621511,0.9872074167131084,0.998031337407394,1.0731477382123529,42.47171580701558,-0.0464448887690911,0.0081747565106924,0.0034065221154211,0.0116523020479328,0.0091195338484186,0.8092628711185412,50.0,0.46,0.32,0.54,0.32,0.48,0.86,0.54,0.06,0.16,-0.0004493743010665,-0.0155768005815999,0.0052081515173134,46.04412981012404,0.7003751483268608,0.0245109832887146,0.0019976788551623,24964.25,-0.0013680536120755,0.0,-0.0009435196353339947,-0.01085539240866622,0.48977272727272725,0.44772727272727275,0.004503606550063442,0.4375,0.5333333333333333
2024-10-11,24964.25,-0.0013680536120755,-0.0019549872711487,-0.0020128089260372,-0.0477494032833236,-0.0167258283774197,0.9871865701244597,0.9967963041596496,1.0709158052975405,41.73095889447004,-0.0477494032833236,0.0067955193934443,-0.0005259701265843,0.0107387939753848,0.0079907087167559,0.6692525355292023,50.0,0.6,0.34,0.34,0.36,0.44,0.88,0.52,0.04,0.06,0.0011011400840496,-0.0046869670034694,-0.0120540483433489,46.13811564777329,0.5307556028124969,0.0238426412003643,0.0046717800340708,25127.94921875,0.0065573457544287,1.0,0.0012466755751045517,-0.00032827255795978873,0.5601325757575757,0.4398674242424242,0.004990694618716356,0.5,0.5
2024-10-14,25127.94921875,0.0065573457544287,0.0058442197092618,0.013397425718117,-0.0401467603309015,-0.0090134987577149,0.9942602476528564,1.0032015319087213,1.077102872722206,46.53757731816636,-0.0415051668757913,0.013397425718117,0.002371359794506,0.0107553895203976,0.0081570418185426,0.6608818161442157,50.0,0.7,0.7,0.42,0.4,0.44,0.88,0.48,0.08,0.0,0.0020446936588816,0.0112484409811518,-0.0129892198230619,47.99567756991576,0.5691031742684856,0.0230664563431192,-0.0039757210653469,25057.349609375,-0.0028096049048969,0.0,0.003055737977402053,0.01693656722630943,0.6798295454545454,0.32017045454545456,0.004943079726057845,0.625,0.625
2024-10-15,25057.349609375,-0.0028096049048969,0.0023561617806604,0.0017670392597393,-0.0291931498344135,-0.0128586355690155,0.992273178333158,1.0003679094994282,1.0732855408419966,44.82038958499787,-0.0441981586602554,0.0105501793402094,0.002322177667267,0.0110114586359431,0.0081657960911808,0.8120352976462973,50.0,0.38,0.56,0.42,0.4,0.48,0.88,0.54,0.08,0.18,-0.0053578115112567,0.001806513687581,-0.0055787865439026,47.222278948936165,0.728896456974335,0.0244402357062933,0.0072798490251129,24971.30078125,-0.0034340754096676,0.0,-0.0005315524546166933,0.003155003039477034,0.553030303030303,0.446969696969697,0.005535760161719666,0.5625,0.5625
2024-10-16,24971.30078125,-0.0034340754096676,0.000282435132239,-0.0004262452623996,-0.0320038297963516,-0.0175954169790795,0.989915358986878,0.9970525074495828,1.0688595743757396,42.74988451668984,-0.0474804542601152,0.007079873819102,-0.0019474856234094,0.0111166231431166,0.0081749684359521,0.7148372862658577,50.0,0.34,0.44,0.46,0.34,0.5,0.86,0.54,0.12,0.06,-0.0051784823033563,-0.0022773089817395,-0.0129842611448441,48.487715772938046,0.6873887509636523,0.0242851097519396,0.0046111558342353,24749.849609375,-0.0088682273228345,0.0,-0.004793175190641176,-0.0020397969805674176,0.2909090909090909,0.7090909090909091,0.0052579995256034915,0.1875,0.8125
2024-10-17,24749.849609375,-0.0088682273228345,-0.0150469744300847,-0.0099446012510463,-0.019811803032027,-0.0247345055984982,0.9829023660132052,0.988667516243303,1.0587551164975606,37.89776019205523,-0.0559276141211796,0.0,0.0022465633595316,0.0113549064336959,0.0083690296084431,0.7921536677842885,50.0,0.2,0.3,0.38,0.18,0.38,0.78,0.54,0.08,0.22,-0.0116122148433353,-0.0102591165178356,-0.0197367904966156,43.06915420818509,0.7884421398134118,0.0243542403538403,0.0049977151018825,24854.05078125,0.0042101739412401,1.0,-0.011558192846651088,-0.012541013580859465,0.1915719696969697,0.8084280303030302,0.0070491150772129686,0.125,0.875
2024-10-18,24854.05078125,0.0042101739412401,-0.0081133412469504,-0.004414281172076,-0.0064182049935681,-0.0221023923202301,0.9882602991854392,0.9931092182406466,1.0625443387668372,41.275275058454966,-0.0519529051635083,0.0042101739412401,-0.003430339657209,0.0118608167381812,0.0084369047768345,0.9149237301462494,50.0,0.64,0.4,0.38,0.34,0.44,0.82,0.58,0.14,0.16,0.0031314494072919,-0.0045510430700767,-0.0120542569264817,45.50084186797298,0.7906937652742364,0.0243605217605213,0.0100481353937483,24781.099609375,-0.0029351823779982,0.0,0.003990182280046285,-0.00986402921717007,0.6620265151515152,0.3379734848484849,0.006600767759684398,0.6875,0.6875
2024-10-21,24781.099609375,-0.0029351823779982,-0.0076167907127134,-0.0138033393157364,-0.0005908428107639,-0.0391551935839895,0.9867354059928228,0.990575176115931,1.0587995099630192,39.64945822556655,-0.0547355962897848,0.0012626339348811,0.0041079665553762,0.0116474202616591,0.0075714376022641,0.7976400402116053,50.0,0.3,0.24,0.3,0.3,0.38,0.8,0.52,0.14,0.16,-0.0075581248401497,-0.0244133515265395,-0.0342406246905224,42.11804563518377,0.7171799452733519,0.0257050848134444,0.0049145688934671,24472.099609375,-0.0124691803378693,0.0,-0.009327128423651736,-0.022211494108492484,0.25037878787878787,0.7496212121212121,0.007403539572501866,0.125,0.875
2024-10-22,24472.099609375,-0.0124691803378693,-0.0112222904132229,-0.0233564207357761,-0.0216306531884439,-0.0565537723121072,0.9768102386696876,0.9790596127195276,1.04512297254074,33.6104354343133,-0.0665222686066161,0.0,0.0007082325452321,0.0125761325890379,0.0076895623001087,0.9106904304193412,50.0,0.02,0.16,0.14,0.14,0.22,0.72,0.46,0.02,0.38,-0.0144577831145997,-0.0365154746301084,-0.0595889415006591,37.22417269231547,0.8873888640753751,0.0261533978085232,-0.0030351691885519,24435.5,-0.0014955647434917,0.0,-0.01723068804839653,-0.038470276790992866,0.005681818181818182,0.9943181818181819,0.003544725376308913,0.0,1.0
2024-10-23,24435.5,-0.0014955647434917,-0.01684034465584,-0.0214566628284063,-0.0218737622899284,-0.0580137687916675,0.977644552677994,0.9784550491152044,1.0431078070898157,32.96989054462341,-0.0679183449905227,0.0,-0.0038390338487347,0.0115997858885783,0.0076662738009983,0.9425869806415288,50.0,0.4,0.12,0.1,0.08,0.22,0.72,0.4,0.14,0.2,-0.0040924900231937,-0.0349062210920192,-0.0732159980420734,37.98415390421825,0.8909453655295946,0.0257795401268885,-0.0152022292504059,24399.400390625,-0.0014773427748562,0.0,-0.005715517911512829,-0.03947928904023517,0.2929924242424242,0.7070075757575758,0.0045839957672022865,0.25,0.75
2024-10-24,24399.400390625,-0.0014773427748562,-0.0154028362246523,-0.0141596504334819,-0.0239634396071131,-0.061711302845662,0.97841796189857,0.9778911894437744,1.0411361656038856,32.315706684603285,-0.069295349089127,0.0,-0.0009331006629698,0.0105080249851993,0.0075699245539311,0.7251250648329401,50.0,0.48,0.18,0.1,0.08,0.2,0.68,0.42,0.1,0.14,-0.0002878433724267,-0.0221444201315476,-0.0739972774514756,38.354094409232175,0.7099119374284275,0.0255336320889008,-0.0122859746058135,24180.80078125,-0.0089592205494931,0.0,-1.2937436282871567e-05,-0.028234928232160048,0.4985795454545454,0.5014204545454546,0.005199646817430546,0.375,0.625
2024-10-25,24180.80078125,-0.0089592205494931,-0.0119033034669983,-0.0270881397131409,-0.0313828462200946,-0.0776337373230766,0.9724627856619846,0.970304684266223,1.03148193153336,28.6133172933186,-0.0763265332310922,0.0,0.0007643790554856,0.0103599084233255,0.0071823613708429,1.246445656173686,50.0,0.22,0.08,0.06,0.12,0.18,0.66,0.42,0.16,0.32,-0.0112313274011889,-0.0473264259837792,-0.089197131613341,34.70074462230826,0.9176115236920024,0.0254588595816263,-0.0115633942902644,24339.150390625,0.0065485676346082,1.0,-0.016768451834411287,-0.04816503886528006,0.17017045454545454,0.8298295454545455,0.008120319272662548,0.125,0.875
2024-10-28,24339.150390625,0.0065485676346082,-0.0039430177150048,-0.0178341246238648,-0.0313912934660188,-0.0702777950616632,0.9808084249404946,0.9775535855452304,1.0378417989870268,34.4701139536828,-0.0570186274773167,0.0065485676346082,0.0029072167113468,0.0104994049455635,0.0075452490875971,0.9662036796198996,50.0,0.72,0.22,0.06,0.12,0.2,0.66,0.36,0.26,0.08,0.0085326461636284,-0.0246493850159569,-0.0834703009405741,39.47053075061879,0.7204115554082939,0.0253330794990702,-0.0131925058789109,24466.849609375,0.0052466588480091,1.0,0.009072056636865574,-0.030684346620636814,0.7303977272727273,0.2696022727272727,0.0063213427170804885,0.8125,0.8125
2024-10-29,24466.849609375,0.0052466588480091,0.0027643801761585,-0.0002145300192382,-0.0235659401016247,-0.0520711259156627,0.9872750472044204,0.9833502871840272,1.0428378334596635,38.82870897917901,-0.0515585501013664,0.0118295845829392,-0.0004232186039644,0.0106118839803615,0.0073708215772221,1.1536189582681815,50.0,0.62,0.4,0.14,0.22,0.24,0.64,0.36,0.32,0.16,0.0043931947223077,-0.0056219333855789,-0.0814736459403608,40.55123448922548,0.973793609205292,0.0253815893996716,-0.029402520024698,24340.849609375,-0.0051498252538292,0.0,0.006145588792328249,-0.007650554831088372,0.6932765151515151,0.2942234848484848,0.00649465263727827,0.6875,0.6875
2024-10-30,24340.849609375,-0.0051498252538292,0.0066188390356825,-0.0038734787757566,-0.0252470296760984,-0.0564428578318328,0.9838594957617794,0.9791199466009444,1.0370807668114217,36.26558958565254,-0.036009758934274,0.0066188390356825,-0.0038991693719507,0.0107731866320722,0.0073736394218158,0.9845346589339962,50.0,0.4,0.5,0.16,0.28,0.22,0.62,0.4,0.18,0.22,-0.0040166181015502,-0.0001007501220124,-0.075553774979664,40.39353555196307,0.8885393359271949,0.0259258620454835,-0.0191109171478311,24205.349609375,-0.005566773640794,0.0,0.0030597386072579993,0.0012555848886130483,0.5306818181818183,0.46931818181818186,0.0056220305990106745,0.5,0.5
2024-10-31,24205.349609375,-0.005566773640794,-0.0054973480627958,-0.0079530963115208,-0.0220001336813678,-0.0413760743982213,0.9804010248377524,0.9746758307116898,1.0309864019704356,33.690034874467074,-0.0367160726624906,0.0010152198162121,0.0003697488027094,0.0111027676569384,0.006036690556793,1.0146362157958,50.0,0.26,0.42,0.2,0.2,0.18,0.66,0.32,0.14,0.26,-0.0065922545647773,-0.0067070369247942,-0.0628712664666426,40.37985502565298,0.9633715104191484,0.0261015452157697,-0.0214951920684213,24304.349609375,0.0040900049616161,1.0,-0.001927716743830655,-0.000905161176338134,0.2608901515151515,0.7391098484848484,0.006203783100141661,0.3125,0.6875
2024-11-01,24304.349609375,0.0040900049616161,-0.0066416397122797,0.0051093770319137,-0.0221171662001148,-0.0283934186871338,0.9858745772320888,0.9794818647801258,1.0348406574692202,37.1993376846059,-0.0327762366202349,0.0051093770319137,0.004023920009289,0.0109617345669807,0.0059351793535039,0.1458345079025013,50.0,0.88,0.68,0.18,0.24,0.24,0.66,0.38,0.0,0.0,0.0040806588807622,0.0131192657978099,-0.0469758473320238,41.46589377269687,0.1021034293706091,0.0257222697335766,-0.01858242864489,23995.349609375,-0.0127137736646451,0.0,0.005284557545081571,0.021848709800895393,0.9286931818181818,0.07130681818181818,0.0025833904450698595,0.9375,0.9375
2024-11-04,23995.349609375,-0.0127137736646451,-0.0141942457040171,-0.014125422446234,-0.0317076325258278,-0.0322797411098676,0.975818003035484,0.9682809240366476,1.021463536115127,31.58135087012677,-0.0450733006309116,0.0,0.0004690679161643,0.0119860987759056,0.0062506101175574,1.091298281826348,50.0,0.16,0.28,0.2,0.14,0.18,0.62,0.3,0.14,0.4,-0.0140753000735596,-0.0124365951363576,-0.0501023227736453,37.25587550120146,1.0387994201553528,0.0264840491524127,-0.0178225816637777,24213.30078125,0.0090830588186072,1.0,-0.01651037593657882,-0.004203932164066131,0.09053030303030303,0.9094696969696969,0.0056265808582507066,0.0625,0.9375
2024-11-05,24213.30078125,0.0090830588186072,0.0003284882062566,-0.010362953636166,-0.0105752604907614,-0.0319771638871522,0.986120078581459,0.9779550437630302,1.0304263564316694,38.62245015274729,-0.0363996452530835,0.0090830588186072,-0.0032860371137994,0.0124721841216116,0.0062785353140401,1.1159079520487225,50.0,0.78,0.36,0.24,0.22,0.26,0.64,0.34,0.38,0.1,0.0062238513382122,-0.0111239433826271,-0.0523959891886272,40.25236099460761,0.9711541085947571,0.0272108344716343,-0.020418825301475,24484.05078125,0.0111818707596305,1.0,0.005116829257643871,-0.005261858932519908,0.71875,0.28125,0.003637555628622745,0.75,0.75
2024-11-06,24484.05078125,0.0111818707596305,0.0073937864934958,0.0058831624274875,0.0019868953469337,-0.0199303278195084,0.9974177826559214,0.9893214285058216,1.0415137255303508,46.05008699728606,-0.0256247906223694,0.0203664951680497,0.0039420159858549,0.0124303884140684,0.0069001502109084,1.3377531386332897,50.0,0.8,0.52,0.2,0.36,0.3,0.72,0.28,0.46,0.1,0.008224630276866,0.0002197800500649,-0.0350147758308748,45.25741329989721,1.058552059594133,0.0266598096954141,-0.0150844480113663,24199.349609375,-0.0116280257061476,0.0,0.015379897308936779,0.007032660787874555,0.8184659090909091,0.1815340909090909,0.003801705540097312,0.875,0.875
2024-11-07,24199.349609375,-0.0116280257061476,0.0085016473325438,-0.0002478790885828,-0.0081990039938385,-0.0319659672639068,0.9871529299651598,0.9786689166920982,1.0291018959671363,40.49997954974209,-0.0369548506044454,0.0085016473325438,0.0002266303143452,0.012593601909382,0.0072825816941715,1.2135821766888266,50.0,0.1,0.46,0.2,0.26,0.24,0.66,0.34,0.06,0.3,-0.0124041432586797,-0.0023718485152773,-0.0577011732246876,41.86732299545236,0.8356164564021211,0.0270558717580328,-0.0257352059607807,24148.19921875,-0.0021137093124677,0.0,-0.015087950131689067,-0.006198528532704676,0.10198863636363636,0.8980113636363636,0.008593609411790874,0.125,0.875
2024-11-08,24148.19921875,-0.0021137093124677,-0.002688669466759,-0.0064247919872238,-0.0013482416399245,-0.0326887761999659,0.9864693816436562,0.9774972812825244,1.0266516059170734,39.5770703770787,-0.0389904481050498,0.0063699680089379,0.0003450344538087,0.012356427096972,0.0072832519421279,1.106685685704229,50.0,0.46,0.38,0.18,0.24,0.22,0.66,0.34,0.16,0.2,-0.0006519336909294,-0.0088558841047258,-0.0572123454956659,41.33930890443939,0.7853365291658673,0.026324157531739,-0.0245235692957,24141.30078125,-0.0002856708874028,0.0,-0.002236438379331032,-0.013581858743336419,0.4524621212121212,0.5475378787878789,0.00508600573052512,0.375,0.625
2024-11-11,24141.30078125,-0.0002856708874028,-0.0139989090474554,0.0060824774071213,-0.0081288626020079,-0.0392649805565422,0.9874865839965032,0.9780918760688312,1.0260892071218646,39.44651365227022,-0.0365580894390469,0.0060824774071213,-0.0025239653772061,0.0120522516117267,0.0070346222773293,1.0005306398785017,50.0,0.4,0.44,0.24,0.26,0.28,0.64,0.34,0.04,0.12,-0.0026709188402779,-0.0038168109809205,-0.0719133319094955,39.9085893985464,0.7033251719626554,0.0266588517160011,-0.0326483513529533,23883.44921875,-0.0106809307765333,0.0,-0.00493468727508655,-0.0020089271305596384,0.3617424242424242,0.6382575757575757,0.009943830784623216,0.25,0.75
2024-11-12,23883.44921875,-0.0106809307765333,-0.0130540859867828,-0.0136227425364254,-0.0238445243232892,-0.0468485457929594,0.979089640005473,0.9688742770379212,1.0149768211914068,34.82249849811599,-0.0435640726940754,0.0,0.0035002256409326,0.0127108275374031,0.0072988643465149,0.936361806102092,50.0,0.14,0.2,0.22,0.16,0.24,0.6,0.38,0.08,0.2,-0.0106350976866595,-0.0214507031295058,-0.0746156401163504,36.93259737508865,0.806226424545191,0.0270708887592462,-0.0277670943233909,23559.05078125,-0.0135825623229214,0.0,-0.01254796808530518,-0.01954981592171239,0.12443181818181817,0.8755681818181817,0.00614929149393636,0.0,1.0
2024-11-13,23559.05078125,-0.0135825623229214,-0.024397199648848,-0.03777969618934,-0.0321187978509955,-0.0565549232845893,0.968947917596089,0.9573771462201414,1.001178972184409,30.04997184746506,-0.0521041825897029,0.0,-0.0025540699520114,0.0135965218856994,0.0077174350782416,1.099341333573942,50.0,0.08,0.1,0.12,0.1,0.08,0.52,0.38,0.06,0.26,-0.0136775259563008,-0.0450301800689053,-0.0848985551890593,34.35685992138582,0.8597383925880427,0.0277611425345818,-0.02834363190447,23532.69921875,-0.0011185324376894,0.0,-0.014177752539327895,-0.048055067906265375,0.06666666666666667,0.9333333333333333,0.0034983185483370037,0.0,1.0
2024-11-14,23532.69921875,-0.0011185324376894,-0.0252099738955527,-0.027548277180422,-0.0277893276271653,-0.0491780923858201,0.9708354181595624,0.9579477119896002,1.0000585327247191,29.693956432992778,-0.0531644348090265,0.0,-0.0007173629694134,0.0130817865822482,0.0075944289690723,0.9292514063176114,50.0,0.4,0.12,0.12,0.12,0.1,0.5,0.34,0.14,0.22,-0.0028383047244791,-0.0339258816527334,-0.0650120408445319,33.30572702548392,0.9032465070685302,0.0272523249615042,-0.0158339484587118,23453.80078125,-0.0033527151631265,0.0,-0.004252619135429537,-0.037513529811582166,0.3642992424242424,0.6357007575757576,0.005348406678364255,0.25,0.75
2024-11-18,23453.80078125,-0.0033527151631265,-0.0179893797401213,-0.0287557027010457,-0.0349957452799689,-0.0563389047654298,0.9705772115219328,0.9564337127898586,0.9967382942870756,28.601363990806945,-0.0535609334955768,0.0,0.0030851353610195,0.0128172879571781,0.0074297116461445,0.9541929404943104,50.0,0.42,0.06,0.06,0.04,0.1,0.44,0.38,0.08,0.26,-0.0021713046909439,-0.0339973391697948,-0.0712358210919443,36.13266405214072,0.8149211333762156,0.0265393435515062,-0.0148969163265145,23518.5,0.0027585814066317,1.0,-0.0028580897494520966,-0.0382862678362825,0.36013257575757573,0.6398674242424243,0.005464658798599168,0.3125,0.6875
2024-11-19,23518.5,0.0027585814066317,-0.0017212400290028,-0.0257981451328304,-0.0198725843606252,-0.0509501042842078,0.9757400115625412,0.9606139129538992,0.9994929711704502,30.84838819050921,-0.0394359082929783,0.0027585814066317,0.0032297537062973,0.012731001658269,0.0075353740431651,1.0673985971332722,50.0,0.5,0.08,0.06,0.1,0.12,0.44,0.46,0.16,0.22,0.000214610336353,-0.0283843929635285,-0.0627698192053464,36.675178486105,0.9546156566231234,0.0262456824798225,-0.0118197149211385,23349.900390625,-0.0071688079331164,0.0,0.001910323358644638,-0.0316925885846491,0.5404356060606061,0.39706439393939397,0.005446438907620163,0.625,0.625
2024-11-21,23349.900390625,-0.0071688079331164,-0.0077678648941109,-0.0223396890138519,-0.0356581037184979,-0.0458562704738295,0.9716373483379984,0.955461245420679,0.9924035584329768,28.3449559986708,-0.0463220077738745,0.0,-0.0012777507600399,0.0130200862765132,0.0072575080863394,1.470840405242253,50.0,0.3,0.18,0.2,0.12,0.12,0.44,0.44,0.2,0.36,-0.0071861131833338,-0.0244664557204151,-0.0633940523731385,35.56251359196659,1.0492623388619229,0.0262247707153982,-0.0175377818993089,23907.25,0.0238694641112378,1.0,-0.02686567465986349,-0.04573867508399681,0.2649621212121212,0.7350378787878789,0.006154315659843835,0.25,0.75
2024-11-22,23907.25,0.0238694641112378,0.0193337200643619,0.0147798492385406,-0.0235582251647556,-0.0216181375457837,0.9953199056175694,0.9791020342527044,1.0159290326417991,44.40638237375874,-0.0235582251647556,0.0238694641112378,0.0026509916354868,0.0139306147604656,0.0093295156278573,1.2680015867266865,50.0,0.98,0.7,0.36,0.34,0.28,0.5,0.44,0.56,0.02,0.0208927128043657,0.0091567434626053,-0.0424523714375766,42.327868398210725,1.137281123074264,0.0255230186816297,-0.0208342338917928,24221.900390625,0.0131612958673623,1.0,0.02492353638024103,-0.007849995316930371,0.9895833333333334,0.010416666666666666,0.0052651588443467495,1.0,1.0
2024-11-25,24221.900390625,0.0131612958673623,0.0299083866158555,0.0292869579247361,0.0009318755096321,-0.0072747689352317,1.0076116346791864,0.9923000514727144,1.028999978465705,51.07388686618139,-0.0107069860688965,0.0373449130579635,0.0144851783977664,0.0145794802199174,0.0098537997239655,2.192515075136394,50.0,0.82,0.76,0.34,0.4,0.32,0.54,0.42,0.76,0.16,0.0107756176071411,0.0255104973061079,-0.0313427295463917,45.33413971576918,1.6967164341562833,0.0261195686276274,-0.02406796061116,24194.5,-0.0011312238174179,0.0,0.013742899394573758,0.00990152439539315,0.868276515151515,0.13172348484848484,0.005963106451834592,0.9375,0.9375
2024-11-26,24194.5,-0.0011312238174179,0.036171443785435,0.0315812019407168,0.0019173595857222,0.0005665328817654,1.0058518316102365,0.9915205832223224,1.0275513435403438,50.50582839263795,-0.0118260978886606,0.036171443785435,0.0050120093249159,0.0137613885922272,0.0096458151519281,0.7530970995805246,50.0,0.44,0.82,0.42,0.42,0.3,0.52,0.42,0.08,0.06,-0.0022273691237248,0.0231013147460721,-0.0168041156828777,45.05623189108699,0.6658694775944536,0.0250429950310815,-0.0173706485646432,24274.900390625,0.0033230854378061,1.0,-0.006461969458559463,0.0071544756465564945,0.3977272727272727,0.6022727272727273,0.005293010569802106,0.4375,0.5625
2024-11-27,24274.900390625,0.0033230854378061,0.0153781965983121,0.0321619316973871,0.0055340683828752,-0.0026397799006471,1.0083114316125197,0.9950177919655984,1.0306484218297418,52.186305208321805,-0.0085423115845343,0.0396147300213489,0.0004257488788774,0.0131938114953139,0.0095584047682973,0.960427145903534,50.0,0.52,0.86,0.38,0.5,0.32,0.52,0.38,0.16,0.04,0.0001892773234509,0.0240760453573803,-0.0242813772178917,46.31774320013126,0.7094992642903861,0.0243875436916721,-0.0216415973172446,23914.150390625,-0.0148610290544929,0.0,0.013673999478890565,0.01688785167704862,0.6039772727272728,0.39602272727272725,0.003942500815523078,0.625,0.625
2024-11-28,23914.150390625,-0.0148610290544929,-0.0127054440418354,0.0241649853130228,0.0012854580422536,-0.0225897174165905,0.9939585812545328,0.9809913295401214,1.015177053855626,44.83115920080896,-0.023276393098377,0.0241649853130228,-3.089611030038242e-05,0.0138075751460053,0.0100142780132194,1.1871540030431544,50.0,0.08,0.84,0.22,0.22,0.2,0.48,0.42,0.06,0.7,-0.0149020756212393,0.0143339177962489,-0.042966148854054,42.46382320803865,1.214674898443611,0.0254211862879615,-0.0203764314374635,24131.099609375,0.0090720019405352,1.0,-0.013194418537782113,0.03233621256511243,0.08948863636363637,0.9105113636363636,0.003658585331020924,0.0625,0.9375
2024-11-29,24131.099609375,0.0090720019405352,-0.0026204464082746,0.0093632521254012,0.0242814888187379,-0.0086172012631479,1.0026916054281243,0.9902834686943844,1.0241382306665172,49.44570772896233,-0.014415554641199,0.0334562120472108,0.0005436112003835,0.0135354378908247,0.0102140852719725,0.9137286021992972,50.0,0.88,0.54,0.28,0.42,0.28,0.48,0.34,0.36,0.02,0.0075500207646953,0.0025409438856099,-0.0269715512788367,46.00397938693382,0.9082992023275896,0.0247370422457764,-0.0183543500156888,24276.05078125,0.0060068200049485,1.0,0.011607554906847228,0.018997582687153507,0.9120265151515151,0.08797348484848486,0.003581554435247763,0.9375,0.9375
2024-12-02,24276.05078125,0.0060068200049485,4.7390127517976666e-05,0.0022355962889666,0.0315880280281544,0.0029208903410185,1.007878093631419,0.9963791559167416,1.0299796155382934,52.31556515880168,-0.0084953262782515,0.0396639974959742,0.0004040429221141,0.0137004480850066,0.0102327883487232,0.721664674776117,50.0,0.66,0.52,0.38,0.5,0.32,0.48,0.38,0.1,0.12,0.0059170861514121,0.0007559025524506,-0.0182762929518064,48.08812413110182,0.7444598422232419,0.0242204871740276,-0.0211971832928249,24457.150390625,0.0074600111445999,1.0,0.007496407129835549,0.012519948653442456,0.6163825757575757,0.38361742424242423,0.004382074461457644,0.6875,0.6875
2024-12-03,24457.150390625,0.0074600111445999,0.0227062216775584,0.01085578915146,0.0427798299615951,0.0062869726491696,1.013910108998693,1.003662111756924,1.037274547023924,55.69927842085148,-0.0010986903623644,0.0474199025039336,0.0037670550112967,0.0132283735081629,0.0103276011517527,1.059480714018225,50.0,0.82,0.68,0.42,0.58,0.38,0.5,0.34,0.3,0.12,0.0057966044905732,0.008326919726298,-0.0189414191090208,50.01711622199956,0.9263356228674376,0.0233045752645875,-0.0252283917581904,24467.44921875,0.0004210968146538,1.0,0.011243498692374784,0.03136887963195113,0.8313446969696969,0.16865530303030304,0.004044760963527355,0.875,0.875
2024-12-04,24467.44921875,0.0004210968146538,0.0139384286178292,0.0079320131092839,0.0403490536705146,0.0196746293369507,1.0129539409552135,1.003923935813423,1.037322098177203,55.890968403048255,-0.0006780562027225,0.0478609676884829,0.0012920397049656,0.012650759189009,0.0098592127903891,1.075518056650132,50.0,0.44,0.68,0.44,0.5,0.34,0.5,0.34,0.24,0.18,-0.0018817133206912,0.0058797037859279,-0.0060789738364026,48.709376931255335,0.9267352922219952,0.0231703050696885,-0.0257536031733533,24708.400390625,0.0098478255628851,1.0,-0.0036557333778230623,0.013229427801051718,0.4053030303030303,0.5946969696969697,0.004006429013286936,0.375,0.625
2024-12-05,24708.400390625,0.0098478255628851,0.0178097176213245,0.0332125535311247,0.0581801197124352,0.0204474232508766,1.020700384125704,1.0132616368599812,1.047042204233655,60.22709403050948,0.0,0.0581801197124352,0.0029304718785336,0.0130718843169244,0.009893551133568,1.104947045069002,50.0,0.82,0.86,0.46,0.66,0.48,0.5,0.32,0.56,0.18,0.0070243365363695,0.0316951046691762,-0.0075663375904395,51.30890359586641,1.1609545596226185,0.0231283836027109,-0.0280137608413162,24677.80078125,-0.0012384293961259,0.0,0.009080251402391756,0.03620416548073061,0.8574810606060607,0.1425189393939394,0.004456081421639605,1.0,1.0
2024-12-06,24677.80078125,-0.0012384293961259,0.0090219173984218,0.0226554604110376,0.0322308413242844,0.0079133147423617,1.0175527492800722,1.01153050040845,1.04526973127827,59.42811058882326,-0.0012384293961259,0.0568696383457871,0.0008518895514169,0.0129109551381386,0.0096104542022107,0.7063515555624795,50.0,0.42,0.8,0.38,0.72,0.44,0.5,0.36,0.08,0.1,-0.0014268446630261,0.0220237022420261,-0.0092837196866638,51.29202426865086,0.7140448503052049,0.0228364462265899,-0.0171970344290255,24619.0,-0.0023827399277279,0.0,-0.0007805995935945146,0.023498597915725304,0.40397727272727274,0.5960227272727272,0.003543101399101428,0.375,0.625
2024-12-09,24619.0,-0.0023827399277279,0.0061939755098729,0.014127059703421,0.0163942383946347,0.0173413912935256,1.0136677139604695,1.008759495104848,1.0423354417868904,57.84019463156993,-0.003618218468684,0.0543513928600973,-0.0017789425813971,0.0125604049463828,0.0092136938879827,0.7820577480771655,50.0,0.42,0.7,0.44,0.62,0.46,0.52,0.36,0.06,0.12,-0.0031075222986602,0.013900356942781,-0.006162044530454,51.08373224256761,0.7261712918725403,0.0222379115812277,-0.0235034358239796,24610.05078125,-0.00036350862139,0.0,-0.001066288200507003,0.014854237625226058,0.49346590909090904,0.506534090909091,0.0036802380904034067,0.4375,0.5625
2024-12-10,24610.05078125,-0.00036350862139,-0.0039804118364665,0.0062517663825467,0.0171754233916798,0.0191257144400809,1.0120174218121616,1.0080610197088615,1.0415217314075929,57.58798932708,-0.0039804118364665,0.0539681270388181,0.0013668463635809,0.012101459073312,0.0091918474338983,0.8276386929016505,50.0,0.42,0.52,0.52,0.54,0.4,0.5,0.38,0.14,0.18,-0.0015403886558337,0.0033244025647241,0.0005251225283442,50.05812609073806,0.8580935164774761,0.0215944406042168,-0.0186005919117366,24641.80078125,0.0012901233029631,1.0,-0.003869685577200371,-0.00024185831434025713,0.3397727272727272,0.6602272727272728,0.0031753427605610896,0.3125,0.6875
2024-12-11,24641.80078125,0.0012901233029631,-0.0014588009814615,0.0071258577443533,0.0151143932506803,0.0207321057193705,1.012038911539594,1.0089911225839665,1.0424208078515795,58.28298324482638,-0.0026954237555689,0.0553278758800914,0.0004245915151854,0.0116584594534362,0.0091871103948867,0.6021539945346407,50.0,0.52,0.7,0.52,0.54,0.44,0.54,0.42,0.16,0.0,0.0011136346238894,0.0065217871568313,0.0030473871769692,50.44541245129548,0.6703471096053026,0.0210294361644136,-0.0176847185424012,24548.69921875,-0.0037781963796591,0.0,0.0018539541057509775,0.005217668457442605,0.43674242424242427,0.5575757575757576,0.003998807864691626,0.5625,0.5625
2024-12-12,24548.69921875,-0.0037781963796591,-0.0028555498294,-0.0064634362949531,0.0265344500122304,0.0278540169766492,1.0074270160325802,1.0049748492911197,1.0380848454765366,55.4153717267009,-0.0064634362949531,0.0513406399200879,-0.0015157805564446,0.0103674322284269,0.0088458840765267,0.8540753935775841,50.0,0.32,0.34,0.56,0.54,0.44,0.5,0.42,0.1,0.28,-0.0044912676047669,-0.0040225004196762,0.0086058691186745,50.02446142333652,0.8824650160580153,0.0202440668513686,-0.0192481478579746,24768.30078125,0.0089455478085889,1.0,-0.002924384586345588,-0.006849886868754167,0.36600378787878785,0.6339962121212122,0.0037013020547297525,0.3125,0.6875
2024-12-13,24768.30078125,0.0089455478085889,0.0064302996124074,0.0036672635783963,0.0264058075342512,0.0513284686733817,1.01485013362027,1.013409912873758,1.0468776330678122,60.36852653391502,0.0,0.0607454578776056,-0.0020510092582234,0.0107576930342924,0.0082503653907366,0.9944202154951256,50.0,0.84,0.5,0.72,0.6,0.46,0.54,0.48,0.22,0.08,0.0057073644819654,-0.0011943766713931,0.0350100029314887,51.56654766066087,0.8570746296093714,0.0200695454771042,-0.0163184657418929,24668.25,-0.0040394689217332,0.0,0.00952785009766414,0.0034121603889379175,0.8735795454545454,0.12642045454545453,0.0028721852713102245,0.9375,0.9375
2024-12-16,24668.25,-0.0040394689217332,0.0010733476414648,0.0020004874284089,0.0161558081371671,0.0482541662855757,1.0097168551094666,1.0089476619314095,1.0422065261778937,57.24800727348413,-0.0040394689217332,0.0564606095666393,-0.0006015911530062,0.0106901337444314,0.0083438238201198,0.6084291436262507,50.0,0.3,0.5,0.7,0.56,0.48,0.56,0.46,0.0,0.04,-0.0031516601893852,0.0005751545849024,0.0304446940307666,50.78324850038584,0.606049390216199,0.0196745682130583,-0.0178094722548091,24336.0,-0.0134687300477334,0.0,-0.005774859424926801,-0.0013166440861970394,0.2440340909090909,0.7559659090909091,0.0028997143852089544,0.1875,0.8125
2024-12-17,24336.0,-0.0134687300477334,-0.0086643783792642,-0.0111357259554618,-0.0049535775300887,0.0376143392270675,0.9964857374241533,0.9955396291654078,1.0278812211254962,48.31621896637755,-0.0174537924530235,0.0422314268103225,-0.0033828592928156,0.0112936651022588,0.0089918459303583,0.8589076406789553,50.0,0.02,0.26,0.62,0.38,0.36,0.48,0.4,0.02,0.28,-0.0141647988993853,-0.013309250548559,0.0173491604575305,44.65018591166533,0.8320060732826053,0.0201303678188126,-0.020265178769537,24198.849609375,-0.0056356998120069,0.0,-0.01475531391869226,-0.01221471550311445,0.015625,0.984375,0.0038181976506281605,0.0,1.0
2024-12-18,24198.849609375,-0.0056356998120069,-0.0229911279301842,-0.0179756007203841,-0.0109778345496336,0.0289282738854519,0.991732192529482,0.9903201822933652,1.0218638007993983,45.18246625478438,-0.0229911279301842,0.0363577233541798,-0.0015635593873274,0.0106852661894058,0.0091436117056491,0.7707047051309346,50.0,0.34,0.2,0.6,0.26,0.36,0.48,0.44,0.06,0.12,-0.0062865996659111,-0.0197359199205769,0.0113669452513183,42.93746227478246,0.7359513871653882,0.0197287834131024,-0.0175613286341336,23951.69921875,-0.010213311567061,0.0,-0.0069140112120137116,-0.020816182170287578,0.240625,0.759375,0.004011586506178427,0.1875,0.8125
2024-12-19,23951.69921875,-0.010213311567061,-0.0290474914616967,-0.024319007483053,-0.030625259422383,0.0257730790306336,0.983326173545478,0.9809672053311926,1.0113121978304194,40.13117311099332,-0.032969623944416,0.0018592359535287,-0.0132939881003834,0.0109573081707757,0.0093186087153268,0.9102049723849652,50.0,0.28,0.18,0.62,0.18,0.24,0.46,0.46,0.16,0.26,-0.0083511167851913,-0.0254239886176366,0.0211211601514752,42.42795386225693,0.9193661875474592,0.0204656288518315,-0.0046519188791583,23587.5,-0.0152055691508056,0.0,-0.007518103128707828,-0.02527343963439075,0.18948863636363636,0.8105113636363637,0.005447304300532597,0.0625,0.9375
2024-12-20,23587.5,-0.0152055691508056,-0.0307569033530572,-0.0476738711984588,-0.0441814402715496,-0.0133746039381359,0.9712996811588612,0.967338889621966,0.995974908991697,34.08408056579313,-0.0476738711984588,0.0,0.0003757562216277,0.0118393472253766,0.008390836082838,1.4678381962864722,50.0,0.08,0.04,0.38,0.08,0.1,0.4,0.44,0.06,0.64,-0.0180983588312668,-0.0525560975212765,-0.0184971393063043,38.13212793958394,1.2709146078116087,0.0219088539141569,-0.0051225353681684,23753.44921875,0.0070354729729729,1.0,-0.01715554193150793,-0.05096478399492928,0.039488636363636365,0.9605113636363636,0.005015788196159604,0.0,1.0
2024-12-23,23753.44921875,0.0070354729729729,-0.0184058497744639,-0.0370841377580493,-0.0351578366810186,-0.0193399842423723,0.980174495386864,0.9751333011268776,1.0029523036700174,38.62240474205816,-0.0409738064578196,0.0070354729729729,0.0063889440911499,0.0119874331690691,0.0079613651663858,0.6858670906659922,50.0,0.74,0.1,0.3,0.14,0.22,0.46,0.44,0.08,0.06,0.00282563873474,-0.0391374163540135,-0.0256053887044669,39.03436812975701,0.6336333400539946,0.0218275679029655,-0.0062654044620945,23727.650390625,-0.0010861087115143,0.0,0.005799866476210926,-0.03995602307102793,0.7688446969696969,0.23115530303030302,0.0037956443679166654,0.8125,0.8125
2024-12-24,23727.650390625,-0.0010861087115143,-0.009354193457373,-0.0249979293793145,-0.0358552852437543,-0.0192956915569654,0.9810617726213502,0.9750655475704352,1.0018444170470773,38.18227927328702,-0.0420154131611962,0.005941722972973,0.0006588681281978,0.0119270191042912,0.0079613162537719,0.6483508464681844,50.0,0.44,0.16,0.26,0.12,0.2,0.4,0.46,0.0,0.06,-0.0002188397307142,-0.0310599553279845,-0.0256790879390108,39.105887793592544,0.5487559438073075,0.0215890688791909,-0.0063833963820454,23750.19921875,0.0009503186263191,1.0,-0.0019159226286510017,-0.027485646721928637,0.3612689393939394,0.6387310606060606,0.003222236597467009,0.375,0.625
2024-12-26,23750.19921875,0.0009503186263191,0.0068976881293056,-0.0185401536795032,-0.03618248400005,-0.0216149670413329,0.9836809574168822,0.9769119169816932,1.0027685856634887,38.838311743422295,-0.0411050225645966,0.0068976881293056,0.0020292945079813,0.0108290914946977,0.0079119153265174,0.6625281956639263,50.0,0.6,0.2,0.26,0.16,0.24,0.42,0.44,0.06,0.02,0.0018831533701216,-0.0202461286660817,-0.0274041031113281,40.71440415769487,0.6022491040572608,0.0207146324455001,-0.0057891360699952,23813.400390625,0.002661079652128,1.0,0.00538028283022477,-0.015536593007480212,0.6012310606060606,0.3987689393939394,0.003127972896940304,0.5,0.5
2024-12-27,23813.400390625,0.002661079652128,0.0025238933227296,-0.0057740716790872,-0.0299526594697688,-0.0042129868029723,0.9875873077564368,0.98029919677131,1.005382641714314,40.73669566867471,-0.0385533266516157,0.0095771230789614,0.0021558207324248,0.010974621354716,0.0072455897456738,0.6833642547928263,50.0,0.58,0.26,0.42,0.24,0.26,0.42,0.46,0.12,0.04,0.002533019464835,-0.0070680529529074,-0.0134737698787436,40.42658538938689,0.6338932605112437,0.0205539593009139,-0.0092607830757712,23644.900390625,-0.0070758479358679,0.0,-0.0006935100233066782,-0.008829098793197435,0.47310606060606064,0.5268939393939394,0.003751414954245861,0.5,0.5
2024-12-30,23644.900390625,-0.0070758479358679,-0.0034874923828401,0.0024335088765234,-0.0453563771106749,-0.0201482413408591,0.9824144842736786,0.97438058482044,0.9982859042915848,37.40339094958178,-0.0453563771106749,0.0024335088765234,-0.0006928871865983,0.0116301198148673,0.0070568825351106,1.3881914327018186,50.0,0.22,0.54,0.34,0.22,0.24,0.4,0.44,0.12,0.46,-0.0076574872414424,0.0030988916555646,-0.0255455656366551,38.95350122126708,1.121449992293735,0.021005592828748,-0.005397324295796,23644.80078125,-4.212721278373799e-06,0.0,-0.003612785491896957,0.0049957721047181386,0.20198863636363634,0.7980113636363636,0.00441904839276519,0.1875,0.8125
2024-12-31,23644.80078125,-4.212721278373799e-06,-0.0044377917224707,-0.0045740067684248,-0.0414885214293677,-0.0260029938843082,0.9840588461093348,0.97535656113742,0.9982987672289092,37.40144261936684,-0.0453603987581783,0.0024292859035506,-0.0035652838395303,0.0118182198154357,0.0068685408954092,0.7402875497093913,50.0,0.52,0.5,0.28,0.24,0.22,0.42,0.46,0.1,0.08,0.0009180439220382,-0.0001817445593982,-0.0302637502270566,40.28004245634671,0.7132446941423234,0.0213342118296961,-0.0042607563427484,23742.900390625,0.0041488871182535,1.0,0.003267555033821074,0.002337877994095855,0.6217803030303031,0.37821969696969693,0.004416426741205165,0.75,0.75
2025-01-01,23742.900390625,0.0041488871182535,-0.002960517979102,0.0006427100765959,-0.0243712857238247,-0.0292041382005725,0.9892588362988972,0.9801949259409264,1.0024162529082952,40.67872463539656,-0.0413997068140113,0.0065882518547959,-0.0003024085798459,0.0122269691638906,0.0066838542440355,0.6139759800229894,50.0,0.72,0.6,0.26,0.26,0.28,0.42,0.52,0.08,0.04,0.0034343988976427,0.0062117308303838,-0.0285694526235516,42.63279990910891,0.4900700925913243,0.021180054169448,0.0006346855770208,24188.650390625,0.0187740331916654,1.0,0.002863654828560609,0.0070398476141795095,0.7234848484848485,0.2765151515151515,0.0038254587134478506,0.75,0.75
2025-01-02,24188.650390625,0.0187740331916654,0.0229965020370985,0.0184609471203449,-0.0004214753558388,-0.0113946830187492,1.0070801040181343,0.9986520780554984,1.021019907416874,52.776741779587205,-0.0234029130921974,0.0254859731054584,0.0016889094725274,0.0129953213857734,0.0080714723473964,1.1371210600281068,50.0,0.96,0.84,0.42,0.56,0.46,0.54,0.44,0.58,0.04,0.0153475357665618,0.0203296512334233,-0.0197485219854389,49.68009014286258,1.0840784919822737,0.0222487720174584,-0.0083538389666896,24004.75,-0.0076027553276091,0.0,0.01937325910604143,0.021057496595203576,0.971875,0.028125,0.006178581222192418,1.0,1.0
2025-01-03,24004.75,-0.0076027553276091,0.0152231867834315,0.0080353753028203,0.0022149067907661,-0.0284781847266804,0.9994783945741842,0.9914071630290064,1.013123697819071,48.39191438339516,-0.0308277417976133,0.0176894541600423,0.0003203981981154,0.0119312672305927,0.0078287824546559,1.266474715114157,50.0,0.42,0.74,0.36,0.56,0.34,0.52,0.58,0.28,0.3,-0.0024660085694209,0.0139717467891603,-0.0133901356760529,50.49939681252522,1.0554266731091475,0.021472674256241,0.0150880490506274,23616.05078125,-0.0161925959966257,0.0,-0.0047637565197912925,0.016895284888703184,0.32888257575757573,0.6711174242424243,0.005268145355633639,0.3125,0.6875
2025-01-06,23616.05078125,-0.0161925959966257,-0.0053426332624925,-0.0012201197255387,0.0012104199788023,-0.0430244983907442,0.9848611828093312,0.9762973195044452,0.9967511398029778,40.69574481122941,-0.046521156625822,0.0012104199788023,0.0017101107593289,0.0132121039425294,0.0084967112752138,1.1161502648900306,50.0,0.08,0.56,0.26,0.32,0.28,0.44,0.52,0.06,0.42,-0.0177000800743941,0.0029394912507,-0.0334233798371141,43.87123242072974,0.9774156834456588,0.0230414992084267,0.0096011185536301,23707.900390625,0.0038892874268343,1.0,-0.01985412402486423,0.0005880808002354039,0.103125,0.896875,0.004823690808034376,0.125,0.875
2025-01-07,23707.900390625,0.0038892874268343,-0.0198750237089014,0.0026686462685292,-0.0019175669059904,-0.0370079860829034,0.989757551327351,0.98086009053579,1.0006215409147483,43.00252274397806,-0.0428128033485341,0.0051044150768415,0.0027036531199235,0.0126015729362368,0.0086032198476796,1.0497458678512828,50.0,0.68,0.56,0.36,0.4,0.28,0.44,0.6,0.18,0.1,0.0031372832303717,0.0022911639110149,-0.0156844351683861,46.33736835802019,0.8542716721234793,0.0228709041567976,0.0213235509145173,23688.94921875,-0.0007993610384197,0.0,0.006383146438515241,0.0037639902384069683,0.7881628787878787,0.2118371212121212,0.004832181339644776,0.8125,0.8125
2025-01-08,23688.94921875,-0.0007993610384197,-0.0131557621408262,-0.0022723075524632,-0.0016310579108284,-0.037427861107941,0.9900066977008236,0.9808423929286374,0.9998234570255998,42.634037723689744,-0.0435779415000114,0.0043009737678856,0.001634476244692,0.0126451225173582,0.0085998114523358,1.0650035979851282,50.0,0.46,0.44,0.36,0.4,0.24,0.46,0.6,0.2,0.22,-0.0020106980377051,-0.0036373657260885,-0.0193840833545533,45.7349707471169,0.8673773125610829,0.0230550705443552,0.0180437777533877,23526.5,-0.0068575949591475,0.0,-0.003951273197882024,-0.003008020395062383,0.3743371212121212,0.6256628787878789,0.006172972108229709,0.25,0.75
2025-01-09,23526.5,-0.0068575949591475,-0.0037919456593097,-0.027374424779054,-0.0094188354670051,-0.0452605226034712,0.98479164562311,0.9751059563656046,0.993036564805669,39.50878049728284,-0.0501366965871984,0.0,-0.0005994026420876,0.0123010092058043,0.0086351273139734,1.0588628630991013,50.0,0.32,0.2,0.38,0.4,0.28,0.38,0.56,0.2,0.22,-0.0070219674689831,-0.0265906813532139,-0.0282777368212585,45.13849943634385,0.9299471749490574,0.0232047338322993,0.0169827857822126,23431.5,-0.0040379997024632,0.0,-0.007091785371430032,-0.028900866503576247,0.3103219696969697,0.6896780303030303,0.004601508239486888,0.25,0.75
2025-01-10,23431.5,-0.0040379997024632,-0.0116585773548424,-0.0238806902800486,-0.016037205286119,-0.0455095078071059,0.9826104215064364,0.9722677713081156,0.9891346843280636,37.76531607919731,-0.05397224432376,0.0,0.0010796502082757,0.0115089105668193,0.0086376983415631,1.0276399716513112,50.0,0.28,0.28,0.32,0.4,0.3,0.32,0.56,0.14,0.22,-0.0096316662275113,-0.0281696691716036,-0.0281150502300324,41.89292677891719,0.8808445244325169,0.0223862446268681,0.0173944575770735,23085.94921875,-0.0147472753024774,0.0,-0.011772502373583866,-0.03570124859905345,0.2628787878787879,0.7371212121212121,0.005290871629461192,0.1875,0.8125
2025-01-13,23085.94921875,-0.0147472753024774,-0.0254549070299293,-0.0224466642373954,-0.0236393963451255,-0.0679235760805023,0.9710679799034458,0.959512498211322,0.9747945166400608,32.19936124944938,-0.0641432116688456,0.0,-0.010076162831018,0.0119973833225755,0.0086402693663962,1.2445930003932364,50.0,0.08,0.22,0.18,0.24,0.2,0.3,0.58,0.08,0.48,-0.0187190898920761,-0.0263946538208192,-0.0510643151480839,36.91674262571212,1.0731454598333945,0.0232551881207474,0.0168592609324184,23176.05078125,0.0039028744993869,1.0,-0.026081022128320537,-0.04172986203726928,0.03636363636363636,0.9636363636363636,0.005329443185417053,0.0,1.0
2025-01-14,23176.05078125,0.0039028744993869,-0.0148959351688521,-0.0224334336070229,-0.0198246542373794,-0.0604906800745898,0.9771978191936336,0.9646473038318466,0.9788074495528726,34.893834032486,-0.0476639225324622,0.0039028744993869,0.0034631962115754,0.011939954082545,0.0087941281982156,1.194717444717445,50.0,0.68,0.2,0.2,0.26,0.2,0.32,0.54,0.42,0.26,0.0088965920626397,-0.0227818804314961,-0.0526790289661455,39.69691422603002,1.1277030845554776,0.0237322575198939,0.0078116511084442,23213.19921875,0.0016028803979861,1.0,0.012690815610342328,-0.03636837708745906,0.6375,0.3625,0.007701496897907354,0.625,0.625
2025-01-15,23213.19921875,0.0016028803979861,-0.0093165517039028,-0.0200832040124194,-0.0223098763487276,-0.0461374417015943,0.9807476751947312,0.9674761441555207,0.9805678265904822,36.02274203299743,-0.0407312912198579,0.0055120107384041,0.0032101430136746,0.0117556102926259,0.0084976483515728,0.8815512208324473,50.0,0.52,0.2,0.24,0.26,0.2,0.34,0.5,0.18,0.16,0.0003324019000472,-0.0234142242896505,-0.0459564664826827,41.29393245277973,0.8113202288941048,0.0248698956159721,0.0001809752189116,23311.80078125,0.0042476507253836,1.0,0.0040831564019667855,-0.02881159215777595,0.6566287878787879,0.34337121212121213,0.005077857197506778,0.625,0.625
2025-01-16,23311.80078125,0.0042476507253836,0.009783074560199,-0.0091258461203324,-0.0362504561112201,-0.0366566527931701,0.9863307135503973,0.9726694792530902,0.9848825508046032,39.04395367256445,-0.0362504561112201,0.009783074560199,0.0070671336468559,0.01167463683263,0.0085819243033938,1.1434463794683776,50.0,0.64,0.32,0.3,0.28,0.18,0.36,0.48,0.4,0.26,0.007871752809891,-0.0162656644092594,-0.0420718241839558,42.899938547219136,1.1869652065540608,0.024866673071601,-0.0054151713907857,23203.19921875,-0.0046586517926727,0.0,0.006322862729204874,-0.015654207967695122,0.6635416666666667,0.3364583333333333,0.0056456725903756624,0.6875,0.6875
2025-01-17,23203.19921875,-0.0046586517926727,0.0011714005011571,-0.0097433276252053,-0.0333913405159395,-0.0312503924320348,0.9834464011177388,0.9693493375998136,0.9804865761814048,36.97296932224003,-0.0407402296515451,0.0050788468296885,-0.0014885667649884,0.011407286744369,0.0083839550799403,1.0418814186996526,50.0,0.58,0.44,0.3,0.28,0.18,0.38,0.5,0.12,0.12,0.0020150709355979,-0.0104512382885135,-0.0262157087410636,44.556335367143774,0.7458899601090055,0.024868435450098,0.0050346836909712,23344.75,0.0061004855371675,1.0,0.005558080326084342,0.001895385676605425,0.6832386363636364,0.31676136363636365,0.006188945674533017,0.6875,0.6875
2025-01-20,23344.75,0.0061004855371675,0.0056670681197505,0.0112103157984859,-0.0114879826336332,-0.0102914679385267,0.9904414460850702,0.9762098454852196,0.9866008627745978,41.34037178592105,-0.0348882792961477,0.0112103157984859,0.0037581529621368,0.011310730569201,0.0078973664423359,1.1829560167928748,50.0,0.58,0.68,0.42,0.5,0.22,0.38,0.52,0.24,0.12,0.0032304864038558,0.0199788664061667,-0.0086895675875013,47.18333428495782,0.8180930392568944,0.0251207995692481,0.0016019003510254,23024.650390625,-0.0137118456772935,0.0,0.0059113569411416,0.03530519216641591,0.7007575757575757,0.29924242424242425,0.006768586316625336,0.75,0.75
2025-01-21,23024.650390625,-0.0137118456772935,-0.012317812481306,-0.0065326224926761,-0.0288195069467299,-0.0306818105199524,0.9790181733169848,0.9642299327210953,0.9733335320707128,35.371321822943074,-0.0481217422717863,0.0,0.00329411926129,0.0120557054855816,0.0082134880984218,1.198735753280337,50.0,0.16,0.54,0.34,0.26,0.18,0.32,0.54,0.14,0.46,-0.0111234221064487,0.0021092328042755,-0.0298474430978481,43.91814025548025,1.0763895264020484,0.0259273822140926,0.0008343674221042,23155.349609375,0.0056764909144164,1.0,-0.014547384057149506,0.007074366671676827,0.12651515151515152,0.8734848484848485,0.006864564876198558,0.0625,0.9375
2025-01-22,23155.349609375,0.0056764909144164,-0.0020621987909466,-0.0024920998105367,-0.0225252544740418,-0.0241195723903669,0.98602402463895,0.9708568530495552,0.979064608699466,39.22961608322069,-0.0427184139901615,0.0056764909144164,0.0032356625936147,0.011075962046095,0.008370205178139,1.037828081522148,50.0,0.54,0.6,0.36,0.28,0.2,0.3,0.52,0.2,0.14,0.0009855844942451,0.0054519801269693,-0.018048318961006,43.05306240415456,0.8541303239020379,0.0247556475215237,0.0060712534293609,23205.349609375,0.0021593282262408,1.0,-0.0014602429273299442,0.0015628731903810757,0.4570075757575758,0.5429924242424242,0.0042625833076743004,0.5,0.5
2025-01-23,23205.349609375,0.0021593282262408,-0.0059713807440645,-0.0045664070688447,-0.013650580860944,-0.0229408437527909,0.9892693361992536,0.9739863168639348,0.981362516498142,40.68840145121706,-0.0406513288410297,0.0078480765477149,-0.001168145961141,0.0109280527974392,0.008390791786397,1.01759373788469,50.0,0.64,0.52,0.38,0.4,0.28,0.36,0.56,0.18,0.14,0.0039660483750219,0.0044287558083243,-0.0073870112949768,44.93748908633634,0.9069725845315634,0.0250912100673198,0.0155538324578141,23092.19921875,-0.0048760476583936,0.0,0.007245740513958958,0.002520976489020016,0.7284090909090909,0.2659090909090909,0.0067490745678597955,0.75,0.75
2025-01-24,23092.19921875,-0.0048760476583936,0.0029337612940478,-0.0047838230820473,-0.0144805403516633,-0.0302855182395088,0.985906103797322,0.9704078012181406,0.976805001475444,38.4396102625884,-0.0453291586826175,0.0029337612940478,-0.0009243221546352,0.0102369200270818,0.0083809902185575,0.960357545147342,50.0,0.36,0.44,0.38,0.34,0.26,0.32,0.56,0.14,0.22,-0.0046986774025699,-0.0094572993254671,-0.0189936760620683,45.1920825414325,0.8844744685190364,0.0245767707745528,0.0112918421774405,22829.150390625,-0.0113912419355629,0.0,-0.008004564525464018,-0.010637105337361502,0.353030303030303,0.615719696969697,0.005894934375347542,0.375,0.625
2025-01-27,22829.150390625,-0.0113912419355629,-0.0140874236084922,-0.0220863195954122,-0.011123598414417,-0.0345000396078402,0.9770318786407156,0.9608852777735232,0.9660078832851364,33.76722285951797,-0.0562040452048913,0.0,-0.0065844238863806,0.0107495782646411,0.0085850774063644,0.9539162821724388,50.0,0.12,0.22,0.34,0.24,0.18,0.26,0.52,0.08,0.34,-0.0138246823779105,-0.0195025063422488,-0.0309857102023536,42.23524062969844,0.8994075891605545,0.0255514491438807,0.0035143294054865,22957.25,0.0056112298172781,1.0,-0.016067378148111794,-0.032347143033639524,0.05719696969696969,0.9428030303030303,0.005634596977997952,0.0,1.0
2025-01-28,22957.25,0.0056112298172781,-0.0106914833670408,-0.002927314399199,-0.0094408138519879,-0.0290783072190321,0.9841531506287706,0.967556590045388,0.9717046260676117,37.736311781805085,-0.0509081892019186,0.0056112298172781,0.0057513672597697,0.0108548091814288,0.0087346295968352,1.30062893081761,50.0,0.5,0.36,0.3,0.24,0.18,0.26,0.5,0.36,0.3,0.0002222219811601,-0.0083052220128728,-0.0296902329856861,40.88835989966527,1.122578529427798,0.0260533558594113,-0.0006119257666539,23163.099609375,0.0089666492883511,1.0,-0.0021823153294299887,-0.020372124795850988,0.43910984848484846,0.5608901515151514,0.006528503191814332,0.375,0.625
2025-01-29,23163.099609375,0.0089666492883511,0.0030703178139668,0.0003346958750674,-0.0021582380309963,-0.0244199643561212,0.9936422446051408,0.9771430919848828,0.980608632393356,43.586719627282086,-0.042398015792046,0.014628193035477,0.0030273660826101,0.0108806136954693,0.0089603373922985,0.802994819388262,50.0,0.8,0.5,0.4,0.38,0.18,0.32,0.54,0.2,0.08,0.0144825616883856,-0.0005402793295589,-0.0164559649637688,46.09705760745598,0.7748103482389096,0.0262126070611206,0.0079639993923524,23249.5,0.0037300875997627,1.0,0.012837814645212796,-0.006472576722314809,0.8089015151515152,0.19109848484848482,0.00507312500565415,0.875,0.875
2025-01-30,23249.5,0.0037300875997627,0.0184128450766885,0.0019025953656464,-0.0026724997281252,-0.0388260765052437,0.9976005239679836,0.9815274186487476,0.9844205028191436,45.88508273026012,-0.0314625230423145,0.0184128450766885,0.0002763184000817,0.0106269686483273,0.0077445280491293,1.2664695280922469,50.0,0.7,0.48,0.3,0.5,0.24,0.34,0.54,0.3,0.16,0.0061838518790119,-0.0012440542511664,-0.0337592838723886,49.74277315562654,0.9674590695719644,0.0260998971944373,0.005066792632855,23508.400390625,0.0111357401503258,1.0,0.003922271204575883,-0.009889881359506594,0.5996212121212121,0.40037878787878783,0.006897979853591849,0.5625,0.5625
2025-01-31,23508.400390625,0.0111357401503258,0.024007683438783,0.0180234531987346,0.0131534091052569,-0.0206771413730615,1.0078735328377868,0.9927510949669406,0.9954284864581756,52.17306770466727,-0.008414916408156,0.0297536258852164,0.0020323017699306,0.0102457438662307,0.0081475900339206,1.0683813094591517,50.0,0.86,0.76,0.42,0.7,0.42,0.42,0.54,0.36,0.08,0.0108354694290735,0.0187338082616115,-0.0114167855933849,53.28056911210373,0.9495237641765336,0.0256298387272803,0.0092603557796765,23482.150390625,-0.0011166221250199,0.0,0.019308998755650272,0.01737806903696891,0.8783143939393939,0.12168560606060606,0.0059562515933586435,0.9375,0.9375
2025-02-01,23482.150390625,-0.0011166221250199,0.0137740970176922,0.0286037802032335,0.0058857083766157,-0.0056698891726346,1.006101519643975,0.9919676770618424,0.9943731983766252,51.5194155316323,-0.0095221422513345,0.0286037802032335,0.0008592340786426,0.0106682950565118,0.0073251275718348,0.9841347669246664,50.0,0.4,0.8,0.5,0.58,0.36,0.42,0.54,0.32,0.14,-0.0083539345458211,0.0236243616309191,0.002368133417557,50.48591675870339,0.860002424367793,0.0261951688333663,0.0080380225901917,23361.05078125,-0.0051570919766934,0.0,-0.005502518269240627,0.028341255318058572,0.28929924242424243,0.7107007575757576,0.0072194359935486545,0.25,0.75
2025-02-03,23361.05078125,-0.0051570919766934,0.0047979862470159,0.0175892487667295,0.0146104451063444,-0.0146301276646225,1.0008259410338798,0.9873610993105044,0.9893509984327288,48.50054117517337,-0.013841831246802,0.0232991759011509,-0.0069329588024015,0.0110689503091787,0.0073348090005955,1.1412253374870198,50.0,0.3,0.8,0.44,0.48,0.3,0.42,0.52,0.16,0.36,-0.006573695261368,0.0172212697297395,-0.0118706299703781,48.501042341122286,1.0766282514578944,0.0276440969030034,0.0027594976942443,23739.25,0.0161893068206311,1.0,-0.008299325048520965,0.021992102213787952,0.3159090909090909,0.6840909090909091,0.006450527637270392,0.375,0.625
2025-02-04,23739.25,0.0161893068206311,0.0098198773859177,0.0248736309190593,0.0252166518957932,0.0021233859208151,1.0153819000495263,1.0032141618741484,1.005314209464104,56.97900432335311,0.0,0.0398656802291135,0.0063717000904115,0.0115643333016147,0.0082505865653342,1.2794864392099587,50.0,0.8,0.76,0.58,0.68,0.46,0.44,0.58,0.5,0.14,0.0115796306682381,0.0174285302645895,0.0085376473682268,52.513010748845744,1.1201016195199058,0.0278579631436871,0.0064142614474116,23696.30078125,-0.0018092070621439,0.0,0.01512820576271573,0.023856157825137368,0.8614583333333333,0.13854166666666667,0.008096003339096054,0.875,0.875
2025-02-05,23696.30078125,-0.0018092070621439,0.0091197095267092,0.0192176511860469,0.0211568099657786,0.0072174263596369,1.0122390886370325,1.0013441977492854,1.0034604875619115,55.85442173344421,-0.0018092070621439,0.037984347896762,0.0026327706224922,0.011330281994974,0.008101156946032,0.907222099522604,50.0,0.46,0.72,0.62,0.66,0.42,0.38,0.54,0.12,0.16,-0.0004980717549862,0.019575299488623,0.0105019610083036,52.30781175067722,0.8456984525473419,0.0281479620338635,0.0032845346486667,23603.349609375,-0.0039226026346081,0.0,-0.00035050135830164033,0.01947383666110317,0.5008522727272727,0.49914772727272727,0.004822971991351194,0.5,0.5
2025-02-06,23603.349609375,-0.0039226026346081,0.0103719147907281,0.0040389485108422,0.0221351975090342,0.0073341275366494,1.0074751164687967,0.9975173915131588,0.9995290418062986,53.398092766518026,-0.0057247128963636,0.0339127477590199,0.0027704086855593,0.0113653733955573,0.008097877026962,1.03504661081236,50.0,0.36,0.42,0.58,0.56,0.38,0.38,0.52,0.16,0.32,-0.0050281414044854,-0.0011994426131673,0.010752665298194,50.16551063262573,0.9472124209184072,0.0281419799077132,0.0034185377615446,23559.94921875,-0.0018387386257991,0.0,-0.009931343364965305,-0.009506993113248813,0.26534090909090907,0.7346590909090909,0.0063158951092952605,0.1875,0.8125
2025-02-07,23559.94921875,-0.0018387386257991,-0.0075529252714386,0.0033131049256911,0.0320116524540092,0.020531969273112,1.0050844215438743,0.9958518011034452,0.997714090075602,52.242834319174975,-0.0075529252714386,0.0320116524540092,0.0019552475131185,0.0107855615479783,0.0073027201863246,1.2303424302688972,50.0,0.54,0.6,0.68,0.58,0.4,0.38,0.56,0.16,0.16,0.0008785798610486,0.0108554621111671,0.032631176373034,51.861195006635874,0.8361567282052487,0.027918785045145,0.0120992070999219,23381.599609375,-0.0075700336923079,0.0,0.0039061119941761254,0.00025384692455436564,0.5507575757575758,0.4492424242424242,0.006297743052373397,0.5,0.5
2025-02-10,23381.599609375,-0.0075700336923079,-0.0132806033642184,0.0008796191711331,0.0184843397782834,0.008869018715272,0.9977157401031966,0.9887663280268316,0.990258304024008,47.677907674858766,-0.0150657830649661,0.0241992894740781,-0.0006854190282866,0.0110634944991955,0.0075137300093247,0.7929977821795589,50.0,0.2,0.48,0.66,0.48,0.3,0.36,0.52,0.04,0.12,-0.0099632387122553,-0.0007633271404856,0.0108728488434799,48.29012781034736,0.754765765767204,0.0278607695193196,0.0020038301282079,23071.80078125,-0.0132496849360461,0.0,-0.01152596662561613,-0.00283756287228372,0.15454545454545454,0.8397727272727273,0.004597322295377971,0.1875,0.8125
2025-02-11,23071.80078125,-0.0132496849360461,-0.0225200590984711,-0.0281158511220868,-0.0039415635068135,-0.0060912947055479,0.9859521194889334,0.9765974474519824,0.9773600288590432,40.97957366248544,-0.0281158511220868,0.0106289715768241,8.344903289758676e-05,0.0119032159576953,0.0081063170980472,0.90134023912422,50.0,0.08,0.18,0.46,0.24,0.2,0.3,0.5,0.06,0.3,-0.0147161080403611,-0.0308711128686848,-0.005247706978815,45.10859749241499,0.9263866722483431,0.0288548395346234,0.0008435877267328,23045.25,-0.0011507892904301,0.0,-0.013503400359111756,-0.031070918016426075,0.1875,0.8125,0.007254242344218881,0.125,0.875
2025-02-12,23045.25,-0.0011507892904301,-0.0218463636729904,-0.0274747855059787,-0.0087851351641971,-0.0114341566209844,0.9862435579126472,0.9764127228700308,0.976466193231626,40.45500291853248,-0.0292342849921543,0.0094659505797352,-0.0009102020340374,0.0120689562905742,0.0080374087428842,0.9438164332714696,50.0,0.52,0.18,0.42,0.32,0.2,0.28,0.48,0.16,0.16,0.0017377406887549,-0.0216932242426354,-0.0164242629339936,46.26249040311773,0.8875418401909145,0.029301770253528,-0.0049901063130091,23031.400390625,-0.0006009745771905,0.0,-0.00035215431166523337,-0.030917079770396393,0.5121212121212122,0.4878787878787879,0.005225495859682643,0.5,0.5
2025-02-13,23031.400390625,-0.0006009745771905,-0.0149775560526486,-0.0242316971199217,-0.0202906191860772,-0.0074041008959735,0.9869996701996256,0.9767518873605932,0.976113635344336,40.16617312560998,-0.0298176905072822,0.0088592872068973,0.000455625345787,0.0118839357743581,0.0079790838760341,0.8976654616710024,50.0,0.5,0.22,0.44,0.3,0.24,0.3,0.44,0.16,0.08,0.0001091191804376,-0.020539986720835,-0.0187514922232737,44.57200813029759,0.8378305909657047,0.0292553898909724,-0.0113473913273002,22929.25,-0.0044352661537063,0.0,-0.0021513451784183147,-0.02342330890391922,0.5089962121212122,0.4910037878787879,0.0034403115426010137,0.5,0.5
2025-02-14,22929.25,-0.0044352661537063,-0.0061785719546368,-0.0267699736062275,-0.0235455604119518,-0.0177984343374848,0.9842510403131776,0.9734726204214024,0.9720572196712542,38.010605132317295,-0.0341207072675,0.0043847277564961,0.0028243540132921,0.0120927958323663,0.0078785656152712,0.8667075330336467,50.0,0.22,0.12,0.4,0.26,0.18,0.26,0.5,0.08,0.12,-0.0077625597508492,-0.0282353894744994,-0.0158562925828067,42.72564398416822,0.837889060705984,0.0290412209443033,0.001942141754678,22959.5,0.0013192755977626,1.0,-0.015292800695519108,-0.04210852819349109,0.1900568181818182,0.8099431818181818,0.004461317014586722,0.1875,0.8125
2025-02-17,22959.5,0.0013192755977626,-0.0037209403239278,-0.0180526403850384,-0.0171889006624775,-0.0028295930457006,0.9869077551050194,0.9757227919924162,0.9735979044671736,39.05368780989357,-0.0328464462862138,0.0057097880185907,-0.0052051248677998,0.0121473300326195,0.0072833233223066,0.7192273680925216,50.0,0.7,0.18,0.48,0.32,0.26,0.28,0.5,0.08,0.04,0.0056939735341379,-0.0185370813646075,-0.0027024059142355,42.79292495758084,0.6812985537663347,0.0286657250473181,0.000127187131465,22945.30078125,-0.0006184463402948,0.0,0.005186531498227221,-0.02610309381300959,0.6647727272727273,0.3352272727272727,0.004279052774985359,0.6875,0.6875
2025-02-18,22945.30078125,-0.0006184463402948,-0.0037383575429502,-0.0054828836812254,-0.0334445788620112,-0.0090712872691828,0.9875862145029892,0.9760717240917433,0.973257299321586,38.72429913969447,-0.0334445788620112,0.005087810480792,0.0001807700788345,0.0121802131860615,0.007154685425972,0.7387011347094828,50.0,0.48,0.46,0.42,0.34,0.28,0.3,0.48,0.06,0.04,-0.0003957909844556,-0.0025880376145594,-0.0118544774618718,43.57465574407284,0.6710412435308799,0.0280019091276884,-0.002783190192689,22932.900390625,-0.0005404326900405,0.0,-0.0010772676045820435,-0.0137253425138097,0.3950757575757576,0.6049242424242425,0.004324293236251417,0.375,0.625
2025-02-19,22932.900390625,-0.0005404326900405,0.0001592023561607,-0.0048751742495741,-0.0322160153887416,-0.0117407935383972,0.9882711239273616,0.9764807169314522,0.9729953222343696,38.41954165138871,-0.03396693700833,0.004544628171647,-0.0042732401804086,0.0119930627875638,0.0071286571491298,0.7349155912165161,50.0,0.5,0.46,0.4,0.36,0.3,0.26,0.44,0.08,0.1,8.472565972039714e-05,-0.003307346439653,-0.0220469988157627,42.63420660586661,0.6440974363282778,0.0274143158069734,-0.0103062052773654,22913.150390625,-0.0008612081186238,0.0,0.00039946947097771967,-0.013082494292995784,0.4146780303030303,0.5540719696969697,0.004872449575412752,0.375,0.625
2025-02-20,22913.150390625,-0.0008612081186238,-0.0020187551721509,-0.0051342948320299,-0.0292415792746577,-0.007753649898344,0.9886044575220506,0.9765726869990436,0.972426772933612,37.9078406313924,-0.0347988925250376,0.0036795061823455,-0.0048751261003037,0.0113986381830916,0.0070570754187886,0.8584976291489893,50.0,0.54,0.48,0.4,0.28,0.26,0.34,0.48,0.1,0.1,0.0032230011679881,-0.0008058518001417,-0.012773341951802,46.14931887213472,0.742651302958715,0.0242333835689423,-0.005019692053458,22795.900390625,-0.0051171487988824,0.0,0.006630360588161877,-0.004477246825935491,0.5117424242424242,0.4882575757575758,0.005351056347930932,0.5625,0.5625
2025-02-21,22795.900390625,-0.0051171487988824,-0.0065111541595952,-0.0058156986981693,-0.0324299862037451,-0.0014564711971783,0.985089338831236,0.972659632669264,0.9677641535348328,34.933210082534615,-0.0397379702128332,0.0,-0.0024418803578355,0.0112709826880266,0.0066699915435604,0.8678867600800686,50.0,0.3,0.48,0.44,0.26,0.28,0.3,0.46,0.06,0.18,-0.0043951372625439,-7.787466506226082e-05,-0.0045188001005262,44.54777160961997,0.8073625921488556,0.0231283770413526,-0.0030623289033478,22553.349609375,-0.0106401053300685,0.0,-0.00666826985580514,0.004475669828966019,0.27376893939393937,0.7262310606060607,0.005533135306752865,0.125,0.875
2025-02-24,22553.349609375,-0.0106401053300685,-0.0165504918603823,-0.0176898621757878,-0.0354231538405057,-0.0175935876738285,0.9769704890295094,0.9637348533175862,0.9578724255697189,29.73507526032391,-0.049955259354234,0.0,-0.0081835232674871,0.0109975782248947,0.0069286743383286,0.7867684852044937,50.0,0.24,0.3,0.38,0.28,0.24,0.24,0.52,0.02,0.28,-0.0087570272588445,-0.0134653426794658,-0.0159318836880081,40.23536275486267,0.7504202301412127,0.0233116339089023,0.0016617039858204,22547.55078125,-0.0002571160481895,0.0,-0.009716488165575347,-0.010446444608057565,0.203030303030303,0.7969696969696969,0.003247061823436115,0.125,0.875
2025-02-25,22547.55078125,-0.0002571160481895,-0.0159558857312168,-0.0173347041205502,-0.0227225436354342,-0.0265745447934724,0.978889698337246,0.9648686376641772,0.9580300758354192,29.621589949443177,-0.0501995311035521,0.0,-0.0016361379247037,0.0109514587116003,0.0065356917130865,0.914906060384531,50.0,0.38,0.28,0.34,0.22,0.24,0.26,0.46,0.18,0.24,-0.0042935509527461,-0.0139277623496733,-0.0352628239728772,40.720916731095485,0.9254627035015902,0.0229851910325004,-0.0086882791794047,22545.05078125,-0.0001108767876499,0.0,-0.0017217414625105539,-0.011150826938541717,0.43560606060606066,0.5643939393939394,0.004328733933200694,0.5,0.5
2025-02-27,22545.05078125,-0.0001108767876499,-0.0110041544785027,-0.0169123661974109,-0.0217050897148002,-0.0302995427321017,0.9807631292174498,0.96609670113961,0.9583250727080456,29.569194380891545,-0.0503048419284518,0.0,0.0009490360042916,0.0105965595028466,0.0064349716555074,1.0713293448665469,50.0,0.36,0.26,0.3,0.24,0.24,0.24,0.42,0.28,0.32,-0.0038966762108583,-0.0161439201201269,-0.0475732132527988,39.813974250603536,1.082153131283576,0.0229960510819687,-0.017273670520697,22124.69921875,-0.0186449596666951,0.0,-0.004256699058472915,-0.015828079525346782,0.3372159090909091,0.662784090909091,0.0061156033849588745,0.25,0.75
2025-02-28,22124.69921875,-0.0186449596666951,-0.0190060633142856,-0.034410421894564,-0.0393680434752927,-0.0588598606831118,0.9659287161871164,0.9500180342700862,0.94101465982052,22.39598259118584,-0.0680118698463515,0.0,-0.0049523237586963,0.0114077418475801,0.0067887802357176,1.9531291516837013,50.0,0.1,0.08,0.18,0.16,0.14,0.18,0.42,0.1,0.82,-0.0238576012881246,-0.043367156424386,-0.0819182184929431,34.66976819592544,1.794313252636461,0.0246366750778855,-0.0230583578098312,22119.30078125,-0.0002440004922383,0.0,-0.022901333419161604,-0.04470053936366793,0.0790719696969697,0.9209280303030303,0.007154524866833139,0.0,1.0
2025-03-03,22119.30078125,-0.0002440004922383,-0.018993193724443,-0.0296807582846456,-0.0353238426354983,-0.0580376833766937,0.9688586104525436,0.951660207729858,0.9413396923886976,22.321091581515372,-0.0682392754088693,0.0,0.0031571756890056,0.0114252279018503,0.0068043528404773,1.000230222962084,50.0,0.64,0.08,0.18,0.1,0.14,0.2,0.38,0.28,0.12,0.0031408074009502,-0.0298471470786339,-0.0721785316702532,35.88854485562064,0.9069414662732608,0.0254879959723583,-0.0141408482935594,22082.650390625,-0.0016569416451024,0.0,0.007608208336184327,-0.03107862081609549,0.7340909090909091,0.26590909090909093,0.006255085770395179,0.6875,0.6875
2025-03-04,22082.650390625,-0.0016569416451024,-0.0205100620580355,-0.0208704794144786,-0.0381911456858816,-0.0547235825389783,0.970279313642615,0.9519468126587995,0.940343405453089,21.788394870595127,-0.0697831485567151,0.0,-0.0065486501554691,0.0106397474210971,0.0067899475444303,0.9094662765021632,50.0,0.46,0.16,0.2,0.14,0.14,0.2,0.46,0.1,0.24,-0.002247297559191,-0.0328348761320977,-0.0684740176456123,37.25513623650073,0.906354661833466,0.0240660932899389,-0.0137504351066339,22337.30078125,0.0115316950692254,1.0,0.0005233168639107075,-0.02090467934302387,0.5586174242424242,0.4413825757575758,0.005746266854412725,0.5625,0.5625
2025-03-05,22337.30078125,0.0115316950692254,0.0096092408035914,-0.0093247378413641,-0.0264978003904325,-0.0590561714776162,0.9832035601757888,0.964326451762076,0.9516493748825664,33.63870834413679,-0.0573507237498996,0.0115316950692254,-0.0004347127362517,0.010456895612952,0.0061549946080803,1.1124647695245022,50.0,0.9,0.36,0.12,0.3,0.18,0.24,0.46,0.42,0.06,0.0135014730565454,-0.0165891037370086,-0.0673010323300734,42.610111766943234,0.9843169520340416,0.0236261705433307,-0.0082448608524572,22544.69921875,0.009284847776867,1.0,0.022975954700197955,0.0035338036324799003,0.9460227272727273,0.05397727272727273,0.005033667499674859,1.0,1.0
2025-03-06,22544.69921875,0.009284847776867,0.0192320020287712,-1.559377725124378e-05,-0.0169276962469909,-0.0485983687129435,0.9930576282790906,0.9743009877709272,0.9608630877187382,41.42319750114419,-0.0448517014807303,0.0209236128794194,0.0062249610857958,0.010573921584998,0.0067418725110351,1.327837847482425,50.0,0.84,0.52,0.2,0.36,0.28,0.24,0.5,0.52,0.1,0.0070987635599124,0.0032297943211498,-0.0501587896672273,45.34008147091373,1.1255987959203857,0.0239142548955671,-0.0015604209542838,22552.5,0.0003460139864501,1.0,0.011139670078557956,0.019143684131758223,0.8537878787878788,0.1462121212121212,0.006945406171336154,0.9375,0.9375
2025-03-07,22552.5,0.0003460139864501,0.0212768667285729,0.0193358913954162,-0.0157398866797715,-0.0445212068103085,0.9940259390124108,0.9756084340195412,0.9615668340421047,41.70021013694144,-0.0427610946609439,0.0212768667285729,-0.0015989935272686,0.0099691308078768,0.0067608790628442,1.0373340015033825,50.0,0.46,0.78,0.22,0.42,0.32,0.24,0.52,0.16,0.1,-0.0004739251688766,0.0272288698926279,-0.0393216000448173,44.617644674722726,0.7681051262328215,0.0237797516769126,0.0051996067654911,22460.30078125,-0.0040882039130917,0.0,-0.0007982670439776641,0.04205089495299085,0.4893939393939394,0.5106060606060605,0.004866027496366977,0.5,0.5
2025-03-10,22460.30078125,-0.0040882039130917,0.0055064844765508,0.0154164005170116,-0.0147219282249986,-0.0466744824995146,0.9909094527785404,0.9727025104694004,0.958039599778144,39.332650351402414,-0.039402728791729,0.0171016786456632,-0.001359068423678,0.0100067122399668,0.0067723304465316,1.0661684684031052,50.0,0.26,0.7,0.18,0.4,0.28,0.24,0.52,0.08,0.22,-0.0054031257734846,0.0168823318505794,-0.0383390561388607,44.9628035826016,0.8760061696940453,0.0242562794158538,0.0083354263606539,22497.900390625,0.001674047455606,1.0,-0.007577277257919496,0.026371263737946484,0.24412878787878786,0.7558712121212121,0.0060617609841217765,0.1875,0.8125
2025-03-11,22497.900390625,0.001674047455606,-0.0020758240183607,0.0188043551228929,-0.0024585801980806,-0.0377946433740006,0.9932713024164028,0.9753126424417642,0.9600289109888198,40.80856868752832,-0.0248745382324642,0.0188043551228929,-0.005091274761354,0.0100420581161622,0.0067136061273423,1.2365600952567133,50.0,0.58,0.76,0.28,0.46,0.32,0.24,0.54,0.14,0.08,0.0028476075311869,0.0232661705745046,-0.0227547922002883,47.97395065033817,0.8520071031497152,0.0244303838131243,0.0150398511737123,22470.5,-0.0012179087892316,0.0,0.004302172662617055,0.030281853689597536,0.6794507575757576,0.32054924242424243,0.011047756072557056,0.6875,0.6875
2025-03-12,22470.5,-0.0012179087892316,-0.0036359605365259,0.0059630847994762,-0.0034172572443688,-0.0260621521029543,0.9928121934878132,0.975114262405238,0.959252359418052,40.04402357092675,-0.0249400635705839,0.0175635443442812,0.0017090136449364,0.0100948326695,0.0061595534580624,1.2907167545299023,50.0,0.38,0.62,0.38,0.5,0.34,0.24,0.58,0.18,0.2,-0.0016497698617629,0.0073133278339008,-0.0137078891260262,48.595160856205226,0.8650908646161488,0.0254472809270726,0.0123542629769281,22397.19921875,-0.0032620894617386,0.0,-0.003912760687223264,0.0030140449996632354,0.2513257575757576,0.7486742424242424,0.0055297319659374485,0.3125,0.6875
2025-03-13,22397.19921875,-0.0032620894617386,-0.0028094709467416,-0.0065425579010309,-0.0065580496550916,-0.0281207963137739,0.9905571697244788,0.9730042923887232,0.9565408039157932,37.993352944622536,-0.027536370395139,0.0142441610296262,0.0031596982710664,0.0103209776832298,0.0061749089578136,1.0023708249076075,50.0,0.3,0.32,0.36,0.42,0.28,0.24,0.5,0.08,0.14,-0.0049993230907449,-0.0119076545301297,-0.0209207246813725,47.49291910765323,0.7401026862873847,0.0256016656676736,0.0072000716324013,22508.75,0.0049805683362682,1.0,-0.0039543172868550655,-0.011949202898929739,0.2941287878787879,0.7058712121212121,0.0036823080490792515,0.1875,0.8125
2025-03-17,22508.75,0.0049805683362682,0.0004822498627259,-0.001939917969183,0.017358463383065,-0.0226929488333564,0.9959184109727508,0.978700517282491,0.9616751903849686,42.79449669625264,-0.0196323961758748,0.0192956733832954,-0.0019667114488192,0.0103432928365159,0.0063372502383345,0.8776958299835717,50.0,0.64,0.42,0.42,0.52,0.38,0.28,0.54,0.18,0.08,0.0054958470394146,-0.0059059557727162,-0.0130171068334494,48.290469840218776,0.8699006639362821,0.0253031186171295,0.009675841999907,22834.30078125,0.0144632989948354,1.0,0.00582608767589907,-0.005472891430194651,0.6234848484848485,0.3765151515151515,0.004972806660161306,0.6875,0.6875
2025-03-18,22834.30078125,0.0144632989948354,0.0161901506975812,0.0166516024715135,0.0323247107614761,-0.0041409648701985,1.0093303918352303,0.9931339983183805,0.975821255553434,53.99095131343237,-0.0054530463969163,0.0340380514715799,0.0068195701671571,0.0104208998704686,0.0071721081900244,0.94984233174794,50.0,0.04,0.56,0.48,0.54,0.38,0.28,0.54,0.02,0.0,0.0,0.0018564499356875,-0.0018423321214887,48.87779723264164,0.0,0.023355119944975,0.0022986327487098,22907.599609375,0.0032100316461272,1.0,0.000334634396635794,0.0025695743252571604,0.02291666666666667,0.0,0.0007399469374565967,0.125,1.0
2025-03-19,22907.599609375,0.0032100316461272,0.0227885810917694,0.0182105535021714,0.0373573463401035,-0.0022605192022909,1.0113595963617554,0.996465715802813,0.9791587243565252,56.075502151883626,-0.00164308902439,0.0373573463401035,0.0017801481153028,0.0104541260645125,0.0072053364993456,1.1064629044651242,50.0,0.86,0.7,0.54,0.7,0.52,0.32,0.54,0.4,0.1,0.0190671958274843,0.0276948145983007,0.011924817498913,55.56937622363253,1.0042602434572412,0.0235823322880546,0.014185336701204,23190.650390625,0.01235619558909,1.0,0.022461761452235315,0.020753922213648485,0.8693181818181819,0.13068181818181818,0.0066611123744686005,0.875,0.875
2025-03-20,23190.650390625,0.01235619558909,0.0302949026767367,0.0320487034389533,0.0382028973747492,0.0106928042353442,1.0215352104283897,1.0084310939768348,0.991343639075804,63.03950616692797,0.0,0.0501751366072611,0.0056313189596348,0.0109554750882121,0.0077207572705746,1.0527552184710385,50.0,0.92,0.9,0.62,0.8,0.58,0.34,0.6,0.52,0.02,0.0103234472452584,0.0373165453456142,0.0209943308754303,58.37046400482353,1.1057013647520573,0.0234193520730473,0.0103015266400861,23350.400390625,0.0068885519512889,1.0,0.013791179975249679,0.03872147037141307,0.9517045454545454,0.048295454545454544,0.0032015917489535586,1.0,1.0
2025-03-21,23350.400390625,0.0068885519512889,0.0226019449563696,0.042558945096895,0.0357379428333608,0.0182052855455943,1.0257808020643615,1.0147657714897358,0.9981907118063164,66.28810828496115,0.0,0.0574093225937324,-0.0009659233461626,0.0103595701812575,0.0078427561315517,1.7192068132706242,50.0,0.76,0.96,0.68,0.8,0.68,0.4,0.62,0.68,0.22,0.0077946005180564,0.0504371245951535,0.0320031331783151,61.7913833403776,1.5370800605106796,0.0223702304075528,0.0137978476327208,23658.349609375,0.0131881772302988,1.0,0.006532299371485799,0.049649819195370135,0.7234848484848485,0.27651515151515155,0.005189670884823354,0.6875,0.6875
2025-03-24,23658.349609375,0.0131881772302988,0.032772966736015,0.0510734540734159,0.0490344577929275,0.0325227743040914,1.0354326190591685,1.0270149914003048,1.0112407724291572,71.49017819078647,0.0,0.0713546241450686,0.007066259988683,0.0105311645238129,0.0082901467586195,0.9800933272581582,50.0,0.84,0.96,0.7,0.86,0.68,0.5,0.56,0.36,0.06,0.0092257849806042,0.0498238438274273,0.0347701427555785,63.924197950113054,0.922599988325714,0.0217539979158952,0.002247368451487,23668.650390625,0.0004353972876416,1.0,0.008253865058429635,0.052262726529553105,0.7922348484848485,0.2077651515151515,0.005440770640880889,0.8125,0.8125
2025-03-25,23668.650390625,0.0004353972876416,0.0206117548213842,0.0365393106348197,0.0537993511816075,0.0382853927699615,1.032355399160244,1.026356818946548,1.011563490408285,71.64777807768957,0.0,0.0718210890425237,0.0039373156692252,0.0108691020062692,0.0081438351512193,1.0470426154393897,50.0,0.38,0.98,0.78,0.86,0.66,0.48,0.54,0.26,0.34,-0.0032153601966086,0.0459190629016161,0.0466302029217182,62.592758625567086,1.101671006009966,0.0219721165139156,0.0083448101517566,23486.849609375,-0.0076810793285454,0.0,-0.0020637821453502207,0.04965735238703804,0.34933712121212124,0.6194128787878788,0.004919272148454286,0.3125,0.6875
2025-03-26,23486.849609375,-0.0076810793285454,0.0058435494238797,0.0252863682741748,0.0439574005386786,0.0413907475460746,1.022048239137079,1.0177359993077404,1.003755702051404,64.83561129118522,-0.0076810793285454,0.06358834623158,0.0013646248346206,0.0108245948183223,0.0079278124635401,0.8540248911777328,50.0,0.18,0.82,0.76,0.78,0.66,0.38,0.56,0.14,0.24,-0.0059242187719175,0.0208152430379793,0.0493445595820161,59.80128968809488,0.8832250391757104,0.0217540233259941,0.0079538120359414,23591.94921875,0.0044748278770025,1.0,-0.00439433497077952,0.022033933848377665,0.2390151515151515,0.7609848484848485,0.00511918624337961,0.25,0.75
2025-03-27,23591.94921875,0.0044748278770025,-0.0028066366302528,0.0173043369360277,0.0499076219376515,0.0463198175106671,1.0240254122221024,1.021397363549018,1.0081646029911988,66.80078267379496,-0.0032406229594477,0.0683477210129523,-0.0022523408419954,0.0105452111967013,0.0079256374795633,1.5043334709038385,50.0,0.7,0.78,0.74,0.82,0.62,0.44,0.58,0.54,0.26,0.004847008473268,0.01176255823707,0.0593155329542943,60.3078336153617,1.3614406477275671,0.0217184922118986,0.0129957154436272,23519.349609375,-0.0030773044101545,0.0,0.007523236644971294,0.015808372524428637,0.7620265151515151,0.23797348484848485,0.0044933609120425926,0.8125,0.8125
2025-03-28,23519.349609375,-0.0030773044101545,-0.0063079549862774,0.0072353885125597,0.0501022641119155,0.0432156413209454,1.0188486862034192,1.0175258155687483,1.0050115512942923,64.13449559532964,-0.0063079549862774,0.0650600898595006,0.0003582227054084,0.0106687183587877,0.0080004620652942,0.8700262127057992,50.0,0.44,0.58,0.72,0.72,0.62,0.44,0.56,0.18,0.16,-0.0027695356142463,0.004079681851754,0.0547358171503445,59.364972094800905,0.856106506416394,0.0222709415090429,0.0115201758293991,23165.69921875,-0.0150365718652369,0.0,-0.006522139369596595,-0.0033660170239376767,0.35294117647058826,0.6470588235294118,0.0058184296491457,0.23529411764705882,0.7647058823529411
2025-04-01,23165.69921875,-0.0150365718652369,-0.0136736257082691,-0.0208235315970553,0.0291863927916922,0.0470514871053155,1.0031915559763551,1.0021382459242798,0.9899991190415728,53.03057738437465,-0.0212496768330405,0.0490452372775325,-0.0075788660384107,0.0113898360301354,0.0075339629842573,0.95916748046875,50.0,0.3,0.22,0.84,0.62,0.62,0.38,0.52,0.06,0.4,-0.0075037837295982,-0.0170838567717628,0.0642364730599128,55.55070241014396,0.9156885441273804,0.0220927760411388,0.0171849859545972,23332.349609375,0.0071938424586863,1.0,-0.007441668038924381,-0.0174838193085412,0.29117647058823526,0.7088235294117646,0.007092491713797845,0.17647058823529413,0.8235294117647058
2025-04-02,23332.349609375,0.0071938424586863,-0.0110037372057701,-0.014208701201789,0.021811433286101,0.0548411923198437,1.0094077601458025,1.0089776122126408,0.997149581683024,56.82410136218972,-0.014208701201789,0.0565919034465423,0.0011612164334424,0.0112599633156568,0.0075837062944062,1.0314267566014337,50.0,0.6,0.34,0.86,0.64,0.6,0.42,0.58,0.18,0.12,0.0043723613755809,-0.0129450096509429,0.0731327380931574,55.32448228432983,0.7394058817082998,0.022662428953266,0.0182915457733137,23250.099609375,-0.0035251486188494,0.0,0.008531849169233233,-0.003526322419556263,0.5745098039215686,0.42549019607843136,0.005564384891532346,0.7647058823529411,0.7647058823529411
2025-04-03,23250.099609375,-0.0035251486188494,-0.0114480206498854,-0.0100801088241949,0.0149513701060075,0.0528672599574202,1.005289410830775,1.005207128213309,0.9936974205118652,54.48515606278791,-0.0176837620372214,0.0408643298966187,-0.0078024215808875,0.0111114695325146,0.0076514045108054,0.8527423555803134,50.0,0.46,0.5,0.84,0.7,0.62,0.48,0.64,0.12,0.12,-0.0012039815878127,-3.4848315537683305e-06,0.0738449140997956,56.31910190888793,0.7883243968191529,0.0222775674443507,0.0209776541423754,22904.44921875,-0.0148666197750665,0.0,0.003245603139257366,0.005652253637139881,0.5784313725490197,0.4215686274509804,0.005509140531672944,0.6470588235294118,0.6470588235294118
2025-04-04,22904.44921875,-0.0148666197750665,-0.0112774493674056,-0.0291412970427047,-0.0123412309294568,0.0253901956666162,0.9912557183655116,0.9906413619173614,0.979129828659193,45.92930540883512,-0.0322874840458877,0.0226479210657442,-0.0025676973326138,0.0119401257256313,0.0082817724495667,1.3723357342348963,50.0,0.18,0.22,0.68,0.48,0.46,0.36,0.54,0.1,0.42,-0.0217486786478853,-0.0206888466598969,0.0330898193550424,48.93036472111487,1.0581903582899854,0.0255748318517505,0.0076996236884261,22161.599609375,-0.0324325462830553,0.0,-0.02423643118142255,-0.02629372527297656,0.10784313725490195,0.8774509803921569,0.0071615910232098465,0.058823529411764705,0.9411764705882353
2025-04-07,22161.599609375,-0.0324325462830553,-0.0501771154470267,-0.0577290623486794,-0.0509113660306781,-0.0169928906860901,0.9628567065831948,0.9600743494339636,0.9478704983159686,33.68632486681098,-0.0636728650082614,0.0,-0.0500360788936511,0.0153602155776084,0.0109765208159197,1.828482622209664,50.0,0.02,0.1,0.42,0.16,0.3,0.28,0.48,0.02,0.88,-0.0324761234338728,-0.050594289660133,-0.0193267395710957,42.48386310708508,1.529629141233792,0.0285758943387054,-0.0023338488850056,22535.849609375,0.0168873189028142,1.0,-0.03354683696417441,-0.05260025760601252,0.014705882352941176,0.9852941176470589,0.009179605588153155,0.0,1.0
2025-04-08,22535.849609375,0.0168873189028142,-0.0307202984933447,-0.0271888883399301,-0.04744625126155,-0.0007382946735394,0.981067999981741,0.9771961303796652,0.9642240587891072,42.06514384497032,-0.0478608100822974,0.0168873189028142,0.0128668686219008,0.0156964068349183,0.0116686816535968,1.2907048852752705,50.0,0.98,0.24,0.56,0.4,0.44,0.32,0.56,0.74,0.02,0.0186287952606173,-0.0158961616057874,0.0150247383142357,48.99110332840888,1.2742004917167238,0.0305032492179915,0.0157630329877752,22399.150390625,-0.0060658560080705,0.0,0.021429545183902318,-0.024921781556332387,0.9705882352941176,0.029411764705882353,0.004943882569899266,1.0,1.0
2025-04-09,22399.150390625,-0.0060658560080705,-0.0220611647675575,-0.0399959384448378,-0.0536363493079791,-0.002722598918891,0.97743331514372,0.97236418308314,0.9587723159019436,40.07343790123171,-0.0536363493079791,0.0107190268499168,-0.0033523842870148,0.0159511652894101,0.0117136938227558,1.0448655123597952,50.0,0.3,0.2,0.58,0.3,0.42,0.32,0.62,0.18,0.32,-0.0061363471846184,-0.0349414907112219,0.0193311758205573,46.02347168171512,0.9958536715178428,0.0300528558679617,0.0220537747394483,22828.55078125,0.0191703874091904,1.0,-0.00701241276831027,-0.039596165215647364,0.3333333333333333,0.6666666666666666,0.006550297650758917,0.29411764705882354,0.7058823529411765
2025-04-11,22828.55078125,0.0191703874091904,0.0300949021564698,-0.0181310547140632,-0.028028400533643,0.0146969443763198,0.9965344847849188,0.9913544851178656,0.9773745487447744,48.34678565823744,-0.0354941914942373,0.0300949021564698,0.0132259480754231,0.016325878638765,0.0124791806816932,1.086924209872039,50.0,0.92,0.28,0.7,0.56,0.56,0.38,0.64,0.52,0.04,0.0205394173774215,-0.0133291055838978,0.0336558477117725,52.08468419439082,1.0603019308574404,0.0307030196570532,0.0189589033354526,23328.55078125,0.0219023977821084,1.0,0.02219049621990185,-0.022182532417637343,0.8852941176470589,0.055882352941176466,0.0053558100755721,0.9411764705882353,1.0
2025-04-15,23328.55078125,0.0219023977821084,0.0351751181169239,0.0185161214072251,-0.0111647594294862,0.0381856559155338,1.0165833161027575,1.0125486428409365,0.9987935056881814,55.969472182238704,-0.0143692016131899,0.0526564504568229,0.0236457773118194,0.0168023617308869,0.0133242712336493,1.0467294758265604,50.0,0.94,0.8,0.76,0.74,0.64,0.46,0.62,0.38,0.02,0.0211210120242374,0.0282578101370241,0.0593797098164032,57.78167215305551,0.9644696796680904,0.0305048518193452,0.0211940539008694,23437.19921875,0.004657316201027,1.0,0.021665772199163463,0.02345275748871513,0.9117647058823529,0.029411764705882353,0.003919931539400622,0.9411764705882353,1.0
2025-04-16,23437.19921875,0.004657316201027,0.0463432232929454,0.0575590043976512,-0.0034928853046282,0.0464343773452422,1.0192485133572071,1.0165761440295924,1.0034108053136543,57.43927111816953,-0.0097788073276318,0.0575590043976512,0.000666514961465,0.0161783266694779,0.0132785032605716,0.9315258950295446,50.0,0.68,0.98,0.8,0.74,0.64,0.46,0.64,0.18,0.04,0.003792765686467,0.0609221526254012,0.0735771037640752,58.49758524337577,0.7703465223983412,0.030088948790143,0.0271427264188329,23851.650390625,0.0176834769379541,1.0,0.007610320485725834,0.06704023496298708,0.5862745098039216,0.4137254901960784,0.0052755685993249365,0.5294117647058824,0.5294117647058824
2025-04-17,23851.650390625,0.0176834769379541,0.044816669230502,0.0583870057733533,0.0296106396529487,0.0596612602043649,1.0336033378884693,1.0331528128473957,1.0209396959747674,62.57186388467556,0.0,0.0762603246624427,-0.0015082693561233,0.0168123883311225,0.0137075186391458,1.3066301199834505,50.0,0.88,0.94,0.8,0.82,0.68,0.52,0.6,0.38,0.1,0.0109242734508714,0.0568207111056802,0.0836255789909448,62.55107674590938,0.981320792557175,0.0298946720500473,0.0239643187865798,24125.55078125,0.0114834984640164,1.0,0.013621794480765443,0.05893495124362763,0.907843137254902,0.09215686274509804,0.004541774778610965,0.8823529411764706,0.8823529411764706
2025-04-21,24125.55078125,0.0114834984640164,0.0341641453630534,0.077074369363026,0.0339957691854697,0.0565486989231693,1.0409645782280206,1.043175427440316,1.0323281368926236,65.53034405201471,0.0,0.0886195584475857,0.0040877674459929,0.0167787273176382,0.0135919713508932,1.032295784135538,50.0,0.78,1.0,0.84,0.86,0.8,0.54,0.62,0.24,0.06,0.0116293743118318,0.0823416224740102,0.0961862143299359,62.532958368298736,0.717500986529986,0.0296823868259605,0.0396375154067665,24167.25,0.0017284255654137,1.0,0.009871285195716648,0.0771136056990549,0.7401960784313726,0.2598039215686274,0.006689597022766867,0.8235294117647058,0.8235294117647058
2025-04-22,24167.25,0.0017284255654137,0.0311492330818246,0.0586414455993207,0.0394471596265841,0.0549883188157995,1.0385341247860815,1.043138526212712,1.0337615523891537,65.97134066227866,0.0,0.0905011563234159,0.0024807561873991,0.0165616518831565,0.0135938991621968,1.1043482616972249,50.0,0.44,0.98,0.82,0.84,0.78,0.54,0.54,0.16,0.18,-0.00172769897016,0.0506809967021476,0.0614680572630228,62.501440490512536,0.8455505332984319,0.0298352585446898,0.0064797384472232,24328.94921875,0.0066908406521222,1.0,-0.0017577023099721754,0.05184328865911638,0.43823529411764706,0.5617647058823528,0.0042333271335828,0.35294117647058826,0.6470588235294118
2025-04-23,24328.94921875,0.0066908406521222,0.0200111447345632,0.0428830083308928,0.06219315672668,0.0490843856878273,1.040973611570285,1.0480581340882138,1.0402572326618065,67.69719155420327,0.0,0.0977975257913308,0.0078763454416617,0.0165700471612153,0.0134417668433855,1.026452801721473,50.0,0.78,0.96,0.82,0.94,0.82,0.58,0.58,0.3,0.06,0.0083746286329446,0.0345722237357092,0.0592105476789078,63.560783663955306,0.907650471884356,0.0295164116398652,0.0101261619910805,24246.69921875,-0.0033807460922566,0.0,0.009708412989998324,0.03963790979554956,0.8676470588235294,0.1323529411764706,0.00566498453001324,0.8823529411764706,0.8823529411764706
2025-04-24,24246.69921875,-0.0033807460922566,0.0050215822469079,0.0345391099185772,0.0940861510959227,0.0383847305883824,1.033766814767463,1.042694701267626,1.0363615181985757,65.8672360069573,-0.0033807460922566,0.0940861510959227,-0.0020982750905517,0.015751171718076,0.0134608260467095,0.9079062235099128,50.0,0.4,0.94,0.82,0.96,0.86,0.56,0.5,0.14,0.18,-0.0010095932889255,0.0337784599601295,0.03723582934798,62.47684712310752,0.8297013484242477,0.0285702892096619,-0.0011489012404023,24039.349609375,-0.0085516633626838,0.0,-0.001065425905722112,0.0305191225223651,0.35,0.6499999999999999,0.0034209356364455507,0.29411764705882354,0.7058823529411765
2025-04-25,24039.349609375,-0.0085516633626838,-0.0052923022116707,0.007869443651739,0.0667159226770193,0.0161042509849893,1.0224990357635817,1.0324103710219392,1.0272178350744972,61.36389528963377,-0.0119034984524448,0.0847298946419758,0.0017445995790341,0.0168558272825308,0.0133849386678719,0.9717157286614784,50.0,0.18,0.64,0.62,0.78,0.8,0.52,0.5,0.1,0.32,-0.0132913053075139,0.0060366723438228,0.0154230749520716,57.92129021967708,0.9455489192312658,0.0303322967298465,-0.0006811760329177,24328.5,0.0120282118827472,1.0,-0.01598380127349382,0.000565467383385148,0.12352941176470589,0.8764705882352941,0.0043980815603725425,0.11764705882352941,0.8823529411764706
2025-04-28,24328.5,0.0120282118827472,-1.846437122954292e-05,0.0084122107963533,0.0861349460014571,0.0278786326421198,1.0313797926455222,1.0429948604028412,1.0391642418576157,64.96152009314287,-1.846437122954292e-05,0.0977772556502798,0.00128540876218,0.0170348266491534,0.0136135300515351,0.805074101984426,50.0,0.78,0.58,0.74,0.92,0.84,0.54,0.54,0.12,0.06,0.009279483872031,0.0031138417932312,0.0347946889927334,59.54641151280009,0.6535862286640466,0.0299524291929243,0.0069160563506135,24335.94921875,0.0003061930965739,1.0,0.009412312351158783,8.786391442044062e-05,0.8107843137254902,0.1892156862745098,0.004812611693883688,0.7647058823529411,0.7647058823529411
2025-04-29,24335.94921875,0.0003061930965739,0.0036809133975226,0.0069804888330282,0.0660312803885074,0.036152128680386,1.0285906614450386,1.041545053141527,1.039074216111484,65.05180577924877,0.0,0.0981133874675357,0.0017345590048707,0.0163670122974717,0.0134472685952734,0.8894416117398334,50.0,0.36,0.52,0.78,0.9,0.8,0.56,0.52,0.04,0.14,-0.0031262734945852,0.0021797948036934,0.0412754267045873,57.79422532827122,0.7517929838608554,0.0294466542875731,0.0051232980242013,24334.19921875,-7.191007773188485e-05,0.0,0.0007103253966774562,0.002601760893539394,0.4509803921568627,0.5441176470588235,0.005044169655567541,0.4117647058823529,0.5882352941176471
2025-04-30,24334.19921875,-7.191007773188485e-05,0.0122652906241695,0.0002157923037611,0.0431080544578137,0.0314620039708328,1.0257309376276125,1.0397791828320404,1.0385964639764294,65.0094256790006,-7.191007773188485e-05,0.0980344220484845,0.0002507221906635,0.0135403102056017,0.0134392294697284,1.0672264682220434,50.0,0.48,0.38,0.68,0.76,0.72,0.56,0.54,0.26,0.3,-0.0007127675838142,-0.0090666616764104,0.0386989046774396,56.920028515660064,1.087818685918784,0.0273400149319306,0.0072369007066067,24346.69921875,0.0005136803511647,1.0,-0.0015231913222514182,-0.008599892737294015,0.5205882352941176,0.47941176470588226,0.006210171292982099,0.5294117647058824,0.5294117647058824
2025-05-02,24346.69921875,0.0005136803511647,0.0007480616869104,0.0041242727143111,0.0388058313415022,0.0351774017188473,1.0236978269704151,1.0386712474599378,1.0387255397289543,65.18390314793311,0.0,0.0985984607559933,-0.0009163575889449,0.0129907526561574,0.0133968637692371,1.0422106448539148,50.0,0.32,0.36,0.64,0.7,0.74,0.56,0.46,0.1,0.14,-0.0041555918947021,-0.0093289252705774,0.0311258222553927,53.955901706328085,0.6897820741524827,0.0266317406388017,-0.0040515794634545,24461.150390625,0.0047008906976129,1.0,-0.0030631848222356472,-0.010582624394187423,0.27058823529411763,0.7294117647058824,0.005751321280780712,0.17647058823529413,0.8235294117647058
2025-05-05,24461.150390625,0.0047008906976129,0.0051447005723752,0.0175462642751991,0.0255537872649502,0.0559210909043694,1.0257250193325222,1.041774579446643,1.0431558338112232,66.81552010810762,0.0,0.1037628520405731,0.0029901704783839,0.0129215066032128,0.0128039653884615,0.7234956131097902,50.0,0.74,0.66,0.7,0.74,0.72,0.56,0.42,0.14,0.06,0.0066082534521946,0.0085187574480243,0.0514310635424728,56.554525018455024,0.6945161394343914,0.0261794385627411,-0.0044900273618966,24379.599609375,-0.0033338898599493,0.0,0.014753754028129947,0.02050318729311099,0.7480392156862744,0.2519607843137255,0.00569078996546078,0.7647058823529411,0.7647058823529411
2025-05-06,24379.599609375,-0.0033338898599493,0.0018657030879412,0.0021004011498859,0.0105302809634688,0.044884035150031,1.0201382644788084,1.036744210951127,1.0392677573449065,64.49617871491148,-0.0033338898599493,0.1000830282603661,0.0016188776383214,0.0119483634527069,0.0128303113418695,0.7541617307812207,50.0,0.38,0.48,0.66,0.74,0.72,0.56,0.46,0.08,0.06,-0.0060556595236547,-0.0040944326963017,0.0408909283685015,55.06746686478921,0.7619621782271361,0.025327986053649,-0.0039931067815295,24414.400390625,0.0014274549954715,1.0,-0.008132721666590011,0.0025095301884156354,0.3362745098039216,0.6637254901960784,0.005187331786249794,0.35294117647058826,0.6470588235294118
2025-05-07,24414.400390625,0.0014274549954715,0.002780712542046,0.0032236742101088,0.0102266658649619,0.0500772384123691,1.0194977507543113,1.0366701636631863,1.0403294270830383,65.05366541032495,-0.0019111938422126,0.10165334727449,-0.0060008708292625,0.0110237902878852,0.0127600508865173,0.8184568084895368,50.0,0.5,0.42,0.7,0.68,0.76,0.6,0.4,0.12,0.06,8.619323061986872e-05,-0.0036982754375187,0.0402069803463549,54.81861930557852,0.7693660158689869,0.025509900084589,-0.0098702580660141,24273.80078125,-0.0057588802970967,0.0,0.0017358552496922165,0.0035759806891587282,0.4480392156862745,0.5519607843137254,0.005232745325441788,0.47058823529411764,0.5294117647058824
2025-05-08,24273.80078125,-0.0057588802970967,-0.0076590678027474,-0.002482039246784,-0.00226678254799,0.0597853958164174,1.0123128359918148,1.0294607101200972,1.0339850080582806,60.89350403072259,-0.0076590678027474,0.0953090575186403,0.000700390306598,0.0114345844886086,0.0122594471334122,1.0270877543377857,50.0,0.26,0.4,0.84,0.56,0.66,0.52,0.34,0.2,0.46,-0.0089114119486532,-0.0060354245853828,0.0398875351118175,52.33684449133965,1.0954844633025875,0.0259400007665071,-0.0198978607045998,24008.0,-0.0109501096942064,0.0,-0.009247247230068215,-0.004241469247996747,0.24313725490196075,0.7568627450980392,0.004047991122039167,0.17647058823529413,0.8235294117647058
2025-05-09,24008.0,-0.0109501096942064,-0.0152422359402533,-0.0139115046235572,-0.0098446067481801,0.0833153031897535,1.0011108266903492,1.017462292354329,1.0224322002472168,53.8787458150248,-0.0185253098643584,0.0718263675772439,-0.0139265698147742,0.0108597833925149,0.0096587693587111,0.8717449185012014,50.0,0.22,0.28,0.92,0.36,0.56,0.52,0.36,0.1,0.12,-0.0098718708748458,-0.0153038188662678,0.0688004752511511,49.4111275998886,0.7350112779744116,0.0256445359150446,-0.0145148279386023,24924.69921875,0.0381830730902199,1.0,-0.00284980911487105,-0.004252252360895731,0.28627450980392155,0.7137254901960784,0.004933883257234047,0.29411764705882354,0.7058823529411765
2025-05-12,24924.69921875,0.0381830730902199,0.020901550722538,0.0189504099652917,0.0368291831418652,0.1060021987536352,1.035457165151659,1.0539845954316016,1.06082294099679,67.69893245502726,0.0,0.1127519921104709,0.0171650953588387,0.0121766877246624,0.0120306546790172,0.9702759246832195,50.0,0.96,0.74,0.94,0.92,0.92,0.66,0.42,0.28,0.04,0.0376870843017548,0.0132447509643359,0.0782267457999366,58.251556470171735,0.8332646335163074,0.0258496483836819,-0.0277754529536986,24578.349609375,-0.0138958390765435,0.0,0.037808324912611366,0.018560141444591963,0.980392156862745,0.0196078431372549,0.006798102834655472,1.0,1.0
2025-05-13,24578.349609375,-0.0138958390765435,0.0125464005768822,0.0081523077976872,0.0102698320642455,0.0972893694960004,1.0190239117224107,1.037737687546881,1.045602479644751,60.34187534711952,-0.0138958390765435,0.0766495799445219,-0.0024332665749633,0.0130913854490363,0.012530763373035,1.107460302915265,50.0,0.26,0.6,0.96,0.78,0.84,0.6,0.4,0.18,0.24,-0.0123951071190855,0.0153420993378663,0.0846355280171996,54.65964471267161,0.9658839989900908,0.0263748004436208,-0.0126538414788007,24666.900390625,0.0036027960647213,1.0,-0.008341318547433177,0.018520104670980662,0.31862745098039214,0.6813725490196078,0.004327715100853515,0.29411764705882354,0.7058823529411765
2025-05-14,24666.900390625,0.0036027960647213,0.0274450345978423,0.010342256863165,0.0135992711399979,0.0805285288142299,1.0204895078704963,1.0397852058352537,1.0488543334403644,61.49403508815213,-0.0103431068861632,0.0573695992487746,0.0014423739770337,0.0130231010683632,0.0120610383771255,0.9113209537877188,50.0,0.76,0.64,0.88,0.78,0.86,0.6,0.48,0.16,0.08,0.0049868290167505,0.0181052210802993,0.0650192379375974,56.22914338241775,0.6742055717230153,0.0261259748562097,-0.0155092908766324,25062.099609375,0.0160214381414618,1.0,0.007260414211232689,0.02418995651360995,0.8186274509803921,0.18137254901960784,0.004561012262556401,0.8235294117647058,0.8235294117647058
2025-05-15,25062.099609375,0.0160214381414618,0.0055126198081314,0.0324752944637294,0.0299126502615354,0.0743101808758011,1.033214188622463,1.05411079379515,1.064962728632949,66.21196820845032,0.0,0.0693299730679877,0.0011168338011156,0.0142145628996455,0.0116654811996389,1.301641346866106,50.0,0.98,0.9,0.88,0.84,0.9,0.7,0.4,0.82,0.0,0.0152532270237196,0.0427480535117358,0.0592814017078453,59.81790984611891,1.3444877251097442,0.0259993479904353,-0.0150287791679557,25019.80078125,-0.0016877607536591,0.0,0.019136920299263283,0.05357110461729943,0.9950980392156862,0.004901960784313725,0.005484278511803563,1.0,1.0
2025-05-16,25019.80078125,-0.0016877607536591,0.0179609769936146,0.0421443177794902,0.0276465222842867,0.0675251999067321,1.0283881079283628,1.0501765097371158,1.0624975352554025,65.28989232498522,-0.0016877607536591,0.0489756629622639,0.0001017784339603,0.0130947847712491,0.0117229039126656,1.1124537227478404,50.0,0.5,0.94,0.84,0.84,0.9,0.76,0.4,0.14,0.06,6.130888905209186e-05,0.0494412373661978,0.0445417144865729,60.02901446575403,0.6767139312167325,0.025200584605994,-0.0229834854201591,24945.44921875,-0.0029717088137536,0.0,0.0017299782695334687,0.05857541815883157,0.5686274509803922,0.4313725490196078,0.0026635717254972495,0.5294117647058824,0.5294117647058824
2025-05-19,24945.44921875,-0.0029717088137536,0.0112924130601697,0.0008325075387225,0.0197986938631722,0.0458584127392258,1.0228643010416758,1.0451270957464305,1.0587149849985062,63.612934865248775,-0.0046544540339056,0.0390473683251415,-0.0005775894061407,0.012648609706291,0.0112944977894055,0.678159698241513,50.0,0.38,0.64,0.72,0.86,0.84,0.74,0.44,0.06,0.1,-0.0017797478716402,0.0072536828047374,0.0268704725588442,58.494961344595296,0.5611964170523536,0.0241335314885849,-0.0189879401803816,24683.900390625,-0.0104848313546668,0.0,-0.004415589897940671,0.015422942587696942,0.2745098039215686,0.7254901960784313,0.0035436199602179867,0.23529411764705882,0.7647058823529411
2025-05-20,24683.900390625,-0.0104848313546668,-0.0150904842229789,0.0042944617082727,0.0124817792796312,0.0231434968858386,1.010970891334194,1.0327852180789985,1.0471184368338222,57.972110625960745,-0.0150904842229789,0.028153131898742,0.0020344392099322,0.0132854192494771,0.0114223173561069,1.1005717772854509,50.0,0.14,0.68,0.54,0.66,0.82,0.62,0.46,0.1,0.22,-0.0107494490243659,0.0047357781020666,0.017837028042103,53.98642189228367,0.8420916024029562,0.0250516414200445,-0.0053064688437355,24813.44921875,0.0052483127088862,1.0,-0.011449867257582602,0.012008213388478578,0.16372549019607843,0.8362745098039215,0.004147044022484871,0.17647058823529413,0.8235294117647058
2025-05-21,24813.44921875,0.0052483127088862,-0.0082475301983475,0.0059411124139738,0.016344813787777,0.0267386326019716,1.0147038195127605,1.036652424309748,1.0520632627239492,59.870253692862256,-0.0099213710942234,0.0335492010475675,0.0024448976223352,0.013402875398276,0.0114578558456064,0.8955947077270953,50.0,0.7,0.68,0.54,0.72,0.82,0.68,0.42,0.14,0.02,0.0051479880616854,0.0084218712578894,0.0102832497449191,55.86980590660833,0.5898378910987079,0.0244301192982513,-0.0164553828570525,24609.69921875,-0.0082112727740422,0.0,0.006614223265751713,0.011450630523497587,0.607843137254902,0.3333333333333333,0.0036350378631948973,0.7058823529411765,0.75
2025-05-22,24609.69921875,-0.0082112727740422,-0.0134593687632467,-0.0180511767839184,0.0138379003983364,0.0115397503392227,1.005761474362649,1.027006848627259,1.0429738315541768,55.61584948411546,-0.0180511767839184,0.0250624466323725,-0.003203907659074,0.01351499768223,0.0115783454121979,1.0873550822324076,50.0,0.16,0.12,0.48,0.54,0.78,0.64,0.44,0.06,0.22,-0.0094550534663189,-0.0178559353896951,-0.0011648916914724,52.02923330100947,0.8690602386587836,0.0247184124806369,-0.0127046420306952,24853.150390625,0.0098924887180058,1.0,-0.008215160440885523,-0.01558198141724357,0.19607843137254902,0.8039215686274509,0.0035226244075726443,0.11764705882352941,0.8823529411764706
2025-05-23,24853.150390625,0.0098924887180058,0.0068566959565385,-0.0066607401106841,0.0352028653209346,0.0250117002072607,1.014193439264155,1.0356570219346175,1.0527332128718998,59.33424377417408,-0.0083372591285942,0.0352028653209346,0.0012109364273453,0.0137264885542915,0.011715543264284,0.7380929642413742,50.0,0.96,0.3,0.6,0.82,0.84,0.72,0.42,0.08,0.04,0.0106627573463741,-0.0082760123555987,0.0145559579771223,54.64444908334783,0.6080582187033613,0.0241092660604785,-0.0104557422301383,25001.150390625,0.0059549794562796,1.0,0.011416121834930073,-0.0062850867896361035,0.9558823529411765,0.04411764705882353,0.0033352786730050277,0.9411764705882353,0.9411764705882353
2025-05-26,25001.150390625,0.0059549794562796,0.0075644933608489,0.0022329191744172,0.0030672856351858,0.0400094344014578,1.0182707868263476,1.040118367150238,1.0583808561593155,61.44871101091153,-0.002431927879147,0.0413674771170027,0.0026636147816081,0.0137829371981019,0.0115209348869761,0.8359098939929329,50.0,0.76,0.54,0.72,0.78,0.84,0.72,0.44,0.1,0.06,0.0053497725109805,0.0014356817261589,0.0309192046655516,57.53118829293582,0.6352412006735108,0.0232107536394627,-0.0090902297359062,24826.19921875,-0.0069977248703164,0.0,0.0034302566693058746,0.0015118599758017132,0.75,0.2303921568627451,0.00278899214333787,0.8235294117647058,0.8235294117647058
2025-05-27,24826.19921875,-0.0069977248703164,0.0087973444159386,0.0057648437189061,0.0100840623277838,0.0204574560186612,1.010073067592814,1.0315114838424104,1.050441803604608,57.63376066380722,-0.0094126347872608,0.0340802740232422,-0.0017799180959563,0.0142517965690452,0.0114367326288866,1.4112751677852349,50.0,0.22,0.66,0.68,0.76,0.76,0.68,0.5,0.08,0.3,-0.005694054441888,0.007255361551542,0.0194240510866627,54.3335216123826,0.9039949699479286,0.0233010139325768,-0.0010334049319984,24752.44921875,-0.0029706520659956,0.0,-0.004862429697151349,0.008209317944467465,0.24509803921568624,0.7549019607843137,0.003190606819620048,0.23529411764705882,0.7647058823529411
2025-05-28,24752.44921875,-0.0029706520659956,-0.0040518473631007,-0.0024583442415537,0.0034681628729289,0.0171145985001932,1.0063946140616462,1.0273011881968686,1.046828398157465,56.05392471943381,-0.0123553251902792,0.0310083813208097,0.0002537956452568,0.0138041162458017,0.0114717351201723,1.760106984878099,50.0,0.28,0.42,0.64,0.64,0.68,0.66,0.52,0.02,0.06,-0.0038950708699563,-0.0025313784040928,0.0175341132325778,53.37918902735154,0.6242625774086242,0.022786435648106,0.0004195147323845,24833.599609375,0.0032784792287758,1.0,-0.0038658530686238933,-0.002275809965885802,0.33235294117647063,0.6676470588235294,0.0031786188379358898,0.23529411764705882,0.7647058823529411
2025-05-29,24833.599609375,0.0032784792287758,-0.0067017228660337,0.0090980547399137,-0.0091173526385045,0.0205225734422442,1.008762724161211,1.029431063991486,1.049735426939464,57.43649028891688,-0.0091173526385045,0.0343885208836638,0.0029350788676689,0.0134059377202192,0.0114810924388873,0.897410914948621,50.0,0.72,0.76,0.66,0.62,0.76,0.7,0.5,0.36,0.08,0.0034936871322933,0.0082581923204285,0.0201345547873817,54.48951151063179,0.986608171151092,0.022052610093275,-0.0003880186548624,24750.69921875,-0.0033382349691143,0.0,0.004984855082229702,0.011010292006733906,0.7549019607843137,0.22549019607843138,0.003297033674316797,0.8823529411764706,0.8823529411764706
2025-05-30,24750.69921875,-0.0033382349691143,-0.0030411421150192,-0.0041222609715364,-0.0107555437732208,0.0165936251304599,1.0048788981148973,1.0249497522124136,1.045750106274021,55.51504944363494,-0.0124251517422153,0.0309354889515993,-0.0008456285166195,0.0111702347965322,0.0115232884472806,2.1004858249800136,50.0,0.14,0.3,0.7,0.56,0.66,0.62,0.54,0.14,0.66,-0.0074649230355567,-0.0072880255048991,0.0200056616976769,52.58522611866218,1.4450502760143205,0.0205720348228321,0.003412036567217,24716.599609375,-0.0013777230725331,0.0,-0.004413938726397043,-0.004854137625042047,0.16666666666666666,0.8333333333333333,0.0034719661435065616,0.11764705882352941,0.8823529411764706
2025-06-02,24716.599609375,-0.0013777230725331,-0.001448325741755,-0.0113815075228178,-0.009174002334782,0.0104430582646637,1.003160596335856,1.0225937549256712,1.0438491305449558,54.70438932267897,-0.0137857563965134,0.0295151453421775,-0.0032726348166616,0.0106132980030669,0.0114974922865973,0.763426215629256,50.0,0.4,0.22,0.6,0.56,0.66,0.6,0.52,0.1,0.14,-0.0020711780820383,-0.0154979862430784,0.0158176798233548,52.86879750695824,0.7964501709890095,0.0197178933584114,0.005374621558691,24542.5,-0.0070438333802584,0.0,0.001066009852932109,-0.006923734392051456,0.446078431372549,0.5539215686274509,0.003154637219275362,0.4117647058823529,0.5882352941176471
2025-06-03,24542.5,-0.0070438333802584,-0.0117220062316341,-0.0114274124786583,-0.005728446006803,0.0066818320741559,0.9964651377992356,1.0147782955151852,1.036120165639694,50.6386175612061,-0.0207324852056941,0.0222634121959346,0.0028200146046206,0.0110114935916558,0.0115935137095904,0.852263023057216,50.0,0.14,0.16,0.58,0.32,0.6,0.58,0.5,0.06,0.36,-0.006547859734971,-0.0190552604291788,0.0106608367864154,49.97761086105601,0.9542427692178744,0.0203949462493155,0.0039790047122595,24620.19921875,0.0031659048079861,1.0,-0.008458603746304789,-0.010666275093199177,0.10294117647058822,0.8970588235294118,0.003049343081328506,0.0,1.0
2025-06-04,24620.19921875,0.0031659048079861,-0.0052725783157325,-0.0053429056183992,-0.0077881151586927,0.0084294033370577,0.9996560437295636,1.0172732713058985,1.0389930924307864,52.3410460021076,-0.0176322174723021,0.0254998008476341,0.0007313525007639,0.0095029233967091,0.0116081616635877,0.6895112791182896,50.0,0.64,0.26,0.54,0.46,0.6,0.56,0.46,0.06,0.08,0.0017261527408527,-0.0115405998677317,0.0048413732800592,50.802764544566486,0.6762207171635535,0.0190265361599101,-0.0035880300569984,24750.900390625,0.0053086967621067,1.0,0.0042999169467628495,-0.0024608005631944103,0.6480392156862744,0.35196078431372546,0.0025918823329883524,0.7647058823529411,0.7647058823529411
2025-06-05,24750.900390625,0.0053086967621067,0.0013877629525134,-0.0033301341751028,0.0057376228217944,0.0196549198732622,1.0044881346501495,1.021765150455184,1.044046411156767,55.14359691077222,-0.0124171248059994,0.030943868319935,0.0028838109460109,0.0099427693754872,0.0115586419245805,0.956085072863332,50.0,0.64,0.32,0.7,0.52,0.64,0.62,0.5,0.2,0.18,0.0019209254168922,-0.0114656267200194,0.0220131196403989,51.40899040678967,0.8936026887831015,0.0188442548802904,0.0023581997671366,25003.05078125,0.0101875239545026,1.0,0.00755113823175117,0.00024300119797657064,0.7921568627450979,0.20784313725490194,0.004141512262136519,0.9411764705882353,0.9411764705882353
2025-06-06,25003.05078125,0.0101875239545026,0.0187654387796678,0.0101957346848944,0.0060314442341902,0.0414466336741918,1.0133006971817726,1.030873711292834,1.0541091118249182,60.02718057973716,-0.002356100607904,0.0187654387796678,-8.893300204282362e-05,0.0104474304441464,0.0113697932066193,0.8261126427727452,50.0,0.9,0.74,0.82,0.76,0.78,0.68,0.48,0.34,0.0,0.009018489762244,0.0071990572916305,0.0386335213633025,55.09773779487132,0.7805009046622033,0.0187671420032336,-0.0028131123108893,25103.19921875,0.0040054487100871,1.0,0.009262586151180594,0.013752335726213746,0.8431372549019607,0.1568627450980392,0.004253237966123965,0.8823529411764706,0.8823529411764706
2025-06-09,25103.19921875,0.0040054487100871,0.0196180378439896,0.0156412943319421,0.0040817653000186,0.0071615708752754,1.0156802191826315,1.0335840638498024,1.0577173811483696,61.80579135541008,0.0,0.0228460514923092,0.0062811866239447,0.0098833313811982,0.0076052073255415,0.6949336054658818,50.0,0.78,0.82,0.56,0.82,0.84,0.74,0.44,0.3,0.02,0.0054334525722384,0.0132282168366826,0.0032998140889901,55.756914671862646,0.7589866967402206,0.0179344677631428,-0.0038617567862853,25104.25,4.18584595869298e-05,1.0,0.004153891192921184,0.01674990969682204,0.6764705882352942,0.3235294117647059,0.0032867562594820067,0.7647058823529411,0.7647058823529411
2025-06-10,25104.25,4.18584595869298e-05,0.0142762325328915,0.0228888662524193,0.0111998932579258,0.0213968960073871,1.0142040615469583,1.0322660594804989,1.0571540638380914,61.82498459031922,0.0,0.0228888662524193,0.00369879399398,0.0095459022927961,0.0068265180883612,0.7760492954189605,50.0,0.54,0.94,0.74,0.82,0.9,0.74,0.46,0.3,0.14,0.0013329717049075,0.027248557379024,0.0182755308380426,57.6950180312311,0.9451733592966424,0.0177995897363009,-0.0031213651693444,25141.400390625,0.0014798446727146,1.0,0.003065980125006838,0.028609394243063295,0.5686274509803921,0.4313725490196078,0.004072264156684772,0.5882352941176471,0.5882352941176471
2025-06-11,25141.400390625,0.0014798446727146,0.0055333091383691,0.0211696569651664,0.0157136438676286,0.0192363042168175,1.014187997693181,1.0324254400868111,1.058100278213708,62.54168014306887,0.0,0.024402582891922,0.0011910489508748,0.0089353155105011,0.0068017056645654,0.7649232410193897,50.0,0.56,0.9,0.7,0.84,0.88,0.74,0.48,0.24,0.1,0.001514012823375,0.0253960210057635,0.017994080209425,58.24583305115392,0.8080072480972205,0.017578561261933,-0.0012422240073924,24888.19921875,-0.0100710846627866,0.0,-0.0004757282942930602,0.02370114442775803,0.5686274509803921,0.4313725490196078,0.002609813747664197,0.5882352941176471,0.5882352941176471
2025-06-12,24888.19921875,-0.0100710846627866,-0.008564645411387,0.0055472255941446,0.0021986184135136,-0.0069387798043843,1.0035941856581154,1.0211456945376134,1.046949816444798,54.96730297548737,-0.0100710846627866,0.0140857377508403,0.0009167678715937,0.0092298363846014,0.0062432435733333,0.8524173027989822,50.0,0.14,0.58,0.4,0.54,0.76,0.72,0.5,0.14,0.44,-0.0121220809028326,0.0059279531329557,-0.0075400613107295,52.844727845310295,1.0703896725210125,0.0178076880428489,-0.0006012815063451,24718.599609375,-0.0068144588479197,0.0,-0.012993950136340691,0.0028869849253068697,0.10686274509803921,0.8931372549019608,0.004330277121021606,0.058823529411764705,0.9411764705882353
2025-06-13,24718.599609375,-0.0068144588479197,-0.0153619562673651,-0.0113766585671342,-0.0012969172745909,-0.0120385119972946,0.99706335217862,1.0136232014409274,1.0394036360015948,50.551073937068594,-0.0168169145187178,0.0071752922226748,-0.0166825737411006,0.0098397462933814,0.0064050914055957,0.839921990301497,50.0,0.18,0.36,0.34,0.42,0.72,0.7,0.54,0.08,0.24,-0.0055489749399474,-0.0105925486411715,-0.0095506902320789,50.606932459252434,0.8630420246118906,0.0184098096649984,0.0024878217652156,24946.5,0.0092197937677085,1.0,-0.005874954622771314,-0.012086605010082739,0.1627450980392157,0.8372549019607842,0.0023544911558220655,0.23529411764705882,0.7647058823529411
2025-06-16,24946.5,0.0092197937677085,-0.007752169234681,-0.0062422011387679,0.0093014570878835,4.212316406038141e-05,1.005656883942409,1.022048009681302,1.0484756645885431,55.70147800480522,-0.007752169234681,0.0164612407048996,0.0005562612857237,0.0094769827520178,0.0067375874830123,0.8005969133297554,50.0,0.92,0.34,0.44,0.62,0.78,0.74,0.44,0.18,0.04,0.0103442451463448,-0.0065492503879823,-0.0027894732587062,54.43921249161507,0.8051576680902853,0.018356337787959,-0.0028315964227666,24853.400390625,-0.0037319707924959,0.0,0.010656124500994702,-0.005650677299184618,0.9019607843137255,0.0980392156862745,0.0034264564477172925,0.9411764705882353,0.9411764705882353
2025-06-17,24853.400390625,-0.0037319707924959,-0.001398205945683,-0.0099923164155472,0.0126678370428847,0.0068668240155584,1.0017221751095606,1.0175061893037327,1.044099818909889,53.260965990923815,-0.0114552091580146,0.0126678370428847,0.001256673656625,0.0096307547291799,0.00634077332018,0.6492654247411911,50.0,0.24,0.28,0.56,0.5,0.7,0.72,0.48,0.06,0.16,-0.0048951898193054,-0.0148011140945975,0.005210364508569,50.55386559237449,0.724220670341961,0.0186250177649075,-0.0016564595069894,24812.05078125,-0.0016637405234334,0.0,-0.007215372464271576,-0.015835628439517958,0.16176470588235295,0.8382352941176471,0.0029069044544941867,0.11764705882352941,0.8823529411764706
2025-06-18,24812.05078125,-0.0016637405234334,0.0037806013832417,-0.0130998911857674,0.0077924455767153,-5.6358045496640585e-05,1.000050276750042,1.0151837767888092,1.0419235166718084,52.16770414741013,-0.0130998911857674,0.0109830205256187,-0.002617379522624,0.0095944184847715,0.0062480820271138,0.6446186820043951,50.0,0.28,0.24,0.48,0.46,0.66,0.68,0.48,0.12,0.1,-0.0035926554884215,-0.0152712939154296,-0.0018867359430496,50.57445650756339,0.7302007487651365,0.0186590392681919,-0.001830377897553,24793.25,-0.0007577278241026,0.0,-0.0012341054925596303,-0.016631198310769056,0.35784313725490197,0.642156862745098,0.003224980307473947,0.4117647058823529,0.5882352941176471
2025-06-19,24793.25,-0.0007577278241026,-0.0061431463331529,-0.0038150296819573,0.001711033081893,0.0074584731661471,0.9993598476173968,1.013841443328457,1.0407080669215705,51.64859008825798,-0.0138476928578259,0.0102169705612713,-0.0003546978574077,0.0095531507621602,0.0059465565173023,0.7582388756195552,50.0,0.44,0.5,0.54,0.52,0.56,0.7,0.5,0.18,0.18,-0.0012575108650737,-0.0012841995296322,0.0074314021621312,50.70430162233595,0.8643625133503398,0.018389180076812,-2.707100401588836e-05,25112.400390625,0.0128724709598377,1.0,-0.001468313227147999,-0.005074548376814473,0.49215686274509807,0.5078431372549019,0.003996757030705655,0.47058823529411764,0.5294117647058824
2025-06-20,25112.400390625,0.0128724709598377,0.0104211092216459,0.0159313548288813,0.0043734506773469,0.0104312731354088,1.0110470193901313,1.025810276881296,1.0535373754999469,59.09057245226435,-0.0011534759221611,0.0232209591779566,-0.0002258521724662,0.0097852908935332,0.0062279062292005,1.5229287294794165,50.0,0.92,0.7,0.52,0.66,0.68,0.74,0.42,0.74,0.08,0.0100585779250963,0.0127015337299644,0.0068378166634842,55.22229638634344,1.4567770292163496,0.0181895118689638,-0.0035934564719245,24971.900390625,-0.0055948454872697,0.0,0.012463541538612021,0.013215888730247575,0.9558823529411765,0.04411764705882353,0.003858224319261519,1.0,1.0
2025-06-23,24971.900390625,-0.0055948454872697,0.0064424182742603,0.0010181945613612,-0.005230362352657,-0.001169946164196,1.004874496787182,1.0192687613648428,1.0471465867053558,55.071964062988286,-0.0067418678898731,0.0174961960120199,-0.0068751050452928,0.0096818867537174,0.0062345964931771,0.6632857333511277,50.0,0.3,0.4,0.42,0.54,0.72,0.7,0.46,0.08,0.12,-0.0051558831725697,-0.004346509698598,-0.0063934964836164,51.47428628385926,0.5973249779533707,0.0180635466708303,-0.0052235503194204,25044.349609375,0.0029012296868362,1.0,0.00012149566982474077,0.0026154464380624075,0.39705882352941174,0.6029411764705882,0.00449586284786446,0.47058823529411764,0.5294117647058824
2025-06-24,25044.349609375,0.0029012296868362,0.0101277407913444,0.0076830218701995,-0.0023860657309021,0.0087871038455311,1.007042751307336,1.0213356941920226,1.049660452311186,56.7069634822824,-0.0038601979103036,0.020448186182133,0.0083293620728235,0.0103155563909287,0.0060431651782914,1.213886080215706,50.0,0.66,0.66,0.52,0.64,0.76,0.7,0.46,0.34,0.26,0.0041960185332912,0.0059458958022325,0.003584491466001,52.80278300801366,1.086421011022218,0.0188496225688608,-0.0052026123795301,25244.75,0.0080018205204253,1.0,0.0038821137187329694,0.013776450220504347,0.634313725490196,0.36568627450980395,0.003583465513291985,0.5882352941176471,0.5882352941176471
2025-06-25,25244.75,0.0080018205204253,0.0052702890729796,0.0174390751721733,0.0041107339992698,0.0198889724769977,1.0136431218556694,1.0283182837435063,1.05744875033046,60.941142761338696,0.0,0.0286136294183558,0.0042324916259881,0.0100517385686981,0.0062115343751926,0.7452421465032816,50.0,0.82,0.78,0.64,0.78,0.78,0.72,0.48,0.12,0.02,0.0063696017551789,0.0151389294692186,0.0175498106858884,55.26083569974045,0.7814449877003822,0.018886716208556,-0.0023391617911092,25549.0,0.0120520108141297,1.0,0.007948938314075353,0.023007706242843554,0.8676470588235294,0.1323529411764706,0.0030235518333057015,0.9411764705882353,0.9411764705882353
2025-06-26,25549.0,0.0120520108141297,0.0231099596085069,0.0304820868583182,0.0265507671102285,0.0288077605292036,1.0233392642153911,1.0390527050778695,1.069446191021206,66.32587616044496,0.0,0.0410104920036671,0.0009585842105783,0.0098271969863232,0.0066733003958812,1.2120612671678064,50.0,0.84,0.84,0.72,0.84,0.86,0.72,0.42,0.52,0.12,0.0098983913869504,0.025188020884985,0.0253842006612782,59.73278765757712,1.1642013191150458,0.0183976449189189,-0.0034235598679254,25637.80078125,0.003475704773181,1.0,0.013161493884912204,0.03812292609629269,0.896078431372549,0.10392156862745097,0.003465401973274398,0.8823529411764706,0.8823529411764706
2025-06-27,25637.80078125,0.003475704773181,0.0236960105225831,0.0209219502099506,0.0371866200513388,0.0358414748068196,1.024272382566171,1.0409225740664676,1.0723825835179543,67.72446175241916,0.0,0.0446287371396556,0.0010822494275706,0.0097196056612747,0.0065898151572453,1.661927423275824,50.0,0.52,0.84,0.88,0.86,0.88,0.74,0.46,0.4,0.34,0.0010853409892832,0.0208751108720712,0.0321605645618271,60.14080904681829,1.320501273070354,0.0189027027936257,-0.0036809102449925,25517.05078125,-0.0047098423546652,0.0,0.004259771839873854,0.029670001168784252,0.5980392156862745,0.38235294117647056,0.006666194335399002,0.8235294117647058,0.8235294117647058
2025-06-30,25517.05078125,-0.0047098423546652,0.0107864320799373,0.0218305528252731,0.0228709751367928,0.0323851656184692,1.0175634783040783,1.0345586283535149,1.0666172306982484,63.84160323498923,-0.0047098423546652,0.039708700468575,0.0009302517629532,0.0099117132265922,0.0067148628064858,0.8032961821199905,50.0,0.4,0.84,0.82,0.74,0.78,0.74,0.48,0.06,0.16,-0.0054566655728299,0.0215469213603912,0.0297122924538711,60.47137071773588,0.7921118414466793,0.0189845705939777,-0.002672873164598,25541.80078125,0.0009699396772837,1.0,-0.0007688863746049207,0.02871584064377653,0.4294117647058823,0.5705882352941176,0.0045248663527934115,0.35294117647058826,0.6470588235294118
2025-07-01,25541.80078125,0.0009699396772837,-0.0002817808426944,0.019862810559424,0.0276984388375554,0.0407171551899765,1.0167541439278749,1.0341199127901202,1.0669335765035888,64.29348643788433,-0.0037444709403549,0.0374327418844822,0.0013441533043545,0.0097636802346958,0.0064027464078231,0.7830474874598264,50.0,0.48,0.8,0.82,0.7,0.78,0.72,0.54,0.1,0.1,-0.0004528469993745,0.0165524002236665,0.0428484523730956,58.084137909859166,0.8111642137553506,0.0188023708710996,0.0021312971831191,25453.400390625,-0.0034610085397696,0.0,0.0012086856824675553,0.025916571426877037,0.5166666666666666,0.4833333333333332,0.004484494516228828,0.5882352941176471,0.5882352941176471
2025-07-02,25453.400390625,-0.0034610085397696,-0.007192519834223,0.0082651002931302,0.0258483111706209,0.0338421783053835,1.0119595838168451,1.0293080343057952,1.0625722730919749,61.34460656020463,-0.007192519834223,0.0297266347148288,0.0018205450899191,0.0094020512165159,0.0065107195940398,0.9265046728971964,50.0,0.46,0.6,0.82,0.62,0.78,0.72,0.54,0.2,0.18,-0.0025376367172607,0.004084947814161,0.0379829506380161,56.48311862277591,0.880511468413373,0.0186117398100991,0.0041407723326326,25405.30078125,-0.0018897125192245,0.0,-1.6651128715384637e-05,0.017912065313491616,0.5176470588235295,0.48235294117647054,0.003859108633301498,0.47058823529411764,0.5294117647058824
2025-07-03,25405.30078125,-0.0018897125192245,-0.0043794246034934,-0.0056244557027672,0.0246861860082885,0.0264394579711075,1.009081698036188,1.0262617013474764,1.0599255739955518,59.73906851786323,-0.0090686405586721,0.0277807474018292,0.0020311321063821,0.008823663658669,0.0064988454667032,0.8901023890784983,50.0,0.42,0.46,0.76,0.66,0.72,0.74,0.52,0.16,0.12,-0.0014851502157171,-0.0038497985621038,0.0316781902089398,55.24846028370374,0.7846281561650452,0.0181256236768445,0.0052387322378322,25461.0,0.0021924250859925,1.0,-0.002190163328129552,0.002467029900310973,0.34215686274509804,0.657843137254902,0.0030422289681902507,0.23529411764705882,0.7647058823529411
2025-07-04,25461.0,0.0021924250859925,-0.0031634723777704,-0.0068960977877362,0.0138815726076564,0.0183157336581269,1.010207432431029,1.0273630024991085,1.0615918347960565,61.0116094494705,-0.0068960977877362,0.0300340796953331,0.0009269257753634,0.0084539638179119,0.0061622256223792,0.5999627930050849,50.0,0.58,0.42,0.62,0.66,0.78,0.72,0.44,0.04,0.02,0.0013075825264604,-0.0051804340435533,0.0127457965084919,54.34867884542785,0.5362091915595579,0.0174885630692735,-0.005569937149635,25461.30078125,1.1813410706551508e-05,1.0,-0.0026467297958073744,-0.004581124061693853,0.5617647058823529,0.43823529411764706,0.006646528445651094,0.6470588235294118,0.6470588235294118
2025-07-07,25461.30078125,1.1813410706551508e-05,0.0003103864514664,-0.0021848136165079,0.0195980435196967,0.0142651762980285,1.0092371032102556,1.0262733988813473,1.060954033418407,61.01877467340441,-0.006884365843465,0.0300462479109584,-0.0004143899002395,0.0082131603303516,0.0061217558876955,0.6159596689334569,50.0,0.44,0.42,0.58,0.68,0.82,0.74,0.4,0.04,0.02,-0.0008412051269368,-0.0067582954353971,0.0035553604689885,54.18922040441013,0.5317927867311067,0.0173901513834334,-0.01070981582904,25522.5,0.0024036171315751,1.0,-0.0019886433619204767,-0.005682000270350145,0.42156862745098034,0.5784313725490196,0.0027550967644889898,0.4117647058823529,0.5882352941176471
2025-07-08,25522.5,0.0024036171315751,0.0046131797359587,-0.0007556546781998,0.0190921464555027,0.0166605256082137,1.0105404603844856,1.0275820150896726,1.062832575726899,62.52775632585916,-0.0044972960915713,0.0325220847187519,-0.0013138045130685,0.0079886018376642,0.0061306322960304,0.6710895636642,50.0,0.52,0.46,0.52,0.7,0.76,0.78,0.42,0.06,0.08,0.0023703347429724,-0.0022629637229364,0.0081611455660748,54.522862706680215,0.6747620173960542,0.0177067161170322,-0.0084993800421389,25476.099609375,-0.0018180190273288,0.0,0.0002758063906993962,-0.006627874410397685,0.5843137254901961,0.4156862745098039,0.003725981516275027,0.6470588235294118,0.6470588235294118
2025-07-09,25476.099609375,-0.0018180190273288,0.0005930485595617,0.0008917951394171,0.0091642662088156,0.0133126720687686,1.0078678733716628,1.024680577546317,1.0602578378431249,60.61196895138957,-0.0063071389490341,0.0306449399225958,-0.0003095461112743,0.0079881527614823,0.0061569332632323,0.7702591691767473,50.0,0.44,0.52,0.58,0.6,0.76,0.78,0.42,0.1,0.12,-0.0014595615572131,0.0003350768579726,0.0025744679914163,54.2068735815216,0.6782676259290388,0.0180768334873765,-0.0107382040773522,25355.25,-0.004743646446198,0.0,-0.002485190820432666,-0.008950296877923094,0.35294117647058826,0.6470588235294118,0.0035949379037112325,0.4117647058823529,0.5882352941176471
2025-07-10,25355.25,-0.004743646446198,-0.0041651753051084,-0.0019700920560223,-0.0075834670632901,0.0187659531790527,1.002792092759749,1.0190278165883058,1.054648782239334,55.81533787047571,-0.0110208665579709,0.0257559247160401,0.0013954562038578,0.0075502830228876,0.0057704598380303,0.7200472162108991,50.0,0.22,0.34,0.64,0.54,0.72,0.72,0.48,0.0,0.14,-0.0042547215366752,-0.0038569448363021,0.0130958717658307,52.90587172015637,0.7576531202212133,0.017369001019226,-0.005670081413222,25149.849609375,-0.008100901810276,0.0,-0.005435839025594587,-0.012278920082239702,0.18627450980392157,0.8137254901960783,0.0030341645340836217,0.11764705882352941,0.8823529411764706
2025-07-11,25149.849609375,-0.008100901810276,-0.014600857699089,-0.012220666534111,-0.0190324894103967,0.0174463766886066,0.9951738769939724,1.0103459398822698,1.045625486984036,48.75340513349062,-0.0190324894103967,0.0143829312161576,-0.0039340964888928,0.0074378451278769,0.0058678623326145,0.8290636555074699,50.0,0.24,0.28,0.64,0.4,0.6,0.66,0.48,0.04,0.2,-0.0066228130880685,-0.0125882644080372,0.0123060180575392,48.802977158762246,0.750577971193622,0.0179159532022649,-0.0051403586310673,25082.30078125,-0.0026858541571485,0.0,-0.007886458596540987,-0.017323599100789754,0.18333333333333335,0.8166666666666667,0.004553799511498613,0.17647058823529413,0.8235294117647058
2025-07-14,25082.30078125,-0.0026858541571485,-0.015457579227712,-0.0148853353273725,-0.017037627260571,0.0054436807267552,0.9932103278658512,1.0073307980835842,1.0423729961116897,46.66247728261689,-0.0216672250767413,0.0116584466034102,-1.390105230969496e-05,0.0068978667837751,0.0055739776357912,0.8672258797580457,50.0,0.44,0.28,0.52,0.4,0.66,0.64,0.48,0.1,0.18,-0.0008053055550031,-0.012062323845149,0.0020832574746549,48.3734737287076,0.746599071858177,0.0176618699925543,-0.0033604232521002,25195.80078125,0.0045251032187942,1.0,0.0005076067629471641,-0.014855441599226686,0.4754901960784313,0.5245098039215685,0.002707155309217393,0.4117647058823529,0.5882352941176471
2025-07-15,25195.80078125,0.0045251032187942,-0.0062886076354995,-0.0128004395631305,-0.0135464215292915,0.013776802580067,0.9979228523765048,1.011417512447055,1.0465994514389978,50.50370054123229,-0.0172401682878842,0.0162363054964556,0.0002870238584884,0.0066979654325635,0.0055664840242955,0.806551349544581,50.0,0.7,0.38,0.7,0.46,0.66,0.72,0.58,0.16,0.08,0.0064821962338178,-0.007704715604143,0.019637574388042,51.5126683513363,0.7871570973721149,0.0173306336507809,0.0058607718079749,25212.05078125,0.0006449487413033,1.0,0.0036338720444905417,-0.011624559767613125,0.6450980392156863,0.35490196078431374,0.0043247399237236455,0.6470588235294118,0.6470588235294118
2025-07-16,25212.05078125,0.0006449487413033,0.0024732224184678,-0.0103645704080946,-0.0094820183421895,0.0161211986677969,0.9987028118418464,1.0115910120992253,1.0467820559243282,51.04727094755348,-0.0166063385714179,0.0168917258225524,3.1704811922272924e-05,0.00616583733575,0.0055387763553208,0.765896195624885,50.0,0.4,0.28,0.7,0.5,0.72,0.7,0.54,0.16,0.14,-0.0011379867660543,-0.0084963748095978,0.0214796988454946,51.166670228382,0.7814567924333432,0.0163197154521524,0.0053585001776976,25111.44921875,-0.0039902173517283,0.0,-0.0005400553148816218,-0.009788842897361715,0.4862745098039215,0.49411764705882344,0.0032868602659246343,0.5294117647058824,0.5294117647058824
2025-07-17,25111.44921875,-0.0039902173517283,0.0011621117916658,-0.0096153964662151,-0.0115665453060438,0.0128341068133464,0.9952184345643804,1.0072561377799858,1.0421633615823458,47.56467080666373,-0.0205302930228299,0.0055882342129391,0.0007416778155906,0.0062096001625965,0.0056334229688604,0.8190460166568521,50.0,0.38,0.36,0.7,0.46,0.66,0.66,0.62,0.02,0.24,-0.0029907019097034,-0.0038284344233583,0.0228175535851352,50.42251154668374,0.7864180149397726,0.0158128412793098,0.0099834467717888,24968.400390625,-0.0056965580472427,0.0,-0.001353436804510519,-0.005725151005257027,0.41666666666666663,0.5833333333333333,0.0026964929894939546,0.47058823529411764,0.5294117647058824
2025-07-18,24968.400390625,-0.0056965580472427,-0.0090253289664928,-0.0072147238082235,-0.0193472216085385,-0.0057342188623974,0.9905350166550716,1.0014586188692265,1.035853229849206,43.06557167403083,-0.0261098990641412,0.0,-0.0001154229481042,0.0063307139771211,0.0050090922818059,1.1150585669562771,50.0,0.3,0.5,0.54,0.48,0.6,0.62,0.64,0.12,0.18,-0.0045011446682106,-0.0007553620802134,0.003047300323281,49.40076794486835,0.8384498901559303,0.016564636702726,0.0087815191856784,25090.69921875,0.0048981443028652,1.0,-0.00576787267933128,-0.0035464923626161472,0.2068627450980392,0.7931372549019609,0.003834778069364539,0.17647058823529413,0.8235294117647058
2025-07-21,25090.69921875,0.0048981443028652,-0.0048132364777818,0.0003348352120184,-0.0145554842497644,0.0047573002561551,0.9958243178789256,1.006112817144781,1.040503260436467,47.62671342785274,-0.0213396448146253,0.0048981443028652,0.0012255334301067,0.0066912933931013,0.0049720122602523,1.06295167609926,50.0,0.62,0.58,0.58,0.48,0.62,0.66,0.54,0.18,0.1,0.0013469290444252,0.0037113294879262,0.0164521673762676,50.10878253644274,0.7878410638781914,0.0163876755546798,0.0116948671201124,25060.900390625,-0.0011876443882732,0.0,0.006034305732628312,0.0018436951762057017,0.7107843137254901,0.2892156862745098,0.003545366851332716,0.7058823529411765,0.7058823529411765
2025-07-22,25060.900390625,-0.0011876443882732,-0.00201297932607,-0.005354082285227,-0.0180859872416495,0.0006608588966432,0.9951494780880894,1.004724142479028,1.0388616069939542,46.64614935509851,-0.0225019452934868,0.0037046826609978,0.003027064778579,0.0064629670487852,0.0049411872659041,1.674861495844875,50.0,0.36,0.3,0.5,0.36,0.56,0.62,0.5,0.08,0.2,-0.0034226984963378,-0.008536453213114,0.0018055066588735,48.008805050381085,0.8584046939853769,0.0164246400172661,0.0011446477622303,25219.900390625,0.0063445445902445,1.0,0.002213892802158935,0.0005739177600200688,0.36666666666666664,0.6333333333333333,0.0033721643953078012,0.35294117647058826,0.6470588235294118
2025-07-23,25219.900390625,0.0063445445902445,0.0100727317755779,0.0003113435492854,-0.0100564538009468,-0.0009843476118797,1.0013237068745735,1.0106587789053825,1.0449801020428022,52.2904868164586,-0.0163001652985238,0.0100727317755779,0.0031303431850895,0.0063356941265391,0.0048129536613632,0.9383262195648792,50.0,0.76,0.42,0.52,0.48,0.66,0.62,0.52,0.16,0.06,0.0053821974413313,-0.0048003631746401,0.0043101954400525,50.911316462522365,0.7818653582746005,0.0166829867981134,0.0052945430519322,25062.099609375,-0.006256994627491,0.0,0.003910380964840024,0.0052022420346020636,0.6941176470588236,0.30588235294117644,0.0025971504363674442,0.7647058823529411,0.7647058823529411
2025-07-24,25062.099609375,-0.006256994627491,-0.0011398490383093,-0.0019652234701831,-0.0115617235335877,-0.019057512647266,0.9955269504194514,1.0041643807739444,1.0380446107861123,46.97865309389378,-0.0224551698793148,0.0037527121194829,0.0009278542049158,0.0066291026091272,0.0040772994817932,1.189109484438359,50.0,0.28,0.4,0.42,0.42,0.56,0.64,0.54,0.14,0.22,-0.00506569261058,-0.0052232736811296,-0.0147677726121028,48.78044239129282,0.8257155334229775,0.0168911498671539,0.0042897400351632,24837.0,-0.0089816740370306,0.0,-0.002864930115176592,0.0041613733212193475,0.3107843137254902,0.6696078431372549,0.005517062312365088,0.29411764705882354,0.7058823529411765
2025-07-25,24837.0,-0.0089816740370306,-0.0089342516483867,-0.0052626675545597,-0.0124394226698827,-0.0312351589000433,0.9878475021296608,0.9953347957134296,1.028427324990809,40.63711089796766,-0.0275940129392673,0.0,-0.0020648708929654,0.0071872852066904,0.0043099168335302,1.0279441117764472,50.0,0.14,0.3,0.2,0.24,0.4,0.56,0.52,0.06,0.28,-0.0099640342128889,-0.0176964412503011,-0.0294776840339137,43.10298097625237,0.9011028589008668,0.0170370719398596,0.0017574748661295,24680.900390625,-0.0062849623293875,0.0,-0.00973225528376603,0.000318625791090162,0.12745098039215688,0.8725490196078431,0.00420838479506862,0.11764705882352941,0.8823529411764706
2025-07-28,24680.900390625,-0.0062849623293875,-0.0213720114533189,-0.0163326986048584,-0.0160033321554401,-0.0327683006078196,0.9833584917065064,0.9895029269217284,1.021740402495928,36.9156255315168,-0.033705547936815,0.0,-0.0021963514615291,0.0075762680997893,0.0043839406093316,0.9703993039486106,50.0,0.32,0.2,0.28,0.22,0.38,0.56,0.46,0.12,0.28,-0.0059624393181976,-0.0239624621915807,-0.0350941762740509,41.36275442321772,0.9519378368932933,0.0171460960716689,-0.0023258756662313,24821.099609375,0.0056804742343701,1.0,-0.007774728900268254,-0.013931611959998662,0.21764705882352936,0.7823529411764705,0.005462974965941587,0.17647058823529413,0.8235294117647058
2025-07-29,24821.099609375,0.0056804742343701,-0.0096161137237619,-0.0095687216944411,-0.0148715722563516,-0.0282165371990552,0.9899868022963604,0.995314101339826,1.0272628271534487,42.04878219312465,-0.0274816491576059,0.0056804742343701,-0.0028868476786634,0.0078908925737673,0.0046508195263129,1.0494111575959748,50.0,0.72,0.36,0.32,0.32,0.44,0.6,0.52,0.32,0.1,0.0048954406787314,-0.0147126358785526,-0.0269878158768284,45.00180908734272,0.8788421976099734,0.0175216167998994,0.0012287213222268,24855.05078125,0.0013678351245234,1.0,0.0064932312718806355,-0.009955667416485429,0.7068627450980393,0.2931372549019608,0.0032278421524766314,0.8235294117647058,0.8235294117647058
2025-07-30,24855.05078125,0.0013678351245234,0.0007267697890245,-0.0144667347500954,-0.0141598953253536,-0.0235076492803446,0.9921591471674028,0.9968054819465202,1.028374606114483,43.252984900841085,-0.0261514043980801,0.0070560793110754,0.0027920109237957,0.0077270837562186,0.0046645971957485,0.9100746268656716,50.0,0.46,0.28,0.26,0.38,0.42,0.58,0.5,0.18,0.14,-0.0008018561368977,-0.0164720638313936,-0.0223560192466998,45.29516586267562,0.8447650773929802,0.0174181009003926,0.0011516300336447,24768.349609375,-0.0034882717656889,0.0,0.001843062561968573,-0.011991483117490695,0.4372549019607843,0.5627450980392157,0.0037448666292129737,0.35294117647058826,0.6470588235294118
2025-07-31,24768.349609375,-0.0034882717656889,0.0035431940231491,-0.0117208855035479,-0.0136630748144482,-0.025071585546631,0.9897635677351811,0.993588309211798,1.024534664414677,40.91483312731572,-0.0295484529581742,0.0035431940231491,-0.0085616715541185,0.0080288203984768,0.004691048366364,1.2795359234421475,50.0,0.26,0.3,0.22,0.28,0.38,0.58,0.5,0.14,0.44,-0.0039383020419981,-0.0163639996199375,-0.0208895460964043,43.79842546768489,1.1067533174674726,0.0179005375210047,0.0041820394502266,24565.349609375,-0.0081959437427822,0.0,-0.006155764216906202,-0.01525905272203513,0.21764705882352942,0.7823529411764705,0.003948883750242723,0.17647058823529413,0.8235294117647058
2025-08-01,24565.349609375,-0.0081959437427822,-0.0103037336792042,-0.0109373269970205,-0.0161424350356594,-0.0351773453762617,0.9833699347759092,0.9860077163377964,1.0159744973698126,36.00690532484156,-0.0375022192428249,0.0,-0.001350482340468,0.0083857898937638,0.0048609096810042,0.9608229371853796,50.0,0.24,0.28,0.14,0.18,0.3,0.54,0.48,0.14,0.32,-0.0111165500327558,-0.0172389202418754,-0.0369129041630973,39.30017572173767,0.9227704127781792,0.0198613057678923,-0.0017355587868356,24722.75,0.0064074150430544,1.0,-0.011562291781253856,-0.017019017719655083,0.19117647058823528,0.8088235294117647,0.004598745279881418,0.11764705882352941,0.8823529411764706
2025-08-04,24722.75,0.0064074150430544,-0.0053228932185407,0.0016956273358201,-0.0146647654392603,-0.029006796926647,0.9906453254747576,0.9926242188703068,1.0222555644862643,41.83313364666909,-0.0313350964834949,0.0064074150430544,0.0012497754912179,0.0083883109668365,0.0051844357759975,0.9350883519653804,50.0,0.86,0.48,0.28,0.3,0.38,0.54,0.52,0.26,0.04,0.0100529538390971,-0.0011713953752679,-0.0272833512727088,44.2756160556968,0.8517560069471466,0.0199553050469398,0.0017234456539382,24649.55078125,-0.0029608040671041,0.0,0.012729319823808304,0.003201303209351375,0.9068627450980392,0.09313725490196079,0.004352430850100456,0.8823529411764706,0.8823529411764706
2025-08-05,24649.55078125,-0.0029608040671041,-0.0047963966109406,-0.0069114112921977,-0.0164139996154679,-0.0342031234694877,0.9888694579630246,0.99008574261059,1.0190338922600992,40.00883628523377,-0.0324440884122165,0.0034276398754311,-0.0001011214367333,0.0084379933485005,0.0051124066976384,0.9013136700433118,50.0,0.5,0.54,0.26,0.34,0.38,0.56,0.54,0.24,0.14,-9.648437818632338e-05,0.0027054848891659,-0.0260637576314643,45.01942485614769,0.8531735701652563,0.0202500270058269,0.0081393658380233,24574.19921875,-0.0030569142281212,0.0,-0.0012526665834958328,-0.004428099271626388,0.45490196078431366,0.5450980392156862,0.003004779100568498,0.4117647058823529,0.5882352941176471
2025-08-06,24574.19921875,-0.0030569142281212,0.0003602476462059,-0.0112995770948843,-0.0256028438603598,-0.0354018238448521,0.9871772302723896,0.9875603073465504,1.0157579011173763,38.16383067098533,-0.0308043021169185,0.0003602476462059,-0.0003327108046625,0.0084489019622492,0.0051210766228119,0.8077654573509886,50.0,0.24,0.36,0.2,0.3,0.38,0.56,0.5,0.08,0.18,-0.0048438719617264,-0.0067222475455143,-0.0360071735290444,44.37490219333492,0.8012096544909512,0.0204336141518248,-0.0006053496841922,24596.150390625,0.0008932609229541,1.0,-0.003890255961117587,-0.0100932703683069,0.24509803921568624,0.7549019607843137,0.002845987076172004,0.17647058823529413,0.8235294117647058
2025-08-07,24596.150390625,0.0008932609229541,-0.0051207737559535,-0.0069523897016061,-0.0185917870414856,-0.0299385574733043,0.9891839713149556,0.9888906582181474,1.016496679161195,39.045684014607296,-0.0247324529573426,0.0012538303643048,-0.0044762394501982,0.0086275104094203,0.0051049447185729,2.0658236328615693,50.0,0.6,0.52,0.24,0.3,0.36,0.58,0.54,0.22,0.14,0.0025076097992863,0.0008336078838444,-0.0224024671482042,44.704033377336415,0.8527999559242937,0.0203702419873398,0.0075360903251,24363.30078125,-0.0094669127354072,0.0,-0.0008798274516814735,-0.00486637302955886,0.5049019607843137,0.4754901960784313,0.0034544441851272153,0.47058823529411764,0.5294117647058824
2025-08-08,24363.30078125,-0.0094669127354072,-0.011612787695009,-0.0082249522737462,-0.0190723202782139,-0.0312744942948606,0.9817062500401575,0.9803159020848392,1.0068047344327578,33.575750972947816,-0.0339652257188701,0.0,-0.0021101021826888,0.008796604185136,0.0052059589765567,1.0362831711723657,50.0,0.18,0.46,0.28,0.26,0.3,0.52,0.56,0.08,0.2,-0.008730165235783,-0.0043649748336136,-0.0235790463298045,41.78866371563065,0.8685658377208386,0.0205414105826844,0.007695447965056,24585.05078125,0.0091018044718578,1.0,-0.00927933740856178,-0.002612394457100277,0.18823529411764706,0.8117647058823528,0.004262577056913554,0.11764705882352941,0.8823529411764706
2025-08-11,24585.05078125,0.0091018044718578,0.0004415835650799,-0.0055697371348252,-0.0038835539975441,-0.0198247363484179,0.9915252761225144,0.989656198291556,1.015807072385358,41.92035488205784,-0.0251725660903479,0.0091018044718578,0.0003365397334136,0.0090279936783774,0.005715815092906,0.8017024955525629,50.0,0.92,0.4,0.38,0.4,0.42,0.56,0.56,0.2,0.0,0.0075405664868158,-0.0050375973008713,-0.0105037303244484,46.38080213675157,0.7601054174037594,0.0210765705193636,0.0093210060239695,24487.400390625,-0.0039719417907191,0.0,0.011575048817524206,-0.003920606032979077,0.8431372549019608,0.12745098039215688,0.0030311000161771565,0.8823529411764706,0.8823529411764706
2025-08-12,24487.400390625,-0.0039719417907191,-0.0044214236078768,-0.0065782290340293,-0.0134441754797987,-0.0281158117090754,0.9887558936717448,0.9862774502559508,1.0116538429486892,39.56331573504213,-0.0290445239138332,0.005093710843586,-0.0008826978666056,0.009251700061722,0.0055992858367894,0.7886330360708106,50.0,0.38,0.4,0.3,0.42,0.4,0.56,0.54,0.22,0.2,-0.0026255260319408,-0.004425638654065,-0.0153118018813345,45.80946814927685,0.8714506254401178,0.0212752813820222,0.0128040098277408,24619.349609375,0.0053884535167121,1.0,-0.0013487442291556047,-0.004037641825752983,0.41764705882352937,0.5823529411764706,0.003974724823168366,0.47058823529411764,0.5294117647058824
2025-08-13,24619.349609375,0.0053884535167121,0.0105096115844063,0.0018373087246135,-0.0094830291818517,-0.023508645806623,0.9946441926449257,0.9919190229757204,1.0169320109024735,44.1342502385448,-0.0238125754641458,0.0105096115844063,0.004034680143623,0.0090558873138822,0.0057881882678236,0.7843658601435788,50.0,0.76,0.64,0.34,0.52,0.46,0.58,0.6,0.22,0.02,0.0052632793162195,0.0080224464621005,-0.0084759549120875,48.90507842675436,0.7946477282033895,0.0208699265034828,0.0150326908945355,24631.30078125,0.000485438164071,1.0,0.007627360168810447,0.007533146377208304,0.7019607843137255,0.2980392156862745,0.0051214268288826545,0.7647058823529411,0.7647058823529411
2025-08-14,24631.30078125,0.000485438164071,0.0018812245055548,0.0014291013051537,-0.0055332240656489,-0.0191206980257231,0.9955890761155628,0.9926963798189922,1.0172492879249182,44.54336601487869,-0.0233386968329898,0.0110001515150299,-0.0004914674663213,0.0085324093674273,0.005759980307034,0.8940506915492026,50.0,0.48,0.6,0.34,0.44,0.44,0.54,0.52,0.22,0.1,-0.003004089529715,0.0076214520977447,-0.0141156462585034,48.338858980550754,0.8576386070589839,0.019548029133956,0.0050050517672197,24876.94921875,0.0099730192766349,1.0,-0.0010486093152055952,0.00737371031486713,0.4745098039215686,0.5254901960784314,0.0034669057316033935,0.5294117647058824,0.5294117647058824
2025-08-18,24876.94921875,0.0099730192766349,0.0159081332403965,0.0210828755147702,0.0126845175961216,-0.0036626764407918,1.0049899489512375,1.0024944800677211,1.0271143633927051,52.27903702577672,-0.0135984348297618,0.0210828755147702,0.0124596926579541,0.0088733905071553,0.0061337996529832,1.1923487398407355,50.0,0.78,0.9,0.48,0.6,0.54,0.64,0.5,0.6,0.08,0.0119488754242575,0.027577532195569,-0.0031891731005491,53.38882809178052,1.189004720209297,0.0196832596179924,0.0004735033402427,24980.650390625,0.0041685646806257,1.0,0.0122708172311447,0.029230465881259077,0.7058823529411765,0.29411764705882354,0.005153066473581417,0.6470588235294118,0.6470588235294118
2025-08-19,24980.650390625,0.0041685646806257,0.0146754803430069,0.0160910633414963,0.0104317032136391,-0.004386040706381,1.008297839981567,1.0064100619602876,1.0310738510826107,55.12484004969343,-0.0094865561042792,0.0253393255256328,0.0005788648157125,0.0085224556224884,0.0061041976585922,0.8357625546574798,50.0,0.56,0.84,0.46,0.64,0.56,0.64,0.5,0.24,0.12,0.0014227589958948,0.0222494780994559,-0.0044130708622245,52.172901631127246,0.8245167864304498,0.0197868121148243,-2.7030155843488224e-05,25050.55078125,0.0027981813736617,1.0,0.005762984342249096,0.023288334546992175,0.5617647058823528,0.438235294117647,0.004153209967011501,0.5882352941176471,0.5882352941176471
2025-08-20,25050.55078125,0.0027981813736617,0.0170210255529479,0.0229975571780416,0.016268044945672,-0.0004129783532785,1.0100496226560396,1.008861162809472,1.033609725664685,56.986831551326105,-0.0067149198352088,0.0282084109280014,-0.0005944444657283,0.0085803622928789,0.0061353123920396,0.9830508474576272,50.0,0.52,0.88,0.54,0.7,0.56,0.66,0.54,0.28,0.1,0.0008657132479243,0.0281648559533169,0.0038643792885419,54.24891905498188,0.8693336773554798,0.019784162577751,0.0042773576418205,25083.75,0.0013252889742787,1.0,0.003368340660795936,0.028217870311070488,0.5784313725490196,0.4215686274509804,0.0041699800573676005,0.6470588235294118,0.6470588235294118
2025-08-21,25083.75,0.0013252889742787,0.0083129478390433,0.0188632274204416,0.0207351937173689,-0.0053985300701508,1.01029247377528,1.0097943491078276,1.0346194524581476,57.88072452069734,0.0,0.029571084198265,0.0036505871487044,0.0079470881920566,0.0059622266353701,0.7815734989648033,50.0,0.46,0.8,0.48,0.72,0.64,0.66,0.48,0.22,0.14,-0.0007570584154879,0.0202385025179809,-0.0069807804967999,53.77509888655455,0.8451495261502888,0.0195211671193393,-0.001582250426649,24870.099609375,-0.0085174820600987,0.0,-0.0009871244546455753,0.019432503546571347,0.4598039215686274,0.5401960784313725,0.0034961020600375275,0.4117647058823529,0.5882352941176471
2025-08-22,24870.099609375,-0.0085174820600987,-0.004425456484171,0.0096949337043044,0.0111378900518683,-0.007660970269553,1.001526382777359,1.0011465884727997,1.0255437534643628,50.59383482021025,-0.0085174820600987,0.02080173095901,-0.0007813667962326,0.0079481513974223,0.0061018102811936,0.7417732686369651,50.0,0.14,0.7,0.52,0.56,0.52,0.62,0.56,0.04,0.14,-0.007915579186066,0.011398929315626,0.0011338083641634,49.95892980202736,0.7057988775972104,0.0187863415226406,0.0087947786337164,24967.75,0.0039264173509054,1.0,-0.008458023215055722,0.01180697632398453,0.22549019607843135,0.7598039215686274,0.002501127667136335,0.23529411764705882,0.7647058823529411
2025-08-25,24967.75,0.0039264173509054,-0.0033053477335905,0.0036499966475616,0.0248098245872818,0.005264323388493,1.0049363419331736,1.004877418673678,1.029267621242543,53.476758720416846,-0.0046245078985398,0.0248098245872818,0.0031785470300329,0.0078289553792249,0.0058187235655584,0.7603884049692988,50.0,0.64,0.52,0.62,0.68,0.56,0.62,0.58,0.14,0.04,0.0022214468383199,0.0030118601807174,0.0115473162760687,52.17517747254858,0.7886323265668909,0.018843687579721,0.0062829928875757,24712.05078125,-0.0102411798720348,0.0,0.002466355661471419,0.00203361315186219,0.6127450980392157,0.38725490196078427,0.0024960554963429954,0.6470588235294118,0.6470588235294118
2025-08-26,24712.05078125,-0.0102411798720348,-0.0148183273533661,-0.0107523064922201,0.0051657408044427,0.0012621253735471,0.9951521728469408,0.9947974861938256,1.018536916926312,45.92062070464328,-0.0148183273533661,0.0143145628390548,-0.002733526248861,0.0083011875961055,0.0061133870967235,2.464372496223813,50.0,0.16,0.24,0.58,0.42,0.42,0.6,0.56,0.16,0.58,-0.0127850706873227,-0.0159644630956415,0.0084446796413523,46.40725601286477,1.2279114313550978,0.0191848120476137,0.0071825542678051,24500.900390625,-0.0085444301039235,0.0,-0.011374891952409634,-0.014956645274138772,0.11470588235294117,0.8852941176470589,0.004478367594002121,0.11764705882352941,0.8823529411764706
2025-08-28,24500.900390625,-0.0085444301039235,-0.0148451041430821,-0.0219416489251966,0.0005513039271072,-0.0129002833794301,0.9879052942739608,0.9868277830841335,1.0097352950802134,40.79455491107537,-0.0232361432949619,0.0056478229534848,-0.0006575739158131,0.0086591604055367,0.0062534974701087,1.0651099841831493,50.0,0.26,0.14,0.46,0.36,0.34,0.58,0.58,0.18,0.4,-0.0060836913455585,-0.0239838099013882,-0.0090193970941554,44.45426005954003,1.0818284114846834,0.019488830846834,0.0038808862852747,24426.849609375,-0.0030223697933294,0.0,-0.004695181963251953,-0.02290199117340716,0.3088235294117647,0.6323529411764706,0.0033049158896663036,0.23529411764705882,0.75
2025-08-29,24426.849609375,-0.0030223697933294,-0.0216639621361556,-0.0261882848706832,-0.0078190530235086,-0.0172279338973639,0.9863360945858468,0.984468905937102,1.0066165591036254,39.14424033865326,-0.0261882848706832,0.0026083833506627,-0.0013959148982167,0.008327786809809,0.0062567150201952,1.0475837986579342,50.0,0.48,0.1,0.44,0.32,0.32,0.56,0.58,0.3,0.14,-0.0008573543131328,-0.0251531062503895,-0.0075431865832272,44.20972020865002,0.9352924397621588,0.0190732377809838,0.0096847473141367,24625.05078125,0.0081140701746054,1.0,0.00017171712383046947,-0.021800191749858366,0.5068627450980392,0.49313725490196075,0.0043002548346281425,0.4117647058823529,0.5882352941176471
2025-09-01,24625.05078125,0.0081140701746054,-0.0035205495800457,-0.0098531502476422,-0.0002537421817672,-0.0057855622350695,0.9948756470326648,0.9927506169739366,1.0146350559478654,45.49940798875656,-0.0182867082772711,0.0107436181308175,0.0002394745727978,0.0081160150345048,0.0065310782712883,0.7521361914289931,50.0,0.84,0.44,0.54,0.52,0.4,0.62,0.58,0.12,0.06,0.0115609302140637,-0.0035171540631724,0.0032239781181392,49.66619638189157,0.6675342897053129,0.0194081528936612,0.0090095403532087,24579.599609375,-0.0018457290617897,0.0,0.011743603290736516,-0.0018996630093134296,0.7990196078431372,0.20098039215686275,0.004184843589480502,0.8823529411764706,0.8823529411764706
2025-09-02,24579.599609375,-0.0018457290617897,0.0032120949636655,-0.0155460700553714,-0.0119528165113945,0.000580085373365,0.993698115072482,0.9912713059574552,1.0126337219999624,44.35548649233296,-0.020098685030149,0.008878059260815,0.0011349913142628,0.0080739184604138,0.0062747961246118,0.8896896241094095,50.0,0.54,0.32,0.7,0.56,0.42,0.62,0.7,0.22,0.06,0.0007586226186,-0.0088504218585281,0.0205337552589756,50.114744164069855,0.8312399059810553,0.0186335011573874,0.0199536698856105,24715.05078125,0.005510715147017,1.0,0.0009278589003322094,-0.003421236220237033,0.5725490196078431,0.42745098039215684,0.0031309461666554597,0.5294117647058824,0.5294117647058824
2025-09-03,24715.05078125,0.005510715147017,0.0117985403964819,0.0001213982613808,-0.0106322135421532,-0.0003114224246898,0.9992527004677536,0.99686159936481,1.0180295560063988,48.51013770913215,-0.0146987280111625,0.0144376988634769,0.0015012608509263,0.0079340142356051,0.006230006465772,1.1001373959427787,50.0,0.72,0.6,0.6,0.62,0.5,0.62,0.6,0.24,0.08,0.0056516076332624,0.0085522469919172,0.0161225124369287,51.1827522104452,0.8389178994001799,0.0186423038610418,0.0164339348616185,24734.30078125,0.0007788776228048,1.0,0.006858539511713207,0.014977487377597942,0.7127450980392157,0.28725490196078435,0.003282149370084393,0.7647058823529411,0.7647058823529411
2025-09-04,24734.30078125,0.0007788776228048,0.0044365390743958,0.0095261964623269,-0.0126244729212384,0.0034381965315353,1.0000280439494915,0.9977304485119292,1.0186316986244834,49.09188171325081,-0.0139312988986893,0.0152278216868513,0.0107505026431737,0.0082033399748266,0.0061923814600104,1.0053130200998592,50.0,0.38,0.72,0.62,0.46,0.48,0.62,0.6,0.26,0.22,-0.00326916767813,0.009510347767884,0.0102386174702653,48.20759638999658,0.9517830970562472,0.0192663711378931,0.00680042093873,24741.0,0.0002708473067116,1.0,-0.002563588671214397,0.01713805659944431,0.3676470588235294,0.6323529411764706,0.00582169353866532,0.35294117647058826,0.6470588235294118
2025-09-05,24741.0,0.0002708473067116,0.0065664369310327,0.0128608639938745,-0.0136642248467633,0.0067876385214102,1.000270424596457,0.9980789351583822,1.0187159359028388,49.30653634290071,-0.0136642248467633,0.015502793408054,0.0034182825248527,0.008587983788838,0.0061450772493612,0.6740671821360967,50.0,0.54,0.7,0.64,0.46,0.46,0.62,0.54,0.08,0.08,0.0011773191115168,0.0085448621003467,0.013382816199025,48.09944169124688,0.6865860908455829,0.0190853344022548,0.0065951776776147,24773.150390625,0.0012994782193525,1.0,-0.0004537661359584576,0.016608945417519866,0.4754901960784313,0.5245098039215685,0.0035028162255812596,0.5294117647058824,0.5294117647058824
2025-09-08,24773.150390625,0.0012994782193525,0.0023507784745915,0.0060141849326769,-0.0038982239827239,0.0071962480790273,1.0014204937730604,0.9994003761640166,1.0198363793433003,50.38769492255239,-0.0123825029899835,0.0168224171697795,0.0024897784800532,0.0078669707067718,0.0061476164232168,0.7313517314717939,50.0,0.44,0.52,0.56,0.42,0.42,0.64,0.48,0.12,0.08,-0.0011852557969835,0.0017415489788629,0.0033979639441816,47.01451809678597,0.691167947708258,0.0184307902586558,-0.0037982841348456,24868.599609375,0.0038529301782352,1.0,-0.0001766931724513253,0.004608567687590912,0.4607843137254902,0.5294117647058824,0.004053826311153359,0.4117647058823529,0.5882352941176471
2025-09-09,24868.599609375,0.0038529301782352,0.0054296593751623,0.0117577179690824,-0.0039711383935276,0.0207401629467989,1.00477374490773,1.0031231078278064,1.0235236999370925,53.554708558654085,-0.0085772817312004,0.0180846080057108,0.0036712819046389,0.0077791855116705,0.0057325982358732,0.7899592660933746,50.0,0.66,0.6,0.68,0.52,0.48,0.62,0.54,0.18,0.1,0.0029965243046595,0.0059745760658349,0.0279230803822475,50.46501633236264,0.8977543667837784,0.0181351896708375,0.0071829174354486,24973.099609375,0.0042020862308871,1.0,0.0028935528985054083,0.006584152001513423,0.6127450980392157,0.3872549019607843,0.004239804215755749,0.5882352941176471,0.5882352941176471
2025-09-10,24973.099609375,0.0042020862308871,0.009381173330706,0.0104409588476657,0.0105636246232978,0.0157839343745,1.008132172068414,1.0070485120644506,1.0275401479244657,56.80569817314366,-0.0044112379777744,0.0223626873188897,0.0049218851301484,0.0077698001585165,0.0054686747654072,0.8493980096040086,50.0,0.72,0.7,0.64,0.7,0.64,0.64,0.58,0.2,0.06,0.0061537495950684,0.0060351864501748,0.023666150092357,55.16997595871353,0.814148451019958,0.0184828806763223,0.0078822157178569,25005.5,0.0012974116602184,1.0,0.005566992684758273,0.005201412502684203,0.6274509803921569,0.37254901960784315,0.002512546164136274,0.5882352941176471,0.5882352941176471
2025-09-11,25005.5,0.0012974116602184,0.0093790900919459,0.0109644991038349,0.020595145538736,0.0211578036504582,1.008533402030503,1.008024789479249,1.028577783775851,57.79217192425278,-0.0031195495091443,0.0236891125903897,-0.0011051735590178,0.0077427385618021,0.0053524959816735,0.783233365880876,50.0,0.46,0.72,0.74,0.74,0.64,0.64,0.54,0.16,0.08,-0.0003514999645184,0.0133800048591981,0.0268481488930235,55.1009027436202,0.7255710538025277,0.0181137496678421,0.0056903452425652,25114.0,0.0043390454100098,1.0,0.002509458812968457,0.010384122884575497,0.5235294117647059,0.4764705882352941,0.002776143516462326,0.5882352941176471,0.5882352941176471
2025-09-12,25114.0,0.0043390454100098,0.0098678813636328,0.0150761893213693,0.028130946135652,0.0200919357527071,1.0116656579003955,1.0119066437884872,1.0327013139846275,61.00393865631343,0.0,0.028130946135652,0.0027573621303313,0.0074483347009067,0.0053128383639785,0.7884853883910636,50.0,0.52,0.78,0.7,0.82,0.72,0.66,0.54,0.16,0.02,0.0013405403448352,0.0137840040904827,0.0216647662362572,55.734074707163344,0.7360320206115254,0.0178856267522084,0.00157283048355,25069.19921875,-0.0017838966811339,0.0,0.002287985005256346,0.013269043399951639,0.43235294117647055,0.484313725490196,0.003319052034007039,0.5294117647058824,0.5625
2025-09-15,25069.19921875,-0.0017838966811339,0.0038481250176458,0.0119503907842515,0.0180364475771226,0.0177781287877958,1.0089134417572985,1.0097015262215276,1.0305426477112007,59.007309823263896,-0.0017838966811339,0.0262968667530694,0.0001951258511188,0.0072856983699472,0.0053487108020878,0.6574351518590096,50.0,0.32,0.7,0.64,0.76,0.68,0.66,0.5,0.06,0.04,-0.0022904001900064,0.0128982748931176,0.0172474476113603,52.97865896892792,0.6181931085421953,0.0178678753506231,-0.0005306811764355,25239.099609375,0.0067772563910986,1.0,-0.0024527329960887263,0.01090629520581563,0.4264705882352941,0.5735294117647058,0.0023901596164837375,0.29411764705882354,0.7058823529411765
2025-09-16,25239.099609375,0.0067772563910986,0.0093419291505869,0.0148983057276907,0.0268311937737366,0.0145576689263828,1.0142296554331447,1.0158854206099486,1.0371396294607076,63.84071075378266,0.0,0.0332523437524361,0.0001755297640981,0.0069934108864822,0.0051054454356637,0.8703848036105926,50.0,0.82,0.82,0.66,0.84,0.82,0.7,0.54,0.32,0.04,0.0065681099092268,0.0153223597535453,0.0182480367175776,56.25828375631312,0.8912863574406491,0.0172564033610665,0.0036903677911948,25330.25,0.0036114755294653,1.0,0.008796223792978744,0.016841775883711156,0.9019607843137255,0.09803921568627451,0.0027238058555161516,0.8823529411764706,0.8823529411764706
2025-09-17,25330.25,0.0036114755294653,0.0086107350481803,0.0143014041593347,0.024891683379292,0.0139948161440264,1.0161609323638623,1.0187730361868512,1.0404619549442564,66.14689374967335,0.0,0.0369839093076609,0.0014857899283409,0.0066212553154965,0.0050872154277545,0.971863310262573,50.0,0.68,0.72,0.68,0.8,0.76,0.74,0.52,0.28,0.12,0.0034659205167462,0.0119453727116414,0.0183067899955923,58.99406092480345,0.9279553753107708,0.0166635441490016,0.0043119738515658,25423.599609375,0.0036853015416349,1.0,0.003775774348181423,0.01499807843006576,0.7137254901960784,0.2862745098039216,0.003266311587253597,0.7647058823529411,0.7647058823529411
2025-09-18,25423.599609375,0.0036853015416349,0.0141368851686309,0.0167203059077003,0.0278681347906761,0.0148918413564071,1.0179759235471897,1.0216249855819326,1.0438362898013054,68.37168175556903,0.0,0.0408055077072833,0.0043742474413004,0.0064605383200088,0.0051102196312334,0.9864463289120824,50.0,0.68,0.8,0.7,0.9,0.86,0.72,0.56,0.3,0.16,0.0023696531060307,0.0145148468487137,0.0179210179953567,58.66269969402893,0.9909585850436556,0.0163508187346576,0.0030291766389495,25327.05078125,-0.0037976065391384,0.0,0.0022982615056747913,0.014769109720072301,0.5735294117647058,0.36764705882352944,0.0030975305904687666,0.5882352941176471,0.625
2025-09-19,25327.05078125,-0.0037976065391384,0.0034847190762039,0.0084833471868279,0.0236874330564649,0.0096995377983755,1.0127491046616324,1.0170375071980795,1.039459816645661,63.708256549619215,-0.0037976065391384,0.0368529379052426,-0.0005270847099109,0.0062981817661033,0.0052074269569508,1.3411602940398752,50.0,0.36,0.7,0.64,0.8,0.82,0.74,0.58,0.28,0.58,-0.0022003002247502,0.0092294478920351,0.0193734271577652,58.15670651104237,1.3984607057956924,0.0163093446631885,0.0096738893593897,25202.349609375,-0.0049236357186648,0.0,0.001222194021830859,0.013698574147385937,0.37450980392156863,0.6254901960784314,0.0035265165846845204,0.29411764705882354,0.7058823529411765
2025-09-22,25202.349609375,-0.0049236357186648,-0.0050493141846211,0.0053113140736227,0.0173251771366318,0.0133594157328889,1.0070182039304991,1.0115527707000782,1.0339885705166485,58.18787074992008,-0.0087025442266016,0.0317478517451699,-0.0035121014540252,0.0061788445554979,0.0049349177870774,0.8903270946300508,50.0,0.38,0.54,0.72,0.62,0.7,0.72,0.52,0.14,0.24,-0.0030925762743896,0.00233302832564,0.0139329253894509,55.872926347512106,0.8171845178578178,0.016142071374475,0.0005735096565619,25169.5,-0.001303434397354,0.0,-9.151518653077116e-05,0.0161959063047153,0.4264705882352941,0.5735294117647058,0.003476214116068819,0.29411764705882354,0.7058823529411765
2025-09-23,25169.5,-0.001303434397354,-0.0099946354284662,-0.0027576106300221,0.0120996113714246,0.0080804237466332,1.0051594256222718,1.0098289889796983,1.0323055574852311,56.79181169085924,-0.0099946354284662,0.0304030361058091,0.000263879786134,0.0061114161609289,0.0048919561959298,1.0311552247036118,50.0,0.38,0.48,0.58,0.58,0.6,0.68,0.54,0.26,0.36,-0.0031036217679978,-0.0009693770580404,0.0130807640566018,53.23302690907894,1.1063663459689872,0.0164187972691889,0.0050003403099686,25056.900390625,-0.0044736530076083,0.0,-0.002596060216863725,0.0048308343284480726,0.3235294117647059,0.6764705882352942,0.003777268218021116,0.35294117647058826,0.6470588235294118
2025-09-24,25056.900390625,-0.0044736530076083,-0.0106664764467956,-0.0107914295901145,0.003355641973195,0.013954714338668,1.0005995398542862,1.005102012990427,1.027404334505173,52.17125828213856,-0.0144235759052301,0.0257933704642856,-0.0024136355509644,0.0057668689358375,0.0043732930854546,0.9227690623171168,50.0,0.3,0.4,0.62,0.52,0.56,0.72,0.54,0.16,0.26,-0.005363535832133,-0.0111034561556346,0.0168587085740741,52.50541437982949,0.9439527254185563,0.0159114107043345,0.0029039942354061,24890.849609375,-0.0066269482123226,0.0,-0.004429658342898489,-0.0034195007931240064,0.3107843137254902,0.6892156862745097,0.0036846435613752475,0.23529411764705882,0.7647058823529411
2025-09-25,24890.849609375,-0.0066269482123226,-0.0123599586875077,-0.0209549398269923,-0.0045850069234768,0.0159157097303741,0.9945398994298414,0.9985022897452924,1.0203866681574103,46.20154475689294,-0.0209549398269923,0.0189954909216749,-0.0008939809104793,0.0058158104460652,0.0041765033366443,1.2892904197252024,50.0,0.18,0.24,0.56,0.44,0.46,0.62,0.52,0.14,0.5,-0.0062668187039616,-0.0193764646099952,0.0206432559511615,47.10540550897166,1.153676565053838,0.0165788411689684,0.0047275462207874,24654.69921875,-0.0094874379272315,0.0,-0.008253275216668987,-0.014002497548627786,0.20588235294117646,0.7892156862745099,0.0034176270680047814,0.17647058823529413,0.8235294117647058
2025-09-26,24654.69921875,-0.0094874379272315,-0.0204533574862432,-0.026546776737138,-0.0182886350740623,0.0093278344534266,0.9865037590762818,0.989454757232954,1.010598158505031,39.31214549350087,-0.0302435690633464,0.0030553634139083,-0.0029046348059477,0.0062101950509697,0.0047045723086329,1.1043758287554462,50.0,0.12,0.16,0.56,0.28,0.4,0.52,0.5,0.1,0.4,-0.0111491340103694,-0.0258896640539264,0.0114430290804568,44.19577243661925,1.002221679736916,0.016725105029087,0.0021151946270301,24634.900390625,-0.0008030448049409,0.0,-0.011504073015789795,-0.026651611208397163,0.12254901960784312,0.8774509803921569,0.004213448371787113,0.058823529411764705,0.9411764705882353
2025-09-29,24634.900390625,-0.0008030448049409,-0.0168416681002527,-0.022515726809016,-0.0173240008320718,0.0003999833122172,0.9870547409275984,0.9891000323228286,1.0096882803342448,38.789894877388086,-0.0310223269272682,0.0022498650152504,0.0029954355494159,0.0064078604274887,0.0043518098595462,1.448907992138278,50.0,0.44,0.18,0.54,0.3,0.4,0.52,0.54,0.32,0.46,-0.0013194674860424,-0.0282451691721839,0.0030647711619936,42.436903512667314,1.2281721901359954,0.0174078524634322,0.0026647878497764,24611.099609375,-0.0009661407544825,0.0,0.00044215014407941896,-0.026186862191644775,0.4401960784313725,0.5598039215686273,0.003941864717828479,0.5294117647058824,0.5294117647058824
2025-09-30,24611.099609375,-0.0009661407544825,-0.011239069955034,-0.0221855972754723,-0.0248820286666141,0.0012815505744847,0.987408143307591,0.9886040488221634,1.0086253372477638,38.13404936736562,-0.0319584957474073,0.0,0.0023157726323386,0.0063473102865659,0.0043362835220312,1.1067482421696648,50.0,0.5,0.14,0.46,0.32,0.36,0.52,0.44,0.28,0.26,0.0001735463835411,-0.0249684816683503,-0.0053998581158185,42.18349568937354,1.0331694100143038,0.0171654513361687,-0.0066814086903032,24836.30078125,0.0091503904924759,1.0,0.00014515237987160578,-0.02297467560323015,0.47228163992869865,0.5159536541889483,0.003204301613790365,0.47058823529411764,0.5294117647058824
2025-10-01,24836.30078125,0.0091503904924759,0.0073657991480136,-0.008803946455306,-0.019500368877133,0.00490591749429,0.996780955058274,0.9977421043583676,1.0176738548000284,47.226178718824734,-0.0231005379705725,0.0091503904924759,0.0003840207071201,0.0067638598554629,0.0046420945072819,1.134806487757389,50.0,0.78,0.24,0.46,0.4,0.46,0.64,0.44,0.32,0.08,0.0067772328507549,-0.0103477805861937,-0.0030881766371238,46.85637697273464,0.8835879579201996,0.0175623859480527,-0.0079940941314138,24894.25,0.0023332467769816,1.0,0.008585264034885194,-0.009955189123343009,0.7775401069518717,0.22245989304812833,0.005779698370229652,0.9411764705882353,0.9411764705882353
2025-10-03,24894.25,0.0023332467769816,0.0105277311969038,0.000136612075456,-0.0208211904493571,0.0064666965993738,0.999191699287943,1.0000673343732438,1.0198448943033414,49.29135689589164,-0.0208211904493571,0.0115049873885821,-0.0030902347606428,0.0068149713018209,0.0046642862263001,1.3315380556414782,50.0,0.52,0.5,0.5,0.44,0.48,0.64,0.46,0.3,0.36,0.0005813216149378,-0.001368070018583,0.0011834955392771,46.81639541776112,1.1768806959858242,0.0178265411972677,-0.0052832010600966,25077.650390625,0.0073671787912872,1.0,0.004804966451123329,0.002707622611859871,0.5679144385026738,0.43208556149732624,0.0046281593763446835,0.47058823529411764,0.5294117647058824
2025-10-06,25077.650390625,0.0073671787912872,0.0189569254789525,0.0171549921628466,-0.0098471943211656,0.0136069839790227,1.0059251374544191,1.007141358040982,1.0270786809447137,55.25874763461642,-0.0136074050907578,0.0189569254789525,0.0008958205710154,0.0071200279391135,0.0049221206227619,0.96784646959277,50.0,0.64,0.8,0.56,0.54,0.56,0.66,0.42,0.22,0.12,0.0044080764607074,0.0175892809637774,0.004464489651168,51.30371560556431,0.8379711005169383,0.0181624604302802,-0.0091424943278546,25108.30078125,0.0012222193924698,1.0,0.0028434677867169495,0.01708673839884401,0.5716577540106952,0.42834224598930476,0.004902824741937247,0.6470588235294118,0.6470588235294118
2025-10-07,25108.30078125,0.0012222193924698,0.0109517114644281,0.0192166553596115,-0.0037317484116645,0.0135287755227058,1.006468800537505,1.0080413398457977,1.028044159614769,56.1867067151653,-0.0124018169326711,0.0202023143933642,0.0003050680787806,0.0069759184959352,0.0049216453503687,1.0231996305112443,50.0,0.42,0.8,0.6,0.56,0.56,0.68,0.48,0.14,0.16,-0.0007816798578875,0.0165245913518331,0.0083097942488694,51.6573264895046,0.9232629675002209,0.0183778584412462,-0.0052189812738363,25046.150390625,-0.0024752925801897,0.0,-0.000512661872655403,0.015747697033321933,0.3855614973262032,0.6144385026737967,0.004240380401675842,0.35294117647058826,0.6470588235294118
2025-10-08,25046.150390625,-0.0024752925801897,0.0061018263504624,0.017677015174254,-0.0049007572409066,0.0071395568724772,1.0035973239619869,1.0053274881024217,1.0252393198000795,53.75220810365313,-0.0148464113874265,0.017677015174254,-0.0011371052744166,0.0072116815428322,0.0049105759420719,0.8078296239720066,50.0,0.32,0.66,0.46,0.5,0.52,0.66,0.42,0.08,0.08,-0.0061187096388605,0.0085141853314352,-0.0059796338457245,49.89373106432053,0.7366478521431158,0.0188698246918198,-0.0131191907182017,25181.80078125,0.0054160175719368,1.0,-0.001528417214565255,0.014123535833646884,0.3852049910873441,0.6147950089126559,0.002839176846142367,0.29411764705882354,0.7058823529411765
2025-10-09,25181.80078125,0.0054160175719368,0.0041531159818679,0.013911089378529,0.0049846704371994,0.008357039179736,1.0081655311308535,1.010345543547172,1.030476307986658,58.02693619124629,-0.0095108022404442,0.0231887717709942,0.0011239408126981,0.0073309690975583,0.0049676417536642,1.0095026533382698,50.0,0.84,0.74,0.52,0.64,0.62,0.68,0.48,0.22,0.02,0.0067668915197894,0.0077558702758425,0.0026301487100647,52.021234618041625,0.7997670914088981,0.0186107874965222,-0.0057268904696713,25285.349609375,0.004112050167679,1.0,0.007288077726190319,0.012928080591873852,0.8216577540106952,0.17834224598930482,0.0025740049863497414,0.8823529411764706,0.8823529411764706
2025-10-10,25285.349609375,0.004112050167679,0.0070514062129292,0.0157104395342297,0.0158491978454369,0.0111915222401071,1.011125622403466,1.0139235849531665,1.0343564014922575,60.99102273468494,-0.0054378609687126,0.0273961753315223,-0.0005619292578764,0.0073897936359053,0.005033009470182,0.8200126751637209,50.0,0.74,0.72,0.54,0.78,0.68,0.76,0.46,0.14,0.08,0.0035978734430408,0.0135285134024941,0.0038658434981752,54.44415399939869,0.7935565655767944,0.018653635071956,-0.0073256787419319,25227.349609375,-0.0022938183927065,0.0,0.004422033349397775,0.012525308850416353,0.7550802139037432,0.2449197860962567,0.0031827327008344675,0.8235294117647058,0.8235294117647058
2025-10-13,25227.349609375,-0.0022938183927065,0.0072346135403635,0.0059694276145569,0.0232268252613481,0.004513403256152,1.0079609133852254,1.0111379458608931,1.031655454990441,58.49908729206813,-0.0077192058959122,0.0250395150879505,-0.004273179125233,0.0072720101939924,0.0049898352599336,0.8236948497099666,50.0,0.38,0.64,0.48,0.62,0.64,0.72,0.48,0.08,0.04,-0.0018034446134032,0.0050335549413051,-0.0033211112330193,53.53321784654588,0.6971898726112936,0.0180020309125795,-0.0078345144891713,25145.5,-0.0032444791324643,0.0,-0.001987248275431512,0.007634340584050665,0.39376114081996433,0.6062388591800356,0.0028144024623877706,0.35294117647058826,0.6470588235294118
2025-10-14,25145.5,-0.0032444791324643,-0.0014415482659615,0.0014815506263881,0.0207266764337845,0.0030436066419279,1.004241985929044,1.0075468738887077,1.0280187039128286,55.07905169510301,-0.0109386402259281,0.0217137957712962,0.0019899502980822,0.0075017638415848,0.0050314835326747,1.0079886812636956,50.0,0.34,0.44,0.54,0.6,0.62,0.7,0.5,0.1,0.16,-0.0040666736526414,-0.0032810975385099,0.0034751453998037,52.4161934863987,0.8189120022624119,0.0182209988201948,0.0004315387578758,25323.55078125,0.0070808208725219,1.0,-0.009527443162135621,-0.0011961050404975305,0.26060606060606056,0.7393939393939394,0.012507640060637487,0.17647058823529413,0.8235294117647058
2025-10-15,25323.55078125,0.0070808208725219,0.0015108025977554,0.0110755699498168,0.0289483681421374,0.0033460453495588,1.0102605264302338,1.0140972858841713,1.0349344273447798,60.4902973842534,-0.0039352739054349,0.0289483681421374,0.0014495324710186,0.0076678990871776,0.005052895773927,0.9918740911812506,50.0,0.78,0.8,0.52,0.76,0.72,0.7,0.5,0.3,0.1,0.0082238245078319,0.0151926199153616,0.0044594442734491,56.06183068880401,0.8969825659121686,0.0181707920238522,0.0011133989238902,25585.30078125,0.0103362282114798,1.0,0.010656923051897402,0.011026099292870847,0.8726381461675579,0.12736185383244206,0.003971709997889865,0.8823529411764706,0.8823529411764706
2025-10-16,25585.30078125,0.0103362282114798,0.0141890122195784,0.0160234767761502,0.0301574701722671,0.0100690195023736,1.018694254225062,1.0235925949145233,1.0451571950491962,66.81839556675563,0.0,0.0395838132930843,0.0028175199438393,0.0078335973420843,0.0054974993437971,1.2532356203986956,50.0,0.86,0.84,0.6,0.88,0.82,0.74,0.56,0.34,0.1,0.0088923292709554,0.0174711717057505,0.0146552290785747,60.52830014326914,0.9448117648804024,0.0177880943252728,0.0045862095762011,25709.849609375,0.0048679837376106,1.0,0.009321900965236322,0.013004657767778588,0.8491978609625668,0.15080213903743314,0.004051386524657606,0.8823529411764706,0.8823529411764706
2025-10-17,25709.849609375,0.0048679837376106,0.0224433639965402,0.0167883777190334,0.0327625700462959,0.0112592238863942,1.0213524511959924,1.0274240904669274,1.0497201953709043,69.33518796509603,0.0,0.0446444903900782,-0.0015028618269431,0.007827598209461,0.00553959080129,1.3840932566032167,50.0,0.58,0.72,0.72,0.86,0.82,0.8,0.5,0.3,0.22,0.0027881760332905,0.0111551935747896,0.0111102464753883,60.36757127674689,1.0984171962498634,0.0176836977108439,-0.0001489774110058,25843.150390625,0.0051848137299641,1.0,0.0016425121206654146,0.010227624309611815,0.48538324420677353,0.5146167557932264,0.004396026341611894,0.5294117647058824,0.5294117647058824
2025-10-20,25843.150390625,0.0051848137299641,0.0205184341589141,0.0244100466670171,0.0305251882882207,0.0203774065062907,1.0240490370739408,1.0314263737393785,1.0545839552434584,71.80048567853984,0.0,0.050060777486784,0.0044632699818731,0.0078735902179281,0.0055305808351768,1.0003322259136214,50.0,0.66,0.84,0.72,0.82,0.84,0.8,0.42,0.24,0.1,0.0043828055716725,0.0201615331972985,0.0178202355031636,60.592335034974255,0.8611515114295709,0.0176694927448832,-0.002557171003127,25868.599609375,0.0009847568259027,1.0,0.004899843037162082,0.017067449054352098,0.6133689839572193,0.3866310160427807,0.00540732979051964,0.7058823529411765,0.7058823529411765
2025-10-21,25868.599609375,0.0009847568259027,0.0110727182981804,0.0287566208417013,0.0302807758577101,0.0264360272088346,1.0226170760483515,1.0311302344741486,1.055038545151198,72.25902567129566,0.0,0.0510948320050268,0.0022461978221532,0.0077676757970487,0.0053510696173977,0.1463498622589531,50.0,0.6,0.88,0.7,0.84,0.84,0.8,0.48,0.0,0.0,0.0007064977655705,0.028790339301717,0.0173930816992542,60.98372393585578,0.1080639026931845,0.0174628937163642,-0.0090429455095804,25891.400390625,0.0008814076368377,1.0,0.0009472363305794478,0.0277717373606632,0.5628342245989305,0.4371657754010695,0.0018356318975457798,0.6470588235294118,0.6470588235294118
2025-10-23,25891.400390625,0.0008814076368377,0.0070615263802942,0.0224237751759301,0.033747701216247,0.0286815546842409,1.0212310148874957,1.0307440181604757,1.0553807225087573,72.68753127418799,0.0,0.0520212750169968,0.0072906772002705,0.0077049701255282,0.0053169060290652,1.5054052239307056,50.0,0.54,0.8,0.7,0.82,0.84,0.78,0.46,0.44,0.34,0.001496068714351,0.0214433507704365,0.0195448441071413,61.12157188346549,1.3589762835236558,0.0174245486672901,-0.0091367105770996,25795.150390625,-0.0037174505259611,0.0,-0.0019320516162443142,0.015092115617318536,0.48003565062388587,0.5199643493761141,0.004862433344621644,0.47058823529411764,0.5294117647058824
2025-10-24,25795.150390625,-0.0037174505259611,-0.001857358691741,0.0082019598350309,0.0243568605241166,0.0294629418839138,1.0157480485752424,1.0258296346373297,1.0509193115921254,67.91820855540553,-0.0037174505259611,0.0481104379748624,0.0016877889218314,0.0079239581853589,0.005275251997661,0.9500308451573104,50.0,0.34,0.6,0.68,0.7,0.82,0.78,0.4,0.1,0.14,-0.0044654636772376,0.0047252869627285,0.0151851838682756,57.09726297021132,0.8113030348744146,0.0175004649030501,-0.0142777580156382,25966.05078125,0.0066252915000297,1.0,-0.004230794982961963,0.0013830449683624661,0.3420677361853832,0.6579322638146167,0.004527662274529169,0.23529411764705882,0.7647058823529411
2025-10-27,25966.05078125,0.0066252915000297,0.003767160702417,0.0099650980370409,0.0269207735859273,0.0431966440980797,1.0202935015609509,1.0313065465998073,1.0572730326663025,71.494643054077,0.0,0.05505447515067,0.0018627078112505,0.0078621772251856,0.0050318745002329,0.8994342649666469,50.0,0.74,0.62,0.88,0.76,0.82,0.82,0.4,0.22,0.08,0.0062954577412472,0.0050897143419491,0.029409293469406,57.687219923986106,0.8483798573244644,0.0173370236751013,-0.0137873506286737,25936.19921875,-0.001149638146805,0.0,0.006129194812227225,0.005840248107676867,0.7207664884135472,0.27923351158645277,0.003938531468210406,0.8235294117647058,0.8235294117647058
2025-10-28,25936.19921875,-0.001149638146805,0.0017302589836438,0.0036005218682144,0.0280984574420604,0.0519779206645285,1.017268084828675,1.0289055612029854,1.055468824910571,70.02618737966469,-0.001149638146805,0.0538415442790793,-0.001005218803579,0.0081109596955045,0.0043128433398945,1.311823673902941,50.0,0.4,0.5,0.88,0.72,0.8,0.74,0.44,0.32,0.36,-0.0038755265771704,-0.0003870338930606,0.0465207052155579,57.57266547404005,1.1738487125040478,0.0176243455993686,-0.0054572154489705,26053.900390625,0.0045381040946781,1.0,-0.00046278560281795507,0.00043111423790771856,0.42762923351158644,0.5723707664884136,0.003328184324811794,0.35294117647058826,0.6470588235294118
2025-10-29,26053.900390625,0.0045381040946781,0.010030955279642,0.007163154714523,0.0361257636803802,0.0576012071288913,1.0197591272932471,1.0322157640600522,1.0596233142681897,72.43062066172783,0.0,0.0586239869063143,0.0017659018140518,0.0080130446005442,0.0042596126808151,1.081526030204781,50.0,0.66,0.54,0.9,0.74,0.8,0.82,0.44,0.3,0.14,0.0057722516455633,0.0022721716961063,0.0541600947369335,56.61718546977196,0.8733092607880004,0.0172984860383458,-0.0034411123919578,25877.849609375,-0.00675717564781,0.0,0.005492412360459165,0.004980909455621086,0.6672905525846702,0.3327094474153297,0.004397540274400191,0.7647058823529411,0.7647058823529411
2025-10-30,25877.849609375,-0.00675717564781,-0.0033967880837192,-0.0005233699624415,0.021888669283117,0.0514706786818035,1.0116286188101729,1.02422708067207,1.051914130650924,64.14245920648966,-0.00675717564781,0.0419365523593315,-0.002667546853177,0.0081605811765058,0.0047036805435772,0.8714936263140965,50.0,0.24,0.5,0.86,0.62,0.72,0.74,0.44,0.04,0.18,-0.0060859569410417,-0.0001497964662032,0.0462067328345682,54.86558632714944,0.7995097957838174,0.0175212740885595,-0.0052639458472353,25722.099609375,-0.0060186608373972,0.0,-0.003761230784927815,0.003154200329625075,0.36711229946524065,0.6328877005347593,0.0035196261687771143,0.4117647058823529,0.5882352941176471
2025-10-31,25722.099609375,-0.0060186608373972,-0.0082548567571235,-0.0028319579511562,0.0053467742785049,0.0356654896365937,1.0050097099364166,1.0173419838153417,1.0451089941760936,57.837002412913726,-0.0127351673367643,0.033254651551061,-0.0005428900908331,0.0084006319477246,0.0048007909963761,1.127330344199845,50.0,0.18,0.44,0.74,0.5,0.62,0.68,0.42,0.14,0.3,-0.0064684487245349,-0.0045516395565012,0.0287794474114296,51.20320854275076,0.9007011440742041,0.0179250648177271,-0.006886042225164,25763.349609375,0.0016036793506921,1.0,-0.005546760519564202,0.0017093171383230292,0.2057932263814617,0.7942067736185382,0.003595782394689768,0.23529411764705882,0.7647058823529411
2025-11-03,25763.349609375,0.0016036793506921,-0.0111519111109578,-0.0078063920302184,0.0020809145449256,0.0349116606997599,1.005987036021674,1.0182158626827875,1.0462979386296636,58.98693853744321,-0.0111519111109578,0.0286351078934052,-0.0009816461479994,0.0084552483382807,0.004799014863379,0.0833631484794275,50.0,0.54,0.34,0.72,0.52,0.62,0.68,0.44,0.12,0.12,0.0004225845238342,-0.0103097594531793,0.0274438309440457,52.09333095618459,0.7485678098553196,0.0178621673850223,-0.0074678297557141,25597.650390625,-0.0064315867797603,0.0,0.00035180724690228756,-0.004065139098067803,0.42361853832442065,0.5710338680926916,0.00484115466559572,0.5294117647058824,0.5294117647058824
2025-11-04,25597.650390625,-0.0064315867797603,-0.0108277628543173,-0.0130531395625714,-0.0094996158088008,0.0207355949181904,0.999562928411555,1.0112044585013324,1.039159447650028,52.7618767800577,-0.0175117734066478,0.0220193519322806,-0.0007219406504591,0.0083961345547167,0.0049356070493634,1.0845493485949913,50.0,0.18,0.24,0.56,0.46,0.52,0.64,0.38,0.1,0.3,-0.0094701763754034,-0.0152443692869792,0.0093230044898542,48.060154618708566,0.9021355944478024,0.0179083584407344,-0.0114125904283362,25509.69921875,-0.0034359080045569,0.0,-0.008779977391536823,-0.012341546465798834,0.1679144385026738,0.8320855614973262,0.0032308750881548266,0.11764705882352941,0.8823529411764706
2025-11-06,25509.69921875,-0.0034359080045569,-0.0082575059521029,-0.0208875125687829,-0.0138739783383918,0.0159866826909986,0.9964959423327264,1.0074246629670875,1.0352223991366296,49.76012274075014,-0.0208875125687829,0.0185077874601644,-0.0001680146882377,0.0083353383990565,0.0050353674710244,1.3025813456621484,50.0,0.32,0.16,0.54,0.32,0.5,0.62,0.4,0.16,0.4,-0.0035671250455131,-0.0209344701345189,0.0053711188114518,45.8802186726831,1.0682913025665388,0.0184309057541483,-0.0106155638795468,25492.30078125,-0.0006820322478444,0.0,-0.010445571016556757,-0.02782703300211772,0.2303030303030303,0.7696969696969697,0.007347748070830849,0.23529411764705882,0.7647058823529411
2025-11-07,25492.30078125,-0.0006820322478444,-0.0105207138137957,-0.0148987969999379,-0.015414369379553,0.0178131323044359,0.9962132387615584,1.0064716386260386,1.0341611653442515,49.16424448426641,-0.0215552988594782,0.0137917631882444,-0.0029752776326038,0.0081475547490562,0.0049896337863591,1.0559049132748255,50.0,0.6,0.2,0.54,0.42,0.46,0.62,0.44,0.22,0.08,0.0020977384244382,-0.0166454332086568,0.0031438670170088,46.88094251360198,0.8148714797453813,0.0183656246834166,-0.014669265287427,25574.349609375,0.0032185728871263,1.0,0.0001485915188990869,-0.02419067981610088,0.6192513368983957,0.38074866310160427,0.004926583582066685,0.5882352941176471,0.5882352941176471
2025-11-10,25574.349609375,0.0032185728871263,-0.0009102703136587,-0.0057440878561153,-0.0085597787919952,0.0155885923939675,0.999474868590636,1.0093266639902625,1.0371028161787097,52.07866251233541,-0.0184061032728349,0.0170547258704341,0.000439317692275,0.0078092947417657,0.0049083736335803,0.8479384583253563,50.0,0.62,0.32,0.5,0.44,0.52,0.64,0.4,0.14,0.12,0.0029760330272665,-0.011771186383767,0.0008626494413623,47.47313720692589,0.8015014289370006,0.0182250139658932,-0.0147259429526052,25694.94921875,0.0047156471705849,1.0,-0.0015113738774302967,-0.020221293790051456,0.5721925133689839,0.42780748663101603,0.006586658384812242,0.5882352941176471,0.5882352941176471
2025-11-11,25694.94921875,0.0047156471705849,0.0072619437184049,-0.0026549494402742,-0.0104406158943416,0.0161990882349964,1.003787667776418,1.0135264167516518,1.041558217198081,56.065650816614166,-0.0137772527910701,0.021850797110815,0.0016677018683346,0.0079121943456221,0.0049317063988332,1.0246966698218742,50.0,0.8,0.4,0.52,0.44,0.54,0.66,0.4,0.26,0.06,0.0072516487430899,-0.0062995851540731,0.0072287707649644,49.04361081609256,0.8812782242221211,0.018160996012446,-0.008970317470032,25875.80078125,0.0070384090258497,1.0,0.007685728425652648,-0.012990461497112513,0.8212121212121213,0.17878787878787877,0.004949151596838443,0.8235294117647058,0.8235294117647058
2025-11-12,25875.80078125,0.0070384090258497,0.0150437578502946,0.0108662469554967,-0.0023287312451061,0.0257042924411696,1.009809003530413,1.0198337637061938,1.0483791364838553,61.269557892682926,-0.0068358137056164,0.0290430009842714,0.0054233056198575,0.0082186573979174,0.0050618191979706,1.0616764026626817,50.0,0.7,0.58,0.62,0.56,0.62,0.7,0.44,0.36,0.1,0.0045275584008024,0.0081628328035517,0.0128838492790532,52.900493308934514,0.9424505367803058,0.0186168251189416,-0.0128204431621163,25879.150390625,0.0001294494962036,1.0,0.00961217769330385,0.005209977674160628,0.7075757575757575,0.2924242424242424,0.003969735817913042,0.7058823529411765,0.7058823529411765
2025-11-13,25879.150390625,0.0001294494962036,0.0119182221994129,0.0144827725606206,-0.0067072491020531,0.0291762100823209,1.0089845773680706,1.019167801034507,1.0480089382368278,61.36084501925217,-0.0067072491020531,0.0219400357467396,0.0011709329647859,0.0081087051739404,0.0049581875839628,1.287885120112339,50.0,0.4,0.66,0.64,0.54,0.62,0.72,0.44,0.14,0.18,-0.0026136342515455,0.0145515303386494,0.0203263479179051,52.79396776102013,0.8095075286045208,0.0186436148773686,-0.0088498621644158,25910.05078125,0.0011940264714482,1.0,-0.0015129141494814224,0.014332385922728718,0.4351158645276292,0.5648841354723707,0.004243884088986782,0.47058823529411764,0.5294117647058824
2025-11-14,25910.05078125,0.0011940264714482,0.0083713558127227,0.0163873007613051,0.0012443526939476,0.0231602592016539,1.0092099816417517,1.019569669799283,1.0487462434506565,62.244915756743175,-0.0055212312635831,0.0163873007613051,-0.0042988273695531,0.0080258343969051,0.0047778160782222,1.6709333590944953,50.0,0.6,0.7,0.58,0.54,0.6,0.7,0.36,0.18,0.14,0.0023831516358487,0.0135874197158456,0.007111626454305,51.209594907096815,0.8235710294764303,0.0183765809780641,-0.0160486327473489,26013.44921875,0.0039906690408659,1.0,0.003243940910564266,0.017532936882174846,0.6849376114081996,0.3150623885918003,0.003372150156103579,0.7058823529411765,0.7058823529411765
2025-11-17,26013.44921875,0.0039906690408659,0.0053195817460358,0.0171695318192584,0.0113268206639247,0.0167341568958128,1.0119616193885943,1.022690403521737,1.0523771755307747,65.12073392769265,-0.0015525956293882,0.0204433660959826,0.0014723412864789,0.0077387102795233,0.0043253975225597,0.920930080556872,50.0,0.66,0.8,0.48,0.68,0.66,0.7,0.38,0.12,0.06,0.0043625611525119,0.0191545724394496,-0.0007642072763539,52.83198362174648,0.7612444050750353,0.0181153740908689,-0.0174983641721667,25910.05078125,-0.0039748069020186,0.0,0.003651086767382493,0.0228493980391427,0.6672905525846702,0.33270944741532976,0.003958265409294088,0.7647058823529411,0.7647058823529411
2025-11-18,25910.05078125,-0.0039748069020186,0.0011940264714482,0.0083713558127227,0.0056941808460191,0.0077869444946887,1.0071777194361369,1.0178819374313677,1.047691765092276,60.18387402600536,-0.0055212312635831,0.0163873007613051,0.000321047871421,0.0075537394770037,0.0043437965913406,0.9367994914517046,50.0,0.18,0.58,0.38,0.44,0.5,0.68,0.36,0.14,0.2,-0.0056640031217054,0.0029875669825474,-0.0105183414197501,48.57719516556158,0.8703250348194441,0.0179881768750237,-0.0183052859144389,26052.650390625,0.0055036406751542,1.0,-0.005391137089750965,0.00963611330515519,0.22049910873440282,0.7795008912655971,0.0033920851620721742,0.11764705882352941,0.8823529411764706
2025-11-19,26052.650390625,0.0055036406751542,0.0055036406751542,0.006834555995776,0.0177750689245541,0.0081065967899951,1.0114954260382452,1.0225422928086123,1.052897827488379,64.21329191694599,-4.797746138807124e-05,0.0219811312514854,0.0003106450154402,0.0076681247052738,0.0043628360005576,0.8439630154552203,50.0,0.62,0.54,0.44,0.5,0.64,0.74,0.38,0.24,0.04,0.004179225442817,0.0012432704156714,-0.0077974653430348,50.80746016477968,0.8106309985296503,0.0178439076577115,-0.0159040621330299,26192.150390625,0.0053545415882216,1.0,0.0034317249994889154,0.003380970079129641,0.6193404634581104,0.37531194295900183,0.004503652680167808,0.5294117647058824,0.5294117647058824
2025-11-20,26192.150390625,0.0053545415882216,0.0068695685209709,0.0120946783520909,0.0267526153884789,0.0125074718436919,1.0152762950548668,1.0268892670958802,1.0579194339649791,67.66114321397333,0.0,0.0274533717211493,0.0030495637702407,0.0075873310385439,0.0045002407720103,0.7850180417000017,50.0,0.62,0.64,0.48,0.62,0.72,0.72,0.4,0.16,0.08,0.0015773859440181,0.0081309670734367,-0.0004389977899374,53.763863633394216,0.7745383359759157,0.0176865873054768,-0.0129464696336293,26068.150390625,-0.0047342428227803,0.0,0.0025684605998221002,0.007497594311047625,0.610427807486631,0.36016042780748664,0.004169089822793367,0.7058823529411765,0.7058823529411765
2025-11-21,26068.150390625,-0.0047342428227803,0.0061018641263879,0.0061018641263879,0.022589157970337,0.006826590965856,1.009463177450451,1.0211456253669984,1.0523569442483294,61.94786611713221,-0.0047342428227803,0.022589157970337,-0.0031536016761939,0.0073422920011635,0.0046562973406087,0.7970364857321673,50.0,0.4,0.5,0.46,0.54,0.54,0.7,0.38,0.2,0.06,-0.0037917179885737,-0.000121946440281,-0.0080750227732392,51.59838653208783,0.8075902370997902,0.0172703026282457,-0.0149016137390952,25959.5,-0.004167936312968,0.0,-0.005060240535876572,-0.0008052681776074952,0.3857397504456328,0.6142602495543672,0.002751630762079718,0.35294117647058826,0.6470588235294118
2025-11-24,25959.5,-0.004167936312968,-0.003575466957424,-0.0020738971712799,0.0150600268045062,0.0063713375144629,1.004752867851248,1.016216479177018,1.0474708074312358,57.37622414405274,-0.0088824471131729,0.0183270714855849,0.0020964429699106,0.0075740243473349,0.0046780501773123,1.5256824860055485,50.0,0.24,0.38,0.44,0.52,0.5,0.64,0.4,0.22,0.62,-0.004919825913236,-0.0075525137546156,-0.0147009565957956,52.04140282577468,1.502621127135174,0.0181135653073398,-0.0210722941102586,25884.80078125,-0.002877529180069,0.0,-0.006970479415195407,-0.011361718095663175,0.18618538324420678,0.8138146167557931,0.0037713784371510915,0.17647058823529413,0.8235294117647058
2025-11-25,25884.80078125,-0.002877529180069,-0.0117344167924833,-0.0009745252995904,0.0073886724151011,-0.0031290857698957,1.0016840624113903,1.0127643668313049,1.0439948632478526,54.4035808585839,-0.0117344167924833,0.0153968056225308,0.0015023401837477,0.0075023342931075,0.0044833218079718,0.856077161964541,50.0,0.34,0.38,0.4,0.46,0.54,0.64,0.4,0.04,0.14,-0.002186901263352,-0.0054063759993336,-0.0149026936682556,49.54684495539468,0.8420855743479088,0.0169265628534179,-0.0117736078983598,26205.30078125,0.0123817835303625,1.0,-0.0018940700868755544,-0.007955272036348124,0.35811051693404633,0.6301247771836006,0.0026170087622126303,0.35294117647058826,0.6470588235294118
2025-11-26,26205.30078125,0.0123817835303625,0.0052612244662484,0.0058593036921852,0.0127339054271418,0.0103755203385953,1.0127280315836562,1.0242877732998754,1.0563230993599966,63.21062053612769,0.0,0.0279692290671709,-0.0016168392738922,0.0079137521143305,0.0052751514664985,0.9228964130070398,50.0,0.9,0.5,0.54,0.64,0.68,0.74,0.44,0.2,0.02,0.0141276631927056,0.0002801877199239,0.0022902256393181,54.3667533426415,0.8157533776075337,0.0167300722522749,-0.0080852946992772,26215.55078125,0.0003911422381892,1.0,0.010705073395558004,-0.0007765739747399165,0.845632798573975,0.15436720142602495,0.003273344886807547,0.8823529411764706,0.8823529411764706
2025-11-27,26215.55078125,0.0003911422381892,0.0098634712244072,0.000893412349731,0.0129988962368279,0.0062044602996627,1.0118594097219498,1.0236972992656872,1.0561400386235251,63.45374163541803,0.0,0.0283713112522179,0.0021350344045671,0.0077355929285343,0.0051901072205995,0.8167357759499694,50.0,0.44,0.5,0.48,0.68,0.68,0.74,0.44,0.16,0.1,-0.0018526819372929,-0.0011883992984118,-0.0012760141527524,53.91197299001973,0.7364103541014536,0.016149954372689,-0.0074804744524151,26202.94921875,-0.0004806903583736,0.0,-0.0039442481429691825,-0.00721654216385149,0.4242424242424242,0.5757575757575758,0.0039398345558035175,0.35294117647058826,0.6470588235294118
2025-11-28,26202.94921875,-0.0004806903583736,0.012290936298434,0.005171016205794,0.0113044331704652,0.0125628525662822,1.0102787406626172,1.022274938916427,1.05504833411915,62.90336588751481,-0.0004806903583736,0.0278769830780709,0.0008353224268575,0.0075953848825759,0.00492237566027,0.6947422591989021,50.0,0.38,0.56,0.48,0.66,0.68,0.74,0.44,0.08,0.06,-0.0009134525802855,0.0018677549948679,-0.0012170241699669,53.37008695021466,0.720166139601573,0.0162469759389941,-0.0137798767362491,26175.75,-0.0010380212747401,0.0,-0.0007145600897345155,-0.002884854213052441,0.3640819964349376,0.6359180035650623,0.002336932013266959,0.29411764705882354,0.7058823529411765
2025-12-01,26175.75,-0.0010380212747401,-0.0011276642652063,0.0083302837111653,0.006239110388061,0.0176366003364536,1.0083436629543652,1.0203649403511232,1.0533876629926042,61.66021511635801,-0.0015182126662952,0.0268100249018201,0.0046884631754386,0.0074260433593797,0.0046884195011648,0.749005938096656,50.0,0.48,0.72,0.52,0.56,0.66,0.7,0.4,0.14,0.06,-5.87310621887327e-05,0.0108102430259912,0.0093120203560607,52.051433692412274,0.7675994696069438,0.015795574634143,-0.0083245799803929,26032.19921875,-0.0054841133969418,0.0,0.0005896881067027654,0.004788405012648938,0.5194295900178252,0.4658645276292335,0.003052751369490862,0.5882352941176471,0.5882352941176471
2025-12-02,26032.19921875,-0.0054841133969418,-0.0069940000128144,0.0056944010790598,0.0047143264415518,0.0104353515148964,1.0025451297322812,1.014181747407196,1.047114706564497,55.43353819450387,-0.0069940000128144,0.0211788822881417,-0.0033542794857835,0.0072976941481361,0.0048945764343226,0.8578546899198707,50.0,0.28,0.66,0.54,0.5,0.58,0.7,0.46,0.1,0.24,-0.0043192725885183,0.0076950308335331,0.0047079819405935,50.566481260549295,0.9098246297399374,0.0156385911651478,-0.0057273695743029,25986.0,-0.0017746951904364,0.0,-0.0032537881628949003,0.003333703889685725,0.2640819964349376,0.7359180035650624,0.0033933215162297165,0.17647058823529413,0.8235294117647058
2025-12-03,25986.0,-0.0017746951904364,-0.0082795725373828,-0.008368565699002,-0.0025582959747152,0.0151712990625589,1.0006929226233916,1.0118905462397518,1.044785917067443,53.55898658277614,-0.0087562829850662,0.0193666010371698,-0.0010486562389756,0.007236865953233,0.0046506318695117,0.9005253346890357,50.0,0.26,0.26,0.5,0.38,0.52,0.72,0.4,0.1,0.24,-0.008808479196673,-0.0147004327782694,-0.0011608391268015,48.25458055599121,0.8841670500935759,0.0154892354727113,-0.0163321381893605,26033.75,0.0018375278996383,1.0,-0.009459601979764674,-0.016679568902705076,0.15276292335115862,0.8472370766488413,0.004293735824019405,0.058823529411764705,0.9411764705882353
2025-12-04,26033.75,0.0018375278996383,-0.0054248684373895,-0.0069348449997101,-0.0060476283261452,0.0205431971877119,1.002290055066295,1.0132035911256998,1.0462195268311638,55.24361167031109,-0.0069348449997101,0.0212397156065349,-0.0001597164097976,0.0071135768130654,0.0045483849938095,0.8588935816658589,50.0,0.68,0.3,0.6,0.46,0.56,0.72,0.4,0.22,0.14,0.0039327978981429,-0.0050620206423844,0.0128663229672768,50.07300952085413,0.7901401457907695,0.0155877704331199,-0.007676874220435,26186.44921875,0.0058654330916598,1.0,0.002875865094061119,-0.009939037014373146,0.6472370766488413,0.32335115864527625,0.002940742593131574,0.7058823529411765,0.7058823529411765
2025-12-05,26186.44921875,0.0058654330916598,0.0059253541625057,-0.000629700109795,0.0045380599065265,0.0272297288289709,1.0073851822952498,1.018381825231223,1.0518081119331342,60.21389476078801,-0.0011100877773971,0.023934122224974,-0.0013040464301147,0.0073432295708592,0.0046533158213721,0.8715411910713349,50.0,0.76,0.48,0.62,0.6,0.62,0.72,0.4,0.26,0.06,0.0040019129488607,-0.0004071847794978,0.012040020895049,54.16823269315495,0.8621172305540754,0.0157942050449578,-0.0151897079339218,25960.55078125,-0.0086265394598917,0.0,0.0037751800188026855,-0.005482184135303637,0.7205882352941176,0.27941176470588236,0.004433360130532682,0.7647058823529411,0.7647058823529411
2025-12-08,25960.55078125,-0.0086265394598917,-0.000979343444547,-0.0082213200672378,4.04777152873681e-05,0.0151011141152705,0.998819079464318,1.009216903790535,1.0422914441918882,51.16208492476368,-0.0097270510212733,0.0103367226079662,-0.0010176422651804,0.0077946649263314,0.005132677811727,1.1062435322525008,50.0,0.08,0.28,0.52,0.4,0.54,0.66,0.46,0.06,0.3,-0.0107648082191956,-0.0128030186338115,0.0037855916244813,48.70518746740101,0.8106189813238371,0.0166499493202978,-0.0113155224907892,25839.650390625,-0.0046570811090926,0.0,-0.01621890328669167,-0.021996440521113964,0.054901960784313725,0.9450980392156862,0.004882775766753671,0.058823529411764705,0.9411764705882353
2025-12-09,25839.650390625,-0.0046570811090926,-0.0074556915302251,-0.0073965640208497,-0.0017442819439316,0.0056315025432862,0.994720041486844,1.0043389969453438,1.0370510949107177,47.08266078945259,-0.0143388324648076,0.0,-0.0035997376427966,0.0078701107222409,0.0051803750359078,0.9556290358880252,50.0,0.36,0.36,0.52,0.3,0.5,0.64,0.48,0.14,0.32,-0.0031741374777438,-0.0108862848123138,0.0049505623714473,48.29455954281552,0.9643719995616258,0.0168111098132271,-0.0006809401718389,25758.0,-0.0031598875909956,0.0,0.0009396027764507827,-0.018098644779601797,0.5802139037433155,0.4197860962566845,0.003835805961686738,0.47058823529411764,0.5294117647058824
2025-12-10,25758.0,-0.0031598875909956,-0.0163614858651099,-0.0087739552066496,-0.0170690954850648,-0.0045525463055566,0.9923729253944312,1.001119645535465,1.0334268355737788,44.50191867731431,-0.0174534109570282,0.0,0.0009443003390576,0.0079480226496899,0.0049795488929031,0.7331264546159814,50.0,0.46,0.42,0.44,0.36,0.48,0.62,0.5,0.1,0.08,-0.0012041676883001,-0.0040488278013428,-0.0045594320361603,46.93894555539232,0.7461526658320278,0.0167148927012682,-6.885730603700679e-06,25898.55078125,0.0054565875164998,1.0,-0.004374085500133531,-0.013010111514193937,0.38065953654188944,0.6193404634581104,0.0036369306912572303,0.35294117647058826,0.6470588235294118
2025-12-11,25898.55078125,0.0054565875164998,-0.0023882390062687,-0.0051932287415373,-0.012092059504877,0.0007496533051574,0.9979981500239012,1.0063225793633206,1.0386620764072292,49.62100861097864,-0.012092059504877,0.0054565875164998,0.0005202418908689,0.0081520059285239,0.0051389438538338,0.7504779244424215,50.0,0.76,0.42,0.5,0.48,0.54,0.66,0.48,0.12,0.04,0.0047772385464674,-0.0020408477502955,-0.0032759697021679,49.66848135014856,0.6568411925664193,0.0165577140480852,-0.0040256230073253,26046.94921875,0.0057299900196514,1.0,0.007177317075144554,-0.008842496184170438,0.7605169340463459,0.23413547237076648,0.0030517019705558375,0.8823529411764706,0.8823529411764706
2025-12-12,26046.94921875,0.0057299900196514,0.0080225090119721,-0.0053271827285432,-0.0059535283107892,0.0052836035967582,1.0033615110737664,1.0116092236111789,1.0441500843763292,54.40322939801253,-0.0064313568655054,0.011217843728162,0.0028051159353903,0.0079092081171334,0.0052899654928702,0.8335420721015819,50.0,0.76,0.42,0.46,0.58,0.58,0.68,0.44,0.18,0.06,0.0057557965786249,-0.0061072613613435,-0.0049771994539833,52.02422009437039,0.655043902378512,0.0162896510919308,-0.0102608030507416,26027.30078125,-0.0007543469807149,0.0,0.008909222153301663,-0.0038202512989944045,0.8245989304812835,0.1754010695187166,0.0038320423216025154,0.9411764705882353,0.9411764705882353
2025-12-15,26027.30078125,-0.0007543469807149,0.0104550346009006,0.0025712089301359,-0.0056712498686761,0.0005324769654158,1.00235598407968,1.010416350768067,1.042912450612532,53.67670636273644,-0.007180852371587,0.0104550346009006,-0.0044879896113073,0.0078254401183269,0.0052205844460318,0.7135980509656757,50.0,0.48,0.62,0.38,0.52,0.58,0.66,0.38,0.06,0.08,-0.0003892293875998,0.0069858825270137,-0.0053214396560397,50.088182057163095,0.6266875867834483,0.0160690759226848,-0.0058539166214555,25860.099609375,-0.0064240688375742,0.0,-0.0005802894084746505,0.011991466836300205,0.466488413547237,0.533511586452763,0.002653870337063704,0.35294117647058826,0.6470588235294118
2025-12-16,25860.099609375,-0.0064240688375742,-0.0014846843053024,0.0007913891419142,-0.006611028439389,-0.0019278685440148,0.9963042211033764,1.0037708501625806,1.035839469899518,47.82388171816535,-0.0135587909192137,0.003963801901351,-0.0029123566015192,0.0073809271874416,0.0053469068302556,1.0421552590607202,50.0,0.22,0.62,0.44,0.4,0.52,0.64,0.44,0.04,0.24,-0.0072344544729302,0.0019541937894117,-0.0085773030565614,48.76507330158182,0.7815284713524964,0.0161782847794349,-0.0066494345125466,25818.55078125,-0.0016066770334456,0.0,-0.00747310189366468,0.0034071316321524097,0.2229055258467023,0.7770944741532977,0.003077603927432781,0.23529411764705882,0.7647058823529411
2025-12-17,25818.55078125,-0.0016066770334456,-0.0087687212648913,0.0023507563184252,-0.006443824318864,-0.0089856350837626,0.995205493785242,1.002073307178027,1.033823656771103,46.46795154093237,-0.0151436833546882,0.0023507563184252,0.001635754768503,0.0073658364803494,0.0051899858506229,0.8209919491104264,50.0,0.5,0.56,0.38,0.44,0.48,0.64,0.46,0.08,0.1,0.0003802031679498,0.0045582681650578,-0.0103215209832044,44.92551207172954,0.7553131632196617,0.0157890006504413,-0.0013358858994418,25815.55078125,-0.0001161955225689,0.0,-0.0016322666538808343,0.006206351889002792,0.436096256684492,0.5050802139037432,0.003592991278671485,0.4117647058823529,0.5625
2025-12-18,25815.55078125,-0.0001161955225689,-0.008135688052314,-0.0032048125279693,-0.0083813979449752,-0.0143783386914957,0.9955554097491316,1.00187998644696,1.033356986023333,46.36573132921675,-0.0152581192490561,0.0022342876484975,-0.0020857701486137,0.0075540081770428,0.0050096320597783,0.7923491789802916,50.0,0.5,0.38,0.28,0.36,0.44,0.64,0.44,0.08,0.08,0.0001781514938368,-0.0057899469975232,-0.0193792616709797,43.936052006556096,0.719678190340945,0.0162109799823079,-0.005000922979484,25966.400390625,0.0058433620360547,1.0,-0.0009174151435907717,-0.0018149194486286545,0.4359180035650624,0.5444741532976827,0.0036213592984004946,0.35294117647058826,0.6470588235294118
2025-12-19,25966.400390625,0.0058433620360547,0.0041106098915204,-0.0030924476969846,-0.0084031563915676,-0.0039032305121499,1.0012418951676798,1.007428773511136,1.038987989311859,52.07467706330196,-0.0095039159277628,0.0080907054361751,0.003716721737337,0.0074446470621981,0.0051197832879115,1.491333982473223,50.0,0.86,0.38,0.5,0.46,0.5,0.66,0.5,0.48,0.08,0.0049726637989834,-0.0015510108381329,-0.0017147055638824,50.3389893132268,1.0683407834179306,0.0159185554865559,0.0021885249482674,26172.400390625,0.0079333291061156,1.0,0.006973473749104668,-0.0037058104745569475,0.914795008912656,0.08520499108734401,0.0034468132457197917,0.9411764705882353,0.9411764705882353
2025-12-22,26172.400390625,0.0079333291061156,0.0137052467573808,0.0055749003938021,0.0081604435576154,0.0082012515890137,1.0083030441860146,1.0148073362670544,1.0467387013668723,58.56141280256768,-0.001645984514499,0.0160882207712167,0.0034448062651877,0.0074853881131576,0.0053346279591935,1.027765929356326,50.0,0.8,0.54,0.54,0.6,0.5,0.66,0.4,0.32,0.02,0.0048528667815569,0.0022989039656416,0.0012846117917995,49.52210190765271,0.8312881669082374,0.0159554189228017,-0.0069166397972142,26177.150390625,0.0001814888939914,1.0,0.008335972835050984,0.005200410799462382,0.8389483065953653,0.16105169340463454,0.003707725681088491,0.9411764705882353,0.9411764705882353
2025-12-23,26177.150390625,0.0001814888939914,0.0140070460800563,0.0122602304723937,0.0130613222275812,0.0112942576551242,1.007671645525452,1.014395147133747,1.0464400355817385,58.70022254291742,-0.0014647943484165,0.0162726294986024,0.0012531837980267,0.0073177200838632,0.0052786069644839,0.8878140755010862,50.0,0.52,0.82,0.54,0.62,0.6,0.68,0.4,0.12,0.06,7.455841529890872e-05,0.0110761557583284,0.0060867001944938,51.91534373095713,0.7831733492759627,0.0156637459712215,-0.0052075574606303,26142.099609375,-0.0013389838361685,0.0,-0.00030240153545777707,0.012437122361013504,0.4409090909090909,0.5590909090909091,0.003307155883186674,0.47058823529411764,0.5294117647058824
2025-12-24,26142.099609375,-0.0013389838361685,0.0067664064370445,0.0125316417201839,0.0149118568745632,-0.0024117705193531,1.0057168148694406,1.0125192374349177,1.0445707470463967,57.17815503262558,-0.0028018168486291,0.0149118568745632,-0.0002483081581838,0.0072021169926959,0.0044971222814283,0.787832001502222,50.0,0.48,0.8,0.38,0.6,0.54,0.68,0.48,0.08,0.08,-0.0009717069806124,0.0100268891474279,-0.0059102210653318,51.73069513616937,0.7116546658457845,0.0156601620028983,-0.0034984505459786,26042.30078125,-0.003817552133005,0.0,-0.0012843209195669346,0.012821211309086271,0.48743315508021384,0.5125668449197861,0.003844818121028945,0.47058823529411764,0.5294117647058824
2025-12-26,26042.30078125,-0.003817552133005,-0.004970870360886,0.0087834655135341,0.0055505036252481,-0.0066086728997474,1.0016983311633565,1.0083117033996445,1.0401630141000315,52.96690356380303,-0.0061309296201301,0.0110373779505397,-0.0007975491520016,0.0070057669095757,0.0045702572028703,0.6057766039021897,50.0,0.3,0.7,0.42,0.56,0.54,0.66,0.5,0.04,0.12,-0.0034970225140565,0.0090346995579387,-0.0057771011984315,50.276771181683344,0.5260476907767522,0.015664914161367,0.0008315717013159,25942.099609375,-0.0038476313101776,0.0,-0.0017774182837036233,0.01194486954020071,0.3303030303030303,0.6696969696969697,0.0028295899038579568,0.29411764705882354,0.7058823529411765
2025-12-29,25942.099609375,-0.0038476313101776,-0.0089792348572127,-0.0009358548310289,-0.0040254084458967,-0.0099549713735408,0.9980490823336844,1.0042575442076311,1.0357881639435815,49.05993390282125,-0.0093311470880916,0.0071472788793773,0.0008082553189829,0.0067362892886303,0.0046379375584189,0.9914103160834428,50.0,0.28,0.48,0.42,0.4,0.5,0.66,0.52,0.12,0.2,-0.0026991001413489,-0.0002393732753707,-0.0085547390021043,48.14536508313326,0.786717771095276,0.0154519607433281,0.0014002323714364,25938.849609375,-0.0001252789885528,0.0,-0.004556651648321167,0.00032743746700985486,0.29848484848484846,0.7015151515151515,0.003875188249759552,0.23529411764705882,0.7647058823529411
2025-12-30,25938.849609375,-0.0001252789885528,-0.007774815452356,-0.0089235522063026,-0.0033983997272095,-0.009050376421879,0.998121386071559,1.003969060037071,1.0352910698621194,48.93385566382872,-0.0094552570799752,0.0070211044869554,-4.622674217036327e-05,0.0063686821717333,0.0046367507600291,1.6167993971118395,50.0,0.34,0.4,0.42,0.5,0.52,0.66,0.52,0.3,0.5,-0.0016444042024448,-0.0102443129875577,-0.0078774301011003,48.819789750353365,1.458333755287059,0.0152361784765812,0.0011729463207786,26129.599609375,0.007353834224439,1.0,-0.0003948833597006174,-0.008289457050434944,0.4331550802139037,0.5668449197860963,0.0030494211854151416,0.47058823529411764,0.5294117647058824
2025-12-31,26129.599609375,0.007353834224439,0.0033521933740914,-0.0018164995249838,0.0104214602445806,0.0037415352351346,1.0049387026579897,1.0109020490111995,1.042459392696731,56.06966955158195,-0.0021709552486518,0.014426570749864,0.0012414263685527,0.0064206003973262,0.0047884695469393,1.00505998530972,50.0,0.86,0.48,0.6,0.6,0.58,0.66,0.5,0.3,0.04,0.0080220829889003,-0.0002368368808319,0.0040019117695448,53.62257510736062,0.8530861609191269,0.0154592548079278,0.0002603765344102,26146.55078125,0.0006487344669803,1.0,0.009742376284255552,0.0016936457237372142,0.9064171122994653,0.09358288770053476,0.0038665941602995745,0.9411764705882353,0.9411764705882353
2026-01-01,26146.55078125,0.0006487344669803,0.0078810572372143,0.0001702683388675,0.0127040438008705,0.0061783568556146,1.0050555072641825,1.0110995758832129,1.0426881391634997,56.64939909390267,-0.0015236291551674,0.0150846642305302,0.0016724776700871,0.0060192251269826,0.0047665453995301,1.681847819643951,50.0,0.74,0.52,0.56,0.62,0.58,0.68,0.54,0.1,0.06,0.0040266771539725,0.0004689861982445,0.0194101600347621,51.92192241060428,0.5294668081412961,0.0153352546152652,0.0132318031791475,26328.55078125,0.0069607651702385,1.0,-0.002115648293050644,0.0009251955544533068,0.7491978609625668,0.25080213903743315,0.014298470657908739,0.6470588235294118,0.6470588235294118
2026-01-02,26328.55078125,0.0069607651702385,0.0150238417564265,0.0109917323513173,0.0198717433668931,0.0113237924328994,1.010891203817195,1.0174139379013332,1.0494245080855875,62.3884323472671,0.0,0.0221504302061494,0.0003269581596641,0.006147314743511,0.0049851142201906,1.382844985978145,50.0,0.78,0.78,0.58,0.72,0.68,0.72,0.5,0.28,0.12,0.0064181697689507,0.0102241450122266,0.0131465236108357,56.193797542212025,0.8826860383857762,0.0153503796788807,0.0018227311779362,26250.30078125,-0.002972058760474,0.0,0.007952232005497854,0.010605137707608148,0.8084670231729054,0.19153297682709447,0.006404752140149898,0.8823529411764706,0.8823529411764706
2026-01-05,26250.30078125,-0.002972058760474,0.0046193272640768,0.0118803480256324,0.0109333749135094,0.0024383436626558,1.0071302985376074,1.013818007551624,1.0458236916252892,58.78506715071018,-0.002972058760474,0.0191125390655331,0.0001955457990368,0.0062220960095716,0.0048821002687225,1.288212927756654,50.0,0.48,0.72,0.56,0.72,0.66,0.74,0.56,0.24,0.28,-0.0003288946135277,0.0210102363415897,0.0099499345837522,55.56192542084072,1.0135890913293188,0.0154006787484602,0.0075115909210964,26178.69921875,-0.0027276473171363,0.0,0.00214926473638597,0.01737666817087254,0.4683600713012477,0.5316399286987523,0.004107473948746794,0.47058823529411764,0.5294117647058824
2026-01-06,26178.69921875,-0.0027276473171363,0.0012295479342174,0.0092467327189527,0.0002406668104946,0.0084030743160332,1.003964099639711,1.010614630775811,1.0425252981122983,55.619482117060834,-0.005691599349506,0.0163327594824909,-0.0023086044996211,0.0061197369240331,0.0044872686975464,1.4392274016872404,50.0,0.62,0.8,0.74,0.74,0.7,0.74,0.64,0.38,0.22,0.0033394862369821,0.0247003487785614,0.0171033549975471,58.242489110024685,1.2080399623137432,0.0157859080684311,0.0087002806815138,26140.75,-0.0014496220164682,0.0,-0.0018719842627349275,0.016335489635447304,0.513458110516934,0.48654188948306587,0.008231001505740692,0.5294117647058824,0.5294117647058824
2026-01-07,26140.75,-0.0014496220164682,-0.0071329706982483,0.0004267340790402,-0.0013905406081953,0.0116526193204318,1.0022692622108451,1.008787659779688,1.0405893661691314,53.96092150906759,-0.0071329706982483,0.014859461138287,-0.0013598692997512,0.0060205501536326,0.0043512178151429,1.256198347107438,50.0,0.42,0.66,0.68,0.7,0.68,0.72,0.62,0.28,0.28,-0.0036840536149189,0.0163205621721487,0.031625864544019,57.63641583492927,1.1155131638862756,0.0162536079416685,0.0199732452235872,25876.849609375,-0.0100953641584499,0.0,0.0009193989488102877,0.007498499392366252,0.489572192513369,0.5104278074866311,0.0051674754755923315,0.35294117647058826,0.6470588235294118
2026-01-08,25876.849609375,-0.0100953641584499,-0.0142265482969912,-0.0103149808986815,-0.010146468874477,0.0046140853084477,0.9928932013702482,0.9986582690500044,1.0297759786210972,44.11025065354498,-0.0171563249199678,0.0023744923609967,-0.0013102148943698,0.0063752398047719,0.0049065855093646,1.193438811284082,50.0,0.08,0.4,0.66,0.46,0.58,0.7,0.58,0.06,0.52,-0.0094670241212007,-0.0085062914612316,0.0164066775164305,49.682218367114544,1.0630130660147803,0.0170217734805153,0.0117925922079827,25683.30078125,-0.0074796132854935,0.0,-0.012160140696343358,-0.003130975411573093,0.0748663101604278,0.8663101604278074,0.003635795456750609,0.058823529411764705,0.9375
2026-01-09,25683.30078125,-0.0074796132854935,-0.0189237224264061,-0.0245076155296598,-0.0137852643288135,-0.0083112758631975,0.9868326385881132,0.9915313066220124,1.0218492152714522,38.55165958463047,-0.0245076155296598,0.0,-0.0014085647712229,0.0068120874817148,0.0050339462429332,1.2351712171110876,50.0,0.26,0.34,0.56,0.4,0.52,0.66,0.62,0.2,0.32,-0.008173489630964,-0.025352565181021,0.0052538119027212,48.73089828721496,1.018440030831254,0.0172784982717142,0.0135650877659188,25790.25,0.0041641539637333,1.0,-0.007912704350791392,-0.018736030285661922,0.27201426024955433,0.7279857397504456,0.004068843585942335,0.17647058823529413,0.8235294117647058
2026-01-12,25790.25,0.0041641539637333,-0.0134081845394642,-0.0175255432341028,-0.0058534047614297,-0.0098552508623626,0.9917975559473864,0.9958296743077364,1.0258378966688757,42.8381625999692,-0.0204455150502759,0.0041641539637333,-0.0005548352262573,0.0071312875886097,0.0049448942318138,0.9664815236626776,50.0,0.78,0.3,0.5,0.46,0.56,0.7,0.6,0.4,0.1,0.0043528199040859,-0.0111964287205484,-0.0003934274864642,50.05956696859678,1.002904772347077,0.0176912287165964,0.0094618233758984,25732.30078125,-0.0022469428853927,0.0,0.006509758643462334,-0.01455676397760021,0.7957219251336899,0.20427807486631017,0.0032491907190307138,0.8235294117647058,0.8235294117647058
2026-01-13,25732.30078125,-0.0022469428853927,-0.0055860288368577,-0.0170519716724609,-0.0079629139778947,-0.0113342525404138,0.9905530831172524,0.9938418445436896,1.023293285007936,41.16263792958842,-0.0226465180310881,0.0019078544622181,0.004152716990917,0.0076525488881129,0.004960436497116,1.1576757825820092,50.0,0.38,0.24,0.52,0.5,0.58,0.74,0.56,0.26,0.34,-0.0035717168787935,-0.0176226651507313,0.0040798471676382,51.32894336495306,1.0685367288127314,0.0184569646162637,0.015414099708052,25665.599609375,-0.0025921184600641,0.0,-0.003302977865429289,-0.01587878761387517,0.3394830659536542,0.6605169340463458,0.005210897511717097,0.4117647058823529,0.5882352941176471
2026-01-14,25665.599609375,-0.0025921184600641,-0.0006892093826165,-0.0181766166091256,-0.017757639111834,-0.0075212393972948,0.989117242318416,0.9916053354043984,1.020431210440884,39.25922808909005,-0.0251799340337077,0.0,-0.0032546642724239,0.0078794965411345,0.0047931206784611,1.3116668613089977,50.0,0.44,0.24,0.56,0.38,0.48,0.68,0.6,0.28,0.34,-0.0022899362405425,-0.0216118053869839,0.0054290954622788,47.36577045265231,1.0795407289301977,0.0190589958373046,0.0129503348595737,25694.349609375,0.001120176439965,1.0,0.001675162309567319,-0.015086399934336515,0.49153297682709446,0.5084670231729055,0.005602533569787168,0.4117647058823529,0.5882352941176471
2026-01-16,25694.349609375,0.001120176439965,-0.0037184746415797,-0.0070526359566537,-0.017294869050157,-0.00481054002323,0.9911479181276884,0.9929997515784712,1.0213550197849313,40.535594195614486,-0.0240879635626071,0.001120176439965,0.0011864586192593,0.0080805649353862,0.0047947696122877,1.3951843636480534,50.0,0.44,0.46,0.56,0.48,0.5,0.68,0.6,0.36,0.4,-0.002896288840099,-0.0013595617556321,0.0143337960651425,48.90933395596285,1.3672767405732031,0.0187418248198067,0.0191443360883725,25585.5,-0.0042363247573811,0.0,-0.0042079460601076295,0.0005936288577715214,0.3271836007130125,0.6728163992869876,0.005248150084335172,0.23529411764705882,0.7647058823529411
2026-01-19,25585.5,-0.0042363247573811,-0.0057049224823676,-0.003807952181964,-0.0282222438835929,-0.0089113257043923,0.9881773422293156,0.9892278348951696,1.0168559371342816,37.3366679778916,-0.0282222438835929,0.0,-0.0016054113307834,0.0081526312249265,0.0048774136084935,1.370362925049096,50.0,0.4,0.36,0.46,0.36,0.44,0.58,0.48,0.2,0.32,-0.00293461891672,-0.0099037604265686,-0.0115661547986841,45.87595452934047,1.05922594629895,0.0190892358038211,-0.0026548290942917,25232.5,-0.0137968771374411,0.0,-0.004385447107657993,-0.010337374344908523,0.34581105169340465,0.6541889483065954,0.0074070122202549125,0.35294117647058826,0.6470588235294118
2026-01-20,25232.5,-0.0137968771374411,-0.0168747122984338,-0.0216263898178574,-0.0387729188222099,-0.0282634627666747,0.976912026755924,0.9765147525607902,1.0027982976176564,29.26958158683007,-0.0416297421896292,0.0,-0.0002032095815989,0.0091595262275127,0.0054857870830805,1.262126951861776,50.0,0.04,0.2,0.4,0.26,0.34,0.52,0.5,0.04,0.6,-0.0188574240924845,-0.021246937178417,-0.0271312144804646,37.65107222447867,1.1900464717496906,0.0204179336896328,0.0011322482862101,25157.5,-0.0029723570791637,0.0,-0.02015746041379426,-0.026941689347661446,0.020053475935828877,0.9799465240641712,0.0037483618264864795,0.0,1.0
2026-01-21,25157.5,-0.0029723570791637,-0.0208936835349636,-0.0223377142268146,-0.0390087838290523,-0.0387775051381431,0.9764253390917256,0.9746207547910108,0.9998194373676224,27.890745884031677,-0.0444783608098919,0.0,-0.0036262756365798,0.0095617531427009,0.0050304413120062,1.192212645410162,50.0,0.4,0.16,0.36,0.24,0.32,0.48,0.54,0.24,0.42,-0.0014889452207631,-0.0250289317187373,-0.0292905087233872,39.68197530413234,1.142141473192789,0.0209342934149262,0.0094869964147558,25289.900390625,0.0052628596094603,1.0,0.0016195517801505391,-0.02713518080272316,0.5042780748663102,0.49572192513368984,0.0033481327407475685,0.5294117647058824,0.5294117647058824
2026-01-22,25289.900390625,0.0052628596094603,-0.0115534036612534,-0.0146382404645931,-0.0325487833889617,-0.0338940635921073,0.9832905875085002,0.9805287003332316,1.0050305316905823,33.81793778088279,-0.0394495845690329,0.0052628596094603,0.0074192741975553,0.010059907653662,0.0052672240698463,1.4085893834525498,50.0,0.78,0.26,0.36,0.34,0.4,0.58,0.58,0.5,0.16,0.0086230410443365,-0.0122982905234502,-0.0251284474694851,43.86293827311087,1.146218043048973,0.0209881288320291,0.0087656161226222,25048.650390625,-0.0095393811867061,0.0,0.009360564314826028,-0.01801955300200825,0.794295900178253,0.20570409982174687,0.004834284373230829,0.8823529411764706,0.8823529411764706
2026-01-23,25048.650390625,-0.0095393811867061,-0.0072862225056969,-0.0251300082923447,-0.0320054114489249,-0.0418271384123205,0.9763365114048672,0.9722741119132904,0.995488299444692,29.120886372822994,-0.0486126411308778,0.0,0.002162887868482,0.0104449474066443,0.0055485348207878,1.1078143236820273,50.0,0.24,0.16,0.36,0.3,0.36,0.5,0.58,0.1,0.42,-0.009345570785414,-0.0228715305958176,-0.024872890848187,39.319757235062326,1.0396947414136215,0.0214437350800689,0.0169542475641334,25175.400390625,0.0050601528634628,1.0,-0.021540749487751892,-0.03500824300693489,0.2245098039215686,0.7754901960784314,0.0054454198884481405,0.11764705882352941,0.8823529411764706
2026-01-27,25175.400390625,0.0050601528634628,0.0007115329673059,-0.0160285946874205,-0.0197755107472709,-0.033288164433196,0.9830298131600038,0.9780687074147494,1.0005203896182266,34.28513499287635,-0.0437984756626339,0.0050601528634628,0.0005868267759248,0.0108206446877978,0.0057567366892693,1.6307757189172092,50.0,0.62,0.32,0.42,0.4,0.44,0.52,0.52,0.54,0.38,0.0080359617754856,-0.0169868726215474,-0.0263695370564793,41.114380089396015,1.522320791084061,0.0220086439020359,0.0069186273767166,25342.75,0.0066473464881742,1.0,0.009652950114713628,-0.021726259828364566,0.6393939393939395,0.3606060606060606,0.008303326884491577,0.6470588235294118,0.6470588235294118
2026-01-28,25342.75,0.0066473464881742,0.0020897515829911,0.0043693649063707,-0.0173515185002084,-0.0231033578006309,0.990548830840858,0.9851663808549088,1.0070993335650182,40.4539692253019,-0.0374422728178431,0.0117411359410035,0.0033147126740862,0.0108830698974206,0.0060206018563151,1.4502295545128905,50.0,0.64,0.52,0.4,0.42,0.38,0.5,0.52,0.4,0.22,0.0080054063490122,0.001773831001851,-0.0181367588020593,41.59330041092174,1.2617879817136657,0.0224082243833919,0.0049665989985716,25418.900390625,0.0030048195489833,1.0,0.013009475183842222,0.011244785514823167,0.6505347593582887,0.34946524064171125,0.008795157711298428,0.6470588235294118,0.6470588235294118
2026-01-29,25418.900390625,0.0030048195489833,0.0147812354847898,0.0103905551276954,-0.0121792603502194,-0.0200451919256309,0.994138279474929,0.9885869363058726,1.0100237243312384,43.07270766765674,-0.0345499605421811,0.0147812354847898,8.878278797674888e-05,0.0113537464032224,0.0060889578891254,1.4355611974512874,50.0,0.44,0.56,0.36,0.42,0.36,0.48,0.46,0.38,0.32,-0.0020546860972277,0.0037296413814764,-0.0323156009941958,45.13591999797531,1.353496053466324,0.0224409619569291,-0.0122704090685649,25320.650390625,-0.0038652340774046,0.0,0.005673776114725842,0.015565700899778398,0.5301247771836007,0.4591800356506239,0.00613373626271353,0.5294117647058824,0.5294117647058824
2026-01-30,25320.650390625,-0.0038652340774046,0.0057695209508599,0.0012159003999636,-0.0134401387070652,-0.0309591126861261,0.991211798925283,0.9853544858483304,1.0060584842965552,40.592273047933766,-0.0382816509347252,0.010858868472283,-0.0067410315451016,0.0111804443126232,0.0057887863428736,1.2139446036294177,50.0,0.5,0.48,0.36,0.42,0.34,0.5,0.5,0.4,0.34,0.0002032437491459,-0.0046073468041491,-0.0313788907804421,44.150019254593616,1.3165445455261908,0.022613245016487,-0.0004197780943159,25088.400390625,-0.0091723552285208,0.0,-0.002342857990859407,0.003316665909189271,0.524777183600713,0.46987522281639926,0.004734834248822218,0.47058823529411764,0.5294117647058824
2026-02-02,25088.400390625,-0.0091723552285208,-0.010036385529392,0.0015869118447546,-0.0235829755554081,-0.0404699801315212,0.9837953101791276,0.9772240770719236,0.996861996266903,35.40230173932687,-0.0471028732621386,0.0015869118447546,-0.0207005105531992,0.0122054017764661,0.0060045220354212,1.0695747416543644,50.0,0.2,0.52,0.24,0.26,0.34,0.48,0.5,0.14,0.42,-0.011022476641683,0.0020188594393628,-0.0395831599077848,43.59208607890955,1.0102032607106834,0.024411126419041,0.0008868202237363,25727.55078125,0.0254759323302189,1.0,-0.008960005266015904,0.01667654122756699,0.13030303030303028,0.8696969696969697,0.009491714856960192,0.17647058823529413,0.8235294117647058
2026-02-03,25727.55078125,0.0254759323302189,0.0121425547872573,0.0219321393923337,0.0055520033319653,-0.0228269305437048,1.008007998538912,1.0020364739469327,1.022031633137939,53.15359129471928,-0.0199140575323765,0.0271032722337445,0.0486141153535144,0.0144371216402233,0.008411258720286,1.468534691338111,50.0,0.94,0.74,0.38,0.72,0.56,0.64,0.62,0.82,0.06,0.0243152703480012,0.0163710797136529,-0.0093886064278386,53.68856810159178,1.405335268581544,0.0262118428057336,0.0134383241158662,25776.0,0.0018831648283172,1.0,0.030822320725069532,0.038126250085825944,0.9147058823529413,0.08529411764705883,0.006525000545918709,0.9411764705882353,0.9411764705882353
2026-02-04,25776.0,0.0018831648283172,0.0179833299046534,0.017095619062651,0.0215396809670067,-0.0180683941567931,1.0089543439710509,1.003769032164291,1.023712263829912,54.18142497830379,-0.0153827054348664,0.0290374769910648,-0.0020406139879534,0.0142938793683354,0.008425061254342,0.9801149320441483,50.0,0.74,0.66,0.34,0.72,0.56,0.64,0.6,0.22,0.12,0.0066501977919329,0.0143993823557773,-0.0124399298020635,53.93107749913196,0.8835567049421588,0.0262223837532055,0.0056284643547295,25642.80078125,-0.0051675674561607,0.0,0.010916832539867001,0.03645988696385398,0.8560606060606061,0.14393939393939395,0.004836867434165661,0.8823529411764706,0.8823529411764706
2026-02-05,25642.80078125,-0.0051675674561607,0.0220978771859909,0.0088084215754502,0.0192905010931134,-0.0204707817230342,1.003383060653494,0.9986375205294928,1.0182355138972832,50.876487517117454,-0.0190487732276235,0.0237198564137959,-0.0007797800036856,0.0143923594974823,0.0084707987020721,0.7875206157229246,50.0,0.38,0.7,0.38,0.68,0.52,0.64,0.56,0.12,0.16,-0.0025127293130808,0.0122812709682932,-0.0151034064101973,52.43654401776365,0.7597144652629864,0.027452376330395,0.0053673753128369,25693.69921875,0.0019849016468285,1.0,-0.0044718697461787246,0.025954949833150085,0.3532976827094474,0.6467023172905526,0.004383388722183303,0.29411764705882354,0.7058823529411765
2026-02-06,25693.69921875,0.0019849016468285,-0.0013157708943157,0.0147329875958921,0.0159668018413663,-0.0171016815221445,1.0048603154410551,1.000595400660382,1.02005101147662,52.0793689129144,-0.0070777700295728,0.0257518396426827,-0.0014429001073491,0.0143664875019625,0.0084959748904322,0.8564748816787364,50.0,0.36,0.66,0.5,0.7,0.56,0.6,0.62,0.18,0.16,-0.0037662129932305,0.0196564449467807,0.0002955163908845,53.406033225661545,0.6818659063095327,0.0276186560000573,0.017397197913029,25867.30078125,0.0067565810988132,1.0,-0.00036051107640869577,0.027899376832433626,0.3644385026737968,0.6355614973262033,0.0041447594812422,0.47058823529411764,0.5294117647058824
2026-02-09,25867.30078125,0.0067565810988132,0.0035420849336591,0.0310462356506417,0.0326824151344855,-0.0003690104579632,1.0105285556034145,1.007065495673183,1.0266678292384974,56.03381819170808,0.0,0.0326824151344855,0.0075894093076989,0.0143489092024729,0.0083631198056207,0.816873877764393,50.0,0.72,0.84,0.58,0.7,0.68,0.68,0.58,0.16,0.04,0.0068014230510677,0.0399894938797852,0.014576594429093,54.48886607775369,0.7447950196850787,0.028183218616889,0.0149456048870563,25935.150390625,0.0026229876069705,1.0,0.009792724065744952,0.04729524325778335,0.7506238859180037,0.24937611408199642,0.0049372472236843545,0.7058823529411765,0.7058823529411765
2026-02-10,25935.150390625,0.0026229876069705,0.0114008454797482,0.0080691555577958,0.0301782687946017,0.0098059673684489,1.01190905369086,1.009322799809132,1.029060129475849,57.50963465675699,0.0,0.0353911283113197,0.0021397520306842,0.0135071616158344,0.0081899543743377,1.034393760870785,50.0,0.58,0.8,0.56,0.72,0.62,0.68,0.5,0.16,0.06,0.0017536459936512,0.0147406622721543,0.0116270562178917,56.133971072901545,0.7522889297756201,0.0274555040894712,0.0018210888494427,25953.849609375,0.0007209990483325,1.0,0.005182938602090413,0.021158543525119575,0.5404634581105169,0.4007130124777184,0.0046326401968777514,0.5882352941176471,0.625
2026-02-11,25953.849609375,0.0007209990483325,0.0101250656205686,0.0068998141439711,0.0241133898008305,0.0063434673713902,1.011421211752748,1.0096525780765908,1.0294967958076555,57.92877508279918,0.0,0.036137644329484,0.0024021001300043,0.0127500901782038,0.0081453809418381,0.7391464353023831,50.0,0.56,0.7,0.64,0.72,0.68,0.7,0.6,0.12,0.14,0.0003585945038129,0.0096430496676976,0.0209507662943958,56.81874076525371,0.6465798143686994,0.0274000451222026,0.0146072989230056,25807.19921875,-0.0056504292362096,0.0,0.0009892266547663637,0.010971693939012213,0.5595365418894831,0.4404634581105169,0.004948071513182258,0.5294117647058824,0.5294117647058824
2026-02-12,25807.19921875,-0.0056504292362096,-0.0023234570552318,0.0064110952193727,0.0152759884242754,0.0029106778339298,1.005159991390872,1.003792212423259,1.0234385555721648,53.47371194981854,-0.0056504292362096,0.0302830218912275,-0.0018167012344854,0.0126099756173986,0.0082374704794732,0.927158173980325,50.0,0.42,0.72,0.6,0.7,0.64,0.66,0.6,0.18,0.16,-0.0019703654565305,0.0167275595466999,0.015477257146322,55.60112857091871,0.7412785569776822,0.027152270820308,0.0125665793123922,25471.099609375,-0.0130234825765521,0.0,-0.003343746132161648,0.012315952298396243,0.44875222816399285,0.5512477718360071,0.004281913203374854,0.47058823529411764,0.5294117647058824
2026-02-13,25471.099609375,-0.0130234825765521,-0.0178927353132968,-0.0086635874219527,0.0059417596479158,-0.0075782371329814,0.9928191880834204,0.9910800430105928,1.010008219358728,44.94290481672745,-0.0186003235460539,0.0168651489067095,-0.0091466271145572,0.0128892414515527,0.0087371382892815,0.9958934492830006,50.0,0.12,0.46,0.46,0.54,0.48,0.6,0.52,0.08,0.24,-0.012779873265302,-0.0037112978208438,-0.0022803294549438,51.11655233394433,0.7230284293646647,0.0273776178384611,0.0052979076780376,25682.75,0.0083094328030934,1.0,-0.01701412315076803,-0.004505840378085307,0.051336898395721926,0.9486631016042779,0.004959828669498787,0.0,1.0
2026-02-16,25682.75,0.0083094328030934,-0.0104454488815822,-0.0071345202505153,0.0236902154031748,-0.0004514459229887,1.0009670489703495,0.9993421871521204,1.0182143871825575,50.31798271587606,-0.0104454488815822,0.0253147215313573,-0.001864858633057,0.0128113931738507,0.0089459513892677,0.6163679435033299,50.0,0.74,0.42,0.56,0.64,0.56,0.64,0.56,0.06,0.04,0.0060845700996312,-0.004562087137318,0.0151747986702043,52.93416301432639,0.5518707975213168,0.0270413342267926,0.015626244593193,25725.400390625,0.0016606629206374,1.0,0.0088848941476337,-0.00547551177001262,0.8506238859180035,0.14937611408199641,0.004313054491031265,0.8823529411764706,0.8823529411764706
2026-02-17,25725.400390625,0.0016606629206374,-0.0031696127670285,-0.008087479611293,-8.358318455126135e-05,0.005467956093295,1.002378311055352,1.000962435244049,1.0197033328986738,51.34873481814146,-0.0088021323305919,0.0270174236713882,-0.0017443919070192,0.0127829350236906,0.0088954854066004,0.7776095455469932,50.0,0.54,0.56,0.6,0.62,0.56,0.62,0.56,0.1,0.02,0.0005554207146625,0.001026101425117,0.0163334810028172,54.15375134209214,0.6002916711005786,0.0255955147030367,0.0108655249095221,25819.349609375,0.0036520021971839,1.0,0.0049565313964812854,-0.0055271894185644505,0.5983957219251337,0.4016042780748663,0.0036818770432101057,0.5882352941176471,0.5882352941176471
2026-02-18,25819.349609375,0.0036520021971839,0.0136723582939395,-0.0051822755400191,0.0016817818658829,0.023257687877737,1.0054607154112765,1.004436052737776,1.0231887788551983,53.63085713988405,-0.0051822755400191,0.0307680935591823,0.0010592643685316,0.0124170342682651,0.0082729795274626,0.7089799556601833,50.0,0.64,0.5,0.7,0.7,0.6,0.64,0.58,0.08,0.04,0.0039593794035964,0.0001675575346868,0.0411113989055581,54.23924613380284,0.5425757885757264,0.0242930814613346,0.017853711027821,25454.349609375,-0.0141366845223501,0.0,0.0007652296194716562,-0.005806560647778534,0.5946524064171124,0.36417112299465243,0.0036886486204783194,0.6470588235294118,0.6470588235294118
2026-02-19,25454.349609375,-0.0141366845223501,-0.008893143866019,-0.0136725262739336,-0.0073490869223924,0.0117996466014111,0.992073861784782,0.9906159403950447,1.0086367233633964,44.83215238681437,-0.0192456998679522,0.0161964502048319,0.0020914546964572,0.01341251899121,0.0089194796829736,0.6892247954513937,50.0,0.08,0.24,0.6,0.5,0.54,0.62,0.54,0.02,0.1,-0.0151493127229457,-0.0146698642464574,0.0293379094709549,50.71998325129052,0.609304405336317,0.0248075660156993,0.0175382628695437,25571.25,0.0045925506806878,1.0,-0.01599527759258237,-0.018577662751833403,0.056327985739750445,0.9436720142602496,0.004631322284121041,0.058823529411764705,0.9411764705882353
2026-02-20,25571.25,0.0045925506806878,-0.0059921473829102,0.0039319225381277,-0.0047657294384704,0.0111249789453222,0.9969499836745244,0.9953541058604194,1.0131351751665116,47.78671247519976,-0.0147415360392932,0.0208633839039324,-0.0018778255527454,0.0123527344377404,0.0089023757872802,0.7009003473781222,50.0,0.72,0.6,0.62,0.56,0.54,0.6,0.56,0.14,0.04,0.0060729946130214,0.0062641089904477,0.0305991102082846,50.97969919973014,0.6804538751436526,0.0227311449324802,0.0194741312629623,25713.0,0.0055433347998239,1.0,0.006085642926904074,0.004539121588364629,0.6927807486631016,0.3018716577540107,0.003667152372855216,0.7058823529411765,0.7058823529411765
2026-02-23,25713.0,0.0055433347998239,-0.0041189887035878,0.0011778333706475,-0.0059650901559024,0.0265223714257933,1.0022400342166575,1.0008374744849895,1.018561279145671,51.19959986147227,-0.0092799185091987,0.0248959519000819,0.0041902680011731,0.00936060257874,0.0086338550562644,0.7484015650348316,50.0,0.68,0.62,0.8,0.64,0.62,0.64,0.62,0.1,0.1,0.0059216754215349,0.0071803483130974,0.0458473850092621,55.52241044057085,0.711777166852956,0.0207409903289937,0.0193250135834687,25424.650390625,-0.0112141566279703,0.0,0.0058509621021188875,0.00150584887068458,0.6961675579322638,0.3038324420677362,0.003825098684704743,0.7058823529411765,0.7058823529411765
2026-02-24,25424.650390625,-0.0112141566279703,-0.0011667639993072,-0.011690780140767,-0.0196837108060315,0.0099005376729903,0.99185084380585,0.9900171573133656,1.0070674368324155,44.78648676674737,-0.020390008677512,0.0134026081681017,-0.0027689969567923,0.009834233458598,0.0090233952281436,1.0705056316738992,50.0,0.34,0.46,0.74,0.6,0.6,0.6,0.7,0.14,0.28,-0.0040390319782525,-0.0033308234082446,0.0280329585267787,55.00097682868609,0.9273024661316542,0.0202941837041475,0.0181324208537884,25482.5,0.0022753354908011,1.0,-0.010217510803988767,-0.013398736045277845,0.34946524064171125,0.6505347593582887,0.0034574978915348077,0.4117647058823529,0.5882352941176471
2026-02-25,25482.5,0.0022753354908011,-0.0034706946277557,-0.0130464018060583,-0.0181610672971126,0.0055143976087834,0.9946658212181716,0.992570672259,1.0092648674250464,46.24133129105031,-0.0181610672971126,0.0157084390889372,0.0034592105456219,0.0099000616231727,0.0089197915855497,1.0299767496798418,50.0,0.74,0.42,0.72,0.68,0.66,0.6,0.7,0.26,0.06,0.0075701027303118,-0.0027136362646422,0.0239841426988199,54.98595785395932,0.8277288786008473,0.0201981762587225,0.0184697450900365,25496.55078125,0.0005513894339252,1.0,0.004648012615462847,-0.009581679652595335,0.6987522281639929,0.30124777183600715,0.004316257919720277,0.7058823529411765,0.7058823529411765
2026-02-26,25496.55078125,0.0005513894339252,-0.0084178905125812,0.0016579159366718,-0.0120372782364659,0.0030548288648095,0.9956680788851798,0.993386063962546,1.0097226902298473,46.60930896407616,-0.0176196916838038,0.0162684899901994,0.0028961358285097,0.0097824090745467,0.0088976613133833,1.0302960957066758,50.0,0.46,0.68,0.76,0.68,0.64,0.62,0.76,0.16,0.16,-0.0008582391800324,0.0197341621796305,0.0288121261147449,54.32751429101355,0.8157760072656551,0.0191502755480805,0.0257572972499353,25178.650390625,-0.0124683685002122,0.0,0.0012188319224294558,0.0077849914310335645,0.47531194295900175,0.5129233511586452,0.003141610329815331,0.47058823529411764,0.5294117647058824
2026-02-27,25178.650390625,-0.0124683685002122,-0.0096756492703125,-0.0153531645646967,-0.0114816094803523,-0.00560807079634,0.9848244026461056,0.9817316405971636,0.9971615410854808,39.94689959877203,-0.0298683713752423,0.0035972799618473,-0.0014394563480323,0.010265349012702,0.0093027649752631,1.1259331469177292,50.0,0.08,0.4,0.6,0.4,0.48,0.54,0.64,0.08,0.7,-0.0149852220883592,-0.0074919644661476,0.0176597660303796,47.51633154592664,1.2130370397419514,0.0197390464960937,0.0232678368267197,24865.69921875,-0.0124292274216383,0.0,-0.012222028342809497,-0.010841631473134236,0.054901960784313725,0.9156862745098039,0.0034979449012177235,0.058823529411764705,0.9411764705882353
2026-03-02,24865.69921875,-0.0124292274216383,-0.024204877121554,-0.0329522335491774,-0.0318132124188413,-0.008876658870536,0.9751299257753028,0.9706893733983176,0.9849168736562456,34.689963512452465,-0.0419263580163438,0.0,-0.0206286033034714,0.0116958269999238,0.0094938927579729,1.3200783097302382,50.0,0.16,0.2,0.66,0.32,0.36,0.48,0.7,0.14,0.56,-0.0100182307861913,-0.0305869950524897,0.0156316716547628,43.848919863985,1.2545629777511231,0.0218142958292728,0.0245083305252988,24480.5,-0.0154911878954741,0.0,-0.01307632012358495,-0.02933688835770209,0.16764705882352943,0.8323529411764706,0.004591714289722899,0.17647058823529413,0.8235294117647058
2026-03-04,24480.5,-0.0154911878954741,-0.0398505189963654,-0.0371352359273008,-0.0483918761893662,-0.0484714146267991,0.963693013177291,0.9573171387452306,0.969952167052785,29.537480529719986,-0.0567680568220138,0.0,-0.0191789675128216,0.0131948987003504,0.0079025725154514,1.530423229729557,50.0,0.08,0.16,0.3,0.14,0.34,0.44,0.66,0.04,0.84,-0.0189827706910607,-0.0432217636612217,-0.0370381415434576,36.96738990136685,1.3838865340002593,0.0230873081335027,0.0114332730833415,24765.900390625,0.0116582745705766,1.0,-0.01915891578484931,-0.0381477098048469,0.10196078431372549,0.8980392156862744,0.006419514760416262,0.058823529411764705,0.9411764705882353
2026-03-05,24765.900390625,0.0116582745705766,-0.0163928563920837,-0.0281212443588737,-0.0408007651117398,-0.0391876012327359,0.977261524284626,0.9696764844635378,0.9814431418188004,37.00340586364816,-0.0457715998447063,0.0116582745705766,0.0055329433120239,0.0135396365071965,0.0084668983559541,1.2763211176351488,50.0,0.76,0.12,0.34,0.24,0.36,0.46,0.5,0.5,0.1,0.0108615488543822,-0.0312483810645068,-0.038100630326056,40.11639478783589,1.154525654888809,0.0234945199665232,0.0010869709066798,24450.44921875,-0.012737318930444,0.0,0.016331666656818372,-0.027051051397341912,0.8237076648841354,0.17629233511586453,0.0039674355426065665,0.8823529411764706,0.8823529411764706
2026-03-06,24450.44921875,-0.012737318930444,-0.0166997113713528,-0.0410291404306066,-0.0394392473597225,-0.0464984918251147,0.9680578559809948,0.9589301884347856,0.9692417151456466,32.85917115026558,-0.0579259113099717,0.0,-0.0044214019386692,0.0136770785392879,0.0087810687183625,1.0845845845845845,50.0,0.2,0.1,0.32,0.22,0.32,0.42,0.54,0.16,0.42,-0.0110287887253826,-0.0466908037199471,-0.0358384837800806,38.2628294760458,1.045222517860088,0.02376593224081,0.0106600080450341,24028.05078125,-0.0172756923081839,0.0,-0.010179936214741466,-0.03798586224414886,0.20882352941176469,0.7911764705882353,0.0045448809109825,0.17647058823529413,0.8235294117647058
2026-03-09,24028.05078125,-0.0172756923081839,-0.0184820252343702,-0.0456974298274308,-0.0603489942318032,-0.0648271166918811,0.9557638163203132,0.9444987948600228,0.9529478164392198,28.290244488826048,-0.0742008933976933,0.0,-0.02381953935854,0.0151908691541162,0.0093212113654996,1.2940540806051526,50.0,0.16,0.14,0.26,0.18,0.2,0.36,0.54,0.08,0.66,-0.0148243350496851,-0.0554441224167401,-0.0552190126763254,34.850962809887335,1.2863448519786571,0.0256611760036062,0.0096081040155556,24261.599609375,0.0097198407915488,1.0,-0.01930158280711002,-0.04469641392867742,0.10196078431372547,0.8980392156862744,0.005147116697085483,0.11764705882352941,0.8823529411764706
2026-03-10,24261.599609375,0.0097198407915488,-0.0203627073232072,-0.0242944951622143,-0.0564461708328472,-0.0620745544907761,0.9682763252234082,0.9554146864452496,0.9625722607824444,33.77339476958866,-0.0652022734765608,0.0097198407915488,0.0105189556281957,0.0152850245728257,0.0095111613790867,1.0799314560723356,50.0,0.82,0.22,0.24,0.18,0.3,0.38,0.56,0.48,0.08,0.0113277229833752,-0.0311964593698534,-0.0572160546376152,39.13983899242304,1.0620937266732282,0.0257437218745097,0.0048584998531609,23866.849609375,-0.0162705677430874,0.0,0.008579574651981043,-0.024123236411747496,0.7313725490196079,0.26862745098039215,0.0045228981660230165,0.7058823529411765,0.7058823529411765
2026-03-11,23866.849609375,-0.0162705677430874,-0.0238686661399849,-0.0250669059302302,-0.0612712763918444,-0.0797489411126625,0.9568485226333396,0.9420910514442604,0.9474111355309194,29.64707493129376,-0.0804119632120445,0.0,-0.0012262175816513,0.0163811998788058,0.0098395790134167,0.9967216323335129,50.0,0.18,0.28,0.16,0.16,0.2,0.36,0.6,0.1,0.38,-0.0131682621707151,-0.021395523042213,-0.0741369013677324,35.35041716946026,0.977538004923764,0.0272103752957089,0.00561203974493,23639.150390625,-0.0095403969303329,0.0,-0.012519768289366521,-0.017395849471105236,0.15828877005347594,0.841711229946524,0.005259940562500578,0.058823529411764705,0.9411764705882353
2026-03-12,23639.150390625,-0.0095403969303329,-0.0161852658863395,-0.0454960240584075,-0.0723378636073776,-0.0891851980953872,0.9524621798975016,0.935557476631709,0.9389482291037956,27.555736672060263,-0.0844405165790221,0.0,-0.0080446310737459,0.0159769608422015,0.0098424601709775,1.200805330521068,50.0,0.22,0.2,0.16,0.14,0.2,0.36,0.52,0.16,0.56,-0.0073742216038935,-0.038729705121592,-0.086105531458952,33.688150937130054,1.250244530010054,0.0274694825140789,0.0030796666364352,23151.099609375,-0.0206458681122294,0.0,-0.00695366235240203,-0.03972768238384088,0.22245989304812835,0.772192513368984,0.0052673190911512735,0.23529411764705882,0.7647058823529411
2026-03-13,23151.099609375,-0.0206458681122294,-0.0457719201486982,-0.0531421569293125,-0.091990920340481,-0.1029208782735801,0.938806331132628,0.9192615090481552,0.9202994077212387,23.69716188564168,-0.1033430369226325,0.0,-0.0074727893222024,0.0170645844800091,0.0104763338215026,1.2310534293292914,50.0,0.06,0.12,0.12,0.08,0.16,0.26,0.46,0.06,0.7,-0.0203836913582419,-0.0483170397780511,-0.1042065489365646,30.46058355714856,1.2353907627763476,0.0283049956957968,-0.0012856706629845,23408.80078125,0.0111312713531173,1.0,-0.023726673921533197,-0.05285185158812815,0.08823529411764706,0.9117647058823529,0.0037691446717213776,0.11764705882352941,0.8823529411764706
2026-03-16,23408.80078125,0.0111312713531173,-0.0191918428959755,-0.0257719615143823,-0.0702916789389944,-0.080966226812051,0.9538662075279256,0.932071178197052,0.9311870622415892,29.32470211606497,-0.0933621049559564,0.0111312713531173,-0.0015118072398525,0.0179341746826131,0.010929312800161,1.2665854001594077,50.0,0.7,0.14,0.12,0.08,0.12,0.32,0.52,0.62,0.2,0.0082878198281682,-0.0233012801936789,-0.0804077710536125,34.41507413202705,1.2910183944532947,0.0288435143199183,0.0005584557584384,23581.150390625,0.0073625988356076,1.0,0.00691677389580111,-0.027972775248409926,0.69126559714795,0.3087344028520499,0.004361744518354129,0.6470588235294118,0.6470588235294118
2026-03-17,23581.150390625,0.0073625988356076,-0.0024535568766888,-0.0280463460656182,-0.0516594694090236,-0.0818292281541112,0.9644816852300532,0.9411875617944128,0.9386216674276978,32.88959409971412,-0.0866868938455874,0.018575825274228,0.0036054148304598,0.0175753151431636,0.0108743890447638,1.052945631469029,50.0,0.72,0.12,0.12,0.08,0.2,0.32,0.46,0.28,0.2,0.0058132307184665,-0.0255318069948559,-0.0872884113529903,36.50507502401689,0.9673600811511988,0.0284864388278676,-0.0054591831988791,23777.80078125,0.0083393043752089,1.0,0.01039361294724222,-0.026215498314101308,0.6951871657754011,0.3048128342245989,0.0036891625763068076,0.7058823529411765,0.7058823529411765
2026-03-18,23777.80078125,0.0083393043752089,0.0270700391104194,-0.0037310675511199,-0.0287044471620269,-0.0757072612982442,0.9750762604716956,0.950936927362127,0.9469536983559768,36.80630630846443,-0.0790704978634982,0.0270700391104194,0.002194549423703,0.0175896252927054,0.0111626551336884,0.8748600543788699,50.0,0.76,0.38,0.1,0.16,0.24,0.36,0.46,0.2,0.08,0.0101568879426953,-0.0061829259116238,-0.0776641514512255,40.86842442941119,0.8460000801494431,0.028508721695447,-0.0019568901529812,23002.150390625,-0.0326207792621695,0.0,0.011553736945011566,-0.0024915199541188206,0.8122994652406417,0.1877005347593583,0.0039910451523928235,0.7647058823529411,0.7647058823529411
2026-03-19,23002.150390625,-0.0326207792621695,-0.0173716882989888,-0.0269468229388069,-0.0712168736924928,-0.1091119358687128,0.9483926774759076,0.9228147461354352,0.9168290579282924,29.494445472233693,-0.1054272006135028,0.0,-0.0243946354242903,0.0202802394724668,0.0127150826092381,1.2233551644001646,50.0,0.02,0.06,0.08,0.02,0.12,0.26,0.46,0.02,0.28,-0.0324693983253803,-0.0280754794100331,-0.1110742741765233,34.65339577969085,0.8590446536331038,0.0304732856928162,-0.0019623383078105,23114.5,0.0048843089653387,1.0,-0.031039200973974352,-0.026754985199001782,0.0196078431372549,0.980392156862745,0.0038571480374098356,0.0,1.0
2026-03-20,23114.5,0.0048843089653387,-0.0197891274553986,-0.0015809015551113,-0.0546390459658924,-0.0919233704762669,0.9573077400813552,0.9299725876241058,0.922029095626851,31.613614347003026,-0.1010578306693112,0.0048843089653387,0.0046952131938071,0.0201438109543174,0.0127607530917925,1.4175500085484698,50.0,0.7,0.46,0.12,0.14,0.14,0.3,0.52,0.6,0.18,0.0068646862067557,-0.0004549824407411,-0.0864188503341658,36.574372765493024,1.2634477784997338,0.0308931490562836,0.0055045201421011,22512.650390625,-0.0260377516007268,0.0,0.008003486401121161,0.0050505803052834026,0.7700534759358288,0.22994652406417113,0.005662140395813925,0.8235294117647058,0.8235294117647058
2026-03-23,22512.650390625,-0.0260377516007268,-0.0532072079442533,-0.0382826270768555,-0.0630679701995438,-0.1196108758615632,0.9384249124726722,0.9091180720170025,0.8989336890890249,26.941943329429208,-0.1244642635777621,0.0,-0.0125527435430141,0.0208984001418151,0.0134046159261267,1.1450151371708577,50.0,0.08,0.18,0.06,0.06,0.1,0.22,0.54,0.04,0.6,-0.0277360194411275,-0.0364554980526237,-0.1140075290236848,31.98540025342571,1.1647895448830612,0.0324554323918801,0.0056033468378783,22912.400390625,0.0177566831565274,1.0,-0.03188287017439276,-0.03360457771071476,0.07254901960784314,0.9274509803921568,0.006181528502227716,0.0,1.0
2026-03-24,22912.400390625,0.0177566831565274,-0.0039018091124463,-0.0283595154995436,-0.0556104807792084,-0.1089176529138956,0.9591909852099826,0.9279808510949944,0.9156711676939294,33.92608897979227,-0.1013529403563625,0.0177566831565274,0.0162485900939202,0.0204850047388489,0.0142239514215094,1.0940883444314542,50.0,0.88,0.16,0.06,0.06,0.1,0.3,0.56,0.56,0.08,0.0171223616335149,-0.0235068224472231,-0.1043178326447227,36.95537810649947,1.077217987235075,0.0308918986900826,0.0045998202691728,23306.44921875,0.0171980596274072,1.0,0.01835774173087587,-0.02608690416765466,0.8632798573975045,0.13672014260249554,0.0070679874267588665,0.8235294117647058,0.8235294117647058
2026-03-25,23306.44921875,0.0171980596274072,0.0083042773475523,-0.0198231773760878,-0.0234802833133398,-0.0833128927765338,0.9779516598577734,0.9460200693922044,0.9320549680929148,40.01365677958581,-0.085897954640617,0.0352601232796456,0.0066339622828079,0.0206880163290179,0.0150349680036778,1.0207214121258634,50.0,0.92,0.26,0.12,0.22,0.16,0.3,0.5,0.46,0.04,0.0197436119089,-0.0181095166764673,-0.0831682661912025,43.75372411036823,1.00132888480255,0.0309889741114082,0.0001446265853313,22819.599609375,-0.0208890511293899,0.0,0.020187605357604888,-0.01797872535290963,0.888235294117647,0.11176470588235293,0.003860025896372793,0.8235294117647058,0.8235294117647058
2026-03-27,22819.599609375,-0.0208890511293899,0.0136345216322384,-0.0079362484876371,-0.0346692147436493,-0.1044991814235259,0.9614124869117928,0.9289449487266748,0.9133796807264604,35.64415796676654,-0.104992679003609,0.0136345216322384,-0.0057022172812615,0.0216043820511094,0.015395209914586,1.2129251970062962,50.0,0.12,0.48,0.08,0.06,0.14,0.28,0.52,0.12,0.66,-0.0144584707690816,-0.0009383870007163,-0.1018228743429449,39.735902873660216,1.20913779931831,0.0309330181143969,0.002676307080581,22331.400390625,-0.0213938555937428,0.0,-0.016875725770369717,-0.00354224091442078,0.15098039215686274,0.8490196078431372,0.006665247750065752,0.11764705882352941,0.8823529411764706
2026-03-30,22331.400390625,-0.0213938555937428,-0.0253574479362592,-0.0338791498572325,-0.0354064918116486,-0.1241403363843485,0.9461748107237562,0.9123244320593052,0.8947841538982463,31.884177886604505,-0.113081914869438,0.0,-0.0118297088192159,0.0213829224466834,0.0157279018672847,1.3441594674157735,50.0,0.08,0.1,0.06,0.04,0.1,0.22,0.5,0.08,0.8,-0.0197059432242885,-0.0337913241907156,-0.1241264591633629,36.64467171122116,1.3377457378562,0.0312708991847662,1.387722098561417e-05,22679.400390625,0.0155834382937352,1.0,-0.017732190689039667,-0.02895298788972406,0.08823529411764706,0.9117647058823529,0.004001742802246935,0.11764705882352941,0.8823529411764706
2026-04-01,22679.400390625,0.0155834382937352,-0.026904519956671,0.0074069466325226,-0.0311592378200439,-0.0992606816182081,0.9645093282778155,0.9292184036469504,0.909554005782889,36.98682347464176,-0.0879242851323649,0.0155834382937352,0.0254171077248377,0.0221072197274875,0.0164027927769631,0.9891442374709988,50.0,0.78,0.66,0.06,0.08,0.08,0.26,0.54,0.36,0.14,0.0147193168425142,0.0122316087305777,-0.0937741953654343,42.202746746518784,0.998919793961666,0.0319519820920247,0.0054864862527737,22713.099609375,0.0014858954897207,1.0,0.02088718111904057,0.023954058654216112,0.7691622103386808,0.23083778966131904,0.005079976556308067,0.8235294117647058,0.8235294117647058
2026-04-02,22713.099609375,0.0014858954897207,-0.004667040694099,-0.0086983806957017,-0.0368112143330846,-0.0865690359413593,0.9690857883898384,0.933138758267926,0.9117137534875568,37.47527834171478,-0.0828881950129734,0.017092489144131,-0.0130514914372409,0.0224991296162539,0.0163699583111259,0.9475960802327362,50.0,0.54,0.44,0.1,0.14,0.1,0.22,0.56,0.28,0.24,0.0006893804657679,-0.0099943522258976,-0.0770860010773868,40.43166218839287,1.0219969743736674,0.0318116471403955,0.0094830348639724,22968.25,0.0112336226676734,1.0,-0.0012501547724553285,0.0042625082283502475,0.5105169340463459,0.48948306595365415,0.00434341386395696,0.4117647058823529,0.5882352941176471
2026-04-06,22968.25,0.0112336226676734,0.0285181223853008,-0.0145109714300846,-0.0340464952456146,-0.0617736565838116,0.981844919133613,0.9457121903546676,0.9226721131167268,41.192245735722665,-0.0725857070516802,0.0285181223853008,0.0029586966565875,0.0226996620237408,0.0165062023782098,0.8298141480976938,50.0,0.9,0.36,0.2,0.32,0.12,0.26,0.6,0.26,0.08,0.0124458253913829,-0.0121644748581056,-0.0463697686498939,44.46985193154889,0.8378430437032836,0.0316008213834186,0.0154038879339176,23123.650390625,0.0067658785769486,1.0,0.015134230341503178,-0.0005334125816548683,0.9176470588235294,0.08235294117647059,0.006243735857344748,0.9411764705882353,0.9411764705882353
2026-04-07,23123.650390625,0.0067658785769486,0.0195882603749806,0.0133241067527358,0.005282114843033,-0.0663109345550653,0.9895729150541184,0.9539022013581626,0.9295723014203396,43.3992331254767,-0.0542648037365111,0.035476951115551,-0.0056404289072959,0.0222610663221259,0.0163118178158749,0.930758949042411,50.0,0.74,0.64,0.14,0.3,0.18,0.28,0.54,0.34,0.08,0.0033550318418926,0.0150306706703577,-0.0593592305940346,45.568388912006185,0.9131813813518956,0.0315008873151323,0.0069517039610306,23997.349609375,0.0377837929561599,1.0,0.004183779846959039,0.020938620418819665,0.5770053475935829,0.42299465240641715,0.0032118629199066875,0.5882352941176471,0.5882352941176471
2026-04-08,23997.349609375,0.0377837929561599,0.0565422607256085,0.0746011978473766,0.0381946228287437,-0.0185313408895382,1.0243323712462726,0.9903347765657984,0.96503407836461,53.87913517623211,-0.0108916973429027,0.0746011978473766,0.0316342786559586,0.0225065021538313,0.0185335795361984,1.2228853437392402,50.0,0.82,0.86,0.38,0.82,0.38,0.38,0.52,0.74,0.16,0.0318245497127469,0.0762961398463829,-0.0172291443945767,53.16957048495882,1.2034719493521275,0.0316601338500457,0.0013021964949614,23775.099609375,-0.0092614394346771,0.0,0.036564582085423174,0.07771628005439608,0.85,0.15,0.00843310834697585,0.9411764705882353,0.9411764705882353
2026-04-09,23775.099609375,-0.0092614394346771,0.0351289109694905,0.0483125303084701,0.0560773252746698,-0.010527328004167,1.0134127505454518,0.9818881833262386,0.9565143279437708,51.278184853340086,-0.0200522639822977,0.0646488439370815,-0.0036795241792245,0.0227299551389281,0.0182423113530043,0.8977133897049628,50.0,0.42,0.94,0.58,0.8,0.38,0.38,0.68,0.26,0.22,-0.0022954779751375,0.0487253300502565,0.0062654724544713,52.671388214137096,0.9857510634662154,0.0313532607411208,0.0167928004586384,24050.599609375,0.0115877537645043,1.0,-0.003020659363892378,0.05178856693857209,0.37745098039215685,0.622549019607843,0.004697404814182411,0.4117647058823529,0.5882352941176471
2026-04-10,24050.599609375,0.0115877537645043,0.0400866300558588,0.0588867227724363,0.0496761229441378,-0.0086968709152411,1.022705726856802,0.9935284288393298,0.9679102406766688,54.22787905826038,0.0,0.0769857325862888,0.0044353619378072,0.0225226010140984,0.0183013774058381,0.9227111950384862,50.0,0.84,0.88,0.48,0.84,0.48,0.38,0.58,0.14,0.1,0.0134402619854536,0.0620096778761086,-0.0014332010184852,55.13268603150296,0.9263591052971,0.0317715982793845,0.0072636698967559,23842.650390625,-0.0086463215939506,0.0,0.010312366902208405,0.06414140372735788,0.8901960784313725,0.10980392156862745,0.005922866595183951,0.8235294117647058,0.8235294117647058
2026-04-13,23842.650390625,-0.0086463215939506,-0.0064465126886164,0.0380699613869146,0.0230065578347999,-0.0010139259745657,1.0125262521763625,0.9855201740302966,0.9599278188277296,51.68437085536024,-0.0086463215939506,0.0676737675902512,-0.0191679212779501,0.0216631526690304,0.0180280748555302,0.9298344065362336,50.0,0.24,0.9,0.56,0.7,0.36,0.36,0.56,0.12,0.18,-0.0077172157210723,0.0323718160684914,0.003574509759249,52.31317971980506,0.8931491728842917,0.0312868056100361,0.0045884357338147,24231.30078125,0.0163006370624727,1.0,-0.006414967820147729,0.04144942209665632,0.24937611408199642,0.7506238859180037,0.005987975771711081,0.17647058823529413,0.8235294117647058
2026-04-15,24231.30078125,0.0163006370624727,0.0191881918212915,0.0479011908549731,0.0618635381882437,0.0250495631543441,1.0261937885604642,1.001522537818891,0.9758124077428354,55.85216651842642,0.0,0.0850775301768627,0.0134695759642258,0.0215964694425292,0.0182254221872717,0.8790222476845221,50.0,0.94,0.94,0.76,0.9,0.54,0.38,0.6,0.3,0.06,0.0177277190370129,0.0535191658666192,0.0311324839085102,55.63452348240569,0.8337635759841842,0.0309904999147671,0.006082920754166,24196.75,-0.0014258739785333,0.0,0.019828286507640184,0.05785992113523484,0.9240641711229947,0.07593582887700535,0.0060982200316833735,0.9411764705882353,0.9411764705882353
2026-04-16,24196.75,-0.0014258739785333,0.0060767878139733,0.0083092672262066,0.0835303463618921,0.0451663380257569,1.0223226971152355,1.000090786953221,0.9746690922630152,55.3946883753264,-0.0014258739785333,0.0835303463618921,0.0063512247604589,0.0206085707902035,0.0174940687383938,0.971207892020036,50.0,0.5,0.64,0.86,0.86,0.56,0.38,0.58,0.14,0.2,-8.713195414911112e-05,0.0182338719070791,0.0578731774196924,55.65451594670448,0.8626748063767437,0.0300875710223528,0.0127068393939354,24353.55078125,0.0064802414063871,1.0,0.005162338550775103,0.02589699015342035,0.5680035650623886,0.4319964349376114,0.003976948236129901,0.5294117647058824,0.5294117647058824
2026-04-17,24353.55078125,0.0064802414063871,0.0214280032737421,0.0243301261142521,0.0738181063780258,0.0403587526259237,1.0261186742457278,1.0063122794824668,0.9811708229078084,57.11158959511015,0.0,0.0905518845774635,-0.0012749484693191,0.0196874937774341,0.0174019617881177,0.9570516819425116,50.0,0.78,0.82,0.84,0.92,0.6,0.42,0.6,0.18,0.04,0.007101980041086,0.0320565595901937,0.0543039174254396,57.301252802340585,0.7731245137022462,0.0289644355987607,0.0139451647995159,24364.849609375,0.0004639499277327,1.0,0.0075572860210736895,0.03684921113916132,0.7814616755793227,0.21853832442067733,0.0047344076043547385,0.8235294117647058,0.8235294117647058
2026-04-20,24364.849609375,0.0004639499277327,0.0055114180344928,0.0130662023028109,0.0727223509079415,0.0332341385287788,1.0240011185510232,1.006511577560246,0.9818055361302856,57.23931381553203,0.0,0.0910578460455022,0.0015582622464735,0.0187591568150844,0.0173609898691376,0.8016113177726808,50.0,0.46,0.76,0.84,0.86,0.66,0.48,0.68,0.08,0.08,-0.0005845765330191,0.0184964760776168,0.0502846976379782,58.02766805202495,0.7016329936673675,0.0279943597832646,0.0170505591091993,24576.599609375,0.0086907985641135,1.0,0.001279390840053723,0.027529509050541006,0.4953654188948306,0.5046345811051693,0.00450484753727582,0.5294117647058824,0.5294117647058824
2026-04-21,24576.599609375,0.0086907985641135,0.0156983731027926,0.0307830382413605,0.0700249087054956,0.0335943107385647,1.0296741440630512,1.0146518085648126,0.9904334277815562,59.66371194568544,0.0,0.1005400100072793,0.0003981626002431,0.0178561168307909,0.0173681564416169,0.8173136906761361,50.0,0.72,0.86,0.8,0.84,0.66,0.5,0.62,0.14,0.08,0.0054220836369605,0.0292452658970741,0.0557127539526772,58.33159278560768,0.6937832744599297,0.0278209988914969,0.0221184432141124,24378.099609375,-0.0080767886182383,0.0,0.005442755483706614,0.039956612498905204,0.6559714795008913,0.3440285204991087,0.004686666373736782,0.7058823529411765,0.7058823529411765
2026-04-22,24378.099609375,-0.0080767886182383,0.00100801843417,0.0060582314358703,0.0542496187910965,0.059818286350775,1.0192843928350783,1.0062019068911563,0.9826056530407216,56.43359133451672,-0.0080767886182383,0.0916511809805367,-0.0043028735333939,0.017087192975884,0.0155837164233657,0.854518472536106,50.0,0.4,0.64,0.82,0.76,0.66,0.5,0.58,0.16,0.16,-0.0039086208236055,0.0112293137911638,0.0775748277787051,56.02504050702238,0.718436285197312,0.0278065454201564,0.0177565414279301,24173.05078125,-0.008411190019346,0.0,-0.0018827890512501375,0.017905732898443206,0.4332442067736185,0.5667557932263815,0.007459259914583042,0.47058823529411764,0.5294117647058824
2026-04-23,24173.05078125,-0.008411190019346,-0.0078719479578154,-0.0009794380960252,0.0073216907173099,0.0457959627614701,1.00968102749552,0.9978270430040784,0.97458959822351,53.22784734791537,-0.0164200432337703,0.0824690954624658,-0.0072093396456716,0.0161488704942716,0.0157825048542432,0.924452002649766,50.0,0.34,0.58,0.82,0.7,0.66,0.48,0.58,0.08,0.18,-0.0063285636332435,0.0016261815958548,0.0559428027429794,55.95646809907665,0.7900093639190611,0.0269279951684083,0.0101468399815093,23897.94921875,-0.0113805065396787,0.0,-0.0008885175885040138,0.011645919667849305,0.5053475935828876,0.49465240641711233,0.006839316992448611,0.5294117647058824,0.5294117647058824
2026-04-24,23897.94921875,-0.0113805065396787,-0.0276136813640452,-0.0187078084256514,0.0051671543502833,0.0615342398201983,0.9983624117279416,0.9869949047061736,0.9638483458461484,49.19052819401211,-0.0276136813640452,0.0701500488425552,-0.0029992076985265,0.0157148694837434,0.0146974865344997,0.8766071464277859,50.0,0.24,0.44,0.86,0.68,0.6,0.44,0.6,0.08,0.2,-0.0085636382035997,-0.0102567193157632,0.0806534995644088,53.84264890019747,0.7520389838901027,0.0268004223925011,0.0191192597442104,24092.69921875,0.0081492348241831,1.0,-0.009942822798551599,-0.005810101387489643,0.1532085561497326,0.8467914438502673,0.005289441832874346,0.058823529411764705,0.9411764705882353
2026-04-27,24092.69921875,0.0081492348241831,-0.0117072452405291,-0.0111697956272335,0.001750459866231,0.0515135388698924,1.0058757791707391,0.9952318121921656,0.9719766444904834,51.96802589741647,-0.0196894769136577,0.0788709528876843,0.0019876182498008,0.0149277401550563,0.0143457661769728,0.8697849288486417,50.0,0.82,0.52,0.86,0.72,0.64,0.48,0.62,0.22,0.06,0.0107202750981837,0.0012378132717517,0.0761931387342539,56.12993405132573,0.718598217626639,0.0267849755464811,0.0246795998643615,23995.69921875,-0.0040261159249649,0.0,0.00870917964446814,0.0014356718496191412,0.7976827094474154,0.20231729055258468,0.00562032112812507,0.7647058823529411,0.7647058823529411
2026-04-28,23995.69921875,-0.0040261159249649,-0.0073367471944237,-0.0236363207220664,0.0064191197546217,0.0295733594393048,1.001651814020434,0.991566113081337,0.9683710804557925,50.48764625612828,-0.0236363207220664,0.074527293363281,-0.0017764231286999,0.0143635707319482,0.0139906052022107,1.1145417425149098,50.0,0.36,0.34,0.82,0.64,0.6,0.46,0.6,0.2,0.12,-0.0053167546425971,-0.0156911614662605,0.047866482243131,54.54783188450824,0.8049883999627191,0.026569961065422,0.0182931228038262,24177.650390625,0.007582657634449,1.0,0.00096144243081977,-0.002762680772678264,0.44349376114081995,0.55650623885918,0.005421114355002274,0.4117647058823529,0.5882352941176471
2026-04-29,24177.650390625,0.007582657634449,0.0117039821833562,-0.0082225120892078,-0.0022140945345581,0.0595124719318944,1.0083589689708512,0.9991206773141352,0.9759497476827792,53.181782563528735,-0.0162328892153907,0.0826750659477262,0.004217471262347,0.0125936700482924,0.0130006346606279,1.0771071631378275,50.0,0.72,0.44,0.9,0.74,0.7,0.48,0.6,0.3,0.04,0.0051084282110605,-0.0053416161820177,0.0686327122338619,56.13267913769791,0.7906983387914932,0.0241966478728041,0.0091202403019674,23997.55078125,-0.0074490120613553,0.0,0.007486112401953861,0.00644966263646666,0.8105169340463458,0.18948306595365416,0.005184863935305295,0.8235294117647058,0.8235294117647058
2026-04-30,23997.55078125,-0.0074490120613553,-0.003949264324271,-0.0072601510495368,-0.0082324782770413,0.0746102063229527,1.0007668964735796,0.9920019497149252,0.9689818625809778,50.26620444223321,-0.0235609822891901,0.0581210423521552,-0.0074738929943775,0.0128853830437634,0.011957004751525,1.0456637534260744,50.0,0.2,0.4,0.94,0.6,0.54,0.5,0.6,0.12,0.32,-0.0082923953096211,-0.0084580308381016,0.0785484111665738,53.43077535180372,0.8966439502649808,0.0250808817365721,0.003938204843621,24119.30078125,0.0050734344146123,1.0,-0.009292868848183315,-0.002061046275981668,0.11408199643493762,0.8859180035650622,0.005319535084748551,0.11764705882352941,0.8823529411764706
2026-05-04,24119.30078125,0.0050734344146123,0.0051509881572202,0.009262366426251,-0.009618720576071,0.06348935006325,1.0052846877277457,0.9971507573262972,0.974150937041084,52.1749925530127,-0.0186070829729658,0.0619114606134418,0.0027502806682908,0.0128016745351135,0.0116324820027561,0.8758986791506437,50.0,0.74,0.4,0.94,0.62,0.6,0.5,0.62,0.28,0.06,0.0044598174907619,-0.0047678736787398,0.0769606525478102,55.94799470809957,0.8030948536413736,0.0228916787032516,0.0134713024845601,24032.80078125,-0.0035863394542201,0.0,0.008479309081616792,0.007791480131888597,0.7363636363636363,0.26363636363636367,0.005399345568245083,0.7058823529411765,0.7058823529411765
2026-05-05,24032.80078125,-0.0035863394542201,-0.0059910540120625,-0.0024861654958687,-0.0136281911626179,0.0581030856453552,1.00151921016616,0.993825055341562,0.9709407839178356,50.68655468890956,-0.022126691111392,0.0463487980690735,-0.0027654687206708,0.0120816848178964,0.0117255019234234,0.7698828116722117,50.0,0.34,0.54,0.92,0.62,0.58,0.52,0.54,0.1,0.1,-0.0040434619481508,0.0029811645592119,0.0663423699621367,53.84390742791679,0.755813821751906,0.022267111680429,0.0082392843167814,24330.94921875,0.0124058964335362,1.0,-0.0037605813206254704,0.0022928962358715593,0.2924242424242424,0.7075757575757575,0.004300858045408627,0.23529411764705882,0.7647058823529411
2026-05-06,24330.94921875,0.0124058964335362,0.0138930193559791,0.0139712536377367,-0.0099952961162004,0.0593296928912738,1.0125992264498922,1.005911572407517,0.9831526143958568,55.40850546771898,-0.0099952961162004,0.0522105639780159,0.0057504416571296,0.0116998070299252,0.0117722295226061,0.9092642416795542,50.0,0.7,0.6,0.88,0.82,0.76,0.54,0.62,0.2,0.14,0.0153622976008306,0.0074260795671374,0.0767743077225882,56.6612206778363,0.9225713447865428,0.0224615352547683,0.0174446148313143,24326.650390625,-0.000176681480297,0.0,0.011432192484673096,0.00621652343646828,0.6539215686274509,0.34607843137254907,0.00507653049039764,0.6470588235294118,0.6470588235294118
2026-05-07,24326.650390625,-0.000176681480297,0.0085968333516612,0.0061627162934647,-0.0021104688049684,0.0520246578579881,1.0112241544912346,1.0055077512829518,0.9831454190601346,55.32624531050519,-0.0101702116127836,0.023198673835735,0.0027763315209232,0.0114081084486323,0.0117561674389724,0.937028136364603,50.0,0.44,0.74,0.72,0.76,0.72,0.56,0.48,0.18,0.16,-0.0006091761708378,0.0190673448962443,0.0484138943866667,56.11446219395491,0.9318041863317066,0.0222032377617869,-0.0036107634713213,24176.150390625,-0.0061866306122441,0.0,-0.0002436997273854762,0.015700362669713596,0.47433155080213896,0.525668449197861,0.0038866337236997182,0.5882352941176471,0.5882352941176471
2026-05-08,24176.150390625,-0.0061866306122441,0.0059647483736826,0.007442409894369,0.0001282258248265,0.0074508553719676,1.004492807531005,0.9993149860663976,0.9772861058057504,52.39358145109468,-0.016293922882531,0.0168685215977753,-0.0038229677537454,0.0112550274634566,0.0084881378501974,0.7381768635724332,50.0,0.42,0.7,0.74,0.72,0.7,0.56,0.7,0.1,0.06,-0.0030089907287466,0.0179125491452341,0.0446177164092826,54.787243490737545,0.620606100631703,0.0231032684925895,0.037166861037315,23815.849609375,-0.0149031494025498,0.0,0.0017272024859399777,0.017610916657359747,0.5092691622103386,0.49073083778966137,0.005692185279263413,0.5294117647058824,0.5294117647058824
2026-05-11,23815.849609375,-0.0149031494025498,-0.0211705513313081,-0.0125812590765855,-0.0034354248820055,0.0017139780976536,0.9905110707185392,0.9850237967389842,0.9630787004154024,46.09429122724844,-0.030954241518009,0.0,-0.0085228945849833,0.0118381419092892,0.0089095852815184,0.8645545914918609,50.0,0.26,0.42,0.58,0.52,0.52,0.46,0.58,0.12,0.18,-0.0102674910226746,-0.0033102329943142,0.0148963213198758,51.30964348592588,0.7128469820669743,0.0235727159330828,0.0131823432222222,23379.55078125,-0.0183196835418901,0.0,-0.014698625318417046,-0.005952986233145045,0.2071301247771836,0.7928698752228164,0.007930444063003377,0.11764705882352941,0.8823529411764706
2026-05-12,23379.55078125,-0.0183196835418901,-0.0389325942604902,-0.0271816009272483,-0.0296001884647693,-0.0279015425404788,0.9749311266798332,0.9682322963995535,0.9459489887209992,39.8467396555662,-0.04870685315101,0.0,-0.0039154597265886,0.0127331851813131,0.0093814505456601,0.9954952449808132,50.0,0.06,0.26,0.58,0.28,0.36,0.44,0.66,0.04,0.34,-0.020926073367874,-0.0209196394691883,0.0090609182759167,45.13836448852869,0.8489453826835798,0.0244700441263829,0.0369624608163955,23412.599609375,0.0014135784059419,1.0,-0.021197836150994694,-0.023467434845359774,0.044563279857397504,0.9554367201426025,0.004866825215340453,0.11764705882352941,0.8823529411764706
2026-05-13,23412.599609375,0.0014135784059419,-0.0315828107003375,-0.0377440929705815,-0.024300171629063,-0.0180370375861862,0.9785170573249768,0.9707582278730192,0.9477832890976602,40.50455369243056,-0.0473621257009037,0.0014135784059419,-0.0007314752391955,0.0130102270439533,0.0092395196305949,0.9316930392167856,50.0,0.48,0.2,0.42,0.34,0.36,0.46,0.5,0.22,0.14,-0.0005663512607547,-0.0283598529786225,-0.0183029220904525,45.42645234791159,0.8776508528839452,0.024499076467706,-0.0002658845042662,23689.599609375,0.0118312363693726,1.0,0.009350118851353546,-0.02531420381998292,0.6380570409982175,0.35017825311942957,0.004706768979474102,0.7058823529411765,0.7058823529411765
2026-05-14,23689.599609375,0.0118312363693726,-0.0053010915869363,-0.0261873612281412,-0.0201860302123999,-0.0223554309677903,0.9910290773721744,0.9829279434958218,0.9593881605498272,45.849628564510446,-0.0360912418356542,0.0132615391555621,0.0050250887380267,0.0132238443574633,0.008848151270839,0.964942884474706,50.0,0.78,0.28,0.5,0.46,0.42,0.48,0.58,0.32,0.1,0.0101923280716322,-0.0249612404924373,-0.0022158748028827,48.70965207510191,0.9358168818016324,0.0244962534355742,0.0201395561649076,23643.5,-0.0019459851637491,0.0,0.01682014473617957,-0.008648115939279385,0.8426916221033868,0.15730837789661317,0.00559164478323509,0.8235294117647058,0.8235294117647058
2026-05-15,23643.5,-0.0019459851637491,0.0112897472333677,-0.0220320597786962,-0.0147536215040173,-0.0228646409125192,0.9901283451951683,0.9817460929503566,0.9579260964268016,45.12306960614977,-0.0379669939782498,0.0112897472333677,0.0017645203776874,0.0127561380034228,0.0088499466581022,0.9307566238732586,50.0,0.44,0.34,0.46,0.5,0.48,0.46,0.56,0.18,0.16,-0.0017655563184817,-0.0178432502880164,-0.0112152039290571,49.83690158261364,0.7818685477521606,0.023954646719088,0.0116494369834621,23649.94921875,0.0002727692071817,1.0,-0.0007196233266677362,-0.010923524338065404,0.47638146167557927,0.5236185383244207,0.0062321687290073135,0.5294117647058824,0.5294117647058824
2026-05-18,23649.94921875,0.0002727692071817,0.0101376871144185,-0.0069659656634586,-0.0194595841213136,-0.0288911283951951,0.991304906639042,0.9827070235812356,0.958586205008845,45.253772073860006,-0.0377045809979147,0.0115655959359517,-0.0068222040412798,0.0131930131230225,0.0086765777569526,0.9032466185856816,50.0,0.46,0.3,0.42,0.44,0.46,0.5,0.54,0.08,0.06,-0.0011095632577758,-0.013137041696889,-0.0195789645707618,47.877639477747294,0.8333305413167504,0.0246649786372812,0.0093121638244333,23618.0,-0.0013509212410769,0.0,-0.0013132102913053958,0.0025409043512202804,0.5306595365418895,0.4693404634581105,0.004458034378423705,0.5294117647058824,0.5294117647058824
2026-05-19,23618.0,-0.0013509212410769,-0.0030224069024225,0.010199050485659,-0.0172597769617273,-0.0306527485844866,0.9909126921396406,0.9820966075321842,0.9576982167356112,44.68596224074382,-0.0390045663196356,0.010199050485659,0.0010719499761082,0.0131211933637933,0.0086652222196303,1.0154033471553774,50.0,0.48,0.68,0.38,0.48,0.44,0.5,0.56,0.26,0.14,-0.0010459139932768,0.0115832286043683,-0.016729807532971,49.28369596853573,0.8778827423923281,0.0241065558176007,0.0139229410515155,23659.0,0.0017359640951817,1.0,-0.0006695115176670288,0.023634285254392217,0.4311051693404635,0.5688948306595365,0.004093299552631089,0.35294117647058826,0.6470588235294118
2026-05-20,23659.0,0.0017359640951817,0.0006555712986655,0.0105242644873291,-0.0276170573005092,-0.037336312751133,0.9933298313831652,0.984426834960482,0.959748840747214,45.62877518754511,-0.0294977713971789,0.0119527197662887,-0.0068062494707427,0.0129613872023935,0.008368369162576,0.7979870596693026,50.0,0.5,0.72,0.4,0.46,0.42,0.48,0.64,0.08,0.08,-0.000179215812592,0.0075836182878321,-0.0142815952383309,49.75974734436363,0.6718953959863345,0.0234057345748891,0.023054717512802,23654.69921875,-0.0001817820385476,0.0,-0.0007233626286177574,0.013216466088952253,0.4737967914438503,0.5262032085561498,0.004579002181863978,0.5294117647058824,0.5294117647058824
2026-05-21,23654.69921875,-0.0001817820385476,0.0002008460972184,-0.001473236829684,-0.0276220178727917,-0.0296741912707093,0.993797666392432,0.984856259145245,0.9599605149815028,45.54108686801519,-0.0277938190540821,0.0117687649379758,0.0072298398600956,0.0126089365973486,0.0082453523576494,0.8162308512758002,50.0,0.5,0.42,0.44,0.46,0.42,0.5,0.64,0.24,0.14,3.847286314950793e-05,-0.0036341199832429,-0.0102194048381415,48.695064711378926,0.8012487858611594,0.0247810651208359,0.0194547864325678,23719.30078125,0.0027310244743588,1.0,0.003394392061782402,-0.00013069725419925058,0.4949197860962567,0.49973262032085564,0.005885472192300404,0.47058823529411764,0.5294117647058824
2026-05-22,23719.30078125,0.0027310244743588,0.0042891346113134,0.0032059881679953,-0.0188967061336678,-0.0187709033545717,0.996842917396335,0.9880284739292468,0.9629407093675674,47.18302508543114,-0.0251387001797961,0.0145319301974131,0.0006975358193064,0.0122382286577337,0.0081274428578658,0.8001904648532825,50.0,0.54,0.54,0.52,0.44,0.48,0.48,0.66,0.12,0.08,0.0022369008184869,0.0032489421622152,0.0007688493991099,48.72079442518081,0.7163021036575188,0.024242872260523,0.0195397527536816,24031.69921875,0.0131706427765758,1.0,-0.0005813974807425844,1.6579297899249612e-05,0.3966131907308378,0.6033868092691622,0.005706578892386477,0.4117647058823529,0.5882352941176471
2026-05-25,24031.69921875,0.0131706427765758,0.0157529573840822,0.0161416837080285,0.0090632756301094,0.0055967145454915,1.009013706616949,1.0010005622068867,0.9758599568379824,54.35061695858817,-0.0122991502431557,0.0278939678354732,0.0093151657710188,0.0123701187083048,0.0083155492085525,0.8449111664441317,50.0,0.8,0.72,0.52,0.62,0.6,0.52,0.46,0.16,0.06,0.0092901204374605,0.0173444834846695,0.0006038500010075,53.21020481396853,0.7812394032865881,0.024198756716131,-0.0049928645444839,23913.69921875,-0.0049101812953756,0.0,0.012284449096888375,0.013747928874493569,0.8578431372549019,0.14215686274509803,0.004880408276566261,0.8235294117647058,0.8235294117647058
2026-05-26,23913.69921875,-0.0049101812953756,0.0109491986182053,0.0125200787005672,0.0228468221009781,-0.0074296366038012,1.0036712502954772,0.9962384015827304,0.9713479367826264,51.50729322391168,-0.0171489404810585,0.0228468221009781,-0.0011484668280745,0.0119704296623351,0.0081793723357428,0.9379874016128836,50.0,0.36,0.7,0.52,0.6,0.58,0.48,0.58,0.12,0.14,-0.0034834020276003,0.0129084458068411,0.0008530439065471,52.61445379459813,0.793278049915662,0.0230636844145469,0.0082826805103484,23907.150390625,-0.0002738525756761,0.0,0.00021156605030635145,0.014724136155087563,0.4480392156862745,0.5519607843137254,0.0037703221465261016,0.47058823529411764,0.5294117647058824
2026-05-27,23907.150390625,-0.0002738525756761,0.0079196942231742,0.0104886254966396,0.021123275052804,-0.00369019578541,1.0030719327358557,0.996123178351621,0.971361432113529,51.3467466536215,-0.0174180967752137,0.0225667128642235,-0.0013945817863616,0.0117551536661895,0.0081332996118627,1.288977256195141,50.0,0.68,0.72,0.5,0.66,0.54,0.48,0.52,0.22,0.12,0.0026211993188415,0.0144384570042805,-0.000820285568996,53.92370747894205,0.7051492286776375,0.0229498109850602,0.002869910216414,23547.75,-0.0150331756295779,0.0,0.0058065567243898815,0.02145888432067776,0.7722816399286988,0.22771836007130125,0.005710711127838312,0.6470588235294118,0.6470588235294118
2026-05-29,23547.75,-0.0150331756295779,-0.0201379525577789,-0.0045212673287862,-0.0059878432609247,-0.0260530026883525,0.9891237026291922,0.9818741665359596,0.9571706181434798,43.35920321299189,-0.032189423096837,0.0071942878767752,-0.0002091424497818,0.0128993275157468,0.008562003749232,2.6875147218826063,50.0,0.1,0.4,0.48,0.36,0.46,0.44,0.68,0.1,0.9,-0.016980368767972,-0.0057136492383942,-0.0052865046528354,47.6227536379296,2.2561994452533503,0.0219264393060149,0.020766498035517,23382.599609375,-0.0070134255130532,0.0,-0.015303748879792294,0.0029204714576185537,0.10588235294117647,0.8941176470588235,0.004103532072639175,0.11764705882352941,0.8823529411764706
2026-06-01,23382.599609375,-0.0070134255130532,-0.0222090110156851,-0.014195240196168,-0.0110347618002834,-0.0256255806053123,0.98385568645349,0.9759451385923662,0.9509263414547154,40.2599353147022,-0.0389770904886924,0.0001304057615787,0.0045333418267137,0.0129864613702212,0.0085460358188223,0.9549906584385438,50.0,0.2,0.2,0.34,0.32,0.38,0.42,0.6,0.16,0.26,-0.0103596026223633,-0.0275049559565254,-0.0147714834547167,44.93431520551729,0.7807018465395585,0.0223457916910272,0.0108540971505956,23483.55078125,0.0043173630631951,1.0,-0.008222398928069193,-0.017493959940755303,0.1568627450980392,0.8431372549019607,0.004754930015760867,0.17647058823529413,0.8235294117647058
2026-06-02,23483.55078125,0.0043173630631951,-0.01771853200627,-0.0228093915669651,-0.0070358898431831,-0.026358558474225,0.9892241538786544,0.9809218957926896,0.9554593506728196,42.94460574083933,-0.0348280056762838,0.0044483318337924,-0.0065625388670845,0.0125058685288427,0.0085181609945371,1.1472048227872214,50.0,0.62,0.26,0.44,0.34,0.42,0.42,0.62,0.3,0.28,0.0036231709500235,-0.0229981457834002,-0.0087671147412866,45.28048264900163,1.0336845298254027,0.021828425734076,0.0175914437329384,23405.599609375,-0.0033193946094914,0.0,0.0055697936911215055,-0.012161240647340562,0.6880570409982174,0.31194295900178254,0.004029786173109199,0.6470588235294118,0.6470588235294118
2026-06-03,23405.599609375,-0.0033193946094914,-0.0060366867588198,-0.0212472192080016,-0.0089931573640866,-0.0260977144355281,0.9872624703175914,0.9785228680422674,0.9527401157271114,41.397584561918286,-0.0380317923914741,0.0011141714555906,-0.0028786772123905,0.0125830790000613,0.0085145986101137,0.998990134389808,50.0,0.44,0.18,0.28,0.3,0.34,0.4,0.46,0.12,0.24,-0.0015454342008069,-0.0240334173493002,-0.0317410839028348,43.92803155995409,0.8733545785485789,0.0218305501686903,-0.0056433694673067,23416.55078125,0.0004678868329701,1.0,-0.004727420809273912,-0.022754680435252438,0.40463458110516937,0.5953654188948306,0.004802333448978397,0.5294117647058824,0.5294117647058824
2026-06-04,23416.55078125,0.0004678868329701,0.001451984485993,-0.0205210408333477,-0.0102476528488101,-0.0375817001333981,0.9888805025748694,0.979788331851009,0.9536301026631592,41.71524653790927,-0.0374116285950215,0.0015825795947146,-0.0052615781129432,0.012130014830637,0.0079004734148905,0.9172373921551188,50.0,0.46,0.16,0.3,0.34,0.38,0.44,0.58,0.16,0.16,-0.0003063243302124,-0.0214648741337573,-0.029641843907646,45.39879739264903,0.8603203059502762,0.021498205898053,0.007939856225752,23366.69921875,-0.0021289028843615,0.0,0.003976366929920046,-0.018876799687329145,0.4516934046345811,0.5483065953654188,0.003236121737181712,0.47058823529411764,0.5294117647058824
2026-06-05,23366.69921875,-0.0021289028843615,-0.0049758898723824,-0.0076886658491788,-0.0121751706642592,-0.0394608857553584,0.9880196807364572,0.978558122004953,0.9520584213324196,40.63541192057611,-0.0334813921487222,0.0,0.0026647151445533,0.0121702583697777,0.0078903261874441,0.8210762331838565,50.0,0.46,0.32,0.3,0.28,0.34,0.38,0.58,0.14,0.14,-0.0017564804331227,-0.0111138698679638,-0.0351843629716078,45.1691238808511,0.812996241703845,0.0211463370737517,0.0042765227837505,23123.0,-0.0104293386271027,0.0,-0.00038845981829545805,-0.003990161359181892,0.4952762923351159,0.5047237076648842,0.004368143888334025,0.47058823529411764,0.5294117647058824
2026-06-08,23123.0,-0.0104293386271027,-0.0120740170767428,-0.0111022561097491,-0.0251398971137198,-0.0435615419993991,0.9797947596911972,0.9695557061577914,0.9426719004552936,35.761889843338935,-0.0378125246358366,0.0,-0.0122396405809215,0.012045214045539,0.0080644507736087,0.8386347909551553,50.0,0.2,0.32,0.3,0.2,0.26,0.38,0.58,0.08,0.1,-0.0106484267030707,-0.0092907623313741,-0.0310611486496315,44.17934262499294,0.8006155973178724,0.02210200583807,0.0125003933497675,23242.099609375,0.0051506988442242,1.0,-0.010980011871973741,-0.006709352945046353,0.24358288770053474,0.7564171122994653,0.006165148019844082,0.23529411764705882,0.7647058823529411
2026-06-09,23242.099609375,0.0051506988442242,-0.0074499089769739,-0.0102817148106828,-0.0328565867185512,-0.0240910993901366,0.9862652362475144,0.97552322151395,0.9480222973452748,39.57596195504853,-0.0328565867185512,0.0051506988442242,0.0058837858949962,0.0119215636889863,0.007636356383652,0.897428752939603,50.0,0.58,0.36,0.5,0.34,0.34,0.4,0.66,0.26,0.12,0.0029985338996624,-0.0072645381114911,-0.0003723630249265,44.78480046967167,0.8766244433540304,0.0213079762672049,0.0237187363652101,23214.94921875,-0.0011681556778996,0.0,0.0013030780020512698,-0.010880567073154252,0.5314616755793227,0.46853832442067733,0.004206425044832932,0.5294117647058824,0.5294117647058824
2026-06-10,23214.94921875,-0.0011681556778996,-0.0064942848187232,-0.0081455033755527,-0.0292196532877745,-0.0070404074073145,0.9865117989999408,0.9753634720046886,0.9474152942810716,39.00737963688032,-0.0339863607881192,0.0039765263482247,-0.0003506735949841,0.0117728966833135,0.0064882771211164,0.8534722846105471,50.0,0.38,0.42,0.38,0.32,0.34,0.38,0.46,0.24,0.16,-0.0040260040117488,-0.010505554653993,-0.0106041496865446,42.92558233422456,0.8488712863382937,0.0219652233684085,-0.00356374227923,23161.599609375,-0.0022980713363744,0.0,-0.007856753703611314,-0.013968568218571745,0.2836007130124777,0.7163992869875223,0.005024134631055086,0.17647058823529413,0.8235294117647058
2026-06-11,23161.599609375,-0.0022980713363744,0.0016693166706309,-0.0108876484097368,-0.0311852633654892,-0.0107207232083486,0.985723805474584,0.9741488075563892,0.9457534025195756,37.85646844866646,-0.0362063290429388,0.0016693166706309,-0.0047619672601184,0.0117756437437644,0.0064887665907033,0.8201165785549681,50.0,0.32,0.3,0.3,0.3,0.36,0.34,0.3,0.12,0.18,-0.0052565177933426,-0.0168635412803868,-0.0323336397743731,41.26679833557887,0.7705391297138472,0.0216444804002825,-0.0216129165660245,23622.900390625,0.0199166201397973,1.0,-0.006590949726496882,-0.02420182537991325,0.27780748663101607,0.7221925133689839,0.0036495505148551057,0.17647058823529413,0.8235294117647058
2026-06-12,23622.900390625,0.0199166201397973,0.0163840955701093,0.0109643715390241,0.0031914043008356,-0.0028155485888248,1.0048435173666015,0.9938019109426418,0.964929599154402,51.25029465860531,-0.0170108166053463,0.0216191839564503,0.0108347944920619,0.0124612654835454,0.0074755452160584,0.8019964446875427,50.0,0.76,0.46,0.46,0.48,0.4,0.42,0.48,0.26,0.1,0.0137742349397543,-0.003570172960032,-0.0214376984058923,48.6003798910001,0.8394083287678096,0.0217639208602365,-0.0186221498170675,23853.900390625,0.0097786468291451,1.0,0.015687683389467084,-0.008629981139859556,0.8103386809269162,0.18966131907308376,0.0074286695346406605,0.8235294117647058,0.8235294117647058
2026-06-15,23853.900390625,0.0097786468291451,0.0275232638182529,0.0316092371502401,0.0201560471942152,0.0088988682143082,1.0132539123966813,1.0033814448729437,0.9746139012397156,56.32650019377323,-0.00739851254406,0.0316092371502401,0.0153219635508281,0.0125003481304456,0.0077779670946699,0.9101487633476316,50.0,0.68,0.64,0.46,0.56,0.5,0.46,0.44,0.36,0.12,0.0073283128971329,0.0201572558200345,-0.0048644987776643,52.60056470487905,0.9761703679377448,0.0229672074776807,-0.0137633669919726,23989.150390625,0.0056699322871809,1.0,0.011894280057784635,0.014553372505257177,0.7054367201426025,0.2945632798573975,0.006356400812675291,0.8235294117647058,0.8235294117647058
2026-06-16,23989.150390625,0.0056699322871809,0.0357294312658369,0.0321421383526239,0.021529947241994,0.0143425750616865,1.0171585184174008,1.0087117430560515,0.9803336227090452,59.01727883562567,-0.0017705293220299,0.0374583916717121,0.002934530573772,0.0122641647140637,0.0078638547648232,0.7523359652449747,50.0,0.58,0.68,0.5,0.6,0.6,0.46,0.46,0.22,0.04,0.0042922982883626,0.0179456561768563,-0.0032289357502517,54.189519608394,0.7480559075550055,0.0228955852701303,-0.0175715108119383,24085.69921875,0.004024687267071,1.0,0.003797105569422383,0.01692633982919117,0.6329768270944742,0.3670231729055258,0.003566601739053956,0.6470588235294118,0.6470588235294118
2026-06-17,24085.69921875,0.004024687267071,0.0195911094942713,0.0375081587211365,0.02905713251211,0.0198026597827927,1.0191893984498728,1.0122645069361933,0.9844331501724752,60.87062809650719,0.0,0.0416338372507891,0.0023072767677772,0.0122551893555872,0.007880420136063,0.8191276882344745,50.0,0.66,0.78,0.48,0.72,0.56,0.48,0.4,0.1,0.06,0.0039153669447189,0.026739553007393,-0.0016974784380122,53.49561452411619,0.6955514194446875,0.0238642933659781,-0.0215001382208049,24168.0,0.0034169978003351,1.0,0.007165673105104971,0.03229786485779964,0.7658645276292335,0.20472370766488412,0.0066841901445414366,0.8823529411764706,0.8823529411764706
2026-06-18,24168.0,0.0034169978003351,0.0131676415274395,0.0434512472194557,0.0320905169070286,0.0215140115812164,1.0204685351136915,1.015097498932354,0.9879169122351034,62.43030893336254,0.0,0.0451930977814296,-0.000494004238446,0.0111324811605221,0.0078975130051445,0.790008713331397,50.0,0.66,0.82,0.52,0.68,0.58,0.48,0.36,0.14,0.04,0.0029482239531807,0.0313425443166519,0.0094830646556625,55.63553599245559,0.7678229498703841,0.0222871152299598,-0.0120309469255539,24013.099609375,-0.0064093177186775,0.0,0.005365572642448739,0.0448228089330914,0.6795008912655971,0.32049910873440285,0.004690211997602683,0.7058823529411765,0.7058823529411765
2026-06-19,24013.099609375,-0.0064093177186775,0.0009983354291429,0.0165178370266867,0.0276633162678925,0.0151513400069325,1.012584855643316,1.0082517180955306,0.9817649310345732,57.76350420077196,-0.0064093177186775,0.0384941231403797,-0.007315490783267,0.0108781306111181,0.008071332270257,1.0288037486218302,50.0,0.48,0.78,0.48,0.66,0.54,0.58,0.44,0.18,0.26,-0.0009447141765365,0.0155480264528543,-0.0019738458429397,53.173551055789005,0.9284640668521478,0.0218501998316527,-0.0171251858498722,24102.900390625,0.003739658049598,1.0,0.0009978825952679145,0.029633873556497412,0.5851158645276292,0.41488413547237074,0.004018031517918651,0.5294117647058824,0.5294117647058824
2026-06-22,24102.900390625,0.003739658049598,0.0007141653525926,0.0104385444695602,0.0423777360474419,0.016172467009577,1.014789319489745,1.011545331398796,0.9855792179058174,59.64678290220105,-0.0026936283256785,0.0423777360474419,0.0038937080810466,0.010325370338611,0.0080872797426133,0.5862776701956192,50.0,0.6,0.76,0.48,0.68,0.6,0.58,0.34,0.1,0.0,0.0016293464032274,0.0116390933966223,-0.0003904295047676,54.730142718429605,0.6598998051100584,0.0206946134135396,-0.0165628965143447,23824.099609375,-0.0115671050675063,0.0,0.0011594633168221101,0.018582054178514024,0.5157754010695187,0.4842245989304813,0.0040849220550833515,0.5882352941176471,0.5882352941176471
2026-06-23,23824.099609375,-0.0115671050675063,-0.014229575911329,-0.0068802262090325,0.0250407669608834,-0.008638573888817,1.0027597576450584,0.9998507703308124,0.9744292759253856,51.90820309820255,-0.014229575911329,0.0303204432545518,-0.0013110293310298,0.0105016687069606,0.0079922600642004,0.7897547835779305,50.0,0.18,0.46,0.38,0.56,0.48,0.58,0.48,0.08,0.24,-0.0103911125493996,-0.0036647631975286,-0.013450567917625,50.56043000454339,0.8667975652775097,0.0212128566538535,-0.0048119940288079,24021.650390625,0.0082920565515207,1.0,-0.013735603830616384,0.0008485895161117633,0.10427807486631016,0.8957219251336898,0.0030744349462150907,0.11764705882352941,0.8823529411764706
2026-06-24,24021.650390625,0.0082920565515207,0.0003560881930737,-0.0026592056781619,0.0347492111343259,0.0045141979451828,1.010009407840691,1.007819814748425,0.9826803211547956,56.24048028897934,-0.0060555118079692,0.0388639186362063,-0.0011878236151205,0.0106615132054829,0.0081442058770568,0.917812191868221,50.0,0.58,0.44,0.4,0.56,0.5,0.5,0.38,0.2,0.12,0.0032401819800543,-0.0066605489580175,-0.0109613711318276,51.97717154646293,0.8786036931373904,0.0215363827631673,-0.0154755690770104,24056.0,0.00142994377224,1.0,0.00261174397401824,-0.003727103580901085,0.5236185383244207,0.47638146167557927,0.005718347055327741,0.5294117647058824,0.5294117647058824
2026-06-25,24056.0,0.00142994377224,-0.0019458401215167,-0.0046342270771267,0.0386156571959295,0.0062261543907538,1.0103515475836746,1.0088945360166863,0.9842413565739598,56.966386942058975,-0.0046342270771267,0.0403494356268649,0.0043377210581112,0.0106648474986935,0.0081472746476876,1.0513370111388314,50.0,0.46,0.4,0.4,0.62,0.52,0.48,0.4,0.28,0.26,-0.0008105072925092,-0.0066020540392758,-0.0118587599502612,50.76644126926338,1.057898516058415,0.0215888357044187,-0.018084914341015,23946.25,-0.0045622713668107,0.0,-0.002977976619017785,-0.01197528686432235,0.32130124777183605,0.678698752228164,0.0068098203346221645,0.35294117647058826,0.6470588235294118
2026-06-29,23946.25,-0.0045622713668107,0.0051271776322212,-0.0027838809009438,0.0136879724347194,0.0169230605896528,1.005192348279213,1.0041226901216411,0.9799484231492872,53.89038285093027,-0.0091753558424362,0.0356030791852268,0.0002390256069171,0.0104121593468258,0.0074103766796262,1.4845740521177568,50.0,0.5,0.24,0.6,0.42,0.46,0.46,0.46,0.38,0.36,-0.0011120928696363,-0.0134506870190796,0.0100562911003334,48.443873436625374,1.4486330720046348,0.0199408066496244,-0.0068667694893194,23865.75,-0.0033616954637991,0.0,-0.0030177190588226775,-0.01717636706047652,0.44928698752228163,0.5507130124777183,0.0038836581245996465,0.35294117647058826,0.6470588235294118
2026-06-30,23865.75,-0.0033616954637991,-0.0064899949874319,-0.0098390810558732,0.0004967577285455,0.0206628175949814,1.00164022898069,1.0007178149689984,0.976881061680988,51.68585313482208,-0.0125062065541211,0.0321216970116333,0.0035830571070627,0.010541259160243,0.0072492666430626,1.1287788322544152,50.0,0.44,0.38,0.58,0.42,0.48,0.5,0.44,0.36,0.4,-0.0050512307401132,-0.0090979101876687,0.0106933302007525,46.89266769683313,1.2139715186591915,0.0197832423972048,-0.0099694873942288,24005.849609375,0.0058703208311072,1.0,0.0026928766041786224,-0.0008555338853429499,0.5949197860962566,0.4050802139037433,0.0057894324056464355,0.5882352941176471,0.5882352941176471
2026-07-01,24005.849609375,0.0058703208311072,-0.0020847352271782,0.0076288297555842,0.000696115472123,0.0222410500435061,1.0067991014403883,1.006332189070609,0.9827856676570974,55.12635474983766,-0.0067093011678666,0.0381805825098386,0.0013366598839341,0.0103113295546861,0.0072943052509369,0.9033184960940004,50.0,0.66,0.56,0.68,0.62,0.54,0.54,0.56,0.18,0.14,0.0074846088184129,0.0038577096772751,0.028845212198578,53.41862907850434,0.7940035009023398,0.0200638550931367,0.0066041621550718,24175.69921875,0.0070753425577017,1.0,0.009295924899984443,0.005959378017142682,0.687344028520499,0.31265597147950086,0.004624249362609959,0.7058823529411765,0.7058823529411765
2026-07-02,24175.69921875,0.0070753425577017,0.0095818434514798,0.0064129160827817,0.0037366571417589,0.0329023661955893,1.0125799124052042,1.0129179767420542,0.9898402730189396,58.94352412461663,0.0,0.0455260657678502,0.002347328267565,0.0100418248077983,0.0073311468927095,0.9662499190257174,50.0,0.7,0.58,0.68,0.62,0.56,0.54,0.5,0.34,0.08,0.0052888396295925,0.0042464093602448,0.0326978415153512,55.29937665292802,0.9029470774410148,0.019738330423261,-0.0002045246802381,24270.849609375,0.0039357865004874,1.0,0.007636584246154053,0.016632137828545845,0.7007130124777183,0.24046345811051695,0.0033465694542928704,0.8235294117647058,0.875
2026-07-03,24270.849609375,0.0039357865004874,0.0169740992583513,0.0089312275263966,0.0042556111128351,0.0364826927802299,1.0149639639007455,1.0162309200353927,0.9937980140798413,60.94766301340288,0.0,0.0496410331434069,0.0082707503127736,0.0091746010670018,0.0073428325961439,0.8558027408746692,50.0,0.62,0.64,0.7,0.6,0.56,0.58,0.48,0.18,0.08,0.0039529215107554,0.0125334246763277,0.0323293045165716,52.523457179252325,0.8134536327458342,0.0189247034225443,-0.0041533882636582,24430.349609375,0.0065716694127753,1.0,0.004617052801894608,0.021331739748240593,0.6120320855614974,0.3879679144385027,0.004348593201991222,0.7058823529411765,0.7058823529411765
2026-07-06,24430.349609375,0.0065716694127753,0.0176831900102474,0.0202160926815262,0.0173759325862747,0.0455199247727509,1.0195333472121435,1.0219910947376452,1.0003256521291883,64.1103095329399,0.0,0.0565389270153093,0.0014832608078991,0.0085279051496308,0.0073543656096612,0.8673214144658891,50.0,0.52,0.76,0.7,0.66,0.58,0.58,0.52,0.08,0.1,0.0006606787115143,0.0179768584430238,0.0472937717713828,55.28364559149421,0.6578541008578852,0.0190772839520566,0.0017738469986319,24398.69921875,-0.0012955357222089,0.0,0.0036550153066686455,0.028204415586790536,0.6032976827094474,0.3967023172905526,0.005090455624442286,0.6470588235294118,0.6470588235294118
2026-07-07,24398.69921875,-0.0012955357222089,0.0092241385857021,0.0223311322187653,0.0122723333429222,0.0551701430934568,1.0164494490532676,1.0198405152740777,0.9990393400190164,63.01966608531291,-0.0012955357222089,0.0534116654393017,0.001395788841348,0.0086363146600893,0.006787028135374,1.0811377363187338,50.0,0.48,0.76,0.72,0.64,0.6,0.54,0.32,0.3,0.14,-0.0008459134764736,0.0235524710971537,0.0354692740400652,56.18334367737968,0.9571818485971484,0.01928554456192,-0.0197008690533915,23882.05078125,-0.0211752451582731,0.0,-0.004123724121733419,0.02118107198639429,0.3902852049910873,0.6097147950089127,0.006361583051249793,0.4117647058823529,0.5882352941176471
2026-07-08,23882.05078125,-0.0211752451582731,-0.0160191684420812,-0.0051570275636756,0.0024324601065803,0.0275341377341342,0.9954069124315916,0.9983138442504508,0.9780996731397305,48.51181282998679,-0.0224433475939531,0.0311054151710397,-0.0057031088523386,0.0101840016160149,0.0085996734979381,1.0992601887433666,50.0,0.08,0.4,0.56,0.38,0.44,0.44,0.42,0.02,0.44,-0.0199990978187855,-0.0066099383815614,0.0115578804977611,47.53087802767895,0.9798554031915084,0.0204338827777552,-0.015976257236373,23962.80078125,0.0033812004144717,1.0,-0.018006511776405748,-0.006289914605171414,0.07058823529411765,0.9294117647058824,0.005895189579499389,0.0,1.0
2026-07-09,23962.80078125,0.0033812004144717,-0.019138032635668,-0.0088062990680691,-0.0024498570422109,0.0322142234925064,0.998889349750968,1.0016229871513802,0.9815884246194628,50.432498000689066,-0.019138032635668,0.0345917892281801,0.001963752524001,0.0104488008629633,0.008588489398489,1.0053034459335894,50.0,0.6,0.38,0.64,0.4,0.46,0.46,0.4,0.28,0.14,0.0035650385590474,-0.0140609992236018,0.0173433474952966,48.34730993994416,0.9079834666620858,0.0208281950669626,-0.0148708759972098,24206.900390625,0.010186605964942,1.0,0.003954567594513236,-0.01001053932962391,0.5937611408199643,0.4062388591800356,0.005569001023838862,0.5294117647058824,0.5294117647058824
2026-07-10,24206.900390625,0.010186605964942,-0.0078610267869364,-0.0026348158296567,0.0062728795570752,0.045130768119612,1.0081942686194,1.0113570891327133,0.9916704885605138,55.80008677149362,-0.0091463782681298,0.0247217738018219,0.0067562401815184,0.0103421050559864,0.0087409531426499,0.8233515219249228,50.0,0.8,0.38,0.64,0.58,0.56,0.56,0.32,0.16,0.02,0.0093464187069334,-0.0040722337994497,0.0195366846043679,51.720845537689314,0.775583453173859,0.020699651134201,-0.025594083515244,24211.0,0.0001693570555851,1.0,0.008653906575859224,-0.006181840318079736,0.7666666666666666,0.23333333333333334,0.003688164461519078,0.8235294117647058,0.8235294117647058
2026-07-13,24211.0,0.0001693570555851,0.0137739100282066,-0.0089785702162373,0.0110560108576498,0.024895317664227,1.007562320827668,1.0110712714228354,0.991918988301262,55.88648680794781,-0.0089785702162373,0.0162398746214422,-0.0069195145721701,0.0106490989559055,0.0076922432687494,0.8518670063223474,50.0,0.4,0.32,0.58,0.52,0.54,0.5,0.38,0.12,0.2,-0.0035029986002789,-0.0125212999243662,0.0081089751035733,50.84069100462296,0.8286431292062677,0.0206209675299468,-0.0167863425606537,24052.05078125,-0.0065651653690471,0.0,-0.001765071844443194,-0.011504828870173038,0.3418894830659537,0.6581105169340463,0.004397280554746361,0.4117647058823529,0.5882352941176471
2026-07-14,24052.05078125,-0.0065651653690471,0.0037245228892373,-0.0142076605966602,0.0078061984748016,0.0083068339927703,1.0008571914035127,1.0042588212289965,0.9855499831054196,51.66927440479508,-0.0154847897870372,0.0095680917899327,-0.0059064061790095,0.0102346624316798,0.0076071436053555,0.9446184888228112,50.0,0.32,0.3,0.5,0.42,0.44,0.48,0.36,0.18,0.32,-0.0062615936518453,-0.0124521469668481,2.1828892105946185e-05,48.82564051025212,1.01599453320999,0.0204296670667306,-0.0082850051006643,24078.5,0.0010996658451518,1.0,-0.003563397816683417,-0.01100524300139129,0.4362745098039215,0.5637254901960783,0.004041141127089648,0.35294117647058826,0.6470588235294118
2026-07-15,24078.5,0.0010996658451518,-0.0053042888000121,0.0082258102769061,0.0030263619828989,0.0037245841524224,1.0017710125241197,1.005151766426733,0.986764995964339,52.314108080658805,-0.0144021520363335,0.0106782793388293,0.001405236852042,0.0099534639212071,0.0075098359530813,0.8170056437014163,50.0,0.5,0.66,0.46,0.5,0.48,0.5,0.4,0.22,0.12,0.0005223882792095,0.0064510196959892,-0.0145606668504135,48.63596518610965,0.8263007017421162,0.0201633793864646,-0.018285251002836,24072.75,-0.0002388022509708,0.0,-0.0007752160149718981,0.006318547072305436,0.4751336898395722,0.5248663101604277,0.004393872830497247,0.5294117647058824,0.5294117647058824
2026-07-16,24072.75,-0.0002388022509708,-0.0057102143653711,0.0045883292088306,-0.0042583760584742,-0.0005376310080265,1.0013857006894515,1.0047182080986132,0.9866616027090216,52.15120532733244,-0.0146375150209792,0.0104369270907158,0.0026413443268891,0.0096488872736214,0.0074562587111018,0.7119767253919509,50.0,0.46,0.56,0.44,0.52,0.5,0.48,0.44,0.1,0.12,-0.0006746357505166,0.0015602913855695,-0.0097759573949532,50.07047139346217,0.7701070314350373,0.0216058824206681,-0.0092383263869267,24334.30078125,0.010865014643113,1.0,-0.001176679721666207,0.0011665912279046268,0.4552584670231729,0.5447415329768271,0.002617945251961252,0.47058823529411764,0.5294117647058824
2026-07-17,24334.30078125,0.010865014643113,0.0117349660769896,0.0052629782652529,0.0026142954571517,0.0068810319947865,1.0110846535800682,1.0150121648231916,0.9974076807145154,58.48403233507501,-0.0039315371929078,0.0214153390994986,0.0022784937065769,0.00983607198347,0.0078133622822241,1.03798078209898,50.0,0.74,0.44,0.52,0.58,0.64,0.48,0.48,0.24,0.08,0.0055594823537357,-0.0034215890793498,0.0026837683791374,52.20591749391549,0.7865068986615262,0.021379991808146,-0.004197263615649,24238.5,-0.0039368618852535,0.0,0.004764407320882111,-0.0026696244310065,0.7475935828877005,0.2524064171122995,0.005063251265839288,0.7647058823529411,0.7647058823529411
2026-07-20,24238.5,-0.0039368618852535,0.0066449322009261,0.0011358473421172,-0.0078529211592363,0.0093865595983702,1.0064232210884685,1.010579623710918,0.9935454711850084,55.58227777717964,-0.0078529211592363,0.0173941679819844,-0.0059278465116674,0.0098516665856267,0.0077194149457212,0.9572478108818824,50.0,0.72,0.54,0.54,0.64,0.56,0.46,0.46,0.24,0.12,0.0037289455670466,0.0017195502406746,0.0068207193134236,53.64021557971288,0.80689147165855,0.0202782260968253,-0.0025658402849465,24187.69921875,-0.0020958714957608,0.0,0.005143973531571959,0.004190014681863312,0.8016934046345812,0.18654188948306594,0.004581655754849839,0.8235294117647058,0.8235294117647058
2026-07-21,24187.69921875,-0.0020958714957608,0.0047750763311213,0.0056397867580484,-0.0086480020147078,0.0035182001647395,1.0039014380409157,1.008127055295102,0.9915473535550277,54.05079719633853,-0.009932333941381,0.0152618405453577,-0.0009261801988571,0.0097022548979097,0.0077006091635443,0.8483642912824924,50.0,0.62,0.74,0.62,0.6,0.56,0.48,0.6,0.16,0.1,0.0019247918657951,0.0091191240446268,0.0172182138105763,53.058579150261,0.8098779955562185,0.0200278169771219,0.0137000136458367,23996.25,-0.0079151479856997,0.0,0.0019204405696564711,0.009811746024847127,0.6623885918003566,0.33761140819964347,0.004363715800325082,0.5882352941176471,0.5882352941176471
2026-07-22,23996.25,-0.0079151479856997,-0.0138919455417627,-0.0034159104595385,0.0047818011860043,0.0072258928332074,0.9963391985445076,1.000141792174257,0.9838586893451288,48.61443608592338,-0.0177688660340913,0.0054680871122843,-0.0015400389951568,0.0098915776460607,0.0074458877348013,0.8229796888504753,50.0,0.22,0.58,0.5,0.48,0.48,0.48,0.48,0.08,0.18,-0.0076337081050995,0.0068563434354915,0.001567402354936,49.38514932910872,0.7184882326220646,0.0201124844379839,-0.0056584904782713,23869.599609375,-0.0052779242850445,0.0,-0.004826663303023622,0.005804232894332319,0.2833333333333333,0.7166666666666667,0.005328980883903427,0.29411764705882354,0.7058823529411765
2026-07-23,23869.599609375,-0.0052779242850445,-0.015219604786806,-0.0084390188335358,-0.0038894106213129,-0.006329739163523,0.9919232017951232,0.9950635713889064,0.978873752044302,45.36390555596143,-0.0229530075895768,0.0001613026774771,-0.0038109795801427,0.0099039616583056,0.0073045220166363,0.935647065223304,50.0,0.38,0.56,0.46,0.44,0.48,0.46,0.56,0.14,0.24,-0.0042816701047492,0.0021947418591831,-0.0044465204355664,47.76687694149747,0.9346624852894092,0.0208022954459772,0.0018832187279566,23767.44921875,-0.0042795183956449,0.0,-0.006818344985056708,0.00013601521915524128,0.31114081996434934,0.6888591800356506,0.005592677172170298,0.17647058823529413,0.8235294117647058
2026-07-24,23767.44921875,-0.0042795183956449,-0.0173745338983803,-0.0232943435521586,-0.0181539629107241,-0.0119949609764715,0.988838650531325,0.9911625731541384,0.9749302229780992,42.8739007965717,-0.0271342981670068,0.0,-0.0085150150537158,0.0101734231022794,0.0073451392126864,0.922592321401434,50.0,0.34,0.34,0.4,0.36,0.44,0.48,0.54,0.1,0.16,-0.0045669547625464,-0.0065032900630849,-0.0087235081405322,46.87877000141472,0.7839194646256965,0.0210635675363061,0.0032714528359392,23995.94921875,0.0096139891957669,1.0,-0.005304674995638465,-0.009920112855961739,0.23502673796791443,0.7649732620320855,0.003941326259438073,0.11764705882352941,0.8823529411764706
2026-07-27,23995.94921875,0.0096139891957669,-1.2534510600570314e-05,-0.01000683958372,-0.008882358483747,0.0020754489220651,0.9985026858541042,1.0006644598564851,0.9844569511321352,49.545371842013935,-0.0177811778206522,0.0096139891957669,0.006771916093883,0.0102616952577631,0.007619257984167,0.9166044883200368,50.0,0.88,0.46,0.56,0.56,0.54,0.52,0.56,0.28,0.02,0.0077027685139606,-0.001368194242548,0.0101765972230692,51.1369839256387,0.8243467626522261,0.02082185404894,0.0081011483010041,23985.349609375,-0.0004417249460887,0.0,0.011072479182412855,-0.004133037299609293,0.940819964349376,0.05918003565062389,0.005370680494013719,0.9411764705882353,0.9411764705882353
2026-07-28,23985.349609375,-0.0004417249460887,0.0048492644155848,-0.008365806418584,-0.0027732010247957,0.0050113492923959,0.9982459058894146,1.000213716345382,0.9841785607400582,49.25799477786303,-0.0182150483769267,0.0091680175108188,-0.001029307843788,0.0087565311009407,0.0075766588782851,1.2584075883874677,50.0,0.6,0.42,0.5,0.54,0.5,0.52,0.48,0.34,0.18,0.0017689273144126,-0.0044469666282055,0.000753685878909,50.06223453945513,1.012764800489859,0.0195509942393851,-0.0042576634134869,24250.19921875,0.0110421408771743,1.0,0.0005202856547051945,-0.005337118065651803,0.5658645276292336,0.4341354723707665,0.006605876801551809,0.5882352941176471,0.5882352941176471
2026-07-29,24250.19921875,0.0110421408771743,0.0203113929289122,0.0105828710215136,0.0071308104221607,0.0101787528186285,1.0083785505839078,1.010811944938666,0.9950950508154583,56.1085135419815,-0.0073740406300149,0.0203113929289122,0.0079757345365201,0.0087950711100794,0.0078605322206871,1.2068107139301003,50.0,0.76,0.64,0.54,0.64,0.62,0.54,0.52,0.34,0.1,0.0062211874739366,0.0082425842104866,0.0117115669294054,55.49971881516284,0.9301875439840284,0.0196973903004327,0.0015328141107768,24317.150390625,0.0027608503860552,1.0,0.007526553201164434,0.007095014681211528,0.7089126559714795,0.2910873440285205,0.004965539172048696,0.8235294117647058,0.8235294117647058
2026-07-30,24317.150390625,0.0027608503860552,0.013385641424179,0.0187498235652943,0.0101525746175654,0.0058509650784079,1.0100887092333144,1.013062240525737,0.9978637825690698,57.66449393391866,-0.0046335488668799,0.0231283200319765,-2.673947105136243e-05,0.0084483358380759,0.0077297346002922,1.1351979370342034,50.0,0.48,0.74,0.5,0.64,0.62,0.58,0.48,0.22,0.22,-0.000236975677865,0.0144096683223302,-0.0008433833315525,54.17504608140263,0.98031427649329,0.0200801229755946,-0.0066943484099605,24383.599609375,0.0027326071386892,1.0,1.445076980536835e-05,0.01396511269940906,0.48030303030303023,0.5196969696969697,0.003040796954444553,0.5882352941176471,0.5882352941176471
2026-07-31,24383.599609375,0.0027326071386892,0.016603885558722,0.0259241277830908,0.0020258986920629,0.0046454904469619,1.0116109731453675,1.0152002996513243,1.0005846726872,59.21007955410133,-0.0019136033969018,0.0259241277830908,0.0018217113195171,0.0080447865342745,0.0077047560887288,1.1527530834814992,50.0,0.58,0.78,0.52,0.66,0.64,0.56,0.48,0.32,0.18,0.0015471275737336,0.026194860271396,0.0031920435899093,54.58606556026999,0.9857188515297866,0.020077636959666,-0.0014534468570526,24774.30078125,0.0160231129994761,1.0,0.0005836332758108289,0.019781168235321906,0.5946524064171124,0.4053475935828877,0.005562350740127864,0.6470588235294118,0.6470588235294118
2026-08-03,24774.30078125,0.0160231129994761,0.0216122580178546,0.0324367898683419,0.0221053605317986,0.0140788477191096,1.0251040797136102,1.0301957085271145,1.0164490893760074,66.86892575744429,0.0,0.0423626260114484,0.0077551966241398,0.0085043551777839,0.0083731177013577,0.9567064479163756,50.0,0.88,0.84,0.6,0.82,0.72,0.66,0.5,0.24,0.06,0.0174999463290219,0.0351615077817711,0.0108314546556572,59.7059569395534,0.8059414103373881,0.0201670345201772,-0.0032473930634523,24614.900390625,-0.0064341025013161,0.0,0.016488526711971357,0.02520970861217783,0.8745098039215686,0.12549019607843137,0.006136262490010006,0.9411764705882353,0.9411764705882353
2026-08-04,24614.900390625,-0.0064341025013161,0.0122444445675999,0.0262473047715732,0.0176619184822606,0.0088611761609345,1.016716279038938,1.0226222073253357,1.0098095860120309,61.77283260893277,-0.0064341025013161,0.0356559580321498,-0.0028416701341691,0.0089556819799291,0.0085162424733936,0.8423654417091637,50.0,0.28,0.88,0.62,0.7,0.7,0.64,0.54,0.1,0.16,-0.0044273828288697,0.0182325173239865,0.0187375925026729,59.8490528321763,0.8634311116466221,0.0207839757516898,0.0098764163417384,24624.650390625,0.0003961015419633,1.0,-0.004813059848475385,0.01969920874748248,0.2738859180035651,0.7065062388591801,0.0063453876812160056,0.17647058823529413,0.8235294117647058
2026-08-05,24624.650390625,0.0003961015419633,0.0098857750747072,0.0154411585858427,0.0261874413970932,0.0310944657214287,1.015463409537905,1.0221042785491286,1.0101069586100266,61.96377849102756,-0.0060405495172747,0.0360661829540698,0.0022059332868833,0.0090773020968492,0.0068286459410423,1.0193986838143576,50.0,0.52,0.76,0.8,0.7,0.72,0.62,0.56,0.18,0.14,0.0012313565692131,0.0137730329178669,0.0449909321361773,59.62710933350069,0.8369239707473891,0.0203406924279598,0.0138964664147486,24636.0,0.0004609043862535,1.0,0.0023233594004836516,0.014410832744978433,0.46301247771836007,0.46345811051693403,0.0043285745954026456,0.47058823529411764,0.5
2026-08-06,24636.0,0.0004609043862535,-0.005582429246789,0.0131121288577433,0.0321078025256857,0.0280935114762024,1.014392323788313,1.0216708768168277,1.0104662210822772,62.20047156103643,-0.005582429246789,0.0365437104022423,0.0006639529542813,0.0084304765329627,0.0068187400697134,0.9922265968646792,50.0,0.3,0.64,0.74,0.72,0.68,0.56,0.52,0.16,0.18,-0.0046199332691493,0.0106083290648367,0.0328433618405823,56.98194925706572,0.7662040971164856,0.020488436998009,0.0047498503643799,24570.650390625,-0.0026526063230638,0.0,-0.0017267465794692286,0.012670824206293134,0.3512477718360071,0.6434046345811052,0.004614076127599817,0.4117647058823529,0.5882352941176471
2026-08-07,24570.650390625,-0.0026526063230638,-0.0017976916135258,0.0076711717813018,0.0337941680018973,0.0150267070186678,1.0105753224049807,1.0182036904057352,1.007707783699887,59.88954597859448,-0.0082202275827347,0.0337941680018973,-0.0039413707328705,0.0082052130761635,0.0065477925373476,0.741171679562511,50.0,0.46,0.56,0.68,0.62,0.7,0.56,0.58,0.1,0.16,-0.0011564530544016,0.0030725044631868,0.0210030789026036,55.31188915071687,0.6043717213962276,0.0204119681698592,0.0059763718839358,24583.80078125,0.0005352072662276,1.0,0.0002316054797500419,0.012352800500122007,0.4514260249554367,0.5485739750445632,0.006270764108095252,0.47058823529411764,0.5294117647058824
2026-08-10,24583.80078125,0.0005352072662276,-0.0016588909376171,-0.0076894198420395,0.0244979499306767,0.0153979918735285,1.0100468684647972,1.0180001651627335,1.008164385393497,60.20991278729754,-0.0076894198420395,0.0343474621523955,0.0004313931135924,0.0081523041257546,0.0065465480060025,0.7900445590994372,50.0,0.5,0.24,0.72,0.7,0.7,0.58,0.62,0.06,0.1,4.687792987057016e-05,-0.0098952040111982,0.0260890888370045,55.505147462420425,0.7464338082115916,0.0205308504460646,0.010691096963476,24471.69921875,-0.004559976852135,0.0,0.0008386447413163076,-0.0032924320372068874,0.46443850267379677,0.5248663101604277,0.0042261556431576995,0.5294117647058824,0.5294117647058824
2026-08-11,24471.69921875,-0.004559976852135,-0.0066691338386913,-0.0058176620503221,0.020276944772358,0.0174475117035401,1.0049203305033412,1.0128275409289889,1.003531559462924,56.09666673795038,-0.0122143331176886,0.0296308616679159,-0.0003539392444815,0.0079802288471661,0.0064425924951046,0.8067196960702837,50.0,0.26,0.32,0.62,0.58,0.68,0.54,0.56,0.08,0.22,-0.0050969935576234,-0.0126663677111356,0.0315342313849263,52.941336572800935,0.8293617357783325,0.0210300352172693,0.0140867196813861,24435.94921875,-0.0014608711753293,0.0,-0.004121113623622721,-0.0024974658025650764,0.2955436720142602,0.7044563279857398,0.0034617816546916916,0.23529411764705882,0.7647058823529411
2026-08-12,24435.94921875,-0.0014608711753293,-0.0054821980588025,-0.0076631005468748,0.0076597308881645,0.0148451613991735,1.0031224569849275,1.0108980636693938,1.0020449345768965,54.810696042936506,-0.0136573607258403,0.0281267036208758,3.064764703486489e-05,0.008045398889375,0.0064635065531186,0.9411625253737536,50.0,0.34,0.26,0.64,0.56,0.64,0.52,0.56,0.1,0.28,-0.002594898168997,-0.0149563914003864,0.0260379851314764,52.58068604237963,0.7857574150642884,0.0202934795338129,0.0111928237323029,24395.849609375,-0.0016410088683697,0.0,-0.0021914965912076955,-0.0069929508187974694,0.2958110516934046,0.6753119429590018,0.005176920396731,0.35294117647058826,0.6470588235294118
2026-08-13,24395.849609375,-0.0016410088683697,-0.0076453260237265,-0.0097479457146046,0.0032363668228305,0.0134217988960547,1.0013355340590384,1.0088736354518135,1.0003965826013892,53.33381523474576,-0.0152759577441403,0.0264395385824263,-0.0001780004261779,0.0076523772448532,0.0064824518168641,0.8724891602513052,50.0,0.56,0.4,0.64,0.56,0.62,0.52,0.54,0.16,0.14,0.0014798183617518,-0.0068312917509415,0.0201714398861844,52.13293288919641,0.7558257176912075,0.0206391666986033,0.0067496409901296,24366.0,-0.0012235527703666,0.0,0.0009252670336153413,-0.004472311666558564,0.5120320855614974,0.4879679144385026,0.004143461202445076,0.5294117647058824,0.5294117647058824
2026-08-14,24366.0,-0.0012235527703666,-0.0043192431308167,-0.008329058749828,-0.0007217806089726,0.0013026558286985,1.0000998368866554,1.0073374497220924,0.9991807712334058,52.206137803908085,-0.0164808195740893,0.0251836356413799,-0.0013915981322065,0.0072637969440731,0.0060313485112197,0.803843555288642,50.0,0.22,0.28,0.58,0.52,0.64,0.52,0.58,0.06,0.1,-0.0043870625212802,-0.0076986563293113,0.0070020240941928,50.36814232426568,0.6392559467289524,0.0205439296933544,0.0056993682654942,24287.650390625,-0.003215530221415,0.0,0.0005584997300295408,-0.004162217330691912,0.3518716577540107,0.6481283422459893,0.004305275147191121,0.35294117647058826,0.6470588235294118
2026-08-17,24287.650390625,-0.003215530221415,-0.0060688793710215,-0.0120465664874275,-0.0196433552220901,0.0020277818604699,0.997179912010867,1.0039369743088624,0.9960078357427574,49.26187839764805,-0.0196433552220901,0.0218871266784748,-0.0009255019802183,0.0074416287056343,0.006008161802488,0.6900563311290717,50.0,0.36,0.16,0.52,0.38,0.56,0.5,0.5,0.06,0.02,-0.0032130714965921,-0.0142553739836331,0.0040008720684777,48.20234223966092,0.6429317047960533,0.020531273092224,0.0019730902080078,24154.900390625,-0.0054657407309864,0.0,-0.0031140598506115397,-0.008048852818498787,0.4144385026737968,0.5802139037433155,0.002685613483646159,0.4117647058823529,0.5882352941176471
2026-08-18,24154.900390625,-0.0054657407309864,-0.0098766479793925,-0.0129455182205848,-0.0186878676208334,-0.0013560127330992,0.9925113452038103,0.9985104200236906,0.9906569293042238,44.66556421174782,-0.0250017304663461,0.0163017565877174,-0.0026268815724812,0.0069932698027864,0.0061197423167907,0.7045094813941218,50.0,0.2,0.24,0.5,0.26,0.46,0.5,0.52,0.08,0.08,-0.0052916060409947,-0.0132279560699434,-0.0004097822930811,45.89299772768792,0.6655540766704477,0.0204680403266304,0.0009462304400181,24078.30078125,-0.0031711829954277,0.0,-0.0056159449013465845,-0.009522283156915046,0.16702317290552585,0.8329768270944742,0.0036536908488484163,0.11764705882352941,0.8823529411764706
2026-08-19,24078.30078125,-0.0031711829954277,-0.0118074045288516,-0.0146361589762009,-0.0221871011652211,0.0034193168203364,0.9903671133077064,0.9955257335778172,0.9876380643581216,42.21779219128696,-0.0280936283992626,0.0130788777390031,-0.0001179723090932,0.0069898558031756,0.0058863399801789,0.7484870339594243,50.0,0.32,0.2,0.52,0.28,0.46,0.48,0.52,0.02,0.08,-0.003557399718687,-0.0125702077316997,0.0054496918567877,44.98601241899243,0.6980428304797299,0.019177541215168,0.0020303750364513,24231.849609375,0.0063770624646639,1.0,-0.0020073495703130085,-0.009328352296094345,0.2925133689839572,0.7074866310160428,0.0034384691238997346,0.23529411764705882,0.7647058823529411
2026-08-20,24231.849609375,0.0063770624646639,-0.0022974960670357,-0.0067224549513937,-0.0164048705400633,0.0151762076418626,0.9969977266755848,1.0018006304945806,0.9939962671327036,48.33054277803329,-0.0218957207577598,0.0195393450239766,0.0061112467543633,0.0071140207815475,0.0058937484318225,0.8075571317250043,50.0,0.78,0.32,0.6,0.34,0.5,0.5,0.52,0.08,0.06,0.0053451987221927,-0.0070322425985855,0.0231132608399777,47.68375885077777,0.6576589282502576,0.0186968670395605,0.0079370531981151,24252.0,0.0008315663455258,1.0,0.005600914509836883,-0.0046169684246539855,0.7926916221033867,0.1484848484848485,0.002898375135009717,0.8235294117647058,0.875
2026-08-21,24252.0,0.0008315663455258,0.0040198720675612,-0.0046786505786752,-0.0129687405729634,0.0203871596312379,0.9980333611613496,1.0025301507396258,0.994874090939986,49.091662724506136,-0.021082362156727,0.0111172192595756,0.0021542380262546,0.0061849130907465,0.005772854344681,0.8346342641023577,50.0,0.5,0.32,0.64,0.34,0.48,0.52,0.48,0.14,0.1,7.62125188413787e-05,-0.0046816882092438,0.0178403213919134,47.31782611523074,0.6483962219278754,0.0177366898241088,-0.0025468382393244,24219.05078125,-0.0013586186190829,0.0,0.001282460658221616,-0.0038731439463126813,0.6594474153297682,0.3352049910873441,0.0035506143929541108,0.6470588235294118,0.6470588235294118
2026-08-24,24219.05078125,-0.0013586186190829,0.005845512159629,-0.0028244646259186,-0.0148370060124386,0.0092974676878243,0.9969928996160594,1.0011222355718952,0.9935864764715908,47.85043510526163,-0.0224123378860496,0.0097434965794143,0.0013628064180273,0.0056693823549057,0.005424554526989,0.7709121753882292,50.0,0.46,0.34,0.56,0.32,0.46,0.5,0.48,0.14,0.08,-0.0010644697130234,-0.0030682322812393,0.0063194646494035,47.6534669732599,0.7009776490501021,0.0173785228217563,-0.0029780030384207,24334.55078125,0.0047689730304962,1.0,-0.001317166152013729,-0.002137611834366529,0.3749554367201426,0.6132798573975045,0.0026731274296147487,0.4117647058823529,0.5882352941176471
2026-08-25,24334.55078125,0.0047689730304962,0.0042382720894431,0.0074374304062427,-0.0056043692051803,0.0145589360823203,1.0015808371583783,1.0056640131131898,0.998341503961564,52.394288353538286,-0.0177502486904823,0.0106423622799638,-0.0017878810214776,0.0057582735452822,0.0055026895198939,0.8074712159269062,50.0,0.68,0.68,0.48,0.46,0.52,0.52,0.44,0.1,0.06,0.0045052421800277,0.0062539300238969,-0.0009056688900134,49.60858940987031,0.7057094740567409,0.016922237201826,-0.0154646049723338,24207.75,-0.0052107303064621,0.0,0.0073772487956010125,0.010882756543060835,0.7746880570409981,0.22531194295900178,0.003480591901598663,0.8235294117647058,0.8235294117647058
2026-08-26,24207.75,-0.0052107303064621,-0.0018245917862443,0.0053761774938372,-0.0093386680708478,-0.00175046886696,0.996707217239721,1.000407143997354,0.993207216445644,47.50099816516245,-0.0228684872381457,0.0053761774938372,0.0003040301654428,0.006077449278345,0.0050850280485273,0.8510786239504928,50.0,0.28,0.56,0.4,0.38,0.42,0.46,0.4,0.16,0.06,-0.0075449168301321,0.0025640780532251,-0.0176283014991744,46.35749335378098,0.6923868191919159,0.017063205582954,-0.0158778326322144,24090.849609375,-0.0048290481612293,0.0,-0.00786500929841947,0.004939398089369128,0.23351158645276293,0.7664884135472371,0.0033714038645121748,0.23529411764705882,0.7647058823529411
2026-08-27,24090.849609375,-0.0048290481612293,-0.0052934020012976,-0.0058187881764274,-0.0125021265864334,-0.009306221231302,0.992660397285956,0.9957488773207628,0.9885249614557032,43.47023118673482,-0.0275871023731276,0.0005211675125669,0.0028854234439383,0.0063837184865859,0.0051450823416352,1.1396352744251608,50.0,0.36,0.38,0.42,0.34,0.46,0.5,0.48,0.16,0.16,-0.0026794170866503,-0.0055836918885184,-0.0159450100485687,46.973143430324,0.8374920120479199,0.0170099506246232,-0.0066387888172666,24175.650390625,0.0035200411203846,1.0,-0.000585580007476512,-0.0011696284707165485,0.4228163992869875,0.5477718360071302,0.00408061103772667,0.35294117647058826,0.6470588235294118
2026-08-28,24175.650390625,0.0035200411203846,-0.0065298263384189,-0.0031481778564654,-0.0078120992109906,-0.0085282411982374,0.9965195563799828,0.999283190036568,0.9920835362851348,46.98466250944581,-0.0241641689874887,0.0040430431640261,0.0013179277823245,0.0063660582794512,0.0051736909442131,1.0651270706307667,50.0,0.6,0.46,0.34,0.42,0.48,0.5,0.4,0.14,0.14,0.0017213676699258,-0.0017135468256408,-0.0153032358758047,48.5881084776274,0.7715327766840985,0.0167331904077556,-0.0067749946775672,24080.400390625,-0.0039399146852709,0.0,0.00284958748166299,0.0003766263193601972,0.5959001782531195,0.39875222816399286,0.0033785018228838664,0.5882352941176471,0.5882352941176471
2026-08-31,24080.400390625,-0.0039399146852709,-0.0052606958257169,-0.0057248482559167,-0.0085331432504478,-0.0280088789085085,0.9932940188054404,0.9955277892176612,0.9882910976445884,43.69846369404406,-0.0225523465406316,8.719923362021653e-05,-0.0024032283903944,0.006472811187364,0.0034856235477014,2.3982457619971327,50.0,0.4,0.4,0.28,0.42,0.48,0.48,0.42,0.3,0.52,-0.0070078640741429,-0.0083862740666983,-0.0345357648317151,46.78044989092268,1.2981425168534504,0.017230916602491,-0.0065268859232065,24055.80078125,-0.0010215614763854,0.0,-0.013082648211366323,-0.0116789981238951,0.33502673796791443,0.6649732620320856,0.007843088789383841,0.4117647058823529,0.5882352941176471
2026-09-01,24055.80078125,-0.0010215614763854,-0.0014548606086254,-0.0114549063389647,-0.004102671001428,-0.0227138684496949,0.9930094717470708,0.9947249237384572,0.9874064560536552,42.86462007112914,-0.023550869408589,0.0,-0.0001183372921037,0.0064296889706886,0.0032793282693855,1.1203110857832457,50.0,0.4,0.26,0.2,0.32,0.36,0.48,0.4,0.22,0.24,-0.0022258245023763,-0.0140242363616519,-0.0336417399942888,44.16250408625661,0.9673403112388954,0.0177464247648753,-0.0109278715445939,23914.44921875,-0.0058759865774318,0.0,-0.00024123621217242756,-0.01940238331206251,0.42834224598930476,0.5716577540106952,0.008254479337245555,0.47058823529411764,0.5294117647058824
2026-09-02,23914.44921875,-0.0058759865774318,-0.0108043079567484,-0.0121159868740382,-0.0068049470761488,-0.0288410661921675,0.9883818405235746,0.9893113533638082,0.9817841748545176,38.33771158714466,-0.0292884713934892,0.0,-0.0082225814492183,0.0068991452114707,0.0034212259461433,1.0756206152185646,50.0,0.28,0.26,0.16,0.3,0.3,0.42,0.42,0.18,0.3,-0.0060220301931853,-0.0139440569318073,-0.0333776788031871,42.88120510911203,0.9792087406765188,0.0183227521292694,-0.0045366126110196,23873.44921875,-0.0017144446700387,0.0,-0.001928231556665882,-0.01353574989420143,0.3925133689839572,0.6074866310160428,0.003921931118418007,0.35294117647058826,0.6470588235294118
2026-09-03,23873.44921875,-0.0017144446700387,-0.008594174869101,-0.0090241894391469,-0.0147904677687641,-0.0309527025998538,0.9879398986517038,0.988095128970102,0.980295059018626,37.11337422297156,-0.0288951073440923,0.0,0.0034916129255668,0.007041302070364,0.0033915054957657,0.8209864885745188,50.0,0.42,0.24,0.2,0.22,0.28,0.42,0.48,0.12,0.18,-0.0027311990061164,-0.012785533094649,-0.0331535347781304,41.29788360979872,0.7842816016828593,0.0185949953795533,-0.0022008321782766,23897.69921875,0.0010157727849795,1.0,-0.0012513357433357344,-0.01413926570828218,0.467825311942959,0.532174688057041,0.0030733139075451747,0.35294117647058826,0.6470588235294118
2026-09-04,23897.69921875,0.0010157727849795,-0.0065722843291597,-0.0114971538462843,-0.0146091366175985,-0.0273884150877734,0.989985883687194,0.9895218273985014,0.9814735281878948,38.367093025693855,-0.0279086854227719,0.0010157727849795,0.0015687373672668,0.0070139816816365,0.003428605964353,0.797752227948908,50.0,0.44,0.24,0.24,0.22,0.28,0.42,0.48,0.14,0.12,-0.0006453774056154,-0.016115772947866,-0.0310881991733749,43.38399308529696,0.794638343014747,0.0184813833883267,-0.0036997840856015,23779.150390625,-0.0049606795633274,0.0,-0.000230143952518451,-0.017263819879696503,0.42370766488413547,0.5762923351158645,0.004176088049313951,0.4117647058823529,0.5882352941176471
2026-09-07,23779.150390625,-0.0049606795633274,-0.0056576184083269,-0.0125101740466608,-0.0181634034545055,-0.0327309189406832,0.9864770988645368,0.9852076076581828,0.9768321478365596,34.72269746951183,-0.0282999893850597,0.0,-0.0006087961854329,0.0071301993940121,0.0034866113351042,0.7177091866078742,50.0,0.26,0.26,0.12,0.12,0.22,0.4,0.46,0.08,0.12,-0.0055762587751447,-0.0206994719584633,-0.0396006589897649,41.38154050764826,0.8071176783986573,0.018837771647167,-0.0068697400490816,23635.099609375,-0.0060578607260414,0.0,-0.004046164817855513,-0.007576196528214709,0.32397504456327986,0.6760249554367201,0.004076882045581289,0.29411764705882354,0.7058823529411765
2026-09-08,23635.099609375,-0.0060578607260414,-0.0099838782067487,-0.0174885540373659,-0.0287431306278287,-0.034186412716858,0.982325368195584,0.9800372475079352,0.9711957051982372,30.88384821203786,-0.0327734192850792,0.0,-0.0015160668340872,0.0072004070633211,0.0035674073986043,0.807935393258427,50.0,0.34,0.18,0.18,0.16,0.18,0.42,0.44,0.1,0.14,-0.0029120327465554,-0.0130156007473922,-0.0376997330279721,41.32573754178364,0.8451980422114067,0.0188161242029667,-0.0035133203111141,23431.5,-0.0086142903029797,0.0,-0.0010203962143084226,-0.008405572549998127,0.4224598930481283,0.5510695187165775,0.0030472573436609103,0.47058823529411764,0.5294117647058824
2026-09-09,23431.5,-0.0086142903029797,-0.0195081214506299,-0.0201948710728134,-0.0320661771540106,-0.0411053898401161,0.9762935284475636,0.9726784125828066,0.9631857828087412,26.43530394753121,-0.0395292488196193,0.0,-0.0047830908264993,0.007314033106761,0.0038834340175624,1.231483258597526,50.0,0.26,0.24,0.24,0.2,0.26,0.36,0.44,0.18,0.36,-0.0066577894196727,-0.0164565696553217,-0.0470599398977785,38.42441283345016,1.061362807837149,0.0188305270668705,-0.0059545500576624,23477.80078125,0.0019760058574995,1.0,0.0013836902419316899,-0.004942879001671178,0.3764705882352941,0.6181818181818182,0.005081225353195107,0.47058823529411764,0.5294117647058824
2026-09-10,23477.80078125,0.0019760058574995,-0.0126728501407605,-0.0165727387724627,-0.0254473726774016,-0.03763135298933,0.9802557695687286,0.975572160728752,0.965424405640754,28.941965832999717,-0.036452401655996,0.0019760058574995,0.0006444149702324,0.0074140016242071,0.0039882195501993,0.8901858069506214,50.0,0.48,0.26,0.26,0.24,0.22,0.4,0.46,0.2,0.2,-0.0009245799627514,-0.0106560496091244,-0.0431986060093593,40.2546273032623,0.9274830240879758,0.0186552866719927,-0.0055672530200293,23435.099609375,-0.0018187892585366,0.0,0.0013172483933510458,-0.0025917091081573695,0.5069518716577539,0.49304812834224604,0.0030683622225220904,0.47058823529411764,0.5294117647058824
2026-09-11,23435.099609375,-0.0018187892585366,-0.0084619909924419,-0.0193574956794186,-0.030632093419798,-0.0382048916779529,0.9804830781606028,0.974799443284444,0.9640170014218552,27.994559868514276,-0.0369618975078034,0.0001536226607343,-0.0088381361582092,0.0076643385274327,0.0039850589711789,0.0,,,,,,,,,,,,,,,,,,,,,,,,,,,
