date,open,high,low,close,adj_close,volume,dividends,stock_splits
2021-01-29,515.2000122070312,525.2000122070312,502.5,506.6499938964844,505.1964416503906,3822560,0.0,0.0
2021-02-01,510.5,539.5,496.8999938964844,537.2000122070312,535.6588134765625,4004036,0.0,0.0
2021-02-02,542.0499877929688,566.9000244140625,540.7999877929688,564.2000122070312,562.581298828125,5144708,0.0,0.0
2021-02-03,568.0,576.5999755859375,558.3499755859375,566.5999755859375,564.974365234375,6087209,0.0,0.0
2021-02-04,561.9500122070312,611.7000122070312,556.0,589.7000122070312,588.0081176757812,11184167,0.0,0.0
2021-02-05,595.0,607.8499755859375,588.5999755859375,595.3499755859375,593.6417846679688,4754950,0.0,0.0
2021-02-08,605.4000244140625,638.0,603.5499877929688,628.2999877929688,626.497314453125,7085276,0.0,0.0
2021-02-09,631.4500122070312,641.9000244140625,621.0,629.8499755859375,628.04296875,4510798,0.0,0.0
2021-02-10,633.0499877929688,654.9000244140625,622.0999755859375,650.7000122070312,648.8331298828125,5991927,0.0,0.0
2021-02-11,654.0,661.0,645.3499755859375,658.5999755859375,656.71044921875,3688016,0.0,0.0
2021-02-12,657.0,724.4500122070312,655.2000122070312,718.9500122070312,716.8873291015625,16810897,0.0,0.0
2021-02-15,725.0,787.9500122070312,707.6500244140625,763.4500122070312,761.2596435546875,21579566,0.0,0.0
2021-02-16,760.0,802.9500122070312,756.25,780.2000122070312,777.9617309570312,19426061,0.0,0.0
2021-02-17,787.1500244140625,802.0,782.25,785.4500122070312,783.1964721679688,8908279,0.0,0.0
2021-02-18,787.25,824.5,786.0,808.2000122070312,805.88134765625,9694238,0.0,0.0
2021-02-19,813.0,831.0,729.5,781.9000244140625,779.65673828125,20210882,0.0,0.0
2021-02-22,786.0,813.0,780.5499877929688,805.9000244140625,803.5879516601562,10890564,0.0,0.0
2021-02-23,814.7999877929688,827.2999877929688,789.0,799.6500244140625,797.3558959960938,9753081,0.0,0.0
2021-02-24,806.0,812.0499877929688,795.4500122070312,805.2000122070312,802.889892578125,4626257,0.0,0.0
2021-02-25,814.0,862.4000244140625,809.0,843.5,841.0800170898438,12118095,0.0,0.0
2021-02-26,833.9000244140625,861.0,819.8499755859375,833.6500244140625,831.2583618164062,11355426,0.0,0.0
2021-03-01,840.75,860.9500122070312,836.4500122070312,851.5,849.0570068359375,5996840,0.0,0.0
2021-03-02,857.4000244140625,876.5,852.25,872.5499877929688,870.0466918945312,5116413,0.0,0.0
2021-03-03,880.4500122070312,944.9000244140625,872.8499755859375,915.3499755859375,912.723876953125,11670544,0.0,0.0
2021-03-04,910.0,938.7000122070312,905.4000244140625,918.4000244140625,915.7651977539062,8141787,0.0,0.0
2021-03-05,918.0,934.0,888.2999877929688,909.9000244140625,907.28955078125,7109101,0.0,0.0
2021-03-08,918.0999755859375,926.4000244140625,905.0999755859375,910.2000122070312,907.5887451171875,3904469,0.0,0.0
2021-03-09,918.0,928.4000244140625,893.5999755859375,905.2000122070312,902.6029663085938,5561849,0.0,0.0
2021-03-10,911.0,914.0999755859375,888.7000122070312,898.1500244140625,895.5732421875,5465016,0.0,0.0
2021-03-12,905.0,923.7999877929688,889.2999877929688,894.0999755859375,891.5347900390625,6049852,0.0,0.0
2021-03-15,898.75,904.0,874.5,896.2000122070312,893.62890625,5234540,0.0,0.0
2021-03-16,900.7000122070312,904.4000244140625,888.0499877929688,897.7999877929688,895.2241821289062,2555026,0.0,0.0
2021-03-17,898.0,905.4000244140625,865.0,873.9000244140625,871.3927612304688,3886557,0.0,0.0
2021-03-18,876.0,891.0,857.75,871.0499877929688,868.551025390625,4465851,0.0,0.0
2021-03-19,866.0,895.4000244140625,840.2000122070312,889.6500244140625,887.0975952148438,4794995,0.0,0.0
2021-03-22,892.9000244140625,1003.0,883.4500122070312,991.0499877929688,988.2066650390625,22596465,0.0,0.0
2021-03-23,999.0,1086.699951171875,991.0499877929688,1058.4000244140625,1055.363525390625,31098225,0.0,0.0
2021-03-24,1063.0,1093.0,1018.4000244140625,1025.449951171875,1022.5079345703125,22877032,0.0,0.0
2021-03-25,1032.949951171875,1041.449951171875,977.0,981.5499877929688,978.7338256835938,13139164,0.0,0.0
2021-03-26,1000.0,1018.4500122070312,978.0,988.2999877929688,985.4645385742188,9396506,0.0,0.0
2021-03-30,1004.0,1042.449951171875,988.0,1031.550048828125,1028.590576171875,10470011,0.0,0.0
2021-03-31,1038.0,1053.1500244140625,1016.5999755859375,1031.1500244140625,1028.1917724609375,6440569,0.0,0.0
2021-04-01,1043.4000244140625,1116.050048828125,1035.0,1107.199951171875,1104.0234375,12713083,0.0,0.0
2021-04-05,1127.0,1150.0,1098.8499755859375,1138.25,1134.984375,15795720,0.0,0.0
2021-04-06,1153.4000244140625,1241.0,1142.5,1225.4000244140625,1221.8843994140625,21496457,0.0,0.0
2021-04-07,1233.4000244140625,1251.5999755859375,1108.0,1165.550048828125,1162.2061767578125,23007694,0.0,0.0
2021-04-08,1162.5,1191.0,1137.75,1162.5,1159.164794921875,12404773,0.0,0.0
2021-04-09,1163.4000244140625,1228.0,1151.199951171875,1201.4000244140625,1197.953125,12923020,0.0,0.0
2021-04-12,1177.4000244140625,1177.4000244140625,1061.4000244140625,1074.4000244140625,1071.317626953125,13690016,0.0,0.0
2021-04-13,1077.0,1116.300048828125,1051.050048828125,1106.3499755859375,1103.1759033203125,12137329,0.0,0.0
2021-04-15,1095.0,1144.9000244140625,1081.3499755859375,1129.949951171875,1126.7081298828125,9350889,0.0,0.0
2021-04-16,1130.0,1192.0,1112.0,1159.0,1155.6746826171875,10661068,0.0,0.0
2021-04-19,1100.0,1153.0,1089.0,1136.3499755859375,1133.08984375,8565063,0.0,0.0
2021-04-20,1156.8499755859375,1177.699951171875,1125.050048828125,1142.75,1139.471435546875,8261172,0.0,0.0
2021-04-22,1134.0,1169.0,1123.0,1157.800048828125,1154.4783935546875,7124786,0.0,0.0
2021-04-23,1161.0,1182.9000244140625,1145.6500244140625,1157.5999755859375,1154.279052734375,6167151,0.0,0.0
2021-04-26,1160.0,1197.9000244140625,1160.0,1173.3499755859375,1169.9837646484375,6939823,0.0,0.0
2021-04-27,1184.699951171875,1213.5,1181.0,1191.1500244140625,1187.7327880859375,7109421,0.0,0.0
2021-04-28,1207.949951171875,1213.949951171875,1180.75,1185.199951171875,1181.7996826171875,5020151,0.0,0.0
2021-04-29,1196.550048828125,1212.6500244140625,1178.0,1182.300048828125,1178.9080810546875,4070698,0.0,0.0
2021-04-30,1171.0,1200.949951171875,1143.0,1158.699951171875,1155.3756103515625,4232500,0.0,0.0
2021-05-03,1145.0999755859375,1264.4000244140625,1122.6500244140625,1255.550048828125,1251.947998046875,11276228,0.0,0.0
2021-05-04,1285.0,1298.949951171875,1241.8499755859375,1262.5,1258.8779296875,10271516,0.0,0.0
2021-05-05,1274.4000244140625,1288.25,1240.25,1267.5,1263.863525390625,7805805,0.0,0.0
2021-05-06,1272.3499755859375,1311.8499755859375,1263.0,1286.75,1283.0582275390625,6240535,0.0,0.0
2021-05-07,1305.0,1322.4000244140625,1290.449951171875,1298.9000244140625,1295.173583984375,4584524,0.0,0.0
2021-05-10,1294.9000244140625,1314.0,1286.300048828125,1304.0999755859375,1300.3585205078125,3892338,0.0,0.0
2021-05-11,1292.0,1326.0,1284.0,1303.5,1299.76025390625,4744734,0.0,0.0
2021-05-12,1311.0,1328.5,1278.5999755859375,1285.800048828125,1282.1112060546875,4143731,0.0,0.0
2021-05-14,1300.0,1302.0,1213.3499755859375,1220.3499755859375,1216.8487548828125,6377643,0.0,0.0
2021-05-17,1230.0,1299.0,1227.449951171875,1289.0999755859375,1285.401611328125,7782732,0.0,0.0
2021-05-18,1314.949951171875,1344.949951171875,1302.0,1326.699951171875,1322.893798828125,6531595,0.0,0.0
2021-05-19,1350.0,1351.550048828125,1283.9000244140625,1294.699951171875,1290.9853515625,9925284,0.0,0.0
2021-05-20,1301.300048828125,1320.0,1283.949951171875,1302.0,1298.2645263671875,5837747,0.0,0.0
2021-05-21,1320.0,1336.0,1300.050048828125,1315.0999755859375,1311.326904296875,8314215,0.0,0.0
2021-05-24,1321.699951171875,1328.6500244140625,1303.0,1306.800048828125,1303.05078125,7913411,0.0,0.0
2021-05-25,1314.3499755859375,1322.0,1272.9000244140625,1282.75,1279.06982421875,3697062,0.0,0.0
2021-05-26,1288.949951171875,1326.8499755859375,1254.25,1322.800048828125,1319.0047607421875,5630730,0.0,0.0
2021-05-27,1329.5,1342.0,1304.25,1325.800048828125,1321.996337890625,36690935,0.0,0.0
2021-05-28,1311.5999755859375,1330.449951171875,1298.0,1302.5999755859375,1298.86279296875,2979585,0.0,0.0
2021-05-31,1307.050048828125,1321.5,1292.0,1316.300048828125,1312.523681640625,2709718,0.0,0.0
2021-06-01,1319.9000244140625,1430.0,1309.050048828125,1416.25,1412.186767578125,10018645,0.0,0.0
2021-06-02,1425.550048828125,1557.0,1413.0,1546.75,1542.3125,24541949,0.0,0.0
2021-06-03,1564.0,1623.800048828125,1553.0,1583.0999755859375,1578.55810546875,19107244,0.0,0.0
2021-06-04,1605.0,1713.550048828125,1585.800048828125,1700.949951171875,1696.0699462890625,21102075,0.0,0.0
2021-06-07,1715.0,1717.199951171875,1613.0,1624.300048828125,1619.639892578125,15350263,0.0,0.0
2021-06-08,1633.0,1668.0,1602.449951171875,1636.449951171875,1631.7550048828125,12410257,0.0,0.0
2021-06-09,1640.0,1649.449951171875,1571.8499755859375,1594.6500244140625,1590.074951171875,11614666,0.0,0.0
2021-06-10,1612.0,1630.0,1591.0,1612.0,1607.375244140625,5362307,0.0,0.0
2021-06-11,1615.0999755859375,1620.0999755859375,1575.25,1601.5999755859375,1597.0050048828125,5355387,0.0,0.0
2021-06-14,1441.449951171875,1529.949951171875,1201.199951171875,1501.449951171875,1497.142333984375,43530006,0.0,0.0
2021-06-15,1550.949951171875,1572.5999755859375,1477.199951171875,1538.8499755859375,1534.4349365234375,22320542,0.0,0.0
2021-06-16,1510.0,1538.199951171875,1409.300048828125,1448.300048828125,1444.1448974609375,12626149,0.0,0.0
2021-06-17,1380.0,1436.0,1303.5,1367.699951171875,1363.7760009765625,27926070,0.0,0.0
2021-06-18,1350.0,1504.0,1332.550048828125,1487.5,1483.232421875,30526777,0.0,0.0
2021-06-21,1490.0,1582.0,1444.8499755859375,1540.0,1535.5816650390625,21101083,0.0,0.0
2021-06-22,1554.050048828125,1582.0,1531.800048828125,1541.5999755859375,1537.17724609375,12069983,0.0,0.0
2021-06-23,1560.0999755859375,1569.949951171875,1481.300048828125,1504.75,1500.4327392578125,12679703,0.0,0.0
2021-06-24,1509.949951171875,1519.0,1488.050048828125,1508.5,1504.172119140625,7261764,0.0,0.0
2021-06-25,1525.0,1534.0,1501.0,1519.449951171875,1515.0906982421875,4962963,0.0,0.0
2021-06-28,1524.9000244140625,1565.0,1518.199951171875,1525.75,1521.37255859375,6178022,0.0,0.0
2021-06-29,1526.0,1548.699951171875,1513.0,1523.550048828125,1519.1790771484375,5551918,0.0,0.0
2021-06-30,1539.0,1539.0,1502.699951171875,1507.550048828125,1503.224853515625,3256147,0.0,0.0
2021-07-01,1509.550048828125,1522.550048828125,1482.9000244140625,1490.25,1486.9306640625,3759914,0.969485,0.0
2021-07-02,1490.25,1507.699951171875,1411.550048828125,1422.050048828125,1418.8826904296875,6653653,0.0,0.0
2021-07-05,1427.0,1443.949951171875,1350.5999755859375,1394.3499755859375,1391.2442626953125,12239845,0.0,0.0
2021-07-06,1400.9000244140625,1444.1500244140625,1378.75,1414.800048828125,1411.6488037109375,9485434,0.0,0.0
2021-07-07,1420.0,1437.0999755859375,1385.0,1425.6500244140625,1422.4747314453125,5549751,0.0,0.0
2021-07-08,1420.0,1445.0,1411.800048828125,1425.9000244140625,1422.72412109375,3898830,0.0,0.0
2021-07-09,1425.9000244140625,1456.5999755859375,1416.449951171875,1431.3499755859375,1428.161865234375,4502324,0.0,0.0
2021-07-12,1442.0,1447.0,1414.1500244140625,1420.699951171875,1417.53564453125,2557189,0.0,0.0
2021-07-13,1433.0,1433.0,1385.199951171875,1417.699951171875,1414.5421142578125,4157955,0.0,0.0
2021-07-14,1449.0,1449.0,1397.800048828125,1402.050048828125,1398.92724609375,3859529,0.0,0.0
2021-07-15,1399.0,1429.0,1393.4000244140625,1407.949951171875,1404.81396484375,2728305,0.0,0.0
2021-07-16,1409.0,1415.0,1388.25,1395.5,1392.3916015625,2134914,0.0,0.0
2021-07-19,1390.0,1412.6500244140625,1332.75,1380.5999755859375,1377.52490234375,6190302,0.0,0.0
2021-07-20,1340.0,1382.9000244140625,1336.0999755859375,1365.699951171875,1362.658203125,4529933,0.0,0.0
2021-07-22,1375.0,1424.9000244140625,1340.5,1416.75,1413.5943603515625,5009804,0.0,0.0
2021-07-23,1430.0,1434.8499755859375,1386.199951171875,1401.6500244140625,1398.528076171875,4694140,0.0,0.0
2021-07-26,1399.800048828125,1416.800048828125,1392.0,1403.9000244140625,1400.77294921875,2054318,0.0,0.0
2021-07-27,1403.9000244140625,1424.5999755859375,1378.1500244140625,1396.75,1393.638916015625,2978042,0.0,0.0
2021-07-28,1406.8499755859375,1424.800048828125,1378.5999755859375,1399.9000244140625,1396.7818603515625,3188606,0.0,0.0
2021-07-29,1413.949951171875,1425.0,1397.0,1400.25,1397.131103515625,2538248,0.0,0.0
2021-07-30,1409.5,1449.5,1400.25,1420.25,1417.0865478515625,4403219,0.0,0.0
2021-08-02,1435.0,1445.0,1424.0999755859375,1438.199951171875,1434.99658203125,2483790,0.0,0.0
2021-08-03,1467.0,1467.0,1422.199951171875,1442.800048828125,1439.58642578125,4442122,0.0,0.0
2021-08-04,1460.0,1460.0,1423.050048828125,1429.550048828125,1426.36572265625,3341801,0.0,0.0
2021-08-05,1428.0,1438.0,1407.4000244140625,1432.3499755859375,1429.15966796875,2104359,0.0,0.0
2021-08-06,1422.0,1555.0,1422.0,1536.6500244140625,1533.227294921875,14250256,0.0,0.0
2021-08-09,1546.699951171875,1565.0,1482.5,1493.4000244140625,1490.073486328125,6031426,0.0,0.0
2021-08-10,1488.0,1498.6500244140625,1426.050048828125,1446.5,1443.2779541015625,3581449,0.0,0.0
2021-08-11,1455.0,1456.5999755859375,1407.0,1437.050048828125,1433.849365234375,3197412,0.0,0.0
2021-08-12,1443.5999755859375,1458.0,1430.25,1442.9000244140625,1439.6861572265625,2455443,0.0,0.0
2021-08-13,1445.0,1454.0,1428.0,1437.0,1433.79931640625,2095991,0.0,0.0
2021-08-16,1431.5,1449.699951171875,1413.550048828125,1430.0999755859375,1426.9146728515625,1909352,0.0,0.0
2021-08-17,1431.0,1451.0,1416.199951171875,1441.6500244140625,1438.4390869140625,3062815,0.0,0.0
2021-08-18,1441.9000244140625,1496.800048828125,1432.5999755859375,1460.0,1456.7481689453125,4738820,0.0,0.0
2021-08-20,1438.0,1482.6500244140625,1411.0,1430.0999755859375,1426.9146728515625,4933377,0.0,0.0
2021-08-23,1415.050048828125,1427.75,1361.550048828125,1396.699951171875,1393.5888671875,4866080,0.0,0.0
2021-08-24,1407.0,1448.4000244140625,1390.0,1437.800048828125,1434.59765625,3362312,0.0,0.0
2021-08-25,1444.25,1481.800048828125,1425.0,1475.3499755859375,1472.0638427734375,5361140,0.0,0.0
2021-08-26,1482.0,1494.6500244140625,1460.4000244140625,1475.699951171875,1472.4130859375,4678919,0.0,0.0
2021-08-27,1475.0,1515.0,1474.0999755859375,1506.050048828125,1502.695556640625,5164477,0.0,0.0
2021-08-30,1513.75,1527.0,1493.300048828125,1516.550048828125,1513.172119140625,3149863,0.0,0.0
2021-08-31,1517.300048828125,1596.8499755859375,1512.800048828125,1587.5999755859375,1584.0638427734375,7234384,0.0,0.0
2021-09-01,1594.9000244140625,1600.8499755859375,1561.5,1565.199951171875,1561.7137451171875,3056760,0.0,0.0
2021-09-02,1571.0,1594.300048828125,1565.5,1570.550048828125,1567.0518798828125,2171898,0.0,0.0
2021-09-03,1578.5,1581.4000244140625,1551.550048828125,1565.550048828125,1562.06298828125,1687999,0.0,0.0
2021-09-06,1572.0,1628.449951171875,1566.050048828125,1582.0,1578.4761962890625,5562312,0.0,0.0
2021-09-07,1585.0999755859375,1592.3499755859375,1553.0,1558.0999755859375,1554.629638671875,1651169,0.0,0.0
2021-09-08,1559.9000244140625,1579.0,1538.25,1555.949951171875,1552.4842529296875,2084219,0.0,0.0
2021-09-09,1561.5999755859375,1565.5,1535.050048828125,1545.0,1541.558837890625,1243149,0.0,0.0
2021-09-13,1548.0,1557.0,1525.25,1532.449951171875,1529.0367431640625,1759456,0.0,0.0
2021-09-14,1539.9000244140625,1547.25,1497.050048828125,1513.199951171875,1509.8294677734375,7143757,0.0,0.0
2021-09-15,1524.0,1545.5999755859375,1496.9000244140625,1516.800048828125,1513.421630859375,12834337,0.0,0.0
2021-09-16,1523.0,1535.0,1499.75,1503.199951171875,1499.8519287109375,7616906,0.0,0.0
2021-09-17,1503.199951171875,1525.0,1465.75,1480.25,1476.9530029296875,3329954,0.0,0.0
2021-09-20,1464.9000244140625,1488.5,1409.949951171875,1418.8499755859375,1415.6898193359375,2273312,0.0,0.0
2021-09-21,1420.0,1446.949951171875,1381.3499755859375,1441.449951171875,1438.2392578125,2682157,0.0,0.0
2021-09-22,1435.0,1462.6500244140625,1424.3499755859375,1437.75,1434.547607421875,1663858,0.0,0.0
2021-09-23,1453.0,1480.0,1441.0999755859375,1474.3499755859375,1471.0660400390625,1622616,0.0,0.0
2021-09-24,1483.0,1516.0,1455.0,1461.699951171875,1458.4443359375,2760295,0.0,0.0
2021-09-27,1462.0,1544.0,1462.0,1531.25,1527.83935546875,4737676,0.0,0.0
2021-09-28,1557.0,1557.9000244140625,1475.0,1487.300048828125,1483.9874267578125,3547971,0.0,0.0
2021-09-29,1466.300048828125,1498.0,1464.300048828125,1485.6500244140625,1482.3409423828125,1764350,0.0,0.0
2021-09-30,1484.699951171875,1519.0,1463.3499755859375,1468.0999755859375,1464.8299560546875,2072145,0.0,0.0
2021-10-01,1465.0,1468.75,1422.6500244140625,1458.699951171875,1455.450927734375,2311858,0.0,0.0
2021-10-04,1471.0,1531.0,1460.0999755859375,1526.6500244140625,1523.249755859375,3209302,0.0,0.0
2021-10-05,1515.0,1557.8499755859375,1512.3499755859375,1527.6500244140625,1524.2474365234375,2544835,0.0,0.0
2021-10-06,1529.800048828125,1541.0,1472.0,1479.550048828125,1476.2545166015625,1777998,0.0,0.0
2021-10-07,1502.8499755859375,1535.75,1490.0,1520.75,1517.3626708984375,1919106,0.0,0.0
2021-10-08,1522.0,1569.449951171875,1511.449951171875,1547.9000244140625,1544.4521484375,2646112,0.0,0.0
2021-10-11,1553.0,1563.699951171875,1532.1500244140625,1539.75,1536.3204345703125,1910095,0.0,0.0
2021-10-12,1539.0,1566.9000244140625,1514.5,1554.449951171875,1550.987548828125,1900749,0.0,0.0
2021-10-13,1568.449951171875,1608.300048828125,1551.300048828125,1569.699951171875,1566.2037353515625,3923958,0.0,0.0
2021-10-14,1580.0,1656.0,1574.800048828125,1646.3499755859375,1642.6829833984375,5256882,0.0,0.0
2021-10-18,1672.949951171875,1672.949951171875,1608.550048828125,1615.5,1611.901611328125,3791222,0.0,0.0
2021-10-19,1625.199951171875,1637.0,1562.050048828125,1569.449951171875,1565.9542236328125,1822638,0.0,0.0
2021-10-20,1574.0,1607.3499755859375,1539.0999755859375,1589.699951171875,1586.1593017578125,2768997,0.0,0.0
2021-10-21,1601.949951171875,1626.8499755859375,1581.699951171875,1595.050048828125,1591.4971923828125,3129269,0.0,0.0
2021-10-22,1595.050048828125,1608.800048828125,1537.0,1543.0,1539.563232421875,2580699,0.0,0.0
2021-10-25,1545.0,1551.4000244140625,1494.050048828125,1532.199951171875,1528.787109375,2276050,0.0,0.0
2021-10-26,1532.0,1557.25,1520.9000244140625,1543.8499755859375,1540.4112548828125,1661783,0.0,0.0
2021-10-27,1548.0,1581.1500244140625,1540.0,1566.550048828125,1563.0609130859375,2121282,0.0,0.0
2021-10-28,1550.0,1566.9000244140625,1367.699951171875,1398.550048828125,1395.43505859375,7093354,0.0,0.0
2021-10-29,1400.0,1454.800048828125,1377.75,1423.5999755859375,1420.4290771484375,3165141,0.0,0.0
2021-11-01,1436.0,1457.0,1411.199951171875,1445.300048828125,1442.080810546875,1543436,0.0,0.0
2021-11-02,1455.0,1489.0,1452.800048828125,1472.800048828125,1469.5196533203125,1667692,0.0,0.0
2021-11-03,1474.0,1501.0,1464.449951171875,1485.9000244140625,1482.59033203125,1710819,0.0,0.0
2021-11-04,1495.0,1511.5,1483.0,1489.449951171875,1486.1324462890625,272261,0.0,0.0
2021-11-08,1495.0,1575.1500244140625,1485.6500244140625,1568.25,1564.7569580078125,2565017,0.0,0.0
2021-11-09,1555.0,1659.0,1554.949951171875,1635.449951171875,1631.8070068359375,4713708,0.0,0.0
2021-11-10,1625.550048828125,1686.0,1620.4000244140625,1655.8499755859375,1652.161865234375,3728328,0.0,0.0
2021-11-11,1650.0,1704.0,1640.8499755859375,1664.9000244140625,1661.191650390625,4470709,0.0,0.0
2021-11-12,1678.300048828125,1719.5,1670.0999755859375,1705.199951171875,1701.4019775390625,5349189,0.0,0.0
2021-11-15,1713.75,1764.0,1691.800048828125,1749.550048828125,1745.6533203125,3997553,0.0,0.0
2021-11-16,1759.449951171875,1766.550048828125,1706.9000244140625,1711.5999755859375,1707.7877197265625,2172117,0.0,0.0
2021-11-17,1714.0,1729.699951171875,1682.5,1706.449951171875,1702.649169921875,1476385,0.0,0.0
2021-11-18,1708.0,1714.0,1640.0,1688.75,1684.988525390625,2255988,0.0,0.0
2021-11-22,1691.4000244140625,1701.4000244140625,1610.050048828125,1675.75,1672.0174560546875,2552170,0.0,0.0
2021-11-23,1660.1500244140625,1720.3499755859375,1650.0,1707.949951171875,1704.1458740234375,2472589,0.0,0.0
2021-11-24,1721.5999755859375,1788.9000244140625,1712.449951171875,1755.1500244140625,1751.24072265625,4562858,0.0,0.0
2021-11-25,1762.949951171875,1773.699951171875,1735.550048828125,1763.050048828125,1759.123046875,2341862,0.0,0.0
2021-11-26,1740.0,1768.550048828125,1660.8499755859375,1669.550048828125,1665.831298828125,3510810,0.0,0.0
2021-11-29,1655.0,1697.0,1609.8499755859375,1665.050048828125,1661.34130859375,2119826,0.0,0.0
2021-11-30,1668.0,1718.6500244140625,1648.1500244140625,1662.8499755859375,1659.146240234375,2952368,0.0,0.0
2021-12-01,1694.0,1705.0,1652.3499755859375,1693.300048828125,1689.528564453125,2476360,0.0,0.0
2021-12-02,1692.5,1735.0,1687.6500244140625,1732.25,1728.3916015625,2159661,0.0,0.0
2021-12-03,1734.0,1745.0,1701.0999755859375,1708.0999755859375,1704.2952880859375,1544077,0.0,0.0
2021-12-06,1710.0,1727.949951171875,1640.0,1645.5999755859375,1641.9345703125,1574680,0.0,0.0
2021-12-07,1658.9000244140625,1686.699951171875,1654.0,1678.449951171875,1674.71142578125,1476012,0.0,0.0
2021-12-08,1679.800048828125,1726.4000244140625,1679.050048828125,1715.5,1711.678955078125,1406394,0.0,0.0
2021-12-09,1725.0,1739.25,1706.5999755859375,1722.25,1718.4140625,1306393,0.0,0.0
2021-12-10,1710.5999755859375,1788.0,1710.5999755859375,1740.4000244140625,1736.5234375,2708578,0.0,0.0
2021-12-13,1755.0,1762.199951171875,1711.0999755859375,1719.550048828125,1715.7200927734375,1104594,0.0,0.0
2021-12-14,1712.0,1727.9000244140625,1683.0,1720.0999755859375,1716.2686767578125,1198653,0.0,0.0
2021-12-15,1720.0,1727.0,1687.050048828125,1695.300048828125,1691.5240478515625,866378,0.0,0.0
2021-12-16,1707.300048828125,1719.8499755859375,1687.0,1702.050048828125,1698.2591552734375,751885,0.0,0.0
2021-12-17,1698.949951171875,1702.0,1640.0,1645.300048828125,1641.6353759765625,1215873,0.0,0.0
2021-12-20,1629.0,1629.0,1555.199951171875,1589.949951171875,1586.40869140625,1945211,0.0,0.0
2021-12-21,1621.0999755859375,1645.9000244140625,1602.9000244140625,1620.5,1616.8905029296875,1563851,0.0,0.0
2021-12-22,1631.25,1663.449951171875,1627.0,1658.0999755859375,1654.40673828125,993006,0.0,0.0
2021-12-23,1674.699951171875,1684.199951171875,1658.199951171875,1676.199951171875,1672.4664306640625,979023,0.0,0.0
2021-12-24,1680.0,1703.949951171875,1658.199951171875,1698.199951171875,1694.41748046875,1234386,0.0,0.0
2021-12-27,1694.75,1738.0,1686.050048828125,1730.199951171875,1726.3463134765625,1672655,0.0,0.0
2021-12-28,1740.0,1760.0,1728.0999755859375,1751.0,1747.099853515625,1552918,0.0,0.0
2021-12-29,1751.0,1755.0,1709.4000244140625,1718.050048828125,1714.223388671875,1100579,0.0,0.0
2021-12-30,1714.0,1725.0,1685.0,1696.4000244140625,1692.62158203125,1359574,0.0,0.0
2021-12-31,1694.949951171875,1725.0,1691.050048828125,1709.449951171875,1705.6424560546875,1310960,0.0,0.0
2022-01-03,1713.0,1733.0,1711.199951171875,1717.1500244140625,1713.3251953125,1094708,0.0,0.0
2022-01-04,1725.75,1728.0,1700.0,1719.0,1715.1712646484375,1191189,0.0,0.0
2022-01-05,1722.0,1744.6500244140625,1702.550048828125,1715.449951171875,1711.629150390625,1583598,0.0,0.0
2022-01-06,1710.0,1723.8499755859375,1675.5999755859375,1713.0999755859375,1709.2843017578125,1615375,0.0,0.0
2022-01-07,1719.9000244140625,1730.800048828125,1689.5,1699.0999755859375,1695.3154296875,1295933,0.0,0.0
2022-01-10,1707.550048828125,1766.0,1699.0999755859375,1752.5999755859375,1748.6962890625,1670551,0.0,0.0
2022-01-11,1758.0,1850.0,1737.0,1843.9000244140625,1839.7930908203125,5126019,0.0,0.0
2022-01-12,1873.0,1873.0,1808.300048828125,1830.0999755859375,1826.023681640625,2518912,0.0,0.0
2022-01-13,1834.0,1863.0,1808.0,1853.3499755859375,1849.221923828125,1881069,0.0,0.0
2022-01-14,1850.0,1890.449951171875,1831.0999755859375,1870.25,1866.0843505859375,2357616,0.0,0.0
2022-01-17,1876.0,1901.4000244140625,1855.6500244140625,1877.800048828125,1873.617431640625,1700525,0.0,0.0
2022-01-18,1885.0,1908.5,1830.050048828125,1840.949951171875,1836.849365234375,2294146,0.0,0.0
2022-01-19,1839.800048828125,1857.0,1811.25,1849.300048828125,1845.180908203125,1544606,0.0,0.0
2022-01-20,1855.0,1880.3499755859375,1843.699951171875,1865.8499755859375,1861.6942138671875,1252017,0.0,0.0
2022-01-21,1860.8499755859375,1873.0,1810.75,1828.3499755859375,1824.277587890625,1929667,0.0,0.0
2022-01-24,1822.0,1827.449951171875,1696.550048828125,1715.800048828125,1711.9783935546875,2381112,0.0,0.0
2022-01-25,1668.0,1750.550048828125,1668.0,1741.4000244140625,1737.5213623046875,1817963,0.0,0.0
2022-01-27,1718.0,1725.550048828125,1654.5,1686.0,1682.2447509765625,3549583,0.0,0.0
2022-01-28,1702.5,1744.0999755859375,1683.949951171875,1693.699951171875,1689.9273681640625,1624750,0.0,0.0
2022-01-31,1708.949951171875,1734.0,1705.0,1714.949951171875,1711.1300048828125,1024738,0.0,0.0
2022-02-01,1727.949951171875,1765.0999755859375,1699.1500244140625,1746.9000244140625,1743.009033203125,1574361,0.0,0.0
2022-02-02,1755.0,1786.0,1747.0,1779.3499755859375,1775.3868408203125,1405276,0.0,0.0
2022-02-03,1771.949951171875,1787.0,1746.4000244140625,1751.8499755859375,1747.947998046875,588866,0.0,0.0
2022-02-04,1758.0,1770.0,1733.699951171875,1757.300048828125,1753.3858642578125,855996,0.0,0.0
2022-02-07,1765.0,1765.5,1722.0999755859375,1731.800048828125,1727.9427490234375,854871,0.0,0.0
2022-02-08,1739.4000244140625,1747.0,1677.050048828125,1716.0,1712.1778564453125,1480201,0.0,0.0
2022-02-09,1724.5999755859375,1791.9000244140625,1718.0999755859375,1783.1500244140625,1779.1783447265625,1674022,0.0,0.0
2022-02-10,1799.0,1809.0,1766.0,1786.0999755859375,1782.1217041015625,1747943,0.0,0.0
2022-02-11,1764.0,1774.9000244140625,1743.3499755859375,1764.300048828125,1760.370361328125,1196002,0.0,0.0
2022-02-14,1736.300048828125,1737.9000244140625,1653.0,1663.949951171875,1660.24365234375,1919476,0.0,0.0
2022-02-15,1636.0,1751.4000244140625,1627.8499755859375,1744.25,1740.3648681640625,2261554,0.0,0.0
2022-02-16,1744.25,1776.0,1730.0,1738.0999755859375,1734.228515625,1663614,0.0,0.0
2022-02-17,1750.0,1762.0,1724.0,1730.949951171875,1727.094482421875,1075487,0.0,0.0
2022-02-18,1739.0,1754.5999755859375,1725.0,1736.300048828125,1732.4326171875,945100,0.0,0.0
2022-02-21,1738.800048828125,1738.800048828125,1671.300048828125,1685.199951171875,1681.4464111328125,1449291,0.0,0.0
2022-02-22,1636.0999755859375,1678.9000244140625,1630.0,1667.699951171875,1663.9853515625,1717579,0.0,0.0
2022-02-23,1682.0,1717.5,1670.0,1688.699951171875,1684.9385986328125,1285012,0.0,0.0
2022-02-24,1626.0,1648.5999755859375,1528.800048828125,1543.949951171875,1540.510986328125,2798065,0.0,0.0
2022-02-25,1594.0,1638.0999755859375,1578.800048828125,1618.699951171875,1615.0946044921875,1741584,0.0,0.0
2022-02-28,1603.75,1651.0999755859375,1592.25,1644.449951171875,1640.7872314453125,1869037,0.0,0.0
2022-03-02,1638.0,1664.25,1615.5,1641.800048828125,1638.1431884765625,1249817,0.0,0.0
2022-03-03,1670.0,1678.199951171875,1634.949951171875,1643.800048828125,1640.1387939453125,1333325,0.0,0.0
2022-03-04,1621.800048828125,1655.5,1601.199951171875,1615.0,1611.4027099609375,1433490,0.0,0.0
2022-03-07,1590.0,1592.0,1539.300048828125,1564.050048828125,1560.56640625,1508821,0.0,0.0
2022-03-08,1574.9000244140625,1607.4000244140625,1553.4000244140625,1601.5999755859375,1598.0325927734375,1396347,0.0,0.0
2022-03-09,1609.5999755859375,1669.949951171875,1608.0,1656.550048828125,1652.8603515625,1498176,0.0,0.0
2022-03-10,1682.0,1749.5999755859375,1678.25,1742.8499755859375,1738.9678955078125,2294474,0.0,0.0
2022-03-11,1750.0,1757.0,1721.199951171875,1734.0999755859375,1730.237548828125,1354129,0.0,0.0
2022-03-14,1732.0,1752.449951171875,1722.449951171875,1736.0999755859375,1732.2330322265625,659190,0.0,0.0
2022-03-15,1740.0,1754.199951171875,1686.6500244140625,1701.4000244140625,1697.6104736328125,1085901,0.0,0.0
2022-03-16,1724.0,1764.0,1718.6500244140625,1758.0,1754.0843505859375,1269866,0.0,0.0
2022-03-17,1775.5999755859375,1823.5999755859375,1760.0,1819.6500244140625,1815.5970458984375,2392329,0.0,0.0
2022-03-21,1836.050048828125,1841.9000244140625,1796.1500244140625,1802.949951171875,1798.9342041015625,1081052,0.0,0.0
2022-03-22,1802.949951171875,1837.0,1790.0,1831.550048828125,1827.4705810546875,964066,0.0,0.0
2022-03-23,1848.050048828125,1848.050048828125,1800.8499755859375,1811.0,1806.9661865234375,1553366,0.0,0.0
2022-03-24,1815.0,1839.550048828125,1800.1500244140625,1832.800048828125,1828.7178955078125,1030145,0.0,0.0
2022-03-25,1835.550048828125,1878.0,1822.0,1867.0,1862.841552734375,1366115,0.0,0.0
2022-03-28,1876.9000244140625,1924.4000244140625,1851.050048828125,1909.699951171875,1905.4464111328125,1895438,0.0,0.0
2022-03-29,1919.25,1930.9000244140625,1885.5,1917.25,1912.9796142578125,1715098,0.0,0.0
2022-03-30,1927.699951171875,2015.0,1917.300048828125,1995.25,1990.805908203125,3215951,0.0,0.0
2022-03-31,2005.0,2042.0,1991.0,2014.75,2010.262451171875,2786973,0.0,0.0
2022-04-01,2018.0,2049.0,2013.050048828125,2043.6500244140625,2039.09814453125,1267111,0.0,0.0
2022-04-04,2050.0,2075.5,2032.0,2065.85009765625,2061.248779296875,1334265,0.0,0.0
2022-04-05,2078.0,2189.800048828125,2067.60009765625,2139.85009765625,2135.083984375,4970260,0.0,0.0
2022-04-06,2153.75,2182.85009765625,2124.199951171875,2160.0,2155.18896484375,2259018,0.0,0.0
2022-04-07,2165.949951171875,2214.949951171875,2081.25,2099.050048828125,2094.375,3499044,0.0,0.0
2022-04-08,2115.0,2176.0,2105.25,2170.949951171875,2166.114501953125,1924054,0.0,0.0
2022-04-11,2181.85009765625,2200.0,2158.5,2180.199951171875,2175.34375,1615715,0.0,0.0
2022-04-12,2188.0,2219.0,2155.0,2196.949951171875,2192.056640625,2632324,0.0,0.0
2022-04-13,2210.0,2217.14990234375,2173.449951171875,2199.449951171875,2194.551025390625,992512,0.0,0.0
2022-04-18,2179.800048828125,2240.0,2156.75,2233.85009765625,2228.87451171875,1747434,0.0,0.0
2022-04-19,2245.0,2255.0,2140.10009765625,2168.300048828125,2163.470458984375,1639219,0.0,0.0
2022-04-20,2178.0,2207.949951171875,2161.89990234375,2183.949951171875,2179.085693359375,1119025,0.0,0.0
2022-04-21,2216.0,2293.550048828125,2203.89990234375,2286.35009765625,2281.2578125,2243636,0.0,0.0
2022-04-22,2297.0,2306.0,2265.0,2273.300048828125,2268.23681640625,1786042,0.0,0.0
2022-04-25,2259.949951171875,2295.0,2242.60009765625,2284.199951171875,2279.1123046875,1683622,0.0,0.0
2022-04-26,2297.0,2413.89990234375,2295.10009765625,2395.300048828125,2389.96484375,3199358,0.0,0.0
2022-04-27,2404.949951171875,2420.949951171875,2325.0,2334.10009765625,2328.90087890625,2559876,0.0,0.0
2022-04-28,2359.85009765625,2389.89990234375,2336.300048828125,2378.550048828125,2373.252197265625,1679893,0.0,0.0
2022-04-29,2389.0,2394.14990234375,2301.5,2332.0,2326.8056640625,1916180,0.0,0.0
2022-05-02,2325.0,2362.300048828125,2311.0,2339.5,2334.288818359375,1006544,0.0,0.0
2022-05-04,2358.699951171875,2362.89990234375,2233.050048828125,2253.800048828125,2248.780029296875,1744686,0.0,0.0
2022-05-05,2270.0,2303.800048828125,2236.0,2255.39990234375,2250.376220703125,1636796,0.0,0.0
2022-05-06,2210.0,2262.0,2200.0,2247.699951171875,2242.693115234375,1161579,0.0,0.0
2022-05-09,2229.5,2244.199951171875,2180.0,2197.64990234375,2192.7548828125,1450886,0.0,0.0
2022-05-10,2190.0,2220.0,2097.5,2109.5,2104.801025390625,1471866,0.0,0.0
2022-05-11,2109.60009765625,2157.75,2077.0,2119.300048828125,2114.579833984375,1397917,0.0,0.0
2022-05-12,2103.0,2113.60009765625,2011.050048828125,2045.199951171875,2040.6446533203125,1553685,0.0,0.0
2022-05-13,2084.5,2135.0,2035.300048828125,2054.14990234375,2049.57470703125,1547617,0.0,0.0
2022-05-16,2082.64990234375,2141.949951171875,2057.64990234375,2105.89990234375,2101.20947265625,1742552,0.0,0.0
2022-05-17,2133.050048828125,2192.25,2119.39990234375,2184.85009765625,2179.983642578125,1061085,0.0,0.0
2022-05-18,2199.699951171875,2216.89990234375,2172.0,2181.10009765625,2176.24169921875,1296983,0.0,0.0
2022-05-19,2145.0,2154.75,2097.60009765625,2114.75,2110.039794921875,986930,0.0,0.0
2022-05-20,2159.0,2232.39990234375,2151.0,2219.550048828125,2214.606201171875,1444803,0.0,0.0
2022-05-23,2231.75,2245.0,2155.64990234375,2170.64990234375,2165.81494140625,1455450,0.0,0.0
2022-05-24,2161.0,2178.89990234375,2142.550048828125,2160.199951171875,2155.388671875,1008943,0.0,0.0
2022-05-25,2168.0,2181.449951171875,2066.199951171875,2074.14990234375,2069.530029296875,1382448,0.0,0.0
2022-05-26,2077.0,2088.0,1906.199951171875,2046.4000244140625,2041.842041015625,4967514,0.0,0.0
2022-05-27,2080.0,2094.300048828125,2047.699951171875,2080.14990234375,2075.516845703125,1354005,0.0,0.0
2022-05-30,2120.0,2175.0,2102.0,2165.64990234375,2160.826416015625,1384584,0.0,0.0
2022-05-31,2160.0,2225.800048828125,2150.39990234375,2167.550048828125,2162.721923828125,2861556,0.0,0.0
2022-06-01,2169.949951171875,2189.300048828125,2126.0,2150.89990234375,2146.109130859375,1448212,0.0,0.0
2022-06-02,2155.0,2218.0,2142.300048828125,2209.39990234375,2204.47900390625,1855167,0.0,0.0
2022-06-03,2235.0,2242.25,2176.050048828125,2190.0,2185.1220703125,1651685,0.0,0.0
2022-06-06,2188.5,2230.0,2168.199951171875,2225.050048828125,2220.093994140625,1664487,0.0,0.0
2022-06-07,2210.0,2254.699951171875,2207.050048828125,2227.550048828125,2222.58837890625,2046676,0.0,0.0
2022-06-08,2244.949951171875,2244.949951171875,2158.550048828125,2177.199951171875,2172.350341796875,1530739,0.0,0.0
2022-06-09,2160.300048828125,2224.0,2155.0,2219.199951171875,2214.257080078125,1440385,0.0,0.0
2022-06-10,2190.0,2215.0,2171.0,2203.10009765625,2198.193115234375,1305761,0.0,0.0
2022-06-13,2172.5,2172.5,2066.75,2079.75,2075.11767578125,1764172,0.0,0.0
2022-06-14,2274.0,2274.0,2053.10009765625,2196.449951171875,2191.557373046875,6515102,0.0,0.0
2022-06-15,2218.39990234375,2219.699951171875,2174.199951171875,2184.60009765625,2179.734130859375,1313510,0.0,0.0
2022-06-16,2205.0,2217.300048828125,2076.050048828125,2083.0,2078.360595703125,2131789,0.0,0.0
2022-06-17,2062.0,2137.39990234375,2060.14990234375,2095.800048828125,2091.1318359375,2280135,0.0,0.0
2022-06-20,2107.300048828125,2123.300048828125,2025.0,2079.85009765625,2075.2177734375,2603594,0.0,0.0
2022-06-21,2100.0,2177.0,2091.64990234375,2161.800048828125,2156.985107421875,1331500,0.0,0.0
2022-06-22,2149.949951171875,2149.949951171875,2077.10009765625,2089.199951171875,2084.546875,1774137,0.0,0.0
2022-06-23,2105.0,2128.0,2080.0,2110.35009765625,2105.64990234375,1026783,0.0,0.0
2022-06-24,2121.0,2168.0,2108.60009765625,2161.449951171875,2156.63525390625,1156536,0.0,0.0
2022-06-27,2189.0,2211.0,2169.35009765625,2181.60009765625,2176.74072265625,1202504,0.0,0.0
2022-06-28,2170.0,2210.25,2160.0,2204.60009765625,2199.689697265625,1282047,0.0,0.0
2022-06-29,2185.0,2247.800048828125,2177.199951171875,2220.10009765625,2215.1552734375,1692493,0.0,0.0
2022-06-30,2220.0,2248.5,2180.5,2190.89990234375,2186.019775390625,1568415,0.0,0.0
2022-07-01,2189.89990234375,2242.0,2138.25,2232.199951171875,2227.22802734375,2141743,0.0,0.0
2022-07-04,2232.199951171875,2277.0,2228.35009765625,2261.85009765625,2256.812255859375,1581159,0.0,0.0
2022-07-05,2264.0,2290.699951171875,2238.0,2246.449951171875,2241.4462890625,1356776,0.0,0.0
2022-07-06,2245.0,2277.0,2236.5,2272.85009765625,2267.78759765625,1045463,0.0,0.0
2022-07-07,2280.0,2294.949951171875,2256.0,2274.300048828125,2269.234375,946131,0.0,0.0
2022-07-08,2286.0,2303.60009765625,2263.89990234375,2293.050048828125,2287.942626953125,898576,0.0,0.0
2022-07-11,2293.050048828125,2384.60009765625,2291.050048828125,2373.25,2367.964111328125,1967308,0.0,0.0
2022-07-12,2364.39990234375,2389.800048828125,2350.14990234375,2365.64990234375,2360.380859375,1273008,0.0,0.0
2022-07-13,2373.5,2384.64990234375,2333.699951171875,2353.5,2348.258056640625,982185,0.0,0.0
2022-07-14,2365.0,2404.0,2336.5,2383.10009765625,2378.772216796875,933554,0.969485,0.0
2022-07-15,2414.5,2422.949951171875,2377.0,2405.25,2400.881591796875,1169788,0.0,0.0
2022-07-18,2424.0,2441.85009765625,2406.050048828125,2423.60009765625,2419.198486328125,937204,0.0,0.0
2022-07-19,2406.949951171875,2459.300048828125,2405.0,2451.300048828125,2446.84814453125,843301,0.0,0.0
2022-07-20,2462.0,2472.800048828125,2444.0,2451.10009765625,2446.6484375,693601,0.0,0.0
2022-07-21,2453.800048828125,2498.949951171875,2451.25,2495.5,2490.9677734375,1314165,0.0,0.0
2022-07-22,2505.5,2514.050048828125,2483.10009765625,2499.39990234375,2494.86083984375,833522,0.0,0.0
2022-07-25,2505.0,2562.14990234375,2500.0,2550.60009765625,2545.9677734375,1220351,0.0,0.0
2022-07-26,2555.0,2568.60009765625,2533.0,2559.699951171875,2555.051025390625,865142,0.0,0.0
2022-07-27,2560.0,2572.5,2528.0,2548.699951171875,2544.071044921875,953588,0.0,0.0
2022-07-28,2559.89990234375,2565.64990234375,2531.60009765625,2550.39990234375,2545.767822265625,759442,0.0,0.0
2022-07-29,2565.0,2622.0,2560.0,2569.199951171875,2564.533935546875,1107195,0.0,0.0
2022-08-01,2575.85009765625,2669.39990234375,2569.199951171875,2660.14990234375,2655.318603515625,1267039,0.0,0.0
2022-08-02,2660.0,2697.0,2640.0,2683.64990234375,2678.775634765625,1096480,0.0,0.0
2022-08-03,2685.0,2717.0,2671.199951171875,2711.39990234375,2706.4755859375,815831,0.0,0.0
2022-08-04,2725.0,2743.89990234375,2684.25,2723.60009765625,2718.6533203125,1223799,0.0,0.0
2022-08-05,2760.0,2767.64990234375,2685.0,2698.39990234375,2693.4990234375,1639981,0.0,0.0
2022-08-08,2700.0,2807.64990234375,2695.64990234375,2791.89990234375,2786.829345703125,1581696,0.0,0.0
2022-08-10,2801.75,2834.89990234375,2781.550048828125,2827.199951171875,2822.0654296875,1304663,0.0,0.0
2022-08-11,2841.0,2848.39990234375,2815.10009765625,2834.050048828125,2828.903076171875,978616,0.0,0.0
2022-08-12,2840.0,2871.14990234375,2834.050048828125,2864.550048828125,2859.34765625,843025,0.0,0.0
2022-08-16,2879.0,2986.0,2871.0,2975.85009765625,2970.445556640625,1969492,0.0,0.0
2022-08-17,2986.0,3028.550048828125,2980.0,3008.64990234375,3003.185791015625,1510171,0.0,0.0
2022-08-18,3005.0,3186.0,3004.0,3153.64990234375,3147.92236328125,3502295,0.0,0.0
2022-08-19,3178.0,3258.89990234375,3075.25,3130.199951171875,3124.514892578125,6109949,0.0,0.0
2022-08-22,3134.0,3191.800048828125,3029.199951171875,3051.60009765625,3046.057861328125,3473580,0.0,0.0
2022-08-23,3032.64990234375,3074.0,2927.39990234375,3030.64990234375,3025.1455078125,4169136,0.0,0.0
2022-08-24,3038.0,3153.0,2986.0,3134.64990234375,3128.956787109375,3475387,0.0,0.0
2022-08-25,3167.0,3177.800048828125,3055.699951171875,3066.35009765625,3060.78125,3119494,0.0,0.0
2022-08-26,3080.0,3172.949951171875,3078.0,3139.550048828125,3133.84814453125,2897602,0.0,0.0
2022-08-29,3055.0,3166.449951171875,3037.85009765625,3142.60009765625,3136.892578125,1924984,0.0,0.0
2022-08-30,3165.0,3263.10009765625,3161.0,3194.35009765625,3188.548828125,4392183,0.0,0.0
2022-09-01,3200.0,3245.0,3184.39990234375,3233.25,3227.377685546875,1880363,0.0,0.0
2022-09-02,3261.0,3369.39990234375,3225.0,3355.800048828125,3349.70556640625,4835905,0.0,0.0
2022-09-05,3374.10009765625,3431.800048828125,3313.0,3346.550048828125,3340.471923828125,3686950,0.0,0.0
2022-09-06,3370.0,3447.60009765625,3355.0,3435.800048828125,3429.56005859375,2580772,0.0,0.0
2022-09-07,3435.800048828125,3487.949951171875,3406.10009765625,3473.75,3467.44091796875,2188110,0.0,0.0
2022-09-08,3499.0,3501.5,3450.0,3462.800048828125,3456.51123046875,1560414,0.0,0.0
2022-09-09,3479.0,3507.949951171875,3415.14990234375,3451.199951171875,3444.931884765625,1614634,0.0,0.0
2022-09-12,3465.0,3495.5,3457.89990234375,3463.800048828125,3457.50927734375,1647756,0.0,0.0
2022-09-13,3478.0,3568.89990234375,3421.300048828125,3555.800048828125,3549.342041015625,3479669,0.0,0.0
2022-09-14,3518.0,3608.0,3511.0,3572.10009765625,3565.612548828125,2740337,0.0,0.0
2022-09-15,3590.0,3767.949951171875,3575.0,3748.699951171875,3741.891845703125,4716688,0.0,0.0
2022-09-16,3755.0,3866.949951171875,3614.60009765625,3702.199951171875,3695.47607421875,5687429,0.0,0.0
2022-09-19,3718.949951171875,3801.949951171875,3680.75,3778.64990234375,3771.787353515625,3092486,0.0,0.0
2022-09-20,3819.0,3885.0,3812.0,3834.550048828125,3827.5859375,3338704,0.0,0.0
2022-09-21,3837.64990234375,3862.800048828125,3571.25,3640.10009765625,3633.489013671875,6089846,0.0,0.0
2022-09-22,3639.0,3735.949951171875,3608.050048828125,3716.300048828125,3709.550537109375,3490772,0.0,0.0
2022-09-23,3732.0,3737.89990234375,3655.0,3674.300048828125,3667.626953125,3001474,0.0,0.0
2022-09-26,3646.300048828125,3658.0,3532.0,3586.199951171875,3579.6865234375,3123908,0.0,0.0
2022-09-27,3596.0,3629.550048828125,3485.85009765625,3559.10009765625,3552.63623046875,3546332,0.0,0.0
2022-09-28,3528.0,3596.949951171875,3503.0,3548.75,3542.3046875,2259832,0.0,0.0
2022-09-29,3583.5,3664.75,3443.60009765625,3470.699951171875,3464.396728515625,15060223,0.0,0.0
2022-09-30,3447.949951171875,3523.800048828125,3371.10009765625,3455.75,3449.473876953125,4307707,0.0,0.0
2022-10-03,3440.0,3460.050048828125,3110.199951171875,3157.300048828125,3151.565673828125,7578847,0.0,0.0
2022-10-04,3230.0,3291.199951171875,3125.0,3237.699951171875,3231.819580078125,5642467,0.0,0.0
2022-10-06,3270.0,3318.800048828125,3208.050048828125,3285.0,3279.033935546875,2845165,0.0,0.0
2022-10-07,3280.0,3310.949951171875,3228.14990234375,3277.60009765625,3271.6474609375,1930275,0.0,0.0
2022-10-10,3234.0,3278.75,3214.35009765625,3246.25,3240.3544921875,1590792,0.0,0.0
2022-10-11,3257.550048828125,3338.0,3249.0,3273.949951171875,3268.00390625,2544394,0.0,0.0
2022-10-12,3297.0,3297.0,3145.0,3223.64990234375,3217.79541015625,2972601,0.0,0.0
2022-10-13,3218.0,3262.800048828125,3189.0,3233.64990234375,3227.777099609375,1840193,0.0,0.0
2022-10-14,3272.0,3305.0,3194.85009765625,3209.5,3203.6708984375,1344415,0.0,0.0
2022-10-17,3211.0,3235.0,3136.10009765625,3212.60009765625,3206.765625,1985298,0.0,0.0
2022-10-18,3249.0,3298.0,3226.10009765625,3284.300048828125,3278.33544921875,1635079,0.0,0.0
2022-10-19,3300.0,3310.0,3259.64990234375,3277.25,3271.298095703125,1396513,0.0,0.0
2022-10-20,3260.0,3365.0,3245.0,3357.10009765625,3351.003173828125,2211287,0.0,0.0
2022-10-21,3374.89990234375,3382.0,3287.0,3311.89990234375,3305.885009765625,1120790,0.0,0.0
2022-10-24,3325.0,3340.10009765625,3287.39990234375,3309.800048828125,3303.788818359375,248249,0.0,0.0
2022-10-25,3321.949951171875,3345.0,3294.0,3300.5,3294.505859375,879424,0.0,0.0
2022-10-27,3319.85009765625,3355.0,3297.0,3325.0,3318.961181640625,1106870,0.0,0.0
2022-10-28,3322.0,3387.949951171875,3297.64990234375,3323.300048828125,3317.264404296875,1323334,0.0,0.0
2022-10-31,3339.949951171875,3360.0,3326.10009765625,3347.449951171875,3341.370361328125,575722,0.0,0.0
2022-11-01,3361.89990234375,3607.449951171875,3352.0,3575.699951171875,3569.205810546875,4393335,0.0,0.0
2022-11-02,3580.0,3625.14990234375,3526.0,3580.699951171875,3574.19677734375,2534755,0.0,0.0
2022-11-03,3550.0,3614.699951171875,3542.449951171875,3590.39990234375,3583.87939453125,1275216,0.0,0.0
2022-11-04,3642.0,3849.800048828125,3566.75,3833.25,3826.2880859375,6112097,0.0,0.0
2022-11-07,3852.449951171875,4013.699951171875,3820.0,3960.60009765625,3953.406982421875,5985652,0.0,0.0
2022-11-09,3977.0,4048.0,3943.050048828125,3997.199951171875,3989.940185546875,3732472,0.0,0.0
2022-11-10,3995.0,4030.0,3962.14990234375,3992.25,3984.999267578125,2313795,0.0,0.0
2022-11-11,4040.0,4048.949951171875,3975.14990234375,4008.85009765625,4001.5693359375,1476875,0.0,0.0
2022-11-14,3999.0,4078.0,3990.0,4022.550048828125,4015.244384765625,1803092,0.0,0.0
2022-11-15,4025.050048828125,4065.0,4022.0,4057.800048828125,4050.43017578125,1065546,0.0,0.0
2022-11-16,4057.300048828125,4096.0,3863.550048828125,3956.60009765625,3949.4140625,3059841,0.0,0.0
2022-11-17,3970.0,4033.0,3900.0,4018.14990234375,4010.8525390625,2266112,0.0,0.0
2022-11-18,4028.35009765625,4043.0,3984.0,4019.800048828125,4012.499267578125,1440776,0.0,0.0
2022-11-21,4019.949951171875,4019.949951171875,3921.949951171875,4001.85009765625,3994.58203125,1492003,0.0,0.0
2022-11-22,4001.85009765625,4056.0,3988.0,4034.0,4026.67333984375,1705043,0.0,0.0
2022-11-23,4050.0,4061.85009765625,3873.0,3903.300048828125,3896.2109375,2861156,0.0,0.0
2022-11-24,3910.0,3935.0,3821.0,3921.10009765625,3913.978515625,2797181,0.0,0.0
2022-11-25,3929.0,3949.89990234375,3845.300048828125,3901.10009765625,3894.01513671875,2506346,0.0,0.0
2022-11-28,3899.39990234375,3925.0,3871.39990234375,3886.14990234375,3879.092041015625,1119166,0.0,0.0
2022-11-29,3885.0,3915.0,3864.050048828125,3878.39990234375,3871.35595703125,1513444,0.0,0.0
2022-11-30,3897.800048828125,3939.89990234375,3867.0,3917.89990234375,3910.784423828125,1968428,0.0,0.0
2022-12-01,3937.5,3944.949951171875,3902.449951171875,3915.10009765625,3907.98974609375,945838,0.0,0.0
2022-12-02,3905.0,3963.800048828125,3885.0,3922.5,3915.37646484375,1297832,0.0,0.0
2022-12-05,3928.89990234375,3939.0,3810.050048828125,3930.39990234375,3923.26171875,2392866,0.0,0.0
2022-12-06,3920.0,4057.0,3909.0,4031.800048828125,4024.477783203125,2962621,0.0,0.0
2022-12-07,4031.0,4057.89990234375,3984.550048828125,3999.300048828125,3992.03662109375,1257261,0.0,0.0
2022-12-08,4010.0,4045.0,4003.35009765625,4025.0,4017.68994140625,895075,0.0,0.0
2022-12-09,4044.0,4094.0,3941.5,3996.800048828125,3989.541259765625,2129800,0.0,0.0
2022-12-12,3997.0,4031.89990234375,3968.75,4016.699951171875,4009.405029296875,802499,0.0,0.0
2022-12-13,4027.800048828125,4072.0,4011.60009765625,4060.199951171875,4052.826171875,1215308,0.0,0.0
2022-12-14,4076.0,4092.050048828125,4040.0,4055.800048828125,4048.43408203125,1114492,0.0,0.0
2022-12-15,4055.800048828125,4073.050048828125,4025.0,4043.75,4036.406005859375,866138,0.0,0.0
2022-12-16,4018.89990234375,4047.89990234375,3944.050048828125,3980.800048828125,3973.5703125,1598960,0.0,0.0
2022-12-19,3988.0,4104.0,3971.449951171875,4075.300048828125,4067.898681640625,1643404,0.0,0.0
2022-12-20,4095.0,4172.0,4066.39990234375,4165.2998046875,4157.7353515625,3778426,0.0,0.0
2022-12-21,4175.0,4190.0,3883.25,3901.949951171875,3894.86328125,3585883,0.0,0.0
2022-12-22,3948.0,3948.0,3817.050048828125,3868.550048828125,3861.52392578125,2879658,0.0,0.0
2022-12-23,3822.0,3848.0,3616.800048828125,3642.199951171875,3635.585205078125,3036157,0.0,0.0
2022-12-26,3653.0,3744.89990234375,3620.0,3716.75,3709.999755859375,2162662,0.0,0.0
2022-12-27,3732.449951171875,3797.89990234375,3695.050048828125,3769.64990234375,3762.803466796875,1804911,0.0,0.0
2022-12-28,3756.050048828125,3825.0,3745.0,3797.699951171875,3790.802734375,1377950,0.0,0.0
2022-12-29,3790.0,3825.0,3748.10009765625,3810.60009765625,3803.67919921875,1531692,0.0,0.0
2022-12-30,3829.699951171875,3898.0,3822.050048828125,3858.35009765625,3851.3427734375,1528747,0.0,0.0
2023-01-02,3870.0,3874.0,3822.550048828125,3841.199951171875,3834.2236328125,923051,0.0,0.0
2023-01-03,3841.89990234375,3852.85009765625,3791.0,3830.949951171875,3823.9921875,799905,0.0,0.0
2023-01-04,3839.0,3874.949951171875,3803.60009765625,3827.050048828125,3820.099365234375,1028377,0.0,0.0
2023-01-05,3827.050048828125,3842.39990234375,3756.89990234375,3829.800048828125,3822.84423828125,997006,0.0,0.0
2023-01-06,3829.0,3868.25,3797.050048828125,3824.25,3817.304443359375,912159,0.0,0.0
2023-01-09,3843.0,3880.0,3811.25,3855.300048828125,3848.29833984375,753981,0.0,0.0
2023-01-10,3859.0,3862.050048828125,3555.0,3646.89990234375,3640.2763671875,3595798,0.0,0.0
2023-01-11,3660.0,3664.5,3560.10009765625,3635.800048828125,3629.19677734375,2226506,0.0,0.0
2023-01-12,3642.5,3679.0,3612.0,3647.199951171875,3640.576171875,1199785,0.0,0.0
2023-01-13,3651.199951171875,3736.050048828125,3642.199951171875,3721.14990234375,3714.391845703125,1364712,0.0,0.0
2023-01-16,3720.0,3739.949951171875,3600.0,3619.800048828125,3613.22607421875,1863848,0.0,0.0
2023-01-17,3620.0,3649.60009765625,3560.199951171875,3639.35009765625,3632.740478515625,1668381,0.0,0.0
2023-01-18,3648.0,3648.0,3527.10009765625,3596.699951171875,3590.167724609375,3652240,0.0,0.0
2023-01-19,3470.0,3537.699951171875,3426.699951171875,3463.550048828125,3457.259521484375,3696319,0.0,0.0
2023-01-20,3450.0,3477.35009765625,3440.949951171875,3456.14990234375,3449.872802734375,1510258,0.0,0.0
2023-01-23,3443.050048828125,3460.0,3412.550048828125,3436.35009765625,3430.109130859375,974857,0.0,0.0
2023-01-24,3447.449951171875,3508.0,3430.0,3442.0,3435.748779296875,1518123,0.0,0.0
2023-01-25,3422.0,3428.0,3315.0,3388.949951171875,3382.794921875,3686439,0.0,0.0
2023-01-27,3335.0,3346.5,2712.0,2761.449951171875,2756.434814453125,14764368,0.0,0.0
2023-01-30,2850.0,3037.550048828125,2665.0,2892.85009765625,2887.59619140625,20947906,0.0,0.0
2023-01-31,2980.0,3073.60009765625,2906.0,2973.89990234375,2968.498779296875,11568020,0.0,0.0
2023-02-01,2995.0,3010.75,1941.199951171875,2135.35009765625,2131.471923828125,13525314,0.0,0.0
2023-02-02,2348.85009765625,2348.85009765625,1494.75,1565.25,1562.4072265625,34474080,0.0,0.0
2023-02-03,1490.0,1679.9000244140625,1017.4500122070312,1586.800048828125,1583.918212890625,43885579,0.0,0.0
2023-02-06,1575.0,1615.0,1435.199951171875,1572.699951171875,1569.8436279296875,19308603,0.0,0.0
2023-02-07,1571.0,1962.699951171875,1525.5999755859375,1802.949951171875,1799.6754150390625,19188072,0.0,0.0
2023-02-08,1869.8499755859375,2222.14990234375,1840.8499755859375,2164.25,2160.3193359375,19173006,0.0,0.0
2023-02-09,2168.0,2168.0,1731.4000244140625,1925.699951171875,1922.2025146484375,18279862,0.0,0.0
2023-02-10,1769.0,1990.0,1733.1500244140625,1846.949951171875,1843.5955810546875,11334878,0.0,0.0
2023-02-13,1850.0,1921.699951171875,1662.25,1717.6500244140625,1714.5303955078125,12210940,0.0,0.0
2023-02-14,1735.0,1889.0,1611.3499755859375,1749.699951171875,1746.5220947265625,14579030,0.0,0.0
2023-02-15,1780.0,1824.4000244140625,1750.0,1779.0999755859375,1775.8687744140625,7636578,0.0,0.0
2023-02-16,1820.0,1874.949951171875,1790.0,1796.5999755859375,1793.3369140625,5578515,0.0,0.0
2023-02-17,1800.0,1815.8499755859375,1703.199951171875,1722.699951171875,1719.5711669921875,5392513,0.0,0.0
2023-02-20,1650.0,1685.0,1560.5,1621.449951171875,1618.5052490234375,6762330,0.0,0.0
2023-02-21,1626.0,1644.449951171875,1561.300048828125,1571.0999755859375,1568.24658203125,5571915,0.0,0.0
2023-02-22,1535.0,1560.0,1381.199951171875,1404.8499755859375,1402.298583984375,10606476,0.0,0.0
2023-02-23,1380.0,1438.0,1350.0,1382.6500244140625,1380.138916015625,8907540,0.0,0.0
2023-02-24,1410.0,1427.0,1261.5999755859375,1315.6500244140625,1313.2606201171875,8736727,0.0,0.0
2023-02-27,1300.0,1313.800048828125,1131.050048828125,1193.5,1191.332275390625,10271008,0.0,0.0
2023-02-28,1145.0,1398.0,1103.75,1363.8499755859375,1361.373046875,33948366,0.0,0.0
2023-03-01,1424.0,1580.0,1411.0,1564.300048828125,1561.458984375,20114340,0.0,0.0
2023-03-02,1499.9000244140625,1646.0,1407.9000244140625,1607.25,1604.3309326171875,26970925,0.0,0.0
2023-03-03,1688.8499755859375,1905.949951171875,1685.5,1879.5,1876.0865478515625,22888891,0.0,0.0
2023-03-06,1966.699951171875,2135.0,1855.0,1982.9000244140625,1979.2987060546875,27180456,0.0,0.0
2023-03-08,2040.0,2088.0,1941.0,2039.6500244140625,2035.94580078125,13568243,0.0,0.0
2023-03-09,2049.800048828125,2068.85009765625,1905.3499755859375,1953.1500244140625,1949.602783203125,12627794,0.0,0.0
2023-03-10,1870.0,1940.0,1820.5999755859375,1896.199951171875,1892.756103515625,9419942,0.0,0.0
2023-03-13,1917.0,1985.0,1857.4000244140625,1874.4000244140625,1870.995849609375,7572604,0.0,0.0
2023-03-14,1874.0,1874.8499755859375,1651.3499755859375,1738.199951171875,1735.0430908203125,12679663,0.0,0.0
2023-03-15,1760.9000244140625,1891.449951171875,1728.0999755859375,1839.0,1835.6600341796875,12296703,0.0,0.0
2023-03-16,1861.0,1875.0,1795.0,1843.800048828125,1840.451416015625,6509495,0.0,0.0
2023-03-17,1901.0,1918.8499755859375,1845.0,1876.550048828125,1873.141845703125,5969594,0.0,0.0
2023-03-20,1837.0,1849.949951171875,1777.4000244140625,1804.949951171875,1801.6717529296875,5168139,0.0,0.0
2023-03-21,1836.949951171875,1861.0,1804.949951171875,1824.25,1820.9368896484375,4094018,0.0,0.0
2023-03-22,1834.0,1850.0,1806.1500244140625,1815.4000244140625,1812.10302734375,3248124,0.0,0.0
2023-03-23,1794.0,1834.0,1780.0,1794.0,1790.7418212890625,4108804,0.0,0.0
2023-03-24,1796.0,1823.0,1695.25,1740.6500244140625,1737.4886474609375,6187968,0.0,0.0
2023-03-27,1740.6500244140625,1757.4000244140625,1682.0,1723.050048828125,1719.9207763671875,5053055,0.0,0.0
2023-03-28,1727.949951171875,1733.0,1573.0,1600.8499755859375,1597.9425048828125,8144878,0.0,0.0
2023-03-29,1602.949951171875,1756.0,1591.0999755859375,1740.4000244140625,1737.2391357421875,9332702,0.0,0.0
2023-03-31,1788.0,1825.0,1740.0,1750.449951171875,1747.270751953125,4893249,0.0,0.0
2023-04-03,1750.449951171875,1754.949951171875,1695.5,1717.449951171875,1714.3306884765625,3445796,0.0,0.0
2023-04-05,1717.449951171875,1737.949951171875,1671.550048828125,1698.0,1694.916015625,3690559,0.0,0.0
2023-04-06,1705.0,1793.6500244140625,1688.1500244140625,1754.050048828125,1750.8643798828125,6012473,0.0,0.0
2023-04-10,1774.0,1812.699951171875,1760.5999755859375,1797.25,1793.9859619140625,4197975,0.0,0.0
2023-04-11,1810.0,1829.0,1792.8499755859375,1803.1500244140625,1799.8751220703125,2883672,0.0,0.0
2023-04-12,1814.0,1858.75,1797.050048828125,1847.25,1843.8951416015625,4809035,0.0,0.0
2023-04-13,1855.0,1885.0,1826.050048828125,1870.75,1867.3524169921875,3402280,0.0,0.0
2023-04-17,1870.75,1904.9000244140625,1847.0,1878.75,1875.337890625,2983032,0.0,0.0
2023-04-18,1892.0,1902.75,1830.0,1850.949951171875,1847.5882568359375,2542401,0.0,0.0
2023-04-19,1847.0,1877.699951171875,1835.0,1853.8499755859375,1850.4830322265625,2455884,0.0,0.0
2023-04-20,1855.0,1878.9000244140625,1836.8499755859375,1842.9000244140625,1839.552978515625,2016823,0.0,0.0
2023-04-21,1846.0,1853.25,1796.050048828125,1803.0,1799.7254638671875,2090833,0.0,0.0
2023-04-24,1804.0,1817.4000244140625,1775.800048828125,1801.949951171875,1798.6773681640625,1963582,0.0,0.0
2023-04-25,1806.0,1913.75,1801.800048828125,1844.5999755859375,1841.25,5364841,0.0,0.0
2023-04-26,1854.0,1874.0,1826.4000244140625,1847.9000244140625,1844.5439453125,2422711,0.0,0.0
2023-04-27,1848.0,1864.949951171875,1832.550048828125,1853.050048828125,1849.6846923828125,1782360,0.0,0.0
2023-04-28,1868.050048828125,1944.0,1857.1500244140625,1924.949951171875,1921.4539794921875,6159130,0.0,0.0
2023-05-02,1935.0,1966.0,1908.0,1919.8499755859375,1916.3631591796875,3813963,0.0,0.0
2023-05-03,1919.0,1940.0,1785.3499755859375,1839.0,1835.6600341796875,5849432,0.0,0.0
2023-05-04,1839.050048828125,1935.0,1839.050048828125,1911.25,1907.7789306640625,4842127,0.0,0.0
2023-05-05,1954.800048828125,1955.0,1903.1500244140625,1920.300048828125,1916.8126220703125,6137744,0.0,0.0
2023-05-08,1920.300048828125,1926.9000244140625,1876.0,1887.5,1884.072021484375,2835197,0.0,0.0
2023-05-09,1900.0,1930.0,1889.0999755859375,1896.0999755859375,1892.6563720703125,2700563,0.0,0.0
2023-05-10,1899.0,1914.9000244140625,1883.949951171875,1892.1500244140625,1888.7137451171875,1970906,0.0,0.0
2023-05-11,1925.0,2013.75,1910.0,1984.6500244140625,1981.045654296875,8835941,0.0,0.0
2023-05-12,2009.0,2010.0,1946.550048828125,1964.699951171875,1961.1318359375,3816201,0.0,0.0
2023-05-15,1959.9000244140625,1964.699951171875,1880.0,1916.050048828125,1912.5701904296875,4836782,0.0,0.0
2023-05-16,1927.0,1935.0,1881.0,1889.1500244140625,1885.718994140625,3058799,0.0,0.0
2023-05-17,1900.0,1919.949951171875,1857.75,1899.5,1896.0501708984375,3632797,0.0,0.0
2023-05-18,1910.050048828125,1924.0,1877.199951171875,1890.0,1886.5672607421875,2437396,0.0,0.0
2023-05-19,1888.0,1983.0,1872.0999755859375,1956.050048828125,1952.49755859375,7541150,0.0,0.0
2023-05-22,2010.0,2347.0,1983.4000244140625,2326.10009765625,2321.87548828125,26311368,0.0,0.0
2023-05-23,2410.89990234375,2759.449951171875,2400.0,2633.699951171875,2628.916748046875,28432888,0.0,0.0
2023-05-24,2709.0,2750.0,2425.35009765625,2475.60009765625,2471.10400390625,23465761,0.0,0.0
2023-05-25,2440.0,2558.800048828125,2386.64990234375,2537.449951171875,2532.841552734375,8434009,0.0,0.0
2023-05-26,2565.0,2599.949951171875,2535.14990234375,2544.35009765625,2539.72900390625,3963515,0.0,0.0
2023-05-29,2570.0,2583.5,2523.0,2534.050048828125,2529.44775390625,2779432,0.0,0.0
2023-05-30,2529.300048828125,2554.14990234375,2475.14990234375,2496.449951171875,2491.915771484375,1736953,0.0,0.0
2023-05-31,2482.0,2573.0,2428.0,2493.35009765625,2488.82177734375,4268439,0.0,0.0
2023-06-01,2499.89990234375,2560.0,2485.300048828125,2492.14990234375,2487.623779296875,1704946,0.0,0.0
2023-06-02,2535.0,2538.89990234375,2425.0,2445.050048828125,2440.609130859375,5543791,0.0,0.0
2023-06-05,2463.199951171875,2514.0,2428.0,2433.949951171875,2429.529296875,2956768,0.0,0.0
2023-06-06,2475.0,2506.949951171875,2425.89990234375,2433.64990234375,2429.22998046875,6473608,0.0,0.0
2023-06-07,2453.0,2466.949951171875,2435.0,2439.550048828125,2435.119140625,2522516,0.0,0.0
2023-06-08,2450.0,2475.89990234375,2369.050048828125,2429.14990234375,2424.73828125,3781621,0.0,0.0
2023-06-09,2447.949951171875,2458.89990234375,2428.0,2451.14990234375,2446.6982421875,1948506,0.0,0.0
2023-06-12,2460.0,2505.0,2432.60009765625,2484.800048828125,2480.287109375,2804898,0.0,0.0
2023-06-13,2499.0,2505.0,2442.199951171875,2462.550048828125,2458.07763671875,2210990,0.0,0.0
2023-06-14,2469.89990234375,2484.800048828125,2452.35009765625,2457.14990234375,2452.687255859375,1364403,0.0,0.0
2023-06-15,2469.0,2527.0,2462.89990234375,2485.64990234375,2481.1357421875,3744029,0.0,0.0
2023-06-16,2499.199951171875,2526.89990234375,2487.39990234375,2509.60009765625,2505.0419921875,7999982,0.0,0.0
2023-06-19,2504.0,2521.60009765625,2350.0,2401.39990234375,2397.03857421875,11475674,0.0,0.0
2023-06-20,2435.0,2435.0,2390.0,2414.800048828125,2410.41455078125,2479711,0.0,0.0
2023-06-21,2426.699951171875,2440.0,2393.10009765625,2405.949951171875,2401.58056640625,7418013,0.0,0.0
2023-06-22,2425.10009765625,2449.949951171875,2360.0,2397.25,2392.896240234375,8459191,0.0,0.0
2023-06-23,2392.300048828125,2392.300048828125,2163.300048828125,2233.550048828125,2229.49365234375,15213238,0.0,0.0
2023-06-26,2210.050048828125,2336.449951171875,2173.050048828125,2295.60009765625,2291.430908203125,7847341,0.0,0.0
2023-06-27,2328.949951171875,2343.85009765625,2271.0,2284.449951171875,2280.301025390625,3361053,0.0,0.0
2023-06-28,2300.0,2418.60009765625,2293.85009765625,2402.0,2397.6376953125,28353193,0.0,0.0
2023-06-30,2437.949951171875,2437.949951171875,2350.0,2388.050048828125,2383.713134765625,5125497,0.0,0.0
2023-07-03,2405.0,2417.85009765625,2373.199951171875,2385.5,2381.16748046875,2662358,0.0,0.0
2023-07-04,2397.0,2414.0,2373.050048828125,2387.699951171875,2383.363525390625,2308684,0.0,0.0
2023-07-05,2391.0,2412.050048828125,2374.0,2399.14990234375,2394.79248046875,2198481,0.0,0.0
2023-07-06,2399.14990234375,2427.60009765625,2390.0,2402.89990234375,2398.535888671875,2476366,0.0,0.0
2023-07-07,2395.0,2409.949951171875,2368.10009765625,2379.60009765625,2376.428955078125,1823645,1.163382,0.0
2023-07-10,2392.800048828125,2462.699951171875,2355.0,2410.25,2407.037841796875,3771285,0.0,0.0
2023-07-11,2423.75,2444.949951171875,2388.0,2422.89990234375,2419.671142578125,2247776,0.0,0.0
2023-07-12,2429.89990234375,2432.0,2380.449951171875,2387.89990234375,2384.7177734375,1445282,0.0,0.0
2023-07-13,2397.0,2405.699951171875,2355.550048828125,2362.050048828125,2358.902099609375,1247741,0.0,0.0
2023-07-14,2375.0,2385.0,2340.0,2376.10009765625,2372.93359375,1353535,0.0,0.0
2023-07-17,2399.89990234375,2459.5,2391.300048828125,2408.550048828125,2405.34033203125,3090373,0.0,0.0
2023-07-18,2415.0,2510.0,2405.199951171875,2416.89990234375,2413.67919921875,5978272,0.0,0.0
2023-07-19,2428.64990234375,2443.0,2416.89990234375,2423.75,2420.52001953125,1637260,0.0,0.0
2023-07-20,2428.949951171875,2433.89990234375,2400.0,2419.75,2416.525146484375,1564275,0.0,0.0
2023-07-21,2410.0,2457.85009765625,2395.300048828125,2416.300048828125,2413.080078125,2280563,0.0,0.0
2023-07-24,2430.0,2439.39990234375,2412.050048828125,2418.199951171875,2414.977294921875,1113193,0.0,0.0
2023-07-25,2428.0,2479.0,2416.0,2466.64990234375,2463.36279296875,3017555,0.0,0.0
2023-07-26,2472.449951171875,2506.0,2446.0,2470.75,2467.457275390625,4021773,0.0,0.0
2023-07-27,2470.75,2485.0,2415.0,2428.39990234375,2425.163818359375,2243944,0.0,0.0
2023-07-28,2437.0,2481.64990234375,2431.10009765625,2463.199951171875,2459.91748046875,2339800,0.0,0.0
2023-07-31,2477.0,2518.0,2467.0,2492.199951171875,2488.878662109375,3359974,0.0,0.0
2023-08-01,2504.85009765625,2514.0,2455.25,2481.10009765625,2477.793701171875,1575727,0.0,0.0
2023-08-02,2493.0,2514.0,2451.0,2473.550048828125,2470.253662109375,2506971,0.0,0.0
2023-08-03,2469.89990234375,2550.0,2462.0,2532.60009765625,2529.22509765625,4720470,0.0,0.0
2023-08-04,2545.300048828125,2557.89990234375,2502.0,2541.800048828125,2538.412841796875,3294056,0.0,0.0
2023-08-07,2550.949951171875,2569.0,2516.39990234375,2550.5,2547.10107421875,4684333,0.0,0.0
2023-08-08,2563.25,2563.25,2461.300048828125,2474.550048828125,2471.252197265625,6127920,0.0,0.0
2023-08-09,2488.35009765625,2516.89990234375,2472.0,2507.10009765625,2503.759033203125,5781400,0.0,0.0
2023-08-10,2510.0,2577.5,2510.0,2552.39990234375,2548.99853515625,8140756,0.0,0.0
2023-08-11,2550.050048828125,2568.14990234375,2518.199951171875,2539.5,2536.11572265625,7157372,0.0,0.0
2023-08-14,2480.0,2484.949951171875,2400.050048828125,2456.0,2452.72705078125,9786919,0.0,0.0
2023-08-16,2450.0,2465.0,2420.0,2445.10009765625,2441.841552734375,7084828,0.0,0.0
2023-08-17,2454.949951171875,2487.199951171875,2442.050048828125,2479.699951171875,2476.3955078125,7769452,0.0,0.0
2023-08-18,2477.5,2665.949951171875,2461.300048828125,2577.39990234375,2573.965087890625,14679923,0.0,0.0
2023-08-21,2588.0,2655.0,2580.5,2639.75,2636.232177734375,10479200,0.0,0.0
2023-08-22,2668.85009765625,2721.0,2654.10009765625,2698.050048828125,2694.45458984375,10291468,0.0,0.0
2023-08-23,2720.0,2722.39990234375,2488.85009765625,2530.300048828125,2526.927978515625,5251316,0.0,0.0
2023-08-24,2580.0,2613.0,2531.10009765625,2539.550048828125,2536.16552734375,4558367,0.0,0.0
2023-08-25,2549.0,2549.0,2486.0,2495.75,2492.423828125,2808721,0.0,0.0
2023-08-28,2550.0,2582.0,2455.64990234375,2472.449951171875,2469.155029296875,4457038,0.0,0.0
2023-08-29,2472.10009765625,2536.64990234375,2445.0,2506.449951171875,2503.109619140625,4802150,0.0,0.0
2023-08-30,2517.0,2543.0,2492.39990234375,2513.10009765625,2509.751220703125,6484593,0.0,0.0
2023-08-31,2449.949951171875,2489.949951171875,2383.75,2419.25,2416.02587890625,6230369,0.0,0.0
2023-09-01,2381.0,2465.550048828125,2380.0,2450.050048828125,2446.78515625,6764397,0.0,0.0
2023-09-04,2454.0,2480.0,2450.050048828125,2470.60009765625,2467.3076171875,5998454,0.0,0.0
2023-09-05,2482.0,2501.39990234375,2464.0,2494.050048828125,2490.72607421875,6489319,0.0,0.0
2023-09-06,2494.050048828125,2504.0,2471.0,2496.5,2493.173095703125,7416248,0.0,0.0
2023-09-07,2498.0,2520.0,2485.0,2509.5,2506.15576171875,4298988,0.0,0.0
2023-09-08,2513.800048828125,2538.60009765625,2506.10009765625,2519.300048828125,2515.942626953125,5640973,0.0,0.0
2023-09-11,2565.0,2630.25,2546.0,2614.949951171875,2611.465087890625,9148241,0.0,0.0
2023-09-12,2622.449951171875,2626.60009765625,2530.0,2535.699951171875,2532.32080078125,5658774,0.0,0.0
2023-09-13,2545.699951171875,2566.949951171875,2496.0,2518.89990234375,2515.54296875,1780068,0.0,0.0
2023-09-14,2541.85009765625,2545.0,2506.050048828125,2519.800048828125,2516.44189453125,1218481,0.0,0.0
2023-09-15,2519.800048828125,2558.0,2514.199951171875,2540.050048828125,2536.6650390625,1547001,0.0,0.0
2023-09-18,2552.0,2555.0,2491.0,2502.449951171875,2499.114990234375,861677,0.0,0.0
2023-09-20,2502.39990234375,2533.64990234375,2458.89990234375,2470.300048828125,2467.008056640625,1203019,0.0,0.0
2023-09-21,2479.800048828125,2503.800048828125,2461.0,2479.25,2475.9462890625,1279908,0.0,0.0
2023-09-22,2489.949951171875,2498.0,2460.0,2464.89990234375,2461.615234375,865589,0.0,0.0
2023-09-25,2479.949951171875,2489.0,2424.0,2482.10009765625,2478.792236328125,1216898,0.0,0.0
2023-09-26,2491.0,2499.0,2452.60009765625,2457.949951171875,2454.674560546875,698863,0.0,0.0
2023-09-27,2460.0,2498.0,2445.10009765625,2483.300048828125,2479.990478515625,1077373,0.0,0.0
2023-09-28,2489.949951171875,2511.0,2446.699951171875,2475.25,2471.951416015625,2225560,0.0,0.0
2023-09-29,2462.050048828125,2479.550048828125,2405.050048828125,2413.89990234375,2410.682861328125,1689201,0.0,0.0
2023-10-03,2418.0,2424.89990234375,2372.0,2387.25,2384.068603515625,2019899,0.0,0.0
2023-10-04,2402.199951171875,2502.75,2392.25,2464.949951171875,2461.665283203125,2857377,0.0,0.0
2023-10-05,2477.949951171875,2486.5,2446.39990234375,2466.35009765625,2463.0634765625,1132455,0.0,0.0
2023-10-06,2466.35009765625,2514.949951171875,2466.050048828125,2478.10009765625,2474.7978515625,1510035,0.0,0.0
2023-10-09,2440.0,2459.699951171875,2411.300048828125,2442.60009765625,2439.344970703125,1408224,0.0,0.0
2023-10-10,2443.0,2517.949951171875,2443.0,2498.300048828125,2494.970703125,1771910,0.0,0.0
2023-10-11,2533.89990234375,2538.0,2482.5,2488.60009765625,2485.28369140625,1627836,0.0,0.0
2023-10-12,2499.89990234375,2521.75,2490.64990234375,2506.35009765625,2503.01025390625,1804818,0.0,0.0
2023-10-13,2488.89990234375,2495.0,2422.35009765625,2454.550048828125,2451.279052734375,2278682,0.0,0.0
2023-10-16,2454.550048828125,2464.699951171875,2421.85009765625,2429.35009765625,2426.11279296875,803856,0.0,0.0
2023-10-17,2459.949951171875,2462.0,2423.5,2428.39990234375,2425.163818359375,707543,0.0,0.0
2023-10-18,2440.0,2441.75,2401.050048828125,2406.35009765625,2403.14306640625,776977,0.0,0.0
2023-10-19,2400.0,2414.699951171875,2382.550048828125,2402.199951171875,2398.998779296875,1168822,0.0,0.0
2023-10-20,2398.050048828125,2443.949951171875,2382.050048828125,2393.75,2390.56005859375,1240350,0.0,0.0
2023-10-23,2397.800048828125,2412.35009765625,2301.800048828125,2308.64990234375,2305.573486328125,1483549,0.0,0.0
2023-10-25,2320.0,2348.050048828125,2235.300048828125,2257.0,2253.991943359375,1540819,0.0,0.0
2023-10-26,2249.0,2249.0,2167.050048828125,2203.199951171875,2200.263916015625,2226073,0.0,0.0
2023-10-27,2222.0,2275.0,2212.0,2261.699951171875,2258.68603515625,1244293,0.0,0.0
2023-10-30,2260.050048828125,2305.0,2250.0,2299.10009765625,2296.0361328125,996448,0.0,0.0
2023-10-31,2320.0,2320.0,2276.0,2294.64990234375,2291.591796875,1155280,0.0,0.0
2023-11-01,2299.0,2312.25,2207.0,2217.300048828125,2214.34521484375,1666579,0.0,0.0
2023-11-02,2247.0,2297.949951171875,2204.199951171875,2215.300048828125,2212.347900390625,2340997,0.0,0.0
2023-11-03,2215.300048828125,2279.0,2215.0,2229.85009765625,2226.87841796875,1853300,0.0,0.0
2023-11-06,2253.949951171875,2260.0,2233.0,2246.0,2243.007080078125,770061,0.0,0.0
2023-11-07,2257.0,2260.0,2226.64990234375,2233.35009765625,2230.373779296875,641554,0.0,0.0
2023-11-08,2245.300048828125,2298.0,2235.0,2259.949951171875,2256.938232421875,1169180,0.0,0.0
2023-11-09,2269.0,2272.60009765625,2210.10009765625,2214.64990234375,2211.698486328125,1267890,0.0,0.0
2023-11-10,2220.25,2237.0,2198.5,2205.10009765625,2202.161376953125,1072597,0.0,0.0
2023-11-13,2215.5,2241.89990234375,2195.550048828125,2213.64990234375,2210.699951171875,853633,0.0,0.0
2023-11-15,2240.0,2250.0,2220.5,2225.39990234375,2222.43408203125,696475,0.0,0.0
2023-11-16,2226.0,2232.800048828125,2196.10009765625,2205.89990234375,2202.960205078125,1307584,0.0,0.0
2023-11-17,2205.89990234375,2237.949951171875,2201.0,2208.800048828125,2205.8564453125,916518,0.0,0.0
2023-11-20,2211.0,2218.5,2142.0,2149.85009765625,2146.9853515625,1577213,0.0,0.0
2023-11-21,2160.0,2232.550048828125,2158.35009765625,2196.64990234375,2193.72265625,1839502,0.0,0.0
2023-11-22,2205.14990234375,2225.0,2153.5,2172.64990234375,2169.75439453125,1247205,0.0,0.0
2023-11-23,2190.0,2190.0,2160.60009765625,2175.25,2172.35107421875,729114,0.0,0.0
2023-11-24,2179.0,2251.949951171875,2160.89990234375,2225.449951171875,2222.484130859375,1946259,0.0,0.0
2023-11-28,2301.0,2512.39990234375,2275.0,2423.5,2420.2705078125,11972275,0.0,0.0
2023-11-29,2468.699951171875,2477.64990234375,2390.0,2396.60009765625,2393.40625,4561574,0.0,0.0
2023-11-30,2400.050048828125,2409.0,2343.050048828125,2358.550048828125,2355.406982421875,2983879,0.0,0.0
2023-12-01,2370.0,2403.35009765625,2354.10009765625,2362.699951171875,2359.55126953125,1792983,0.0,0.0
2023-12-04,2549.949951171875,2595.0,2487.449951171875,2531.199951171875,2527.82666015625,5681516,0.0,0.0
2023-12-05,2531.199951171875,2999.89990234375,2531.199951171875,2959.35009765625,2955.406494140625,22879079,0.0,0.0
2023-12-06,3080.0,3154.550048828125,2844.85009765625,2883.949951171875,2880.10693359375,19355777,0.0,0.0
2023-12-07,2900.0,2945.89990234375,2853.050048828125,2887.14990234375,2883.302490234375,6325887,0.0,0.0
2023-12-08,2902.699951171875,2927.0,2760.0,2822.14990234375,2818.388916015625,6959428,0.0,0.0
2023-12-11,2837.050048828125,2919.89990234375,2811.050048828125,2855.800048828125,2851.994384765625,5064123,0.0,0.0
2023-12-12,2869.10009765625,2895.949951171875,2840.550048828125,2857.64990234375,2853.841796875,2017772,0.0,0.0
2023-12-13,2860.0,2899.10009765625,2805.0,2875.050048828125,2871.21875,2805832,0.0,0.0
2023-12-14,2900.949951171875,2932.949951171875,2887.0,2894.050048828125,2890.193115234375,3224681,0.0,0.0
2023-12-15,2912.050048828125,3000.0,2893.89990234375,2991.800048828125,2987.81298828125,4921484,0.0,0.0
2023-12-18,2993.949951171875,3027.75,2961.10009765625,2980.60009765625,2976.6279296875,2315922,0.0,0.0
2023-12-19,2988.800048828125,2994.35009765625,2915.0,2941.25,2937.330322265625,1741493,0.0,0.0
2023-12-20,2946.0,2968.0,2766.199951171875,2783.85009765625,2780.140380859375,3417739,0.0,0.0
2023-12-21,2750.0,2821.949951171875,2725.0,2799.75,2796.018798828125,2678577,0.0,0.0
2023-12-22,2815.949951171875,2847.60009765625,2791.39990234375,2808.35009765625,2804.607666015625,1513956,0.0,0.0
2023-12-26,2817.0,2893.75,2800.10009765625,2865.449951171875,2861.63134765625,2048484,0.0,0.0
2023-12-27,2880.699951171875,2894.800048828125,2833.60009765625,2843.35009765625,2839.56103515625,1698325,0.0,0.0
2023-12-28,2855.0,2867.35009765625,2800.10009765625,2809.89990234375,2806.1552734375,4102912,0.0,0.0
2023-12-29,2823.89990234375,2863.300048828125,2802.85009765625,2848.949951171875,2845.153564453125,1507086,0.0,0.0
2024-01-01,2852.300048828125,2947.0,2842.050048828125,2917.199951171875,2913.312255859375,2898619,0.0,0.0
2024-01-02,2922.0,2948.199951171875,2841.0,2932.39990234375,2928.491943359375,2671368,0.0,0.0
2024-01-03,3047.0,3199.0,2955.60009765625,3003.0,2998.998046875,19725411,0.0,0.0
2024-01-04,3039.39990234375,3044.449951171875,2990.0,2998.300048828125,2994.304443359375,2975620,0.0,0.0
2024-01-05,3009.949951171875,3066.89990234375,2981.10009765625,3006.60009765625,3002.59326171875,3219949,0.0,0.0
2024-01-08,3020.0,3027.0,2952.949951171875,2963.5,2959.550537109375,1849061,0.0,0.0
2024-01-09,2990.699951171875,3068.800048828125,2980.0,3014.60009765625,3010.582763671875,2885706,0.0,0.0
2024-01-10,3024.0,3112.0,3020.050048828125,3098.199951171875,3094.0712890625,3590297,0.0,0.0
2024-01-11,3120.0,3129.0,3065.0,3080.89990234375,3076.794189453125,2008103,0.0,0.0
2024-01-12,3096.35009765625,3125.0,3068.199951171875,3104.10009765625,3099.963623046875,1795933,0.0,0.0
2024-01-15,3127.0,3130.0,3067.449951171875,3089.5,3085.3828125,1407007,0.0,0.0
2024-01-16,3095.0,3104.5,3035.0,3056.5,3052.4267578125,2515564,0.0,0.0
2024-01-17,3033.0,3045.0,2946.300048828125,2971.050048828125,2967.090576171875,2897218,0.0,0.0
2024-01-18,2975.550048828125,2985.0,2885.10009765625,2918.89990234375,2915.01025390625,2552342,0.0,0.0
2024-01-19,2945.35009765625,2949.449951171875,2903.050048828125,2915.64990234375,2911.764404296875,2014096,0.0,0.0
2024-01-23,3014.949951171875,3014.949951171875,2885.5,2896.550048828125,2892.68994140625,1827002,0.0,0.0
2024-01-24,2901.0,2929.10009765625,2871.25,2903.449951171875,2899.58056640625,5807940,0.0,0.0
2024-01-25,2903.449951171875,2926.35009765625,2804.39990234375,2893.60009765625,2889.743896484375,2601969,0.0,0.0
2024-01-29,2929.0,3092.699951171875,2923.050048828125,3064.64990234375,3060.56591796875,4402976,0.0,0.0
2024-01-30,3081.0,3129.89990234375,3020.89990234375,3091.10009765625,3086.980712890625,3115506,0.0,0.0
2024-01-31,3092.75,3151.699951171875,3072.39990234375,3142.0,3137.812744140625,2671051,0.0,0.0
2024-02-01,3156.89990234375,3236.949951171875,3083.050048828125,3153.5,3149.297607421875,4686595,0.0,0.0
2024-02-02,3184.949951171875,3208.5,3140.0,3157.449951171875,3153.2421875,2708695,0.0,0.0
2024-02-05,3170.0,3229.39990234375,3151.449951171875,3173.449951171875,3169.220947265625,2191195,0.0,0.0
2024-02-06,3183.89990234375,3228.199951171875,3160.0,3203.75,3199.48046875,2078891,0.0,0.0
2024-02-07,3220.050048828125,3277.949951171875,3210.0,3229.85009765625,3225.5458984375,2095911,0.0,0.0
2024-02-08,3245.60009765625,3245.60009765625,3146.10009765625,3168.60009765625,3164.37744140625,1679004,0.0,0.0
2024-02-09,3184.449951171875,3224.949951171875,3121.199951171875,3215.199951171875,3210.915283203125,1572789,0.0,0.0
2024-02-12,3229.0,3241.949951171875,3160.0,3169.75,3165.526123046875,1083138,0.0,0.0
2024-02-13,3180.0,3194.0,3092.050048828125,3178.449951171875,3174.21435546875,1225207,0.0,0.0
2024-02-14,3184.0,3255.25,3169.85009765625,3207.199951171875,3202.926025390625,1741264,0.0,0.0
2024-02-15,3219.85009765625,3252.75,3184.050048828125,3193.800048828125,3189.5439453125,2035204,0.0,0.0
2024-02-16,3214.0,3252.300048828125,3192.64990234375,3223.60009765625,3219.303955078125,2193673,0.0,0.0
2024-02-19,3240.0,3308.60009765625,3235.800048828125,3258.800048828125,3254.457275390625,1779444,0.0,0.0
2024-02-20,3267.0,3269.800048828125,3210.14990234375,3228.60009765625,3224.29736328125,1467630,0.0,0.0
2024-02-21,3238.0,3300.0,3205.0,3223.199951171875,3218.904541015625,1657021,0.0,0.0
2024-02-22,3239.0,3274.0,3210.5,3263.050048828125,3258.701416015625,1138722,0.0,0.0
2024-02-23,3263.050048828125,3319.949951171875,3225.10009765625,3273.300048828125,3268.93798828125,1975035,0.0,0.0
2024-02-26,3272.0,3344.0,3263.0,3327.75,3323.315185546875,1695378,0.0,0.0
2024-02-27,3339.0,3340.0,3273.0,3302.300048828125,3297.8994140625,1125570,0.0,0.0
2024-02-28,3309.199951171875,3318.800048828125,3207.5,3219.0,3214.710205078125,1358879,0.0,0.0
2024-02-29,3220.050048828125,3304.75,3205.35009765625,3285.39990234375,3281.021728515625,1352988,0.0,0.0
2024-03-01,3309.85009765625,3346.0,3281.800048828125,3318.75,3314.3271484375,1161067,0.0,0.0
2024-03-04,3335.0,3350.0,3310.050048828125,3317.14990234375,3312.7294921875,1061244,0.0,0.0
2024-03-05,3325.300048828125,3334.0,3295.050048828125,3310.199951171875,3305.78857421875,1190416,0.0,0.0
2024-03-06,3323.0,3323.0,3183.14990234375,3233.949951171875,3229.64013671875,1935203,0.0,0.0
2024-03-07,3240.0,3262.0,3220.0,3226.550048828125,3222.25048828125,856328,0.0,0.0
2024-03-11,3241.199951171875,3259.0,3200.0,3207.35009765625,3203.07568359375,738851,0.0,0.0
2024-03-12,3207.35009765625,3222.699951171875,3111.0,3122.5,3118.3388671875,1199487,0.0,0.0
2024-03-13,3125.0,3138.050048828125,2850.14990234375,2906.199951171875,2902.326904296875,3407040,0.0,0.0
2024-03-14,2927.449951171875,3101.199951171875,2880.0,3087.449951171875,3083.33544921875,3759100,0.0,0.0
2024-03-15,3111.0,3143.39990234375,3061.25,3132.199951171875,3128.02587890625,2199094,0.0,0.0
2024-03-18,3050.10009765625,3124.0,2976.050048828125,3111.75,3107.60302734375,3042515,0.0,0.0
2024-03-19,3126.0,3164.800048828125,3041.85009765625,3052.699951171875,3048.6318359375,1460452,0.0,0.0
2024-03-20,3075.0,3083.199951171875,3021.10009765625,3051.449951171875,3047.383544921875,966481,0.0,0.0
2024-03-21,3089.550048828125,3107.10009765625,3059.60009765625,3066.5,3062.41357421875,1175751,0.0,0.0
2024-03-22,3066.550048828125,3128.949951171875,3048.050048828125,3107.699951171875,3103.55859375,951557,0.0,0.0
2024-03-26,3100.5,3171.949951171875,3089.10009765625,3109.949951171875,3105.805419921875,937103,0.0,0.0
2024-03-27,3115.0,3138.449951171875,3106.25,3122.10009765625,3117.939453125,900231,0.0,0.0
2024-03-28,3134.0,3237.0,3096.75,3197.10009765625,3192.83935546875,2327053,0.0,0.0
2024-04-01,3230.199951171875,3291.800048828125,3207.85009765625,3252.10009765625,3247.766357421875,1292646,0.0,0.0
2024-04-02,3258.949951171875,3285.0,3240.0,3268.75,3264.393798828125,868829,0.0,0.0
2024-04-03,3250.0,3260.14990234375,3222.0,3233.449951171875,3229.14111328125,1153109,0.0,0.0
2024-04-04,3250.0,3273.0,3201.699951171875,3210.800048828125,3206.52099609375,1403826,0.0,0.0
2024-04-05,3211.10009765625,3234.0,3178.949951171875,3224.800048828125,3220.502685546875,755607,0.0,0.0
2024-04-08,3240.949951171875,3243.5,3197.199951171875,3224.550048828125,3220.2529296875,577440,0.0,0.0
2024-04-09,3240.699951171875,3251.0,3185.0,3198.449951171875,3194.187744140625,833679,0.0,0.0
2024-04-10,3200.0,3254.60009765625,3192.5,3242.0,3237.679443359375,1441138,0.0,0.0
2024-04-12,3210.0,3247.5,3205.300048828125,3209.89990234375,3205.6220703125,705173,0.0,0.0
2024-04-15,3150.0,3180.300048828125,3103.199951171875,3147.449951171875,3143.25537109375,1035378,0.0,0.0
2024-04-16,3101.0,3149.199951171875,3100.0,3106.39990234375,3102.26025390625,1134184,0.0,0.0
2024-04-18,3125.14990234375,3145.0,3008.300048828125,3019.300048828125,3015.2763671875,1703646,0.0,0.0
2024-04-19,3000.0,3057.050048828125,2962.5,3026.949951171875,3022.916015625,1727317,0.0,0.0
2024-04-22,3053.0,3077.5,3025.0,3063.35009765625,3059.267822265625,993929,0.0,0.0
2024-04-23,3059.0,3091.0,3043.10009765625,3065.10009765625,3061.015380859375,1654272,0.0,0.0
2024-04-24,3071.949951171875,3087.85009765625,3040.0,3043.550048828125,3039.494140625,605917,0.0,0.0
2024-04-25,3050.0,3120.89990234375,3025.64990234375,3115.25,3111.098388671875,1515529,0.0,0.0
2024-04-26,3119.89990234375,3129.89990234375,3066.050048828125,3080.39990234375,3076.294677734375,662764,0.0,0.0
2024-04-29,3110.0,3110.5,3051.5,3081.199951171875,3077.09375,648544,0.0,0.0
2024-04-30,3094.0,3108.449951171875,3045.0,3054.699951171875,3050.629150390625,804552,0.0,0.0
2024-05-02,3071.949951171875,3119.85009765625,3015.050048828125,3039.60009765625,3035.549560546875,2219085,0.0,0.0
2024-05-03,3030.0,3045.0,2975.10009765625,2993.25,2989.26123046875,1472168,0.0,0.0
2024-05-06,2993.25,3000.199951171875,2850.0,2874.64990234375,2870.819091796875,2377944,0.0,0.0
2024-05-07,2889.949951171875,2905.35009765625,2822.0,2835.949951171875,2832.170654296875,1262311,0.0,0.0
2024-05-08,2850.0,2890.89990234375,2820.0,2860.550048828125,2856.738037109375,951411,0.0,0.0
2024-05-09,2864.800048828125,2883.64990234375,2756.0,2766.64990234375,2762.962646484375,1485510,0.0,0.0
2024-05-10,2794.949951171875,2809.0,2760.449951171875,2797.25,2793.52197265625,2354794,0.0,0.0
2024-05-13,2803.0,2890.0,2790.5,2879.60009765625,2875.7626953125,3784373,0.0,0.0
2024-05-14,2894.949951171875,3046.0,2874.550048828125,3037.550048828125,3033.502197265625,5725807,0.0,0.0
2024-05-15,3046.75,3118.85009765625,3037.60009765625,3049.75,3045.685546875,1688836,0.0,0.0
2024-05-16,3065.0,3076.949951171875,2974.949951171875,3041.64990234375,3037.596435546875,1835312,0.0,0.0
2024-05-17,3041.050048828125,3091.0,3015.5,3060.5,3056.42138671875,825436,0.0,0.0
2024-05-21,3067.89990234375,3175.0,3034.5,3117.5,3113.345458984375,3091659,0.0,0.0
2024-05-22,3129.949951171875,3145.0,3073.5,3140.949951171875,3136.76416015625,3371077,0.0,0.0
2024-05-23,3156.699951171875,3406.0,3135.550048828125,3387.300048828125,3382.785888671875,6979082,0.0,0.0
2024-05-24,3406.0,3457.85009765625,3355.60009765625,3384.949951171875,3380.43896484375,3473668,0.0,0.0
2024-05-27,3358.0,3358.0,3267.050048828125,3289.050048828125,3284.6669921875,2582485,0.0,0.0
2024-05-28,3309.64990234375,3329.5,3229.050048828125,3244.050048828125,3239.72705078125,1621168,0.0,0.0
2024-05-29,3250.0,3322.89990234375,3212.0,3258.800048828125,3254.457275390625,1910729,0.0,0.0
2024-05-30,3254.0,3274.300048828125,3174.5,3194.25,3189.9931640625,1990208,0.0,0.0
2024-05-31,3225.25,3434.449951171875,3225.25,3411.35009765625,3406.803955078125,6384589,0.0,0.0
2024-06-03,3725.0,3743.89990234375,3586.050048828125,3645.25,3640.39208984375,8511359,0.0,0.0
2024-06-04,3520.0,3520.0,2733.949951171875,2941.25,2937.330322265625,20306909,0.0,0.0
2024-06-05,3030.0,3150.0,2750.0,3115.35009765625,3111.198486328125,8778345,0.0,0.0
2024-06-06,3184.0,3222.39990234375,3137.14990234375,3185.64990234375,3181.404296875,5873271,0.0,0.0
2024-06-07,3170.39990234375,3233.75,3151.60009765625,3219.550048828125,3215.259521484375,4740455,0.0,0.0
2024-06-10,3267.0,3284.39990234375,3205.5,3220.10009765625,3215.808837890625,4935698,0.0,0.0
2024-06-11,3224.0,3265.0,3195.050048828125,3221.25,3216.95703125,4173692,0.0,0.0
2024-06-12,3224.89990234375,3245.0,3208.0,3219.050048828125,3214.76025390625,3022477,0.0,0.0
2024-06-13,3230.0,3254.0,3207.25,3224.800048828125,3220.502685546875,3202978,0.0,0.0
2024-06-14,3225.0,3275.0,3221.10009765625,3261.75,3258.6767578125,4224855,1.260331,0.0
2024-06-18,3310.0,3345.0,3287.199951171875,3309.050048828125,3305.932373046875,1755612,0.0,0.0
2024-06-19,3314.0,3314.0,3226.300048828125,3261.89990234375,3258.82666015625,1419264,0.0,0.0
2024-06-20,3263.89990234375,3315.0,3240.0,3259.449951171875,3256.37890625,1366545,0.0,0.0
2024-06-21,3265.050048828125,3277.10009765625,3176.39990234375,3189.300048828125,3186.295166015625,4697655,0.0,0.0
2024-06-24,3185.75,3214.800048828125,3135.0,3194.60009765625,3191.590087890625,3261647,0.0,0.0
2024-06-25,3204.75,3208.449951171875,3156.35009765625,3171.10009765625,3168.1123046875,1694962,0.0,0.0
2024-06-26,3169.050048828125,3187.699951171875,3163.89990234375,3170.5,3167.5126953125,2142889,0.0,0.0
2024-06-27,3177.0,3202.25,3150.0,3175.14990234375,3172.158447265625,5114980,0.0,0.0
2024-06-28,3190.0,3211.949951171875,3157.0,3177.14990234375,3174.156494140625,960905,0.0,0.0
2024-07-01,3179.949951171875,3193.14990234375,3157.550048828125,3183.800048828125,3180.80029296875,832170,0.0,0.0
2024-07-02,3179.85009765625,3207.800048828125,3131.050048828125,3153.199951171875,3150.22900390625,1490844,0.0,0.0
2024-07-03,3158.0,3194.550048828125,3147.75,3190.949951171875,3187.943603515625,1152522,0.0,0.0
2024-07-04,3192.0,3194.449951171875,3138.050048828125,3144.25,3141.287353515625,1055391,0.0,0.0
2024-07-05,3143.89990234375,3158.550048828125,3123.949951171875,3147.89990234375,3144.93408203125,663988,0.0,0.0
2024-07-08,3147.89990234375,3158.199951171875,3075.0,3113.60009765625,3110.66650390625,1155112,0.0,0.0
2024-07-09,3115.949951171875,3158.0,3100.5,3110.75,3107.819091796875,922403,0.0,0.0
2024-07-10,3120.10009765625,3127.25,3063.39990234375,3096.0,3093.0830078125,586710,0.0,0.0
2024-07-11,3118.699951171875,3129.800048828125,3074.10009765625,3078.300048828125,3075.399658203125,899781,0.0,0.0
2024-07-12,3090.0,3098.800048828125,3058.35009765625,3065.449951171875,3062.5615234375,756036,0.0,0.0
2024-07-15,3066.10009765625,3103.5,3058.35009765625,3090.39990234375,3087.48828125,724171,0.0,0.0
2024-07-16,3110.0,3137.75,3096.10009765625,3109.300048828125,3106.370361328125,988357,0.0,0.0
2024-07-18,3106.0,3111.0,3057.14990234375,3092.199951171875,3089.28662109375,1021653,0.0,0.0
2024-07-19,3092.0,3094.5,3000.0,3005.699951171875,3002.8681640625,1026941,0.0,0.0
2024-07-22,3005.699951171875,3026.89990234375,2972.14990234375,3000.85009765625,2998.022705078125,662085,0.0,0.0
2024-07-23,3020.0,3038.0,2886.35009765625,2995.35009765625,2992.528076171875,1443331,0.0,0.0
2024-07-24,2995.35009765625,3007.5,2959.300048828125,2970.699951171875,2967.901123046875,693702,0.0,0.0
2024-07-25,2960.699951171875,3017.64990234375,2945.10009765625,2973.5,2970.698486328125,1105721,0.0,0.0
2024-07-26,2995.0,3109.0,2988.10009765625,3080.5,3077.59765625,1942427,0.0,0.0
2024-07-29,3094.300048828125,3120.35009765625,3074.0,3089.35009765625,3086.439453125,1037474,0.0,0.0
2024-07-30,3092.0,3155.0,3066.64990234375,3128.75,3125.80224609375,1647048,0.0,0.0
2024-07-31,3141.0,3197.5,3135.0,3169.39990234375,3166.41357421875,2414005,0.0,0.0
2024-08-01,3180.0,3258.0,3151.699951171875,3217.25,3214.21875,6149883,0.0,0.0
2024-08-02,3200.0,3215.0,3111.0,3160.89990234375,3157.921875,3360209,0.0,0.0
2024-08-05,3085.0,3133.050048828125,2996.300048828125,3038.199951171875,3035.33740234375,2238921,0.0,0.0
2024-08-06,3084.0,3142.800048828125,3057.25,3072.699951171875,3069.804931640625,2125201,0.0,0.0
2024-08-07,3118.0,3190.0,3112.0,3185.949951171875,3182.9482421875,1868169,0.0,0.0
2024-08-08,3190.550048828125,3242.64990234375,3156.550048828125,3167.550048828125,3164.565673828125,2139376,0.0,0.0
2024-08-09,3209.0,3219.300048828125,3171.050048828125,3187.550048828125,3184.546875,760165,0.0,0.0
2024-08-12,3100.0,3169.85009765625,3014.0,3151.75,3148.780517578125,10307245,0.0,0.0
2024-08-13,3170.050048828125,3178.10009765625,3081.75,3092.199951171875,3089.28662109375,2192588,0.0,0.0
2024-08-14,3085.699951171875,3085.699951171875,3027.75,3040.10009765625,3037.23583984375,1232383,0.0,0.0
2024-08-16,3070.0,3121.60009765625,3039.35009765625,3108.800048828125,3105.870849609375,970067,0.0,0.0
2024-08-19,3122.050048828125,3134.300048828125,3092.949951171875,3102.550048828125,3099.626953125,557265,0.0,0.0
2024-08-20,3118.949951171875,3126.0,3058.85009765625,3070.64990234375,3067.7568359375,662263,0.0,0.0
2024-08-21,3070.64990234375,3153.300048828125,3068.39990234375,3115.699951171875,3112.764404296875,1379240,0.0,0.0
2024-08-22,3130.75,3150.0,3091.0,3099.050048828125,3096.130126953125,1378912,0.0,0.0
2024-08-23,3101.0,3123.0,3067.60009765625,3076.35009765625,3073.45166015625,1375224,0.0,0.0
2024-08-26,3088.0,3090.0,3055.0,3069.0,3066.1083984375,1632446,0.0,0.0
2024-08-27,3072.199951171875,3095.75,3064.0,3067.10009765625,3064.210205078125,1310440,0.0,0.0
2024-08-28,3078.0,3078.0,3022.10009765625,3028.0,3025.14697265625,1569652,0.0,0.0
2024-08-29,3030.0,3041.949951171875,2981.300048828125,3020.14990234375,3017.30419921875,1853966,0.0,0.0
2024-08-30,3030.0,3038.550048828125,3003.300048828125,3019.35009765625,3016.50537109375,3509174,0.0,0.0
2024-09-02,3021.10009765625,3059.14990234375,2997.60009765625,3042.14990234375,3039.28369140625,1842658,0.0,0.0
2024-09-03,3037.0,3053.050048828125,3023.800048828125,3036.10009765625,3033.239501953125,1371577,0.0,0.0
2024-09-04,3010.0,3025.0,2955.199951171875,3012.35009765625,3009.511962890625,1212270,0.0,0.0
2024-09-05,3025.0,3037.89990234375,3002.0,3015.35009765625,3012.509033203125,734273,0.0,0.0
2024-09-06,3019.0,3025.0,2968.0,2975.449951171875,2972.646484375,1251165,0.0,0.0
2024-09-09,2972.10009765625,2972.5,2927.300048828125,2964.14990234375,2961.357177734375,1523581,0.0,0.0
2024-09-10,2971.60009765625,3007.39990234375,2947.60009765625,2986.39990234375,2983.586181640625,803782,0.0,0.0
2024-09-11,2985.0,2992.949951171875,2928.0,2937.85009765625,2935.08203125,888628,0.0,0.0
2024-09-12,2950.0,3000.0,2917.14990234375,2991.0,2988.181884765625,1314173,0.0,0.0
2024-09-13,2972.0,3001.949951171875,2956.050048828125,2968.35009765625,2965.55322265625,815948,0.0,0.0
2024-09-16,2972.0,3026.39990234375,2972.0,2984.89990234375,2982.087646484375,695162,0.0,0.0
2024-09-17,2990.050048828125,2995.89990234375,2952.5,2975.199951171875,2972.396728515625,698700,0.0,0.0
2024-09-18,2976.0,2984.75,2935.0,2956.300048828125,2953.5146484375,831891,0.0,0.0
2024-09-19,2975.050048828125,2975.25,2890.35009765625,2943.14990234375,2940.376708984375,1655401,0.0,0.0
2024-09-20,2948.14990234375,3025.0,2942.050048828125,3008.5,3005.66552734375,1787210,0.0,0.0
2024-09-23,3020.0,3070.0,3015.25,3043.949951171875,3041.08203125,897314,0.0,0.0
2024-09-24,3055.0,3101.0,3040.25,3093.89990234375,3090.98486328125,1021918,0.0,0.0
2024-09-25,3108.0,3123.89990234375,3080.199951171875,3105.10009765625,3102.174560546875,913008,0.0,0.0
2024-09-26,3085.0,3148.0,3085.0,3122.64990234375,3119.707763671875,1548019,0.0,0.0
2024-09-27,3122.0,3179.0,3116.0,3130.300048828125,3127.350830078125,2297441,0.0,0.0
2024-09-30,3129.0,3209.89990234375,3120.39990234375,3135.85009765625,3132.895751953125,1607429,0.0,0.0
2024-10-01,3136.300048828125,3192.0,3107.0,3186.10009765625,3183.098388671875,1367116,0.0,0.0
2024-10-03,3150.0,3196.35009765625,3084.10009765625,3116.0,3113.064208984375,1309703,0.0,0.0
2024-10-04,3119.89990234375,3149.5,3070.0,3110.64990234375,3107.71923828125,987583,0.0,0.0
2024-10-07,3110.64990234375,3128.5,2980.449951171875,3018.0,3015.156494140625,1743454,0.0,0.0
2024-10-08,3018.5,3170.0,2994.85009765625,3160.699951171875,3157.721923828125,1776511,0.0,0.0
2024-10-09,3175.0,3179.949951171875,3134.39990234375,3153.75,3150.778564453125,897335,0.0,0.0
2024-10-10,3140.0,3211.0,3056.10009765625,3174.199951171875,3171.209228515625,2905725,0.0,0.0
2024-10-11,3174.199951171875,3190.0,3116.0,3137.199951171875,3134.244140625,1035260,0.0,0.0
2024-10-14,3145.0,3150.10009765625,3092.85009765625,3101.10009765625,3098.17822265625,437728,0.0,0.0
2024-10-15,3124.0,3128.0,3091.5,3104.699951171875,3101.77490234375,371613,0.0,0.0
2024-10-16,3098.0,3115.39990234375,3061.0,3085.89990234375,3082.992431640625,543476,0.0,0.0
2024-10-17,3089.949951171875,3100.0,2993.0,3013.75,3010.910400390625,2655289,0.0,0.0
2024-10-18,2990.0,3031.699951171875,2968.10009765625,3002.0,2999.171630859375,796339,0.0,0.0
2024-10-21,3005.14990234375,3014.949951171875,2916.949951171875,2937.64990234375,2934.882080078125,1051690,0.0,0.0
2024-10-22,2938.0,2955.0,2818.0,2823.800048828125,2821.1396484375,1209732,0.0,0.0
2024-10-23,2840.85009765625,2879.0,2820.10009765625,2835.550048828125,2832.87841796875,1270530,0.0,0.0
2024-10-24,2841.050048828125,2875.14990234375,2807.89990234375,2830.199951171875,2827.533447265625,942066,0.0,0.0
2024-10-25,2845.0,2847.0,2654.699951171875,2693.449951171875,2690.912109375,1954174,0.0,0.0
2024-10-28,2701.10009765625,2822.39990234375,2672.10009765625,2798.64990234375,2796.01318359375,1385033,0.0,0.0
2024-10-29,2803.0,2863.050048828125,2732.85009765625,2848.60009765625,2845.916015625,1529844,0.0,0.0
2024-10-30,2864.0,2997.14990234375,2815.050048828125,2969.300048828125,2966.502197265625,2884272,0.0,0.0
2024-10-31,2967.89990234375,2976.5,2933.85009765625,2947.25,2944.47314453125,1156390,0.0,0.0
2024-11-01,2960.0,2975.60009765625,2928.39990234375,2949.5,2946.72119140625,304673,0.0,0.0
2024-11-04,2935.0,2943.0,2857.75,2897.39990234375,2894.669921875,1059384,0.0,0.0
2024-11-05,2897.39990234375,2924.0,2870.0,2915.550048828125,2912.802978515625,752303,0.0,0.0
2024-11-06,2918.0,3070.0,2918.0,3046.25,3043.3798828125,1676755,0.0,0.0
2024-11-07,3045.0,3045.0,2943.050048828125,2970.10009765625,2967.3017578125,1285585,0.0,0.0
2024-11-08,2965.10009765625,2995.0,2911.25,2929.10009765625,2926.34033203125,835641,0.0,0.0
2024-11-11,2928.0,2946.800048828125,2888.0,2903.64990234375,2900.914306640625,584144,0.0,0.0
2024-11-12,2910.0,2930.449951171875,2855.0,2870.0,2867.2958984375,597231,0.0,0.0
2024-11-13,2860.0,2889.0,2808.0,2816.699951171875,2814.046142578125,890146,0.0,0.0
2024-11-14,2824.0,2844.800048828125,2801.0,2826.800048828125,2824.136474609375,646797,0.0,0.0
2024-11-18,2826.800048828125,2858.64990234375,2793.300048828125,2818.699951171875,2816.044189453125,489692,0.0,0.0
2024-11-19,2831.0,2894.800048828125,2809.800048828125,2821.5,2818.841552734375,536296,0.0,0.0
2024-11-21,2539.35009765625,2539.35009765625,2155.050048828125,2183.64990234375,2181.592529296875,21796668,0.0,0.0
2024-11-22,2101.0,2289.699951171875,2025.0,2228.0,2225.900634765625,20939196,0.0,0.0
2024-11-25,2315.0,2333.64990234375,2238.0,2257.5,2255.372802734375,7466733,0.0,0.0
2024-11-26,2265.60009765625,2292.85009765625,2136.0,2150.5,2148.4736328125,7723187,0.0,0.0
2024-11-27,2180.0,2418.0,2142.14990234375,2397.800048828125,2395.541015625,17502156,0.0,0.0
2024-11-28,2440.0,2526.300048828125,2400.0,2437.10009765625,2434.803955078125,14445549,0.0,0.0
2024-11-29,2464.050048828125,2520.0,2400.0,2463.14990234375,2460.8291015625,8191680,0.0,0.0
2024-12-02,2491.35009765625,2508.0,2426.60009765625,2457.050048828125,2454.735107421875,3807565,0.0,0.0
2024-12-03,2464.0,2558.0,2462.050048828125,2514.199951171875,2511.831298828125,4070042,0.0,0.0
2024-12-04,2528.0,2530.050048828125,2470.10009765625,2494.75,2492.3994140625,2344949,0.0,0.0
2024-12-05,2505.0,2538.14990234375,2470.25,2522.550048828125,2520.17333984375,3333144,0.0,0.0
2024-12-06,2520.0,2535.0,2502.5,2506.39990234375,2504.038330078125,1240437,0.0,0.0
2024-12-09,2507.89990234375,2526.0,2483.14990234375,2495.85009765625,2493.49853515625,958369,0.0,0.0
2024-12-10,2501.0,2501.0,2455.0,2467.199951171875,2464.87548828125,1119816,0.0,0.0
2024-12-11,2469.0,2480.0,2451.0,2457.25,2454.934814453125,712674,0.0,0.0
2024-12-12,2457.0,2534.800048828125,2446.25,2504.10009765625,2501.74072265625,2579624,0.0,0.0
2024-12-13,2504.0,2545.0,2479.050048828125,2527.550048828125,2525.168701171875,1940935,0.0,0.0
2024-12-16,2530.0,2537.5,2503.0,2512.39990234375,2510.03271484375,654321,0.0,0.0
2024-12-17,2512.0,2525.0,2480.75,2487.60009765625,2485.25634765625,1061891,0.0,0.0
2024-12-18,2489.0,2496.60009765625,2452.0,2457.39990234375,2455.084716796875,990217,0.0,0.0
2024-12-19,2429.0,2434.0,2397.10009765625,2419.35009765625,2417.070556640625,1181898,0.0,0.0
2024-12-20,2429.0,2453.85009765625,2333.0,2344.949951171875,2342.740478515625,1337016,0.0,0.0
2024-12-23,2373.949951171875,2379.5,2332.75,2338.949951171875,2336.74609375,758920,0.0,0.0
2024-12-24,2355.199951171875,2412.89990234375,2340.0,2372.449951171875,2370.214599609375,1156186,0.0,0.0
2024-12-26,2378.050048828125,2410.0,2368.0,2400.25,2397.988525390625,895785,0.0,0.0
2024-12-27,2415.0,2446.14990234375,2390.5,2409.949951171875,2407.67919921875,1982291,0.0,0.0
2024-12-30,2425.0,2610.0,2421.949951171875,2592.35009765625,2589.90771484375,7825097,0.0,0.0
2024-12-31,2575.0,2577.75,2507.449951171875,2528.64990234375,2526.267333984375,2745674,0.0,0.0
2025-01-01,2536.0,2644.199951171875,2518.25,2554.85009765625,2552.44287109375,2875721,0.0,0.0
2025-01-02,2565.699951171875,2602.0,2537.0,2597.699951171875,2595.25244140625,1167236,0.0,0.0
2025-01-03,2580.0,2619.0,2556.60009765625,2564.60009765625,2562.18359375,932795,0.0,0.0
2025-01-06,2557.64990234375,2568.85009765625,2463.5,2474.449951171875,2472.118408203125,1121398,0.0,0.0
2025-01-07,2474.64990234375,2525.0,2474.64990234375,2520.550048828125,2518.17529296875,1019130,0.0,0.0
2025-01-08,2520.550048828125,2530.0,2490.0,2515.25,2512.880126953125,879641,0.0,0.0
2025-01-09,2517.0,2517.550048828125,2469.5,2477.89990234375,2475.565185546875,705838,0.0,0.0
2025-01-10,2480.0,2484.60009765625,2368.25,2374.39990234375,2372.162841796875,1418808,0.0,0.0
2025-01-13,2365.0,2365.0,2216.89990234375,2225.14990234375,2223.053466796875,1559903,0.0,0.0
2025-01-14,2241.5,2422.89990234375,2241.5,2380.550048828125,2378.30712890625,4120705,0.0,0.0
2025-01-15,2399.0,2421.949951171875,2372.64990234375,2388.14990234375,2385.899658203125,1421437,0.0,0.0
2025-01-16,2500.0,2570.0,2418.85009765625,2427.85009765625,2425.562744140625,2841803,0.0,0.0
2025-01-17,2450.0,2450.0,2380.050048828125,2399.800048828125,2397.5390625,1122205,0.0,0.0
2025-01-20,2413.75,2454.0,2390.0,2442.800048828125,2440.498291015625,1039435,0.0,0.0
2025-01-21,2441.75,2441.75,2373.64990234375,2384.300048828125,2382.053466796875,1206512,0.0,0.0
2025-01-22,2399.0,2399.0,2325.14990234375,2376.550048828125,2374.31103515625,1147334,0.0,0.0
2025-01-23,2383.0,2405.14990234375,2355.0,2385.0,2382.7529296875,826721,0.0,0.0
2025-01-24,2387.75,2406.0,2299.39990234375,2315.10009765625,2312.9189453125,1388583,0.0,0.0
2025-01-27,2310.050048828125,2318.10009765625,2250.050048828125,2259.699951171875,2257.57080078125,1032995,0.0,0.0
2025-01-28,2274.199951171875,2315.85009765625,2242.0,2286.050048828125,2283.89599609375,966497,0.0,0.0
2025-01-29,2297.0,2326.25,2282.60009765625,2318.60009765625,2316.41552734375,785220,0.0,0.0
2025-01-30,2325.0,2351.5,2201.300048828125,2252.60009765625,2250.4775390625,2601625,0.0,0.0
2025-01-31,2238.85009765625,2314.949951171875,2213.75,2287.800048828125,2285.64453125,2013345,0.0,0.0
2025-02-01,2297.0,2351.449951171875,2237.550048828125,2270.0,2267.861328125,987362,0.0,0.0
2025-02-03,2266.75,2279.0,2213.89990234375,2261.85009765625,2259.71923828125,824942,0.0,0.0
2025-02-04,2278.89990234375,2312.0,2267.550048828125,2301.5,2299.33154296875,691187,0.0,0.0
2025-02-05,2314.949951171875,2349.39990234375,2309.050048828125,2324.60009765625,2322.409912109375,560940,0.0,0.0
2025-02-06,2340.0,2340.0,2298.199951171875,2312.449951171875,2310.271240234375,680544,0.0,0.0
2025-02-07,2312.449951171875,2374.89990234375,2307.35009765625,2338.800048828125,2336.596435546875,892884,0.0,0.0
2025-02-10,2350.0,2350.949951171875,2280.10009765625,2290.800048828125,2288.641845703125,739708,0.0,0.0
2025-02-11,2312.0,2397.0,2306.0,2321.75,2319.5625,4895456,0.0,0.0
2025-02-12,2325.0,2378.449951171875,2281.0,2353.449951171875,2351.232666015625,1933098,0.0,0.0
2025-02-13,2354.0,2372.75,2233.39990234375,2244.699951171875,2242.5849609375,2551665,0.0,0.0
2025-02-14,2245.699951171875,2249.300048828125,2124.550048828125,2152.64990234375,2150.62158203125,2549876,0.0,0.0
2025-02-17,2152.64990234375,2240.39990234375,2110.64990234375,2223.699951171875,2221.604736328125,1400160,0.0,0.0
2025-02-18,2240.0,2240.0,2166.050048828125,2220.300048828125,2218.208251953125,1138085,0.0,0.0
2025-02-19,2166.0,2219.39990234375,2127.0,2180.800048828125,2178.745361328125,1203163,0.0,0.0
2025-02-20,2180.800048828125,2216.35009765625,2156.800048828125,2179.0,2176.947021484375,1086670,0.0,0.0
2025-02-21,2190.449951171875,2199.60009765625,2116.85009765625,2133.10009765625,2131.09033203125,1540308,0.0,0.0
2025-02-24,2128.949951171875,2138.5,2096.699951171875,2115.14990234375,2113.156982421875,1032294,0.0,0.0
2025-02-25,2115.14990234375,2158.300048828125,2102.0,2129.85009765625,2127.84326171875,802131,0.0,0.0
2025-02-27,2143.75,2149.10009765625,2102.5,2110.949951171875,2108.961181640625,941950,0.0,0.0
2025-02-28,2107.0,2111.35009765625,2072.0,2096.0,2094.025146484375,2373922,0.0,0.0
2025-03-03,2109.0,2127.25,2026.550048828125,2117.10009765625,2115.10546875,1592611,0.0,0.0
2025-03-04,2085.10009765625,2154.0,2080.0,2144.800048828125,2142.779296875,852978,0.0,0.0
2025-03-05,2153.949951171875,2258.39990234375,2148.050048828125,2245.85009765625,2243.734130859375,1370106,0.0,0.0
2025-03-06,2260.0,2268.89990234375,2226.14990234375,2252.85009765625,2250.7275390625,890270,0.0,0.0
2025-03-07,2249.949951171875,2267.64990234375,2227.0,2247.5,2245.382568359375,818806,0.0,0.0
2025-03-10,2245.0,2288.0,2220.0,2228.300048828125,2226.20068359375,940113,0.0,0.0
2025-03-11,2223.14990234375,2267.85009765625,2208.300048828125,2250.60009765625,2248.4794921875,947079,0.0,0.0
2025-03-12,2270.0,2280.0,2180.949951171875,2241.800048828125,2239.687744140625,1049076,0.0,0.0
2025-03-13,2249.0,2273.0,2215.60009765625,2221.10009765625,2219.00732421875,750310,0.0,0.0
2025-03-17,2200.0,2286.89990234375,2198.0,2252.699951171875,2250.577392578125,927737,0.0,0.0
2025-03-18,2252.699951171875,2252.699951171875,2252.699951171875,2252.699951171875,2250.577392578125,0,0.0,0.0
2025-03-19,2319.949951171875,2342.0,2311.050048828125,2318.64990234375,2316.46533203125,1030345,0.0,0.0
2025-03-20,2348.0,2348.0,2299.0,2339.300048828125,2337.095947265625,2587050,0.0,0.0
2025-03-21,2343.800048828125,2389.550048828125,2338.0,2362.800048828125,2360.573974609375,1101418,0.0,0.0
2025-03-24,2370.0,2395.0,2361.10009765625,2368.699951171875,2366.46826171875,1010184,0.0,0.0
2025-03-25,2385.0,2387.64990234375,2315.10009765625,2320.35009765625,2318.163818359375,763065,0.0,0.0
2025-03-26,2324.89990234375,2359.85009765625,2308.050048828125,2312.60009765625,2310.42138671875,1078870,0.0,0.0
2025-03-27,2310.0,2373.89990234375,2291.60009765625,2363.35009765625,2361.12353515625,1696042,0.0,0.0
2025-03-28,2376.0,2386.949951171875,2293.699951171875,2315.800048828125,2313.6181640625,1838836,0.0,0.0
2025-04-01,2312.0,2358.949951171875,2301.0,2335.25,2333.0498046875,501942,0.0,0.0
2025-04-02,2339.75,2378.85009765625,2314.550048828125,2369.39990234375,2367.16748046875,573928,0.0,0.0
2025-04-03,2339.75,2429.89990234375,2339.699951171875,2410.800048828125,2408.528564453125,1023200,0.0,0.0
2025-04-04,2394.949951171875,2410.050048828125,2315.5,2334.64990234375,2332.4501953125,1219733,0.0,0.0
2025-04-07,2150.050048828125,2239.0,2145.0,2212.699951171875,2210.615234375,1567177,0.0,0.0
2025-04-08,2270.0,2301.0,2225.0,2285.699951171875,2283.54638671875,1224337,0.0,0.0
2025-04-09,2265.699951171875,2279.550048828125,2215.199951171875,2236.89990234375,2234.792236328125,1001633,0.0,0.0
2025-04-11,2303.050048828125,2343.5,2281.0,2321.39990234375,2319.212890625,981463,0.0,0.0
2025-04-15,2375.0,2440.0,2359.0,2418.199951171875,2415.92138671875,1145125,0.0,0.0
2025-04-16,2400.0,2428.0,2382.89990234375,2415.60009765625,2413.32421875,889949,0.0,0.0
2025-04-17,2418.0,2448.60009765625,2392.0,2418.10009765625,2415.822021484375,1054797,0.0,0.0
2025-04-21,2426.10009765625,2464.89990234375,2395.5,2442.699951171875,2440.3984375,782559,0.0,0.0
2025-04-22,2458.89990234375,2483.39990234375,2441.0,2445.5,2443.19580078125,766567,0.0,0.0
2025-04-23,2460.0,2473.800048828125,2421.199951171875,2453.60009765625,2451.28857421875,672262,0.0,0.0
2025-04-24,2450.0,2461.39990234375,2425.10009765625,2442.5,2440.19873046875,596626,0.0,0.0
2025-04-25,2450.10009765625,2459.5,2323.5,2354.300048828125,2352.081787109375,1414809,0.0,0.0
2025-04-28,2346.0,2402.0,2337.60009765625,2369.800048828125,2367.5673828125,681421,0.0,0.0
2025-04-29,2392.0,2400.0,2325.60009765625,2330.60009765625,2328.404296875,670730,0.0,0.0
2025-04-30,2331.39990234375,2340.0,2285.0,2301.300048828125,2299.1318359375,837464,0.0,0.0
2025-05-02,2349.89990234375,2372.39990234375,2290.0,2299.10009765625,2296.933837890625,1695797,0.0,0.0
2025-05-05,2312.60009765625,2497.0,2297.800048828125,2455.5,2453.1865234375,4227194,0.0,0.0
2025-05-06,2454.0,2463.199951171875,2343.5,2354.0,2351.7822265625,1524692,0.0,0.0
2025-05-07,2315.0,2379.5,2315.0,2353.10009765625,2350.8828125,1012640,0.0,0.0
2025-05-08,2362.0,2367.800048828125,2260.0,2285.300048828125,2283.14697265625,1380069,0.0,0.0
2025-05-09,2240.0,2273.10009765625,2233.0,2251.0,2248.879150390625,1006000,0.0,0.0
2025-05-12,2350.0,2433.300048828125,2315.0,2425.300048828125,2423.014892578125,2147039,0.0,0.0
2025-05-13,2425.0,2454.89990234375,2405.0,2441.199951171875,2438.89990234375,1815174,0.0,0.0
2025-05-14,2444.89990234375,2481.89990234375,2430.10009765625,2461.89990234375,2459.580322265625,774441,0.0,0.0
2025-05-15,2463.39990234375,2526.800048828125,2450.699951171875,2520.0,2517.625732421875,1554800,0.0,0.0
2025-05-16,2529.0,2584.199951171875,2516.199951171875,2555.0,2552.5927734375,1641135,0.0,0.0
2025-05-19,2571.300048828125,2578.800048828125,2536.0,2540.60009765625,2538.206298828125,680957,0.0,0.0
2025-05-20,2545.0,2564.800048828125,2492.5,2501.60009765625,2499.2431640625,628023,0.0,0.0
2025-05-21,2509.699951171875,2524.5,2483.699951171875,2500.39990234375,2498.044189453125,529234,0.0,0.0
2025-05-22,2500.39990234375,2521.89990234375,2465.300048828125,2487.60009765625,2485.25634765625,906909,0.0,0.0
2025-05-23,2499.0,2548.10009765625,2490.5,2540.0,2537.606689453125,968415,0.0,0.0
2025-05-26,2549.10009765625,2568.89990234375,2541.300048828125,2547.699951171875,2545.299560546875,552912,0.0,0.0
2025-05-27,2545.89990234375,2569.10009765625,2526.10009765625,2540.300048828125,2537.90673828125,514936,0.0,0.0
2025-05-28,2559.0,2559.0,2510.0,2515.0,2512.63037109375,575989,0.0,0.0
2025-05-29,2536.699951171875,2559.0,2511.0,2540.800048828125,2538.40625,802317,0.0,0.0
2025-05-30,2550.0,2564.0,2513.800048828125,2519.89990234375,2517.525634765625,684592,0.0,0.0
2025-06-02,2527.0,2564.0,2514.89990234375,2518.800048828125,2516.4267578125,1008716,0.0,0.0
2025-06-03,2511.0,2512.5,2452.0,2470.89990234375,2468.57177734375,962656,0.0,0.0
2025-06-04,2480.0,2503.0,2441.10009765625,2489.39990234375,2487.054443359375,552667,0.0,0.0
2025-06-05,2495.0,2530.10009765625,2487.5,2504.39990234375,2502.040283203125,673209,0.0,0.0
2025-06-06,2514.89990234375,2553.300048828125,2504.0,2534.199951171875,2531.812255859375,640680,0.0,0.0
2025-06-09,2545.0,2604.10009765625,2524.5,2582.10009765625,2579.667236328125,1711167,0.0,0.0
2025-06-10,2600.0,2663.199951171875,2577.699951171875,2613.10009765625,2610.63818359375,2084054,0.0,0.0
2025-06-11,2630.0,2630.89990234375,2563.10009765625,2581.199951171875,2578.76806640625,745432,0.0,0.0
2025-06-12,2591.5,2601.800048828125,2530.0,2543.699951171875,2541.303466796875,955097,0.0,0.0
2025-06-13,2498.0,2516.0,2460.0,2507.89990234375,2506.779052734375,695869,1.260331,0.0
2025-06-16,2500.0,2563.300048828125,2462.0,2544.0,2542.863037109375,956459,0.0,0.0
2025-06-17,2535.0,2539.60009765625,2479.0,2488.5,2487.387939453125,703343,0.0,0.0
2025-06-18,2491.89990234375,2495.89990234375,2445.39990234375,2459.10009765625,2458.0009765625,667044,0.0,0.0
2025-06-19,2466.300048828125,2468.89990234375,2405.10009765625,2420.60009765625,2419.518310546875,688209,0.0,0.0
2025-06-20,2428.0,2461.300048828125,2415.0,2448.39990234375,2447.3056640625,3002549,0.0,0.0
2025-06-23,2438.0,2492.60009765625,2421.0,2472.0,2470.895263671875,790533,0.0,0.0
2025-06-24,2504.0,2544.60009765625,2500.199951171875,2505.60009765625,2504.480224609375,996372,0.0,0.0
2025-06-25,2519.89990234375,2541.60009765625,2512.10009765625,2527.199951171875,2526.070556640625,921346,0.0,0.0
2025-06-26,2535.0,2593.60009765625,2522.199951171875,2586.199951171875,2585.044189453125,1339627,0.0,0.0
2025-06-27,2587.699951171875,2681.60009765625,2582.0,2646.300048828125,2645.117431640625,4049316,0.0,0.0
2025-06-30,2650.0,2653.89990234375,2605.89990234375,2619.39990234375,2618.229248046875,694814,0.0,0.0
2025-07-01,2624.89990234375,2645.0,2603.0,2621.800048828125,2620.62841796875,729197,0.0,0.0
2025-07-02,2634.0,2646.0,2613.60009765625,2630.199951171875,2629.0244140625,621409,0.0,0.0
2025-07-03,2634.0,2644.0,2605.10009765625,2611.199951171875,2610.032958984375,502724,0.0,0.0
2025-07-04,2617.0,2617.0,2582.199951171875,2599.10009765625,2597.9384765625,370305,0.0,0.0
2025-07-07,2602.0,2605.39990234375,2572.0,2576.10009765625,2574.94873046875,412159,0.0,0.0
2025-07-08,2586.0,2600.0,2573.0,2591.300048828125,2590.141845703125,357686,0.0,0.0
2025-07-09,2599.0,2609.89990234375,2570.0,2583.0,2581.845703125,396880,0.0,0.0
2025-07-10,2591.0,2604.0,2575.0,2581.0,2579.846435546875,306565,0.0,0.0
2025-07-11,2575.0,2591.89990234375,2551.89990234375,2558.699951171875,2557.556396484375,390645,0.0,0.0
2025-07-14,2555.0,2604.800048828125,2543.5,2581.300048828125,2580.146484375,536585,0.0,0.0
2025-07-15,2588.0,2606.89990234375,2576.0,2598.199951171875,2597.038818359375,379425,0.0,0.0
2025-07-16,2602.5,2619.5,2595.5,2608.5,2607.334228515625,686644,0.0,0.0
2025-07-17,2612.0,2654.5,2605.300048828125,2616.60009765625,2615.4306640625,785771,0.0,0.0
2025-07-18,2612.0,2626.699951171875,2584.199951171875,2596.10009765625,2594.93994140625,479942,0.0,0.0
2025-07-21,2596.300048828125,2624.89990234375,2585.0,2619.5,2618.329345703125,369782,0.0,0.0
2025-07-22,2626.0,2630.0,2581.60009765625,2587.800048828125,2586.6435546875,387055,0.0,0.0
2025-07-23,2600.699951171875,2625.89990234375,2593.5,2614.5,2613.33154296875,316424,0.0,0.0
2025-07-24,2615.39990234375,2624.199951171875,2595.0,2608.39990234375,2607.234130859375,253782,0.0,0.0
2025-07-25,2605.0,2617.0,2544.10009765625,2550.10009765625,2548.96044921875,424612,0.0,0.0
2025-07-28,2549.0,2585.0,2512.60009765625,2522.300048828125,2521.1728515625,428409,0.0,0.0
2025-07-29,2529.0,2557.39990234375,2507.5,2547.89990234375,2546.76123046875,424781,0.0,0.0
2025-07-30,2547.89990234375,2552.60009765625,2525.0,2532.89990234375,2531.767822265625,262063,0.0,0.0
2025-07-31,2509.89990234375,2520.0,2422.60009765625,2430.699951171875,2429.613525390625,1457616,0.0,0.0
2025-08-01,2425.0,2444.89990234375,2333.0,2350.89990234375,2349.849365234375,976341,0.0,0.0
2025-08-04,2360.0,2374.699951171875,2338.199951171875,2363.60009765625,2362.543701171875,576426,0.0,0.0
2025-08-05,2370.0,2370.0,2316.0,2328.199951171875,2327.159423828125,576742,0.0,0.0
2025-08-06,2333.89990234375,2347.89990234375,2296.0,2300.300048828125,2299.27197265625,631582,0.0,0.0
2025-08-07,2290.0,2295.0,2202.800048828125,2249.800048828125,2248.794677734375,1529410,0.0,0.0
2025-08-08,2247.0,2260.89990234375,2164.800048828125,2178.10009765625,2177.126708984375,2552736,0.0,0.0
2025-08-11,2196.0,2302.0,2183.0,2283.39990234375,2282.37939453125,2376286,0.0,0.0
2025-08-12,2280.10009765625,2314.699951171875,2267.0,2288.199951171875,2287.17724609375,1075526,0.0,0.0
2025-08-13,2299.0,2314.89990234375,2245.39990234375,2280.10009765625,2279.0810546875,833679,0.0,0.0
2025-08-14,2288.0,2304.0,2267.699951171875,2281.60009765625,2280.580322265625,998109,0.0,0.0
2025-08-18,2309.60009765625,2360.0,2300.0,2333.60009765625,2332.55712890625,988629,0.0,0.0
2025-08-19,2339.89990234375,2395.60009765625,2314.10009765625,2388.39990234375,2387.33251953125,1069432,0.0,0.0
2025-08-20,2380.0,2406.0,2372.10009765625,2387.10009765625,2386.033203125,780025,0.0,0.0
2025-08-21,2387.10009765625,2397.0,2371.39990234375,2377.199951171875,2376.137451171875,441867,0.0,0.0
2025-08-22,2369.89990234375,2376.300048828125,2321.0,2324.89990234375,2323.86083984375,584211,0.0,0.0
2025-08-25,2335.699951171875,2348.39990234375,2300.0,2302.89990234375,2301.87060546875,542455,0.0,0.0
2025-08-26,2304.0,2309.300048828125,2249.39990234375,2272.0,2270.984619140625,1071550,0.0,0.0
2025-08-28,2271.89990234375,2327.89990234375,2255.0,2275.199951171875,2274.18310546875,907868,0.0,0.0
2025-08-29,2283.0,2289.699951171875,2240.0,2244.699951171875,2243.69677734375,795699,0.0,0.0
2025-09-01,2259.0,2288.0,2252.10009765625,2284.199951171875,2283.17919921875,425639,0.0,0.0
2025-09-02,2291.0,2302.0,2264.0,2274.199951171875,2273.18359375,481894,0.0,0.0
2025-09-03,2285.0,2293.0,2263.10009765625,2288.699951171875,2287.677001953125,443629,0.0,0.0
2025-09-04,2309.89990234375,2317.300048828125,2275.0,2278.800048828125,2277.78173828125,392697,0.0,0.0
2025-09-05,2275.0,2293.5,2248.0,2281.39990234375,2280.38037109375,443010,0.0,0.0
2025-09-08,2290.0,2333.89990234375,2286.0,2310.89990234375,2309.8671875,542811,0.0,0.0
2025-09-09,2320.0,2325.0,2297.0,2311.60009765625,2310.56689453125,369431,0.0,0.0
2025-09-10,2330.0,2345.89990234375,2325.10009765625,2340.199951171875,2339.154052734375,390490,0.0,0.0
2025-09-11,2348.0,2418.699951171875,2340.199951171875,2398.800048828125,2397.72802734375,2111888,0.0,0.0
2025-09-12,2416.89990234375,2421.60009765625,2387.10009765625,2392.0,2390.930908203125,533971,0.0,0.0
2025-09-15,2392.0,2402.800048828125,2378.10009765625,2383.39990234375,2382.334716796875,298129,0.0,0.0
2025-09-16,2410.0,2415.800048828125,2388.0,2399.39990234375,2398.32763671875,752979,0.0,0.0
2025-09-17,2417.0,2417.0,2391.0,2402.0,2400.926513671875,514354,0.0,0.0
2025-09-18,2414.5,2438.0,2388.39990234375,2402.0,2400.926513671875,703730,0.0,0.0
2025-09-19,2495.0,2579.0,2466.10009765625,2524.0,2522.8720703125,7965135,0.0,0.0
2025-09-22,2535.0,2659.0,2522.10009765625,2629.5,2628.324951171875,7022985,0.0,0.0
2025-09-23,2642.60009765625,2695.0,2593.0,2676.39990234375,2675.203857421875,5610022,0.0,0.0
2025-09-24,2655.0,2676.0,2614.39990234375,2619.800048828125,2618.629150390625,1720785,0.0,0.0
2025-09-25,2625.0,2647.89990234375,2567.0,2576.39990234375,2575.24853515625,1489682,0.0,0.0
2025-09-26,2572.800048828125,2605.0,2535.0,2543.699951171875,2542.563232421875,1037808,0.0,0.0
2025-09-29,2543.699951171875,2555.0,2505.0,2509.5,2508.37841796875,1012402,0.0,0.0
2025-09-30,2522.0,2535.0,2490.60009765625,2505.89990234375,2504.780029296875,712592,0.0,0.0
2025-10-01,2518.39990234375,2603.39990234375,2472.10009765625,2592.699951171875,2591.541259765625,1573485,0.0,0.0
2025-10-03,2595.0,2612.89990234375,2564.39990234375,2589.89990234375,2588.742431640625,917651,0.0,0.0
2025-10-06,2589.10009765625,2599.800048828125,2562.60009765625,2573.5,2572.349853515625,654955,0.0,0.0
2025-10-07,2580.699951171875,2617.300048828125,2533.10009765625,2542.199951171875,2541.063720703125,1120230,0.0,0.0
2025-10-08,2562.0,2565.0,2500.0,2524.10009765625,2522.971923828125,1063357,0.0,0.0
2025-10-09,2535.0,2559.0,2522.199951171875,2542.39990234375,2541.263671875,651703,0.0,0.0
2025-10-10,2552.0,2565.0,2538.800048828125,2550.89990234375,2549.759765625,690142,0.0,0.0
2025-10-13,2529.10009765625,2542.10009765625,2504.0,2527.39990234375,2526.270263671875,645483,0.0,0.0
2025-10-14,2538.89990234375,2538.89990234375,2485.199951171875,2517.0,2515.875,673048,0.0,0.0
2025-10-15,2535.0,2561.39990234375,2527.300048828125,2532.800048828125,2531.668212890625,759772,0.0,0.0
2025-10-16,2544.800048828125,2579.699951171875,2540.89990234375,2557.60009765625,2556.45703125,1020102,0.0,0.0
2025-10-17,2560.0,2577.199951171875,2543.10009765625,2549.39990234375,2548.260498046875,682968,0.0,0.0
2025-10-20,2561.300048828125,2579.0,2537.10009765625,2548.10009765625,2546.96142578125,747349,0.0,0.0
2025-10-21,2554.89990234375,2562.0,2542.300048828125,2549.89990234375,2548.76025390625,101019,0.0,0.0
2025-10-23,2559.89990234375,2577.800048828125,2540.89990234375,2545.800048828125,2544.662353515625,852445,0.0,0.0
2025-10-24,2554.800048828125,2554.800048828125,2497.699951171875,2504.199951171875,2503.080810546875,473765,0.0,0.0
2025-10-27,2504.199951171875,2514.60009765625,2487.10009765625,2492.800048828125,2491.68603515625,478055,0.0,0.0
2025-10-28,2495.0,2516.0,2479.10009765625,2494.39990234375,2493.28515625,626988,0.0,0.0
2025-10-29,2500.0,2600.0,2495.5,2537.39990234375,2536.265869140625,1526734,0.0,0.0
2025-10-30,2550.0,2559.39990234375,2511.800048828125,2526.89990234375,2525.7705078125,783328,0.0,0.0
2025-10-31,2535.0,2543.5,2464.89990234375,2481.0,2479.89111328125,848642,0.0,0.0
2025-11-03,2484.0,2501.89990234375,2457.5,2467.0,2465.8974609375,731108,0.0,0.0
2025-11-04,2479.800048828125,2488.89990234375,2390.60009765625,2419.800048828125,2418.718505859375,2072668,0.0,0.0
2025-11-06,2425.10009765625,2427.10009765625,2307.60009765625,2314.300048828125,2313.265869140625,1978147,0.0,0.0
2025-11-07,2315.0,2402.5,2291.39990234375,2369.39990234375,2368.341064453125,2232889,0.0,0.0
2025-11-10,2308.2470703125,2315.13037109375,2291.86279296875,2298.358154296875,2297.3310546875,577428,0.0,0.0
2025-11-11,2295.74072265625,2306.30810546875,2267.140869140625,2294.5771484375,2293.5517578125,654132,0.0,0.0
2025-11-12,2311.25244140625,2440.6787109375,2288.954345703125,2408.685546875,2407.609130859375,6895852,0.0,0.0
2025-11-13,2425.651611328125,2447.94970703125,2392.7861328125,2412.272705078125,2411.194580078125,2791508,0.0,0.0
2025-11-14,2423.712646484375,2475.77392578125,2405.29248046875,2440.0,2438.909423828125,4637753,0.0,0.0
2025-11-17,2460.0,2474.89990234375,2421.0,2462.0,2460.899658203125,2672697,0.0,0.0
2025-11-18,2462.0,2478.60009765625,2434.300048828125,2436.800048828125,2435.7109375,1245215,0.0,0.0
2025-11-19,2446.5,2449.89990234375,2413.89990234375,2433.10009765625,2432.0126953125,774785,0.0,0.0
2025-11-20,2450.10009765625,2478.89990234375,2440.39990234375,2446.10009765625,2445.0068359375,1526556,0.0,0.0
2025-11-21,2450.0,2456.199951171875,2418.0,2422.300048828125,2421.217529296875,547541,0.0,0.0
2025-11-24,2426.199951171875,2432.300048828125,2393.10009765625,2399.199951171875,2398.127685546875,691419,0.0,0.0
2025-11-25,2400.89990234375,2407.699951171875,2325.300048828125,2332.89990234375,2331.857177734375,2223715,0.0,0.0
2025-11-26,2321.199951171875,2357.0,2310.0,2315.0,2313.96533203125,1026965,0.0,0.0
2025-11-27,2310.0,2320.5,2243.0,2255.0,2253.9921875,1474038,0.0,0.0
2025-11-28,2267.10009765625,2331.0,2247.800048828125,2280.199951171875,2279.180908203125,3037620,0.0,0.0
2025-12-01,2300.0,2304.0,2257.0,2262.0,2260.989013671875,1313265,0.0,0.0
2025-12-02,2255.0,2267.199951171875,2232.199951171875,2239.60009765625,2238.59912109375,1035354,0.0,0.0
2025-12-03,2240.0,2245.0,2172.199951171875,2189.800048828125,2188.8212890625,1643852,0.0,0.0
2025-12-04,2188.0,2231.699951171875,2183.39990234375,2217.89990234375,2216.90869140625,2522821,0.0,0.0
2025-12-05,2217.89990234375,2268.60009765625,2202.89990234375,2265.39990234375,2264.387451171875,2400781,0.0,0.0
2025-12-08,2265.39990234375,2270.39990234375,2205.0,2216.199951171875,2215.20947265625,939764,0.0,0.0
2025-12-09,2216.199951171875,2257.0,2178.39990234375,2245.199951171875,2244.196533203125,1227728,0.0,0.0
2025-12-10,2255.800048828125,2267.5,2204.10009765625,2211.60009765625,2210.61181640625,935149,0.0,0.0
2025-12-11,2225.0,2293.89990234375,2192.39990234375,2277.699951171875,2276.68212890625,1519832,0.0,0.0
2025-12-12,2277.699951171875,2296.800048828125,2270.199951171875,2282.39990234375,2281.3798828125,929199,0.0,0.0
2025-12-15,2282.39990234375,2300.0,2273.0,2278.89990234375,2277.88134765625,573027,0.0,0.0
2025-12-16,2270.0,2276.800048828125,2232.10009765625,2247.89990234375,2246.895263671875,654714,0.0,0.0
2025-12-17,2247.60009765625,2255.0,2221.0,2232.5,2231.502197265625,651509,0.0,0.0
2025-12-18,2236.39990234375,2245.0,2211.10009765625,2229.300048828125,2228.3037109375,508238,0.0,0.0
2025-12-19,2249.0,2250.0,2210.0,2239.0,2237.999267578125,880005,0.0,0.0
2025-12-22,2260.0,2274.0,2245.89990234375,2263.5,2262.488525390625,599195,0.0,0.0
2025-12-23,2272.5,2273.60009765625,2245.0,2248.800048828125,2247.794921875,450112,0.0,0.0
2025-12-24,2250.0,2258.800048828125,2217.39990234375,2222.699951171875,2221.70654296875,825693,0.0,0.0
2025-12-26,2229.300048828125,2250.89990234375,2218.0,2229.89990234375,2228.9033203125,566237,0.0,0.0
2025-12-29,2232.0,2238.199951171875,2196.0,2203.199951171875,2202.21533203125,690691,0.0,0.0
2025-12-30,2204.800048828125,2219.0,2195.0,2214.699951171875,2213.710205078125,935026,0.0,0.0
2025-12-31,2216.300048828125,2246.39990234375,2216.300048828125,2239.699951171875,2238.698974609375,779141,0.0,0.0
2026-01-01,2249.0,2287.39990234375,2241.0,2260.0,2258.989990234375,1046220,0.0,0.0
2026-01-02,2260.0,2283.699951171875,2259.0,2279.800048828125,2278.78125,715242,0.0,0.0
2026-01-05,2287.0,2303.89990234375,2274.300048828125,2279.5,2278.481201171875,696380,0.0,0.0
2026-01-06,2288.89990234375,2290.39990234375,2248.10009765625,2259.10009765625,2258.090576171875,698294,0.0,0.0
2026-01-07,2265.0,2284.0,2243.0,2274.10009765625,2273.083740234375,529451,0.0,0.0
2026-01-08,2275.0,2275.89990234375,2205.0,2214.0,2213.010498046875,792800,0.0,0.0
2026-01-09,2214.10009765625,2216.0,2145.0,2153.699951171875,2152.737548828125,1570376,0.0,0.0
2026-01-12,2156.60009765625,2180.0,2119.0,2171.60009765625,2170.629638671875,1257197,0.0,0.0
2026-01-13,2187.800048828125,2187.800048828125,2141.10009765625,2158.5,2157.535400390625,791556,0.0,0.0
2026-01-14,2156.0,2169.0,2142.0,2153.300048828125,2152.337646484375,618139,0.0,0.0
2026-01-15,2153.300048828125,2153.300048828125,2153.300048828125,2153.300048828125,2152.337646484375,0,0.0,0.0
2026-01-16,2162.800048828125,2193.89990234375,2152.10009765625,2157.300048828125,2156.3359375,758469,0.0,0.0
2026-01-19,2155.0,2156.800048828125,2123.0,2134.60009765625,2133.64599609375,749495,0.0,0.0
2026-01-20,2134.0,2139.89990234375,2040.0,2055.10009765625,2054.181640625,1160975,0.0,0.0
2026-01-21,2056.5,2068.199951171875,2004.0999755859375,2032.199951171875,2031.291748046875,1354644,0.0,0.0
2026-01-22,2055.89990234375,2102.89990234375,2051.0,2086.39990234375,2085.467529296875,942721,0.0,0.0
2026-01-23,2080.5,2082.5,1848.0,1864.199951171875,1863.3668212890625,7492631,0.0,0.0
2026-01-27,1909.0,1973.9000244140625,1893.0,1959.5,1958.624267578125,5449633,0.0,0.0
2026-01-28,1985.0,2004.0,1952.0,1994.699951171875,1993.8084716796875,2073198,0.0,0.0
2026-01-29,1999.800048828125,2029.0999755859375,1972.0,2019.199951171875,2018.2974853515625,1391239,0.0,0.0
2026-01-30,2005.0,2038.800048828125,1992.199951171875,2020.4000244140625,2019.4970703125,1230915,0.0,0.0
2026-02-02,1956.5999755859375,2002.199951171875,1934.0,1995.4000244140625,1994.50830078125,1229270,0.0,0.0
2026-02-03,2150.0,2233.39990234375,2131.10009765625,2202.60009765625,2201.61572265625,6918581,0.0,0.0
2026-02-04,2220.0,2246.0,2189.199951171875,2228.199951171875,2227.2041015625,2051918,0.0,0.0
2026-02-05,2232.0,2243.699951171875,2210.0,2236.60009765625,2235.6005859375,992382,0.0,0.0
2026-02-06,2226.10009765625,2238.0,2200.39990234375,2226.39990234375,2225.40478515625,933650,0.0,0.0
2026-02-09,2250.0,2288.0,2240.0,2250.10009765625,2249.094482421875,1650899,0.0,0.0
2026-02-10,2259.0,2268.300048828125,2171.0,2228.39990234375,2227.404052734375,1670672,0.0,0.0
2026-02-11,2232.89990234375,2237.699951171875,2215.10009765625,2234.39990234375,2233.4013671875,682320,0.0,0.0
2026-02-12,2229.0,2229.5,2201.0,2211.800048828125,2210.8115234375,649585,0.0,0.0
2026-02-13,2210.0,2210.0,2124.199951171875,2136.60009765625,2135.645263671875,1489548,0.0,0.0
2026-02-16,2124.199951171875,2190.89990234375,2103.199951171875,2184.60009765625,2183.623779296875,1824808,0.0,0.0
2026-02-17,2170.0,2252.0,2170.0,2242.89990234375,2241.8974609375,1931699,0.0,0.0
2026-02-18,2254.0,2254.0,2188.10009765625,2211.199951171875,2210.211669921875,1149398,0.0,0.0
2026-02-19,2218.89990234375,2218.89990234375,2151.0,2156.699951171875,2155.736083984375,1101633,0.0,0.0
2026-02-20,2160.0,2174.39990234375,2152.10009765625,2160.800048828125,2159.83447265625,738454,0.0,0.0
2026-02-23,2180.0,2203.0,2155.300048828125,2191.0,2190.020751953125,1103960,0.0,0.0
2026-02-24,2168.60009765625,2204.699951171875,2162.199951171875,2183.0,2182.0244140625,1152423,0.0,0.0
2026-02-25,2193.199951171875,2237.300048828125,2180.10009765625,2231.699951171875,2230.70263671875,1474187,0.0,0.0
2026-02-26,2230.0,2232.39990234375,2200.10009765625,2216.39990234375,2215.409423828125,915342,0.0,0.0
2026-02-27,2210.0,2216.39990234375,2153.0,2161.800048828125,2160.833984375,1433096,0.0,0.0
2026-03-02,2093.0,2147.89990234375,2073.699951171875,2124.60009765625,2123.650634765625,2134522,0.0,0.0
2026-03-04,2104.60009765625,2104.60009765625,2037.5,2076.5,2075.572021484375,1585848,0.0,0.0
2026-03-05,2094.0,2100.0,2040.0,2089.199951171875,2088.266357421875,1231524,0.0,0.0
2026-03-06,2079.10009765625,2090.0,2030.199951171875,2039.9000244140625,2038.9884033203125,1696027,0.0,0.0
2026-03-09,1985.0,2006.0,1940.4000244140625,1999.199951171875,1998.3065185546875,1305447,0.0,0.0
2026-03-10,2030.0,2030.0,1982.199951171875,1996.5,1995.6077880859375,1680405,0.0,0.0
2026-03-11,2006.5999755859375,2027.4000244140625,1970.0,1974.699951171875,1973.8173828125,1088294,0.0,0.0
2026-03-12,1960.0,2026.0,1947.0999755859375,2002.0,2001.105224609375,1473773,0.0,0.0
2026-03-13,1999.9000244140625,2008.5999755859375,1945.0,1961.0999755859375,1960.2235107421875,1195448,0.0,0.0
2026-03-16,1961.0,1994.800048828125,1946.5999755859375,1978.0,1977.115966796875,1465828,0.0,0.0
2026-03-17,1989.9000244140625,1990.0,1945.0,1975.4000244140625,1974.5172119140625,1268988,0.0,0.0
2026-03-18,1988.9000244140625,2027.0,1982.199951171875,2007.199951171875,2006.3028564453125,1041095,0.0,0.0
2026-03-19,1984.0,1988.5999755859375,1930.0,1936.800048828125,1935.9344482421875,1510588,0.0,0.0
2026-03-20,1951.0,1974.4000244140625,1919.9000244140625,1927.0999755859375,1926.23876953125,1175662,0.0,0.0
2026-03-23,1910.0,1910.0999755859375,1820.5,1833.0,1832.1807861328125,2370668,0.0,0.0
2026-03-24,1892.699951171875,1893.0,1813.699951171875,1817.9000244140625,1817.0875244140625,11211381,0.0,0.0
2026-03-25,1847.9000244140625,1911.0,1839.199951171875,1886.5999755859375,1885.7568359375,2537690,0.0,0.0
2026-03-27,1880.0,1883.199951171875,1816.5,1823.0,1822.185302734375,2585257,0.0,0.0
2026-03-30,1810.0,1837.800048828125,1753.0,1758.800048828125,1758.0140380859375,2825299,0.0,0.0
2026-04-01,1825.0,1870.0,1803.800048828125,1842.5,1841.676513671875,2328166,0.0,0.0
2026-04-02,1805.0,1842.9000244140625,1770.0999755859375,1834.199951171875,1833.3802490234375,1830598,0.0,0.0
2026-04-06,1836.9000244140625,1909.0,1802.0999755859375,1902.199951171875,1901.349853515625,3153437,0.0,0.0
2026-04-07,1890.0,1904.5999755859375,1865.0,1882.0999755859375,1881.2587890625,1566909,0.0,0.0
2026-04-08,2000.0,2099.0,1975.0999755859375,2043.800048828125,2042.8865966796875,4197831,0.0,0.0
2026-04-09,2039.800048828125,2065.0,2010.300048828125,2040.5,2039.5880126953125,2481188,0.0,0.0
2026-04-10,2043.0999755859375,2094.60009765625,2041.699951171875,2086.800048828125,2085.867431640625,1700162,0.0,0.0
2026-04-13,2010.199951171875,2159.0,2000.199951171875,2129.0,2128.048583984375,3729773,0.0,0.0
2026-04-15,2187.0,2200.0,2136.0,2144.39990234375,2143.441650390625,1779015,0.0,0.0
2026-04-16,2170.0,2210.39990234375,2161.10009765625,2203.699951171875,2202.715087890625,2188912,0.0,0.0
2026-04-17,2240.0,2240.0,2186.10009765625,2218.300048828125,2217.30859375,2408901,0.0,0.0
2026-04-20,2218.300048828125,2280.10009765625,2202.199951171875,2229.60009765625,2228.603759765625,1795338,0.0,0.0
2026-04-21,2229.699951171875,2255.0,2220.0,2226.0,2225.005126953125,1818221,0.0,0.0
2026-04-22,2229.0,2278.60009765625,2224.10009765625,2260.800048828125,2259.78955078125,3517237,0.0,0.0
2026-04-23,2243.5,2333.89990234375,2221.800048828125,2300.0,2298.97216796875,2948009,0.0,0.0
2026-04-24,2310.199951171875,2321.39990234375,2227.0,2287.60009765625,2286.57763671875,2271317,0.0,0.0
2026-04-27,2300.199951171875,2337.0,2286.0,2321.800048828125,2320.762451171875,1500864,0.0,0.0
2026-04-28,2321.800048828125,2420.0,2320.89990234375,2412.39990234375,2411.32177734375,4375556,0.0,0.0
2026-04-29,2427.60009765625,2443.800048828125,2388.0,2425.89990234375,2424.815673828125,4656967,0.0,0.0
2026-04-30,2394.89990234375,2420.0,2328.800048828125,2408.39990234375,2407.323486328125,3538354,0.0,0.0
2026-05-01,2408.39990234375,2408.39990234375,2408.39990234375,2408.39990234375,2407.323486328125,0,0.0,0.0
2026-05-04,2390.39990234375,2515.0,2375.0,2485.699951171875,2484.589111328125,6039537,0.0,0.0
2026-05-05,2470.0,2511.89990234375,2450.0,2462.0,2460.899658203125,1622580,0.0,0.0
2026-05-06,2475.5,2546.5,2472.199951171875,2540.300048828125,2539.164794921875,3169133,0.0,0.0
2026-05-07,2540.300048828125,2549.89990234375,2506.199951171875,2513.699951171875,2512.57666015625,1098088,0.0,0.0
2026-05-08,2519.0,2546.10009765625,2500.0,2505.89990234375,2504.780029296875,1499613,0.0,0.0
2026-05-11,2495.0,2514.0,2460.0,2500.199951171875,2499.08251953125,1279432,0.0,0.0
2026-05-12,2487.699951171875,2511.699951171875,2400.10009765625,2405.199951171875,2404.125,1459022,0.0,0.0
2026-05-13,2401.10009765625,2530.0,2401.10009765625,2498.0,2496.883544921875,2036291,0.0,0.0
2026-05-14,2530.10009765625,2720.0,2530.0,2712.89990234375,2711.6875,9539233,0.0,0.0
2026-05-15,2781.10009765625,2803.10009765625,2661.0,2716.0,2714.7861328125,6742083,0.0,0.0
2026-05-18,2700.0,2710.0,2647.5,2689.800048828125,2688.597900390625,2033884,0.0,0.0
2026-05-19,2734.699951171875,2774.5,2697.0,2725.0,2723.7822265625,4204144,0.0,0.0
2026-05-20,2715.0,2720.0,2685.10009765625,2704.800048828125,2703.59130859375,1187449,0.0,0.0
2026-05-21,2727.89990234375,2770.0,2684.0,2697.60009765625,2696.39453125,1606690,0.0,0.0
2026-05-22,2710.199951171875,2745.0,2706.10009765625,2717.300048828125,2716.085693359375,1094843,0.0,0.0
2026-05-25,2739.800048828125,2858.800048828125,2739.300048828125,2849.699951171875,2848.42626953125,3277924,0.0,0.0
2026-05-26,2846.0,2979.39990234375,2825.0,2969.300048828125,2967.972900390625,4899494,0.0,0.0
2026-05-27,2982.0,3027.5,2944.0,2973.10009765625,2971.771484375,3826916,0.0,0.0
2026-05-28,2973.10009765625,2973.10009765625,2973.10009765625,2973.10009765625,2971.771484375,0,0.0,0.0
2026-05-29,2987.800048828125,2995.0,2926.800048828125,2937.39990234375,2936.087158203125,4040865,0.0,0.0
2026-06-01,2949.89990234375,2955.699951171875,2891.10009765625,2909.39990234375,2908.099609375,1629342,0.0,0.0
2026-06-02,2885.0,2975.0,2865.199951171875,2968.10009765625,2966.773681640625,2066890,0.0,0.0
2026-06-03,2960.0,2965.0,2888.10009765625,2925.60009765625,2924.29248046875,1346112,0.0,0.0
2026-06-04,2920.0,2983.0,2918.10009765625,2972.800048828125,2971.471435546875,1722991,0.0,0.0
2026-06-05,2992.0,3059.800048828125,2921.800048828125,3048.199951171875,3046.837646484375,5617327,0.0,0.0
2026-06-08,3017.699951171875,3039.800048828125,2955.10009765625,2970.0,2968.672607421875,1653499,0.0,0.0
2026-06-09,2985.89990234375,2998.699951171875,2935.89990234375,2979.89990234375,2978.568115234375,1841620,0.0,0.0
2026-06-10,2977.0,2994.89990234375,2918.0,2931.10009765625,2929.7900390625,1475029,0.0,0.0
2026-06-11,2895.10009765625,2966.800048828125,2895.10009765625,2908.800048828125,2907.5,1204115,0.0,0.0
2026-06-12,2958.800048828125,2971.89990234375,2886.199951171875,2921.60009765625,2921.60009765625,2321009,1.3,0.0
2026-06-15,2960.0,2983.0,2935.0,2942.5,2942.5,1174229,0.0,0.0
2026-06-16,2971.39990234375,2997.699951171875,2928.300048828125,2943.60009765625,2943.60009765625,1851843,0.0,0.0
2026-06-17,2958.0,2974.5,2934.60009765625,2951.89990234375,2951.89990234375,1244567,0.0,0.0
2026-06-18,2952.0,3041.0,2938.0,3013.39990234375,3013.39990234375,1774394,0.0,0.0
2026-06-19,3017.0,3051.89990234375,3009.10009765625,3038.39990234375,3038.39990234375,3620222,0.0,0.0
2026-06-22,3040.0,3065.0,3001.0,3059.60009765625,3059.60009765625,1726452,0.0,0.0
2026-06-23,3072.0,3091.699951171875,2943.5,2962.89990234375,2962.89990234375,1620658,0.0,0.0
2026-06-24,2988.300048828125,3077.800048828125,2971.0,3069.699951171875,3069.699951171875,2527812,0.0,0.0
2026-06-25,3086.0,3105.0,3027.699951171875,3038.0,3038.0,1719600,0.0,0.0
2026-06-26,3038.0,3038.0,3038.0,3038.0,3038.0,0,0.0,0.0
2026-06-29,3020.0,3020.0,2955.0,2962.5,2962.5,1693354,0.0,0.0
2026-06-30,2980.0,3054.60009765625,2969.0,3036.0,3036.0,2099291,0.0,0.0
2026-07-01,3041.0,3149.800048828125,3012.800048828125,3143.60009765625,3143.60009765625,3415655,0.0,0.0
2026-07-02,3155.89990234375,3229.60009765625,3147.0,3177.5,3177.5,3400034,0.0,0.0
2026-07-03,3192.0,3224.0,3105.5,3212.10009765625,3212.10009765625,2848623,0.0,0.0
2026-07-06,3230.0,3245.0,3187.699951171875,3206.60009765625,3206.60009765625,1978869,0.0,0.0
2026-07-07,3209.89990234375,3215.199951171875,3096.5,3107.199951171875,3107.199951171875,2093552,0.0,0.0
2026-07-08,3105.0,3146.89990234375,3028.0,3046.89990234375,3046.89990234375,2321035,0.0,0.0
2026-07-09,3060.0,3105.0,3026.800048828125,3083.60009765625,3083.60009765625,2609306,0.0,0.0
2026-07-10,3105.0,3183.0,3100.0,3157.300048828125,3157.300048828125,2145335,0.0,0.0
2026-07-13,3127.300048828125,3195.0,3115.199951171875,3177.5,3177.5,1599810,0.0,0.0
2026-07-14,3169.89990234375,3219.699951171875,3145.0,3188.89990234375,3188.89990234375,1932879,0.0,0.0
2026-07-15,3195.0,3199.89990234375,3142.300048828125,3150.60009765625,3150.60009765625,1035101,0.0,0.0
2026-07-16,3167.60009765625,3190.0,3140.10009765625,3151.39990234375,3151.39990234375,1151243,0.0,0.0
2026-07-17,3156.10009765625,3184.800048828125,3140.0,3160.699951171875,3160.699951171875,1021302,0.0,0.0
2026-07-20,3162.699951171875,3189.0,3133.0,3183.300048828125,3183.300048828125,994778,0.0,0.0
2026-07-21,3175.199951171875,3213.5,3170.0,3182.699951171875,3182.699951171875,951463,0.0,0.0
2026-07-22,3182.0,3201.89990234375,3139.0,3147.699951171875,3147.699951171875,977224,0.0,0.0
2026-07-23,3147.10009765625,3147.10009765625,3001.300048828125,3010.0,3010.0,1580313,0.0,0.0
2026-07-24,3010.0,3041.89990234375,2992.5,3026.39990234375,3026.39990234375,1280635,0.0,0.0
2026-07-27,3045.10009765625,3057.39990234375,3008.10009765625,3036.60009765625,3036.60009765625,636870,0.0,0.0
2026-07-28,3038.0,3038.0,2996.199951171875,3002.300048828125,3002.300048828125,1096125,0.0,0.0
2026-07-29,3017.800048828125,3048.300048828125,2972.699951171875,3024.5,3024.5,1547208,0.0,0.0
2026-07-30,3024.5,3060.89990234375,2994.60009765625,3049.10009765625,3049.10009765625,1278332,0.0,0.0
2026-07-31,3051.0,3067.5,3002.39990234375,3009.5,3009.5,866401,0.0,0.0
2026-08-03,3025.0,3077.0,3024.5,3068.0,3068.0,891429,0.0,0.0
2026-08-04,3063.10009765625,3091.5,3020.89990234375,3050.0,3050.0,854172,0.0,0.0
2026-08-05,3055.0,3085.89990234375,3037.300048828125,3050.0,3050.0,870914,0.0,0.0
2026-08-06,3050.0,3072.39990234375,3025.699951171875,3026.0,3026.0,843121,0.0,0.0
2026-08-07,3025.89990234375,3039.5,3004.5,3020.0,3020.0,788881,0.0,0.0
2026-08-10,3020.0,3021.800048828125,2969.89990234375,3010.0,3010.0,811593,0.0,0.0
2026-08-11,3062.0,3062.0,2980.0,2995.5,2995.5,1422452,0.0,0.0
2026-08-12,3020.0,3020.0,2943.0,2985.699951171875,2985.699951171875,1160458,0.0,0.0
2026-08-13,2986.199951171875,3019.5,2932.800048828125,2964.89990234375,2964.89990234375,1302957,0.0,0.0
2026-08-14,2965.0,3048.0,2950.0,3035.10009765625,3035.10009765625,1666749,0.0,0.0
2026-08-17,3049.0,3058.60009765625,3005.5,3007.300048828125,3007.300048828125,941404,0.0,0.0
2026-08-18,3014.0,3036.0,3002.5,3002.5,3002.5,721988,0.0,0.0
2026-08-19,3012.699951171875,3019.0,2967.300048828125,2990.300048828125,2990.300048828125,938700,0.0,0.0
2026-08-20,3000.0,3011.0,2990.0,2994.89990234375,2994.89990234375,713687,0.0,0.0
2026-08-21,2995.0,3007.5,2981.0,2997.0,2997.0,803177,0.0,0.0
2026-08-24,3010.0,3019.800048828125,2971.5,2998.60009765625,2998.60009765625,832518,0.0,0.0
2026-08-25,2998.0,3110.0,2962.5,3110.0,3110.0,2025912,0.0,0.0
2026-08-26,3122.800048828125,3165.0,3092.800048828125,3112.0,3112.0,2044729,0.0,0.0
2026-08-27,3125.0,3169.0,3125.0,3169.0,3169.0,1793570,0.0,0.0
2026-08-28,3170.0,3173.699951171875,3133.300048828125,3168.5,3168.5,530795,0.0,0.0
2026-08-31,3165.0,3165.0,2859.10009765625,2859.10009765625,2859.10009765625,12872435,0.0,0.0
2026-09-01,2910.0,2942.5,2846.0,2863.89990234375,2863.89990234375,3862408,0.0,0.0
2026-09-02,2859.800048828125,2905.0,2830.5,2891.800048828125,2891.800048828125,1642492,0.0,0.0
2026-09-03,2905.0,2920.5,2885.199951171875,2901.0,2901.0,816124,0.0,0.0
2026-09-04,2900.0,2965.0,2882.800048828125,2938.0,2938.0,1060844,0.0,0.0
2026-09-07,2940.0,2964.39990234375,2918.5,2950.0,2950.0,981218,0.0,0.0
2026-09-08,2933.0,2968.800048828125,2918.0,2953.10009765625,2953.10009765625,971374,0.0,0.0
2026-09-09,2959.89990234375,3142.0,2935.199951171875,3104.699951171875,3104.699951171875,5320594,0.0,0.0
2026-09-10,3114.5,3114.5,3041.10009765625,3077.199951171875,3077.199951171875,1716315,0.0,0.0
