date,open,high,low,close,adj_close,volume,dividends,stock_splits
2021-01-29,567.8388061523438,567.8388061523438,540.4530029296875,543.397705078125,524.4942016601562,25521965,0.0,0.0
2021-02-01,548.6981811523438,570.3909301757812,539.0787963867188,568.4768676757812,548.7009887695312,14212955,0.0,0.0
2021-02-02,574.120849609375,594.4884643554688,568.5750122070312,588.3045654296875,567.8389282226562,21711996,0.0,0.0
2021-02-03,598.1693725585938,611.0279541015625,588.4027099609375,597.6295166015625,576.8394775390625,30641248,0.0,0.0
2021-02-04,603.5679931640625,611.5187377929688,584.6727905273438,589.5315551757812,569.0232543945312,51976676,0.0,0.0
2021-02-05,592.6725463867188,594.73388671875,565.6303100585938,570.3909301757812,550.5484008789062,35465208,0.0,0.0
2021-02-08,578.1453247070312,592.5253295898438,573.924560546875,586.2923583984375,565.896728515625,21646080,0.0,0.0
2021-02-09,587.8628540039062,596.5498046875,584.0347290039062,587.9119262695312,567.4598999023438,20927436,0.0,0.0
2021-02-10,593.8013916015625,596.5498046875,569.5565795898438,579.3231811523438,559.169921875,31642664,0.0,0.0
2021-02-11,581.0900268554688,592.4271850585938,578.1453247070312,587.07763671875,566.6546020507812,19253595,0.0,0.0
2021-02-12,586.8322143554688,586.8322143554688,573.826416015625,575.4459838867188,555.4276123046875,15905053,0.0,0.0
2021-02-15,581.1881713867188,591.8873291015625,579.1268920898438,582.7587280273438,562.4859008789062,17972742,0.0,0.0
2021-02-16,584.0347290039062,590.5131225585938,582.0715942382812,583.0040893554688,562.7228393554688,15064854,0.0,0.0
2021-02-17,585.9487915039062,587.7647094726562,579.1759643554688,582.9059448242188,562.6280517578125,16436661,0.0,0.0
2021-02-18,585.9978637695312,586.9794311523438,574.4153442382812,578.1943969726562,558.0803833007812,22193564,0.0,0.0
2021-02-19,579.1268920898438,585.0162963867188,564.8941040039062,570.6362915039062,550.7852783203125,19465126,0.0,0.0
2021-02-22,571.2743530273438,574.120849609375,557.5323486328125,559.7899169921875,540.316162109375,20227667,0.0,0.0
2021-02-23,564.4033203125,566.366455078125,553.6060180664062,555.1275024414062,535.81591796875,23764401,0.0,0.0
2021-02-24,557.6304931640625,563.5198974609375,554.783935546875,562.39111328125,542.8269653320312,8888950,0.0,0.0
2021-02-25,569.2130126953125,573.67919921875,566.41552734375,568.4768676757812,548.7009887695312,16230241,0.0,0.0
2021-02-26,563.9125366210938,575.1515502929688,541.581787109375,546.0479736328125,527.0523071289062,198547005,0.0,0.0
2021-03-01,547.7166137695312,548.7963256835938,511.39849853515625,522.39208984375,504.2193603515625,55091122,0.0,0.0
2021-03-02,530.5391235351562,533.974609375,519.1038208007812,531.2262573242188,512.7462158203125,30622757,0.0,0.0
2021-03-03,538.6370849609375,540.6002197265625,530.04833984375,536.2322387695312,517.5780639648438,24669015,0.0,0.0
2021-03-04,530.04833984375,535.937744140625,528.085205078125,529.6557006835938,511.230224609375,17678275,0.0,0.0
2021-03-05,525.1405029296875,528.5759887695312,514.73583984375,522.9810180664062,504.7877502441406,16658703,0.0,0.0
2021-03-08,521.2142333984375,525.5822143554688,515.0794067382812,516.0119018554688,498.06109619140625,15293359,0.0,0.0
2021-03-09,520.330810546875,522.19580078125,504.82196044921875,512.1346435546875,494.3186950683594,20181762,0.0,0.0
2021-03-10,510.6132507324219,520.723388671875,506.8341979980469,516.1591186523438,498.20318603515625,19013738,0.0,0.0
2021-03-12,520.7725219726562,522.9319458007812,511.9383544921875,514.5394897460938,496.6399230957031,11624491,0.0,0.0
2021-03-15,518.0731811523438,518.0731811523438,506.8832702636719,513.2144165039062,495.3609313964844,10875944,0.0,0.0
2021-03-16,514.3432006835938,523.9135131835938,514.3432006835938,519.5455322265625,501.4718322753906,13252045,0.0,0.0
2021-03-17,519.0547485351562,521.2142333984375,509.43536376953125,513.2634887695312,495.4082946777344,8482758,0.0,0.0
2021-03-18,520.0853881835938,522.39208984375,505.8526306152344,517.4842529296875,499.4822998046875,12465338,0.0,0.0
2021-03-19,518.2694702148438,524.8950805664062,515.8155517578125,520.1835327148438,502.087646484375,49597558,0.0,0.0
2021-03-22,523.2264404296875,524.158935546875,513.3616333007812,518.2694702148438,500.24017333984375,13581706,0.0,0.0
2021-03-23,519.9381713867188,522.637451171875,512.5272827148438,519.4964599609375,501.4244079589844,15239339,0.0,0.0
2021-03-24,518.2694702148438,523.6190795898438,511.8892822265625,513.9996337890625,496.1188659667969,10801499,0.0,0.0
2021-03-25,513.7542724609375,513.9996337890625,490.3437805175781,498.3926696777344,481.0548095703125,17572322,0.0,0.0
2021-03-26,502.6625061035156,515.2266235351562,501.1901550292969,512.870849609375,495.0293273925781,11148490,0.0,0.0
2021-03-30,518.0731811523438,518.1713256835938,506.73602294921875,511.8892822265625,494.0818786621094,10691124,0.0,0.0
2021-03-31,512.7236328125,516.2081909179688,506.73602294921875,507.7666931152344,490.1027526855469,7712521,0.0,0.0
2021-04-01,510.3678283691406,514.2450561523438,505.0673522949219,511.2021789550781,493.418701171875,7111516,0.0,0.0
2021-04-05,511.2021789550781,519.2510375976562,505.1164245605469,518.514892578125,500.4770202636719,9376649,0.0,0.0
2021-04-06,518.76025390625,527.93798828125,514.883056640625,522.39208984375,504.2193603515625,13115141,0.0,0.0
2021-04-07,527.1036376953125,536.8211669921875,525.3858642578125,531.6188354492188,513.1251831054688,21391503,0.0,0.0
2021-04-08,536.7230224609375,538.4407958984375,530.5391235351562,532.9930419921875,514.4514770507812,11367448,0.0,0.0
2021-04-09,529.5575561523438,539.61865234375,526.6128540039062,535.2015991210938,516.5831909179688,11641539,0.0,0.0
2021-04-12,527.6434936523438,528.9195556640625,508.944580078125,512.82177734375,494.9819641113281,9869735,0.0,0.0
2021-04-13,516.698974609375,530.04833984375,513.4597778320312,526.269287109375,507.9616394042969,6657701,0.0,0.0
2021-04-15,530.04833984375,536.0850219726562,520.47802734375,529.4103393554688,510.9935302734375,9989813,0.0,0.0
2021-04-16,530.097412109375,534.1218872070312,528.085205078125,530.7845458984375,512.31982421875,6273393,0.0,0.0
2021-04-19,522.441162109375,525.1405029296875,513.6070556640625,516.748046875,498.77166748046875,7368743,0.0,0.0
2021-04-20,519.2510375976562,527.1036376953125,516.2081909179688,520.428955078125,502.32452392578125,7369109,0.0,0.0
2021-04-22,520.2326049804688,523.5699462890625,516.3554077148438,521.0669555664062,502.9403076171875,6675147,0.0,0.0
2021-04-23,519.2510375976562,522.637451171875,509.53350830078125,512.968994140625,495.1240539550781,7123670,0.0,0.0
2021-04-26,513.1162719726562,518.76025390625,513.1162719726562,517.8277587890625,499.8138122558594,5929161,0.0,0.0
2021-04-27,517.7296142578125,528.6250610351562,516.5517578125,524.453369140625,506.20892333984375,9875033,0.0,0.0
2021-04-28,526.072998046875,537.9009399414062,525.7294311523438,534.2691040039062,515.6832275390625,12195400,0.0,0.0
2021-04-29,539.569580078125,539.8640747070312,529.1649169921875,530.8826904296875,512.4146118164062,8846896,0.0,0.0
2021-04-30,523.6681518554688,536.9193115234375,523.6681518554688,526.8582153320312,508.53009033203125,8331737,0.0,0.0
2021-05-03,520.2326049804688,552.1336669921875,519.3001098632812,548.5509643554688,529.46826171875,14556346,0.0,0.0
2021-05-04,555.5200805664062,555.5200805664062,536.6248779296875,542.2689208984375,523.4047241210938,14196229,0.0,0.0
2021-05-05,546.6369018554688,554.5385131835938,543.7903442382812,549.6306762695312,530.5103759765625,12095639,0.0,0.0
2021-05-06,549.6306762695312,553.9986572265625,542.4161376953125,548.4528198242188,529.3734741210938,9169742,0.0,0.0
2021-05-07,550.857666015625,562.342041015625,546.6369018554688,558.0231323242188,538.6109008789062,12894499,0.0,0.0
2021-05-10,561.4586181640625,566.366455078125,558.612060546875,561.9984741210938,542.4479370117188,8365615,0.0,0.0
2021-05-11,555.0784301757812,564.256103515625,553.6551513671875,557.9249877929688,538.5161743164062,8033470,0.0,0.0
2021-05-12,557.5323486328125,558.6611328125,547.9129638671875,551.3975219726562,532.2157592773438,6815070,0.0,0.0
2021-05-14,553.6060180664062,558.857421875,545.9006958007812,550.0723876953125,530.9366455078125,7697716,0.0,0.0
2021-05-17,553.5569458007812,553.5569458007812,535.741455078125,539.5205078125,520.7518920898438,13677009,0.0,0.0
2021-05-18,537.4100952148438,542.7106323242188,524.6987915039062,526.4656372070312,508.1512451171875,34968901,0.0,0.0
2021-05-19,527.987060546875,530.5881958007812,516.502685546875,518.4658203125,500.42962646484375,19583966,0.0,0.0
2021-05-20,521.2142333984375,521.2142333984375,510.41693115234375,511.054931640625,493.2765808105469,14036583,0.0,0.0
2021-05-21,513.6070556640625,523.4718017578125,512.3800659179688,521.1651000976562,503.0350646972656,10492773,0.0,0.0
2021-05-24,521.2142333984375,523.1773681640625,516.3063354492188,517.0916137695312,499.103271484375,6386039,0.0,0.0
2021-05-25,520.1344604492188,521.0178833007812,514.833984375,516.4044799804688,498.4400329589844,9412913,0.0,0.0
2021-05-26,519.2510375976562,521.0178833007812,515.3247680664062,516.0609741210938,498.1085205078125,6908901,0.0,0.0
2021-05-27,516.4044799804688,517.2879028320312,509.140869140625,510.2206115722656,492.47125244140625,22783169,0.0,0.0
2021-05-28,512.6254272460938,518.76025390625,510.8095397949219,513.9505615234375,496.07147216796875,10248988,0.0,0.0
2021-05-31,515.8155517578125,526.1220703125,515.4229125976562,525.0423583984375,506.77740478515625,12803471,0.0,0.0
2021-06-01,527.5453491210938,528.4778442382812,520.527099609375,523.0791625976562,504.88250732421875,8435896,0.0,0.0
2021-06-02,520.1344604492188,524.7478637695312,518.2694702148438,519.7418212890625,501.6612854003906,10567595,0.0,0.0
2021-06-03,520.2326049804688,523.5699462890625,518.76025390625,522.244873046875,504.0772705078125,6290021,0.0,0.0
2021-06-04,524.10986328125,525.9257202148438,521.4105224609375,522.8828735351562,504.6930236816406,4878809,0.0,0.0
2021-06-07,524.158935546875,531.0299072265625,523.1773681640625,526.5637817382812,508.2459411621094,9674473,0.0,0.0
2021-06-08,528.183349609375,537.9009399414062,524.158935546875,536.7230224609375,518.0516967773438,12822963,0.0,0.0
2021-06-09,539.765869140625,541.33642578125,525.4840087890625,530.04833984375,511.6092224121094,12674395,0.0,0.0
2021-06-10,533.87646484375,537.753662109375,530.3919067382812,535.1034545898438,516.4884643554688,7018193,0.0,0.0
2021-06-11,535.4469604492188,539.61865234375,530.097412109375,530.8826904296875,512.4146118164062,7777365,0.0,0.0
2021-06-14,530.8826904296875,530.8826904296875,519.5455322265625,529.4103393554688,510.9935302734375,5714387,0.0,0.0
2021-06-15,531.0299072265625,533.631103515625,528.4778442382812,532.5022583007812,513.9778442382812,7264778,0.0,0.0
2021-06-16,533.7783203125,533.7783203125,525.0423583984375,526.8582153320312,508.53009033203125,10045600,0.0,0.0
2021-06-17,529.5575561523438,531.2753295898438,517.3369750976562,518.9075317382812,500.85601806640625,10214732,0.0,0.0
2021-06-18,521.6068115234375,531.913330078125,509.43536376953125,528.8213500976562,510.42498779296875,15000348,0.0,0.0
2021-06-21,525.1405029296875,531.913330078125,523.1773681640625,529.6557006835938,511.230224609375,5742834,0.0,0.0
2021-06-22,537.9500122070312,538.8825073242188,525.6312866210938,526.5147094726562,508.1985778808594,9114558,0.0,0.0
2021-06-23,528.085205078125,529.2630615234375,522.8828735351562,524.2080078125,505.97210693359375,4767421,0.0,0.0
2021-06-24,525.1405029296875,525.5822143554688,517.6805419921875,519.0056762695312,500.95074462890625,6419922,0.0,0.0
2021-06-25,521.5086669921875,526.02392578125,519.5946044921875,525.2386474609375,506.96685791015625,5504204,0.0,0.0
2021-06-28,527.1036376953125,527.1036376953125,520.67431640625,521.4105224609375,503.27191162109375,5265796,0.0,0.0
2021-06-29,521.4595947265625,522.441162109375,514.3432006835938,515.2756958007812,497.35052490234375,8713975,0.0,0.0
2021-06-30,517.2879028320312,520.625244140625,514.686767578125,515.9627685546875,498.013671875,5760552,0.0,0.0
2021-07-01,519.2510375976562,521.2142333984375,512.3800659179688,513.01806640625,495.17144775390625,6575188,0.0,0.0
2021-07-02,515.9136962890625,523.1773681640625,510.41693115234375,515.3247680664062,497.39788818359375,13309063,0.0,0.0
2021-07-05,518.2694702148438,518.76025390625,513.6561279296875,514.2941284179688,496.4031066894531,6373586,0.0,0.0
2021-07-06,513.8524169921875,517.9750366210938,511.49664306640625,516.4044799804688,498.4400329589844,10494366,0.0,0.0
2021-07-07,513.5579223632812,520.8215942382812,513.5579223632812,519.8400268554688,501.756103515625,6669192,0.0,0.0
2021-07-08,520.2326049804688,522.9810180664062,513.9014892578125,515.6192626953125,497.6821594238281,5400962,0.0,0.0
2021-07-09,515.8155517578125,527.5944213867188,513.3616333007812,526.367431640625,508.056396484375,7303645,0.0,0.0
2021-07-12,529.0177001953125,529.0177001953125,518.9075317382812,519.8890991210938,501.80340576171875,8932790,0.0,0.0
2021-07-13,523.7172241210938,525.6312866210938,518.4658203125,520.28173828125,502.1824035644531,8138019,0.0,0.0
2021-07-14,519.2510375976562,521.6068115234375,516.9443969726562,520.28173828125,502.1824035644531,6666859,0.0,0.0
2021-07-15,522.6865844726562,522.6865844726562,515.3247680664062,515.7664794921875,497.8242492675781,6886797,0.0,0.0
2021-07-16,517.2879028320312,533.3856811523438,516.2572631835938,531.1771240234375,512.6987915039062,11251138,0.0,0.0
2021-07-19,529.0667724609375,534.6617431640625,519.5455322265625,528.5269165039062,510.1407470703125,9130551,0.0,0.0
2021-07-20,526.5637817382812,526.9072875976562,513.3616333007812,516.0609741210938,498.1085205078125,7646460,0.0,0.0
2021-07-22,521.3123779296875,537.9009399414062,513.9996337890625,536.6248779296875,517.95703125,20220601,0.0,0.0
2021-07-23,537.6064453125,550.3178100585938,522.9319458007812,538.1953735351562,519.472900390625,33200836,0.0,0.0
2021-07-26,534.9561767578125,543.6431274414062,532.109619140625,534.023681640625,515.4462890625,5214592,0.0,0.0
2021-07-27,535.741455078125,535.741455078125,526.269287109375,530.5881958007812,512.13037109375,5835018,0.0,0.0
2021-07-28,529.5575561523438,560.1825561523438,527.93798828125,557.4341430664062,538.0423583984375,32532037,0.0,0.0
2021-07-29,563.5198974609375,566.072021484375,554.587646484375,556.697998046875,537.3318481445312,15844335,0.0,0.0
2021-07-30,555.4710083007812,558.0231323242188,547.5203247070312,551.2993774414062,532.1210327148438,10125413,0.0,0.0
2021-08-02,555.5692138671875,559.4464111328125,549.6797485351562,554.73486328125,535.4369506835938,6372299,0.0,0.0
2021-08-03,557.5323486328125,571.2743530273438,551.7410888671875,569.5075073242188,549.6956787109375,21680353,0.0,0.0
2021-08-04,564.4033203125,576.0840454101562,559.7899169921875,563.8143920898438,544.20068359375,21816567,0.0,0.0
2021-08-05,566.8572387695312,607.5924682617188,566.8572387695312,587.6665649414062,567.2230224609375,72423461,0.0,0.0
2021-08-06,583.5439453125,605.5802612304688,577.654541015625,596.697021484375,575.9393920898438,29055626,0.0,0.0
2021-08-09,598.75830078125,601.4085693359375,586.5377807617188,588.2064208984375,567.744140625,10078649,0.0,0.0
2021-08-10,591.10205078125,616.4265747070312,587.3720703125,610.7334594726562,589.487548828125,34514358,0.0,0.0
2021-08-11,610.7334594726562,617.653564453125,602.39013671875,609.4083862304688,588.2085571289062,18731287,0.0,0.0
2021-08-12,611.5187377929688,617.3590698242188,605.6293334960938,611.6659545898438,590.3876342773438,8430316,0.0,0.0
2021-08-13,611.6659545898438,627.0275268554688,606.7090454101562,625.309814453125,603.5567626953125,21079044,0.0,0.0
2021-08-16,626.9784545898438,632.1317138671875,620.3528442382812,622.3651123046875,600.7145385742188,10506327,0.0,0.0
2021-08-17,622.3651123046875,626.2423095703125,611.5187377929688,614.8070068359375,593.4193725585938,11311229,0.0,0.0
2021-08-18,614.3652954101562,622.3160400390625,609.4083862304688,611.4696655273438,590.1981201171875,7136872,0.0,0.0
2021-08-20,608.083251953125,621.33447265625,595.8135986328125,602.39013671875,581.4345092773438,12770173,0.0,0.0
2021-08-23,607.0034790039062,618.8804931640625,596.4025268554688,611.1751708984375,589.9139404296875,12790616,0.0,0.0
2021-08-24,616.3775024414062,616.3775024414062,605.6784057617188,608.6721801757812,587.4978637695312,5885050,0.0,0.0
2021-08-25,610.8807373046875,610.8807373046875,599.7398681640625,601.1631469726562,580.2501831054688,8127668,0.0,0.0
2021-08-26,598.75830078125,600.2306518554688,573.5319213867188,576.0840454101562,556.04345703125,26316897,0.0,0.0
2021-08-27,577.9490356445312,594.2431030273438,574.2681274414062,584.1820068359375,563.8596801757812,16444274,0.0,0.0
2021-08-30,585.0162963867188,613.4818725585938,579.2250366210938,609.0157470703125,587.82958984375,40506274,0.0,0.0
2021-08-31,614.5125122070312,655.78759765625,613.4818725585938,651.8121948242188,629.13720703125,60781970,0.0,0.0
2021-09-01,655.689453125,660.8917846679688,641.9474487304688,654.118896484375,631.3637084960938,30796359,0.0,0.0
2021-09-02,657.603515625,661.3334350585938,651.8121948242188,654.2171020507812,631.45849609375,18951106,0.0,0.0
2021-09-03,655.689453125,657.2599487304688,641.9474487304688,646.3154296875,623.8317260742188,7920313,0.0,0.0
2021-09-06,652.15576171875,653.4808959960938,641.3585205078125,642.536376953125,620.18408203125,10223448,0.0,0.0
2021-09-07,645.8246459960938,667.9590454101562,636.0579833984375,658.1924438476562,635.2955322265625,28185127,0.0,0.0
2021-09-08,665.505126953125,671.1982421875,652.7446899414062,655.5421752929688,632.7374877929688,20876941,0.0,0.0
2021-09-09,655.5421752929688,675.5171508789062,654.7569580078125,673.5049438476562,650.0753784179688,19784500,0.0,0.0
2021-09-13,679.2471313476562,684.1549682617188,673.21044921875,680.523193359375,656.8494262695312,19704664,0.0,0.0
2021-09-14,682.1918334960938,686.8052368164062,676.4005737304688,681.4066162109375,657.7021484375,11694600,0.0,0.0
2021-09-15,684.1549682617188,721.4055786132812,683.3206787109375,712.1297607421875,687.3565063476562,56796797,0.0,0.0
2021-09-16,721.4547119140625,723.4178466796875,702.2158813476562,705.35693359375,680.8192138671875,45001991,0.0,0.0
2021-09-17,707.7127075195312,721.2092895507812,707.7127075195312,714.7308959960938,689.8671264648438,26649321,0.0,0.0
2021-09-20,711.6389770507812,720.1786499023438,707.0255737304688,711.5899047851562,686.8355102539062,14330899,0.0,0.0
2021-09-21,709.5776977539062,727.0986938476562,708.6942749023438,713.258544921875,688.446044921875,14216876,0.0,0.0
2021-09-22,713.6021118164062,718.55908203125,710.7555541992188,713.3567504882812,688.5408325195312,16348622,0.0,0.0
2021-09-23,719.8841552734375,726.460693359375,709.8721313476562,713.4058227539062,688.5881958007812,26497345,0.0,0.0
2021-09-24,715.6143188476562,739.1229858398438,714.5836791992188,725.7736206054688,700.5257568359375,72175065,0.0,0.0
2021-09-27,731.0,731.9000244140625,718.1500244140625,722.5499877929688,697.4141845703125,11282248,0.0,0.0
2021-09-28,724.4000244140625,726.7999877929688,686.0,696.1500244140625,671.9326782226562,21944239,0.0,0.0
2021-09-29,697.0,702.0,689.1500244140625,694.0999755859375,669.9539794921875,16729859,0.0,0.0
2021-09-30,695.7999877929688,709.7999877929688,686.7999877929688,688.2999877929688,664.3556518554688,13911568,0.0,0.0
2021-10-01,687.3499755859375,687.3499755859375,667.6500244140625,675.9000244140625,652.3870849609375,14952128,0.0,0.0
2021-10-04,675.0,686.2000122070312,669.7000122070312,681.4000244140625,657.6956787109375,8917898,0.0,0.0
2021-10-05,684.4000244140625,703.4500122070312,680.4000244140625,699.25,674.9248657226562,25598885,0.0,0.0
2021-10-06,705.75,707.9500122070312,688.2000122070312,691.4000244140625,667.347900390625,10406502,0.0,0.0
2021-10-07,695.75,702.2000122070312,691.2999877929688,692.5,668.40966796875,8121590,0.0,0.0
2021-10-08,695.1500244140625,699.5499877929688,688.9000244140625,695.5,671.3052368164062,6297352,0.0,0.0
2021-10-11,693.0999755859375,696.0499877929688,685.0,690.8499755859375,666.8170166015625,8792050,0.0,0.0
2021-10-12,691.0,698.4000244140625,684.2000122070312,686.3499755859375,662.4735717773438,8579567,0.0,0.0
2021-10-13,689.0,696.7999877929688,683.0999755859375,689.9000244140625,665.900146484375,7062149,0.0,0.0
2021-10-14,693.0,694.0,681.8499755859375,685.7999877929688,661.9427490234375,9820591,0.0,0.0
2021-10-18,700.0,701.9500122070312,679.6500244140625,680.5999755859375,656.9235229492188,8574445,0.0,0.0
2021-10-19,699.0,699.0,675.4500122070312,681.0999755859375,657.4061889648438,7328862,0.0,0.0
2021-10-20,683.4000244140625,713.9000244140625,681.4000244140625,708.4500122070312,683.8048095703125,21217306,0.0,0.0
2021-10-21,710.9500122070312,712.3499755859375,689.2000122070312,696.0499877929688,671.8360595703125,8908979,0.0,0.0
2021-10-22,698.5,705.2999877929688,684.25,694.5,670.340087890625,6587256,0.0,0.0
2021-10-25,693.0,704.0,675.0,691.0999755859375,667.058349609375,9540441,0.0,0.0
2021-10-26,695.0,709.8499755859375,689.0,696.2000122070312,671.9808959960938,10953878,0.0,0.0
2021-10-27,699.4000244140625,714.6500244140625,694.0,702.3499755859375,677.9170532226562,11878571,0.0,0.0
2021-10-28,702.75,706.0499877929688,684.4000244140625,689.75,665.7552490234375,8884507,0.0,0.0
2021-10-29,692.2000122070312,701.0,677.0499877929688,685.3499755859375,661.5083618164062,8602343,0.0,0.0
2021-11-01,689.9500122070312,722.7999877929688,689.5999755859375,712.5,687.7138671875,17121001,0.0,0.0
2021-11-02,712.5,723.0999755859375,709.5499877929688,713.9500122070312,689.1134643554688,7725455,0.0,0.0
2021-11-03,725.75,732.5,696.0,699.0999755859375,674.780029296875,23261507,0.0,0.0
2021-11-04,704.0,704.7999877929688,699.2000122070312,701.0999755859375,676.7103881835938,1064714,0.0,0.0
2021-11-08,707.4500122070312,714.9000244140625,704.0,709.0,684.3356323242188,7565546,0.0,0.0
2021-11-09,711.7000122070312,716.4500122070312,705.1500244140625,713.2000122070312,688.3894653320312,5278131,0.0,0.0
2021-11-10,717.5,738.0,707.3499755859375,735.4500122070312,709.865478515625,15180490,0.0,0.0
2021-11-11,735.0,738.5999755859375,724.25,728.5999755859375,703.2537841796875,7421118,0.0,0.0
2021-11-12,733.0,745.0,725.25,743.5,717.6353759765625,9207508,0.0,0.0
2021-11-15,740.0,746.0,736.2000122070312,737.5499877929688,711.8923950195312,5454742,0.0,0.0
2021-11-16,741.3499755859375,742.0499877929688,727.0499877929688,730.2999877929688,704.8945922851562,4639931,0.0,0.0
2021-11-17,724.5499877929688,732.3499755859375,716.25,720.0499877929688,695.001220703125,8002927,0.0,0.0
2021-11-18,720.5999755859375,723.4500122070312,708.0,714.3499755859375,689.49951171875,4469597,0.0,0.0
2021-11-22,740.0,755.9500122070312,733.0999755859375,742.0999755859375,716.2840576171875,36884348,0.0,0.0
2021-11-23,745.0,761.0,735.7000122070312,758.9000244140625,732.499755859375,18240414,0.0,0.0
2021-11-24,764.0,781.7999877929688,756.25,758.9000244140625,732.499755859375,21653712,0.0,0.0
2021-11-25,759.0499877929688,768.5,752.7999877929688,765.1500244140625,738.5323486328125,8483653,0.0,0.0
2021-11-26,763.0,763.0,733.0999755859375,738.75,713.0506591796875,11142921,0.0,0.0
2021-11-29,752.0,755.0,727.0999755859375,739.3499755859375,713.6298828125,15885643,0.0,0.0
2021-11-30,740.0,750.2000122070312,722.6500244140625,728.25,702.916015625,14272616,0.0,0.0
2021-12-01,733.0,737.4000244140625,718.25,722.25,697.124755859375,10488561,0.0,0.0
2021-12-02,723.9000244140625,735.7000122070312,714.1500244140625,732.5499877929688,707.06640625,11507427,0.0,0.0
2021-12-03,730.0,734.6500244140625,716.2999877929688,718.3499755859375,693.3602905273438,11024093,0.0,0.0
2021-12-06,718.0,721.9000244140625,693.8499755859375,697.5999755859375,673.3322143554688,8804487,0.0,0.0
2021-12-07,702.3499755859375,705.7000122070312,694.0999755859375,698.8499755859375,674.5386352539062,10238693,0.0,0.0
2021-12-08,705.0,719.0,702.2999877929688,715.1500244140625,690.271728515625,8296393,0.0,0.0
2021-12-09,716.7999877929688,723.9500122070312,711.0,713.9500122070312,689.1134643554688,9069515,0.0,0.0
2021-12-10,711.0,718.9000244140625,707.0,710.7000122070312,685.9764404296875,4251339,0.0,0.0
2021-12-13,715.0,718.4000244140625,698.3499755859375,703.0999755859375,678.6408081054688,9896899,0.0,0.0
2021-12-14,701.0,706.2999877929688,688.4000244140625,691.5999755859375,667.5408325195312,9275631,0.0,0.0
2021-12-15,691.75,694.9000244140625,684.0999755859375,685.4500122070312,661.6048583984375,7674319,0.0,0.0
2021-12-16,689.9000244140625,689.9000244140625,677.5999755859375,681.4000244140625,657.6956787109375,9633006,0.0,0.0
2021-12-17,681.0,685.7000122070312,661.0999755859375,666.0499877929688,642.879638671875,13850460,0.0,0.0
2021-12-20,659.1500244140625,661.1500244140625,645.0999755859375,658.25,635.35107421875,11812939,0.0,0.0
2021-12-21,663.9500122070312,670.9000244140625,659.2000122070312,667.0,643.796630859375,8084499,0.0,0.0
2021-12-22,667.0,686.0,667.0,684.75,660.92919921875,8522226,0.0,0.0
2021-12-23,689.0,689.0,675.5,678.75,655.1378784179688,5602466,0.0,0.0
2021-12-24,682.0999755859375,682.8499755859375,672.6500244140625,677.0499877929688,653.4970092773438,3756020,0.0,0.0
2021-12-27,674.9500122070312,678.3499755859375,668.6500244140625,675.75,652.2423706054688,3658572,0.0,0.0
2021-12-28,679.8499755859375,683.5,675.0499877929688,680.0499877929688,656.3927001953125,3892590,0.0,0.0
2021-12-29,679.9500122070312,683.5,675.0,676.8499755859375,653.303955078125,3847574,0.0,0.0
2021-12-30,677.5,685.7999877929688,674.2000122070312,679.3499755859375,655.717041015625,5701612,0.0,0.0
2021-12-31,680.5,694.0999755859375,680.0,683.7999877929688,660.0122680664062,4598628,0.0,0.0
2022-01-03,687.7999877929688,692.5999755859375,683.0999755859375,691.2999877929688,667.2513427734375,2939833,0.0,0.0
2022-01-04,692.25,703.25,690.4000244140625,697.4500122070312,673.1873779296875,6473875,0.0,0.0
2022-01-05,700.9000244140625,702.75,691.75,700.0,675.6487426757812,4586105,0.0,0.0
2022-01-06,702.0,720.5,700.0,710.4000244140625,685.6869506835938,21642414,0.0,0.0
2022-01-07,713.9000244140625,715.1500244140625,701.4500122070312,704.7000122070312,680.1852416992188,4315015,0.0,0.0
2022-01-10,705.4000244140625,711.3499755859375,703.6500244140625,704.9500122070312,680.426513671875,3565324,0.0,0.0
2022-01-11,703.0,709.5499877929688,694.5999755859375,703.4500122070312,678.9786987304688,10642484,0.0,0.0
2022-01-12,707.9500122070312,732.7000122070312,704.2000122070312,730.2000122070312,704.798095703125,12366953,0.0,0.0
2022-01-13,729.0,735.6500244140625,726.1500244140625,731.7999877929688,706.3424072265625,5829874,0.0,0.0
2022-01-14,729.9500122070312,730.9000244140625,718.4500122070312,720.5999755859375,695.5321044921875,5344096,0.0,0.0
2022-01-17,720.0,734.75,719.5499877929688,728.5999755859375,703.2537841796875,4340924,0.0,0.0
2022-01-18,727.0,730.7000122070312,712.5499877929688,714.3499755859375,689.49951171875,4312058,0.0,0.0
2022-01-19,714.0,715.0,701.7000122070312,703.7000122070312,679.219970703125,5879490,0.0,0.0
2022-01-20,706.0,719.6500244140625,705.25,715.4000244140625,690.5130004882812,4812496,0.0,0.0
2022-01-21,709.5999755859375,714.0,689.3499755859375,695.25,671.0639038085938,6704622,0.0,0.0
2022-01-24,690.2999877929688,707.0,677.3499755859375,689.9000244140625,665.900146484375,11091633,0.0,0.0
2022-01-25,684.0,720.4500122070312,682.1500244140625,711.8499755859375,687.08642578125,14128764,0.0,0.0
2022-01-27,706.5,716.0,701.5,707.25,682.6465454101562,8937312,0.0,0.0
2022-01-28,714.9000244140625,754.0,701.6500244140625,715.7999877929688,690.8991088867188,21450677,0.0,0.0
2022-01-31,728.0,735.0,719.5499877929688,729.2999877929688,703.929443359375,10745370,0.0,0.0
2022-02-01,733.0,735.0,718.2999877929688,723.0499877929688,697.8968505859375,4814511,0.0,0.0
2022-02-02,726.0999755859375,731.75,720.5,725.0499877929688,699.8272705078125,3286577,0.0,0.0
2022-02-03,726.0,729.0,718.5,721.6500244140625,696.5455932617188,3651578,0.0,0.0
2022-02-04,721.0999755859375,723.25,716.5,720.2000122070312,695.14599609375,3284198,0.0,0.0
2022-02-07,718.0,720.0999755859375,699.5,706.5,681.9225463867188,6833983,0.0,0.0
2022-02-08,711.2000122070312,714.7000122070312,701.0,708.9000244140625,684.2391967773438,7167684,0.0,0.0
2022-02-09,707.0999755859375,726.0999755859375,702.1500244140625,719.3499755859375,694.3256225585938,10185173,0.0,0.0
2022-02-10,722.9500122070312,726.9500122070312,708.5999755859375,724.0499877929688,698.8619995117188,6074014,0.0,0.0
2022-02-11,721.7000122070312,725.4000244140625,710.9000244140625,715.1500244140625,690.271728515625,5646980,0.0,0.0
2022-02-14,704.0,704.0,685.0,689.7000122070312,665.70703125,7441445,0.0,0.0
2022-02-15,696.0,713.0999755859375,686.5999755859375,711.5499877929688,686.796875,4650249,0.0,0.0
2022-02-16,717.4000244140625,728.2000122070312,708.0,721.7999877929688,696.6904296875,5433910,0.0,0.0
2022-02-17,724.4500122070312,727.5,715.0,717.0,692.057373046875,5107708,0.0,0.0
2022-02-18,712.0499877929688,719.5499877929688,711.3499755859375,712.5499877929688,687.7621459960938,4099366,0.0,0.0
2022-02-21,708.0499877929688,716.5499877929688,703.0,709.9500122070312,685.2525634765625,4307430,0.0,0.0
2022-02-22,694.2000122070312,702.5,687.5,699.25,674.9248657226562,9148804,0.0,0.0
2022-02-23,700.0999755859375,708.9500122070312,699.5,704.4000244140625,679.8956909179688,4124469,0.0,0.0
2022-02-24,682.0,688.5499877929688,645.4500122070312,670.9000244140625,647.5610961914062,14139461,0.0,0.0
2022-02-25,677.5,695.1500244140625,677.5,688.6500244140625,664.693603515625,6452099,0.0,0.0
2022-02-28,681.0,690.0,666.4500122070312,686.5,662.6183471679688,8301523,0.0,0.0
2022-03-02,684.0,684.0,666.0,674.25,650.7944946289062,10220908,0.0,0.0
2022-03-03,675.0,679.7999877929688,668.5999755859375,672.0499877929688,648.6710205078125,6517030,0.0,0.0
2022-03-04,665.0,667.9500122070312,650.0,653.7000122070312,630.9594116210938,7094874,0.0,0.0
2022-03-07,640.0,679.3499755859375,639.0,675.4000244140625,651.9044799804688,12615451,0.0,0.0
2022-03-08,675.0,686.8499755859375,667.5999755859375,683.0,659.2401123046875,8462985,0.0,0.0
2022-03-09,682.0,698.0,674.2999877929688,691.5,667.4443969726562,9896395,0.0,0.0
2022-03-10,699.9500122070312,707.5,690.5999755859375,697.75,673.4769897460938,5989327,0.0,0.0
2022-03-11,696.7000122070312,702.4000244140625,691.5,694.8499755859375,670.6777954101562,3353880,0.0,0.0
2022-03-14,688.1500244140625,704.8499755859375,688.1500244140625,700.4000244140625,676.0347900390625,4016137,0.0,0.0
2022-03-15,699.0,709.5,695.5,703.0999755859375,678.6408081054688,6006439,0.0,0.0
2022-03-16,710.0,715.5,705.0,712.0,687.2313232421875,3843706,0.0,0.0
2022-03-17,720.0,727.9500122070312,715.0,722.9000244140625,697.7521362304688,8168953,0.0,0.0
2022-03-21,722.0,724.3499755859375,706.7999877929688,708.2000122070312,683.5634765625,6317305,0.0,0.0
2022-03-22,708.5,721.0,705.8499755859375,719.25,694.2290649414062,3000133,0.0,0.0
2022-03-23,719.25,719.8499755859375,703.0,704.9500122070312,680.426513671875,7974713,0.0,0.0
2022-03-24,698.0,708.8499755859375,697.8499755859375,706.3499755859375,681.7777709960938,3597143,0.0,0.0
2022-03-25,712.2999877929688,714.4500122070312,705.8499755859375,709.3499755859375,684.6734619140625,2930336,0.0,0.0
2022-03-28,715.25,737.0,710.0999755859375,733.0499877929688,707.5490112304688,7960258,0.0,0.0
2022-03-29,740.4000244140625,763.0,737.0,754.9500122070312,728.6871948242188,15833573,0.0,0.0
2022-03-30,762.75,769.9000244140625,744.5999755859375,749.5,723.4267578125,9938988,0.0,0.0
2022-03-31,753.0,759.0,739.7000122070312,754.9500122070312,728.6871948242188,7371181,0.0,0.0
2022-04-01,759.7999877929688,766.6500244140625,749.25,758.5,732.1136474609375,5920139,0.0,0.0
2022-04-04,757.8499755859375,775.0,756.2000122070312,767.7999877929688,741.0900268554688,5783224,0.0,0.0
2022-04-05,767.7999877929688,773.7999877929688,761.0,766.5999755859375,739.9318237304688,3990794,0.0,0.0
2022-04-06,764.0,780.7000122070312,763.0,775.6500244140625,748.6670532226562,7490027,0.0,0.0
2022-04-07,775.0,777.8499755859375,759.5499877929688,762.4000244140625,735.8779907226562,5818505,0.0,0.0
2022-04-08,768.3499755859375,768.3499755859375,757.5999755859375,762.0999755859375,735.58837890625,5583587,0.0,0.0
2022-04-11,757.0,765.2000122070312,756.0,758.0499877929688,731.6792602539062,4927865,0.0,0.0
2022-04-12,759.9500122070312,759.9500122070312,740.0999755859375,741.6500244140625,715.8497924804688,3904026,0.0,0.0
2022-04-13,742.0,756.5,737.9500122070312,740.6500244140625,714.8845825195312,6343030,0.0,0.0
2022-04-18,736.6500244140625,740.1500244140625,723.4000244140625,729.5,704.1224975585938,8950327,0.0,0.0
2022-04-19,739.0,739.0,716.8499755859375,723.5,698.3311767578125,9957060,0.0,0.0
2022-04-20,730.0499877929688,744.5,723.9500122070312,739.3499755859375,713.6298828125,6632292,0.0,0.0
2022-04-21,743.9000244140625,743.9000244140625,730.0,735.75,710.1550903320312,6111830,0.0,0.0
2022-04-22,731.0,740.9000244140625,729.0,738.75,713.0506591796875,5182247,0.0,0.0
2022-04-25,729.9500122070312,743.0,729.1500244140625,739.3499755859375,713.6298828125,3571031,0.0,0.0
2022-04-26,745.0,758.9000244140625,739.0999755859375,756.2999877929688,729.9901733398438,4987848,0.0,0.0
2022-04-27,750.0,761.5499877929688,746.4000244140625,752.5,726.3224487304688,4571399,0.0,0.0
2022-04-28,751.0,754.2999877929688,744.5999755859375,747.3499755859375,721.3515014648438,6101866,0.0,0.0
2022-04-29,752.0,761.0,735.5499877929688,739.0,713.2919311523438,7219115,0.0,0.0
2022-05-02,734.0,742.9500122070312,730.3499755859375,741.3499755859375,715.560302734375,3938533,0.0,0.0
2022-05-04,737.0,739.3499755859375,717.0,722.4000244140625,697.2694702148438,6785271,0.0,0.0
2022-05-05,726.0,733.0999755859375,714.25,718.9500122070312,693.9395141601562,4836692,0.0,0.0
2022-05-06,711.25,723.9000244140625,707.75,710.25,685.5421752929688,5912312,0.0,0.0
2022-05-09,706.0999755859375,720.5,704.4500122070312,711.5,686.7487182617188,4819274,0.0,0.0
2022-05-10,711.0,728.5,710.1500244140625,719.6500244140625,694.6151733398438,6746893,0.0,0.0
2022-05-11,719.6500244140625,735.0,716.9000244140625,722.8499755859375,697.7037963867188,6919703,0.0,0.0
2022-05-12,715.25,722.7999877929688,701.25,705.4000244140625,680.8609008789062,6754953,0.0,0.0
2022-05-13,713.0,713.0,684.75,689.9000244140625,665.900146484375,11938252,0.0,0.0
2022-05-16,685.8499755859375,698.0,679.6500244140625,693.2000122070312,669.0852661132812,5412233,0.0,0.0
2022-05-17,695.0,710.0,690.8499755859375,707.0499877929688,682.453369140625,4847812,0.0,0.0
2022-05-18,721.0,727.1500244140625,689.2000122070312,696.1500244140625,671.9326782226562,18992703,0.0,0.0
2022-05-19,685.0,693.0,667.8499755859375,674.25,650.7944946289062,7322668,0.0,0.0
2022-05-20,688.5,691.5,683.0,687.9000244140625,663.9696655273438,5577407,0.0,0.0
2022-05-23,681.7999877929688,693.9000244140625,679.5999755859375,685.8499755859375,661.9909057617188,3788601,0.0,0.0
2022-05-24,689.25,689.25,675.8499755859375,678.2000122070312,654.607177734375,4053608,0.0,0.0
2022-05-25,681.25,689.9000244140625,679.5499877929688,688.2000122070312,664.2591552734375,4188088,0.0,0.0
2022-05-26,690.0,695.5,675.9000244140625,693.6500244140625,669.5196533203125,5780597,0.0,0.0
2022-05-27,697.0499877929688,700.0,676.0,684.4000244140625,660.5913696289062,7131633,0.0,0.0
2022-05-30,687.4500122070312,703.75,683.0,699.0499877929688,674.7317504882812,4675033,0.0,0.0
2022-05-31,697.5,706.5999755859375,692.5999755859375,700.2000122070312,675.841796875,44593174,0.0,0.0
2022-06-01,701.5499877929688,706.2000122070312,691.25,694.6500244140625,670.48486328125,3749781,0.0,0.0
2022-06-02,688.9000244140625,696.9500122070312,683.0499877929688,695.9500122070312,671.7395629882812,3466993,0.0,0.0
2022-06-03,697.0499877929688,700.7999877929688,685.25,686.5,662.6183471679688,6673615,0.0,0.0
2022-06-06,682.2000122070312,689.7999877929688,676.5,682.9500122070312,659.1918334960938,6407024,0.0,0.0
2022-06-07,678.1500244140625,687.25,673.2999877929688,685.2999877929688,661.4600830078125,8349903,0.0,0.0
2022-06-08,682.5,687.7999877929688,660.4500122070312,663.2999877929688,640.2254638671875,13904149,0.0,0.0
2022-06-09,660.0,679.4000244140625,655.0999755859375,676.3499755859375,652.8213500976562,6774925,0.0,0.0
2022-06-10,668.0,676.4500122070312,668.0,673.3499755859375,649.92578125,3221484,0.0,0.0
2022-06-13,660.0999755859375,673.3499755859375,658.0,671.2999877929688,647.9470825195312,5982102,0.0,0.0
2022-06-14,669.0999755859375,689.4000244140625,669.0999755859375,682.0499877929688,658.3231201171875,8878530,0.0,0.0
2022-06-15,681.9500122070312,685.0,673.5,682.0999755859375,658.3713989257812,6005970,0.0,0.0
2022-06-16,683.0999755859375,683.9000244140625,650.0,654.2000122070312,631.4419555664062,9525587,0.0,0.0
2022-06-17,656.0,661.75,638.0,643.6500244140625,621.259033203125,11085830,0.0,0.0
2022-06-20,644.9500122070312,647.4500122070312,634.2000122070312,640.9000244140625,618.6046752929688,3883001,0.0,0.0
2022-06-21,642.0999755859375,658.1500244140625,640.5,654.2999877929688,631.5385131835938,3515991,0.0,0.0
2022-06-22,648.5999755859375,650.3499755859375,641.4500122070312,642.8499755859375,620.48681640625,4348884,0.0,0.0
2022-06-23,648.1500244140625,664.5999755859375,647.75,660.2000122070312,637.2332763671875,4336533,0.0,0.0
2022-06-24,662.0999755859375,675.7000122070312,662.0999755859375,671.2000122070312,647.8505859375,5621332,0.0,0.0
2022-06-27,675.0,687.0,671.2000122070312,683.9500122070312,660.1570434570312,5284297,0.0,0.0
2022-06-28,683.0,684.9000244140625,676.2999877929688,681.1500244140625,657.4544677734375,3216376,0.0,0.0
2022-06-29,677.0,689.0999755859375,675.0,687.7999877929688,663.8731079101562,5011798,0.0,0.0
2022-06-30,689.7999877929688,691.5999755859375,679.0,684.9500122070312,661.1221923828125,6505666,0.0,0.0
2022-07-01,684.8499755859375,685.7999877929688,666.0,673.4500122070312,650.0223388671875,4488771,0.0,0.0
2022-07-04,670.5,685.5,666.0499877929688,681.9000244140625,658.1783447265625,4229588,0.0,0.0
2022-07-05,683.2999877929688,689.2999877929688,680.0499877929688,684.4500122070312,660.6396484375,3494504,0.0,0.0
2022-07-06,684.5,694.9500122070312,684.2000122070312,693.9500122070312,669.8092041015625,4697006,0.0,0.0
2022-07-07,692.0,696.5,685.4500122070312,686.7999877929688,662.9078979492188,3485283,0.0,0.0
2022-07-08,688.0,696.5999755859375,686.6500244140625,695.1500244140625,670.967529296875,2732170,0.0,0.0
2022-07-11,675.0,681.0,658.9500122070312,660.5499877929688,637.5711059570312,18687521,0.0,0.0
2022-07-12,663.25,666.9000244140625,660.0,663.0,639.9358520507812,7416645,0.0,0.0
2022-07-13,670.0,670.0,641.0,643.5,621.1141357421875,12030163,0.0,0.0
2022-07-14,650.0,652.2000122070312,628.75,641.6500244140625,619.3286743164062,11379990,0.0,0.0
2022-07-15,648.9500122070312,657.5,643.25,651.7999877929688,629.12548828125,5567877,0.0,0.0
2022-07-18,657.0,670.0,649.1500244140625,663.0499877929688,639.9840698242188,8982417,0.0,0.0
2022-07-19,675.0,677.0,663.0999755859375,672.9000244140625,649.4915161132812,7836419,0.0,0.0
2022-07-20,680.0,680.0,668.2000122070312,670.6500244140625,647.3197631835938,4458819,0.0,0.0
2022-07-21,671.5,679.9500122070312,671.2000122070312,678.3499755859375,654.7518310546875,3550107,0.0,0.0
2022-07-22,679.7000122070312,681.9000244140625,675.2000122070312,678.8499755859375,655.2344360351562,2415220,0.0,0.0
2022-07-25,680.0,686.5499877929688,676.5499877929688,678.4000244140625,654.8001098632812,2913348,0.0,0.0
2022-07-26,682.5999755859375,685.3499755859375,670.25,684.0999755859375,660.3018188476562,5016687,0.0,0.0
2022-07-27,683.9500122070312,683.9500122070312,669.7000122070312,674.9000244140625,651.4219360351562,6237523,0.0,0.0
2022-07-28,678.7999877929688,679.4000244140625,664.2000122070312,666.8499755859375,643.6519165039062,7374170,0.0,0.0
2022-07-29,672.7999877929688,680.6500244140625,671.0,677.9500122070312,654.3657836914062,7669970,0.0,0.0
2022-08-01,677.9500122070312,697.7999877929688,677.0499877929688,694.4500122070312,673.2711181640625,8812526,3.0,0.0
2022-08-02,700.0,700.2999877929688,681.1500244140625,686.7999877929688,665.8543701171875,6236599,0.0,0.0
2022-08-03,688.0,696.8499755859375,687.0,693.1500244140625,672.0106811523438,5237250,0.0,0.0
2022-08-04,698.2000122070312,698.5,680.7000122070312,694.2999877929688,673.1256103515625,6352142,0.0,0.0
2022-08-05,698.0,710.0,696.3499755859375,703.6500244140625,682.1905517578125,5811092,0.0,0.0
2022-08-08,707.9500122070312,709.8499755859375,699.0,704.3499755859375,682.869140625,5918607,0.0,0.0
2022-08-10,713.9000244140625,718.0,706.0,715.25,693.4367065429688,12201239,0.0,0.0
2022-08-11,718.7999877929688,719.4000244140625,705.7000122070312,709.7999877929688,688.1529541015625,7142902,0.0,0.0
2022-08-12,709.8499755859375,712.5,706.6500244140625,709.7000122070312,688.0559692382812,4540159,0.0,0.0
2022-08-16,715.0,716.0,700.5,704.0999755859375,682.6267700195312,6679663,0.0,0.0
2022-08-17,707.0,724.6500244140625,702.2999877929688,722.9500122070312,700.9019165039062,8812954,0.0,0.0
2022-08-18,725.0,736.0,720.9000244140625,733.2000122070312,710.83935546875,10354897,0.0,0.0
2022-08-19,730.2000122070312,737.5999755859375,726.0,732.2999877929688,709.9667358398438,13743828,0.0,0.0
2022-08-22,731.8499755859375,734.4000244140625,724.4000244140625,727.5999755859375,705.4100341796875,8118490,0.0,0.0
2022-08-23,725.0,742.5999755859375,722.5499877929688,737.5999755859375,715.1051635742188,8229797,0.0,0.0
2022-08-24,722.8499755859375,754.2000122070312,718.0,738.75,716.2200317382812,14922081,0.0,0.0
2022-08-25,744.7999877929688,754.0499877929688,735.25,741.0,718.4014282226562,9849958,0.0,0.0
2022-08-26,741.5,741.5,728.0,730.8499755859375,708.5609130859375,5928897,0.0,0.0
2022-08-29,717.7000122070312,724.9000244140625,715.0999755859375,720.5999755859375,698.62353515625,5878942,0.0,0.0
2022-08-30,722.0,730.0999755859375,711.7999877929688,726.5999755859375,704.4405517578125,8894800,0.0,0.0
2022-09-01,726.5,746.0,726.5,735.0499877929688,712.6328735351562,11869518,0.0,0.0
2022-09-02,725.0,740.9000244140625,719.6500244140625,735.0,712.5844116210938,5693707,0.0,0.0
2022-09-05,735.0,741.9500122070312,733.25,740.4000244140625,717.8197631835938,3660135,0.0,0.0
2022-09-06,740.4000244140625,765.0,740.4000244140625,761.25,738.0338134765625,10166270,0.0,0.0
2022-09-07,755.5,761.9000244140625,686.2000122070312,753.0999755859375,730.1323852539062,126794211,0.0,0.0
2022-09-08,759.0,776.0,757.0499877929688,769.7999877929688,746.3230590820312,10648073,0.0,0.0
2022-09-09,773.0,774.7999877929688,762.9000244140625,765.75,742.3966064453125,4627905,0.0,0.0
2022-09-12,767.0,771.4000244140625,764.5,769.1500244140625,745.6929931640625,2654087,0.0,0.0
2022-09-13,774.0,788.9000244140625,770.0,784.25,760.3323974609375,8335652,0.0,0.0
2022-09-14,776.0,788.4000244140625,775.75,783.3499755859375,759.4598388671875,6645392,0.0,0.0
2022-09-15,788.0,790.6500244140625,782.0,785.0999755859375,761.156494140625,5485310,0.0,0.0
2022-09-16,788.0,788.0,776.4500122070312,779.6500244140625,755.8727416992188,20211162,0.0,0.0
2022-09-19,773.5,786.0,772.2000122070312,782.75,758.8781127929688,5760313,0.0,0.0
2022-09-20,786.7000122070312,796.9500122070312,785.0,792.1500244140625,767.9915771484375,7936714,0.0,0.0
2022-09-21,792.1500244140625,797.0,779.0,780.2000122070312,756.4059448242188,9966193,0.0,0.0
2022-09-22,791.2000122070312,794.7999877929688,776.3499755859375,784.0999755859375,760.1869506835938,7721133,0.0,0.0
2022-09-23,788.0,788.0,768.7000122070312,771.3499755859375,747.8257446289062,9271829,0.0,0.0
2022-09-26,769.9500122070312,771.1500244140625,753.2000122070312,755.0499877929688,732.02294921875,13144297,0.0,0.0
2022-09-27,758.8499755859375,765.0,757.2000122070312,760.5999755859375,737.4036254882812,5965026,0.0,0.0
2022-09-28,755.5,771.0,755.0,761.4500122070312,738.2278442382812,5546932,0.0,0.0
2022-09-29,763.9500122070312,769.0,759.2999877929688,764.6500244140625,741.3301391601562,5413233,0.0,0.0
2022-09-30,765.9500122070312,809.0,761.4500122070312,799.9000244140625,775.505126953125,7469164,0.0,0.0
2022-10-03,803.4000244140625,815.5499877929688,798.0499877929688,803.3499755859375,778.8499145507812,12619046,0.0,0.0
2022-10-04,813.0,816.75,807.5,808.7000122070312,784.0368041992188,5772140,0.0,0.0
2022-10-06,810.5499877929688,815.8499755859375,786.6500244140625,788.5999755859375,764.5497436523438,6503205,0.0,0.0
2022-10-07,792.0,796.7999877929688,784.7000122070312,793.0999755859375,768.9124755859375,6025982,0.0,0.0
2022-10-10,784.9500122070312,794.7999877929688,779.7000122070312,792.3499755859375,768.1853637695312,3519416,0.0,0.0
2022-10-11,797.5,797.5,776.0,780.2999877929688,756.5028686523438,3699862,0.0,0.0
2022-10-12,780.2999877929688,781.3499755859375,769.2000122070312,775.5499877929688,751.8977661132812,5984299,0.0,0.0
2022-10-13,775.0,779.0,767.6500244140625,768.9000244140625,745.4505615234375,2842056,0.0,0.0
2022-10-14,779.9500122070312,779.9500122070312,763.0499877929688,765.9500122070312,742.5905151367188,3608210,0.0,0.0
2022-10-17,761.0,771.0,759.8499755859375,766.0,742.6390380859375,4566333,0.0,0.0
2022-10-18,769.8499755859375,785.5999755859375,768.6500244140625,783.1500244140625,759.2659301757812,4391263,0.0,0.0
2022-10-19,787.9500122070312,788.6500244140625,779.5,783.4000244140625,759.5083618164062,5219180,0.0,0.0
2022-10-20,782.0,794.0,778.2999877929688,792.9000244140625,768.7186279296875,4756732,0.0,0.0
2022-10-21,790.0,802.8499755859375,789.75,797.4500122070312,773.1298828125,4807736,0.0,0.0
2022-10-24,800.0,807.5,800.0,802.0999755859375,777.6380004882812,522406,0.0,0.0
2022-10-25,806.1500244140625,806.3499755859375,798.7000122070312,802.2999877929688,777.8319091796875,3184277,0.0,0.0
2022-10-27,806.5,822.2000122070312,804.2000122070312,817.0999755859375,792.1805419921875,8159181,0.0,0.0
2022-10-28,819.0,824.4000244140625,811.2999877929688,816.8499755859375,791.9381713867188,3905093,0.0,0.0
2022-10-31,823.0,833.7999877929688,820.0,832.0,806.6261596679688,5487233,0.0,0.0
2022-11-01,828.0,841.4500122070312,821.0499877929688,835.5499877929688,810.06787109375,10488759,0.0,0.0
2022-11-02,830.0,830.0,807.25,809.8499755859375,785.1516723632812,11729925,0.0,0.0
2022-11-03,809.75,824.4000244140625,804.2000122070312,818.6500244140625,793.6832885742188,5897840,0.0,0.0
2022-11-04,815.7000122070312,821.7999877929688,809.2000122070312,816.4000244140625,791.501953125,3768226,0.0,0.0
2022-11-07,817.0,824.0499877929688,809.0,822.7000122070312,797.6098022460938,7171570,0.0,0.0
2022-11-09,824.2000122070312,825.5,814.4500122070312,819.0499877929688,794.0711059570312,3969171,0.0,0.0
2022-11-10,819.7999877929688,830.7000122070312,817.5499877929688,825.75,800.5667724609375,4425290,0.0,0.0
2022-11-11,830.75,836.9000244140625,823.7999877929688,826.9000244140625,801.6817016601562,4325441,0.0,0.0
2022-11-14,818.0,830.7999877929688,817.0,821.9000244140625,796.834228515625,10406576,0.0,0.0
2022-11-15,822.6500244140625,838.75,822.6500244140625,835.25,809.7770385742188,6229710,0.0,0.0
2022-11-16,837.5,844.0499877929688,828.0499877929688,841.2000122070312,815.5455932617188,3445345,0.0,0.0
2022-11-17,841.7999877929688,849.4000244140625,838.4000244140625,846.1500244140625,820.3447265625,4545534,0.0,0.0
2022-11-18,849.9500122070312,851.8499755859375,831.0999755859375,837.2999877929688,811.7645263671875,7405949,0.0,0.0
2022-11-21,837.0,852.7999877929688,835.0,851.2000122070312,825.2406005859375,5527122,0.0,0.0
2022-11-22,853.4000244140625,860.5499877929688,845.0999755859375,847.5999755859375,821.7504272460938,7601660,0.0,0.0
2022-11-23,851.8499755859375,851.8499755859375,841.5999755859375,843.25,817.5330200195312,4596816,0.0,0.0
2022-11-24,846.0,851.0,837.75,848.3499755859375,822.4775390625,3455310,0.0,0.0
2022-11-25,852.0,860.0,841.5999755859375,846.8499755859375,821.023193359375,2991065,0.0,0.0
2022-11-28,840.25,852.5499877929688,836.0499877929688,837.4000244140625,811.8615112304688,3668846,0.0,0.0
2022-11-29,839.0,844.7999877929688,835.0,835.8499755859375,810.3587036132812,2680296,0.0,0.0
2022-11-30,834.7999877929688,852.0,832.5999755859375,848.75,822.8653564453125,6874390,0.0,0.0
2022-12-01,853.0,853.2000122070312,841.5999755859375,848.5999755859375,822.7199096679688,4506664,0.0,0.0
2022-12-02,851.4000244140625,851.9500122070312,839.0999755859375,848.6500244140625,822.7683715820312,3505272,0.0,0.0
2022-12-05,851.0,851.5999755859375,840.8499755859375,844.0999755859375,818.3571166992188,3311316,0.0,0.0
2022-12-06,844.9000244140625,845.0,829.7000122070312,833.3499755859375,807.9349975585938,5567349,0.0,0.0
2022-12-07,837.5499877929688,841.5999755859375,832.0,834.0,808.5651245117188,3771882,0.0,0.0
2022-12-08,833.0,840.2000122070312,826.2999877929688,832.5999755859375,807.207763671875,4822179,0.0,0.0
2022-12-09,830.2999877929688,836.5999755859375,823.9500122070312,834.9000244140625,809.437744140625,4615843,0.0,0.0
2022-12-12,832.5999755859375,836.9500122070312,825.4000244140625,828.4000244140625,803.135986328125,3149823,0.0,0.0
2022-12-13,822.0,840.0,822.0,838.0499877929688,812.49169921875,3832999,0.0,0.0
2022-12-14,840.6500244140625,842.0,828.1500244140625,829.2000122070312,803.9115600585938,7491333,0.0,0.0
2022-12-15,829.0,831.0,824.3499755859375,826.3499755859375,801.1483764648438,2996482,0.0,0.0
2022-12-16,825.0,832.7000122070312,819.9000244140625,822.75,797.658203125,4309644,0.0,0.0
2022-12-19,822.7000122070312,845.0499877929688,822.0,840.4000244140625,814.77001953125,6397169,0.0,0.0
2022-12-20,839.75,839.75,822.0,828.9500122070312,803.669189453125,2828863,0.0,0.0
2022-12-21,833.0,833.0499877929688,812.3499755859375,814.0,789.1751098632812,5079337,0.0,0.0
2022-12-22,819.0,824.7000122070312,809.5,816.5999755859375,791.69580078125,3626834,0.0,0.0
2022-12-23,814.0,817.9500122070312,805.0,808.6500244140625,783.9883422851562,2804496,0.0,0.0
2022-12-26,805.0499877929688,815.2000122070312,801.1500244140625,811.0,786.2665405273438,6023206,0.0,0.0
2022-12-27,815.0,819.4500122070312,805.0,814.7999877929688,789.95068359375,1782053,0.0,0.0
2022-12-28,813.0,813.9000244140625,801.4500122070312,803.7999877929688,779.2861938476562,2907741,0.0,0.0
2022-12-29,807.0499877929688,824.75,760.0999755859375,820.75,795.71923828125,6110313,0.0,0.0
2022-12-30,824.7000122070312,824.7999877929688,804.9500122070312,806.0999755859375,781.5160522460938,3113243,0.0,0.0
2023-01-02,806.25,816.2000122070312,805.5999755859375,813.5,788.6903686523438,1626846,0.0,0.0
2023-01-03,810.3499755859375,818.7999877929688,808.5,817.5999755859375,792.665283203125,1717603,0.0,0.0
2023-01-04,818.9500122070312,820.4500122070312,806.2000122070312,811.7999877929688,787.042236328125,2970216,0.0,0.0
2023-01-05,825.0,825.0,803.75,807.0999755859375,782.4855346679688,5297349,0.0,0.0
2023-01-06,807.5499877929688,812.25,792.0,796.0,771.7240600585938,3199618,0.0,0.0
2023-01-09,802.7000122070312,821.5,801.0499877929688,819.4000244140625,794.410400390625,4340729,0.0,0.0
2023-01-10,826.0999755859375,826.0999755859375,790.2999877929688,792.8499755859375,768.6701049804688,8392344,0.0,0.0
2023-01-11,775.0,779.6500244140625,751.6500244140625,765.5499877929688,742.2026977539062,28389020,0.0,0.0
2023-01-12,765.0,769.2999877929688,753.5499877929688,756.9000244140625,733.8165283203125,12732671,0.0,0.0
2023-01-13,757.0,765.9500122070312,752.0,764.2999877929688,740.9908447265625,12279288,0.0,0.0
2023-01-16,766.4000244140625,768.0999755859375,754.6500244140625,759.1500244140625,735.9978637695312,5779293,0.0,0.0
2023-01-17,759.1500244140625,768.9000244140625,758.75,765.7000122070312,742.3482055664062,6594428,0.0,0.0
2023-01-18,768.2000122070312,780.0,766.0,776.5499877929688,752.8672485351562,5800899,0.0,0.0
2023-01-19,776.0,776.5,765.6500244140625,772.0,748.4559936523438,4169463,0.0,0.0
2023-01-20,775.8499755859375,775.8499755859375,758.2999877929688,764.4500122070312,741.1362915039062,6289718,0.0,0.0
2023-01-23,767.9000244140625,776.0,763.8499755859375,772.7000122070312,749.1347045898438,2685320,0.0,0.0
2023-01-24,773.0,777.5499877929688,761.0,775.6500244140625,751.9947509765625,5012125,0.0,0.0
2023-01-25,774.9500122070312,780.5,768.0,776.5,752.8187255859375,6560514,0.0,0.0
2023-01-27,774.9500122070312,778.9000244140625,765.7999877929688,774.5,750.8796997070312,6745926,0.0,0.0
2023-01-30,771.5999755859375,774.9500122070312,763.0,770.2000122070312,746.7109375,5420851,0.0,0.0
2023-01-31,775.0,779.0,768.4000244140625,770.2999877929688,746.807861328125,8537557,0.0,0.0
2023-02-01,775.9500122070312,784.6500244140625,756.5999755859375,769.0999755859375,745.6444091796875,4472974,0.0,0.0
2023-02-02,765.0999755859375,781.0,765.0499877929688,777.75,754.0306396484375,2841909,0.0,0.0
2023-02-03,779.9000244140625,794.9500122070312,778.4000244140625,792.9000244140625,768.7186279296875,5493687,0.0,0.0
2023-02-06,789.7000122070312,794.6500244140625,778.7999877929688,789.25,765.1798706054688,2407975,0.0,0.0
2023-02-07,793.9000244140625,795.8499755859375,783.0,785.9000244140625,761.93212890625,4126502,0.0,0.0
2023-02-08,778.0,781.0,765.0,775.0999755859375,751.4614868164062,9951783,0.0,0.0
2023-02-09,770.0,775.0999755859375,761.2999877929688,766.6500244140625,743.2691650390625,5913945,0.0,0.0
2023-02-10,768.9500122070312,773.2000122070312,761.0,771.9500122070312,748.4075317382812,2954992,0.0,0.0
2023-02-13,771.0,779.5999755859375,766.7000122070312,768.5999755859375,745.1597290039062,3705892,0.0,0.0
2023-02-14,769.0,777.5999755859375,766.2000122070312,775.2000122070312,751.5584106445312,3502010,0.0,0.0
2023-02-15,775.0,787.1500244140625,772.2000122070312,785.4000244140625,761.4473876953125,3602838,0.0,0.0
2023-02-16,789.6500244140625,790.5,780.5999755859375,784.4500122070312,760.5263061523438,3399428,0.0,0.0
2023-02-17,785.9500122070312,787.4500122070312,770.2999877929688,776.7999877929688,753.1096801757812,3093216,0.0,0.0
2023-02-20,781.25,793.7999877929688,777.0999755859375,779.1500244140625,755.3880004882812,3381774,0.0,0.0
2023-02-21,783.0499877929688,788.0,778.1500244140625,779.0499877929688,755.2909545898438,2769616,0.0,0.0
2023-02-22,777.0,781.6500244140625,766.5,772.1500244140625,748.6015014648438,3261898,0.0,0.0
2023-02-23,774.0,777.5,761.8499755859375,762.9500122070312,739.6820068359375,4062194,0.0,0.0
2023-02-24,775.7000122070312,775.7999877929688,755.0,757.0999755859375,734.0103759765625,4357223,0.0,0.0
2023-02-27,753.0,754.4000244140625,738.4500122070312,752.9000244140625,729.9384765625,6719439,0.0,0.0
2023-02-28,755.0,757.0999755859375,739.6500244140625,742.25,719.6133422851562,10562614,0.0,0.0
2023-03-01,742.4000244140625,753.4500122070312,741.0,750.2000122070312,727.32080078125,3744982,0.0,0.0
2023-03-02,751.0,751.7999877929688,735.7999877929688,740.0999755859375,717.52880859375,4910541,0.0,0.0
2023-03-03,745.0,765.9000244140625,743.5499877929688,764.4000244140625,741.0877685546875,5759333,0.0,0.0
2023-03-06,766.7000122070312,775.9000244140625,765.0999755859375,766.5999755859375,743.220703125,4597345,0.0,0.0
2023-03-08,764.0,769.9000244140625,760.7000122070312,766.5499877929688,743.1721801757812,3546995,0.0,0.0
2023-03-09,795.0,795.0,770.2000122070312,773.4000244140625,749.8133544921875,5240056,0.0,0.0
2023-03-10,773.0,778.9500122070312,768.2000122070312,773.75,750.1526489257812,4113931,0.0,0.0
2023-03-13,777.4500122070312,777.7999877929688,763.1500244140625,765.2999877929688,741.9603271484375,3447889,0.0,0.0
2023-03-14,764.0,776.75,764.0,771.7999877929688,748.2620239257812,3753502,0.0,0.0
2023-03-15,758.0,765.5499877929688,752.5,756.6500244140625,733.5741577148438,8101060,0.0,0.0
2023-03-16,750.0,759.0,743.5,745.9500122070312,723.2005004882812,7465693,0.0,0.0
2023-03-17,750.0,759.4500122070312,739.1500244140625,757.25,734.1558227539062,9306857,0.0,0.0
2023-03-20,754.9500122070312,759.7999877929688,748.7999877929688,754.7999877929688,731.7805786132812,3566109,0.0,0.0
2023-03-21,760.0,766.0,755.1500244140625,756.9500122070312,733.864990234375,5332221,0.0,0.0
2023-03-22,761.0,763.2000122070312,753.1500244140625,756.7000122070312,733.6226196289062,2680654,0.0,0.0
2023-03-23,758.0,765.7999877929688,756.8499755859375,763.5499877929688,740.263671875,2454948,0.0,0.0
2023-03-24,763.5499877929688,767.0,758.8499755859375,762.4500122070312,739.1973266601562,2336818,0.0,0.0
2023-03-27,763.0,769.7000122070312,759.3499755859375,761.75,738.5186157226562,2258853,0.0,0.0
2023-03-28,765.5999755859375,765.5999755859375,742.7999877929688,748.4500122070312,725.624267578125,4166723,0.0,0.0
2023-03-29,751.0,754.9000244140625,738.8499755859375,743.5999755859375,720.922119140625,4891868,0.0,0.0
2023-03-31,752.1500244140625,753.0,742.0499877929688,749.0,726.157470703125,5796532,0.0,0.0
2023-04-03,755.0,761.9000244140625,752.0499877929688,760.5499877929688,737.3551635742188,2120667,0.0,0.0
2023-04-05,768.0,768.0,756.0,763.4500122070312,740.1668090820312,3197932,0.0,0.0
2023-04-06,762.5999755859375,768.7000122070312,759.0999755859375,765.9500122070312,742.5905151367188,1777379,0.0,0.0
2023-04-10,768.9500122070312,776.2999877929688,766.4500122070312,769.75,746.274658203125,1701065,0.0,0.0
2023-04-11,776.0,776.0,768.1500244140625,774.1500244140625,750.5404663085938,3485481,0.0,0.0
2023-04-12,774.0,774.5499877929688,765.0999755859375,771.0999755859375,747.5834350585938,3794841,0.0,0.0
2023-04-13,770.0,771.1500244140625,765.4500122070312,767.0499877929688,743.656982421875,4292170,0.0,0.0
2023-04-17,789.0,789.0,754.3499755859375,759.6500244140625,736.482666015625,9083437,0.0,0.0
2023-04-18,765.0,765.0,752.5499877929688,759.75,736.5796508789062,4051481,0.0,0.0
2023-04-19,761.3499755859375,766.8499755859375,756.0,764.6500244140625,741.3301391601562,3429794,0.0,0.0
2023-04-20,764.0,773.75,762.5999755859375,772.2999877929688,748.746826171875,2355441,0.0,0.0
2023-04-21,769.5999755859375,775.25,764.4500122070312,765.2000122070312,741.8634033203125,4524208,0.0,0.0
2023-04-24,765.2000122070312,767.4000244140625,755.6500244140625,760.25,737.0643310546875,5271105,0.0,0.0
2023-04-25,764.9500122070312,777.0,761.75,772.5999755859375,749.0376586914062,5773233,0.0,0.0
2023-04-26,779.9000244140625,779.9000244140625,767.0999755859375,773.4500122070312,749.8617553710938,5057352,0.0,0.0
2023-04-27,772.0,789.2000122070312,771.3499755859375,786.5,762.5137939453125,4129769,0.0,0.0
2023-04-28,789.8499755859375,802.0499877929688,787.2000122070312,799.2999877929688,774.9234619140625,6572656,0.0,0.0
2023-05-02,800.25,806.7999877929688,788.5499877929688,790.2000122070312,766.1010131835938,6301210,0.0,0.0
2023-05-03,794.5,794.5,777.2000122070312,779.2999877929688,755.5333251953125,3908267,0.0,0.0
2023-05-04,779.2999877929688,792.7000122070312,773.6500244140625,789.0999755859375,765.0344848632812,2457671,0.0,0.0
2023-05-05,789.0999755859375,790.9500122070312,780.25,787.2999877929688,763.2893676757812,1438467,0.0,0.0
2023-05-08,789.9000244140625,795.2999877929688,785.2000122070312,793.75,769.542724609375,2489174,0.0,0.0
2023-05-09,796.9000244140625,798.3499755859375,790.5,793.5999755859375,769.3972778320312,2486331,0.0,0.0
2023-05-10,797.0,797.5499877929688,788.0499877929688,796.0499877929688,771.7725219726562,2737334,0.0,0.0
2023-05-11,794.5499877929688,794.5499877929688,783.7000122070312,788.5999755859375,764.5497436523438,4808171,0.0,0.0
2023-05-12,787.5,793.7000122070312,784.5,791.9500122070312,767.7975463867188,2576010,0.0,0.0
2023-05-15,793.0,802.5,789.5499877929688,797.0499877929688,772.7420043945312,7569060,0.0,0.0
2023-05-16,800.8499755859375,801.25,784.0,787.3499755859375,763.3378295898438,4846217,0.0,0.0
2023-05-17,788.0,797.6500244140625,783.9000244140625,792.25,768.0884399414062,6529233,0.0,0.0
2023-05-18,797.9500122070312,803.0,794.6500244140625,799.3499755859375,774.9718627929688,11383252,0.0,0.0
2023-05-19,799.3499755859375,808.3499755859375,793.25,805.75,781.1766967773438,3432240,0.0,0.0
2023-05-22,801.0,804.0,799.5,801.8499755859375,777.3956298828125,9996762,0.0,0.0
2023-05-23,808.9500122070312,808.9500122070312,797.9500122070312,799.9500122070312,775.5535888671875,6516636,0.0,0.0
2023-05-24,802.9000244140625,802.9000244140625,795.0,801.4000244140625,776.9594116210938,9104329,0.0,0.0
2023-05-25,799.5999755859375,825.5,797.8499755859375,822.7000122070312,797.6098022460938,9570396,0.0,0.0
2023-05-26,827.9000244140625,829.3499755859375,813.4000244140625,817.9500122070312,793.004638671875,6150206,0.0,0.0
2023-05-29,829.4000244140625,829.4000244140625,818.0,821.25,796.2039794921875,3684829,0.0,0.0
2023-05-30,821.25,826.3499755859375,812.7999877929688,818.4500122070312,793.4894409179688,5148256,0.0,0.0
2023-05-31,819.0,888.75,818.0,849.9000244140625,823.9802856445312,47342125,0.0,0.0
2023-06-01,837.9500122070312,837.9500122070312,823.0,827.9500122070312,802.6996459960938,9713155,0.0,0.0
2023-06-02,832.7999877929688,839.2999877929688,826.9500122070312,836.5,810.989013671875,6834131,0.0,0.0
2023-06-05,838.5,841.3499755859375,832.1500244140625,834.5,809.0499267578125,5298053,0.0,0.0
2023-06-06,834.5,838.25,826.1500244140625,829.4500122070312,804.1539306640625,2722174,0.0,0.0
2023-06-07,828.9000244140625,847.5,827.25,844.25,818.5025024414062,4110739,0.0,0.0
2023-06-08,847.7000122070312,849.4000244140625,834.5499877929688,836.0,810.5042114257812,4050621,0.0,0.0
2023-06-09,838.5499877929688,839.7999877929688,828.9500122070312,833.5,808.0803833007812,3332436,0.0,0.0
2023-06-12,834.8499755859375,843.0999755859375,831.75,836.3499755859375,810.843505859375,1569715,0.0,0.0
2023-06-13,838.0999755859375,844.0,832.75,834.3499755859375,808.904541015625,3224345,0.0,0.0
2023-06-14,832.0,833.9500122070312,819.0,827.9500122070312,802.6996459960938,5108720,0.0,0.0
2023-06-15,827.0,833.7999877929688,824.2000122070312,829.7000122070312,804.3963012695312,3865201,0.0,0.0
2023-06-16,822.5,840.0,820.7999877929688,837.7999877929688,812.249267578125,4907797,0.0,0.0
2023-06-19,840.0,840.0,827.5,828.1500244140625,802.8936157226562,3017364,0.0,0.0
2023-06-20,828.0999755859375,833.7000122070312,826.8499755859375,831.2000122070312,805.8505859375,2691557,0.0,0.0
2023-06-21,832.0,840.75,830.4000244140625,839.0,813.4126586914062,3022724,0.0,0.0
2023-06-22,836.7000122070312,843.5,834.7000122070312,842.7999877929688,817.0967407226562,4380046,0.0,0.0
2023-06-23,844.0,862.75,841.3499755859375,854.7999877929688,828.7307739257812,7667340,0.0,0.0
2023-06-26,857.3499755859375,857.3499755859375,846.3499755859375,851.9500122070312,825.9677124023438,4431992,0.0,0.0
2023-06-27,856.5,871.3499755859375,853.5999755859375,864.9000244140625,838.5227661132812,5533649,0.0,0.0
2023-06-28,869.5,873.5999755859375,863.5999755859375,872.2000122070312,845.6001586914062,6272649,0.0,0.0
2023-06-30,880.0,883.0,867.0499877929688,878.75,851.9503784179688,5217511,0.0,0.0
2023-07-03,880.0,884.1500244140625,874.5999755859375,879.1500244140625,852.3382568359375,3333167,0.0,0.0
2023-07-04,873.7999877929688,873.7999877929688,853.2999877929688,865.1500244140625,838.7651977539062,7397493,0.0,0.0
2023-07-05,868.0,871.0,863.0499877929688,866.6500244140625,840.219482421875,4284477,0.0,0.0
2023-07-06,864.3499755859375,877.9000244140625,863.4500122070312,869.6500244140625,843.1279907226562,6365222,0.0,0.0
2023-07-07,865.0,883.5999755859375,862.5,870.4500122070312,843.903564453125,18763997,0.0,0.0
2023-07-10,867.0,889.5999755859375,865.0,885.4000244140625,858.3975830078125,4310681,0.0,0.0
2023-07-11,890.0,893.1500244140625,886.2999877929688,891.9000244140625,864.6994018554688,3353977,0.0,0.0
2023-07-12,889.9500122070312,895.7000122070312,883.0999755859375,889.9500122070312,862.8088989257812,3033186,0.0,0.0
2023-07-13,891.3499755859375,893.2999877929688,883.25,885.0499877929688,858.0582275390625,4228714,0.0,0.0
2023-07-14,885.0,890.25,879.6500244140625,886.5,859.4639892578125,3860080,0.0,0.0
2023-07-17,886.0,896.6500244140625,876.0,878.0999755859375,851.3201904296875,5614592,0.0,0.0
2023-07-18,877.0499877929688,880.2000122070312,863.1500244140625,875.4500122070312,848.7510986328125,4731911,0.0,0.0
2023-07-19,875.4500122070312,877.0,867.2000122070312,870.75,844.1943969726562,6641825,0.0,0.0
2023-07-20,871.0,886.7000122070312,868.0,884.8499755859375,857.8643188476562,3779959,0.0,0.0
2023-07-21,878.0999755859375,891.9000244140625,874.7999877929688,886.0,858.9793090820312,7001587,0.0,0.0
2023-07-24,885.0,892.5999755859375,880.7999877929688,888.1500244140625,861.0637817382812,4125577,0.0,0.0
2023-07-25,888.0,894.7000122070312,879.0999755859375,883.6500244140625,856.7009887695312,3652262,0.0,0.0
2023-07-26,886.5,896.5,883.2999877929688,889.4000244140625,862.275634765625,2845581,0.0,0.0
2023-07-27,889.3499755859375,901.4000244140625,888.1500244140625,895.1500244140625,867.8502197265625,3445446,0.0,0.0
2023-07-28,899.9000244140625,899.9000244140625,890.5499877929688,895.0999755859375,867.8018188476562,2314339,0.0,0.0
2023-07-31,894.0,897.7999877929688,885.25,889.9000244140625,862.7603759765625,4424817,0.0,0.0
2023-08-01,894.5,897.4000244140625,888.1500244140625,891.6500244140625,864.4569702148438,2087412,0.0,0.0
2023-08-02,883.2000122070312,890.6500244140625,872.5999755859375,878.0999755859375,851.3201904296875,3328903,0.0,0.0
2023-08-03,875.0,882.0499877929688,865.0999755859375,871.7000122070312,845.1153564453125,4642067,0.0,0.0
2023-08-04,869.0,892.9500122070312,866.2000122070312,889.6500244140625,862.5180053710938,7066276,0.0,0.0
2023-08-07,885.1500244140625,900.5499877929688,884.0999755859375,891.4000244140625,864.2146606445312,4086452,0.0,0.0
2023-08-08,892.0,894.2999877929688,880.4500122070312,885.4000244140625,858.3975830078125,3282856,0.0,0.0
2023-08-09,885.0,897.4500122070312,878.7999877929688,883.7000122070312,856.7494506835938,3185159,0.0,0.0
2023-08-10,882.0,883.9000244140625,868.2000122070312,874.7999877929688,848.120849609375,3439922,0.0,0.0
2023-08-11,872.0,873.7000122070312,865.0,870.5499877929688,847.8773803710938,2812690,4.0,0.0
2023-08-14,870.5,870.5999755859375,857.5999755859375,867.0499877929688,844.468505859375,2665905,0.0,0.0
2023-08-16,870.0,874.0,853.2000122070312,856.9500122070312,834.631591796875,3962408,0.0,0.0
2023-08-17,857.2000122070312,859.8499755859375,850.0,856.7000122070312,834.3880615234375,3013019,0.0,0.0
2023-08-18,856.7000122070312,862.0,852.25,856.25,833.9497680664062,4929835,0.0,0.0
2023-08-21,855.6500244140625,874.0,854.0999755859375,871.9500122070312,849.2409057617188,3220142,0.0,0.0
2023-08-22,871.0,879.9500122070312,866.2000122070312,877.6500244140625,854.7924194335938,3333869,0.0,0.0
2023-08-23,877.0,877.0,866.7999877929688,868.1500244140625,845.5399169921875,1860153,0.0,0.0
2023-08-24,873.0,874.7000122070312,864.2000122070312,869.4500122070312,846.8060302734375,2842728,0.0,0.0
2023-08-25,869.4500122070312,875.9500122070312,861.0999755859375,873.5,850.7505493164062,3124339,0.0,0.0
2023-08-28,874.0499877929688,875.75,865.8499755859375,870.3499755859375,847.6825561523438,3094455,0.0,0.0
2023-08-29,870.0,870.0,848.5,855.2000122070312,832.9271850585938,14064286,0.0,0.0
2023-08-30,859.8499755859375,862.5999755859375,856.4500122070312,857.75,835.4107055664062,3261665,0.0,0.0
2023-08-31,855.5,859.5,847.0499877929688,856.4000244140625,834.095947265625,12528190,0.0,0.0
2023-09-01,853.1500244140625,867.5499877929688,852.75,865.9500122070312,843.3971557617188,4427899,0.0,0.0
2023-09-04,865.75,869.4500122070312,859.7000122070312,865.2999877929688,842.76416015625,3102649,0.0,0.0
2023-09-05,863.0999755859375,867.7999877929688,858.4000244140625,865.9000244140625,843.3484497070312,2216754,0.0,0.0
2023-09-06,867.1500244140625,882.4000244140625,865.7999877929688,880.2999877929688,857.3734130859375,4235096,0.0,0.0
2023-09-07,880.2999877929688,883.7000122070312,873.1500244140625,875.2999877929688,852.5036010742188,4532834,0.0,0.0
2023-09-08,881.7999877929688,890.6500244140625,878.1500244140625,885.8499755859375,862.7788696289062,3741470,0.0,0.0
2023-09-11,888.0,892.2999877929688,883.5999755859375,890.7999877929688,867.5999755859375,2733894,0.0,0.0
2023-09-12,894.9000244140625,896.5,885.0,890.4000244140625,867.2103881835938,4106031,0.0,0.0
2023-09-13,888.0499877929688,918.0,885.5499877929688,915.1500244140625,891.3158569335938,5222561,0.0,0.0
2023-09-14,920.2999877929688,920.5999755859375,910.0999755859375,914.9500122070312,891.1210327148438,5513106,0.0,0.0
2023-09-15,912.5999755859375,948.7000122070312,910.0,936.1500244140625,911.7689208984375,14003428,0.0,0.0
2023-09-18,929.4000244140625,935.7999877929688,918.0,920.2000122070312,896.2342529296875,2977375,0.0,0.0
2023-09-20,911.0,919.2999877929688,904.7999877929688,910.7000122070312,886.981689453125,5241903,0.0,0.0
2023-09-21,910.2000122070312,920.1500244140625,903.3499755859375,917.9500122070312,894.0429077148438,4896202,0.0,0.0
2023-09-22,917.9500122070312,922.3499755859375,903.7999877929688,911.4000244140625,887.6635131835938,6112928,0.0,0.0
2023-09-25,912.0,913.3499755859375,902.0499877929688,910.4000244140625,886.6895751953125,5278045,0.0,0.0
2023-09-26,910.0,920.9500122070312,908.0,912.7000122070312,888.9295654296875,5355047,0.0,0.0
2023-09-27,914.9500122070312,921.0499877929688,907.4500122070312,920.25,896.2830200195312,4713145,0.0,0.0
2023-09-28,926.0,932.0,918.5999755859375,925.6500244140625,901.5423583984375,7386917,0.0,0.0
2023-09-29,932.0,936.4000244140625,921.7999877929688,926.4000244140625,902.2728271484375,5608557,0.0,0.0
2023-10-03,918.25,928.25,916.0499877929688,925.2999877929688,901.2014770507812,4338272,0.0,0.0
2023-10-04,918.2999877929688,925.9500122070312,918.2999877929688,924.25,900.1787719726562,5603669,0.0,0.0
2023-10-05,925.0499877929688,929.5999755859375,919.4000244140625,928.8499755859375,904.6589965820312,7063132,0.0,0.0
2023-10-06,929.2000122070312,929.2000122070312,924.2999877929688,926.0499877929688,901.931884765625,2420855,0.0,0.0
2023-10-09,918.0,928.0499877929688,916.5499877929688,924.5499877929688,900.4710083007812,2248103,0.0,0.0
2023-10-10,924.5499877929688,954.0499877929688,921.0499877929688,948.3499755859375,923.651123046875,7897875,0.0,0.0
2023-10-11,948.5,956.7999877929688,948.0,955.5999755859375,930.7122802734375,5645289,0.0,0.0
2023-10-12,955.5999755859375,956.7999877929688,947.0,950.3499755859375,925.5989990234375,5544735,0.0,0.0
2023-10-13,946.2999877929688,955.9500122070312,946.2999877929688,954.2000122070312,929.3488159179688,4421671,0.0,0.0
2023-10-16,957.9500122070312,958.75,943.8499755859375,946.5499877929688,921.89794921875,1881721,0.0,0.0
2023-10-17,946.5499877929688,960.25,946.0,953.6500244140625,928.8131713867188,3863410,0.0,0.0
2023-10-18,953.0,958.9000244140625,950.6500244140625,952.8499755859375,928.033935546875,2334392,0.0,0.0
2023-10-19,945.7999877929688,951.2999877929688,941.3499755859375,942.9500122070312,918.3917236328125,4306963,0.0,0.0
2023-10-20,937.7999877929688,947.5,937.0,945.2000122070312,920.5831909179688,3125104,0.0,0.0
2023-10-23,941.5999755859375,949.0999755859375,937.0,939.2999877929688,914.8368530273438,2180066,0.0,0.0
2023-10-25,924.5999755859375,939.6500244140625,919.0,922.5999755859375,898.5717163085938,6365249,0.0,0.0
2023-10-26,921.6500244140625,924.5999755859375,900.0499877929688,905.5,881.9171142578125,6595332,0.0,0.0
2023-10-27,910.75,918.4000244140625,906.4500122070312,914.5999755859375,890.7800903320312,3508393,0.0,0.0
2023-10-30,914.7999877929688,931.9500122070312,910.3499755859375,926.25,902.126708984375,3686768,0.0,0.0
2023-10-31,920.2999877929688,923.5499877929688,912.4000244140625,914.4000244140625,890.5853271484375,5697563,0.0,0.0
2023-11-01,903.0,914.5499877929688,895.4500122070312,913.4500122070312,889.6600952148438,4821458,0.0,0.0
2023-11-02,920.0,925.9500122070312,916.4000244140625,923.8499755859375,899.7892456054688,6611573,0.0,0.0
2023-11-03,925.0,933.7000122070312,922.2000122070312,930.75,906.5094604492188,3895154,0.0,0.0
2023-11-06,934.2000122070312,940.7000122070312,930.0,939.2000122070312,914.739501953125,2760800,0.0,0.0
2023-11-07,936.0499877929688,938.9500122070312,932.4500122070312,937.1500244140625,912.7428588867188,3616946,0.0,0.0
2023-11-08,941.7999877929688,941.7999877929688,934.4000244140625,936.75,912.353271484375,1808553,0.0,0.0
2023-11-09,936.75,937.2999877929688,930.5499877929688,932.3499755859375,908.0678100585938,3914416,0.0,0.0
2023-11-10,929.0,937.0,929.0,935.5,911.1358032226562,1345614,0.0,0.0
2023-11-13,938.0,940.2999877929688,933.7999877929688,935.0,910.6488037109375,1656368,0.0,0.0
2023-11-15,948.0,952.7000122070312,936.2000122070312,950.0,925.2581787109375,4816316,0.0,0.0
2023-11-16,949.0,953.9000244140625,943.25,949.5499877929688,924.8198852539062,5310736,0.0,0.0
2023-11-17,948.7999877929688,954.0,946.0,947.2999877929688,922.6284790039062,3249469,0.0,0.0
2023-11-20,949.0,964.2999877929688,941.9500122070312,961.4000244140625,936.361328125,4646962,0.0,0.0
2023-11-21,967.0,976.3499755859375,961.0,970.8499755859375,945.5651245117188,5704644,0.0,0.0
2023-11-22,974.2999877929688,976.2999877929688,965.9500122070312,969.75,944.4937744140625,3309732,0.0,0.0
2023-11-23,970.0,981.0,963.7000122070312,976.6500244140625,951.2141723632812,2749555,0.0,0.0
2023-11-24,975.0,977.1500244140625,971.0,973.1500244140625,947.8052978515625,2322104,0.0,0.0
2023-11-28,974.0499877929688,988.0,971.2000122070312,984.9000244140625,959.249267578125,5096984,0.0,0.0
2023-11-29,995.9000244140625,1007.0999755859375,990.9500122070312,995.4000244140625,969.4757690429688,5647918,0.0,0.0
2023-11-30,995.0,1018.2000122070312,992.7000122070312,1014.7000122070312,988.2731323242188,9934052,0.0,0.0
2023-12-01,1015.0,1022.5499877929688,1008.2000122070312,1014.7000122070312,988.2731323242188,5544950,0.0,0.0
2023-12-04,1036.0,1044.0,1025.199951171875,1032.9000244140625,1005.9990844726562,5164902,0.0,0.0
2023-12-05,1038.800048828125,1045.949951171875,1022.0999755859375,1031.0999755859375,1004.2459716796875,4266159,0.0,0.0
2023-12-06,1029.0999755859375,1035.0,1013.4500122070312,1024.449951171875,997.7691650390625,4121251,0.0,0.0
2023-12-07,1015.0,1019.7000122070312,998.0,1000.0,973.9559326171875,13805235,0.0,0.0
2023-12-08,998.7000122070312,1004.0,991.2999877929688,1000.25,974.199462890625,6630766,0.0,0.0
2023-12-11,996.0999755859375,1004.5999755859375,992.0499877929688,1000.8499755859375,974.7838745117188,6195119,0.0,0.0
2023-12-12,999.25,1000.8499755859375,987.0,995.25,969.3297119140625,7119331,0.0,0.0
2023-12-13,993.2000122070312,1002.0,991.5,999.9000244140625,973.858642578125,4153219,0.0,0.0
2023-12-14,1006.0,1011.2000122070312,999.1500244140625,1005.2000122070312,979.0205688476562,6541673,0.0,0.0
2023-12-15,999.6500244140625,1010.8499755859375,988.25,992.5499877929688,966.7000122070312,10119597,0.0,0.0
2023-12-18,995.0,998.7999877929688,982.1500244140625,990.25,964.4598388671875,5750263,0.0,0.0
2023-12-19,995.4500122070312,997.9500122070312,985.9000244140625,988.4500122070312,962.706787109375,3912964,0.0,0.0
2023-12-20,992.9000244140625,993.6500244140625,969.0,971.5499877929688,946.2468872070312,3990591,0.0,0.0
2023-12-21,968.0,981.5499877929688,960.0,977.9000244140625,952.4315185546875,4294277,0.0,0.0
2023-12-22,981.9000244140625,998.9500122070312,975.5499877929688,989.5499877929688,963.778076171875,4605120,0.0,0.0
2023-12-26,995.0,1002.5,989.6500244140625,999.8499755859375,973.809814453125,2460643,0.0,0.0
2023-12-27,1000.0,1024.050048828125,998.0,1021.2000122070312,994.6038208007812,4791379,0.0,0.0
2023-12-28,1023.9000244140625,1041.949951171875,1022.2000122070312,1036.699951171875,1009.7001342773438,5288328,0.0,0.0
2023-12-29,1033.1500244140625,1043.25,1024.4000244140625,1032.199951171875,1005.3173217773438,4631749,0.0,0.0
2024-01-01,1031.949951171875,1031.949951171875,1007.0,1013.0499877929688,986.6660766601562,3804406,0.0,0.0
2024-01-02,1017.4000244140625,1025.449951171875,1016.0,1021.7000122070312,995.0907592773438,6865791,0.0,0.0
2024-01-03,1031.949951171875,1037.0,1021.3499755859375,1035.199951171875,1008.2391967773438,3604276,0.0,0.0
2024-01-04,1035.25,1058.800048828125,1027.550048828125,1047.9000244140625,1020.6085205078125,4664043,0.0,0.0
2024-01-05,1053.800048828125,1063.6500244140625,1038.949951171875,1046.5999755859375,1019.3423461914062,4008221,0.0,0.0
2024-01-08,1050.0,1059.0,1045.25,1049.050048828125,1021.7285766601562,4489695,0.0,0.0
2024-01-09,1057.0,1067.9000244140625,1048.050048828125,1064.5,1036.776123046875,3371125,0.0,0.0
2024-01-10,1066.949951171875,1073.300048828125,1055.300048828125,1062.699951171875,1035.02294921875,3111573,0.0,0.0
2024-01-11,1065.75,1073.9000244140625,1057.3499755859375,1062.8499755859375,1035.1690673828125,2604325,0.0,0.0
2024-01-12,1058.0999755859375,1078.550048828125,1051.5999755859375,1076.3499755859375,1048.3175048828125,3394013,0.0,0.0
2024-01-15,1078.050048828125,1104.699951171875,1074.550048828125,1102.4000244140625,1073.6890869140625,3312897,0.0,0.0
2024-01-16,1107.0,1117.0,1093.0,1095.9000244140625,1067.3583984375,5025540,0.0,0.0
2024-01-17,1092.0,1108.949951171875,1078.800048828125,1085.25,1056.9857177734375,4568700,0.0,0.0
2024-01-18,1075.199951171875,1096.0,1075.199951171875,1087.050048828125,1058.7388916015625,4407330,0.0,0.0
2024-01-19,1091.0,1136.3499755859375,1089.800048828125,1125.0,1095.7005615234375,11753391,0.0,0.0
2024-01-23,1145.0,1172.550048828125,1135.0,1158.0,1127.841064453125,18194595,0.0,0.0
2024-01-24,1140.0999755859375,1194.0,1140.0999755859375,1189.949951171875,1158.9588623046875,9546592,0.0,0.0
2024-01-25,1186.0,1200.6500244140625,1157.050048828125,1160.550048828125,1130.3245849609375,11424697,0.0,0.0
2024-01-29,1158.0,1169.75,1158.0,1162.1500244140625,1131.8829345703125,4015858,0.0,0.0
2024-01-30,1162.1500244140625,1180.8499755859375,1154.550048828125,1158.6500244140625,1128.47412109375,3902023,0.0,0.0
2024-01-31,1159.0,1175.050048828125,1146.199951171875,1170.699951171875,1140.210205078125,5981966,0.0,0.0
2024-02-01,1165.050048828125,1170.199951171875,1148.949951171875,1151.199951171875,1121.2181396484375,3606209,0.0,0.0
2024-02-02,1155.0,1175.199951171875,1145.300048828125,1150.800048828125,1120.82861328125,4969983,0.0,0.0
2024-02-05,1154.3499755859375,1159.6500244140625,1110.0,1113.550048828125,1084.548828125,7809331,0.0,0.0
2024-02-06,1125.0,1156.0999755859375,1123.0,1134.050048828125,1104.5147705078125,9863065,0.0,0.0
2024-02-07,1138.800048828125,1148.25,1131.800048828125,1134.300048828125,1104.75830078125,2770694,0.0,0.0
2024-02-08,1144.4000244140625,1146.5,1116.199951171875,1142.1500244140625,1112.40380859375,6519392,0.0,0.0
2024-02-09,1145.949951171875,1145.949951171875,1116.25,1120.25,1091.07421875,4203171,0.0,0.0
2024-02-12,1122.9000244140625,1129.0,1111.300048828125,1118.699951171875,1089.5645751953125,3887976,0.0,0.0
2024-02-13,1111.0,1125.0,1103.800048828125,1117.8499755859375,1088.73681640625,3211554,0.0,0.0
2024-02-14,1110.0,1121.1500244140625,1104.699951171875,1115.8499755859375,1086.7886962890625,4653070,0.0,0.0
2024-02-15,1122.300048828125,1131.449951171875,1109.4000244140625,1120.699951171875,1091.512451171875,5056712,0.0,0.0
2024-02-16,1124.0,1127.050048828125,1116.8499755859375,1120.0,1090.8306884765625,3091952,0.0,0.0
2024-02-19,1121.050048828125,1145.0,1118.3499755859375,1142.199951171875,1112.4525146484375,4711035,0.0,0.0
2024-02-20,1145.0,1151.5999755859375,1135.0,1143.949951171875,1114.1568603515625,5397418,0.0,0.0
2024-02-21,1155.0,1159.1500244140625,1132.5999755859375,1139.9000244140625,1110.21240234375,4570259,0.0,0.0
2024-02-22,1137.5999755859375,1138.75,1097.6500244140625,1135.550048828125,1105.9757080078125,8642368,0.0,0.0
2024-02-23,1127.0,1131.8499755859375,1115.300048828125,1125.75,1096.430908203125,6709844,0.0,0.0
2024-02-26,1118.0999755859375,1125.9000244140625,1104.3499755859375,1110.050048828125,1081.1397705078125,3186134,0.0,0.0
2024-02-27,1113.0,1131.0,1101.300048828125,1127.5,1098.13525390625,7149094,0.0,0.0
2024-02-28,1133.4000244140625,1152.6500244140625,1123.5,1128.75,1099.352783203125,5302711,0.0,0.0
2024-02-29,1118.8499755859375,1137.949951171875,1099.0,1123.3499755859375,1094.0933837890625,13818650,0.0,0.0
2024-03-01,1128.0,1140.75,1117.4000244140625,1128.699951171875,1099.3040771484375,5927490,0.0,0.0
2024-03-04,1132.0,1149.25,1132.0,1133.5,1103.9791259765625,5855090,0.0,0.0
2024-03-05,1133.050048828125,1179.75,1133.050048828125,1168.9000244140625,1138.4571533203125,5375008,0.0,0.0
2024-03-06,1173.949951171875,1196.5999755859375,1157.3499755859375,1193.699951171875,1162.6112060546875,5464839,0.0,0.0
2024-03-07,1209.8499755859375,1213.5999755859375,1189.449951171875,1199.699951171875,1168.4549560546875,8903981,0.0,0.0
2024-03-11,1186.0,1218.300048828125,1186.0,1196.5999755859375,1165.4356689453125,6679208,0.0,0.0
2024-03-12,1200.0,1208.0,1197.800048828125,1204.25,1172.8865966796875,4249548,0.0,0.0
2024-03-13,1212.0,1212.0,1151.699951171875,1168.75,1138.31103515625,7528096,0.0,0.0
2024-03-14,1173.949951171875,1199.699951171875,1163.550048828125,1194.5999755859375,1163.48779296875,8569080,0.0,0.0
2024-03-15,1190.0,1222.800048828125,1187.8499755859375,1220.0,1188.226318359375,10115416,0.0,0.0
2024-03-18,1225.0,1230.550048828125,1215.199951171875,1225.300048828125,1193.3883056640625,4141080,0.0,0.0
2024-03-19,1216.199951171875,1240.4000244140625,1214.5999755859375,1228.3499755859375,1196.3587646484375,7703719,0.0,0.0
2024-03-20,1228.25,1239.0,1223.6500244140625,1231.800048828125,1199.718994140625,6596032,0.0,0.0
2024-03-21,1238.0,1242.9000244140625,1214.0999755859375,1220.800048828125,1189.0054931640625,9952250,0.0,0.0
2024-03-22,1226.949951171875,1245.0,1222.0,1236.0999755859375,1203.906982421875,7840007,0.0,0.0
2024-03-26,1225.0,1234.0,1210.0,1213.0999755859375,1181.505859375,10898138,0.0,0.0
2024-03-27,1210.550048828125,1228.25,1210.550048828125,1224.800048828125,1192.9013671875,5779169,0.0,0.0
2024-03-28,1226.949951171875,1238.5,1220.300048828125,1228.5999755859375,1196.602294921875,10518377,0.0,0.0
2024-04-01,1228.0,1231.9000244140625,1208.0,1217.3499755859375,1185.645263671875,5461473,0.0,0.0
2024-04-02,1225.0,1227.75,1203.199951171875,1208.25,1176.7823486328125,3625577,0.0,0.0
2024-04-03,1195.0,1240.5999755859375,1189.449951171875,1225.699951171875,1193.77783203125,9532291,0.0,0.0
2024-04-04,1231.949951171875,1233.0,1201.300048828125,1206.8499755859375,1175.418701171875,7327626,0.0,0.0
2024-04-05,1205.9000244140625,1211.3499755859375,1188.949951171875,1191.0,1159.9814453125,4227519,0.0,0.0
2024-04-08,1188.0,1210.550048828125,1183.0999755859375,1204.699951171875,1173.32470703125,4827733,0.0,0.0
2024-04-09,1214.949951171875,1214.949951171875,1198.300048828125,1204.449951171875,1173.0811767578125,3372798,0.0,0.0
2024-04-10,1213.25,1230.699951171875,1208.75,1229.4000244140625,1197.3814697265625,6442196,0.0,0.0
2024-04-12,1226.0999755859375,1231.8499755859375,1219.550048828125,1225.550048828125,1193.6318359375,7877073,0.0,0.0
2024-04-15,1210.5999755859375,1235.0,1210.3499755859375,1224.550048828125,1192.6578369140625,4281602,0.0,0.0
2024-04-16,1223.9000244140625,1233.949951171875,1212.050048828125,1216.449951171875,1184.7686767578125,5235632,0.0,0.0
2024-04-18,1220.0,1281.8499755859375,1215.800048828125,1265.75,1232.7847900390625,19939924,0.0,0.0
2024-04-19,1280.0,1296.5,1253.3499755859375,1289.0,1255.4293212890625,13103862,0.0,0.0
2024-04-22,1304.0,1305.4000244140625,1288.25,1297.550048828125,1263.756591796875,7894656,0.0,0.0
2024-04-23,1310.0,1351.0,1302.0999755859375,1342.3499755859375,1307.3897705078125,12074766,0.0,0.0
2024-04-24,1352.0,1354.0,1333.550048828125,1336.4000244140625,1301.5947265625,6277492,0.0,0.0
2024-04-25,1331.0,1343.800048828125,1324.3499755859375,1338.699951171875,1303.8348388671875,8512627,0.0,0.0
2024-04-26,1338.0,1345.699951171875,1322.0,1326.0,1291.465576171875,5289771,0.0,0.0
2024-04-29,1324.5,1346.0,1320.0,1332.449951171875,1297.7476806640625,3195888,0.0,0.0
2024-04-30,1323.1500244140625,1334.800048828125,1319.949951171875,1322.300048828125,1287.862060546875,5272565,0.0,0.0
2024-05-02,1315.25,1319.9000244140625,1293.5999755859375,1304.050048828125,1270.087158203125,7995432,0.0,0.0
2024-05-03,1306.0,1310.5,1258.1500244140625,1277.4000244140625,1244.1312255859375,11290875,0.0,0.0
2024-05-06,1275.0,1298.449951171875,1273.199951171875,1283.4000244140625,1249.9752197265625,5555467,0.0,0.0
2024-05-07,1286.3499755859375,1294.449951171875,1271.0,1286.1500244140625,1252.6534423828125,5767030,0.0,0.0
2024-05-08,1276.1500244140625,1299.4000244140625,1274.699951171875,1288.5999755859375,1255.03955078125,2682816,0.0,0.0
2024-05-09,1283.0,1295.300048828125,1270.050048828125,1275.449951171875,1242.2320556640625,4809145,0.0,0.0
2024-05-10,1275.050048828125,1308.5,1271.75,1301.1500244140625,1267.2626953125,5532513,0.0,0.0
2024-05-13,1301.1500244140625,1302.9000244140625,1281.4000244140625,1285.949951171875,1252.4586181640625,3703942,0.0,0.0
2024-05-14,1290.550048828125,1299.9000244140625,1280.699951171875,1284.300048828125,1250.851806640625,3262908,0.0,0.0
2024-05-15,1281.550048828125,1318.25,1280.5,1309.9000244140625,1275.784912109375,6891004,0.0,0.0
2024-05-16,1328.0,1356.8499755859375,1321.300048828125,1345.0999755859375,1310.0682373046875,11932181,0.0,0.0
2024-05-17,1353.5999755859375,1360.0,1339.25,1344.449951171875,1309.43505859375,6614017,0.0,0.0
2024-05-21,1356.0,1362.75,1335.75,1344.300048828125,1309.2890625,5422220,0.0,0.0
2024-05-22,1342.1500244140625,1351.0,1329.550048828125,1347.9000244140625,1312.7952880859375,3026723,0.0,0.0
2024-05-23,1350.75,1377.300048828125,1344.300048828125,1374.050048828125,1338.26416015625,7147341,0.0,0.0
2024-05-24,1375.5,1397.75,1374.050048828125,1388.5,1352.337890625,5622368,0.0,0.0
2024-05-27,1396.0,1407.0,1378.0,1384.3499755859375,1348.2958984375,6553974,0.0,0.0
2024-05-28,1384.800048828125,1386.949951171875,1366.9000244140625,1371.050048828125,1335.34228515625,2068963,0.0,0.0
2024-05-29,1355.5,1390.25,1355.5,1377.0999755859375,1341.234619140625,4445083,0.0,0.0
2024-05-30,1378.800048828125,1386.449951171875,1363.5,1377.1500244140625,1341.283447265625,7100303,0.0,0.0
2024-05-31,1380.0,1388.0,1338.0,1372.75,1336.9981689453125,24825643,0.0,0.0
2024-06-03,1415.300048828125,1420.449951171875,1385.0,1391.0999755859375,1354.8701171875,6017122,0.0,0.0
2024-06-04,1391.0999755859375,1397.0,1219.050048828125,1299.699951171875,1265.8505859375,19924421,0.0,0.0
2024-06-05,1325.6500244140625,1348.75,1279.8499755859375,1344.3499755859375,1309.337646484375,12175520,0.0,0.0
2024-06-06,1359.0,1376.25,1329.0,1370.5999755859375,1334.904052734375,10279789,0.0,0.0
2024-06-07,1370.5999755859375,1430.6500244140625,1363.1500244140625,1425.25,1388.1307373046875,12280748,0.0,0.0
2024-06-10,1421.050048828125,1436.6500244140625,1421.050048828125,1426.050048828125,1388.9100341796875,5318477,0.0,0.0
2024-06-11,1426.0,1434.5999755859375,1413.0,1427.25,1390.0787353515625,4416792,0.0,0.0
2024-06-12,1425.0,1447.8499755859375,1422.0999755859375,1438.4000244140625,1400.9383544921875,4876138,0.0,0.0
2024-06-13,1449.0,1455.949951171875,1420.449951171875,1425.75,1388.61767578125,7990376,0.0,0.0
2024-06-14,1434.0,1434.0,1420.949951171875,1427.4000244140625,1390.2247314453125,3978442,0.0,0.0
2024-06-18,1444.0,1444.0,1418.0,1428.3499755859375,1391.1500244140625,8671131,0.0,0.0
2024-06-19,1433.949951171875,1434.800048828125,1388.300048828125,1392.3499755859375,1356.0875244140625,8640918,0.0,0.0
2024-06-20,1405.949951171875,1406.949951171875,1376.25,1381.1500244140625,1345.17919921875,8742855,0.0,0.0
2024-06-21,1384.949951171875,1423.949951171875,1372.8499755859375,1416.050048828125,1379.17041015625,43929578,0.0,0.0
2024-06-24,1402.0,1423.800048828125,1389.3499755859375,1419.800048828125,1382.82275390625,6195831,0.0,0.0
2024-06-25,1434.0,1434.0,1409.8499755859375,1414.949951171875,1378.0989990234375,6353748,0.0,0.0
2024-06-26,1414.949951171875,1479.949951171875,1408.949951171875,1459.5,1421.48876953125,9579826,0.0,0.0
2024-06-27,1464.0,1489.0,1440.050048828125,1475.800048828125,1437.3642578125,19675528,0.0,0.0
2024-06-28,1536.25,1536.25,1436.6500244140625,1444.050048828125,1406.441162109375,29145832,0.0,0.0
2024-07-01,1450.0,1466.800048828125,1449.25,1454.0,1416.1319580078125,6011806,0.0,0.0
2024-07-02,1462.0,1473.4000244140625,1417.0,1418.949951171875,1381.994873046875,7792632,0.0,0.0
2024-07-03,1427.949951171875,1432.4000244140625,1408.449951171875,1419.8499755859375,1382.8714599609375,8261388,0.0,0.0
2024-07-04,1418.0,1441.0999755859375,1411.5,1423.050048828125,1385.988037109375,9570938,0.0,0.0
2024-07-05,1422.5,1433.5999755859375,1416.8499755859375,1429.699951171875,1392.46484375,4881198,0.0,0.0
2024-07-08,1431.0,1438.8499755859375,1423.1500244140625,1435.1500244140625,1397.77294921875,3261797,0.0,0.0
2024-07-09,1436.0,1441.6500244140625,1428.1500244140625,1435.550048828125,1398.16259765625,2897480,0.0,0.0
2024-07-10,1441.0,1448.75,1426.1500244140625,1445.050048828125,1407.4150390625,3416762,0.0,0.0
2024-07-11,1450.0,1450.8499755859375,1428.0,1437.949951171875,1400.4998779296875,4178558,0.0,0.0
2024-07-12,1442.0,1447.5999755859375,1421.449951171875,1433.25,1395.9224853515625,6342135,0.0,0.0
2024-07-15,1433.25,1440.0,1426.050048828125,1437.5999755859375,1400.1590576171875,3324806,0.0,0.0
2024-07-16,1452.0,1473.300048828125,1445.0,1466.5,1428.3062744140625,6967651,0.0,0.0
2024-07-18,1466.0,1485.949951171875,1459.050048828125,1483.6500244140625,1445.0098876953125,6470342,0.0,0.0
2024-07-19,1480.0,1480.0,1451.949951171875,1461.75,1423.68017578125,3858596,0.0,0.0
2024-07-22,1450.0,1472.0,1449.050048828125,1465.4000244140625,1427.2349853515625,3560584,0.0,0.0
2024-07-23,1470.0,1470.0,1428.449951171875,1465.699951171875,1427.5272216796875,2936143,0.0,0.0
2024-07-24,1466.0,1475.5999755859375,1436.550048828125,1455.199951171875,1417.3006591796875,4529339,0.0,0.0
2024-07-25,1445.0,1454.0,1440.0999755859375,1449.1500244140625,1411.4083251953125,4277756,0.0,0.0
2024-07-26,1450.25,1520.0,1449.1500244140625,1514.4000244140625,1474.958984375,9564987,0.0,0.0
2024-07-29,1525.0,1525.0,1477.050048828125,1481.3499755859375,1442.7696533203125,4589313,0.0,0.0
2024-07-30,1484.4000244140625,1484.9000244140625,1464.050048828125,1470.3499755859375,1432.05615234375,4263689,0.0,0.0
2024-07-31,1477.8499755859375,1504.1500244140625,1473.1500244140625,1491.550048828125,1452.7041015625,5634305,0.0,0.0
2024-08-01,1485.0,1511.0,1485.0,1505.5,1466.2906494140625,4531379,0.0,0.0
2024-08-02,1494.0999755859375,1505.1500244140625,1483.5999755859375,1493.800048828125,1454.8955078125,3335905,0.0,0.0
2024-08-05,1482.0,1488.0,1451.5,1465.699951171875,1427.5272216796875,5111901,0.0,0.0
2024-08-06,1483.0999755859375,1492.9000244140625,1431.0999755859375,1443.550048828125,1405.9542236328125,8249573,0.0,0.0
2024-08-07,1452.0,1454.9000244140625,1422.5999755859375,1441.75,1412.0263671875,5700734,8.0,0.0
2024-08-08,1435.0,1466.5,1430.0,1451.800048828125,1421.8692626953125,5986360,0.0,0.0
2024-08-09,1465.0,1482.0,1457.300048828125,1464.0999755859375,1433.91552734375,3615910,0.0,0.0
2024-08-12,1466.0,1477.5,1445.0,1458.5999755859375,1428.5289306640625,4028226,0.0,0.0
2024-08-13,1468.0,1478.4000244140625,1450.3499755859375,1459.699951171875,1429.606201171875,4495208,0.0,0.0
2024-08-14,1453.0999755859375,1480.0999755859375,1453.0999755859375,1471.699951171875,1441.3587646484375,5891784,0.0,0.0
2024-08-16,1480.0,1491.0,1468.0999755859375,1483.550048828125,1452.964599609375,7176426,0.0,0.0
2024-08-19,1487.0,1489.0999755859375,1464.300048828125,1469.6500244140625,1439.3511962890625,4404075,0.0,0.0
2024-08-20,1480.0,1484.75,1446.5,1449.1500244140625,1419.2738037109375,10046892,0.0,0.0
2024-08-21,1453.0,1466.5999755859375,1447.699951171875,1463.449951171875,1433.2789306640625,6175510,0.0,0.0
2024-08-22,1473.699951171875,1499.9000244140625,1465.0,1486.3499755859375,1455.706787109375,6781325,0.0,0.0
2024-08-23,1493.0,1510.0,1479.3499755859375,1506.75,1475.686279296875,6238112,0.0,0.0
2024-08-26,1509.0,1520.699951171875,1505.0,1513.550048828125,1482.34619140625,4307432,0.0,0.0
2024-08-27,1518.0,1526.3499755859375,1502.0,1522.75,1491.3564453125,3965066,0.0,0.0
2024-08-28,1527.949951171875,1564.5,1521.6500244140625,1556.3499755859375,1524.263671875,6225319,0.0,0.0
2024-08-29,1565.0,1571.699951171875,1545.949951171875,1565.9000244140625,1533.616943359375,8036748,0.0,0.0
2024-08-30,1576.0,1608.4000244140625,1561.5999755859375,1589.050048828125,1556.28955078125,37820442,0.0,0.0
2024-09-02,1605.0,1605.0,1565.5,1571.3499755859375,1538.954345703125,4890314,0.0,0.0
2024-09-03,1579.0,1579.0,1558.5999755859375,1560.5999755859375,1528.4261474609375,4546295,0.0,0.0
2024-09-04,1558.0,1566.0,1542.0,1561.9000244140625,1529.6993408203125,5213811,0.0,0.0
2024-09-05,1559.0,1563.0,1541.5,1547.199951171875,1515.3023681640625,5652812,0.0,0.0
2024-09-06,1552.800048828125,1555.5999755859375,1530.199951171875,1539.25,1507.516357421875,5497805,0.0,0.0
2024-09-09,1523.25,1546.75,1523.25,1542.6500244140625,1510.84619140625,3912508,0.0,0.0
2024-09-10,1545.1500244140625,1586.0,1545.1500244140625,1577.8499755859375,1545.3204345703125,6163457,0.0,0.0
2024-09-11,1578.449951171875,1598.9000244140625,1574.449951171875,1577.800048828125,1545.271484375,5994914,0.0,0.0
2024-09-12,1596.1500244140625,1652.800048828125,1590.0999755859375,1646.75,1612.7999267578125,12204496,0.0,0.0
2024-09-13,1651.0,1654.9000244140625,1631.050048828125,1634.449951171875,1600.7535400390625,5609618,0.0,0.0
2024-09-16,1634.449951171875,1652.949951171875,1630.0999755859375,1635.449951171875,1601.73291015625,3762063,0.0,0.0
2024-09-17,1650.0,1666.050048828125,1638.5,1661.75,1627.49072265625,4223072,0.0,0.0
2024-09-18,1655.199951171875,1670.949951171875,1647.8499755859375,1654.9000244140625,1620.781982421875,3171195,0.0,0.0
2024-09-19,1647.699951171875,1711.699951171875,1647.699951171875,1664.8499755859375,1630.5267333984375,8498240,0.0,0.0
2024-09-20,1671.0,1723.4000244140625,1666.0,1711.75,1676.4599609375,21646275,0.0,0.0
2024-09-23,1719.0,1754.25,1719.0,1750.449951171875,1714.362060546875,5001827,0.0,0.0
2024-09-24,1752.0,1767.550048828125,1746.0999755859375,1756.6500244140625,1720.4342041015625,7579205,0.0,0.0
2024-09-25,1755.550048828125,1766.9000244140625,1745.0,1760.4000244140625,1724.1070556640625,4017103,0.0,0.0
2024-09-26,1770.0,1779.0,1746.1500244140625,1771.0999755859375,1734.5863037109375,7417423,0.0,0.0
2024-09-27,1755.199951171875,1763.449951171875,1722.5,1734.5999755859375,1698.8388671875,7116861,0.0,0.0
2024-09-30,1714.0,1733.0,1704.199951171875,1709.550048828125,1674.3052978515625,6907288,0.0,0.0
2024-10-01,1705.0,1722.8499755859375,1696.0,1698.699951171875,1663.678955078125,3649090,0.0,0.0
2024-10-03,1665.0,1695.0,1665.0,1673.449951171875,1638.949462890625,7200276,0.0,0.0
2024-10-04,1670.050048828125,1686.699951171875,1630.1500244140625,1640.9000244140625,1607.0706787109375,8576527,0.0,0.0
2024-10-07,1651.0,1670.0,1642.449951171875,1662.050048828125,1627.7845458984375,5387707,0.0,0.0
2024-10-08,1662.5999755859375,1679.5,1652.0,1657.449951171875,1623.2794189453125,5224335,0.0,0.0
2024-10-09,1666.75,1704.5999755859375,1661.050048828125,1678.0999755859375,1643.503662109375,3414614,0.0,0.0
2024-10-10,1686.5999755859375,1698.949951171875,1665.0,1678.0999755859375,1643.503662109375,5047657,0.0,0.0
2024-10-11,1678.0999755859375,1690.25,1658.6500244140625,1687.4000244140625,1652.612060546875,2367678,0.0,0.0
2024-10-14,1686.0,1710.050048828125,1679.3499755859375,1695.5999755859375,1660.6429443359375,2069815,0.0,0.0
2024-10-15,1708.0,1732.75,1699.949951171875,1717.25,1681.8465576171875,5891334,0.0,0.0
2024-10-16,1720.0,1742.25,1717.0999755859375,1733.949951171875,1698.2021484375,3299887,0.0,0.0
2024-10-17,1736.75,1737.949951171875,1694.4000244140625,1701.1500244140625,1666.0784912109375,4373392,0.0,0.0
2024-10-18,1710.0,1716.0999755859375,1685.199951171875,1707.8499755859375,1672.640380859375,4154915,0.0,0.0
2024-10-21,1705.550048828125,1708.949951171875,1662.0,1692.550048828125,1657.6558837890625,3836168,0.0,0.0
2024-10-22,1692.0,1712.9000244140625,1687.3499755859375,1692.25,1657.3619384765625,3070057,0.0,0.0
2024-10-23,1690.0,1701.3499755859375,1680.0999755859375,1685.800048828125,1651.044921875,2764757,0.0,0.0
2024-10-24,1687.0,1693.0,1657.4000244140625,1678.449951171875,1643.846435546875,3669575,0.0,0.0
2024-10-25,1681.0999755859375,1684.75,1655.8499755859375,1666.0,1631.653076171875,3434386,0.0,0.0
2024-10-28,1658.1500244140625,1677.8499755859375,1645.6500244140625,1663.3499755859375,1629.0577392578125,2811651,0.0,0.0
2024-10-29,1650.5,1667.949951171875,1610.0,1637.0999755859375,1603.348876953125,6990747,0.0,0.0
2024-10-30,1627.800048828125,1651.0,1617.800048828125,1633.3499755859375,1599.67626953125,4622628,0.0,0.0
2024-10-31,1634.0,1638.800048828125,1602.1500244140625,1612.5999755859375,1579.35400390625,4921681,0.0,0.0
2024-11-01,1620.0,1626.3499755859375,1605.3499755859375,1616.449951171875,1583.1246337890625,279441,0.0,0.0
2024-11-04,1619.1500244140625,1623.8499755859375,1573.050048828125,1591.25,1558.4442138671875,6094029,0.0,0.0
2024-11-05,1583.25,1593.9000244140625,1566.0,1578.4000244140625,1545.8592529296875,6473278,0.0,0.0
2024-11-06,1583.0,1610.75,1566.5,1598.800048828125,1565.838623046875,6631728,0.0,0.0
2024-11-07,1595.949951171875,1608.550048828125,1569.6500244140625,1575.800048828125,1543.312744140625,5160994,0.0,0.0
2024-11-08,1571.0,1579.5,1558.8499755859375,1569.9000244140625,1537.534423828125,3096384,0.0,0.0
2024-11-11,1561.0,1581.5999755859375,1551.800048828125,1560.550048828125,1528.377197265625,3664301,0.0,0.0
2024-11-12,1568.800048828125,1595.0,1550.0999755859375,1555.6500244140625,1523.5782470703125,4479934,0.0,0.0
2024-11-13,1559.9000244140625,1572.5,1546.3499755859375,1550.449951171875,1518.4853515625,5816699,0.0,0.0
2024-11-14,1550.0,1568.0,1536.550048828125,1550.5,1518.5343017578125,5139154,0.0,0.0
2024-11-18,1568.949951171875,1568.949951171875,1529.449951171875,1537.0,1505.3126220703125,4816078,0.0,0.0
2024-11-19,1537.0,1558.0,1519.300048828125,1525.5,1494.0496826171875,6238241,0.0,0.0
2024-11-21,1538.0,1542.050048828125,1511.0,1525.1500244140625,1493.7069091796875,7356679,0.0,0.0
2024-11-22,1533.0,1575.0,1520.199951171875,1569.300048828125,1536.94677734375,7640321,0.0,0.0
2024-11-25,1581.949951171875,1609.25,1562.550048828125,1578.75,1546.201904296875,12155641,0.0,0.0
2024-11-26,1590.0,1604.8499755859375,1566.0,1577.25,1544.73291015625,4030593,0.0,0.0
2024-11-27,1569.1500244140625,1583.75,1554.1500244140625,1577.6500244140625,1545.1246337890625,4982785,0.0,0.0
2024-11-28,1571.0,1588.5,1556.949951171875,1560.4000244140625,1528.230224609375,6714728,0.0,0.0
2024-11-29,1551.1500244140625,1648.9000244140625,1551.1500244140625,1627.1500244140625,1593.6041259765625,10775801,0.0,0.0
2024-12-02,1627.1500244140625,1646.199951171875,1617.199951171875,1643.5999755859375,1609.71484375,3790108,0.0,0.0
2024-12-03,1652.9000244140625,1652.9000244140625,1613.1500244140625,1620.550048828125,1587.1402587890625,9131055,0.0,0.0
2024-12-04,1629.75,1630.5,1582.4000244140625,1584.0999755859375,1551.4415283203125,8772014,0.0,0.0
2024-12-05,1600.0,1622.050048828125,1585.3499755859375,1615.3499755859375,1582.04736328125,10324005,0.0,0.0
2024-12-06,1618.0,1624.6500244140625,1594.800048828125,1597.8499755859375,1564.908203125,4296866,0.0,0.0
2024-12-09,1595.9000244140625,1605.9000244140625,1589.050048828125,1602.550048828125,1569.51123046875,4264409,0.0,0.0
2024-12-10,1610.550048828125,1611.8499755859375,1570.050048828125,1578.6500244140625,1546.10400390625,14645786,0.0,0.0
2024-12-11,1588.0,1588.0,1571.199951171875,1586.0,1553.3023681640625,3853182,0.0,0.0
2024-12-12,1578.5,1617.9000244140625,1578.5,1610.550048828125,1577.3463134765625,13120939,0.0,0.0
2024-12-13,1618.0,1685.0,1606.800048828125,1681.75,1647.078369140625,12900707,0.0,0.0
2024-12-16,1681.75,1687.0,1660.1500244140625,1662.550048828125,1628.2742919921875,4375126,0.0,0.0
2024-12-17,1650.5,1658.6500244140625,1608.5,1615.300048828125,1581.9984130859375,6182486,0.0,0.0
2024-12-18,1621.4000244140625,1623.0,1596.0999755859375,1601.9000244140625,1568.874755859375,3905144,0.0,0.0
2024-12-19,1586.4000244140625,1609.75,1585.449951171875,1600.300048828125,1567.3076171875,5865855,0.0,0.0
2024-12-20,1610.0,1622.300048828125,1573.4000244140625,1578.0999755859375,1545.5653076171875,9738879,0.0,0.0
2024-12-23,1586.0,1607.449951171875,1578.3499755859375,1586.9000244140625,1554.183837890625,4363599,0.0,0.0
2024-12-24,1590.0,1598.800048828125,1575.0,1583.9000244140625,1551.2457275390625,3610076,0.0,0.0
2024-12-26,1583.9000244140625,1606.8499755859375,1581.0999755859375,1599.5,1566.524169921875,3400479,0.0,0.0
2024-12-27,1599.5,1628.449951171875,1596.300048828125,1599.8499755859375,1566.866943359375,2559578,0.0,0.0
2024-12-30,1605.0,1613.050048828125,1581.0999755859375,1586.9000244140625,1554.183837890625,4438130,0.0,0.0
2024-12-31,1583.0,1597.199951171875,1563.3499755859375,1587.75,1555.016357421875,2249626,0.0,0.0
2025-01-01,1593.0,1606.550048828125,1584.050048828125,1595.699951171875,1562.802490234375,1405565,0.0,0.0
2025-01-02,1599.9000244140625,1619.5999755859375,1588.4000244140625,1609.699951171875,1576.5137939453125,3728040,0.0,0.0
2025-01-03,1615.0,1617.0,1593.300048828125,1598.8499755859375,1565.8875732421875,3669685,0.0,0.0
2025-01-06,1596.1500244140625,1609.8499755859375,1567.0999755859375,1588.449951171875,1555.701904296875,4584188,0.0,0.0
2025-01-07,1594.0,1603.0,1584.050048828125,1590.8499755859375,1558.0523681640625,2830856,0.0,0.0
2025-01-08,1598.75,1613.449951171875,1577.8499755859375,1599.199951171875,1566.230224609375,3674564,0.0,0.0
2025-01-09,1600.0,1620.199951171875,1592.4000244140625,1607.050048828125,1573.9185791015625,4684859,0.0,0.0
2025-01-10,1608.0,1625.0,1591.800048828125,1615.9000244140625,1582.5860595703125,4145892,0.0,0.0
2025-01-13,1580.0,1614.699951171875,1578.0999755859375,1597.199951171875,1564.271484375,3705039,0.0,0.0
2025-01-14,1604.699951171875,1633.4000244140625,1578.5,1600.0999755859375,1567.1116943359375,7284572,0.0,0.0
2025-01-15,1608.050048828125,1613.8499755859375,1593.0,1607.449951171875,1574.3101806640625,2960985,0.0,0.0
2025-01-16,1619.050048828125,1635.0,1600.550048828125,1630.199951171875,1596.5911865234375,5299325,0.0,0.0
2025-01-17,1630.0999755859375,1639.0,1623.0,1627.5,1593.9468994140625,2678801,0.0,0.0
2025-01-20,1638.0,1645.0,1618.0999755859375,1641.1500244140625,1607.3155517578125,3933044,0.0,0.0
2025-01-21,1654.0,1656.699951171875,1620.300048828125,1626.1500244140625,1592.624755859375,7958844,0.0,0.0
2025-01-22,1627.5,1641.0,1622.550048828125,1631.75,1598.1092529296875,3262136,0.0,0.0
2025-01-23,1624.5,1645.4000244140625,1617.199951171875,1636.0,1602.271728515625,2457080,0.0,0.0
2025-01-24,1634.050048828125,1661.9000244140625,1634.050048828125,1644.800048828125,1610.8902587890625,3620058,0.0,0.0
2025-01-27,1638.949951171875,1647.199951171875,1593.699951171875,1602.5999755859375,1569.5601806640625,6622807,0.0,0.0
2025-01-28,1607.6500244140625,1630.300048828125,1597.0,1618.3499755859375,1584.9854736328125,5216471,0.0,0.0
2025-01-29,1620.0,1626.9000244140625,1593.1500244140625,1600.449951171875,1567.4544677734375,5009227,0.0,0.0
2025-01-30,1606.699951171875,1644.949951171875,1595.199951171875,1640.75,1606.9237060546875,4283637,0.0,0.0
2025-01-31,1639.0999755859375,1639.0999755859375,1574.25,1626.300048828125,1592.7716064453125,8340866,0.0,0.0
2025-02-01,1627.0,1644.0,1609.199951171875,1623.25,1589.7845458984375,2741589,0.0,0.0
2025-02-03,1619.9000244140625,1661.0,1608.0999755859375,1652.3499755859375,1618.2845458984375,4146970,0.0,0.0
2025-02-04,1662.1500244140625,1668.300048828125,1629.050048828125,1661.449951171875,1627.1968994140625,6385876,0.0,0.0
2025-02-05,1670.0,1675.199951171875,1649.0999755859375,1660.449951171875,1626.217529296875,3920893,0.0,0.0
2025-02-06,1665.9000244140625,1667.300048828125,1613.25,1619.75,1586.3565673828125,5229162,0.0,0.0
2025-02-07,1635.050048828125,1707.550048828125,1635.0,1676.75,1642.1815185546875,14873255,0.0,0.0
2025-02-10,1698.8499755859375,1700.0,1678.050048828125,1693.050048828125,1658.1455078125,6782878,0.0,0.0
2025-02-11,1706.0,1706.6500244140625,1686.199951171875,1696.75,1661.7691650390625,8965266,0.0,0.0
2025-02-12,1704.0,1713.699951171875,1684.5,1711.550048828125,1676.26416015625,7148192,0.0,0.0
2025-02-13,1710.0,1728.4000244140625,1703.9000244140625,1714.5999755859375,1679.2510986328125,5356002,0.0,0.0
2025-02-14,1714.0,1724.0999755859375,1705.25,1717.050048828125,1681.6507568359375,5125863,0.0,0.0
2025-02-17,1711.75,1716.9000244140625,1666.25,1675.550048828125,1641.0062255859375,4906462,0.0,0.0
2025-02-18,1692.0,1695.949951171875,1655.800048828125,1668.9000244140625,1634.493408203125,7529598,0.0,0.0
2025-02-19,1670.0,1673.449951171875,1638.449951171875,1645.199951171875,1611.281982421875,7776555,0.0,0.0
2025-02-20,1639.8499755859375,1649.800048828125,1627.25,1643.5,1609.616943359375,5524503,0.0,0.0
2025-02-21,1643.5,1658.699951171875,1629.199951171875,1639.25,1605.45458984375,5447583,0.0,0.0
2025-02-24,1627.0,1637.550048828125,1598.0,1601.300048828125,1568.2869873046875,4673190,0.0,0.0
2025-02-25,1597.0,1649.1500244140625,1597.0,1641.4000244140625,1607.560302734375,6286808,0.0,0.0
2025-02-27,1643.4000244140625,1656.0,1638.6500244140625,1650.4000244140625,1616.3748779296875,7568745,0.0,0.0
2025-02-28,1641.949951171875,1648.449951171875,1559.5,1570.199951171875,1537.8282470703125,13640211,0.0,0.0
2025-03-03,1579.0,1602.75,1572.75,1595.800048828125,1562.9005126953125,6993525,0.0,0.0
2025-03-04,1589.0,1590.5,1568.0,1575.3499755859375,1542.8720703125,5219668,0.0,0.0
2025-03-05,1578.0,1626.0999755859375,1577.0999755859375,1618.25,1584.8875732421875,6295425,0.0,0.0
2025-03-06,1618.0,1631.75,1590.449951171875,1626.9000244140625,1593.3592529296875,5174009,0.0,0.0
2025-03-07,1629.0,1642.4000244140625,1615.5999755859375,1630.699951171875,1597.0809326171875,3035558,0.0,0.0
2025-03-10,1640.0,1654.9000244140625,1626.5999755859375,1630.949951171875,1597.32568359375,3778450,0.0,0.0
2025-03-11,1630.0,1676.4000244140625,1624.050048828125,1662.949951171875,1628.6658935546875,6078564,0.0,0.0
2025-03-12,1690.0,1716.6500244140625,1634.0,1642.8499755859375,1608.9803466796875,9907628,0.0,0.0
2025-03-13,1650.800048828125,1656.9000244140625,1629.5999755859375,1632.5,1598.84375,8317331,0.0,0.0
2025-03-17,1612.199951171875,1648.4000244140625,1612.199951171875,1639.1500244140625,1605.356689453125,6405522,0.0,0.0
2025-03-18,1639.1500244140625,1639.1500244140625,1639.1500244140625,1639.1500244140625,1605.356689453125,0,0.0,0.0
2025-03-19,1635.0,1642.050048828125,1627.5,1637.1500244140625,1603.3978271484375,6283464,0.0,0.0
2025-03-20,1660.0,1709.6500244140625,1646.0999755859375,1705.25,1670.0938720703125,12074465,0.0,0.0
2025-03-21,1709.6500244140625,1731.4000244140625,1692.0,1725.800048828125,1690.2203369140625,14715349,0.0,0.0
2025-03-24,1740.0,1740.0,1714.8499755859375,1718.800048828125,1683.3646240234375,4120999,0.0,0.0
2025-03-25,1725.0,1740.5,1706.0999755859375,1730.5,1694.8233642578125,4857399,0.0,0.0
2025-03-26,1739.1500244140625,1765.0,1726.1500244140625,1738.550048828125,1702.70751953125,7142394,0.0,0.0
2025-03-27,1739.949951171875,1746.4000244140625,1713.25,1724.699951171875,1689.142822265625,6222339,0.0,0.0
2025-03-28,1733.300048828125,1745.75,1660.0,1733.4000244140625,1697.6636962890625,4133264,0.0,0.0
2025-04-01,1715.0,1765.0,1708.449951171875,1724.1500244140625,1688.6043701171875,6773056,0.0,0.0
2025-04-02,1720.0,1760.4000244140625,1716.949951171875,1754.5999755859375,1718.426513671875,6431226,0.0,0.0
2025-04-03,1748.0,1754.949951171875,1735.449951171875,1746.0,1710.00390625,2341989,0.0,0.0
2025-04-04,1754.5,1770.800048828125,1740.0,1743.449951171875,1707.50634765625,7817334,0.0,0.0
2025-04-07,1730.0,1774.75,1669.4000244140625,1686.6500244140625,1651.87744140625,14870388,0.0,0.0
2025-04-08,1720.699951171875,1742.300048828125,1706.800048828125,1720.4000244140625,1684.9315185546875,7206935,0.0,0.0
2025-04-09,1719.6500244140625,1726.8499755859375,1711.5999755859375,1715.550048828125,1680.181640625,5600666,0.0,0.0
2025-04-11,1760.0,1767.0,1732.3499755859375,1756.5999755859375,1720.38525390625,8340002,0.0,0.0
2025-04-15,1808.199951171875,1820.0,1781.0999755859375,1798.800048828125,1761.71533203125,10313411,0.0,0.0
2025-04-16,1802.4000244140625,1826.5,1794.0999755859375,1822.5999755859375,1785.0245361328125,6180958,0.0,0.0
2025-04-17,1834.0,1897.699951171875,1825.699951171875,1889.0999755859375,1850.153564453125,10894325,0.0,0.0
2025-04-21,1898.4000244140625,1904.300048828125,1868.5999755859375,1883.4000244140625,1844.5711669921875,3501123,0.0,0.0
2025-04-22,1888.0,1888.0,1836.800048828125,1852.199951171875,1814.0142822265625,6155127,0.0,0.0
2025-04-23,1867.0,1885.9000244140625,1836.0999755859375,1881.5999755859375,1842.8082275390625,6855027,0.0,0.0
2025-04-24,1874.5,1877.800048828125,1839.5,1845.5999755859375,1807.5504150390625,5180688,0.0,0.0
2025-04-25,1846.699951171875,1861.699951171875,1806.0,1817.199951171875,1779.73583984375,4570083,0.0,0.0
2025-04-28,1836.0,1838.9000244140625,1813.4000244140625,1821.800048828125,1784.2412109375,3301891,0.0,0.0
2025-04-29,1823.699951171875,1847.800048828125,1817.5999755859375,1823.800048828125,1786.199951171875,4684155,0.0,0.0
2025-04-30,1837.0,1876.9000244140625,1827.0,1864.5,1826.060791015625,9139821,0.0,0.0
2025-05-02,1852.0,1883.5999755859375,1832.0999755859375,1848.199951171875,1810.0968017578125,3866806,0.0,0.0
2025-05-05,1868.0,1873.5,1849.199951171875,1866.0,1827.5299072265625,3548839,0.0,0.0
2025-05-06,1888.300048828125,1912.0,1882.5999755859375,1901.0,1861.808349609375,8597920,0.0,0.0
2025-05-07,1901.0,1917.0,1885.5,1896.800048828125,1857.6949462890625,5554616,0.0,0.0
2025-05-08,1897.0,1905.800048828125,1862.4000244140625,1874.9000244140625,1836.246337890625,5500724,0.0,0.0
2025-05-09,1855.0,1871.0999755859375,1836.5,1848.4000244140625,1810.292724609375,3686209,0.0,0.0
2025-05-12,1868.9000244140625,1883.4000244140625,1854.0,1870.800048828125,1832.23095703125,3936019,0.0,0.0
2025-05-13,1870.0,1883.699951171875,1816.5999755859375,1820.5999755859375,1783.0657958984375,8817763,0.0,0.0
2025-05-14,1830.0,1870.699951171875,1820.199951171875,1834.199951171875,1796.385498046875,7401614,0.0,0.0
2025-05-15,1849.9000244140625,1869.9000244140625,1825.0,1867.199951171875,1828.705078125,8788351,0.0,0.0
2025-05-16,1834.0,1834.0,1810.0999755859375,1814.0,1776.601806640625,100662047,0.0,0.0
2025-05-19,1822.0,1828.699951171875,1809.0,1818.300048828125,1780.813232421875,5799804,0.0,0.0
2025-05-20,1809.800048828125,1824.9000244140625,1799.5,1808.9000244140625,1771.6070556640625,12512596,0.0,0.0
2025-05-21,1813.0,1826.5,1805.300048828125,1822.5,1784.9266357421875,6849562,0.0,0.0
2025-05-22,1819.9000244140625,1836.699951171875,1816.300048828125,1831.4000244140625,1793.6431884765625,6496923,0.0,0.0
2025-05-23,1825.0,1841.800048828125,1821.5,1831.699951171875,1793.9368896484375,3460945,0.0,0.0
2025-05-26,1834.0,1850.0,1830.9000244140625,1847.4000244140625,1809.3133544921875,3254715,0.0,0.0
2025-05-27,1844.0,1857.5999755859375,1833.699951171875,1843.800048828125,1805.78759765625,5847725,0.0,0.0
2025-05-28,1848.0,1867.0,1845.0999755859375,1856.0999755859375,1817.8338623046875,3713699,0.0,0.0
2025-05-29,1858.0,1867.0,1850.5,1863.5999755859375,1825.1793212890625,5786774,0.0,0.0
2025-05-30,1854.0,1867.0,1843.0,1856.199951171875,1817.9317626953125,16712960,0.0,0.0
2025-06-02,1844.0,1859.0,1831.5,1854.0999755859375,1815.8751220703125,3199499,0.0,0.0
2025-06-03,1867.0,1869.5,1832.0,1841.300048828125,1803.339111328125,5596977,0.0,0.0
2025-06-04,1855.0,1884.5999755859375,1850.0,1875.4000244140625,1836.736083984375,5892170,0.0,0.0
2025-06-05,1884.0,1889.0,1868.5999755859375,1878.800048828125,1840.06591796875,8999675,0.0,0.0
2025-06-06,1872.0999755859375,1881.9000244140625,1867.300048828125,1870.199951171875,1831.643310546875,4644174,0.0,0.0
2025-06-09,1874.0,1875.0,1848.699951171875,1865.0999755859375,1826.6484375,3649505,0.0,0.0
2025-06-10,1866.5999755859375,1875.5999755859375,1850.300048828125,1857.0999755859375,1818.813232421875,7925901,0.0,0.0
2025-06-11,1857.9000244140625,1866.5,1847.800048828125,1860.199951171875,1821.849365234375,8907265,0.0,0.0
2025-06-12,1871.9000244140625,1883.0,1831.5999755859375,1844.199951171875,1806.17919921875,7346031,0.0,0.0
2025-06-13,1815.0,1844.5999755859375,1815.0,1840.4000244140625,1802.4576416015625,4613000,0.0,0.0
2025-06-16,1842.0999755859375,1870.0,1838.800048828125,1861.300048828125,1822.9267578125,5722187,0.0,0.0
2025-06-17,1879.0,1879.0,1847.5999755859375,1854.800048828125,1816.560791015625,6561555,0.0,0.0
2025-06-18,1847.5999755859375,1871.0,1843.0999755859375,1865.9000244140625,1827.4320068359375,5069427,0.0,0.0
2025-06-19,1872.0,1879.0,1864.0999755859375,1877.0,1838.3031005859375,4712312,0.0,0.0
2025-06-20,1880.0,1949.0,1874.0,1936.699951171875,1896.772216796875,16228526,0.0,0.0
2025-06-23,1930.0,1949.0,1927.0999755859375,1936.300048828125,1896.3804931640625,2946463,0.0,0.0
2025-06-24,1950.9000244140625,1963.0,1929.0999755859375,1933.5999755859375,1893.7362060546875,6837210,0.0,0.0
2025-06-25,1942.0,1970.0,1938.0,1965.5999755859375,1925.076416015625,4152765,0.0,0.0
2025-06-26,1970.0,2018.4000244140625,1966.300048828125,2014.300048828125,1972.7725830078125,9413241,0.0,0.0
2025-06-27,2010.0,2039.0,2008.5999755859375,2027.0999755859375,1985.3084716796875,6405854,0.0,0.0
2025-06-30,2018.0,2023.9000244140625,2000.199951171875,2009.5999755859375,1968.1693115234375,5597484,0.0,0.0
2025-07-01,2009.0,2030.800048828125,2006.9000244140625,2019.4000244140625,1977.767333984375,3769165,0.0,0.0
2025-07-02,2037.0,2045.800048828125,2018.300048828125,2033.300048828125,1991.3807373046875,6513288,0.0,0.0
2025-07-03,2041.800048828125,2044.9000244140625,2012.9000244140625,2019.300048828125,1977.66943359375,5558647,0.0,0.0
2025-07-04,2027.0,2036.5,2005.0999755859375,2017.199951171875,1975.6126708984375,2178315,0.0,0.0
2025-07-07,2018.0,2036.0,2010.5999755859375,2033.9000244140625,1991.9683837890625,4165432,0.0,0.0
2025-07-08,2026.0,2035.0,2014.800048828125,2030.0,1988.148681640625,3624619,0.0,0.0
2025-07-09,2035.0,2040.699951171875,1998.5,2019.699951171875,1978.06103515625,2937734,0.0,0.0
2025-07-10,2028.5999755859375,2028.5999755859375,1962.300048828125,1964.5,1923.9991455078125,5695845,0.0,0.0
2025-07-11,1942.0,1959.0999755859375,1914.199951171875,1921.9000244140625,1882.27734375,13103980,0.0,0.0
2025-07-14,1915.0,1927.5,1900.199951171875,1920.9000244140625,1881.2979736328125,5269381,0.0,0.0
2025-07-15,1924.800048828125,1943.0,1923.199951171875,1934.199951171875,1894.32373046875,4163140,0.0,0.0
2025-07-16,1944.0,1944.0,1928.800048828125,1936.5999755859375,1896.67431640625,4211258,0.0,0.0
2025-07-17,1943.699951171875,1944.9000244140625,1927.5999755859375,1929.9000244140625,1890.112548828125,6256455,0.0,0.0
2025-07-18,1915.0999755859375,1916.0,1891.800048828125,1901.0,1877.372802734375,4643961,16.0,0.0
2025-07-21,1894.800048828125,1919.9000244140625,1892.5999755859375,1909.199951171875,1885.4708251953125,5109654,0.0,0.0
2025-07-22,1909.199951171875,1911.300048828125,1883.0,1906.800048828125,1883.100830078125,4513541,0.0,0.0
2025-07-23,1920.0,1949.0,1907.300048828125,1943.800048828125,1919.640869140625,5194282,0.0,0.0
2025-07-24,1943.800048828125,1970.4000244140625,1933.699951171875,1936.0999755859375,1912.0364990234375,4150685,0.0,0.0
2025-07-25,1936.0999755859375,1952.699951171875,1925.0,1937.9000244140625,1913.814208984375,3896884,0.0,0.0
2025-07-28,1930.0,1930.0,1885.0,1890.300048828125,1866.805908203125,3575044,0.0,0.0
2025-07-29,1880.0,1923.5999755859375,1880.0,1918.300048828125,1894.4578857421875,3748040,0.0,0.0
2025-07-30,1934.0,1939.199951171875,1922.0999755859375,1932.5999755859375,1908.580078125,5044683,0.0,0.0
2025-07-31,1913.0,1926.5,1895.5999755859375,1914.300048828125,1890.507568359375,4674966,0.0,0.0
2025-08-01,1914.0,1919.699951171875,1878.0,1884.4000244140625,1860.9791259765625,5192594,0.0,0.0
2025-08-04,1892.0,1919.9000244140625,1878.5,1914.5999755859375,1890.8037109375,3074380,0.0,0.0
2025-08-05,1920.0,1937.5999755859375,1912.0999755859375,1931.800048828125,1907.7900390625,5167672,0.0,0.0
2025-08-06,1930.0,1964.800048828125,1921.5999755859375,1929.699951171875,1905.716064453125,5461349,0.0,0.0
2025-08-07,1928.0999755859375,1933.300048828125,1909.0999755859375,1922.5999755859375,1898.704345703125,4268534,0.0,0.0
2025-08-08,1886.300048828125,1893.800048828125,1856.0,1858.5999755859375,1835.499755859375,93801105,0.0,0.0
2025-08-11,1863.0,1866.0,1845.699951171875,1857.4000244140625,1834.314697265625,5266532,0.0,0.0
2025-08-12,1857.4000244140625,1865.0,1847.0999755859375,1850.300048828125,1827.302978515625,4645011,0.0,0.0
2025-08-13,1853.0,1872.5,1851.800048828125,1867.4000244140625,1844.1904296875,6697206,0.0,0.0
2025-08-14,1873.0,1883.0,1866.800048828125,1873.800048828125,1850.5108642578125,3958631,0.0,0.0
2025-08-18,1892.5,1912.5999755859375,1870.300048828125,1892.300048828125,1868.781005859375,7146376,0.0,0.0
2025-08-19,1901.0999755859375,1931.800048828125,1900.0,1909.699951171875,1885.964599609375,5706265,0.0,0.0
2025-08-20,1937.0,1952.0,1926.0,1928.4000244140625,1904.4322509765625,6962619,0.0,0.0
2025-08-21,1930.0,1940.9000244140625,1927.699951171875,1929.9000244140625,1905.9136962890625,3376913,0.0,0.0
2025-08-22,1934.0,1947.699951171875,1917.4000244140625,1933.300048828125,1909.2713623046875,3271920,0.0,0.0
2025-08-25,1940.0,1940.0999755859375,1913.199951171875,1930.699951171875,1906.70361328125,2451388,0.0,0.0
2025-08-26,1922.0999755859375,1925.800048828125,1896.199951171875,1904.699951171875,1881.0267333984375,5984656,0.0,0.0
2025-08-28,1893.0,1899.800048828125,1878.199951171875,1881.0999755859375,1857.7200927734375,5494113,0.0,0.0
2025-08-29,1872.5,1900.0999755859375,1872.5,1888.800048828125,1865.324462890625,4339042,0.0,0.0
2025-09-01,1889.0,1904.800048828125,1884.199951171875,1900.5999755859375,1876.977783203125,3421488,0.0,0.0
2025-09-02,1904.5,1917.5,1878.0,1887.199951171875,1863.7442626953125,4423049,0.0,0.0
2025-09-03,1891.0,1892.0999755859375,1870.0,1883.9000244140625,1860.4853515625,3803044,0.0,0.0
2025-09-04,1899.0,1903.5,1876.5999755859375,1880.4000244140625,1857.0289306640625,5205333,0.0,0.0
2025-09-05,1887.0,1910.699951171875,1875.699951171875,1895.300048828125,1871.74365234375,2620140,0.0,0.0
2025-09-08,1898.0,1899.0,1884.0999755859375,1887.699951171875,1864.238037109375,2547552,0.0,0.0
2025-09-09,1892.0,1904.0,1883.0,1893.699951171875,1870.1634521484375,4517793,0.0,0.0
2025-09-10,1904.0,1905.0,1883.0,1891.4000244140625,1867.8922119140625,3566139,0.0,0.0
2025-09-11,1884.0,1916.0,1882.0999755859375,1913.0,1889.2236328125,4718266,0.0,0.0
2025-09-12,1925.0,1925.0,1901.5999755859375,1902.5999755859375,1878.952880859375,3192824,0.0,0.0
2025-09-15,1904.0,1913.0,1898.4000244140625,1904.5,1880.829345703125,3553258,0.0,0.0
2025-09-16,1903.300048828125,1942.0,1902.5,1939.5,1915.394287109375,5427586,0.0,0.0
2025-09-17,1938.0999755859375,1950.0999755859375,1932.5999755859375,1941.300048828125,1917.1719970703125,4234637,0.0,0.0
2025-09-18,1944.5,1949.800048828125,1920.5,1941.0999755859375,1916.974365234375,5080814,0.0,0.0
2025-09-19,1930.199951171875,1976.800048828125,1927.800048828125,1962.4000244140625,1938.009765625,11287603,0.0,0.0
2025-09-22,1954.0,1966.0,1944.0,1956.199951171875,1931.88671875,4469137,0.0,0.0
2025-09-23,1950.0,1955.0,1930.0999755859375,1938.699951171875,1914.604248046875,4348633,0.0,0.0
2025-09-24,1926.0,1937.300048828125,1918.800048828125,1931.0999755859375,1907.0986328125,5237977,0.0,0.0
2025-09-25,1930.0,1950.0,1928.800048828125,1935.5999755859375,1911.542724609375,7133365,0.0,0.0
2025-09-26,1931.0999755859375,1944.699951171875,1911.9000244140625,1916.5999755859375,1892.7789306640625,3239306,0.0,0.0
2025-09-29,1928.0,1928.0,1897.5,1902.199951171875,1878.557861328125,5072608,0.0,0.0
2025-09-30,1896.0,1907.5999755859375,1875.199951171875,1878.4000244140625,1855.0537109375,5945625,0.0,0.0
2025-10-01,1868.0,1877.0,1855.9000244140625,1867.5999755859375,1844.387939453125,5675393,0.0,0.0
2025-10-03,1851.199951171875,1900.300048828125,1848.0999755859375,1896.699951171875,1873.126220703125,5828332,0.0,0.0
2025-10-06,1892.5999755859375,1907.0,1887.5,1903.0999755859375,1879.4466552734375,2809218,0.0,0.0
2025-10-07,1900.0,1946.0,1900.0,1929.0,1905.0247802734375,5713060,0.0,0.0
2025-10-08,1929.0,1962.5999755859375,1927.5999755859375,1943.5,1919.3446044921875,4957406,0.0,0.0
2025-10-09,1945.0,1948.800048828125,1931.300048828125,1942.0,1917.86328125,3945737,0.0,0.0
2025-10-10,1937.0,1947.5999755859375,1935.4000244140625,1939.9000244140625,1915.789306640625,2512581,0.0,0.0
2025-10-13,1937.9000244140625,1965.9000244140625,1936.0,1954.9000244140625,1930.6029052734375,3672419,0.0,0.0
2025-10-14,1964.0,1964.0,1939.199951171875,1946.5999755859375,1922.406005859375,4454239,0.0,0.0
2025-10-15,1957.199951171875,1976.0,1951.5999755859375,1968.5,1944.0338134765625,3447352,0.0,0.0
2025-10-16,1962.300048828125,1986.9000244140625,1962.0,1967.4000244140625,1942.947509765625,3700674,0.0,0.0
2025-10-17,1973.5999755859375,2034.300048828125,1970.300048828125,2012.0,1986.9931640625,6743801,0.0,0.0
2025-10-20,2026.0,2057.0,2019.699951171875,2051.5,2026.0023193359375,7387180,0.0,0.0
2025-10-21,2051.800048828125,2058.5,2038.5,2043.5,2018.1016845703125,240850,0.0,0.0
2025-10-23,2063.89990234375,2067.0,2003.5999755859375,2007.9000244140625,1982.9442138671875,8790128,0.0,0.0
2025-10-24,2008.0,2033.0,2006.9000244140625,2029.300048828125,2004.0782470703125,3236799,0.0,0.0
2025-10-27,2030.0,2094.0,2030.0,2080.10009765625,2054.246826171875,5796831,0.0,0.0
2025-10-28,2092.0,2102.60009765625,2071.699951171875,2090.199951171875,2064.22119140625,9891522,0.0,0.0
2025-10-29,2083.0,2110.39990234375,2081.60009765625,2100.60009765625,2074.4921875,2742750,0.0,0.0
2025-10-30,2070.0,2088.0,2058.60009765625,2066.300048828125,2040.618408203125,4222189,0.0,0.0
2025-10-31,2056.0,2073.800048828125,2051.699951171875,2054.5,2028.9649658203125,4659723,0.0,0.0
2025-11-03,2055.0,2081.0,2047.199951171875,2074.0,2048.22265625,2979629,0.0,0.0
2025-11-04,2107.0,2135.60009765625,2103.5,2113.300048828125,2087.0341796875,12263078,0.0,0.0
2025-11-06,2115.0,2123.300048828125,2080.5,2094.89990234375,2068.86279296875,9546299,0.0,0.0
2025-11-07,2048.0,2048.0,1995.5999755859375,2001.199951171875,1976.327392578125,70392750,0.0,0.0
2025-11-10,1995.0,2028.800048828125,1992.199951171875,2019.800048828125,1994.6962890625,7457061,0.0,0.0
2025-11-11,2020.0999755859375,2056.89990234375,2017.4000244140625,2042.300048828125,2016.9166259765625,14825625,0.0,0.0
2025-11-12,2060.0,2079.800048828125,2054.89990234375,2073.800048828125,2048.025146484375,8210277,0.0,0.0
2025-11-13,2099.89990234375,2107.0,2079.0,2091.800048828125,2065.801513671875,5958875,0.0,0.0
2025-11-14,2090.0,2107.89990234375,2081.89990234375,2100.699951171875,2074.5908203125,6312655,0.0,0.0
2025-11-17,2112.0,2122.0,2100.89990234375,2112.199951171875,2085.94775390625,5998770,0.0,0.0
2025-11-18,2122.0,2159.0,2110.300048828125,2149.199951171875,2122.488037109375,10972556,0.0,0.0
2025-11-19,2155.0,2166.199951171875,2146.699951171875,2159.800048828125,2132.956298828125,7419461,0.0,0.0
2025-11-20,2153.10009765625,2169.300048828125,2149.89990234375,2158.300048828125,2131.474853515625,7452899,0.0,0.0
2025-11-21,2150.10009765625,2174.5,2148.60009765625,2162.699951171875,2135.820068359375,6720938,0.0,0.0
2025-11-24,2162.10009765625,2165.800048828125,2140.39990234375,2152.10009765625,2125.35205078125,9686848,0.0,0.0
2025-11-25,2159.0,2170.699951171875,2138.699951171875,2161.60009765625,2134.73388671875,7102592,0.0,0.0
2025-11-26,2104.0,2134.89990234375,2097.5,2126.800048828125,2100.366455078125,43174047,0.0,0.0
2025-11-27,2132.0,2136.89990234375,2103.800048828125,2115.60009765625,2089.3056640625,4444877,0.0,0.0
2025-11-28,2118.0,2129.5,2096.39990234375,2101.60009765625,2075.479736328125,6263457,0.0,0.0
2025-12-01,2114.699951171875,2119.0,2083.10009765625,2089.699951171875,2063.7275390625,5058900,0.0,0.0
2025-12-02,2089.800048828125,2114.800048828125,2087.10009765625,2104.0,2077.849853515625,6591396,0.0,0.0
2025-12-03,2100.10009765625,2109.89990234375,2081.60009765625,2086.0,2060.073486328125,4357641,0.0,0.0
2025-12-04,2094.800048828125,2108.5,2074.10009765625,2103.800048828125,2077.65234375,4611819,0.0,0.0
2025-12-05,2092.60009765625,2111.89990234375,2090.0,2108.800048828125,2082.590087890625,2938290,0.0,0.0
2025-12-08,2114.39990234375,2114.39990234375,2078.89990234375,2086.199951171875,2060.27099609375,4327091,0.0,0.0
2025-12-09,2086.800048828125,2100.39990234375,2080.39990234375,2089.699951171875,2063.7275390625,5139229,0.0,0.0
2025-12-10,2072.0,2096.89990234375,2062.199951171875,2067.0,2041.3095703125,3987451,0.0,0.0
2025-12-11,2066.0,2069.199951171875,2038.0,2053.199951171875,2027.68115234375,3254850,0.0,0.0
2025-12-12,2053.10009765625,2087.10009765625,2050.60009765625,2083.39990234375,2057.505615234375,2706420,0.0,0.0
2025-12-15,2070.10009765625,2078.89990234375,2061.5,2069.699951171875,2043.97607421875,3233614,0.0,0.0
2025-12-16,2070.10009765625,2106.60009765625,2070.10009765625,2102.0,2075.87451171875,5756692,0.0,0.0
2025-12-17,2117.60009765625,2128.0,2096.39990234375,2108.0,2081.800048828125,6412516,0.0,0.0
2025-12-18,2099.0,2116.60009765625,2088.10009765625,2092.0,2065.9990234375,3760341,0.0,0.0
2025-12-19,2113.89990234375,2115.0,2082.0,2097.699951171875,2071.6279296875,10127415,0.0,0.0
2025-12-22,2118.0,2151.699951171875,2101.699951171875,2147.60009765625,2120.907958984375,7670853,0.0,0.0
2025-12-23,2157.0,2164.0,2119.199951171875,2122.89990234375,2096.5146484375,4110853,0.0,0.0
2025-12-24,2111.0,2137.199951171875,2111.0,2123.699951171875,2097.304931640625,3145464,0.0,0.0
2025-12-26,2123.0,2123.0,2101.800048828125,2105.39990234375,2079.232177734375,1297870,0.0,0.0
2025-12-29,2105.39990234375,2112.699951171875,2079.39990234375,2081.60009765625,2055.728271484375,2371034,0.0,0.0
2025-12-30,2077.0,2102.800048828125,2071.60009765625,2099.800048828125,2073.701904296875,6983390,0.0,0.0
2025-12-31,2096.0,2121.0,2090.10009765625,2105.60009765625,2079.429931640625,2991434,0.0,0.0
2026-01-01,2114.800048828125,2123.89990234375,2107.0,2110.39990234375,2084.170166015625,2097756,0.0,0.0
2026-01-02,2108.0,2125.0,2098.0,2106.300048828125,2080.121337890625,2927138,0.0,0.0
2026-01-05,2102.10009765625,2112.10009765625,2096.5,2105.0,2078.83740234375,2642580,0.0,0.0
2026-01-06,2106.800048828125,2121.800048828125,2087.5,2105.300048828125,2079.133544921875,9119265,0.0,0.0
2026-01-07,2095.60009765625,2103.800048828125,2077.0,2084.199951171875,2058.2958984375,4171371,0.0,0.0
2026-01-08,2088.0,2092.0,2055.0,2066.300048828125,2040.618408203125,5534929,0.0,0.0
2026-01-09,2070.199951171875,2084.0,2023.199951171875,2027.0999755859375,2001.905517578125,4165409,0.0,0.0
2026-01-12,2023.5,2048.800048828125,2001.300048828125,2044.0,2018.595458984375,4689135,0.0,0.0
2026-01-13,2047.0,2049.89990234375,2014.9000244140625,2026.9000244140625,2001.7080078125,7388496,0.0,0.0
2026-01-14,2015.0999755859375,2034.0,2008.699951171875,2022.5,1997.3626708984375,4842964,0.0,0.0
2026-01-15,2022.5,2022.5,2022.5,2022.5,1997.3626708984375,0,0.0,0.0
2026-01-16,2020.0,2029.699951171875,1988.699951171875,2016.4000244140625,1991.3385009765625,7310676,0.0,0.0
2026-01-19,2023.0,2023.0,1996.300048828125,2010.0,1985.01806640625,4272071,0.0,0.0
2026-01-20,2018.0,2018.0,1977.0999755859375,1996.0,1971.1920166015625,6076838,0.0,0.0
2026-01-21,1977.0,2007.0999755859375,1967.0,1996.0999755859375,1971.290771484375,7952295,0.0,0.0
2026-01-22,2008.800048828125,2018.9000244140625,1990.0,2002.199951171875,1977.31494140625,6722567,0.0,0.0
2026-01-23,2009.0,2011.699951171875,1980.0999755859375,1984.699951171875,1960.032470703125,4340925,0.0,0.0
2026-01-27,1972.0999755859375,2003.800048828125,1962.699951171875,1973.4000244140625,1948.873046875,10510891,0.0,0.0
2026-01-28,1995.0,1995.0,1939.0,1957.699951171875,1933.3680419921875,9426909,0.0,0.0
2026-01-29,1964.0,1970.5,1939.0,1967.9000244140625,1943.44140625,6065044,0.0,0.0
2026-01-30,1925.5999755859375,1974.0,1925.5999755859375,1968.699951171875,1944.2313232421875,7683747,0.0,0.0
2026-02-02,1936.0999755859375,1969.800048828125,1926.5,1965.4000244140625,1940.972412109375,5326225,0.0,0.0
2026-02-03,2050.0,2050.0,1980.0999755859375,1997.300048828125,1972.4759521484375,6915795,0.0,0.0
2026-02-04,2008.0,2034.5999755859375,1998.4000244140625,2025.800048828125,2000.6217041015625,7464725,0.0,0.0
2026-02-05,2012.0,2022.9000244140625,1985.0,1992.4000244140625,1967.6368408203125,7708690,0.0,0.0
2026-02-06,1994.0,2049.699951171875,1988.5,2038.4000244140625,2013.0650634765625,13870403,0.0,0.0
2026-02-09,2051.199951171875,2055.199951171875,2028.699951171875,2038.199951171875,2012.8675537109375,7570161,0.0,0.0
2026-02-10,2052.0,2057.0,2008.4000244140625,2011.300048828125,1986.302001953125,9077763,0.0,0.0
2026-02-11,2012.9000244140625,2021.0,1996.699951171875,2012.0999755859375,1987.0919189453125,7423601,0.0,0.0
2026-02-12,2019.199951171875,2027.0,2009.0999755859375,2014.5,1989.462158203125,7437690,0.0,0.0
2026-02-13,2013.9000244140625,2024.199951171875,1992.0,2004.699951171875,1979.783935546875,4808543,0.0,0.0
2026-02-16,2010.0,2032.199951171875,1995.0,2029.4000244140625,2004.177001953125,3455964,0.0,0.0
2026-02-17,2028.0,2038.5,2014.199951171875,2020.300048828125,1995.1900634765625,4471158,0.0,0.0
2026-02-18,2020.0999755859375,2028.5999755859375,2015.0,2021.800048828125,1996.6715087890625,2182669,0.0,0.0
2026-02-19,2032.0,2032.0,1974.800048828125,1988.5999755859375,1963.884033203125,4712417,0.0,0.0
2026-02-20,1981.0999755859375,1993.699951171875,1971.0,1977.4000244140625,1952.8232421875,5180301,0.0,0.0
2026-02-23,1994.0,2000.5,1983.9000244140625,1997.300048828125,1972.4759521484375,3728878,0.0,0.0
2026-02-24,1997.300048828125,1997.300048828125,1921.800048828125,1941.0,1916.8756103515625,10006761,0.0,0.0
2026-02-25,1955.0,1961.800048828125,1904.0,1913.4000244140625,1889.6187744140625,8285195,0.0,0.0
2026-02-26,1914.0,1935.0,1904.5,1929.5999755859375,1905.6173095703125,10795028,0.0,0.0
2026-02-27,1910.0,1915.0,1870.0999755859375,1879.300048828125,1855.942626953125,13754648,0.0,0.0
2026-03-02,1850.0999755859375,1895.9000244140625,1847.9000244140625,1873.199951171875,1849.9183349609375,11785758,0.0,0.0
2026-03-04,1861.0999755859375,1920.0,1815.300048828125,1905.9000244140625,1882.2119140625,20565585,0.0,0.0
2026-03-05,1919.0,1929.0999755859375,1897.199951171875,1907.0,1883.2982177734375,11398717,0.0,0.0
2026-03-06,1900.0,1902.0999755859375,1867.0999755859375,1870.800048828125,1847.5482177734375,10896859,0.0,0.0
2026-03-09,1831.0,1872.4000244140625,1818.0999755859375,1866.699951171875,1843.4990234375,8073518,0.0,0.0
2026-03-10,1880.800048828125,1881.0,1846.5,1850.4000244140625,1827.4017333984375,11741600,0.0,0.0
2026-03-11,1841.0,1847.699951171875,1799.5,1807.0,1784.5411376953125,9548404,0.0,0.0
2026-03-12,1797.9000244140625,1817.800048828125,1791.0,1801.300048828125,1778.9119873046875,12922735,0.0,0.0
2026-03-13,1781.0999755859375,1816.0,1776.5999755859375,1803.4000244140625,1780.98583984375,8970772,0.0,0.0
2026-03-16,1798.0,1804.9000244140625,1770.9000244140625,1788.800048828125,1766.5673828125,14261268,0.0,0.0
2026-03-17,1797.0,1834.5,1791.0999755859375,1827.0,1804.2926025390625,7181491,0.0,0.0
2026-03-18,1826.800048828125,1869.0,1826.800048828125,1855.4000244140625,1832.339599609375,6428092,0.0,0.0
2026-03-19,1826.5999755859375,1861.300048828125,1816.300048828125,1827.0,1804.2926025390625,7145082,0.0,0.0
2026-03-20,1834.0,1860.9000244140625,1834.0,1846.0999755859375,1823.1551513671875,7691633,0.0,0.0
2026-03-23,1827.0,1830.0,1792.0,1795.9000244140625,1773.5791015625,6874051,0.0,0.0
2026-03-24,1816.300048828125,1826.800048828125,1781.0,1802.0999755859375,1779.7020263671875,7535860,0.0,0.0
2026-03-25,1814.0,1849.199951171875,1810.0999755859375,1834.9000244140625,1812.0943603515625,12473682,0.0,0.0
2026-03-27,1839.9000244140625,1856.9000244140625,1818.4000244140625,1843.9000244140625,1820.9825439453125,24490425,0.0,0.0
2026-03-30,1818.0,1824.5,1774.5,1782.4000244140625,1760.2469482421875,14240129,0.0,0.0
2026-04-01,1811.0,1817.300048828125,1776.5,1781.9000244140625,1759.7530517578125,10694662,0.0,0.0
2026-04-02,1765.0,1799.4000244140625,1746.9000244140625,1789.699951171875,1767.4560546875,10857093,0.0,0.0
2026-04-06,1812.0999755859375,1814.300048828125,1763.4000244140625,1792.800048828125,1770.5177001953125,8183498,0.0,0.0
2026-04-07,1788.0999755859375,1840.0,1772.0,1830.300048828125,1807.5516357421875,10057628,0.0,0.0
2026-04-08,1864.0,1871.5,1840.199951171875,1861.5999755859375,1838.4625244140625,11587604,0.0,0.0
2026-04-09,1869.9000244140625,1869.9000244140625,1846.0999755859375,1859.4000244140625,1836.2899169921875,10113053,0.0,0.0
2026-04-10,1868.0,1874.5999755859375,1859.9000244140625,1870.0,1846.758056640625,5857988,0.0,0.0
2026-04-13,1838.0,1893.699951171875,1838.0,1870.9000244140625,1847.64697265625,10371983,0.0,0.0
2026-04-15,1880.5,1890.9000244140625,1853.5999755859375,1855.699951171875,1832.6357421875,11049107,0.0,0.0
2026-04-16,1863.5,1864.9000244140625,1823.199951171875,1840.5999755859375,1817.7235107421875,15871247,0.0,0.0
2026-04-17,1837.0999755859375,1851.4000244140625,1829.699951171875,1846.9000244140625,1823.9451904296875,7344787,0.0,0.0
2026-04-20,1865.0,1865.0,1839.199951171875,1846.0999755859375,1823.1551513671875,9243641,0.0,0.0
2026-04-21,1830.0,1868.9000244140625,1830.0,1855.0,1831.944580078125,10485373,0.0,0.0
2026-04-22,1850.199951171875,1857.9000244140625,1825.300048828125,1829.0,1806.2677001953125,5687058,0.0,0.0
2026-04-23,1821.800048828125,1846.0,1812.0999755859375,1841.199951171875,1818.3160400390625,7489947,0.0,0.0
2026-04-24,1845.0,1850.699951171875,1807.300048828125,1814.5,1791.9478759765625,6306448,0.0,0.0
2026-04-27,1816.0999755859375,1828.4000244140625,1814.0,1820.0999755859375,1797.478271484375,4413769,0.0,0.0
2026-04-28,1826.0,1852.0,1812.5999755859375,1843.800048828125,1820.8837890625,10558455,0.0,0.0
2026-04-29,1848.0,1900.4000244140625,1845.4000244140625,1888.0999755859375,1864.6331787109375,7713013,0.0,0.0
2026-04-30,1860.0,1906.0,1860.0,1886.800048828125,1863.349365234375,12709188,0.0,0.0
2026-05-01,1886.800048828125,1886.800048828125,1886.800048828125,1886.800048828125,1863.349365234375,0,0.0,0.0
2026-05-04,1873.199951171875,1895.300048828125,1821.699951171875,1827.0999755859375,1804.3912353515625,10707858,0.0,0.0
2026-05-05,1828.0,1846.0,1801.0,1806.0999755859375,1783.65234375,11407461,0.0,0.0
2026-05-06,1817.0,1841.5,1813.800048828125,1833.699951171875,1810.9091796875,5507749,0.0,0.0
2026-05-07,1835.0,1843.9000244140625,1821.199951171875,1826.5999755859375,1803.8974609375,7914845,0.0,0.0
2026-05-08,1820.0,1840.800048828125,1815.199951171875,1834.5,1811.6993408203125,4839183,0.0,0.0
2026-05-11,1814.0,1819.800048828125,1756.0,1759.800048828125,1737.9278564453125,15803791,0.0,0.0
2026-05-12,1751.5,1776.5,1751.5,1756.800048828125,1734.965087890625,11945399,0.0,0.0
2026-05-13,1740.5,1798.0,1740.5,1789.199951171875,1766.9622802734375,9825413,0.0,0.0
2026-05-14,1820.0,1889.199951171875,1797.300048828125,1883.5,1860.09033203125,21279151,0.0,0.0
2026-05-15,1883.199951171875,1922.9000244140625,1880.4000244140625,1905.4000244140625,1881.7181396484375,15807294,0.0,0.0
2026-05-18,1904.800048828125,1953.800048828125,1890.4000244140625,1938.0999755859375,1914.01171875,13888648,0.0,0.0
2026-05-19,1928.4000244140625,1942.0,1907.800048828125,1913.5,1889.7174072265625,8962228,0.0,0.0
2026-05-20,1914.0,1914.0,1897.699951171875,1904.9000244140625,1881.224365234375,5778742,0.0,0.0
2026-05-21,1911.0,1915.300048828125,1880.800048828125,1885.300048828125,1861.8680419921875,6419014,0.0,0.0
2026-05-22,1891.300048828125,1896.5999755859375,1869.300048828125,1871.4000244140625,1848.1407470703125,5099120,0.0,0.0
2026-05-25,1892.5,1892.5,1863.0999755859375,1874.800048828125,1851.49853515625,5903841,0.0,0.0
2026-05-26,1874.0,1874.0,1844.800048828125,1846.9000244140625,1823.9451904296875,5803034,0.0,0.0
2026-05-27,1840.4000244140625,1869.4000244140625,1840.4000244140625,1852.199951171875,1829.1793212890625,8653155,0.0,0.0
2026-05-28,1852.199951171875,1852.199951171875,1852.199951171875,1852.199951171875,1829.1793212890625,0,0.0,0.0
2026-05-29,1860.0,1860.0,1818.5,1829.0,1806.2677001953125,52886264,0.0,0.0
2026-06-01,1830.0,1842.0,1803.9000244140625,1810.5999755859375,1788.0963134765625,6391656,0.0,0.0
2026-06-02,1785.0,1825.0,1777.4000244140625,1814.199951171875,1791.651611328125,10791294,0.0,0.0
2026-06-03,1829.9000244140625,1835.5,1804.9000244140625,1824.0999755859375,1801.4285888671875,5832363,0.0,0.0
2026-06-04,1815.0,1829.800048828125,1798.4000244140625,1818.9000244140625,1796.293212890625,6735759,0.0,0.0
2026-06-05,1824.9000244140625,1827.800048828125,1790.699951171875,1798.199951171875,1775.8504638671875,3926715,0.0,0.0
2026-06-08,1775.0999755859375,1820.0999755859375,1771.0,1813.300048828125,1790.7628173828125,6324919,0.0,0.0
2026-06-09,1837.0,1837.0,1789.199951171875,1799.0,1776.6405029296875,10377475,0.0,0.0
2026-06-10,1799.0,1807.699951171875,1771.0,1775.199951171875,1753.1363525390625,7999362,0.0,0.0
2026-06-11,1773.0,1796.0,1768.5999755859375,1782.5999755859375,1760.4443359375,5020731,0.0,0.0
2026-06-12,1784.0,1825.0,1784.0,1822.5,1799.8485107421875,5910557,0.0,0.0
2026-06-15,1841.0,1857.0,1816.0,1841.199951171875,1818.3160400390625,5307277,0.0,0.0
2026-06-16,1840.199951171875,1859.199951171875,1837.199951171875,1853.0,1829.9693603515625,5957732,0.0,0.0
2026-06-17,1853.0,1878.0,1841.5,1875.699951171875,1852.38720703125,7653632,0.0,0.0
2026-06-18,1878.800048828125,1878.800048828125,1861.800048828125,1874.800048828125,1851.49853515625,4262944,0.0,0.0
2026-06-19,1874.300048828125,1917.5,1867.199951171875,1910.800048828125,1887.051025390625,15918432,0.0,0.0
2026-06-22,1915.800048828125,1924.5,1901.0,1916.5999755859375,1892.7789306640625,3798060,0.0,0.0
2026-06-23,1907.5999755859375,1927.699951171875,1896.699951171875,1901.5999755859375,1877.96533203125,5155908,0.0,0.0
2026-06-24,1891.199951171875,1894.0999755859375,1872.9000244140625,1877.300048828125,1853.9674072265625,8957457,0.0,0.0
2026-06-25,1885.0,1889.0,1848.0,1850.699951171875,1827.6978759765625,8521503,0.0,0.0
2026-06-26,1850.699951171875,1850.699951171875,1850.699951171875,1850.699951171875,1827.6978759765625,0,0.0,0.0
2026-06-29,1837.0999755859375,1849.800048828125,1833.0999755859375,1841.0999755859375,1818.21728515625,10940130,0.0,0.0
2026-06-30,1853.0,1876.5999755859375,1843.199951171875,1852.0,1828.9818115234375,7233634,0.0,0.0
2026-07-01,1845.5999755859375,1887.0,1845.5999755859375,1871.0,1847.7457275390625,4307333,0.0,0.0
2026-07-02,1860.800048828125,1883.800048828125,1850.199951171875,1875.0,1851.6959228515625,5282404,0.0,0.0
2026-07-03,1890.0,1913.0,1885.0,1910.4000244140625,1886.656005859375,5087043,0.0,0.0
2026-07-06,1916.800048828125,1932.699951171875,1915.5999755859375,1925.699951171875,1901.7657470703125,2740217,0.0,0.0
2026-07-07,1923.5,1956.5,1917.0,1925.800048828125,1901.8646240234375,5767438,0.0,0.0
2026-07-08,1911.0,1924.199951171875,1875.0999755859375,1888.0999755859375,1864.6331787109375,6188780,0.0,0.0
2026-07-09,1902.0,1966.0,1898.800048828125,1931.0999755859375,1907.0986328125,11145066,0.0,0.0
2026-07-10,1930.0,1930.0,1906.0,1920.4000244140625,1896.53173828125,6420887,0.0,0.0
2026-07-13,1914.0,1917.0,1896.699951171875,1901.800048828125,1878.1629638671875,7862506,0.0,0.0
2026-07-14,1885.0,1941.0999755859375,1885.0,1936.5,1912.431640625,6964062,0.0,0.0
2026-07-15,1953.699951171875,1953.699951171875,1916.5999755859375,1918.300048828125,1894.4578857421875,5763065,0.0,0.0
2026-07-16,1928.0,1936.0,1917.0,1921.800048828125,1897.914306640625,4644787,0.0,0.0
2026-07-17,1918.0,1925.199951171875,1902.699951171875,1908.800048828125,1885.075927734375,4715613,0.0,0.0
2026-07-20,1901.199951171875,1942.5,1901.199951171875,1940.0999755859375,1915.98681640625,6437294,0.0,0.0
2026-07-21,1946.4000244140625,1952.0,1938.699951171875,1948.4000244140625,1924.1837158203125,5061312,0.0,0.0
2026-07-22,1942.4000244140625,1956.0,1939.5,1949.0,1924.7762451171875,6589708,0.0,0.0
2026-07-23,1948.0,1948.9000244140625,1925.800048828125,1931.0,1907.0,5612121,0.0,0.0
2026-07-24,1900.199951171875,1905.0,1878.0,1898.199951171875,1898.199951171875,4483600,24.0,0.0
2026-07-27,1892.0,1917.0,1890.0,1905.300048828125,1905.300048828125,5230299,0.0,0.0
2026-07-28,1901.0,1908.4000244140625,1892.4000244140625,1901.800048828125,1901.800048828125,6309089,0.0,0.0
2026-07-29,1915.199951171875,1957.0,1913.0999755859375,1950.199951171875,1950.199951171875,6315728,0.0,0.0
2026-07-30,1954.0,1963.199951171875,1943.9000244140625,1956.800048828125,1956.800048828125,5356472,0.0,0.0
2026-07-31,1969.0,1976.4000244140625,1947.4000244140625,1972.0,1972.0,6529385,0.0,0.0
2026-08-03,1987.4000244140625,1987.4000244140625,1943.0,1970.5,1970.5,4361200,0.0,0.0
2026-08-04,1980.0,1980.0,1936.0,1970.0999755859375,1970.0999755859375,4977391,0.0,0.0
2026-08-05,2020.0,2031.0,1951.800048828125,1978.0,1978.0,14286999,0.0,0.0
2026-08-06,1969.0,1970.0,1944.300048828125,1948.0,1948.0,5391645,0.0,0.0
2026-08-07,1938.300048828125,1961.0,1938.300048828125,1959.9000244140625,1959.9000244140625,3019876,0.0,0.0
2026-08-10,1955.0,1959.0,1935.0,1943.0,1943.0,3671000,0.0,0.0
2026-08-11,1934.800048828125,1938.300048828125,1914.4000244140625,1915.199951171875,1915.199951171875,6798617,0.0,0.0
2026-08-12,1908.5999755859375,1945.0,1901.300048828125,1945.0,1945.0,10871157,0.0,0.0
2026-08-13,1965.0,1970.0,1930.5,1939.0999755859375,1939.0999755859375,13019222,0.0,0.0
2026-08-14,1939.0999755859375,2005.800048828125,1932.0,1992.0999755859375,1992.0999755859375,12282580,0.0,0.0
2026-08-17,1984.199951171875,1993.199951171875,1969.300048828125,1969.300048828125,1969.300048828125,5537411,0.0,0.0
2026-08-18,1956.699951171875,1959.699951171875,1923.199951171875,1934.199951171875,1934.199951171875,6710275,0.0,0.0
2026-08-19,1924.800048828125,1941.800048828125,1922.0,1922.0,1922.0,6252338,0.0,0.0
2026-08-20,1944.0,1952.199951171875,1933.0,1941.699951171875,1941.699951171875,4390604,0.0,0.0
2026-08-21,1950.0,1954.9000244140625,1940.5,1946.0,1946.0,3016258,0.0,0.0
2026-08-24,1950.0,1952.5,1932.5,1935.0,1935.0,2277098,0.0,0.0
2026-08-25,1926.0,1947.0,1923.4000244140625,1947.0,1947.0,3820206,0.0,0.0
2026-08-26,1933.5,1942.9000244140625,1902.0999755859375,1902.0999755859375,1902.0999755859375,4552921,0.0,0.0
2026-08-27,1915.0,1915.0,1878.300048828125,1878.300048828125,1878.300048828125,8757645,0.0,0.0
2026-08-28,1875.699951171875,1894.300048828125,1867.5999755859375,1882.4000244140625,1882.4000244140625,6106300,0.0,0.0
2026-08-31,1880.0,1895.5,1811.9000244140625,1811.9000244140625,1811.9000244140625,16921326,0.0,0.0
2026-09-01,1852.0,1877.199951171875,1848.5,1877.199951171875,1877.199951171875,9900740,0.0,0.0
2026-09-02,1869.0,1873.0,1854.9000244140625,1862.800048828125,1862.800048828125,4125938,0.0,0.0
2026-09-03,1855.5999755859375,1869.0,1855.5999755859375,1869.0,1869.0,3700992,0.0,0.0
2026-09-04,1868.0999755859375,1870.699951171875,1840.0,1840.0,1840.0,3614328,0.0,0.0
2026-09-07,1845.0,1855.5,1830.4000244140625,1854.0,1854.0,5972458,0.0,0.0
2026-09-08,1846.199951171875,1848.800048828125,1829.0,1844.0,1844.0,4169706,0.0,0.0
2026-09-09,1830.5,1834.800048828125,1813.0,1814.699951171875,1814.699951171875,5574027,0.0,0.0
2026-09-10,1815.0999755859375,1849.0,1814.0,1839.0,1839.0,4588126,0.0,0.0
