date,open,high,low,close,adj_close,volume,dividends,stock_splits
2021-01-29,847.9500122070312,850.8499755859375,820.75,825.9000244140625,788.1128540039062,7185812.0,0.0,0.0
2021-02-01,815.0,831.0,779.9500122070312,806.4000244140625,769.5049438476562,13856367.0,0.0,0.0
2021-02-02,807.0,826.3499755859375,801.5,821.5999755859375,784.009521484375,8486828.0,0.0,0.0
2021-02-03,826.0,878.9000244140625,824.2000122070312,849.25,810.3944091796875,15674616.0,0.0,0.0
2021-02-04,847.5499877929688,856.5,832.5999755859375,834.4500122070312,796.2716064453125,4639606.0,0.0,0.0
2021-02-05,839.5999755859375,854.9000244140625,830.5,847.7000122070312,808.9153442382812,7381183.0,0.0,0.0
2021-02-08,852.0,859.25,841.0499877929688,847.25,808.4859619140625,4244906.0,0.0,0.0
2021-02-09,848.0,856.8499755859375,839.0,841.75,803.2376098632812,4200281.0,0.0,0.0
2021-02-10,847.5999755859375,867.0,841.0,863.4000244140625,823.8970947265625,5665209.0,0.0,0.0
2021-02-11,868.0,874.9000244140625,856.0,859.7999877929688,820.461669921875,5347864.0,0.0,0.0
2021-02-12,859.0,864.3499755859375,845.5,848.5499877929688,809.7263793945312,2473012.0,0.0,0.0
2021-02-15,850.0999755859375,856.5999755859375,842.0,844.2999877929688,805.6708984375,2531913.0,0.0,0.0
2021-02-16,850.0,852.25,841.25,848.3499755859375,809.5355834960938,2808115.0,0.0,0.0
2021-02-17,849.4500122070312,854.7000122070312,833.0,835.7000122070312,797.4644165039062,2539649.0,0.0,0.0
2021-02-18,835.0,843.4500122070312,822.5,825.4500122070312,787.683349609375,4114251.0,0.0,0.0
2021-02-19,823.7999877929688,825.4500122070312,799.0,807.3499755859375,770.4114990234375,3834443.0,0.0,0.0
2021-02-22,811.4000244140625,817.5,786.0499877929688,792.4500122070312,756.1932983398438,4090429.0,0.0,0.0
2021-02-23,795.0,803.1500244140625,788.4000244140625,790.9500122070312,754.7618408203125,3264477.0,0.0,0.0
2021-02-24,794.0,798.0999755859375,776.25,789.0499877929688,752.9487915039062,1587082.0,0.0,0.0
2021-02-25,795.0,814.0,790.4500122070312,809.1500244140625,772.1290893554688,5478169.0,0.0,0.0
2021-02-26,805.0,820.0,780.0,787.0499877929688,751.0403442382812,7549015.0,0.0,0.0
2021-03-01,795.0,800.5,782.0,789.7999877929688,753.6644287109375,2748271.0,0.0,0.0
2021-03-02,792.5999755859375,815.0,790.7999877929688,811.7999877929688,774.6578979492188,4275166.0,0.0,0.0
2021-03-03,817.9500122070312,818.1500244140625,807.5999755859375,812.5,775.325927734375,3265559.0,0.0,0.0
2021-03-04,807.4000244140625,818.0,803.7000122070312,806.75,769.8389892578125,3640996.0,0.0,0.0
2021-03-05,806.5,812.0,800.25,805.1500244140625,768.3121337890625,3832170.0,0.0,0.0
2021-03-08,807.9500122070312,819.0,806.2000122070312,809.25,772.2245483398438,2915298.0,0.0,0.0
2021-03-09,812.5999755859375,816.7000122070312,792.0999755859375,797.0,760.5350341796875,2783825.0,0.0,0.0
2021-03-10,806.0,814.75,801.0,812.4000244140625,775.2304077148438,2512573.0,0.0,0.0
2021-03-12,816.5,818.7000122070312,802.0,805.9500122070312,769.0755615234375,2082799.0,0.0,0.0
2021-03-15,807.9000244140625,808.9000244140625,790.0,805.5,768.6461791992188,2651062.0,0.0,0.0
2021-03-16,805.0999755859375,808.5,787.0,792.2999877929688,756.050048828125,3671229.0,0.0,0.0
2021-03-17,794.7999877929688,794.7999877929688,770.0,772.1500244140625,736.8219604492188,3246092.0,0.0,0.0
2021-03-18,776.0,778.4500122070312,750.8499755859375,755.1500244140625,720.5997924804688,2894624.0,0.0,0.0
2021-03-19,751.0,767.25,738.0999755859375,760.6500244140625,725.8480834960938,5262000.0,0.0,0.0
2021-03-22,762.0,784.5999755859375,758.7000122070312,772.8499755859375,737.4899291992188,3563266.0,0.0,0.0
2021-03-23,775.0,779.4000244140625,768.4000244140625,776.0999755859375,740.59130859375,2118532.0,0.0,0.0
2021-03-24,777.7999877929688,798.7000122070312,772.6500244140625,792.9500122070312,756.6703491210938,6904173.0,0.0,0.0
2021-03-25,796.9000244140625,802.2999877929688,783.2999877929688,787.25,751.2310791015625,5292130.0,0.0,0.0
2021-03-26,791.0,799.0,781.25,787.4500122070312,751.4219360351562,2934548.0,0.0,0.0
2021-03-30,790.25,815.9000244140625,790.25,812.2000122070312,775.03955078125,4453933.0,0.0,0.0
2021-03-31,811.0,823.9500122070312,805.0,815.0999755859375,777.806884765625,3075406.0,0.0,0.0
2021-04-01,819.5,824.0,811.5999755859375,818.2999877929688,780.8604125976562,1910949.0,0.0,0.0
2021-04-05,825.0,827.0,806.0999755859375,819.75,782.244140625,2920638.0,0.0,0.0
2021-04-06,824.0,845.0,821.8499755859375,836.1500244140625,797.8938598632812,4569120.0,0.0,0.0
2021-04-07,836.1500244140625,844.9000244140625,830.25,840.8499755859375,802.3787231445312,2404472.0,0.0,0.0
2021-04-08,843.0,850.4500122070312,838.4000244140625,842.0,803.4761962890625,2459821.0,0.0,0.0
2021-04-09,840.9000244140625,892.2999877929688,836.6500244140625,883.0499877929688,842.6480102539062,11189432.0,0.0,0.0
2021-04-12,890.0,940.0,879.1500244140625,902.4000244140625,861.1126708984375,30141861.0,0.0,0.0
2021-04-13,921.9500122070312,932.5999755859375,878.2999877929688,885.2000122070312,844.6995849609375,11667200.0,0.0,0.0
2021-04-15,898.7999877929688,925.4000244140625,883.9000244140625,914.2000122070312,872.372802734375,13218002.0,0.0,0.0
2021-04-16,919.75,944.25,910.9000244140625,938.0499877929688,895.131591796875,13746268.0,0.0,0.0
2021-04-19,945.25,955.0,924.0,946.2999877929688,903.004150390625,17805574.0,0.0,0.0
2021-04-20,965.0999755859375,966.3499755859375,941.0999755859375,949.2999877929688,905.8668212890625,10205616.0,0.0,0.0
2021-04-22,958.7999877929688,963.1500244140625,938.8499755859375,944.3499755859375,901.143310546875,8522208.0,0.0,0.0
2021-04-23,944.3499755859375,952.8499755859375,922.75,935.5999755859375,892.793701171875,7972589.0,0.0,0.0
2021-04-26,935.5999755859375,940.0,902.1500244140625,905.4000244140625,863.9755249023438,10255697.0,0.0,0.0
2021-04-27,913.0,919.5,901.0,912.4000244140625,870.6551513671875,5669049.0,0.0,0.0
2021-04-28,914.3499755859375,918.0,902.9500122070312,910.2000122070312,868.5558471679688,7251009.0,0.0,0.0
2021-04-29,911.9500122070312,917.4000244140625,904.0,906.5,865.0250854492188,4953091.0,0.0,0.0
2021-04-30,900.75,921.0,900.75,910.3499755859375,868.6988525390625,6459737.0,0.0,0.0
2021-05-03,919.0999755859375,924.4000244140625,906.4000244140625,910.2000122070312,868.5558471679688,6330144.0,0.0,0.0
2021-05-04,912.9000244140625,912.9000244140625,876.0,878.4500122070312,838.2584228515625,8347795.0,0.0,0.0
2021-05-05,885.0,899.0,869.0,888.6500244140625,847.9918823242188,10491085.0,0.0,0.0
2021-05-06,907.0,916.7000122070312,880.9000244140625,884.2999877929688,843.8408203125,17973153.0,0.0,0.0
2021-05-07,893.0,895.5,877.0,882.9000244140625,842.5048828125,5479029.0,0.0,0.0
2021-05-10,892.5,906.4500122070312,877.5,900.25,859.06103515625,8379304.0,0.0,0.0
2021-05-11,899.9500122070312,905.9500122070312,888.2000122070312,890.9000244140625,850.1388549804688,5864464.0,0.0,0.0
2021-05-12,889.2999877929688,906.75,884.2999877929688,898.5999755859375,857.4864501953125,5224240.0,0.0,0.0
2021-05-14,909.0,921.0,900.7999877929688,904.0499877929688,862.6871948242188,15048471.0,0.0,0.0
2021-05-17,895.0,905.0,870.0,881.2000122070312,840.8826904296875,14122085.0,0.0,0.0
2021-05-18,887.0,888.3499755859375,878.4500122070312,884.4000244140625,843.936279296875,5129966.0,0.0,0.0
2021-05-19,887.8499755859375,905.9500122070312,881.0,903.9500122070312,862.591796875,7242643.0,0.0,0.0
2021-05-20,906.0,927.9000244140625,905.0,924.2000122070312,881.9153442382812,12378690.0,0.0,0.0
2021-05-21,930.0,935.0,922.2999877929688,926.9000244140625,884.49169921875,6740711.0,0.0,0.0
2021-05-24,931.0,945.5,926.1500244140625,931.25,888.6426391601562,6420035.0,0.0,0.0
2021-05-25,939.6500244140625,940.0,930.0,935.5999755859375,892.793701171875,3695242.0,0.0,0.0
2021-05-26,941.0,951.9500122070312,939.0499877929688,945.1500244140625,901.90673828125,5445187.0,0.0,0.0
2021-05-27,946.0,948.75,934.0499877929688,942.3499755859375,899.23486328125,6249606.0,0.0,0.0
2021-05-28,940.2000122070312,947.3499755859375,931.0,934.3499755859375,891.6008911132812,2156991.0,0.0,0.0
2021-05-31,934.3499755859375,951.0,924.0,949.3499755859375,905.9146118164062,3183414.0,0.0,0.0
2021-06-01,952.0,958.0,943.5499877929688,946.4500122070312,903.1472778320312,2904962.0,0.0,0.0
2021-06-02,946.4500122070312,960.5,946.4500122070312,954.7000122070312,911.019775390625,2449102.0,0.0,0.0
2021-06-03,955.0,959.7000122070312,946.0,948.25,904.8649291992188,2258695.0,0.0,0.0
2021-06-04,948.0,951.5,936.5,946.4000244140625,903.0994873046875,3057699.0,0.0,0.0
2021-06-07,951.75,951.75,937.5499877929688,939.7999877929688,896.8013916015625,2028426.0,0.0,0.0
2021-06-08,939.7999877929688,955.0,931.8499755859375,953.75,910.11328125,2278534.0,0.0,0.0
2021-06-09,954.7999877929688,975.0,950.2000122070312,958.6500244140625,914.7891235351562,5498857.0,0.0,0.0
2021-06-10,960.9500122070312,975.0,960.0,974.2000122070312,929.6276245117188,4754350.0,0.0,0.0
2021-06-11,975.0,982.2999877929688,965.5,967.8499755859375,923.568115234375,3480545.0,0.0,0.0
2021-06-14,972.7000122070312,979.0,957.0,976.1500244140625,931.4884033203125,2377279.0,0.0,0.0
2021-06-15,975.0,978.8499755859375,967.1500244140625,969.7000122070312,925.3335571289062,1289684.0,0.0,0.0
2021-06-16,969.0,971.1500244140625,953.7999877929688,956.75,912.9760131835938,1684500.0,0.0,0.0
2021-06-17,955.0,959.75,943.5,950.9500122070312,907.4414672851562,2429291.0,0.0,0.0
2021-06-18,950.9500122070312,967.6500244140625,945.3499755859375,960.9000244140625,916.9360961914062,4978288.0,0.0,0.0
2021-06-21,958.0,962.7000122070312,950.5,960.1500244140625,916.2205200195312,1625660.0,0.0,0.0
2021-06-22,956.2000122070312,960.9000244140625,949.1500244140625,955.8499755859375,912.1171875,2344400.0,0.0,0.0
2021-06-23,956.0,966.0,954.2000122070312,957.75,913.9302368164062,1807471.0,0.0,0.0
2021-06-24,957.7999877929688,958.7000122070312,944.0,950.9000244140625,907.3935546875,1769651.0,0.0,0.0
2021-06-25,951.0,961.0,948.9500122070312,957.0999755859375,913.3099365234375,2134441.0,0.0,0.0
2021-06-28,962.0,971.3499755859375,957.0999755859375,963.0499877929688,918.9877319335938,1759671.0,0.0,0.0
2021-06-29,964.0,989.0,960.0499877929688,979.5999755859375,934.780517578125,4300755.0,0.0,0.0
2021-06-30,992.2000122070312,997.0,969.1500244140625,971.9000244140625,927.4328002929688,7195632.0,0.0,0.0
2021-07-01,977.2000122070312,980.0,967.2000122070312,978.0999755859375,933.3491821289062,2291137.0,0.0,0.0
2021-07-02,981.8499755859375,985.7999877929688,975.0999755859375,979.2000122070312,934.3988037109375,1421148.0,0.0,0.0
2021-07-05,979.2999877929688,983.8499755859375,973.0999755859375,974.7000122070312,930.1046752929688,1286458.0,0.0,0.0
2021-07-06,975.0,975.0,964.75,969.0999755859375,924.7609252929688,1157576.0,0.0,0.0
2021-07-07,968.0,968.9500122070312,961.0,965.2000122070312,921.0393676757812,1740439.0,0.0,0.0
2021-07-08,965.5,968.0,944.7999877929688,950.6500244140625,907.1550903320312,1662518.0,0.0,0.0
2021-07-09,952.0,965.5999755859375,949.9500122070312,959.7999877929688,915.8864135742188,1301555.0,0.0,0.0
2021-07-12,960.0,967.9500122070312,955.8499755859375,959.8499755859375,915.9342041015625,1122802.0,0.0,0.0
2021-07-13,962.2000122070312,969.8499755859375,956.0499877929688,965.6500244140625,921.4688110351562,1317621.0,0.0,0.0
2021-07-14,961.0999755859375,978.4000244140625,961.0999755859375,977.1500244140625,932.442626953125,1729994.0,0.0,0.0
2021-07-15,979.0,981.0,972.0499877929688,973.5999755859375,929.0551147460938,979315.0,0.0,0.0
2021-07-16,973.5999755859375,989.9000244140625,973.5999755859375,977.1500244140625,932.442626953125,2087320.0,0.0,0.0
2021-07-19,972.0999755859375,983.5999755859375,971.25,974.0,929.4368286132812,854347.0,0.0,0.0
2021-07-20,972.0,974.0999755859375,952.6500244140625,955.1500244140625,911.44921875,1520300.0,0.0,0.0
2021-07-22,958.0999755859375,958.9500122070312,946.6500244140625,949.9000244140625,906.4393920898438,1783069.0,0.0,0.0
2021-07-23,952.0,957.7000122070312,946.9500122070312,948.0,904.6263427734375,1056183.0,0.0,0.0
2021-07-26,948.0,960.0,947.0,950.5499877929688,907.0596313476562,1306026.0,0.0,0.0
2021-07-27,952.5,958.5,909.0,913.0999755859375,871.3231811523438,3366104.0,0.0,0.0
2021-07-28,921.5999755859375,921.5999755859375,886.6500244140625,889.9000244140625,849.1846313476562,5094903.0,0.0,0.0
2021-07-29,894.3499755859375,899.9500122070312,872.0,883.0999755859375,842.6956787109375,4929314.0,0.0,0.0
2021-07-30,885.0999755859375,929.9000244140625,877.75,920.0499877929688,877.9551391601562,6280365.0,0.0,0.0
2021-08-02,928.2999877929688,933.5999755859375,913.4000244140625,921.0499877929688,878.9093627929688,2981630.0,0.0,0.0
2021-08-03,925.0,929.5499877929688,918.5,928.1500244140625,885.6845092773438,2014511.0,0.0,0.0
2021-08-04,928.1500244140625,942.5,927.0,939.6500244140625,896.6583862304688,2517694.0,0.0,0.0
2021-08-05,944.2000122070312,953.0,932.0,945.4000244140625,902.145263671875,4022548.0,0.0,0.0
2021-08-06,939.0,939.0,909.0,911.2999877929688,869.6055297851562,9727673.0,0.0,0.0
2021-08-09,912.0999755859375,920.0,897.4000244140625,918.6500244140625,881.4554443359375,3310964.0,5.0,0.0
2021-08-10,920.0,923.7999877929688,905.0,912.5999755859375,875.650390625,2552532.0,0.0,0.0
2021-08-11,912.9000244140625,914.0,891.0499877929688,909.8499755859375,873.01171875,2174054.0,0.0,0.0
2021-08-12,912.0,916.2000122070312,903.7000122070312,905.2999877929688,868.6459350585938,2127392.0,0.0,0.0
2021-08-13,906.0,910.9500122070312,892.3499755859375,894.4000244140625,858.1873779296875,2919925.0,0.0,0.0
2021-08-16,896.0,901.0999755859375,886.0499877929688,888.25,852.2863159179688,1954152.0,0.0,0.0
2021-08-17,891.0,906.2999877929688,889.9000244140625,904.6500244140625,868.0223388671875,3767678.0,0.0,0.0
2021-08-18,900.2000122070312,910.7000122070312,900.0,908.8499755859375,872.05224609375,2323095.0,0.0,0.0
2021-08-20,908.9000244140625,909.0499877929688,887.0,890.8499755859375,854.781005859375,2354874.0,0.0,0.0
2021-08-23,898.0,908.0,888.6500244140625,898.3499755859375,861.9773559570312,2081206.0,0.0,0.0
2021-08-24,903.0,919.5499877929688,897.6500244140625,917.6500244140625,880.4959716796875,2588128.0,0.0,0.0
2021-08-25,917.0,923.5999755859375,905.9500122070312,912.5999755859375,875.650390625,1697757.0,0.0,0.0
2021-08-26,912.5999755859375,916.75,906.2999877929688,911.2999877929688,874.4030151367188,1522032.0,0.0,0.0
2021-08-27,913.7999877929688,925.4500122070312,907.5,923.9000244140625,886.492919921875,1878603.0,0.0,0.0
2021-08-30,924.0,936.5,920.4500122070312,934.7000122070312,896.8556518554688,2016968.0,0.0,0.0
2021-08-31,935.0,949.7000122070312,930.2999877929688,947.7999877929688,909.4251708984375,2463088.0,0.0,0.0
2021-09-01,949.0,954.9000244140625,920.0,922.8499755859375,885.4854125976562,4434153.0,0.0,0.0
2021-09-02,927.0,960.0,923.4000244140625,955.25,916.5736083984375,3688123.0,0.0,0.0
2021-09-03,956.0999755859375,963.0,930.6500244140625,941.0999755859375,902.9964599609375,3110583.0,0.0,0.0
2021-09-06,945.8499755859375,958.0,942.6500244140625,950.2000122070312,911.7280883789062,1699875.0,0.0,0.0
2021-09-07,950.2000122070312,957.2999877929688,944.0499877929688,950.5,912.0159301757812,1113880.0,0.0,0.0
2021-09-08,948.0,953.1500244140625,940.0,951.7999877929688,913.26318359375,1600457.0,0.0,0.0
2021-09-09,951.1500244140625,952.0999755859375,926.0,949.2999877929688,910.8644409179688,3769007.0,0.0,0.0
2021-09-13,946.0,953.9000244140625,942.5499877929688,950.4500122070312,911.9679565429688,865538.0,0.0,0.0
2021-09-14,954.7999877929688,958.3499755859375,949.5999755859375,953.1500244140625,914.55859375,1373821.0,0.0,0.0
2021-09-15,955.0,956.5999755859375,948.2999877929688,952.9500122070312,914.36669921875,2509424.0,0.0,0.0
2021-09-16,954.5,964.7999877929688,950.2000122070312,954.0,915.3742065429688,3574908.0,0.0,0.0
2021-09-17,960.0,962.5,948.0499877929688,954.0499877929688,915.422119140625,2006356.0,0.0,0.0
2021-09-20,953.0,953.0,929.7999877929688,938.0999755859375,900.1180419921875,2308294.0,0.0,0.0
2021-09-21,935.0,959.0,933.0,956.0999755859375,917.3890991210938,2438464.0,0.0,0.0
2021-09-22,952.25,974.25,951.6500244140625,963.5,924.4896240234375,2267730.0,0.0,0.0
2021-09-23,965.4500122070312,970.0,959.5,968.0999755859375,928.9031982421875,1297533.0,0.0,0.0
2021-09-24,969.5999755859375,983.4000244140625,960.4500122070312,967.6500244140625,928.4715576171875,1803409.0,0.0,0.0
2021-09-27,965.0,970.0499877929688,952.2999877929688,962.7000122070312,923.7219848632812,1217035.0,0.0,0.0
2021-09-28,960.5,977.0,950.7999877929688,971.0,931.6858520507812,1542732.0,0.0,0.0
2021-09-29,970.5,1005.0,965.1500244140625,987.5999755859375,947.61376953125,4052980.0,0.0,0.0
2021-09-30,988.0,999.75,976.3499755859375,983.5499877929688,943.727783203125,2312926.0,0.0,0.0
2021-10-01,980.0,991.9000244140625,973.0999755859375,986.2000122070312,946.2704467773438,1948517.0,0.0,0.0
2021-10-04,986.0,996.9500122070312,954.9000244140625,957.5,918.732421875,4097873.0,0.0,0.0
2021-10-05,961.7999877929688,961.9000244140625,928.4500122070312,934.5499877929688,896.7116088867188,4986700.0,0.0,0.0
2021-10-06,935.5499877929688,938.5499877929688,911.1500244140625,913.4500122070312,876.4660034179688,2615582.0,0.0,0.0
2021-10-07,920.0,922.25,898.0,916.0499877929688,878.9607543945312,7008049.0,0.0,0.0
2021-10-08,923.0,929.4500122070312,911.6500244140625,917.0999755859375,879.9682006835938,2075219.0,0.0,0.0
2021-10-11,922.7999877929688,923.1500244140625,910.0,913.75,876.7538452148438,1449593.0,0.0,0.0
2021-10-12,913.5,924.7000122070312,907.8499755859375,915.9500122070312,878.86474609375,1164581.0,0.0,0.0
2021-10-13,921.6500244140625,924.4500122070312,912.0499877929688,913.5,876.5139770507812,1821818.0,0.0,0.0
2021-10-14,917.4500122070312,920.5,909.9000244140625,911.3499755859375,874.4509887695312,913675.0,0.0,0.0
2021-10-18,911.3499755859375,915.9000244140625,899.5,903.75,867.15869140625,1913667.0,0.0,0.0
2021-10-19,906.0,917.2999877929688,903.25,906.2000122070312,869.5094604492188,1360282.0,0.0,0.0
2021-10-20,905.0,912.7000122070312,900.0,905.9000244140625,869.2217407226562,1941581.0,0.0,0.0
2021-10-21,914.4500122070312,917.9000244140625,901.5999755859375,911.5499877929688,874.642822265625,2723509.0,0.0,0.0
2021-10-22,911.5499877929688,915.0,889.3499755859375,896.3499755859375,860.058349609375,1360319.0,0.0,0.0
2021-10-25,895.9000244140625,913.0,890.0,901.8499755859375,865.3356323242188,1901039.0,0.0,0.0
2021-10-26,908.9000244140625,914.1500244140625,900.0,907.5,870.7569580078125,1405411.0,0.0,0.0
2021-10-27,916.9500122070312,926.9000244140625,902.4500122070312,922.5,885.1495361328125,5111161.0,0.0,0.0
2021-10-28,922.4000244140625,928.5499877929688,886.2999877929688,891.75,855.6445922851562,2224983.0,0.0,0.0
2021-10-29,893.0,917.0,885.25,905.0499877929688,868.4061279296875,2783659.0,0.0,0.0
2021-11-01,917.0,918.5499877929688,902.2000122070312,909.25,872.4360961914062,986133.0,0.0,0.0
2021-11-02,910.0,912.8499755859375,900.5,903.4000244140625,866.8228759765625,1038025.0,0.0,0.0
2021-11-03,909.5499877929688,914.7000122070312,903.7000122070312,912.6500244140625,875.6984252929688,1275433.0,0.0,0.0
2021-11-04,912.6500244140625,914.25,908.8499755859375,910.7000122070312,873.827392578125,96347.0,0.0,0.0
2021-11-08,917.9500122070312,917.9500122070312,898.7000122070312,913.7000122070312,876.7059326171875,860650.0,0.0,0.0
2021-11-09,913.0,925.0,909.6500244140625,914.1500244140625,877.1376342773438,843911.0,0.0,0.0
2021-11-10,910.0,924.5,910.0,912.4500122070312,875.5064697265625,1597922.0,0.0,0.0
2021-11-11,912.4500122070312,912.4500122070312,896.0,904.9000244140625,868.2621459960938,1180372.0,0.0,0.0
2021-11-12,910.7999877929688,917.0,905.0,915.9500122070312,878.86474609375,936613.0,0.0,0.0
2021-11-15,915.0,939.8499755859375,910.0999755859375,938.1500244140625,900.1659545898438,2615304.0,0.0,0.0
2021-11-16,943.1500244140625,943.9000244140625,919.0,921.75,884.4299926757812,1925000.0,0.0,0.0
2021-11-17,921.75,921.75,901.0,905.3499755859375,868.6939086914062,1996857.0,0.0,0.0
2021-11-18,905.2999877929688,907.0,891.0,892.2999877929688,856.1722412109375,1009418.0,0.0,0.0
2021-11-22,893.0,909.0,883.0,895.4000244140625,859.1468505859375,1443344.0,0.0,0.0
2021-11-23,891.7000122070312,918.5499877929688,890.0,910.5999755859375,873.7312622070312,1820473.0,0.0,0.0
2021-11-24,911.0,915.4000244140625,891.3499755859375,893.4500122070312,857.2758178710938,1392190.0,0.0,0.0
2021-11-25,894.0,902.4500122070312,884.0,899.9500122070312,863.5125122070312,1325422.0,0.0,0.0
2021-11-26,892.0,976.0499877929688,890.6500244140625,966.7000122070312,927.56005859375,14458893.0,0.0,0.0
2021-11-29,974.0,998.0,956.0,965.0,925.9288330078125,8303735.0,0.0,0.0
2021-11-30,965.0,984.0,958.5999755859375,971.2999877929688,931.9736938476562,4771579.0,0.0,0.0
2021-12-01,980.75,986.7000122070312,921.8499755859375,928.1500244140625,890.57080078125,3879683.0,0.0,0.0
2021-12-02,937.9500122070312,937.9500122070312,917.5,921.25,883.9502563476562,2749084.0,0.0,0.0
2021-12-03,930.0,930.0,908.2999877929688,912.0499877929688,875.1226196289062,2388529.0,0.0,0.0
2021-12-06,915.0999755859375,915.7999877929688,892.5,894.9500122070312,858.715087890625,1573419.0,0.0,0.0
2021-12-07,898.2999877929688,898.2999877929688,884.0,889.25,853.2457885742188,2471419.0,0.0,0.0
2021-12-08,895.0,902.0,890.2999877929688,897.9500122070312,861.5935668945312,1663728.0,0.0,0.0
2021-12-09,900.0,902.0,890.0499877929688,894.5,858.283203125,1645541.0,0.0,0.0
2021-12-10,895.0,901.0,891.0,893.9000244140625,857.7075805664062,947538.0,0.0,0.0
2021-12-13,895.2000122070312,903.0,886.5499877929688,891.2999877929688,855.2127685546875,1785608.0,0.0,0.0
2021-12-14,893.5,907.8499755859375,891.0,895.5999755859375,859.3386840820312,2651452.0,0.0,0.0
2021-12-15,896.2000122070312,901.8499755859375,891.7000122070312,895.7000122070312,859.4346313476562,1192775.0,0.0,0.0
2021-12-16,903.5,903.5,878.25,881.0,845.3298950195312,2280037.0,0.0,0.0
2021-12-17,882.0,884.5,850.0,860.2000122070312,825.3720092773438,2824703.0,0.0,0.0
2021-12-20,864.0,898.4500122070312,861.0999755859375,893.7999877929688,857.611572265625,8501360.0,0.0,0.0
2021-12-21,893.7999877929688,897.4000244140625,882.0499877929688,886.75,850.8470458984375,2301316.0,0.0,0.0
2021-12-22,889.0,893.8499755859375,880.9500122070312,889.7000122070312,853.6776123046875,1271710.0,0.0,0.0
2021-12-23,892.0,912.5,891.25,909.75,872.915771484375,1970110.0,0.0,0.0
2021-12-24,910.2000122070312,912.9000244140625,901.7999877929688,908.2999877929688,871.5245361328125,1114033.0,0.0,0.0
2021-12-27,912.9000244140625,933.1500244140625,910.1500244140625,930.25,892.585693359375,4596248.0,0.0,0.0
2021-12-28,932.0,936.2999877929688,923.0499877929688,933.2999877929688,895.5122680664062,1907169.0,0.0,0.0
2021-12-29,938.0,947.5999755859375,933.25,935.5499877929688,897.6712036132812,2687014.0,0.0,0.0
2021-12-30,937.0,955.0,936.0999755859375,952.75,914.1748046875,1729705.0,0.0,0.0
2021-12-31,955.0,957.25,942.0,944.0999755859375,905.8750610351562,2039044.0,0.0,0.0
2022-01-03,947.0499877929688,947.9000244140625,925.7999877929688,930.5,892.82568359375,2013140.0,0.0,0.0
2022-01-04,937.4500122070312,937.4500122070312,920.25,924.25,886.8286743164062,1238138.0,0.0,0.0
2022-01-05,926.5,931.7999877929688,919.0,928.5499877929688,890.9545288085938,1407995.0,0.0,0.0
2022-01-06,928.5499877929688,935.9500122070312,919.2999877929688,922.0,884.6697998046875,1384402.0,0.0,0.0
2022-01-07,926.4000244140625,926.6500244140625,913.3499755859375,914.75,877.7133178710938,1546099.0,0.0,0.0
2022-01-10,914.75,917.8499755859375,908.6500244140625,916.2000122070312,879.1046752929688,1637506.0,0.0,0.0
2022-01-11,917.5,921.75,913.0,915.9500122070312,878.86474609375,1578147.0,0.0,0.0
2022-01-12,918.4000244140625,918.4000244140625,901.2000122070312,906.2000122070312,869.5094604492188,2090537.0,0.0,0.0
2022-01-13,912.0,929.1500244140625,908.7000122070312,924.0499877929688,886.63671875,2739659.0,0.0,0.0
2022-01-14,926.0499877929688,933.0,916.2999877929688,921.5,884.1900634765625,2321761.0,0.0,0.0
2022-01-17,915.5999755859375,920.2000122070312,909.0,910.2000122070312,873.3475952148438,1058857.0,0.0,0.0
2022-01-18,910.2000122070312,914.5999755859375,898.4500122070312,902.1500244140625,865.62353515625,1830577.0,0.0,0.0
2022-01-19,900.0499877929688,901.5999755859375,885.0999755859375,895.6500244140625,859.3866577148438,1413292.0,0.0,0.0
2022-01-20,895.0,899.9000244140625,880.0499877929688,882.3499755859375,846.6251220703125,1614683.0,0.0,0.0
2022-01-21,880.0,880.0,860.0,867.4500122070312,832.328369140625,1669132.0,0.0,0.0
2022-01-24,871.5,895.0,867.4500122070312,892.0999755859375,855.9804077148438,4992078.0,0.0,0.0
2022-01-25,891.4000244140625,909.0,881.0999755859375,905.6500244140625,868.9818115234375,2322693.0,0.0,0.0
2022-01-27,901.0,931.5,887.0,927.5999755859375,890.0430297851562,7859401.0,0.0,0.0
2022-01-28,926.5499877929688,942.0,917.4500122070312,932.25,894.5048217773438,2428175.0,0.0,0.0
2022-01-31,939.0,950.0,930.6500244140625,945.0,906.7385864257812,2008278.0,0.0,0.0
2022-02-01,948.0,959.0,938.7999877929688,946.4000244140625,908.0819091796875,2033319.0,0.0,0.0
2022-02-02,945.5,958.5,944.75,951.7999877929688,913.26318359375,1735750.0,0.0,0.0
2022-02-03,953.0,957.0,944.5499877929688,952.75,914.1748046875,1116446.0,0.0,0.0
2022-02-04,951.25,957.75,940.0,946.0999755859375,907.7940063476562,1428601.0,0.0,0.0
2022-02-07,946.2000122070312,947.0,927.0499877929688,933.2999877929688,895.5122680664062,949273.0,0.0,0.0
2022-02-08,933.2999877929688,951.0,931.0999755859375,948.0499877929688,909.6651000976562,1812035.0,0.0,0.0
2022-02-09,954.7999877929688,972.5,950.25,968.25,929.0472412109375,2513281.0,0.0,0.0
2022-02-10,969.0,977.3499755859375,963.0,975.0499877929688,935.5718994140625,2044733.0,0.0,0.0
2022-02-11,956.5,976.0499877929688,953.0,958.5,919.6920166015625,1292417.0,0.0,0.0
2022-02-14,947.0,962.9000244140625,938.8499755859375,954.9000244140625,916.23779296875,2346622.0,0.0,0.0
2022-02-15,916.5499877929688,938.7999877929688,912.2999877929688,921.8499755859375,884.5258178710938,8304774.0,0.0,0.0
2022-02-16,938.0,940.25,920.0999755859375,933.0999755859375,895.3203735351562,2480569.0,0.0,0.0
2022-02-17,934.7999877929688,955.5,925.7000122070312,928.2000122070312,890.6187744140625,2843010.0,0.0,0.0
2022-02-18,927.5,929.8499755859375,903.0499877929688,909.0999755859375,872.2920532226562,3643338.0,0.0,0.0
2022-02-21,903.0999755859375,913.7000122070312,896.0,907.25,870.5170288085938,1860041.0,0.0,0.0
2022-02-22,893.2000122070312,918.0,890.75,913.4000244140625,876.41796875,1884736.0,0.0,0.0
2022-02-23,915.25,921.2999877929688,910.25,914.9000244140625,877.8572998046875,1399309.0,0.0,0.0
2022-02-24,899.7999877929688,908.75,888.1500244140625,895.7999877929688,859.5305786132812,2003438.0,0.0,0.0
2022-02-25,903.0,926.7000122070312,890.9500122070312,923.6500244140625,886.2530517578125,2825642.0,0.0,0.0
2022-02-28,920.0499877929688,929.9500122070312,911.0,925.0499877929688,887.5963745117188,1534018.0,0.0,0.0
2022-03-02,911.0999755859375,931.2999877929688,911.0999755859375,923.0999755859375,885.7252197265625,3276260.0,0.0,0.0
2022-03-03,925.0,945.0,919.5499877929688,934.9000244140625,897.0475463867188,2622469.0,0.0,0.0
2022-03-04,929.0,941.0,920.25,931.2000122070312,893.4972534179688,2453781.0,0.0,0.0
2022-03-07,921.9000244140625,946.0,917.0499877929688,941.1500244140625,903.0445556640625,2604231.0,0.0,0.0
2022-03-08,938.0,977.0,935.4000244140625,969.5499877929688,930.2945556640625,5826939.0,0.0,0.0
2022-03-09,969.5499877929688,987.5499877929688,960.0499877929688,981.5499877929688,941.80859375,3501351.0,0.0,0.0
2022-03-10,982.0499877929688,992.9000244140625,975.0,987.0499877929688,947.0859985351562,4146797.0,0.0,0.0
2022-03-11,984.25,1053.75,981.3499755859375,1043.949951171875,1001.6821899414062,11106725.0,0.0,0.0
2022-03-14,1045.0,1058.0,1036.75,1048.6500244140625,1006.1918334960938,5590771.0,0.0,0.0
2022-03-15,1045.0,1083.0,1045.0,1068.050048828125,1024.8065185546875,7945333.0,0.0,0.0
2022-03-16,1077.0,1078.0,1049.1500244140625,1055.800048828125,1013.0525512695312,3379138.0,0.0,0.0
2022-03-17,1056.0,1066.4000244140625,1045.699951171875,1048.5,1006.0480346679688,3712730.0,0.0,0.0
2022-03-21,1067.800048828125,1071.0,1049.0999755859375,1050.300048828125,1007.7753295898438,2039889.0,0.0,0.0
2022-03-22,1045.0,1049.25,1024.0,1032.5999755859375,990.791748046875,2269544.0,0.0,0.0
2022-03-23,1044.9000244140625,1044.9000244140625,1011.25,1014.4500122070312,973.376708984375,2781735.0,0.0,0.0
2022-03-24,1014.0,1040.0999755859375,1001.75,1029.0,987.3375244140625,3344649.0,0.0,0.0
2022-03-25,1033.300048828125,1033.300048828125,1006.0,1013.5,972.4651489257812,1680031.0,0.0,0.0
2022-03-28,1022.0,1044.25,1008.9000244140625,1017.0999755859375,975.9193115234375,3847112.0,0.0,0.0
2022-03-29,1020.2000122070312,1041.0,1020.2000122070312,1038.8499755859375,996.7887573242188,3194089.0,0.0,0.0
2022-03-30,1043.0,1054.800048828125,1025.199951171875,1028.949951171875,987.28955078125,3083750.0,0.0,0.0
2022-03-31,1030.0,1035.0,1013.5999755859375,1018.0499877929688,976.8308715820312,1976418.0,0.0,0.0
2022-04-01,1023.0,1025.9000244140625,1006.0,1014.8499755859375,973.7604370117188,1285646.0,0.0,0.0
2022-04-04,1018.0,1029.6500244140625,1003.4500122070312,1027.800048828125,986.1862182617188,1665075.0,0.0,0.0
2022-04-05,1035.0,1036.0,1017.0,1021.4500122070312,980.09326171875,1596381.0,0.0,0.0
2022-04-06,1014.0,1033.8499755859375,1014.0,1029.0,987.3375244140625,1487844.0,0.0,0.0
2022-04-07,1036.0,1062.6500244140625,1032.300048828125,1036.699951171875,994.7257690429688,3496357.0,0.0,0.0
2022-04-08,1038.449951171875,1038.449951171875,1005.0,1011.5999755859375,970.6420288085938,3001682.0,0.0,0.0
2022-04-11,1012.0,1028.300048828125,1011.5999755859375,1025.5,983.9793090820312,2094493.0,0.0,0.0
2022-04-12,1021.5,1031.699951171875,1013.0,1027.25,985.658447265625,2746930.0,0.0,0.0
2022-04-13,1031.0,1033.800048828125,1012.2000122070312,1016.5999755859375,975.4395751953125,1890795.0,0.0,0.0
2022-04-18,1016.5999755859375,1035.0,1010.0999755859375,1027.8499755859375,986.234130859375,2092141.0,0.0,0.0
2022-04-19,1034.699951171875,1038.9000244140625,980.3499755859375,1000.2999877929688,959.799560546875,1813890.0,0.0,0.0
2022-04-20,1001.9000244140625,1015.0,990.0499877929688,1012.0499877929688,971.0737915039062,1796999.0,0.0,0.0
2022-04-21,1016.0499877929688,1020.0,996.7000122070312,998.5499877929688,958.1204223632812,1526774.0,0.0,0.0
2022-04-22,998.0,998.5499877929688,959.0,967.0,927.8478393554688,2455188.0,0.0,0.0
2022-04-25,957.0999755859375,963.0,946.2999877929688,953.1500244140625,914.55859375,1309361.0,0.0,0.0
2022-04-26,958.1500244140625,980.5999755859375,957.0499877929688,978.4000244140625,938.7863159179688,1806747.0,0.0,0.0
2022-04-27,965.2000122070312,980.25,964.0,977.75,938.1626586914062,1033333.0,0.0,0.0
2022-04-28,988.0,990.5999755859375,977.9500122070312,981.2000122070312,941.472900390625,1840948.0,0.0,0.0
2022-04-29,981.2999877929688,994.9000244140625,976.5,981.2000122070312,941.472900390625,1972427.0,0.0,0.0
2022-05-02,979.0,989.75,971.7999877929688,976.5999755859375,937.0592041015625,1767117.0,0.0,0.0
2022-05-04,977.5,983.0,947.0499877929688,957.5499877929688,918.7804565429688,2086372.0,0.0,0.0
2022-05-05,959.9500122070312,967.2000122070312,944.0,948.4000244140625,910.0009765625,2161283.0,0.0,0.0
2022-05-06,937.7999877929688,946.3499755859375,925.4000244140625,934.75,896.903564453125,1828238.0,0.0,0.0
2022-05-09,934.75,942.0,922.0,938.2999877929688,900.309814453125,2047297.0,0.0,0.0
2022-05-10,930.0,939.5999755859375,918.5499877929688,926.1500244140625,888.6517944335938,1662201.0,0.0,0.0
2022-05-11,912.0,942.5999755859375,904.25,937.5999755859375,899.6381225585938,5296875.0,0.0,0.0
2022-05-12,935.0,937.0,915.5,920.75,883.4703979492188,2242769.0,0.0,0.0
2022-05-13,924.0999755859375,940.0999755859375,922.2000122070312,934.5999755859375,896.7596435546875,1734146.0,0.0,0.0
2022-05-16,926.0499877929688,945.0,926.0499877929688,933.4000244140625,895.6082763671875,1456551.0,0.0,0.0
2022-05-17,935.0,941.0499877929688,916.2000122070312,938.0,900.0220336914062,2301253.0,0.0,0.0
2022-05-18,945.7999877929688,961.2000122070312,941.3499755859375,957.0999755859375,918.3485717773438,2580102.0,0.0,0.0
2022-05-19,940.0,953.9500122070312,934.4000244140625,938.0,900.0220336914062,1198917.0,0.0,0.0
2022-05-20,950.0,982.5999755859375,939.0,978.4000244140625,938.7863159179688,2594816.0,0.0,0.0
2022-05-23,978.7999877929688,987.7000122070312,966.4500122070312,970.0499877929688,930.7743530273438,1220231.0,0.0,0.0
2022-05-24,977.0,977.7000122070312,961.75,970.4000244140625,931.1101684570312,1622192.0,0.0,0.0
2022-05-25,972.4000244140625,985.9000244140625,969.4500122070312,971.8499755859375,932.50146484375,1950710.0,0.0,0.0
2022-05-26,972.0999755859375,977.3499755859375,960.25,964.5499877929688,925.4970092773438,1630614.0,0.0,0.0
2022-05-27,970.0999755859375,977.7999877929688,960.0,966.3499755859375,927.22412109375,1249374.0,0.0,0.0
2022-05-30,968.4000244140625,992.0,968.0,986.7999877929688,946.8461303710938,2171285.0,0.0,0.0
2022-05-31,988.9000244140625,1004.9000244140625,978.7000122070312,992.9500122070312,952.7471923828125,4874664.0,0.0,0.0
2022-06-01,994.5,998.6500244140625,980.3499755859375,983.5499877929688,943.727783203125,1285579.0,0.0,0.0
2022-06-02,977.5,1006.8499755859375,977.5,987.0999755859375,947.134033203125,2639988.0,0.0,0.0
2022-06-03,990.0499877929688,998.75,957.1500244140625,960.9500122070312,922.0427856445312,1057504.0,0.0,0.0
2022-06-06,960.9500122070312,979.7000122070312,960.5,976.0499877929688,936.5314331054688,1412548.0,0.0,0.0
2022-06-07,971.5499877929688,979.6500244140625,962.0,972.75,933.364990234375,1759986.0,0.0,0.0
2022-06-08,972.0,976.0499877929688,956.9000244140625,962.9500122070312,923.9618530273438,1874689.0,0.0,0.0
2022-06-09,962.9000244140625,974.2999877929688,955.0,971.9500122070312,932.597412109375,1405851.0,0.0,0.0
2022-06-10,960.0,971.5999755859375,960.0,966.7999877929688,927.656005859375,776457.0,0.0,0.0
2022-06-13,955.0,984.75,947.7999877929688,954.75,916.0938110351562,3016612.0,0.0,0.0
2022-06-14,955.0,970.7999877929688,950.7999877929688,964.7000122070312,925.6409912109375,1570434.0,0.0,0.0
2022-06-15,965.0,974.9000244140625,964.0,968.7999877929688,929.5750122070312,1112618.0,0.0,0.0
2022-06-16,976.0,977.75,927.7999877929688,940.9500122070312,902.8525390625,1898194.0,0.0,0.0
2022-06-17,932.2000122070312,944.5499877929688,910.7999877929688,914.75,877.7133178710938,2715476.0,0.0,0.0
2022-06-20,914.75,928.1500244140625,902.0,925.8499755859375,888.3638305664062,942685.0,0.0,0.0
2022-06-21,927.0999755859375,944.4500122070312,927.0999755859375,938.2000122070312,900.2139282226562,521963.0,0.0,0.0
2022-06-22,931.0,945.0,912.7999877929688,916.9000244140625,879.7763061523438,1698830.0,0.0,0.0
2022-06-23,917.0,937.2999877929688,914.4000244140625,933.3499755859375,895.560302734375,615616.0,0.0,0.0
2022-06-24,933.0,943.5,930.0,933.7000122070312,895.8961181640625,722838.0,0.0,0.0
2022-06-27,936.0,946.4000244140625,930.5499877929688,932.3499755859375,894.6007080078125,846797.0,0.0,0.0
2022-06-28,935.0,947.7999877929688,921.8499755859375,945.0999755859375,906.83447265625,931109.0,0.0,0.0
2022-06-29,937.0499877929688,961.9000244140625,922.9000244140625,947.6500244140625,909.2813720703125,2455089.0,0.0,0.0
2022-06-30,944.0,944.0,911.4000244140625,917.2000122070312,880.0640869140625,2433648.0,0.0,0.0
2022-07-01,911.2000122070312,956.0499877929688,911.2000122070312,949.2999877929688,910.8644409179688,1793834.0,0.0,0.0
2022-07-04,944.5999755859375,950.0,928.5,930.6500244140625,892.9696044921875,1004832.0,0.0,0.0
2022-07-05,935.0,949.6500244140625,930.25,937.4000244140625,899.4462890625,1532205.0,0.0,0.0
2022-07-06,940.0,950.0,933.1500244140625,945.5999755859375,907.3142700195312,1390651.0,0.0,0.0
2022-07-07,950.3499755859375,950.3499755859375,933.2999877929688,935.25,897.3833618164062,1390277.0,0.0,0.0
2022-07-08,942.25,942.25,927.8499755859375,935.4500122070312,897.5752563476562,1072803.0,0.0,0.0
2022-07-11,938.0,950.0,927.0499877929688,947.5499877929688,909.185302734375,1037956.0,0.0,0.0
2022-07-12,941.9000244140625,947.3499755859375,934.0,935.75,897.8630981445312,672406.0,0.0,0.0
2022-07-13,940.4500122070312,958.9000244140625,932.1500244140625,953.3499755859375,914.7505493164062,1511059.0,0.0,0.0
2022-07-14,953.4000244140625,968.6500244140625,945.1500244140625,951.1500244140625,912.6395874023438,1713101.0,0.0,0.0
2022-07-15,963.0,968.0,951.5,966.0499877929688,926.9362182617188,1046876.0,0.0,0.0
2022-07-18,971.6500244140625,975.4000244140625,960.0499877929688,967.3499755859375,928.1836547851562,846036.0,0.0,0.0
2022-07-19,958.2000122070312,974.0,955.4000244140625,960.6500244140625,921.7549438476562,1162631.0,0.0,0.0
2022-07-20,965.7000122070312,982.9500122070312,958.8499755859375,981.5,941.7607421875,1627220.0,0.0,0.0
2022-07-21,985.0,989.5,966.3499755859375,968.5,929.287109375,1681422.0,0.0,0.0
2022-07-22,973.5,976.5,967.5,972.0999755859375,932.7413330078125,977238.0,0.0,0.0
2022-07-25,976.0,979.7999877929688,955.0499877929688,959.7999877929688,920.9392700195312,1024751.0,0.0,0.0
2022-07-26,959.9500122070312,962.0,944.5,955.7000122070312,917.00537109375,988405.0,0.0,0.0
2022-07-27,956.9000244140625,976.25,951.7999877929688,974.0499877929688,934.6124267578125,904733.0,0.0,0.0
2022-07-28,977.0,978.9500122070312,964.2000122070312,967.4500122070312,928.2796630859375,1043837.0,0.0,0.0
2022-07-29,973.7000122070312,983.9500122070312,953.0,977.4000244140625,937.8267822265625,2941566.0,0.0,0.0
2022-08-01,990.0,1031.0,988.2999877929688,1004.5499877929688,963.8775024414062,4647912.0,0.0,0.0
2022-08-02,1003.6500244140625,1006.0999755859375,992.0,1004.2000122070312,963.5416870117188,1184696.0,0.0,0.0
2022-08-03,1010.0,1028.75,1004.5,1011.8499755859375,970.8819580078125,4052763.0,0.0,0.0
2022-08-04,1017.7999877929688,1046.9000244140625,1015.0,1044.5,1002.2100219726562,2865077.0,0.0,0.0
2022-08-05,1040.0,1045.949951171875,1032.0,1034.199951171875,992.3269653320312,1561405.0,0.0,0.0
2022-08-08,1036.199951171875,1039.5,1024.0999755859375,1029.550048828125,992.6644897460938,767289.0,5.0,0.0
2022-08-10,1035.550048828125,1046.300048828125,1029.050048828125,1038.3499755859375,1001.1491088867188,1293683.0,0.0,0.0
2022-08-11,1040.5,1049.0,1035.0,1038.4000244140625,1001.1974487304688,838963.0,0.0,0.0
2022-08-12,1043.5999755859375,1043.5999755859375,1022.3499755859375,1027.1500244140625,990.3504638671875,1140717.0,0.0,0.0
2022-08-16,1027.1500244140625,1036.0,1025.25,1034.550048828125,997.4854125976562,776409.0,0.0,0.0
2022-08-17,1039.75,1042.949951171875,1024.199951171875,1025.75,989.0006103515625,1102323.0,0.0,0.0
2022-08-18,1028.5,1034.050048828125,1007.3499755859375,1032.199951171875,995.219482421875,1201720.0,0.0,0.0
2022-08-19,1029.050048828125,1036.5999755859375,1020.0999755859375,1030.0999755859375,993.1947021484375,654004.0,0.0,0.0
2022-08-22,1016.0,1029.8499755859375,1015.5,1022.5499877929688,985.9152221679688,993053.0,0.0,0.0
2022-08-23,1010.2000122070312,1046.800048828125,1010.2000122070312,1040.6500244140625,1003.3668823242188,1868332.0,0.0,0.0
2022-08-24,1041.0,1053.8499755859375,1026.050048828125,1037.3499755859375,1000.18505859375,1562062.0,0.0,0.0
2022-08-25,1043.949951171875,1043.949951171875,1020.5499877929688,1025.75,989.0006103515625,1112617.0,0.0,0.0
2022-08-26,1030.9000244140625,1035.699951171875,1018.5,1020.7999877929688,984.2279663085938,1264070.0,0.0,0.0
2022-08-29,1000.0,1024.0,991.2999877929688,1017.2999877929688,980.8533325195312,1305557.0,0.0,0.0
2022-08-30,1018.5,1042.199951171875,1016.0999755859375,1038.449951171875,1001.24560546875,1571042.0,0.0,0.0
2022-09-01,1026.0,1044.25,1019.4000244140625,1023.0,986.34912109375,1528731.0,0.0,0.0
2022-09-02,1024.0,1031.199951171875,1012.0499877929688,1015.5999755859375,979.2142333984375,1655229.0,0.0,0.0
2022-09-05,1012.5,1030.449951171875,1012.0,1025.6500244140625,988.9042358398438,1275368.0,0.0,0.0
2022-09-06,1025.0,1042.0,1024.9000244140625,1040.8499755859375,1003.5595092773438,1369910.0,0.0,0.0
2022-09-07,1033.8499755859375,1061.8499755859375,1033.0,1051.5,1013.8281860351562,2471263.0,0.0,0.0
2022-09-08,1058.5,1059.75,1044.0,1056.050048828125,1018.2151489257812,1755391.0,0.0,0.0
2022-09-09,1060.0,1065.949951171875,1055.0,1058.300048828125,1020.384521484375,1092235.0,0.0,0.0
2022-09-12,1058.300048828125,1068.5,1057.0999755859375,1064.75,1026.603271484375,936787.0,0.0,0.0
2022-09-13,1057.050048828125,1063.0,1052.6500244140625,1058.9000244140625,1020.9629516601562,1144685.0,0.0,0.0
2022-09-14,1040.0,1068.0,1040.0,1059.949951171875,1021.9752807617188,998799.0,0.0,0.0
2022-09-15,1060.0,1062.949951171875,1028.5,1033.300048828125,996.2801513671875,927244.0,0.0,0.0
2022-09-16,1038.5,1060.0,1034.0,1043.5,1006.1146850585938,2850439.0,0.0,0.0
2022-09-19,1043.949951171875,1043.949951171875,1015.0,1036.300048828125,999.172607421875,2073673.0,0.0,0.0
2022-09-20,1041.5,1097.550048828125,1039.5,1092.300048828125,1053.16650390625,2491392.0,0.0,0.0
2022-09-21,1100.0,1101.8499755859375,1064.25,1070.4000244140625,1032.0509033203125,2283817.0,0.0,0.0
2022-09-22,1061.1500244140625,1071.800048828125,1051.0,1061.9000244140625,1023.85546875,1634304.0,0.0,0.0
2022-09-23,1067.25,1093.0,1063.25,1068.0999755859375,1029.8333740234375,3268298.0,0.0,0.0
2022-09-26,1065.699951171875,1081.199951171875,1050.8499755859375,1065.6500244140625,1027.47119140625,1219450.0,0.0,0.0
2022-09-27,1070.949951171875,1104.9000244140625,1069.0,1098.699951171875,1059.3370361328125,2343041.0,0.0,0.0
2022-09-28,1101.0,1117.699951171875,1087.6500244140625,1097.1500244140625,1057.8426513671875,3450534.0,0.0,0.0
2022-09-29,1100.550048828125,1121.6500244140625,1088.0999755859375,1115.8499755859375,1075.87255859375,2093772.0,0.0,0.0
2022-09-30,1119.75,1128.0,1105.050048828125,1114.949951171875,1075.0048828125,1834565.0,0.0,0.0
2022-10-03,1116.800048828125,1144.9000244140625,1115.0,1130.75,1090.23876953125,2601710.0,0.0,0.0
2022-10-04,1138.8499755859375,1147.5,1133.0,1144.6500244140625,1103.6407470703125,1911413.0,0.0,0.0
2022-10-06,1150.4000244140625,1150.4000244140625,1124.0,1134.449951171875,1093.80615234375,1561938.0,0.0,0.0
2022-10-07,1135.0,1147.199951171875,1129.050048828125,1130.5,1089.997802734375,1182984.0,0.0,0.0
2022-10-10,1110.0,1131.5,1110.0,1118.8499755859375,1078.76513671875,1583891.0,0.0,0.0
2022-10-11,1121.800048828125,1127.1500244140625,1103.800048828125,1110.0999755859375,1070.3287353515625,1538943.0,0.0,0.0
2022-10-12,1111.5999755859375,1118.050048828125,1099.199951171875,1108.449951171875,1068.7376708984375,1231143.0,0.0,0.0
2022-10-13,1108.4000244140625,1127.8499755859375,1101.0999755859375,1103.6500244140625,1064.1097412109375,1438932.0,0.0,0.0
2022-10-14,1115.0999755859375,1120.0,1105.4000244140625,1108.9000244140625,1069.171630859375,1131139.0,0.0,0.0
2022-10-17,1108.0,1113.050048828125,1098.800048828125,1108.1500244140625,1068.448486328125,1076392.0,0.0,0.0
2022-10-18,1113.699951171875,1130.199951171875,1110.300048828125,1125.8499755859375,1085.514404296875,960283.0,0.0,0.0
2022-10-19,1131.5,1145.0,1119.0999755859375,1122.0,1081.80224609375,1300144.0,0.0,0.0
2022-10-20,1122.0,1142.0,1117.0,1136.800048828125,1096.0721435546875,1633570.0,0.0,0.0
2022-10-21,1136.800048828125,1148.0,1132.5,1134.75,1094.0955810546875,1349759.0,0.0,0.0
2022-10-24,1145.5999755859375,1150.0,1141.550048828125,1146.9000244140625,1105.810302734375,129688.0,0.0,0.0
2022-10-25,1147.0,1164.8499755859375,1146.9000244140625,1155.9000244140625,1114.48779296875,2210622.0,0.0,0.0
2022-10-27,1169.949951171875,1180.0999755859375,1156.300048828125,1165.9000244140625,1124.129638671875,2359658.0,0.0,0.0
2022-10-28,1169.0,1171.800048828125,1151.0,1155.199951171875,1113.8128662109375,1087865.0,0.0,0.0
2022-10-31,1161.0,1177.8499755859375,1159.050048828125,1167.4000244140625,1125.5758056640625,1554670.0,0.0,0.0
2022-11-01,1167.5,1185.25,1163.5999755859375,1173.4000244140625,1131.36083984375,1491658.0,0.0,0.0
2022-11-02,1173.550048828125,1178.4000244140625,1156.199951171875,1159.25,1117.7177734375,1479828.0,0.0,0.0
2022-11-03,1152.199951171875,1176.0,1151.0999755859375,1163.0999755859375,1121.4298095703125,1992697.0,0.0,0.0
2022-11-04,1167.8499755859375,1175.25,1141.0,1146.0999755859375,1105.038818359375,1712836.0,0.0,0.0
2022-11-07,1146.0999755859375,1152.0,1116.5,1130.9000244140625,1090.3834228515625,2006468.0,0.0,0.0
2022-11-09,1141.0999755859375,1154.949951171875,1125.0,1129.4000244140625,1088.9371337890625,2068940.0,0.0,0.0
2022-11-10,1130.0,1152.0,1119.0,1122.300048828125,1082.0916748046875,2028565.0,0.0,0.0
2022-11-11,1130.0,1143.8499755859375,1116.6500244140625,1121.4000244140625,1081.223876953125,1513809.0,0.0,0.0
2022-11-14,1124.5,1133.5999755859375,1118.199951171875,1129.5,1089.0335693359375,1501491.0,0.0,0.0
2022-11-15,1134.949951171875,1134.949951171875,1110.8499755859375,1118.75,1078.668701171875,1262746.0,0.0,0.0
2022-11-16,1120.949951171875,1136.449951171875,1117.25,1121.199951171875,1081.031005859375,1649021.0,0.0,0.0
2022-11-17,1125.0,1132.449951171875,1116.449951171875,1119.5,1079.391845703125,1270387.0,0.0,0.0
2022-11-18,1124.0,1127.050048828125,1099.449951171875,1102.4000244140625,1062.904541015625,1486381.0,0.0,0.0
2022-11-21,1104.949951171875,1108.199951171875,1093.75,1104.449951171875,1064.8809814453125,1488424.0,0.0,0.0
2022-11-22,1107.449951171875,1109.699951171875,1097.199951171875,1104.0999755859375,1064.5435791015625,1302811.0,0.0,0.0
2022-11-23,1108.9000244140625,1124.550048828125,1098.6500244140625,1108.0,1068.3038330078125,2192276.0,0.0,0.0
2022-11-24,1113.550048828125,1117.6500244140625,1092.4000244140625,1095.3499755859375,1056.107177734375,2933085.0,0.0,0.0
2022-11-25,1093.050048828125,1107.0,1078.5,1105.3499755859375,1065.748779296875,1454838.0,0.0,0.0
2022-11-28,1100.0,1110.0,1094.0999755859375,1101.75,1062.2777099609375,673339.0,0.0,0.0
2022-11-29,1106.0,1125.8499755859375,1105.0,1121.1500244140625,1080.9827880859375,1899345.0,0.0,0.0
2022-11-30,1121.1500244140625,1149.0,1120.0,1139.6500244140625,1098.8199462890625,2680903.0,0.0,0.0
2022-12-01,1145.0,1145.199951171875,1117.0,1124.9000244140625,1084.598388671875,1360439.0,0.0,0.0
2022-12-02,1124.9000244140625,1124.9000244140625,1099.0,1114.3499755859375,1074.4263916015625,2586376.0,0.0,0.0
2022-12-05,1114.3499755859375,1122.550048828125,1108.1500244140625,1115.3499755859375,1075.390625,1236554.0,0.0,0.0
2022-12-06,1115.0,1117.800048828125,1103.4000244140625,1109.5999755859375,1069.8466796875,1180968.0,0.0,0.0
2022-12-07,1111.0,1122.6500244140625,1103.4000244140625,1105.300048828125,1065.70068359375,1031921.0,0.0,0.0
2022-12-08,1109.199951171875,1113.0,1103.1500244140625,1107.5,1067.82177734375,808315.0,0.0,0.0
2022-12-09,1115.0,1115.8499755859375,1101.0999755859375,1107.9000244140625,1068.20751953125,994866.0,0.0,0.0
2022-12-12,1105.0,1110.0,1093.0999755859375,1096.800048828125,1057.5052490234375,1544297.0,0.0,0.0
2022-12-13,1096.949951171875,1112.5,1088.199951171875,1109.9000244140625,1070.1358642578125,1282727.0,0.0,0.0
2022-12-14,1114.0,1119.0,1106.1500244140625,1112.699951171875,1072.83544921875,1013627.0,0.0,0.0
2022-12-15,1111.199951171875,1118.0999755859375,1099.3499755859375,1101.800048828125,1062.326171875,710477.0,0.0,0.0
2022-12-16,1096.300048828125,1108.0,1086.0999755859375,1089.4000244140625,1050.3702392578125,1309491.0,0.0,0.0
2022-12-19,1090.3499755859375,1100.5,1084.449951171875,1096.6500244140625,1057.3604736328125,779326.0,0.0,0.0
2022-12-20,1096.0,1097.4000244140625,1088.449951171875,1091.1500244140625,1052.0576171875,795748.0,0.0,0.0
2022-12-21,1096.0999755859375,1130.0,1085.6500244140625,1128.0,1087.5872802734375,3224730.0,0.0,0.0
2022-12-22,1135.0,1147.3499755859375,1117.050048828125,1122.449951171875,1082.236083984375,2070809.0,0.0,0.0
2022-12-23,1121.0,1146.949951171875,1113.199951171875,1119.1500244140625,1079.054443359375,2773210.0,0.0,0.0
2022-12-26,1127.0,1135.0,1094.0,1096.5,1057.2158203125,1279529.0,0.0,0.0
2022-12-27,1094.050048828125,1104.9000244140625,1090.0999755859375,1095.8499755859375,1056.589111328125,1209316.0,0.0,0.0
2022-12-28,1094.0,1103.1500244140625,1084.0999755859375,1085.800048828125,1046.899169921875,872940.0,0.0,0.0
2022-12-29,1086.0,1098.0,1070.0,1087.550048828125,1048.5865478515625,1625961.0,0.0,0.0
2022-12-30,1094.949951171875,1095.0,1073.5,1075.949951171875,1037.4019775390625,1185711.0,0.0,0.0
2023-01-02,1080.25,1082.0,1063.8499755859375,1070.949951171875,1032.581298828125,895053.0,0.0,0.0
2023-01-03,1070.050048828125,1080.949951171875,1066.4000244140625,1075.9000244140625,1037.3541259765625,952230.0,0.0,0.0
2023-01-04,1078.949951171875,1081.949951171875,1063.949951171875,1066.9000244140625,1028.6763916015625,1369415.0,0.0,0.0
2023-01-05,1075.0,1093.199951171875,1067.4000244140625,1088.3499755859375,1049.3577880859375,1605744.0,0.0,0.0
2023-01-06,1088.3499755859375,1093.0999755859375,1073.5,1076.3499755859375,1037.7877197265625,824772.0,0.0,0.0
2023-01-09,1081.75,1096.949951171875,1076.9000244140625,1087.449951171875,1048.489990234375,893437.0,0.0,0.0
2023-01-10,1086.5,1090.25,1074.8499755859375,1078.699951171875,1040.053466796875,594426.0,0.0,0.0
2023-01-11,1078.699951171875,1083.949951171875,1043.0,1047.5999755859375,1010.06787109375,2168577.0,0.0,0.0
2023-01-12,1052.800048828125,1064.0999755859375,1043.1500244140625,1061.1500244140625,1023.1323852539062,1188988.0,0.0,0.0
2023-01-13,1064.0,1070.5999755859375,1053.25,1067.75,1029.4959716796875,1089004.0,0.0,0.0
2023-01-16,1070.5,1074.699951171875,1051.0,1059.5999755859375,1021.6378784179688,825308.0,0.0,0.0
2023-01-17,1062.800048828125,1071.0999755859375,1053.3499755859375,1069.0999755859375,1030.797607421875,762941.0,0.0,0.0
2023-01-18,1068.9000244140625,1072.0,1059.3499755859375,1063.4000244140625,1025.3017578125,1299797.0,0.0,0.0
2023-01-19,1063.5,1069.5999755859375,1058.550048828125,1064.8499755859375,1026.6998291015625,376954.0,0.0,0.0
2023-01-20,1067.0,1067.0,1050.449951171875,1053.449951171875,1015.7081909179688,954230.0,0.0,0.0
2023-01-23,1053.4000244140625,1064.25,1050.699951171875,1062.550048828125,1024.4822998046875,750581.0,0.0,0.0
2023-01-24,1065.0,1074.9000244140625,1055.050048828125,1062.1500244140625,1024.0966796875,712627.0,0.0,0.0
2023-01-25,1064.9000244140625,1068.25,1020.0,1035.25,998.1603393554688,2226483.0,0.0,0.0
2023-01-27,1023.25,1072.949951171875,1023.25,1047.25,1009.7303466796875,2947920.0,0.0,0.0
2023-01-30,1057.0,1057.0,1028.5,1034.4000244140625,997.3408203125,2118395.0,0.0,0.0
2023-01-31,1043.0,1043.0,1007.5,1017.9500122070312,981.4801025390625,2705095.0,0.0,0.0
2023-02-01,1019.0,1035.9000244140625,1015.0999755859375,1032.050048828125,995.074951171875,1598213.0,0.0,0.0
2023-02-02,1026.0999755859375,1032.800048828125,1017.2999877929688,1025.300048828125,988.5667724609375,1291262.0,0.0,0.0
2023-02-03,1022.0,1027.800048828125,1010.5,1022.2999877929688,985.6741943359375,1617105.0,0.0,0.0
2023-02-06,1020.0,1033.5999755859375,1010.1500244140625,1029.800048828125,992.9055786132812,979035.0,0.0,0.0
2023-02-07,1029.800048828125,1034.8499755859375,1021.2999877929688,1031.300048828125,994.351806640625,965322.0,0.0,0.0
2023-02-08,1035.0,1041.199951171875,1019.1500244140625,1039.0999755859375,1001.872314453125,746863.0,0.0,0.0
2023-02-09,1025.300048828125,1044.5999755859375,1020.0,1021.5,984.9028930664062,1331902.0,0.0,0.0
2023-02-10,1021.0,1036.8499755859375,1015.0499877929688,1033.199951171875,996.1837158203125,1106858.0,0.0,0.0
2023-02-13,1036.0,1040.5999755859375,1019.0,1021.9500122070312,985.3367919921875,1042379.0,0.0,0.0
2023-02-14,1026.699951171875,1032.449951171875,1017.5999755859375,1028.3499755859375,991.5074462890625,759416.0,0.0,0.0
2023-02-15,1026.8499755859375,1033.449951171875,1016.0999755859375,1030.800048828125,993.8697509765625,662924.0,0.0,0.0
2023-02-16,1031.75,1038.0,1028.3499755859375,1035.5,998.4013061523438,667265.0,0.0,0.0
2023-02-17,1035.5,1035.75,1021.1500244140625,1025.75,989.0006103515625,1509783.0,0.0,0.0
2023-02-20,998.0,998.0,955.25,964.0,929.462890625,5829572.0,0.0,0.0
2023-02-21,969.7999877929688,979.0999755859375,963.5,965.9500122070312,931.3430786132812,2042234.0,0.0,0.0
2023-02-22,966.5999755859375,972.7999877929688,959.0499877929688,962.5499877929688,928.0648803710938,1602953.0,0.0,0.0
2023-02-23,965.0,967.4500122070312,956.0,960.2999877929688,925.8954467773438,1216409.0,0.0,0.0
2023-02-24,961.0999755859375,966.0,955.0,961.7999877929688,927.3417358398438,1585383.0,0.0,0.0
2023-02-27,965.5999755859375,968.5999755859375,948.6500244140625,950.2000122070312,916.1573486328125,1377270.0,0.0,0.0
2023-02-28,945.9000244140625,945.9000244140625,903.0999755859375,906.4000244140625,873.9265747070312,5380673.0,0.0,0.0
2023-03-01,907.7999877929688,910.25,896.0,899.5999755859375,867.3701171875,3496231.0,0.0,0.0
2023-03-02,901.9500122070312,903.0,884.5,886.4500122070312,854.6913452148438,1887367.0,0.0,0.0
2023-03-03,891.0,892.0,877.0,878.6500244140625,847.1707763671875,1892639.0,0.0,0.0
2023-03-06,885.0,885.5499877929688,869.0499877929688,880.9000244140625,849.3402099609375,4090356.0,0.0,0.0
2023-03-08,883.7000122070312,883.7999877929688,871.0999755859375,877.25,845.8208618164062,2933956.0,0.0,0.0
2023-03-09,877.25,896.8499755859375,877.0,881.75,850.15966796875,6176157.0,0.0,0.0
2023-03-10,879.1500244140625,884.5999755859375,871.2999877929688,881.2000122070312,849.6294555664062,1718841.0,0.0,0.0
2023-03-13,882.5999755859375,889.0999755859375,872.1500244140625,874.7999877929688,843.4586791992188,1697362.0,0.0,0.0
2023-03-14,873.0,883.7000122070312,853.8499755859375,872.0499877929688,840.8072509765625,2444217.0,0.0,0.0
2023-03-15,875.0,883.4000244140625,872.5999755859375,877.9500122070312,846.4959106445312,1286900.0,0.0,0.0
2023-03-16,881.0,890.0,876.75,883.4500122070312,851.798828125,2023997.0,0.0,0.0
2023-03-17,887.3499755859375,888.4000244140625,870.0,874.0499877929688,842.735595703125,2205087.0,0.0,0.0
2023-03-20,874.0499877929688,876.9000244140625,861.7999877929688,866.7000122070312,835.64892578125,997827.0,0.0,0.0
2023-03-21,866.7999877929688,872.4000244140625,860.5999755859375,862.3499755859375,831.4547119140625,888443.0,0.0,0.0
2023-03-22,864.0,866.0,852.0,863.4000244140625,832.4671630859375,1622488.0,0.0,0.0
2023-03-23,868.0,870.9000244140625,861.25,869.0999755859375,837.9628295898438,1865868.0,0.0,0.0
2023-03-24,869.0999755859375,879.0,866.1500244140625,877.25,845.8208618164062,3166046.0,0.0,0.0
2023-03-27,881.0499877929688,891.3499755859375,876.0499877929688,889.2999877929688,857.439208984375,3986238.0,0.0,0.0
2023-03-28,891.7999877929688,894.25,886.4000244140625,889.5,857.6320190429688,3623017.0,0.0,0.0
2023-03-29,893.9500122070312,896.5999755859375,885.3499755859375,887.7000122070312,855.8965454101562,3049688.0,0.0,0.0
2023-03-31,888.7999877929688,902.7000122070312,886.7000122070312,900.5,868.2379760742188,2320879.0,0.0,0.0
2023-04-03,910.0,910.0,887.0499877929688,891.4500122070312,859.5121459960938,2623264.0,0.0,0.0
2023-04-05,889.0,897.3499755859375,886.2999877929688,895.75,863.6581420898438,1612376.0,0.0,0.0
2023-04-06,899.0,899.75,889.0,893.3499755859375,861.343994140625,1512783.0,0.0,0.0
2023-04-10,896.9500122070312,904.5,894.2000122070312,901.8499755859375,869.5396118164062,919722.0,0.0,0.0
2023-04-11,905.0,908.1500244140625,902.0,907.1500244140625,874.6497192382812,1778775.0,0.0,0.0
2023-04-12,909.0,920.9000244140625,908.2000122070312,917.9500122070312,885.0628051757812,3449942.0,0.0,0.0
2023-04-13,921.9000244140625,923.0499877929688,912.2999877929688,915.75,882.9415893554688,1068355.0,0.0,0.0
2023-04-17,915.0,917.4500122070312,901.0999755859375,906.4500122070312,873.9747314453125,2604979.0,0.0,0.0
2023-04-18,905.0,925.5,897.0,924.25,891.1370239257812,1949777.0,0.0,0.0
2023-04-19,925.9500122070312,925.9500122070312,909.0,911.9000244140625,879.2295532226562,1538261.0,0.0,0.0
2023-04-20,912.0,913.7000122070312,898.9500122070312,904.0,871.6124877929688,4446158.0,0.0,0.0
2023-04-21,903.0,918.5499877929688,903.0,915.0499877929688,882.2666625976562,3481218.0,0.0,0.0
2023-04-24,916.0,917.2000122070312,901.1500244140625,903.0,870.6483764648438,1784945.0,0.0,0.0
2023-04-25,904.5999755859375,912.0,896.2999877929688,909.6500244140625,877.0601806640625,2440358.0,0.0,0.0
2023-04-26,911.8499755859375,914.2000122070312,900.0499877929688,911.0999755859375,878.4581298828125,1400796.0,0.0,0.0
2023-04-27,911.2000122070312,917.2999877929688,903.0,913.9500122070312,881.2061157226562,2457652.0,0.0,0.0
2023-04-28,918.8499755859375,919.0,905.1500244140625,908.0499877929688,875.5174560546875,2695819.0,0.0,0.0
2023-05-02,910.4000244140625,921.0,906.0999755859375,917.7000122070312,884.8217163085938,1857324.0,0.0,0.0
2023-05-03,920.9500122070312,924.5,917.0,920.6500244140625,887.6660766601562,2566561.0,0.0,0.0
2023-05-04,920.6500244140625,935.4000244140625,920.6500244140625,933.5,900.0556640625,3393228.0,0.0,0.0
2023-05-05,935.0,935.2000122070312,920.8499755859375,924.7999877929688,891.6673583984375,2262141.0,0.0,0.0
2023-05-08,927.2000122070312,934.9000244140625,919.6500244140625,933.2999877929688,899.86279296875,3877794.0,0.0,0.0
2023-05-09,935.0,943.0,929.0999755859375,939.2000122070312,905.5514526367188,2657968.0,0.0,0.0
2023-05-10,943.5,946.7000122070312,933.2000122070312,944.4000244140625,910.565185546875,1618668.0,0.0,0.0
2023-05-11,946.4500122070312,947.0,935.0,943.5999755859375,909.7937622070312,1537103.0,0.0,0.0
2023-05-12,948.8499755859375,953.0,913.0,937.4500122070312,903.8641357421875,3850078.0,0.0,0.0
2023-05-15,940.0,940.0,896.8499755859375,922.7999877929688,889.7389526367188,5487301.0,0.0,0.0
2023-05-16,927.4000244140625,942.6500244140625,918.4000244140625,922.0999755859375,889.0640258789062,2964696.0,0.0,0.0
2023-05-17,924.9500122070312,932.0,917.0,923.9500122070312,890.8478393554688,1866976.0,0.0,0.0
2023-05-18,929.0,929.6500244140625,911.5499877929688,914.5,881.736328125,1881606.0,0.0,0.0
2023-05-19,917.0,922.0,913.0,916.25,883.4237060546875,1168086.0,0.0,0.0
2023-05-22,916.25,931.0499877929688,915.4500122070312,924.9500122070312,891.8119506835938,1402783.0,0.0,0.0
2023-05-23,926.4000244140625,932.2999877929688,919.5,930.4000244140625,897.0667724609375,1577827.0,0.0,0.0
2023-05-24,923.5,939.9000244140625,923.5,938.0,904.3944091796875,1034319.0,0.0,0.0
2023-05-25,941.4500122070312,947.0,935.0,945.4500122070312,911.5775146484375,2178211.0,0.0,0.0
2023-05-26,945.9000244140625,952.75,940.5,951.3499755859375,917.26611328125,1130476.0,0.0,0.0
2023-05-29,952.0,959.2000122070312,945.0999755859375,956.25,921.9906005859375,1744868.0,0.0,0.0
2023-05-30,957.5999755859375,961.5,951.0,959.8499755859375,925.4616088867188,1337311.0,0.0,0.0
2023-05-31,960.2000122070312,965.0,942.2999877929688,953.0499877929688,918.9052734375,3561991.0,0.0,0.0
2023-06-01,950.0,966.5,946.75,964.75,930.1860961914062,1132919.0,0.0,0.0
2023-06-02,965.9000244140625,969.6500244140625,954.6500244140625,965.8499755859375,931.2466430664062,1098485.0,0.0,0.0
2023-06-05,970.0,976.9000244140625,959.1500244140625,974.7999877929688,939.8760375976562,1469770.0,0.0,0.0
2023-06-06,972.9000244140625,974.9500122070312,964.0499877929688,972.0499877929688,937.2244873046875,2079735.0,0.0,0.0
2023-06-07,972.9500122070312,977.9000244140625,958.5,960.4500122070312,926.0401611328125,1614117.0,0.0,0.0
2023-06-08,964.9000244140625,969.8499755859375,963.0,965.4000244140625,930.8128051757812,1481632.0,0.0,0.0
2023-06-09,966.0,971.0,959.1500244140625,969.25,934.5248413085938,717024.0,0.0,0.0
2023-06-12,973.25,973.25,955.1500244140625,959.9500122070312,925.5579833984375,1239721.0,0.0,0.0
2023-06-13,963.0,983.8499755859375,957.0,981.5,946.3359985351562,2158120.0,0.0,0.0
2023-06-14,981.5,981.9000244140625,972.5999755859375,978.7000122070312,943.6363525390625,1831109.0,0.0,0.0
2023-06-15,981.9500122070312,1000.0,980.5999755859375,998.2000122070312,962.4376831054688,1804458.0,0.0,0.0
2023-06-16,1000.0,1007.1500244140625,993.75,1006.0499877929688,970.0064086914062,1572197.0,0.0,0.0
2023-06-19,1006.25,1017.5499877929688,999.2000122070312,1011.25,975.0201416015625,1015057.0,0.0,0.0
2023-06-20,1013.8499755859375,1018.7999877929688,1002.5999755859375,1011.1500244140625,974.9237060546875,1413571.0,0.0,0.0
2023-06-21,1010.2000122070312,1013.4500122070312,1002.25,1008.9000244140625,972.7543334960938,1140198.0,0.0,0.0
2023-06-22,1003.0999755859375,1007.0,990.0999755859375,998.2999877929688,962.5341186523438,2852669.0,0.0,0.0
2023-06-23,999.9500122070312,999.9500122070312,985.6500244140625,989.4000244140625,953.9530029296875,1776614.0,0.0,0.0
2023-06-26,989.3499755859375,1025.0,989.3499755859375,1021.9000244140625,985.28857421875,2313439.0,0.0,0.0
2023-06-27,1024.0,1026.0999755859375,1005.0,1009.25,973.0917358398438,1651238.0,0.0,0.0
2023-06-28,1007.0,1018.5,1004.0499877929688,1009.9000244140625,973.718505859375,1653212.0,0.0,0.0
2023-06-30,1009.9000244140625,1021.4500122070312,1005.0,1014.9500122070312,978.5875244140625,1963457.0,0.0,0.0
2023-07-03,1020.5,1029.9000244140625,999.0,1001.7999877929688,965.9086303710938,1454455.0,0.0,0.0
2023-07-04,1007.9500122070312,1016.0,996.5,1011.8499755859375,975.5986328125,1112255.0,0.0,0.0
2023-07-05,1017.0,1018.7999877929688,1005.4000244140625,1010.7999877929688,974.5862426757812,748219.0,0.0,0.0
2023-07-06,1012.0,1023.5499877929688,1011.4000244140625,1021.25,984.661865234375,1236819.0,0.0,0.0
2023-07-07,1009.4500122070312,1028.75,998.0499877929688,1020.6500244140625,984.0834350585938,1914093.0,0.0,0.0
2023-07-10,1024.0,1026.0,1013.0,1016.7000122070312,980.2748413085938,1142988.0,0.0,0.0
2023-07-11,1018.9500122070312,1033.5,1018.0,1027.800048828125,990.9772338867188,814514.0,0.0,0.0
2023-07-12,1025.0,1032.9000244140625,1019.9500122070312,1022.2000122070312,985.5778198242188,1163653.0,0.0,0.0
2023-07-13,1027.8499755859375,1036.0,1018.0499877929688,1020.7000122070312,984.131591796875,1419223.0,0.0,0.0
2023-07-14,1026.1500244140625,1034.800048828125,1019.3499755859375,1030.9000244140625,993.9661865234375,787233.0,0.0,0.0
2023-07-17,1036.199951171875,1039.0,1025.4000244140625,1032.6500244140625,995.6534423828125,1047614.0,0.0,0.0
2023-07-18,1032.6500244140625,1035.199951171875,1019.5,1030.800048828125,993.8697509765625,780402.0,0.0,0.0
2023-07-19,1030.0,1042.0,1022.7000122070312,1035.800048828125,998.6905517578125,1069988.0,0.0,0.0
2023-07-20,1038.949951171875,1057.9000244140625,1027.0,1056.550048828125,1018.6973266601562,1280545.0,0.0,0.0
2023-07-21,1048.9000244140625,1062.0,1045.050048828125,1048.949951171875,1019.5719604492188,879139.0,8.5,0.0
2023-07-24,1048.949951171875,1053.0,1038.0,1048.949951171875,1019.5719604492188,936947.0,0.0,0.0
2023-07-25,1058.0,1061.75,1049.4000244140625,1054.75,1025.20947265625,599999.0,0.0,0.0
2023-07-26,1060.0,1082.050048828125,1042.1500244140625,1068.5,1038.574462890625,1854416.0,0.0,0.0
2023-07-27,1115.0,1219.4000244140625,1108.550048828125,1171.449951171875,1138.6409912109375,14590950.0,0.0,0.0
2023-07-28,1171.449951171875,1190.4000244140625,1155.699951171875,1177.800048828125,1144.8133544921875,4454009.0,0.0,0.0
2023-07-31,1181.800048828125,1184.75,1165.4000244140625,1175.0,1142.0916748046875,2221571.0,0.0,0.0
2023-08-01,1175.0,1187.300048828125,1168.0999755859375,1178.3499755859375,1145.3477783203125,1362536.0,0.0,0.0
2023-08-02,1185.0,1185.0,1153.550048828125,1168.300048828125,1135.579345703125,1861901.0,0.0,0.0
2023-08-03,1166.050048828125,1178.949951171875,1150.0,1165.8499755859375,1133.197998046875,2574025.0,0.0,0.0
2023-08-04,1171.0,1238.699951171875,1171.0,1209.75,1175.868408203125,8359856.0,0.0,0.0
2023-08-07,1195.0,1228.5,1174.199951171875,1223.6500244140625,1189.379150390625,2468250.0,0.0,0.0
2023-08-08,1225.0,1269.0,1224.050048828125,1266.449951171875,1230.9803466796875,5064238.0,0.0,0.0
2023-08-09,1270.0,1271.6500244140625,1252.25,1266.050048828125,1230.591796875,2105178.0,0.0,0.0
2023-08-10,1266.0,1277.9000244140625,1248.0999755859375,1258.949951171875,1223.6904296875,2102129.0,0.0,0.0
2023-08-11,1258.300048828125,1258.800048828125,1245.0,1250.199951171875,1215.185546875,1286301.0,0.0,0.0
2023-08-14,1250.199951171875,1252.0,1231.6500244140625,1235.5999755859375,1200.994384765625,830936.0,0.0,0.0
2023-08-16,1231.550048828125,1246.0,1226.050048828125,1243.550048828125,1208.721923828125,1665083.0,0.0,0.0
2023-08-17,1235.0,1245.8499755859375,1226.050048828125,1241.0,1206.2431640625,1855386.0,0.0,0.0
2023-08-18,1239.0,1257.0,1231.0,1236.4000244140625,1201.7720947265625,1292509.0,0.0,0.0
2023-08-21,1237.449951171875,1245.300048828125,1230.300048828125,1233.800048828125,1199.2449951171875,1101408.0,0.0,0.0
2023-08-22,1233.800048828125,1240.25,1218.050048828125,1221.0,1186.8033447265625,1379445.0,0.0,0.0
2023-08-23,1252.050048828125,1259.9000244140625,1225.050048828125,1230.6500244140625,1196.18310546875,2562635.0,0.0,0.0
2023-08-24,1235.199951171875,1239.6500244140625,1217.0,1220.5,1186.3173828125,848018.0,0.0,0.0
2023-08-25,1217.949951171875,1219.9000244140625,1205.0,1209.4000244140625,1175.5283203125,887533.0,0.0,0.0
2023-08-28,1212.0,1237.0,1211.0,1228.9000244140625,1194.4820556640625,1666004.0,0.0,0.0
2023-08-29,1232.0,1245.6500244140625,1227.300048828125,1229.75,1195.3082275390625,1209087.0,0.0,0.0
2023-08-30,1234.699951171875,1256.800048828125,1231.1500244140625,1236.1500244140625,1201.529052734375,1282450.0,0.0,0.0
2023-08-31,1240.1500244140625,1266.0999755859375,1223.199951171875,1257.5999755859375,1222.3782958984375,3103295.0,0.0,0.0
2023-09-01,1264.9000244140625,1268.9000244140625,1239.6500244140625,1245.4000244140625,1210.52001953125,1167597.0,0.0,0.0
2023-09-04,1250.300048828125,1255.4000244140625,1232.550048828125,1238.8499755859375,1204.1534423828125,1126182.0,0.0,0.0
2023-09-05,1255.0,1266.0,1235.0999755859375,1238.949951171875,1204.2506103515625,2179947.0,0.0,0.0
2023-09-06,1246.1500244140625,1267.0,1242.5999755859375,1256.75,1221.552001953125,2721714.0,0.0,0.0
2023-09-07,1259.0,1261.0,1245.0,1249.300048828125,1214.310791015625,849621.0,0.0,0.0
2023-09-08,1249.5,1262.0,1239.0,1244.5999755859375,1209.7423095703125,787710.0,0.0,0.0
2023-09-11,1244.5999755859375,1252.75,1236.5,1247.3499755859375,1212.4154052734375,1162138.0,0.0,0.0
2023-09-12,1247.949951171875,1259.9000244140625,1234.949951171875,1239.800048828125,1205.0770263671875,1132283.0,0.0,0.0
2023-09-13,1242.0,1250.0,1223.300048828125,1228.5,1194.0933837890625,1627384.0,0.0,0.0
2023-09-14,1230.0,1244.25,1225.0,1233.75,1199.1962890625,1713142.0,0.0,0.0
2023-09-15,1234.800048828125,1241.949951171875,1228.300048828125,1235.5,1200.8973388671875,1938487.0,0.0,0.0
2023-09-18,1240.949951171875,1257.5999755859375,1237.050048828125,1240.550048828125,1205.805908203125,1864030.0,0.0,0.0
2023-09-20,1243.25,1252.5999755859375,1236.0,1239.699951171875,1204.9794921875,1701959.0,0.0,0.0
2023-09-21,1232.0,1240.25,1204.0,1206.4000244140625,1172.6123046875,1895731.0,0.0,0.0
2023-09-22,1207.4000244140625,1209.0999755859375,1168.550048828125,1185.9000244140625,1152.6864013671875,2796199.0,0.0,0.0
2023-09-25,1186.0,1197.1500244140625,1177.0,1179.3499755859375,1146.31982421875,1267600.0,0.0,0.0
2023-09-26,1181.0,1185.0,1161.5,1163.6500244140625,1131.0595703125,1056359.0,0.0,0.0
2023-09-27,1187.0,1189.0,1170.0999755859375,1180.5,1147.4376220703125,2165043.0,0.0,0.0
2023-09-28,1180.5,1185.0,1158.9000244140625,1164.050048828125,1131.4483642578125,1303811.0,0.0,0.0
2023-09-29,1169.9000244140625,1199.199951171875,1165.0,1186.1500244140625,1152.929443359375,1878381.0,0.0,0.0
2023-10-03,1184.0,1185.699951171875,1170.949951171875,1182.800048828125,1149.6732177734375,1581125.0,0.0,0.0
2023-10-04,1178.0999755859375,1185.0,1161.300048828125,1167.050048828125,1134.3643798828125,999123.0,0.0,0.0
2023-10-05,1170.0999755859375,1172.949951171875,1155.25,1161.0999755859375,1128.5809326171875,1446743.0,0.0,0.0
2023-10-06,1165.0,1181.699951171875,1160.449951171875,1163.0,1130.427734375,928951.0,0.0,0.0
2023-10-09,1159.0,1166.8499755859375,1151.6500244140625,1159.5,1127.0257568359375,822110.0,0.0,0.0
2023-10-10,1160.0999755859375,1163.5999755859375,1150.5,1155.050048828125,1122.7005615234375,822199.0,0.0,0.0
2023-10-11,1151.0,1175.0,1146.5,1171.949951171875,1139.1270751953125,1465239.0,0.0,0.0
2023-10-12,1179.050048828125,1186.3499755859375,1152.449951171875,1157.9000244140625,1125.470703125,2533930.0,0.0,0.0
2023-10-13,1156.0,1169.199951171875,1150.0,1167.75,1135.0447998046875,940547.0,0.0,0.0
2023-10-16,1166.300048828125,1170.0999755859375,1158.800048828125,1164.4000244140625,1131.78857421875,802207.0,0.0,0.0
2023-10-17,1168.0,1178.050048828125,1160.6500244140625,1173.5,1140.6336669921875,877856.0,0.0,0.0
2023-10-18,1185.0,1219.449951171875,1176.1500244140625,1210.5999755859375,1176.6947021484375,7367540.0,0.0,0.0
2023-10-19,1210.5,1225.0,1189.6500244140625,1223.300048828125,1189.0389404296875,2157683.0,0.0,0.0
2023-10-20,1221.8499755859375,1221.8499755859375,1198.25,1200.199951171875,1166.5858154296875,692067.0,0.0,0.0
2023-10-23,1200.0,1210.199951171875,1178.449951171875,1183.800048828125,1150.645263671875,957929.0,0.0,0.0
2023-10-25,1184.5,1188.75,1154.050048828125,1157.449951171875,1125.033203125,1433911.0,0.0,0.0
2023-10-26,1154.800048828125,1155.0,1132.0,1150.8499755859375,1118.617919921875,2016469.0,0.0,0.0
2023-10-27,1152.0,1197.9000244140625,1149.25,1174.25,1141.362548828125,1775011.0,0.0,0.0
2023-10-30,1186.0,1212.4000244140625,1177.5,1193.449951171875,1160.02490234375,2853500.0,0.0,0.0
2023-10-31,1199.949951171875,1206.0999755859375,1191.0999755859375,1200.0,1166.3916015625,1720955.0,0.0,0.0
2023-11-01,1200.0,1208.699951171875,1186.550048828125,1201.25,1167.6064453125,1051902.0,0.0,0.0
2023-11-02,1205.5,1211.8499755859375,1194.6500244140625,1208.5,1174.6534423828125,1556467.0,0.0,0.0
2023-11-03,1215.0,1219.75,1204.0,1206.3499755859375,1172.5634765625,772013.0,0.0,0.0
2023-11-06,1211.949951171875,1217.0,1197.25,1204.0999755859375,1170.376708984375,1262938.0,0.0,0.0
2023-11-07,1205.0,1217.5,1200.75,1216.449951171875,1182.3807373046875,1210644.0,0.0,0.0
2023-11-08,1222.0,1242.4000244140625,1220.0,1241.0,1206.2431640625,1107006.0,0.0,0.0
2023-11-09,1242.0,1245.0,1232.0,1238.1500244140625,1203.4730224609375,751433.0,0.0,0.0
2023-11-10,1237.8499755859375,1242.0,1230.0,1240.0999755859375,1205.368408203125,576673.0,0.0,0.0
2023-11-13,1243.0,1243.0,1230.6500244140625,1240.550048828125,1205.805908203125,689808.0,0.0,0.0
2023-11-15,1260.0,1260.0,1237.699951171875,1241.75,1206.97216796875,1323010.0,0.0,0.0
2023-11-16,1241.050048828125,1246.300048828125,1232.6500244140625,1234.800048828125,1200.2169189453125,1251094.0,0.0,0.0
2023-11-17,1236.0,1256.0999755859375,1235.5,1249.4000244140625,1214.407958984375,992848.0,0.0,0.0
2023-11-20,1241.5,1256.0,1241.0,1247.0999755859375,1212.17236328125,848916.0,0.0,0.0
2023-11-21,1246.949951171875,1255.0,1242.1500244140625,1253.25,1218.150146484375,594738.0,0.0,0.0
2023-11-22,1256.949951171875,1283.550048828125,1254.0,1271.5,1235.8890380859375,1735497.0,0.0,0.0
2023-11-23,1270.0,1270.0,1164.550048828125,1170.6500244140625,1137.863525390625,7643376.0,0.0,0.0
2023-11-24,1190.050048828125,1205.0,1178.0,1198.6500244140625,1165.0794677734375,5331201.0,0.0,0.0
2023-11-28,1200.0,1202.75,1188.0,1192.300048828125,1158.9072265625,1691543.0,0.0,0.0
2023-11-29,1198.75,1206.800048828125,1191.75,1201.550048828125,1167.898193359375,2173427.0,0.0,0.0
2023-11-30,1200.0,1217.6500244140625,1198.0999755859375,1212.300048828125,1178.34716796875,3219799.0,0.0,0.0
2023-12-01,1213.449951171875,1217.8499755859375,1203.5,1205.699951171875,1171.9317626953125,1078680.0,0.0,0.0
2023-12-04,1212.300048828125,1219.0999755859375,1206.25,1216.5,1182.4293212890625,2097408.0,0.0,0.0
2023-12-05,1222.5999755859375,1229.0,1216.0,1224.449951171875,1190.1566162109375,2132150.0,0.0,0.0
2023-12-06,1225.0,1229.8499755859375,1201.0,1205.199951171875,1171.44580078125,1416770.0,0.0,0.0
2023-12-07,1206.0,1225.0,1197.0,1222.800048828125,1188.552978515625,1269290.0,0.0,0.0
2023-12-08,1225.0,1231.199951171875,1204.0,1219.0999755859375,1184.95654296875,1453955.0,0.0,0.0
2023-12-11,1217.5999755859375,1218.949951171875,1195.050048828125,1202.300048828125,1168.6270751953125,1565455.0,0.0,0.0
2023-12-12,1210.5999755859375,1214.25,1195.199951171875,1198.6500244140625,1165.0794677734375,899911.0,0.0,0.0
2023-12-13,1198.6500244140625,1217.949951171875,1195.199951171875,1216.5,1182.4293212890625,1809563.0,0.0,0.0
2023-12-14,1219.050048828125,1222.550048828125,1201.0999755859375,1204.6500244140625,1170.9112548828125,1809248.0,0.0,0.0
2023-12-15,1215.0,1217.5999755859375,1202.8499755859375,1207.0999755859375,1173.2926025390625,1976112.0,0.0,0.0
2023-12-18,1205.5999755859375,1218.949951171875,1192.0999755859375,1216.800048828125,1182.7210693359375,1995091.0,0.0,0.0
2023-12-19,1219.449951171875,1240.1500244140625,1212.199951171875,1237.0999755859375,1202.452392578125,1738507.0,0.0,0.0
2023-12-20,1239.0,1248.0,1231.0,1236.199951171875,1201.5777587890625,2484819.0,0.0,0.0
2023-12-21,1236.199951171875,1236.199951171875,1205.8499755859375,1221.8499755859375,1187.629638671875,1580136.0,0.0,0.0
2023-12-22,1230.050048828125,1242.5,1221.6500244140625,1235.5999755859375,1200.994384765625,1969524.0,0.0,0.0
2023-12-26,1240.0,1250.0,1231.8499755859375,1244.949951171875,1210.08251953125,820163.0,0.0,0.0
2023-12-27,1247.0,1250.3499755859375,1236.699951171875,1239.75,1205.0281982421875,2528609.0,0.0,0.0
2023-12-28,1239.75,1263.800048828125,1239.75,1260.800048828125,1225.48876953125,2592699.0,0.0,0.0
2023-12-29,1264.0,1267.5999755859375,1242.050048828125,1246.300048828125,1211.394775390625,1794218.0,0.0,0.0
2024-01-01,1252.449951171875,1256.800048828125,1246.699951171875,1251.0,1215.963134765625,343584.0,0.0,0.0
2024-01-02,1255.0999755859375,1285.0,1252.0999755859375,1281.550048828125,1245.6575927734375,2589484.0,0.0,0.0
2024-01-03,1291.0,1307.0,1274.050048828125,1300.1500244140625,1263.736572265625,2357093.0,0.0,0.0
2024-01-04,1304.0,1308.0,1286.6500244140625,1296.6500244140625,1260.334716796875,1248143.0,0.0,0.0
2024-01-05,1300.0,1301.550048828125,1276.1500244140625,1286.9000244140625,1250.8577880859375,1013196.0,0.0,0.0
2024-01-08,1296.6500244140625,1297.0,1266.199951171875,1271.75,1236.1319580078125,740848.0,0.0,0.0
2024-01-09,1284.0,1295.0,1273.4000244140625,1289.3499755859375,1253.239013671875,1133466.0,0.0,0.0
2024-01-10,1296.0,1331.5,1294.300048828125,1329.199951171875,1291.972900390625,3625567.0,0.0,0.0
2024-01-11,1339.8499755859375,1340.0,1323.050048828125,1325.6500244140625,1288.5225830078125,1097204.0,0.0,0.0
2024-01-12,1324.199951171875,1325.6500244140625,1300.4000244140625,1308.0,1271.36669921875,2051301.0,0.0,0.0
2024-01-15,1316.0,1327.75,1306.5999755859375,1313.1500244140625,1276.37255859375,762036.0,0.0,0.0
2024-01-16,1313.1500244140625,1314.4000244140625,1298.25,1302.3499755859375,1265.8748779296875,1030845.0,0.0,0.0
2024-01-17,1299.3499755859375,1312.9000244140625,1282.0999755859375,1294.0,1257.7587890625,2073596.0,0.0,0.0
2024-01-18,1285.050048828125,1327.199951171875,1267.9000244140625,1322.949951171875,1285.8980712890625,1723297.0,0.0,0.0
2024-01-19,1330.949951171875,1330.949951171875,1316.5999755859375,1327.949951171875,1290.7579345703125,1135846.0,0.0,0.0
2024-01-23,1385.0,1425.0,1368.699951171875,1409.0,1369.5380859375,7556815.0,0.0,0.0
2024-01-24,1409.0,1423.050048828125,1394.8499755859375,1417.3499755859375,1377.654296875,1808713.0,0.0,0.0
2024-01-25,1413.3499755859375,1413.449951171875,1353.5,1369.6500244140625,1331.2901611328125,1801468.0,0.0,0.0
2024-01-29,1365.0,1365.0,1325.300048828125,1336.8499755859375,1299.40869140625,2480508.0,0.0,0.0
2024-01-30,1345.0,1352.0,1314.1500244140625,1317.0999755859375,1280.2117919921875,1908926.0,0.0,0.0
2024-01-31,1317.0999755859375,1352.9000244140625,1312.0,1351.0,1313.1624755859375,1723379.0,0.0,0.0
2024-02-01,1359.699951171875,1394.8499755859375,1352.050048828125,1387.6500244140625,1348.7860107421875,2784507.0,0.0,0.0
2024-02-02,1387.0,1404.699951171875,1385.0,1392.6500244140625,1353.64599609375,1161705.0,0.0,0.0
2024-02-05,1400.6500244140625,1447.0,1394.300048828125,1433.9000244140625,1393.74072265625,2369316.0,0.0,0.0
2024-02-06,1444.8499755859375,1445.9000244140625,1412.550048828125,1425.449951171875,1385.5272216796875,979752.0,0.0,0.0
2024-02-07,1436.0,1444.5,1420.8499755859375,1438.75,1398.454833984375,890299.0,0.0,0.0
2024-02-08,1448.0,1457.699951171875,1417.6500244140625,1420.199951171875,1380.42431640625,1447767.0,0.0,0.0
2024-02-09,1428.0999755859375,1447.550048828125,1417.050048828125,1439.75,1399.4267578125,1215784.0,0.0,0.0
2024-02-12,1440.0,1452.75,1425.0,1434.75,1394.56689453125,453460.0,0.0,0.0
2024-02-13,1439.0,1463.550048828125,1430.0,1457.75,1416.9227294921875,981536.0,0.0,0.0
2024-02-14,1454.800048828125,1454.800048828125,1410.449951171875,1425.3499755859375,1385.43017578125,1113254.0,0.0,0.0
2024-02-15,1425.3499755859375,1437.949951171875,1412.0,1422.3499755859375,1382.5140380859375,1402161.0,0.0,0.0
2024-02-16,1430.0,1449.0,1425.9000244140625,1440.699951171875,1400.35009765625,857301.0,0.0,0.0
2024-02-19,1444.949951171875,1473.5999755859375,1438.949951171875,1470.3499755859375,1429.169677734375,888909.0,0.0,0.0
2024-02-20,1475.0,1479.0,1436.0,1451.6500244140625,1410.9935302734375,1550412.0,0.0,0.0
2024-02-21,1452.0,1462.5,1433.449951171875,1447.300048828125,1406.765380859375,1074054.0,0.0,0.0
2024-02-22,1455.550048828125,1456.0,1420.550048828125,1453.300048828125,1412.597412109375,1582836.0,0.0,0.0
2024-02-23,1456.1500244140625,1482.3499755859375,1449.75,1466.4000244140625,1425.330322265625,1308103.0,0.0,0.0
2024-02-26,1473.5,1481.199951171875,1461.550048828125,1469.8499755859375,1428.683837890625,898290.0,0.0,0.0
2024-02-27,1473.449951171875,1491.0,1469.699951171875,1487.449951171875,1445.790771484375,1231196.0,0.0,0.0
2024-02-28,1491.449951171875,1493.949951171875,1470.0,1477.0,1435.633544921875,1083605.0,0.0,0.0
2024-02-29,1475.949951171875,1490.0,1451.4000244140625,1480.3499755859375,1438.8896484375,4923680.0,0.0,0.0
2024-03-01,1494.0,1494.0,1460.0,1470.9000244140625,1429.704345703125,1982189.0,0.0,0.0
2024-03-04,1483.0,1495.300048828125,1469.75,1471.5,1430.2874755859375,1147249.0,0.0,0.0
2024-03-05,1465.1500244140625,1479.699951171875,1452.800048828125,1473.449951171875,1432.1829833984375,1306046.0,0.0,0.0
2024-03-06,1476.0,1489.9000244140625,1448.1500244140625,1485.25,1443.6524658203125,1158132.0,0.0,0.0
2024-03-07,1485.25,1490.449951171875,1475.5,1483.1500244140625,1441.611328125,1569074.0,0.0,0.0
2024-03-11,1493.0,1519.0,1488.550048828125,1504.0999755859375,1461.974609375,2183994.0,0.0,0.0
2024-03-12,1512.0,1514.0,1460.0,1465.75,1424.6986083984375,1855916.0,0.0,0.0
2024-03-13,1470.0,1479.0,1449.0,1471.25,1430.0445556640625,1720173.0,0.0,0.0
2024-03-14,1467.0999755859375,1501.449951171875,1454.3499755859375,1496.6500244140625,1454.7332763671875,1748907.0,0.0,0.0
2024-03-15,1494.800048828125,1496.199951171875,1466.050048828125,1488.050048828125,1446.3741455078125,1537072.0,0.0,0.0
2024-03-18,1489.0,1495.8499755859375,1471.0,1488.449951171875,1446.7628173828125,996530.0,0.0,0.0
2024-03-19,1482.550048828125,1486.800048828125,1431.0999755859375,1435.699951171875,1395.490234375,1647925.0,0.0,0.0
2024-03-20,1435.800048828125,1444.9000244140625,1415.5999755859375,1417.4000244140625,1377.7027587890625,1728210.0,0.0,0.0
2024-03-21,1427.0,1455.0999755859375,1420.199951171875,1448.699951171875,1408.1260986328125,1699939.0,0.0,0.0
2024-03-22,1453.0,1489.5999755859375,1451.050048828125,1481.25,1439.764404296875,1746930.0,0.0,0.0
2024-03-26,1473.0,1481.25,1460.0,1472.25,1431.0164794921875,1635695.0,0.0,0.0
2024-03-27,1484.0,1496.0,1458.0,1463.3499755859375,1422.36572265625,1642266.0,0.0,0.0
2024-03-28,1472.0,1514.199951171875,1461.1500244140625,1496.949951171875,1455.024658203125,2110407.0,0.0,0.0
2024-04-01,1510.0,1510.0,1493.800048828125,1498.6500244140625,1456.6771240234375,563831.0,0.0,0.0
2024-04-02,1502.9000244140625,1502.9000244140625,1483.300048828125,1489.4000244140625,1447.686279296875,614238.0,0.0,0.0
2024-04-03,1493.3499755859375,1501.550048828125,1467.0,1471.5,1430.2874755859375,1465540.0,0.0,0.0
2024-04-04,1479.0,1481.199951171875,1445.0999755859375,1459.550048828125,1418.6722412109375,1474799.0,0.0,0.0
2024-04-05,1439.0,1474.0,1437.5,1449.4000244140625,1408.8065185546875,1211684.0,0.0,0.0
2024-04-08,1457.1500244140625,1472.8499755859375,1449.4000244140625,1462.449951171875,1421.490966796875,1039235.0,0.0,0.0
2024-04-09,1467.75,1470.0,1447.0999755859375,1450.300048828125,1409.681396484375,1225255.0,0.0,0.0
2024-04-10,1453.1500244140625,1455.300048828125,1406.0,1422.949951171875,1383.0972900390625,2493253.0,0.0,0.0
2024-04-12,1423.0,1424.8499755859375,1388.0,1396.800048828125,1357.6798095703125,2190583.0,0.0,0.0
2024-04-15,1389.949951171875,1399.0,1375.550048828125,1381.4000244140625,1342.7110595703125,1125072.0,0.0,0.0
2024-04-16,1385.0,1391.949951171875,1371.550048828125,1375.199951171875,1336.6845703125,1433760.0,0.0,0.0
2024-04-18,1376.0,1383.6500244140625,1342.4000244140625,1347.300048828125,1309.5660400390625,2974196.0,0.0,0.0
2024-04-19,1347.0,1357.699951171875,1335.0,1345.75,1308.0594482421875,1173025.0,0.0,0.0
2024-04-22,1350.25,1361.949951171875,1348.0,1354.8499755859375,1316.904541015625,974434.0,0.0,0.0
2024-04-23,1369.75,1369.75,1344.5,1346.699951171875,1308.9827880859375,1031497.0,0.0,0.0
2024-04-24,1353.449951171875,1401.9000244140625,1352.199951171875,1398.199951171875,1359.04052734375,4415480.0,0.0,0.0
2024-04-25,1407.0,1410.449951171875,1384.0999755859375,1406.199951171875,1366.81640625,2027213.0,0.0,0.0
2024-04-26,1413.0999755859375,1417.199951171875,1401.25,1409.1500244140625,1369.683837890625,695034.0,0.0,0.0
2024-04-29,1419.0,1420.0999755859375,1392.4000244140625,1408.0,1368.5660400390625,1082487.0,0.0,0.0
2024-04-30,1415.050048828125,1418.949951171875,1395.050048828125,1400.0,1360.7901611328125,1327606.0,0.0,0.0
2024-05-02,1400.0,1426.0,1398.1500244140625,1420.050048828125,1380.2786865234375,1540210.0,0.0,0.0
2024-05-03,1428.0,1434.0,1415.199951171875,1424.75,1384.846923828125,804513.0,0.0,0.0
2024-05-06,1431.0,1431.8499755859375,1405.050048828125,1423.4000244140625,1383.5347900390625,929301.0,0.0,0.0
2024-05-07,1423.4000244140625,1428.8499755859375,1377.75,1387.199951171875,1348.3485107421875,1085239.0,0.0,0.0
2024-05-08,1375.050048828125,1398.1500244140625,1375.050048828125,1384.75,1345.96728515625,1497782.0,0.0,0.0
2024-05-09,1387.8499755859375,1392.199951171875,1353.0,1358.800048828125,1320.7440185546875,1152636.0,0.0,0.0
2024-05-10,1371.3499755859375,1396.9000244140625,1317.25,1339.550048828125,1302.0330810546875,5080539.0,0.0,0.0
2024-05-13,1371.0,1425.949951171875,1369.550048828125,1414.6500244140625,1375.02978515625,7910590.0,0.0,0.0
2024-05-14,1410.0,1410.0,1350.0999755859375,1357.3499755859375,1319.3345947265625,3721994.0,0.0,0.0
2024-05-15,1395.0,1428.449951171875,1386.699951171875,1406.699951171875,1367.3023681640625,7893092.0,0.0,0.0
2024-05-16,1409.0,1425.9000244140625,1387.300048828125,1421.0999755859375,1381.299072265625,3226214.0,0.0,0.0
2024-05-17,1417.0999755859375,1419.9000244140625,1396.4000244140625,1399.050048828125,1359.8668212890625,3443452.0,0.0,0.0
2024-05-21,1410.0,1445.949951171875,1396.4000244140625,1442.300048828125,1401.9053955078125,2939271.0,0.0,0.0
2024-05-22,1450.949951171875,1494.800048828125,1437.25,1482.300048828125,1440.78515625,4216347.0,0.0,0.0
2024-05-23,1482.0,1504.550048828125,1462.699951171875,1489.1500244140625,1447.4432373046875,4389470.0,0.0,0.0
2024-05-24,1489.1500244140625,1493.9000244140625,1479.050048828125,1486.449951171875,1444.81884765625,758326.0,0.0,0.0
2024-05-27,1491.0,1492.550048828125,1475.199951171875,1478.6500244140625,1437.2374267578125,1393334.0,0.0,0.0
2024-05-28,1482.949951171875,1494.75,1475.199951171875,1479.449951171875,1438.014892578125,784496.0,0.0,0.0
2024-05-29,1475.25,1497.5999755859375,1472.5999755859375,1493.550048828125,1451.719970703125,1607691.0,0.0,0.0
2024-05-30,1495.050048828125,1496.550048828125,1454.0,1466.5999755859375,1425.524658203125,1732140.0,0.0,0.0
2024-05-31,1466.949951171875,1472.699951171875,1440.0,1447.199951171875,1406.668212890625,3270743.0,0.0,0.0
2024-06-03,1482.0,1483.0,1446.050048828125,1452.3499755859375,1411.6739501953125,1335614.0,0.0,0.0
2024-06-04,1460.0,1476.949951171875,1418.550048828125,1462.550048828125,1421.5882568359375,2049577.0,0.0,0.0
2024-06-05,1490.0,1514.0,1466.8499755859375,1496.949951171875,1455.024658203125,1834280.0,0.0,0.0
2024-06-06,1500.0,1501.0,1464.0,1477.0,1435.633544921875,1605122.0,0.0,0.0
2024-06-07,1484.0,1503.4000244140625,1479.300048828125,1497.25,1455.31640625,1591055.0,0.0,0.0
2024-06-10,1506.9000244140625,1540.8499755859375,1502.0,1534.25,1491.2801513671875,2751606.0,0.0,0.0
2024-06-11,1545.0,1546.449951171875,1527.0,1530.25,1487.3922119140625,1699446.0,0.0,0.0
2024-06-12,1542.449951171875,1549.0,1532.0,1540.949951171875,1497.79248046875,1578793.0,0.0,0.0
2024-06-13,1550.0,1551.0,1520.4000244140625,1544.550048828125,1501.2918701171875,1525789.0,0.0,0.0
2024-06-14,1545.0,1567.0,1535.800048828125,1564.75,1520.9259033203125,1845043.0,0.0,0.0
2024-06-18,1570.0,1576.949951171875,1563.5999755859375,1574.800048828125,1530.6944580078125,2068897.0,0.0,0.0
2024-06-19,1577.4000244140625,1582.0,1553.4000244140625,1559.800048828125,1516.114501953125,1881544.0,0.0,0.0
2024-06-20,1558.0,1559.1500244140625,1540.0,1544.8499755859375,1501.583251953125,1705002.0,0.0,0.0
2024-06-21,1549.9000244140625,1562.9000244140625,1533.5,1541.550048828125,1498.375732421875,2613883.0,0.0,0.0
2024-06-24,1528.0,1528.0,1495.050048828125,1504.4000244140625,1462.2662353515625,1283529.0,0.0,0.0
2024-06-25,1511.5999755859375,1517.800048828125,1495.5,1499.699951171875,1457.69775390625,1199626.0,0.0,0.0
2024-06-26,1503.699951171875,1507.199951171875,1475.0,1479.0999755859375,1437.6748046875,1930909.0,0.0,0.0
2024-06-27,1481.0,1486.199951171875,1465.300048828125,1480.9000244140625,1439.42431640625,2792582.0,0.0,0.0
2024-06-28,1486.300048828125,1492.199951171875,1476.050048828125,1480.800048828125,1439.3271484375,2087765.0,0.0,0.0
2024-07-01,1484.949951171875,1493.699951171875,1472.199951171875,1479.0999755859375,1437.6748046875,1313651.0,0.0,0.0
2024-07-02,1480.0,1492.75,1479.25,1488.6500244140625,1446.957275390625,1191962.0,0.0,0.0
2024-07-03,1494.0,1500.0,1474.5999755859375,1483.75,1442.1944580078125,1061247.0,0.0,0.0
2024-07-04,1477.75,1488.949951171875,1467.0,1480.75,1439.2784423828125,1498413.0,0.0,0.0
2024-07-05,1487.0,1516.0,1486.0,1509.9000244140625,1467.6121826171875,2188675.0,0.0,0.0
2024-07-08,1516.0,1524.6500244140625,1483.199951171875,1487.050048828125,1445.402099609375,1524489.0,0.0,0.0
2024-07-09,1496.9000244140625,1515.0,1487.300048828125,1512.050048828125,1469.701904296875,1791406.0,0.0,0.0
2024-07-10,1512.0999755859375,1517.25,1492.25,1513.199951171875,1470.819580078125,671042.0,0.0,0.0
2024-07-11,1517.0,1519.0,1495.0,1506.0,1463.8212890625,1314312.0,0.0,0.0
2024-07-12,1506.050048828125,1515.0,1502.4000244140625,1512.050048828125,1469.701904296875,1192685.0,0.0,0.0
2024-07-15,1516.5999755859375,1531.949951171875,1513.25,1517.199951171875,1474.7076416015625,1825510.0,0.0,0.0
2024-07-16,1517.199951171875,1524.449951171875,1503.0999755859375,1510.4000244140625,1468.0982666015625,963199.0,0.0,0.0
2024-07-18,1497.0,1513.0,1485.5999755859375,1506.6500244140625,1464.4532470703125,2169744.0,0.0,0.0
2024-07-19,1501.5999755859375,1506.0,1480.199951171875,1485.5,1443.8955078125,868261.0,0.0,0.0
2024-07-22,1475.050048828125,1507.050048828125,1470.6500244140625,1490.0,1448.2694091796875,1328847.0,0.0,0.0
2024-07-23,1490.0,1504.0,1475.1500244140625,1497.9000244140625,1455.9482421875,1241630.0,0.0,0.0
2024-07-24,1495.3499755859375,1511.300048828125,1485.0,1503.5,1461.391357421875,2266300.0,0.0,0.0
2024-07-25,1498.0,1508.699951171875,1489.800048828125,1500.050048828125,1458.0380859375,2200932.0,0.0,0.0
2024-07-26,1504.75,1600.0,1501.0,1575.0,1530.8887939453125,4687416.0,0.0,0.0
2024-07-29,1588.0,1589.0,1528.800048828125,1553.949951171875,1510.4283447265625,3983153.0,0.0,0.0
2024-07-30,1554.0,1564.050048828125,1526.0,1528.9000244140625,1486.080078125,2988651.0,0.0,0.0
2024-07-31,1530.0999755859375,1548.550048828125,1523.550048828125,1544.300048828125,1501.0487060546875,1645138.0,0.0,0.0
2024-08-01,1545.949951171875,1552.5,1535.550048828125,1546.199951171875,1502.8953857421875,1529481.0,0.0,0.0
2024-08-02,1529.0,1541.4000244140625,1523.699951171875,1528.800048828125,1498.58251953125,1353707.0,13.0,0.0
2024-08-05,1472.0,1527.949951171875,1472.0,1515.050048828125,1485.104248046875,1719770.0,0.0,0.0
2024-08-06,1513.0,1542.3499755859375,1505.699951171875,1531.9000244140625,1501.62109375,1775016.0,0.0,0.0
2024-08-07,1532.0999755859375,1556.9000244140625,1532.0999755859375,1553.550048828125,1522.84326171875,1359682.0,0.0,0.0
2024-08-08,1545.0,1589.6500244140625,1545.0,1569.949951171875,1538.9190673828125,3541556.0,0.0,0.0
2024-08-09,1574.800048828125,1581.199951171875,1561.5,1574.75,1543.6241455078125,956684.0,0.0,0.0
2024-08-12,1574.699951171875,1593.0,1571.050048828125,1586.25,1554.89697265625,1731555.0,0.0,0.0
2024-08-13,1600.0,1606.699951171875,1580.0,1583.449951171875,1552.1522216796875,2281463.0,0.0,0.0
2024-08-14,1597.0,1597.0,1555.0,1563.800048828125,1532.890625,896638.0,0.0,0.0
2024-08-16,1567.0,1580.449951171875,1560.0,1576.0999755859375,1544.9473876953125,909870.0,0.0,0.0
2024-08-19,1578.449951171875,1584.949951171875,1569.699951171875,1575.5,1544.359375,742635.0,0.0,0.0
2024-08-20,1576.5,1579.0,1558.199951171875,1562.8499755859375,1531.95947265625,1413845.0,0.0,0.0
2024-08-21,1565.6500244140625,1596.1500244140625,1561.0,1594.5999755859375,1563.0819091796875,1074905.0,0.0,0.0
2024-08-22,1599.0,1599.0,1576.050048828125,1585.800048828125,1554.4559326171875,906819.0,0.0,0.0
2024-08-23,1580.050048828125,1585.800048828125,1568.449951171875,1574.550048828125,1543.42822265625,770573.0,0.0,0.0
2024-08-26,1570.0,1596.0,1566.550048828125,1593.949951171875,1562.4447021484375,658120.0,0.0,0.0
2024-08-27,1586.5,1619.800048828125,1586.5,1598.050048828125,1566.4637451171875,1570234.0,0.0,0.0
2024-08-28,1604.0,1630.0,1595.199951171875,1618.199951171875,1586.21533203125,1433847.0,0.0,0.0
2024-08-29,1622.0,1642.300048828125,1609.0,1618.550048828125,1586.5584716796875,2749546.0,0.0,0.0
2024-08-30,1615.0,1663.699951171875,1615.0,1654.9000244140625,1622.1900634765625,3296701.0,0.0,0.0
2024-09-02,1669.0,1681.5999755859375,1642.0,1646.6500244140625,1614.1031494140625,1306971.0,0.0,0.0
2024-09-03,1643.300048828125,1659.8499755859375,1643.300048828125,1653.199951171875,1620.5235595703125,1264708.0,0.0,0.0
2024-09-04,1635.050048828125,1658.0,1630.800048828125,1651.9000244140625,1619.249267578125,1019049.0,0.0,0.0
2024-09-05,1651.0999755859375,1659.949951171875,1623.4000244140625,1627.75,1595.5765380859375,1081756.0,0.0,0.0
2024-09-06,1627.75,1631.949951171875,1608.050048828125,1611.050048828125,1579.2066650390625,913336.0,0.0,0.0
2024-09-09,1611.050048828125,1636.800048828125,1610.0,1620.1500244140625,1588.1268310546875,1003511.0,0.0,0.0
2024-09-10,1633.0,1644.3499755859375,1624.300048828125,1632.0,1599.7425537109375,1248269.0,0.0,0.0
2024-09-11,1627.0999755859375,1652.300048828125,1624.25,1628.3499755859375,1596.1646728515625,1243738.0,0.0,0.0
2024-09-12,1635.0,1660.0,1630.550048828125,1657.25,1624.4935302734375,1728200.0,0.0,0.0
2024-09-13,1658.9000244140625,1669.199951171875,1643.5,1659.699951171875,1626.89501953125,747149.0,0.0,0.0
2024-09-16,1661.199951171875,1671.8499755859375,1654.1500244140625,1659.4000244140625,1626.60107421875,683436.0,0.0,0.0
2024-09-17,1660.0,1683.0,1656.699951171875,1671.800048828125,1638.7559814453125,958137.0,0.0,0.0
2024-09-18,1673.0,1673.0,1638.050048828125,1651.5999755859375,1618.9552001953125,1084127.0,0.0,0.0
2024-09-19,1660.0,1668.0,1632.75,1637.699951171875,1605.3299560546875,2048750.0,0.0,0.0
2024-09-20,1645.9000244140625,1652.5999755859375,1609.800048828125,1638.6500244140625,1606.26123046875,2504382.0,0.0,0.0
2024-09-23,1646.8499755859375,1664.8499755859375,1638.0,1658.1500244140625,1625.375732421875,1129445.0,0.0,0.0
2024-09-24,1625.0,1659.5999755859375,1624.949951171875,1637.550048828125,1605.1829833984375,1476260.0,0.0,0.0
2024-09-25,1638.0,1649.0,1618.25,1643.199951171875,1610.72119140625,759761.0,0.0,0.0
2024-09-26,1643.199951171875,1652.449951171875,1602.300048828125,1621.800048828125,1589.744384765625,2613098.0,0.0,0.0
2024-09-27,1630.1500244140625,1679.050048828125,1630.0,1672.5,1639.442138671875,3866952.0,0.0,0.0
2024-09-30,1675.0,1678.9000244140625,1646.300048828125,1654.0999755859375,1621.40576171875,1313437.0,0.0,0.0
2024-10-01,1660.0,1667.050048828125,1651.550048828125,1664.8499755859375,1631.943359375,945740.0,0.0,0.0
2024-10-03,1661.25,1678.0,1640.3499755859375,1656.550048828125,1623.8074951171875,1533472.0,0.0,0.0
2024-10-04,1645.0999755859375,1656.4000244140625,1577.300048828125,1623.300048828125,1591.2147216796875,2371220.0,0.0,0.0
2024-10-07,1623.0,1644.8499755859375,1612.050048828125,1624.6500244140625,1592.5379638671875,1553239.0,0.0,0.0
2024-10-08,1624.6500244140625,1653.199951171875,1623.8499755859375,1640.699951171875,1608.2706298828125,1239808.0,0.0,0.0
2024-10-09,1630.5,1702.050048828125,1630.5,1680.5,1647.2840576171875,1671718.0,0.0,0.0
2024-10-10,1693.949951171875,1694.0,1614.0999755859375,1618.9000244140625,1586.901611328125,2288313.0,0.0,0.0
2024-10-11,1602.0999755859375,1613.800048828125,1573.75,1595.75,1564.2091064453125,1894245.0,0.0,0.0
2024-10-14,1600.0,1605.949951171875,1571.050048828125,1598.449951171875,1566.855712890625,2301224.0,0.0,0.0
2024-10-15,1601.9000244140625,1604.949951171875,1568.0,1571.75,1540.6834716796875,2206500.0,0.0,0.0
2024-10-16,1561.4000244140625,1573.0,1550.4000244140625,1562.199951171875,1531.322265625,2519123.0,0.0,0.0
2024-10-17,1562.199951171875,1578.699951171875,1552.1500244140625,1558.699951171875,1527.891357421875,1498368.0,0.0,0.0
2024-10-18,1549.050048828125,1562.050048828125,1536.3499755859375,1551.699951171875,1521.02978515625,1879293.0,0.0,0.0
2024-10-21,1552.0,1561.25,1517.1500244140625,1523.75,1493.6322021484375,1297970.0,0.0,0.0
2024-10-22,1523.0,1526.699951171875,1501.5,1510.3499755859375,1480.4970703125,1757792.0,0.0,0.0
2024-10-23,1504.75,1514.0999755859375,1482.300048828125,1485.5999755859375,1456.2362060546875,1925211.0,0.0,0.0
2024-10-24,1496.0,1508.0,1482.050048828125,1492.300048828125,1462.8038330078125,1178365.0,0.0,0.0
2024-10-25,1492.300048828125,1506.75,1478.800048828125,1488.9000244140625,1459.47119140625,1175088.0,0.0,0.0
2024-10-28,1496.800048828125,1513.199951171875,1471.699951171875,1503.1500244140625,1473.439453125,928896.0,0.0,0.0
2024-10-29,1510.0,1517.1500244140625,1450.0,1477.550048828125,1448.345458984375,3475282.0,0.0,0.0
2024-10-30,1440.0,1440.0,1403.0,1418.25,1390.217529296875,5064434.0,0.0,0.0
2024-10-31,1560.050048828125,1565.949951171875,1518.050048828125,1551.75,1521.078857421875,17447689.0,0.0,0.0
2024-11-01,1565.0999755859375,1573.449951171875,1551.75,1559.550048828125,1528.724609375,538362.0,0.0,0.0
2024-11-04,1584.0,1602.949951171875,1563.0,1584.5999755859375,1553.2794189453125,4190449.0,0.0,0.0
2024-11-05,1583.5999755859375,1609.949951171875,1577.6500244140625,1601.199951171875,1569.5513916015625,2238168.0,0.0,0.0
2024-11-06,1610.199951171875,1612.3499755859375,1581.0,1594.050048828125,1562.542724609375,2074821.0,0.0,0.0
2024-11-07,1600.0,1602.0,1558.550048828125,1576.1500244140625,1544.99658203125,1512145.0,0.0,0.0
2024-11-08,1575.0999755859375,1597.75,1568.699951171875,1592.5999755859375,1561.121337890625,1718495.0,0.0,0.0
2024-11-11,1590.0999755859375,1599.75,1544.5,1552.800048828125,1522.108154296875,1725382.0,0.0,0.0
2024-11-12,1551.050048828125,1556.949951171875,1521.949951171875,1525.1500244140625,1495.004638671875,2782808.0,0.0,0.0
2024-11-13,1516.5,1525.9000244140625,1501.199951171875,1505.5999755859375,1475.841064453125,1552443.0,0.0,0.0
2024-11-14,1497.0,1517.0,1490.25,1499.75,1470.1065673828125,1469143.0,0.0,0.0
2024-11-18,1497.5,1505.1500244140625,1460.8499755859375,1465.25,1436.2884521484375,1760344.0,0.0,0.0
2024-11-19,1465.0,1485.8499755859375,1456.8499755859375,1471.550048828125,1442.464111328125,1116002.0,0.0,0.0
2024-11-21,1470.0,1478.0999755859375,1453.8499755859375,1465.5,1436.5335693359375,1363706.0,0.0,0.0
2024-11-22,1466.0,1496.1500244140625,1460.050048828125,1486.5,1457.118408203125,704859.0,0.0,0.0
2024-11-25,1495.9000244140625,1507.5,1487.5,1503.300048828125,1473.5865478515625,2453548.0,0.0,0.0
2024-11-26,1515.0,1515.0,1490.050048828125,1492.699951171875,1463.1959228515625,873585.0,0.0,0.0
2024-11-27,1487.0999755859375,1502.0,1468.5,1491.1500244140625,1461.6766357421875,1676606.0,0.0,0.0
2024-11-28,1485.0999755859375,1505.0,1473.9000244140625,1492.75,1463.2449951171875,4358321.0,0.0,0.0
2024-11-29,1490.0,1547.699951171875,1490.0,1533.9000244140625,1503.5816650390625,3256635.0,0.0,0.0
2024-12-02,1532.0,1548.5,1504.300048828125,1507.699951171875,1477.8994140625,5328936.0,0.0,0.0
2024-12-03,1517.050048828125,1549.4000244140625,1508.5,1533.9000244140625,1503.5816650390625,1951182.0,0.0,0.0
2024-12-04,1530.0,1536.75,1492.25,1500.8499755859375,1471.184814453125,2971135.0,0.0,0.0
2024-12-05,1507.0,1507.0,1470.0999755859375,1498.25,1468.63623046875,4084059.0,0.0,0.0
2024-12-06,1513.25,1513.25,1476.0,1477.4000244140625,1448.1983642578125,3768932.0,0.0,0.0
2024-12-09,1480.0,1484.75,1467.300048828125,1469.0,1439.9644775390625,2144057.0,0.0,0.0
2024-12-10,1476.949951171875,1479.0,1452.300048828125,1455.199951171875,1426.4371337890625,3397465.0,0.0,0.0
2024-12-11,1456.0999755859375,1467.9000244140625,1448.0,1454.0999755859375,1425.35888671875,2448702.0,0.0,0.0
2024-12-12,1460.0,1461.3499755859375,1438.5999755859375,1445.4000244140625,1416.8309326171875,2651833.0,0.0,0.0
2024-12-13,1445.0999755859375,1449.5,1423.800048828125,1447.300048828125,1418.693359375,1318852.0,0.0,0.0
2024-12-16,1448.0,1457.550048828125,1436.0999755859375,1448.449951171875,1419.820556640625,2076469.0,0.0,0.0
2024-12-17,1470.0,1483.0,1448.0,1450.8499755859375,1422.173095703125,3500888.0,0.0,0.0
2024-12-18,1455.0,1482.949951171875,1453.199951171875,1472.4000244140625,1443.2972412109375,2499842.0,0.0,0.0
2024-12-19,1450.0,1510.050048828125,1449.9000244140625,1506.550048828125,1476.772216796875,3426222.0,0.0,0.0
2024-12-20,1506.550048828125,1506.5999755859375,1469.050048828125,1472.050048828125,1442.9542236328125,2196991.0,0.0,0.0
2024-12-23,1473.949951171875,1491.0,1458.800048828125,1476.050048828125,1446.8751220703125,760728.0,0.0,0.0
2024-12-24,1476.0,1487.5999755859375,1461.300048828125,1475.75,1446.5809326171875,909994.0,0.0,0.0
2024-12-26,1475.75,1494.949951171875,1466.25,1490.550048828125,1461.0885009765625,1254464.0,0.0,0.0
2024-12-27,1488.5999755859375,1512.75,1484.0,1506.5999755859375,1476.8211669921875,1446303.0,0.0,0.0
2024-12-30,1509.0,1526.699951171875,1495.0999755859375,1521.4000244140625,1491.3287353515625,1501086.0,0.0,0.0
2024-12-31,1517.9000244140625,1535.949951171875,1514.5999755859375,1529.0,1498.778564453125,1664122.0,0.0,0.0
2025-01-01,1531.949951171875,1547.8499755859375,1518.699951171875,1529.0999755859375,1498.87646484375,1578715.0,0.0,0.0
2025-01-02,1534.9000244140625,1543.449951171875,1527.25,1537.9000244140625,1507.5025634765625,1448048.0,0.0,0.0
2025-01-03,1539.0,1539.0,1505.0999755859375,1511.25,1481.3792724609375,1581838.0,0.0,0.0
2025-01-06,1500.0,1509.25,1479.5,1491.4000244140625,1461.921630859375,981443.0,0.0,0.0
2025-01-07,1490.0,1510.0,1487.949951171875,1497.449951171875,1467.8519287109375,1045516.0,0.0,0.0
2025-01-08,1504.9000244140625,1513.0,1487.550048828125,1494.9000244140625,1465.3525390625,1277871.0,0.0,0.0
2025-01-09,1490.0999755859375,1499.4000244140625,1481.0,1488.199951171875,1458.7847900390625,995821.0,0.0,0.0
2025-01-10,1483.0999755859375,1497.699951171875,1465.1500244140625,1468.800048828125,1439.7684326171875,930723.0,0.0,0.0
2025-01-13,1460.0,1463.949951171875,1436.3499755859375,1439.199951171875,1410.75341796875,873093.0,0.0,0.0
2025-01-14,1436.0,1451.949951171875,1434.449951171875,1447.75,1419.134521484375,1028726.0,0.0,0.0
2025-01-15,1454.949951171875,1455.0,1429.8499755859375,1447.199951171875,1418.59521484375,1126634.0,0.0,0.0
2025-01-16,1451.75,1454.300048828125,1430.8499755859375,1443.5,1414.968505859375,1080833.0,0.0,0.0
2025-01-17,1443.5,1449.6500244140625,1434.0,1442.300048828125,1413.792236328125,658778.0,0.0,0.0
2025-01-20,1442.300048828125,1449.550048828125,1428.9000244140625,1445.449951171875,1416.8798828125,738447.0,0.0,0.0
2025-01-21,1450.5,1464.800048828125,1425.0,1428.0,1399.7747802734375,820225.0,0.0,0.0
2025-01-22,1431.0999755859375,1440.949951171875,1420.199951171875,1439.4000244140625,1410.9495849609375,808605.0,0.0,0.0
2025-01-23,1432.550048828125,1458.199951171875,1432.550048828125,1451.1500244140625,1422.4671630859375,1070838.0,0.0,0.0
2025-01-24,1445.25,1451.0,1408.0,1411.4000244140625,1383.5029296875,1615412.0,0.0,0.0
2025-01-27,1408.0999755859375,1414.9000244140625,1384.199951171875,1396.0999755859375,1368.50537109375,1448841.0,0.0,0.0
2025-01-28,1395.050048828125,1473.0,1366.0999755859375,1420.5999755859375,1392.52099609375,5627159.0,0.0,0.0
2025-01-29,1440.0,1455.0,1410.5999755859375,1423.949951171875,1395.8048095703125,3775947.0,0.0,0.0
2025-01-30,1431.0,1469.800048828125,1426.0,1457.449951171875,1428.6427001953125,1773294.0,0.0,0.0
2025-01-31,1460.0,1491.0,1452.0999755859375,1479.4000244140625,1450.1588134765625,2083385.0,0.0,0.0
2025-02-01,1479.4000244140625,1486.5,1427.25,1439.5,1411.0474853515625,1306859.0,0.0,0.0
2025-02-03,1435.0,1439.300048828125,1406.1500244140625,1420.550048828125,1392.47216796875,1757831.0,0.0,0.0
2025-02-04,1425.9000244140625,1463.25,1423.5,1449.050048828125,1420.4088134765625,1750660.0,0.0,0.0
2025-02-05,1457.8499755859375,1458.0,1429.300048828125,1436.800048828125,1408.4010009765625,2516488.0,0.0,0.0
2025-02-06,1443.949951171875,1475.300048828125,1438.1500244140625,1471.5,1442.4149169921875,2918537.0,0.0,0.0
2025-02-07,1473.5,1481.8499755859375,1455.0,1472.25,1443.150146484375,1445335.0,0.0,0.0
2025-02-10,1476.199951171875,1477.5999755859375,1431.550048828125,1458.8499755859375,1430.0150146484375,1282801.0,0.0,0.0
2025-02-11,1465.0,1468.0,1443.4000244140625,1453.1500244140625,1424.427734375,1938792.0,0.0,0.0
2025-02-12,1453.1500244140625,1462.300048828125,1435.1500244140625,1449.199951171875,1420.5556640625,1791670.0,0.0,0.0
2025-02-13,1449.199951171875,1493.0,1447.0999755859375,1472.1500244140625,1443.0521240234375,1879916.0,0.0,0.0
2025-02-14,1478.0,1480.1500244140625,1438.550048828125,1459.449951171875,1430.6031494140625,1703559.0,0.0,0.0
2025-02-17,1457.449951171875,1480.699951171875,1451.300048828125,1474.6500244140625,1445.502685546875,1113888.0,0.0,0.0
2025-02-18,1474.6500244140625,1483.8499755859375,1466.0999755859375,1482.0999755859375,1452.805419921875,967394.0,0.0,0.0
2025-02-19,1454.949951171875,1474.0,1426.3499755859375,1464.1500244140625,1435.2103271484375,1210464.0,0.0,0.0
2025-02-20,1462.0,1483.0,1461.5,1479.699951171875,1450.452880859375,1652209.0,0.0,0.0
2025-02-21,1489.0,1502.0,1468.6500244140625,1475.75,1446.5809326171875,1413123.0,0.0,0.0
2025-02-24,1460.0,1489.0,1457.5999755859375,1476.75,1447.561279296875,1403090.0,0.0,0.0
2025-02-25,1471.0,1482.4000244140625,1454.5999755859375,1463.3499755859375,1434.426025390625,992994.0,0.0,0.0
2025-02-27,1452.0,1464.300048828125,1436.0,1441.1500244140625,1412.6649169921875,1260808.0,0.0,0.0
2025-02-28,1440.0,1448.699951171875,1400.0,1407.5,1379.6800537109375,3340343.0,0.0,0.0
2025-03-03,1400.0,1418.0999755859375,1396.0,1407.550048828125,1379.72900390625,854264.0,0.0,0.0
2025-03-04,1402.449951171875,1405.0,1389.300048828125,1401.800048828125,1374.0926513671875,1456530.0,0.0,0.0
2025-03-05,1395.0999755859375,1431.9000244140625,1393.0999755859375,1419.75,1391.6878662109375,2187830.0,0.0,0.0
2025-03-06,1424.949951171875,1464.449951171875,1419.75,1461.75,1432.857666015625,1525159.0,0.0,0.0
2025-03-07,1465.949951171875,1471.0999755859375,1451.550048828125,1458.449951171875,1429.6229248046875,678497.0,0.0,0.0
2025-03-10,1458.3499755859375,1482.199951171875,1457.0,1462.75,1433.8380126953125,905854.0,0.0,0.0
2025-03-11,1448.0,1459.0,1438.0,1445.75,1417.1739501953125,1231247.0,0.0,0.0
2025-03-12,1442.0,1457.0,1437.75,1454.300048828125,1425.554931640625,1254797.0,0.0,0.0
2025-03-13,1456.4000244140625,1465.699951171875,1445.6500244140625,1461.9000244140625,1433.0047607421875,804032.0,0.0,0.0
2025-03-17,1459.8499755859375,1496.949951171875,1455.699951171875,1492.5999755859375,1463.097900390625,1329884.0,0.0,0.0
2025-03-18,1492.5999755859375,1492.5999755859375,1492.5999755859375,1492.5999755859375,1463.097900390625,0.0,0.0,0.0
2025-03-19,1515.0,1515.0,1496.5,1499.1500244140625,1469.5184326171875,1015731.0,0.0,0.0
2025-03-20,1499.6500244140625,1517.5999755859375,1495.449951171875,1512.050048828125,1482.16357421875,984355.0,0.0,0.0
2025-03-21,1513.9000244140625,1528.9000244140625,1510.0,1523.8499755859375,1493.7303466796875,2846648.0,0.0,0.0
2025-03-24,1525.050048828125,1535.0,1515.199951171875,1524.050048828125,1493.9263916015625,826040.0,0.0,0.0
2025-03-25,1530.0,1534.0,1505.050048828125,1511.199951171875,1481.330322265625,1092805.0,0.0,0.0
2025-03-26,1507.0,1512.3499755859375,1472.300048828125,1476.199951171875,1447.02197265625,1375794.0,0.0,0.0
2025-03-27,1464.699951171875,1489.0,1462.4000244140625,1482.9000244140625,1453.5897216796875,1848444.0,0.0,0.0
2025-03-28,1475.0,1478.6500244140625,1434.449951171875,1442.199951171875,1413.694091796875,1495932.0,0.0,0.0
2025-04-01,1438.550048828125,1466.0,1429.0,1444.25,1415.70361328125,1080262.0,0.0,0.0
2025-04-02,1441.0,1464.0,1428.4000244140625,1452.3499755859375,1423.6434326171875,1054143.0,0.0,0.0
2025-04-03,1482.0,1523.300048828125,1480.0,1495.699951171875,1466.1365966796875,3488899.0,0.0,0.0
2025-04-04,1495.699951171875,1495.699951171875,1390.050048828125,1415.25,1387.27685546875,2768438.0,0.0,0.0
2025-04-07,1336.0,1401.3499755859375,1335.0,1384.699951171875,1357.33056640625,1604721.0,0.0,0.0
2025-04-08,1394.800048828125,1437.5999755859375,1382.6500244140625,1432.550048828125,1404.2349853515625,1324180.0,0.0,0.0
2025-04-09,1416.5,1423.0,1396.050048828125,1415.5999755859375,1387.619873046875,1701314.0,0.0,0.0
2025-04-11,1460.0,1488.5,1448.550048828125,1463.050048828125,1434.132080078125,2311803.0,0.0,0.0
2025-04-15,1482.199951171875,1485.9000244140625,1462.0999755859375,1481.800048828125,1452.5113525390625,1720323.0,0.0,0.0
2025-04-16,1467.0999755859375,1499.0,1464.4000244140625,1496.4000244140625,1466.8228759765625,1023697.0,0.0,0.0
2025-04-17,1498.0,1522.0,1486.0,1515.199951171875,1485.2510986328125,1211601.0,0.0,0.0
2025-04-21,1525.0,1525.0,1505.0,1511.0999755859375,1481.232177734375,570266.0,0.0,0.0
2025-04-22,1514.9000244140625,1534.699951171875,1502.699951171875,1528.199951171875,1497.9942626953125,954974.0,0.0,0.0
2025-04-23,1533.0,1539.0,1516.0,1533.699951171875,1503.3856201171875,819016.0,0.0,0.0
2025-04-24,1533.699951171875,1556.0,1524.9000244140625,1551.699951171875,1521.02978515625,1590469.0,0.0,0.0
2025-04-25,1556.0,1566.699951171875,1513.5,1525.9000244140625,1495.73974609375,1353813.0,0.0,0.0
2025-04-28,1525.9000244140625,1565.0,1525.9000244140625,1555.0999755859375,1524.362548828125,1207247.0,0.0,0.0
2025-04-29,1555.0,1560.5999755859375,1531.0,1541.5,1511.0313720703125,1385331.0,0.0,0.0
2025-04-30,1542.0,1570.800048828125,1538.0,1550.0999755859375,1519.46142578125,2315010.0,0.0,0.0
2025-05-02,1537.5,1552.5,1513.5,1514.5,1484.5650634765625,1578868.0,0.0,0.0
2025-05-05,1532.0,1549.0,1528.300048828125,1542.9000244140625,1512.40380859375,786898.0,0.0,0.0
2025-05-06,1530.0,1531.9000244140625,1495.0,1511.4000244140625,1481.5263671875,1788719.0,0.0,0.0
2025-05-07,1500.0,1517.800048828125,1499.4000244140625,1508.800048828125,1478.977783203125,1424662.0,0.0,0.0
2025-05-08,1500.0,1508.699951171875,1477.9000244140625,1486.800048828125,1457.41259765625,2773328.0,0.0,0.0
2025-05-09,1469.9000244140625,1486.4000244140625,1463.699951171875,1480.0,1450.7469482421875,1042380.0,0.0,0.0
2025-05-12,1478.0,1516.9000244140625,1462.199951171875,1511.5999755859375,1481.722412109375,1706217.0,0.0,0.0
2025-05-13,1515.0,1539.9000244140625,1497.0999755859375,1520.0999755859375,1490.0543212890625,4042184.0,0.0,0.0
2025-05-14,1495.0,1505.9000244140625,1474.5999755859375,1494.800048828125,1465.2545166015625,3417567.0,0.0,0.0
2025-05-15,1495.0,1512.9000244140625,1475.0,1502.199951171875,1472.5081787109375,3918531.0,0.0,0.0
2025-05-16,1509.699951171875,1510.199951171875,1492.0,1499.9000244140625,1470.253662109375,1660861.0,0.0,0.0
2025-05-19,1499.9000244140625,1511.699951171875,1489.0,1491.5999755859375,1462.11767578125,1857648.0,0.0,0.0
2025-05-20,1495.4000244140625,1497.800048828125,1451.199951171875,1454.4000244140625,1425.653076171875,3573210.0,0.0,0.0
2025-05-21,1459.0,1491.0,1454.5999755859375,1482.4000244140625,1453.0994873046875,2001251.0,0.0,0.0
2025-05-22,1483.0,1489.699951171875,1460.0999755859375,1468.5,1439.4742431640625,1804507.0,0.0,0.0
2025-05-23,1468.5,1489.0,1461.0,1484.199951171875,1454.864013671875,915286.0,0.0,0.0
2025-05-26,1486.0999755859375,1493.9000244140625,1478.5,1484.199951171875,1454.864013671875,885022.0,0.0,0.0
2025-05-27,1485.699951171875,1491.9000244140625,1475.800048828125,1480.5,1451.237060546875,881728.0,0.0,0.0
2025-05-28,1485.0,1486.0,1465.0,1468.5,1439.4742431640625,1090511.0,0.0,0.0
2025-05-29,1475.0,1479.5,1463.0,1476.9000244140625,1447.7083740234375,1384536.0,0.0,0.0
2025-05-30,1476.0,1489.0,1457.0999755859375,1465.699951171875,1436.7294921875,7040777.0,0.0,0.0
2025-06-02,1468.0,1474.800048828125,1458.0,1470.199951171875,1441.140625,962897.0,0.0,0.0
2025-06-03,1472.4000244140625,1479.4000244140625,1460.4000244140625,1473.199951171875,1444.081298828125,870331.0,0.0,0.0
2025-06-04,1473.199951171875,1488.0,1465.9000244140625,1471.9000244140625,1442.80712890625,1297075.0,0.0,0.0
2025-06-05,1476.0,1498.800048828125,1475.0,1489.800048828125,1460.3533935546875,1570159.0,0.0,0.0
2025-06-06,1489.800048828125,1505.9000244140625,1484.0,1504.199951171875,1474.4686279296875,861882.0,0.0,0.0
2025-06-09,1511.699951171875,1511.699951171875,1497.0,1506.5999755859375,1476.8211669921875,689631.0,0.0,0.0
2025-06-10,1508.9000244140625,1513.199951171875,1505.0,1510.800048828125,1480.938232421875,929786.0,0.0,0.0
2025-06-11,1512.5,1527.9000244140625,1509.4000244140625,1521.699951171875,1491.622802734375,1046396.0,0.0,0.0
2025-06-12,1527.0,1537.9000244140625,1494.5,1502.800048828125,1473.0963134765625,1199034.0,0.0,0.0
2025-06-13,1480.0,1510.5,1480.0,1505.199951171875,1475.4488525390625,874315.0,0.0,0.0
2025-06-16,1501.9000244140625,1541.0,1499.800048828125,1527.0,1496.8179931640625,2679763.0,0.0,0.0
2025-06-17,1527.0,1533.4000244140625,1495.5,1503.5,1473.7825927734375,1334810.0,0.0,0.0
2025-06-18,1503.5,1512.9000244140625,1495.9000244140625,1498.0999755859375,1468.4892578125,1075494.0,0.0,0.0
2025-06-19,1502.4000244140625,1509.800048828125,1480.199951171875,1484.0,1454.66796875,1124204.0,0.0,0.0
2025-06-20,1484.0,1508.199951171875,1481.0999755859375,1499.699951171875,1470.0576171875,1917041.0,0.0,0.0
2025-06-23,1499.699951171875,1504.9000244140625,1482.0999755859375,1499.0999755859375,1469.4693603515625,657381.0,0.0,0.0
2025-06-24,1506.699951171875,1518.300048828125,1500.199951171875,1502.4000244140625,1472.704345703125,1351552.0,0.0,0.0
2025-06-25,1509.9000244140625,1518.0,1500.0,1510.0,1480.154052734375,1032762.0,0.0,0.0
2025-06-26,1511.0,1522.4000244140625,1503.0,1513.800048828125,1483.8790283203125,1440423.0,0.0,0.0
2025-06-27,1502.0,1508.699951171875,1492.0,1502.4000244140625,1488.436279296875,1851991.0,16.0,0.0
2025-06-30,1509.4000244140625,1514.699951171875,1500.199951171875,1505.9000244140625,1491.9036865234375,1053681.0,0.0,0.0
2025-07-01,1505.9000244140625,1517.699951171875,1496.199951171875,1515.699951171875,1501.612548828125,1112637.0,0.0,0.0
2025-07-02,1515.699951171875,1525.0,1493.300048828125,1497.5999755859375,1483.6807861328125,1273704.0,0.0,0.0
2025-07-03,1504.0,1513.199951171875,1498.800048828125,1508.699951171875,1494.6776123046875,869963.0,0.0,0.0
2025-07-04,1508.4000244140625,1521.0,1503.9000244140625,1513.300048828125,1499.2349853515625,1118483.0,0.0,0.0
2025-07-07,1516.0,1519.199951171875,1506.5,1510.5,1496.4609375,1061434.0,0.0,0.0
2025-07-08,1505.5,1510.5,1477.0999755859375,1488.300048828125,1474.46728515625,2197699.0,0.0,0.0
2025-07-09,1486.0,1501.699951171875,1486.0,1491.699951171875,1477.8355712890625,1364142.0,0.0,0.0
2025-07-10,1489.0,1490.9000244140625,1463.199951171875,1477.800048828125,1464.06494140625,2178068.0,0.0,0.0
2025-07-11,1480.0,1490.5,1470.0,1485.0,1471.1978759765625,920651.0,0.0,0.0
2025-07-14,1488.9000244140625,1492.5,1476.0,1484.0,1470.2071533203125,1554680.0,0.0,0.0
2025-07-15,1483.800048828125,1492.4000244140625,1469.4000244140625,1490.9000244140625,1477.0430908203125,1203850.0,0.0,0.0
2025-07-16,1485.0,1485.0,1468.199951171875,1475.800048828125,1462.08349609375,1569604.0,0.0,0.0
2025-07-17,1475.0,1489.0,1472.0,1482.4000244140625,1468.6220703125,1349535.0,0.0,0.0
2025-07-18,1481.0999755859375,1484.800048828125,1470.0,1482.300048828125,1468.5230712890625,1001794.0,0.0,0.0
2025-07-21,1481.0999755859375,1482.5,1468.5,1473.9000244140625,1460.2010498046875,1198993.0,0.0,0.0
2025-07-22,1475.0,1479.4000244140625,1454.5,1464.4000244140625,1450.7894287109375,1908949.0,0.0,0.0
2025-07-23,1465.300048828125,1476.5,1462.4000244140625,1473.5,1459.8048095703125,1268156.0,0.0,0.0
2025-07-24,1470.5,1490.0,1470.300048828125,1487.9000244140625,1474.071044921875,1389152.0,0.0,0.0
2025-07-25,1485.0,1553.699951171875,1469.0,1532.5,1518.2564697265625,5226395.0,0.0,0.0
2025-07-28,1541.199951171875,1577.0,1520.5,1572.0,1557.3892822265625,3843168.0,0.0,0.0
2025-07-29,1563.4000244140625,1579.4000244140625,1559.5999755859375,1574.0,1559.3707275390625,1303888.0,0.0,0.0
2025-07-30,1574.300048828125,1579.9000244140625,1551.199951171875,1559.4000244140625,1544.906494140625,1390012.0,0.0,0.0
2025-07-31,1540.0,1564.699951171875,1536.5999755859375,1554.5999755859375,1540.1510009765625,2457841.0,0.0,0.0
2025-08-01,1544.0,1549.699951171875,1494.0,1502.800048828125,1488.83251953125,2109707.0,0.0,0.0
2025-08-04,1510.0,1519.300048828125,1505.0,1515.0999755859375,1501.0181884765625,549494.0,0.0,0.0
2025-08-05,1513.5,1517.300048828125,1491.0999755859375,1499.800048828125,1485.8603515625,1156528.0,0.0,0.0
2025-08-06,1498.800048828125,1498.800048828125,1475.0,1486.699951171875,1472.882080078125,1157300.0,0.0,0.0
2025-08-07,1476.0999755859375,1499.800048828125,1464.0999755859375,1491.0,1477.1422119140625,1882304.0,0.0,0.0
2025-08-08,1483.0,1493.800048828125,1478.300048828125,1485.800048828125,1471.990478515625,920270.0,0.0,0.0
2025-08-11,1488.0,1514.0,1480.199951171875,1504.800048828125,1490.81396484375,898160.0,0.0,0.0
2025-08-12,1504.0,1524.9000244140625,1501.0999755859375,1521.5999755859375,1507.457763671875,910349.0,0.0,0.0
2025-08-13,1521.5999755859375,1567.800048828125,1520.4000244140625,1561.0,1546.4915771484375,1859765.0,0.0,0.0
2025-08-14,1562.5,1574.800048828125,1552.0,1564.0,1549.463623046875,2535958.0,0.0,0.0
2025-08-18,1566.199951171875,1572.800048828125,1557.5,1565.199951171875,1550.6524658203125,1783835.0,0.0,0.0
2025-08-19,1565.199951171875,1568.699951171875,1546.0999755859375,1548.9000244140625,1534.5040283203125,898746.0,0.0,0.0
2025-08-20,1539.199951171875,1556.9000244140625,1533.4000244140625,1546.0999755859375,1531.72998046875,936556.0,0.0,0.0
2025-08-21,1540.0999755859375,1596.0,1538.699951171875,1592.800048828125,1577.99609375,1698280.0,0.0,0.0
2025-08-22,1590.0,1602.0,1585.0,1592.800048828125,1577.99609375,1574526.0,0.0,0.0
2025-08-25,1594.0,1607.800048828125,1592.0,1601.199951171875,1586.31787109375,1298471.0,0.0,0.0
2025-08-26,1604.0,1604.0999755859375,1573.0,1579.800048828125,1565.1168212890625,2332380.0,0.0,0.0
2025-08-28,1594.0,1594.0,1568.699951171875,1580.300048828125,1565.6121826171875,1903230.0,0.0,0.0
2025-08-29,1578.5,1596.4000244140625,1567.800048828125,1589.4000244140625,1574.6275634765625,1342344.0,0.0,0.0
2025-09-01,1589.4000244140625,1598.0,1583.0,1587.199951171875,1572.447998046875,783524.0,0.0,0.0
2025-09-02,1587.0,1593.0,1563.300048828125,1569.199951171875,1554.615234375,1161872.0,0.0,0.0
2025-09-03,1570.0,1596.4000244140625,1569.0,1578.4000244140625,1563.7298583984375,1160380.0,0.0,0.0
2025-09-04,1599.0,1599.0,1573.699951171875,1577.800048828125,1563.135498046875,614470.0,0.0,0.0
2025-09-05,1577.800048828125,1585.5999755859375,1550.0,1553.4000244140625,1538.962158203125,701865.0,0.0,0.0
2025-09-08,1554.5,1564.9000244140625,1538.9000244140625,1541.199951171875,1526.87548828125,588546.0,0.0,0.0
2025-09-09,1541.199951171875,1555.199951171875,1533.0999755859375,1551.5999755859375,1537.1788330078125,788242.0,0.0,0.0
2025-09-10,1555.0,1571.0,1553.9000244140625,1563.800048828125,1549.265625,718311.0,0.0,0.0
2025-09-11,1563.5,1570.5,1554.0999755859375,1560.800048828125,1546.29345703125,732911.0,0.0,0.0
2025-09-12,1562.0999755859375,1578.300048828125,1562.0999755859375,1574.5999755859375,1559.965087890625,785508.0,0.0,0.0
2025-09-15,1568.0,1579.800048828125,1546.0999755859375,1548.300048828125,1533.90966796875,758979.0,0.0,0.0
2025-09-16,1556.0,1560.199951171875,1550.0,1559.0,1544.5101318359375,471395.0,0.0,0.0
2025-09-17,1556.0,1562.5,1549.0999755859375,1559.5999755859375,1545.1044921875,785651.0,0.0,0.0
2025-09-18,1560.0,1580.0,1556.4000244140625,1578.199951171875,1563.5316162109375,874860.0,0.0,0.0
2025-09-19,1581.0,1584.9000244140625,1557.5,1575.800048828125,1561.154052734375,1464121.0,0.0,0.0
2025-09-22,1575.0,1583.199951171875,1540.0,1542.199951171875,1527.8662109375,1257495.0,0.0,0.0
2025-09-23,1542.199951171875,1550.699951171875,1517.5,1527.0999755859375,1512.9066162109375,1487350.0,0.0,0.0
2025-09-24,1527.0,1542.5,1520.300048828125,1538.0,1523.705322265625,943785.0,0.0,0.0
2025-09-25,1538.0,1544.800048828125,1505.4000244140625,1509.699951171875,1495.6683349609375,2502680.0,0.0,0.0
2025-09-26,1495.5999755859375,1504.9000244140625,1475.199951171875,1499.4000244140625,1485.464111328125,2653841.0,0.0,0.0
2025-09-29,1506.9000244140625,1527.300048828125,1485.300048828125,1488.0,1474.1700439453125,1778220.0,0.0,0.0
2025-09-30,1488.0999755859375,1506.5999755859375,1488.0999755859375,1503.300048828125,1489.327880859375,1040806.0,0.0,0.0
2025-10-01,1505.0,1517.4000244140625,1498.4000244140625,1513.0,1498.9376220703125,1000285.0,0.0,0.0
2025-10-03,1522.0,1537.800048828125,1509.5,1517.699951171875,1503.593994140625,1070489.0,0.0,0.0
2025-10-06,1511.0,1520.0,1497.800048828125,1513.0999755859375,1499.0367431640625,772031.0,0.0,0.0
2025-10-07,1514.9000244140625,1522.0,1506.199951171875,1513.300048828125,1499.2349853515625,834623.0,0.0,0.0
2025-10-08,1512.0,1519.300048828125,1490.800048828125,1494.5999755859375,1480.7086181640625,1068066.0,0.0,0.0
2025-10-09,1510.0,1516.699951171875,1499.300048828125,1513.0999755859375,1499.0367431640625,878167.0,0.0,0.0
2025-10-10,1513.0,1569.0,1506.9000244140625,1561.800048828125,1547.2841796875,1495524.0,0.0,0.0
2025-10-13,1559.0,1566.9000244140625,1550.0999755859375,1563.5999755859375,1549.0673828125,671620.0,0.0,0.0
2025-10-14,1563.0,1566.0999755859375,1537.0999755859375,1552.300048828125,1537.8724365234375,1056222.0,0.0,0.0
2025-10-15,1550.0,1564.800048828125,1546.0,1558.699951171875,1544.212890625,1638237.0,0.0,0.0
2025-10-16,1559.0,1572.0,1555.0999755859375,1569.4000244140625,1554.8134765625,989785.0,0.0,0.0
2025-10-17,1565.300048828125,1582.0999755859375,1558.4000244140625,1577.5999755859375,1562.937255859375,1222051.0,0.0,0.0
2025-10-20,1590.0,1647.0,1577.9000244140625,1639.0999755859375,1623.8656005859375,3372906.0,0.0,0.0
2025-10-21,1646.699951171875,1669.0,1642.0999755859375,1663.5999755859375,1648.137939453125,709223.0,0.0,0.0
2025-10-23,1665.0,1673.0,1638.0999755859375,1645.0999755859375,1629.809814453125,2150725.0,0.0,0.0
2025-10-24,1625.0999755859375,1625.0999755859375,1581.0999755859375,1584.4000244140625,1569.674072265625,2941997.0,0.0,0.0
2025-10-27,1585.0,1593.800048828125,1575.199951171875,1584.0,1569.27783203125,1213749.0,0.0,0.0
2025-10-28,1585.800048828125,1589.9000244140625,1562.0999755859375,1568.0999755859375,1553.5255126953125,1489133.0,0.0,0.0
2025-10-29,1575.0,1588.0,1571.699951171875,1581.0999755859375,1566.4046630859375,898965.0,0.0,0.0
2025-10-30,1587.0,1593.300048828125,1504.0,1540.0999755859375,1525.7857666015625,4053965.0,0.0,0.0
2025-10-31,1510.0999755859375,1529.4000244140625,1500.0,1501.300048828125,1487.346435546875,3365093.0,0.0,0.0
2025-11-03,1502.9000244140625,1514.9000244140625,1490.300048828125,1511.5,1497.45166015625,1505905.0,0.0,0.0
2025-11-04,1511.5,1524.0,1498.0999755859375,1503.300048828125,1489.327880859375,1590643.0,0.0,0.0
2025-11-06,1510.800048828125,1512.9000244140625,1498.0,1501.5,1487.5445556640625,1596245.0,0.0,0.0
2025-11-07,1500.0,1510.0,1491.5999755859375,1505.699951171875,1491.7054443359375,1037508.0,0.0,0.0
2025-11-10,1510.0,1516.699951171875,1503.9000244140625,1511.5,1497.45166015625,1143959.0,0.0,0.0
2025-11-11,1511.300048828125,1517.5,1506.0999755859375,1514.9000244140625,1500.820068359375,850772.0,0.0,0.0
2025-11-12,1514.9000244140625,1528.0999755859375,1514.0999755859375,1519.300048828125,1505.17919921875,1179131.0,0.0,0.0
2025-11-13,1520.0,1534.9000244140625,1515.4000244140625,1525.800048828125,1511.6187744140625,1217362.0,0.0,0.0
2025-11-14,1526.9000244140625,1534.4000244140625,1522.0,1532.0999755859375,1517.860107421875,810970.0,0.0,0.0
2025-11-17,1537.5,1538.4000244140625,1526.5,1535.5999755859375,1521.32763671875,912322.0,0.0,0.0
2025-11-18,1530.0,1535.0,1512.0999755859375,1514.5,1500.4237060546875,747913.0,0.0,0.0
2025-11-19,1511.4000244140625,1529.5999755859375,1505.4000244140625,1526.800048828125,1512.6094970703125,1171078.0,0.0,0.0
2025-11-20,1526.9000244140625,1534.800048828125,1519.4000244140625,1529.199951171875,1514.987060546875,896750.0,0.0,0.0
2025-11-21,1521.0999755859375,1527.0,1507.699951171875,1511.800048828125,1497.7489013671875,1126820.0,0.0,0.0
2025-11-24,1515.0,1524.800048828125,1500.0,1504.0,1490.0213623046875,2801854.0,0.0,0.0
2025-11-25,1500.199951171875,1522.699951171875,1500.199951171875,1507.5,1493.48876953125,908386.0,0.0,0.0
2025-11-26,1505.0,1525.5,1505.0,1523.800048828125,1509.6373291015625,1087736.0,0.0,0.0
2025-11-27,1523.800048828125,1531.5,1520.0999755859375,1525.199951171875,1511.0242919921875,810411.0,0.0,0.0
2025-11-28,1525.199951171875,1535.800048828125,1520.5999755859375,1531.300048828125,1517.067626953125,991042.0,0.0,0.0
2025-12-01,1532.0,1536.300048828125,1517.5,1523.0999755859375,1508.9437255859375,1010599.0,0.0,0.0
2025-12-02,1520.0,1531.5,1513.199951171875,1516.5999755859375,1502.504150390625,1760512.0,0.0,0.0
2025-12-03,1516.699951171875,1522.800048828125,1495.0999755859375,1508.0,1493.984130859375,1034323.0,0.0,0.0
2025-12-04,1503.0999755859375,1525.699951171875,1503.0999755859375,1521.0,1506.86328125,726473.0,0.0,0.0
2025-12-05,1525.0,1528.0,1513.5999755859375,1520.800048828125,1506.665283203125,813485.0,0.0,0.0
2025-12-08,1515.0999755859375,1520.5,1494.300048828125,1497.5999755859375,1483.6807861328125,1263559.0,0.0,0.0
2025-12-09,1497.5999755859375,1502.4000244140625,1486.5,1490.5999755859375,1476.745849609375,1646840.0,0.0,0.0
2025-12-10,1492.0,1505.699951171875,1484.800048828125,1490.9000244140625,1477.0430908203125,1316274.0,0.0,0.0
2025-12-11,1492.0,1513.4000244140625,1492.0,1512.300048828125,1498.2442626953125,606130.0,0.0,0.0
2025-12-12,1520.0,1524.699951171875,1510.199951171875,1517.4000244140625,1503.2967529296875,1054050.0,0.0,0.0
2025-12-15,1505.0,1515.5,1498.0,1508.0,1493.984130859375,855508.0,0.0,0.0
2025-12-16,1500.0,1508.9000244140625,1496.0999755859375,1499.5999755859375,1485.6622314453125,789492.0,0.0,0.0
2025-12-17,1497.5999755859375,1505.300048828125,1491.0,1496.9000244140625,1482.9873046875,1000116.0,0.0,0.0
2025-12-18,1494.800048828125,1511.0,1493.699951171875,1498.9000244140625,1484.96875,974170.0,0.0,0.0
2025-12-19,1495.5,1520.0999755859375,1495.5,1517.0999755859375,1502.99951171875,769045.0,0.0,0.0
2025-12-22,1513.0,1522.5,1508.199951171875,1512.9000244140625,1498.838623046875,757496.0,0.0,0.0
2025-12-23,1520.4000244140625,1522.0,1498.300048828125,1500.699951171875,1486.751953125,826988.0,0.0,0.0
2025-12-24,1502.5,1508.0,1490.199951171875,1496.300048828125,1482.3929443359375,1022767.0,0.0,0.0
2025-12-26,1496.300048828125,1510.9000244140625,1494.0,1506.0,1492.002685546875,951555.0,0.0,0.0
2025-12-29,1506.0,1514.5,1492.0,1494.0,1480.1142578125,1077645.0,0.0,0.0
2025-12-30,1494.0,1498.699951171875,1475.9000244140625,1492.5,1478.628173828125,1993298.0,0.0,0.0
2025-12-31,1492.5,1513.5999755859375,1490.0999755859375,1511.300048828125,1497.2535400390625,883966.0,0.0,0.0
2026-01-01,1512.0,1512.0,1499.0,1500.9000244140625,1486.9501953125,228078.0,0.0,0.0
2026-01-02,1500.9000244140625,1517.800048828125,1498.5999755859375,1511.5999755859375,1497.5506591796875,964611.0,0.0,0.0
2026-01-05,1511.0,1525.0,1507.199951171875,1519.800048828125,1505.674560546875,1532549.0,0.0,0.0
2026-01-06,1519.800048828125,1539.699951171875,1519.800048828125,1530.800048828125,1516.572265625,1614326.0,0.0,0.0
2026-01-07,1516.0,1516.0,1455.0,1467.9000244140625,1454.2568359375,5076416.0,0.0,0.0
2026-01-08,1467.9000244140625,1469.300048828125,1458.0,1460.5999755859375,1447.024658203125,2651011.0,0.0,0.0
2026-01-09,1464.699951171875,1468.300048828125,1456.0999755859375,1465.699951171875,1452.0772705078125,1804271.0,0.0,0.0
2026-01-12,1464.0,1467.5,1444.199951171875,1465.199951171875,1451.5819091796875,2380033.0,0.0,0.0
2026-01-13,1460.0,1469.4000244140625,1436.5999755859375,1448.300048828125,1434.839111328125,1909873.0,0.0,0.0
2026-01-14,1443.800048828125,1449.800048828125,1425.699951171875,1434.5,1421.167236328125,1775529.0,0.0,0.0
2026-01-15,1434.5,1434.5,1434.5,1434.5,1421.167236328125,0.0,0.0,0.0
2026-01-16,1379.0,1409.5,1367.199951171875,1397.5,1384.51123046875,4333315.0,0.0,0.0
2026-01-19,1396.5,1398.0999755859375,1371.9000244140625,1392.300048828125,1379.3594970703125,1653550.0,0.0,0.0
2026-01-20,1392.300048828125,1395.9000244140625,1375.4000244140625,1378.4000244140625,1365.5887451171875,2040403.0,0.0,0.0
2026-01-21,1378.4000244140625,1398.4000244140625,1363.800048828125,1369.5999755859375,1356.8704833984375,2306655.0,0.0,0.0
2026-01-22,1381.199951171875,1384.5,1366.699951171875,1370.4000244140625,1357.6630859375,1536604.0,0.0,0.0
2026-01-23,1372.199951171875,1385.9000244140625,1303.0,1315.0,1302.7779541015625,6590032.0,0.0,0.0
2026-01-27,1300.0,1323.5,1281.699951171875,1313.0,1300.7965087890625,4109525.0,0.0,0.0
2026-01-28,1313.0,1334.699951171875,1310.0999755859375,1328.4000244140625,1316.053466796875,1535898.0,0.0,0.0
2026-01-29,1325.0,1327.5999755859375,1307.0,1320.9000244140625,1308.6231689453125,2099306.0,0.0,0.0
2026-01-30,1319.0,1329.9000244140625,1314.4000244140625,1324.0,1311.6943359375,2157826.0,0.0,0.0
2026-02-02,1330.0,1333.0,1293.0999755859375,1311.5999755859375,1299.4095458984375,1832963.0,0.0,0.0
2026-02-03,1365.0,1381.300048828125,1319.5999755859375,1322.800048828125,1310.5054931640625,2711571.0,0.0,0.0
2026-02-04,1322.800048828125,1335.0999755859375,1315.800048828125,1326.699951171875,1314.369140625,1590247.0,0.0,0.0
2026-02-05,1335.9000244140625,1335.9000244140625,1321.0,1333.300048828125,1320.907958984375,999810.0,0.0,0.0
2026-02-06,1328.0,1335.699951171875,1316.5,1330.0,1317.6385498046875,1457970.0,0.0,0.0
2026-02-09,1338.0,1352.0,1328.0,1342.5,1330.0223388671875,1936551.0,0.0,0.0
2026-02-10,1349.699951171875,1358.0,1337.0,1342.0999755859375,1329.6260986328125,1053439.0,0.0,0.0
2026-02-11,1342.0999755859375,1352.4000244140625,1335.0,1349.9000244140625,1337.3536376953125,830695.0,0.0,0.0
2026-02-12,1349.9000244140625,1350.0,1321.5999755859375,1330.0,1317.6385498046875,1613374.0,0.0,0.0
2026-02-13,1328.0,1336.0999755859375,1315.800048828125,1331.5,1319.1246337890625,1236946.0,0.0,0.0
2026-02-16,1331.0,1358.0,1327.5,1356.4000244140625,1343.793212890625,1616868.0,0.0,0.0
2026-02-17,1350.0,1356.0,1340.0999755859375,1343.9000244140625,1331.409423828125,1413727.0,0.0,0.0
2026-02-18,1350.800048828125,1352.9000244140625,1338.0999755859375,1349.800048828125,1337.2545166015625,1119159.0,0.0,0.0
2026-02-19,1349.800048828125,1357.0,1323.699951171875,1328.9000244140625,1316.548828125,587384.0,0.0,0.0
2026-02-20,1328.9000244140625,1342.9000244140625,1324.300048828125,1341.0999755859375,1328.6353759765625,1551722.0,0.0,0.0
2026-02-23,1335.9000244140625,1335.9000244140625,1308.800048828125,1326.5,1314.1710205078125,2435610.0,0.0,0.0
2026-02-24,1326.0,1338.5,1316.5,1326.699951171875,1314.369140625,2109672.0,0.0,0.0
2026-02-25,1326.699951171875,1349.0,1326.699951171875,1346.0999755859375,1333.5888671875,1018377.0,0.0,0.0
2026-02-26,1352.800048828125,1364.9000244140625,1343.300048828125,1358.0999755859375,1345.477294921875,2013877.0,0.0,0.0
2026-02-27,1353.0,1356.9000244140625,1338.5,1348.199951171875,1335.6693115234375,2609711.0,0.0,0.0
2026-03-02,1313.0,1354.5,1313.0,1351.5999755859375,1339.0377197265625,1899674.0,0.0,0.0
2026-03-04,1348.199951171875,1348.9000244140625,1311.0,1313.199951171875,1300.99462890625,1938762.0,0.0,0.0
2026-03-05,1314.9000244140625,1332.0999755859375,1314.9000244140625,1326.4000244140625,1314.072021484375,1184085.0,0.0,0.0
2026-03-06,1326.0999755859375,1332.699951171875,1315.0,1321.199951171875,1308.9202880859375,695774.0,0.0,0.0
2026-03-09,1309.0,1329.800048828125,1292.699951171875,1325.0,1312.68505859375,1674811.0,0.0,0.0
2026-03-10,1323.0,1340.300048828125,1317.5,1333.5,1321.10595703125,1050270.0,0.0,0.0
2026-03-11,1325.0,1338.0999755859375,1324.9000244140625,1329.5,1317.1431884765625,1268130.0,0.0,0.0
2026-03-12,1325.0999755859375,1341.699951171875,1319.0,1324.300048828125,1311.9915771484375,1405268.0,0.0,0.0
2026-03-13,1324.300048828125,1327.5,1301.0,1314.699951171875,1302.480712890625,1346347.0,0.0,0.0
2026-03-16,1314.699951171875,1327.9000244140625,1291.5999755859375,1300.0,1287.9173583984375,1496780.0,0.0,0.0
2026-03-17,1300.0,1302.5999755859375,1275.5999755859375,1281.9000244140625,1269.985595703125,2034284.0,0.0,0.0
2026-03-18,1282.0,1289.5,1264.5999755859375,1268.5,1256.7100830078125,2226496.0,0.0,0.0
2026-03-19,1253.9000244140625,1263.5,1235.4000244140625,1239.199951171875,1227.682373046875,1080395.0,0.0,0.0
2026-03-20,1250.0,1264.0,1248.0,1256.4000244140625,1244.72265625,1151621.0,0.0,0.0
2026-03-23,1252.0,1252.699951171875,1217.800048828125,1221.800048828125,1210.4442138671875,1295463.0,0.0,0.0
2026-03-24,1235.0,1240.0,1216.5999755859375,1219.4000244140625,1208.0665283203125,853054.0,0.0,0.0
2026-03-25,1222.699951171875,1252.9000244140625,1219.0,1244.4000244140625,1232.8341064453125,1466775.0,0.0,0.0
2026-03-27,1226.5,1249.199951171875,1226.5,1242.300048828125,1230.753662109375,2220695.0,0.0,0.0
2026-03-30,1231.199951171875,1235.0,1215.0,1224.199951171875,1212.82177734375,2089130.0,0.0,0.0
2026-04-01,1255.0,1257.0,1194.0,1195.9000244140625,1184.784912109375,2180444.0,0.0,0.0
2026-04-02,1190.0,1196.5999755859375,1165.699951171875,1192.4000244140625,1181.3175048828125,3128666.0,0.0,0.0
2026-04-06,1190.300048828125,1206.0,1170.0,1200.9000244140625,1189.7384033203125,2188849.0,0.0,0.0
2026-04-07,1195.0,1210.4000244140625,1185.4000244140625,1202.4000244140625,1191.2244873046875,2046737.0,0.0,0.0
2026-04-08,1220.0,1223.0,1204.5,1215.9000244140625,1204.5989990234375,2476674.0,0.0,0.0
2026-04-09,1215.199951171875,1231.199951171875,1213.0999755859375,1224.4000244140625,1213.02001953125,2545266.0,0.0,0.0
2026-04-10,1225.4000244140625,1239.0,1220.800048828125,1229.5,1218.0726318359375,2086385.0,0.0,0.0
2026-04-13,1222.300048828125,1222.300048828125,1203.199951171875,1211.0999755859375,1199.8436279296875,1611654.0,0.0,0.0
2026-04-15,1220.0,1228.699951171875,1216.0999755859375,1227.0,1215.5958251953125,1297882.0,0.0,0.0
2026-04-16,1231.0,1235.5,1222.800048828125,1230.5,1219.0633544921875,1778133.0,0.0,0.0
2026-04-17,1230.5,1244.5,1224.4000244140625,1240.800048828125,1229.2677001953125,2291092.0,0.0,0.0
2026-04-20,1245.0,1246.0,1226.0,1229.5,1218.0726318359375,1158618.0,0.0,0.0
2026-04-21,1228.5999755859375,1236.4000244140625,1223.300048828125,1232.5,1221.044677734375,1428292.0,0.0,0.0
2026-04-22,1226.0,1240.800048828125,1222.0,1236.300048828125,1224.8094482421875,1172238.0,0.0,0.0
2026-04-23,1234.0999755859375,1308.4000244140625,1227.5999755859375,1305.9000244140625,1293.7625732421875,5274028.0,0.0,0.0
2026-04-24,1295.0,1303.9000244140625,1254.0999755859375,1295.0,1282.9638671875,4427307.0,0.0,0.0
2026-04-27,1303.199951171875,1320.699951171875,1299.0,1317.199951171875,1304.95751953125,1721187.0,0.0,0.0
2026-04-28,1316.0,1326.0,1296.300048828125,1306.5,1294.35693359375,1501522.0,0.0,0.0
2026-04-29,1312.0,1322.0,1307.800048828125,1317.5999755859375,1305.353759765625,986556.0,0.0,0.0
2026-04-30,1317.9000244140625,1329.800048828125,1305.0,1309.5999755859375,1297.4281005859375,1370336.0,0.0,0.0
2026-05-01,1309.5999755859375,1309.5999755859375,1309.5999755859375,1309.5999755859375,1297.4281005859375,0.0,0.0,0.0
2026-05-04,1320.0,1337.4000244140625,1313.5999755859375,1335.0,1322.592041015625,1088765.0,0.0,0.0
2026-05-05,1339.0,1339.4000244140625,1316.4000244140625,1333.699951171875,1321.3040771484375,1051020.0,0.0,0.0
2026-05-06,1340.0,1372.0,1333.0999755859375,1364.4000244140625,1351.7188720703125,1854812.0,0.0,0.0
2026-05-07,1370.0,1379.5,1360.0999755859375,1362.300048828125,1349.638427734375,1248019.0,0.0,0.0
2026-05-08,1355.0,1366.699951171875,1341.300048828125,1347.0,1334.4805908203125,1044824.0,0.0,0.0
2026-05-11,1347.0,1350.0,1300.0999755859375,1304.9000244140625,1292.7718505859375,1428197.0,0.0,0.0
2026-05-12,1304.5999755859375,1309.0,1289.0,1292.300048828125,1280.2889404296875,1398439.0,0.0,0.0
2026-05-13,1279.0999755859375,1356.5999755859375,1274.699951171875,1327.5999755859375,1315.2608642578125,6015153.0,0.0,0.0
2026-05-14,1362.199951171875,1442.0,1362.199951171875,1436.699951171875,1423.3468017578125,9166941.0,0.0,0.0
2026-05-15,1436.699951171875,1444.5,1425.199951171875,1432.0999755859375,1418.78955078125,1138894.0,0.0,0.0
2026-05-18,1422.0,1442.0999755859375,1411.800048828125,1426.199951171875,1412.9443359375,2013605.0,0.0,0.0
2026-05-19,1420.0,1426.5999755859375,1408.699951171875,1409.800048828125,1396.6968994140625,1379218.0,0.0,0.0
2026-05-20,1392.300048828125,1422.0999755859375,1392.300048828125,1399.5,1386.4925537109375,1316586.0,0.0,0.0
2026-05-21,1406.5,1415.9000244140625,1397.699951171875,1401.9000244140625,1388.870361328125,1145360.0,0.0,0.0
2026-05-22,1409.0,1409.5999755859375,1392.0,1399.199951171875,1386.1953125,917323.0,0.0,0.0
2026-05-25,1406.0,1420.0,1398.5,1413.9000244140625,1400.7587890625,668915.0,0.0,0.0
2026-05-26,1413.9000244140625,1422.5999755859375,1409.5999755859375,1417.5,1404.3253173828125,1132793.0,0.0,0.0
2026-05-27,1417.5999755859375,1432.0,1416.0,1418.199951171875,1405.0186767578125,937447.0,0.0,0.0
2026-05-28,1418.199951171875,1418.199951171875,1418.199951171875,1418.199951171875,1405.0186767578125,0.0,0.0,0.0
2026-05-29,1411.0,1429.199951171875,1382.699951171875,1401.0,1387.9786376953125,9540984.0,0.0,0.0
2026-06-01,1410.0,1413.5999755859375,1386.0,1390.300048828125,1377.378173828125,714608.0,0.0,0.0
2026-06-02,1380.0,1384.9000244140625,1358.199951171875,1379.300048828125,1366.4803466796875,2290839.0,0.0,0.0
2026-06-03,1375.0,1384.9000244140625,1365.300048828125,1375.199951171875,1362.4183349609375,1520395.0,0.0,0.0
2026-06-04,1365.0,1404.9000244140625,1354.0,1398.699951171875,1385.699951171875,1548692.0,0.0,0.0
2026-06-05,1394.0,1406.0999755859375,1382.0,1401.300048828125,1401.300048828125,1050391.0,13.0,0.0
2026-06-08,1397.0,1405.0,1383.0,1387.9000244140625,1387.9000244140625,669481.0,0.0,0.0
2026-06-09,1383.0999755859375,1398.800048828125,1373.5999755859375,1376.5,1376.5,1419845.0,0.0,0.0
2026-06-10,1374.0,1391.4000244140625,1371.0999755859375,1377.0,1377.0,962642.0,0.0,0.0
2026-06-11,1376.0999755859375,1391.0,1373.9000244140625,1383.300048828125,1383.300048828125,654474.0,0.0,0.0
2026-06-12,1393.9000244140625,1396.0999755859375,1382.199951171875,1389.4000244140625,1389.4000244140625,805612.0,0.0,0.0
2026-06-15,1396.699951171875,1397.9000244140625,1374.5,1381.300048828125,1381.300048828125,1687655.0,0.0,0.0
2026-06-16,1382.5999755859375,1392.300048828125,1366.0,1373.199951171875,1373.199951171875,613961.0,0.0,0.0
2026-06-17,1380.0,1381.699951171875,1341.0999755859375,1350.800048828125,1350.800048828125,2014168.0,0.0,0.0
2026-06-18,1353.199951171875,1365.0,1348.699951171875,1355.5,1355.5,908719.0,0.0,0.0
2026-06-19,1355.0,1362.300048828125,1346.5999755859375,1351.800048828125,1351.800048828125,1476650.0,0.0,0.0
2026-06-22,1372.0,1418.199951171875,1370.5999755859375,1415.699951171875,1415.699951171875,3368853.0,0.0,0.0
2026-06-23,1422.800048828125,1461.0,1418.800048828125,1433.0999755859375,1433.0999755859375,4958067.0,0.0,0.0
2026-06-24,1445.699951171875,1451.9000244140625,1425.699951171875,1437.9000244140625,1437.9000244140625,2145293.0,0.0,0.0
2026-06-25,1448.0,1453.0,1431.0,1440.0999755859375,1440.0999755859375,1217683.0,0.0,0.0
2026-06-26,1440.0999755859375,1440.0999755859375,1440.0999755859375,1440.0999755859375,1440.0999755859375,0.0,0.0,0.0
2026-06-29,1443.699951171875,1490.0999755859375,1441.5,1454.0999755859375,1454.0999755859375,4162869.0,0.0,0.0
2026-06-30,1455.699951171875,1480.800048828125,1448.699951171875,1465.4000244140625,1465.4000244140625,2818077.0,0.0,0.0
2026-07-01,1468.0,1472.0999755859375,1446.0,1456.699951171875,1456.699951171875,753439.0,0.0,0.0
2026-07-02,1465.4000244140625,1468.199951171875,1452.699951171875,1456.0,1456.0,731416.0,0.0,0.0
2026-07-03,1452.0,1471.0,1452.0,1458.199951171875,1458.199951171875,1261674.0,0.0,0.0
2026-07-06,1458.199951171875,1474.699951171875,1453.4000244140625,1472.300048828125,1472.300048828125,769917.0,0.0,0.0
2026-07-07,1472.300048828125,1482.0,1449.199951171875,1451.800048828125,1451.800048828125,1164880.0,0.0,0.0
2026-07-08,1453.300048828125,1471.9000244140625,1428.9000244140625,1431.800048828125,1431.800048828125,1163676.0,0.0,0.0
2026-07-09,1430.0,1454.800048828125,1426.4000244140625,1441.300048828125,1441.300048828125,947375.0,0.0,0.0
2026-07-10,1441.300048828125,1454.5,1435.0,1439.4000244140625,1439.4000244140625,745842.0,0.0,0.0
2026-07-13,1439.4000244140625,1443.0,1420.0,1426.699951171875,1426.699951171875,844670.0,0.0,0.0
2026-07-14,1426.699951171875,1454.5,1425.300048828125,1438.0999755859375,1438.0999755859375,1221695.0,0.0,0.0
2026-07-15,1447.0,1453.0,1433.0,1438.0,1438.0,924453.0,0.0,0.0
2026-07-16,1439.9000244140625,1444.0,1426.5999755859375,1429.5,1429.5,568731.0,0.0,0.0
2026-07-17,1429.5,1434.0,1404.0,1418.699951171875,1418.699951171875,607055.0,0.0,0.0
2026-07-20,1425.699951171875,1466.5999755859375,1419.5,1441.5999755859375,1441.5999755859375,1494196.0,0.0,0.0
2026-07-21,1442.0999755859375,1443.9000244140625,1414.0,1432.5,1432.5,1341452.0,0.0,0.0
2026-07-22,1423.0,1423.0,1395.699951171875,1415.0999755859375,1415.0999755859375,1722239.0,0.0,0.0
2026-07-23,1409.0999755859375,1426.9000244140625,1366.0999755859375,1393.0,1393.0,4248433.0,0.0,0.0
2026-07-24,1390.0999755859375,1444.800048828125,1390.0999755859375,1410.5999755859375,1410.5999755859375,2917791.0,0.0,0.0
2026-07-27,1412.5999755859375,1418.0999755859375,1392.800048828125,1409.4000244140625,1409.4000244140625,1162030.0,0.0,0.0
2026-07-28,1426.699951171875,1447.800048828125,1426.699951171875,1444.5999755859375,1444.5999755859375,1621735.0,0.0,0.0
2026-07-29,1451.0,1491.199951171875,1442.0,1474.300048828125,1474.300048828125,2192262.0,0.0,0.0
2026-07-30,1478.800048828125,1483.800048828125,1464.0999755859375,1466.4000244140625,1466.4000244140625,833068.0,0.0,0.0
2026-07-31,1473.4000244140625,1478.800048828125,1462.300048828125,1473.199951171875,1473.199951171875,1223370.0,0.0,0.0
2026-08-03,1475.0,1480.5999755859375,1454.300048828125,1474.4000244140625,1474.4000244140625,811745.0,0.0,0.0
2026-08-04,1469.5999755859375,1469.5999755859375,1449.300048828125,1460.0,1460.0,947279.0,0.0,0.0
2026-08-05,1460.0,1463.0,1443.5,1458.800048828125,1458.800048828125,973585.0,0.0,0.0
2026-08-06,1461.0,1488.0999755859375,1461.0,1477.0,1477.0,1462279.0,0.0,0.0
2026-08-07,1477.0,1477.0,1462.0999755859375,1463.800048828125,1463.800048828125,765193.0,0.0,0.0
2026-08-10,1463.800048828125,1483.699951171875,1462.0,1467.699951171875,1467.699951171875,662981.0,0.0,0.0
2026-08-11,1466.0999755859375,1469.800048828125,1457.199951171875,1463.0,1463.0,958909.0,0.0,0.0
2026-08-12,1460.0,1468.800048828125,1456.0999755859375,1463.0,1463.0,621021.0,0.0,0.0
2026-08-13,1458.0999755859375,1464.4000244140625,1456.199951171875,1458.800048828125,1458.800048828125,440742.0,0.0,0.0
2026-08-14,1457.5,1474.300048828125,1449.199951171875,1450.0,1450.0,784917.0,0.0,0.0
2026-08-17,1445.4000244140625,1449.0,1423.699951171875,1431.5,1431.5,756514.0,0.0,0.0
2026-08-18,1431.5,1437.5999755859375,1428.4000244140625,1431.0999755859375,1431.0999755859375,589396.0,0.0,0.0
2026-08-19,1429.0,1435.0999755859375,1415.4000244140625,1422.0,1422.0,433654.0,0.0,0.0
2026-08-20,1430.0,1439.4000244140625,1427.5,1438.0,1438.0,327752.0,0.0,0.0
2026-08-21,1433.4000244140625,1443.5999755859375,1408.5999755859375,1432.199951171875,1432.199951171875,728275.0,0.0,0.0
2026-08-24,1428.0,1442.300048828125,1410.300048828125,1437.9000244140625,1437.9000244140625,1220646.0,0.0,0.0
2026-08-25,1435.9000244140625,1435.9000244140625,1411.0999755859375,1422.0,1422.0,799235.0,0.0,0.0
2026-08-26,1413.5,1419.4000244140625,1401.0999755859375,1402.699951171875,1402.699951171875,915493.0,0.0,0.0
2026-08-27,1405.0,1420.0,1402.0999755859375,1420.0,1420.0,533212.0,0.0,0.0
2026-08-28,1420.0,1423.9000244140625,1409.0999755859375,1423.5,1423.5,377976.0,0.0,0.0
2026-08-31,1418.0,1426.0999755859375,1409.199951171875,1409.199951171875,1409.199951171875,977929.0,0.0,0.0
2026-09-01,1420.9000244140625,1425.699951171875,1406.5,1423.0,1423.0,880100.0,0.0,0.0
2026-09-02,1414.0,1417.0,1401.199951171875,1412.800048828125,1412.800048828125,578260.0,0.0,0.0
2026-09-03,1414.0,1415.4000244140625,1389.4000244140625,1394.699951171875,1394.699951171875,549749.0,0.0,0.0
2026-09-04,1397.699951171875,1399.0999755859375,1375.5,1385.0,1385.0,1326180.0,0.0,0.0
2026-09-07,1380.0,1395.7,1376.8,1395.0,,606497.0,,
2026-09-08,1393.4000244140625,1398.4000244140625,1377.199951171875,1384.0,1384.0,728795.0,0.0,0.0
2026-09-09,1380.0,1388.699951171875,1363.0999755859375,1363.0999755859375,1363.0999755859375,818773.0,0.0,0.0
2026-09-10,1366.800048828125,1380.0,1363.0999755859375,1373.300048828125,1373.300048828125,826221.0,0.0,0.0
