date,open,high,low,close,adj_close,volume,dividends,stock_splits
2021-01-29,869.2525024414062,873.3925170898438,848.0650024414062,853.0,802.6161499023438,2257760,0.0,0.0
2021-02-01,860.0,863.7849731445312,850.0,854.385009765625,803.9193725585938,1688120,0.0,0.0
2021-02-02,857.5025024414062,867.5,852.7249755859375,859.5150146484375,808.7462768554688,2605960,0.0,0.0
2021-02-03,860.0025024414062,864.4500122070312,852.5499877929688,858.3200073242188,807.6218872070312,2246500,0.0,0.0
2021-02-04,859.9949951171875,861.3474731445312,852.6224975585938,853.7000122070312,803.27490234375,1842000,0.0,0.0
2021-02-05,856.552490234375,858.3599853515625,850.1500244140625,855.7874755859375,805.239013671875,1961940,0.0,0.0
2021-02-08,859.0,864.2449951171875,855.0574951171875,860.9099731445312,810.0589599609375,2432140,0.0,0.0
2021-02-09,860.5499877929688,875.5,857.5,865.947509765625,814.798828125,2420240,0.0,0.0
2021-02-10,867.010009765625,871.8400268554688,854.3250122070312,858.8674926757812,808.1370849609375,2331520,0.0,0.0
2021-02-11,859.4949951171875,872.3724975585938,857.5,870.6124877929688,819.1884155273438,1307320,0.0,0.0
2021-02-12,870.5050048828125,875.9500122070312,862.0,864.7150268554688,813.6392211914062,1090560,0.0,0.0
2021-02-15,867.4500122070312,875.3375244140625,862.9025268554688,873.9924926757812,822.3687133789062,2202380,0.0,0.0
2021-02-16,877.75,882.2999877929688,856.9550170898438,860.8624877929688,810.01416015625,4595480,0.0,0.0
2021-02-17,845.0,845.0,817.5,837.0599975585938,787.61767578125,11986860,0.0,0.0
2021-02-18,837.7999877929688,845.0,815.0,818.2349853515625,769.9046630859375,5021320,0.0,0.0
2021-02-19,821.5,823.2349853515625,810.6475219726562,818.8200073242188,770.4551391601562,2605500,0.0,0.0
2021-02-22,820.552490234375,826.5,801.22998046875,804.8150024414062,757.2771606445312,4298300,0.0,0.0
2021-02-23,806.5499877929688,812.75,800.10498046875,808.4974975585938,760.7421875,2859960,0.0,0.0
2021-02-24,814.1500244140625,818.9000244140625,805.0,817.3074951171875,769.0318603515625,1686840,0.0,0.0
2021-02-25,815.2999877929688,818.6649780273438,805.0,805.6950073242188,758.1051635742188,3714260,0.0,0.0
2021-02-26,802.5250244140625,814.219970703125,800.1950073242188,805.0800170898438,757.5267333984375,4537460,0.0,0.0
2021-03-01,811.7999877929688,818.3800048828125,805.0,814.6224975585938,766.505615234375,1814360,0.0,0.0
2021-03-02,815.0999755859375,831.0,814.4874877929688,828.8074951171875,779.8526000976562,2461940,0.0,0.0
2021-03-03,835.25,836.0,827.33251953125,834.9625244140625,785.6441040039062,1857460,0.0,0.0
2021-03-04,832.8275146484375,835.3975219726562,822.25,833.0900268554688,783.8822021484375,2599620,0.0,0.0
2021-03-05,825.7999877929688,842.0,822.7999877929688,839.14501953125,789.5794677734375,2054820,0.0,0.0
2021-03-08,836.2525024414062,845.0,830.3499755859375,842.6224975585938,792.8517456054688,1836840,0.0,0.0
2021-03-09,845.510009765625,847.4974975585938,833.0,845.5399780273438,795.5968017578125,1854340,0.0,0.0
2021-03-10,847.4849853515625,850.0,839.25,846.572509765625,796.5682373046875,1275760,0.0,0.0
2021-03-12,848.8499755859375,850.4924926757812,832.5,836.1224975585938,786.7355346679688,1698280,0.0,0.0
2021-03-15,843.9924926757812,843.9924926757812,831.5,841.6525268554688,791.9389038085938,1379660,0.0,0.0
2021-03-16,841.75,851.0,834.75,837.0974731445312,787.6529541015625,1689400,0.0,0.0
2021-03-17,839.5,839.5,817.0025024414062,822.7874755859375,774.1882934570312,3143460,0.0,0.0
2021-03-18,823.39501953125,831.2474975585938,809.0,810.0625,762.2147827148438,1927300,0.0,0.0
2021-03-19,810.0,829.75,803.5,822.54248046875,773.95751953125,3988320,0.0,0.0
2021-03-22,822.5499877929688,833.75,817.5499877929688,829.4025268554688,780.41259765625,2175720,0.0,0.0
2021-03-23,828.75,837.5,825.3200073242188,834.0675048828125,784.8018798828125,2007160,0.0,0.0
2021-03-24,830.0,838.489990234375,820.9625244140625,822.405029296875,773.8283081054688,1511100,0.0,0.0
2021-03-25,821.25,829.2249755859375,805.7999877929688,808.5050048828125,760.7493896484375,2174080,0.0,0.0
2021-03-26,814.9500122070312,830.9224853515625,812.7000122070312,828.5875244140625,779.6456909179688,2531560,0.0,0.0
2021-03-30,830.5,862.677490234375,830.5,858.25,807.55615234375,2978040,0.0,0.0
2021-03-31,864.9500122070312,864.9500122070312,847.5775146484375,858.260009765625,807.5655517578125,2206620,0.0,0.0
2021-04-01,858.260009765625,859.427490234375,848.3800048828125,854.157470703125,803.7052612304688,1663520,0.0,0.0
2021-04-05,857.5,857.5,836.1950073242188,844.0275268554688,794.1736450195312,1631140,0.0,0.0
2021-04-06,845.5,856.0,840.0,854.0850219726562,803.6370239257812,1283860,0.0,0.0
2021-04-07,855.0,893.2974853515625,851.25,870.4924926757812,819.075439453125,3569300,0.0,0.0
2021-04-08,871.2525024414062,887.9500122070312,866.342529296875,884.4949951171875,832.2508544921875,2360120,0.0,0.0
2021-04-09,880.5549926757812,892.4500122070312,875.0,879.6199951171875,827.6638793945312,1478880,0.0,0.0
2021-04-12,868.7575073242188,881.0,867.0549926757812,875.0850219726562,823.396728515625,1150640,0.0,0.0
2021-04-13,879.3499755859375,879.9974975585938,852.0050048828125,858.4425048828125,807.7371826171875,2210540,0.0,0.0
2021-04-15,866.25,870.0,838.75,843.782470703125,793.9430541992188,2366280,0.0,0.0
2021-04-16,848.4500122070312,866.75,843.1400146484375,862.60498046875,811.6537475585938,1883800,0.0,0.0
2021-04-19,860.052490234375,862.0,847.5,854.4974975585938,804.0252075195312,1018760,0.0,0.0
2021-04-20,871.0,871.0,844.5025024414062,854.782470703125,804.2933349609375,2073740,0.0,0.0
2021-04-22,859.5,859.5,827.5625,839.5225219726562,789.9347534179688,4088620,0.0,0.0
2021-04-23,839.25,839.9650268554688,830.25,831.2849731445312,782.1837768554688,1372000,0.0,0.0
2021-04-26,839.9525146484375,844.75,833.1824951171875,843.530029296875,793.7056884765625,3047240,0.0,0.0
2021-04-27,844.9500122070312,846.5,837.5,838.9500122070312,789.3960571289062,893020,0.0,0.0
2021-04-28,838.75,841.5549926757812,830.5499877929688,831.6900024414062,782.5648193359375,1737520,0.0,0.0
2021-04-29,833.9500122070312,835.72998046875,824.0,825.1275024414062,780.6137084960938,1604140,4.5,0.0
2021-04-30,825.0,828.4600219726562,812.75,815.4625244140625,771.4700927734375,1955660,0.0,0.0
2021-05-03,818.0,828.7474975585938,813.6325073242188,825.3375244140625,780.8123779296875,1280960,0.0,0.0
2021-05-04,825.5125122070312,831.0,819.0,827.3300170898438,782.697265625,2115920,0.0,0.0
2021-05-05,828.052490234375,830.5,822.8724975585938,827.4625244140625,782.82275390625,706440,0.0,0.0
2021-05-06,826.2525024414062,838.489990234375,826.2525024414062,835.8800048828125,790.7861328125,1406380,0.0,0.0
2021-05-07,839.427490234375,839.905029296875,833.25,838.0675048828125,792.8555297851562,753320,0.0,0.0
2021-05-10,841.5,842.5,833.5,839.364990234375,794.0830688476562,953160,0.0,0.0
2021-05-11,837.4500122070312,847.4500122070312,835.5175170898438,843.5050048828125,797.9998168945312,1201260,0.0,0.0
2021-05-12,838.5125122070312,842.8699951171875,831.0,835.89501953125,790.8002319335938,1211520,0.0,0.0
2021-05-14,835.8499755859375,863.0,830.25,861.20751953125,814.7471923828125,1931640,0.0,0.0
2021-05-17,861.0,865.0,850.030029296875,851.8975219726562,805.939453125,1214060,0.0,0.0
2021-05-18,856.010009765625,862.447509765625,852.0999755859375,859.030029296875,812.6871948242188,1108780,0.0,0.0
2021-05-19,859.3499755859375,873.25,859.3499755859375,872.467529296875,825.3997802734375,1768740,0.0,0.0
2021-05-20,873.0,874.9824829101562,861.0999755859375,864.2675170898438,817.6422119140625,985060,0.0,0.0
2021-05-21,869.2675170898438,877.5,864.0125122070312,874.85498046875,827.6583862304688,1345200,0.0,0.0
2021-05-24,870.0025024414062,879.4025268554688,865.0374755859375,868.0150146484375,821.1874389648438,1144120,0.0,0.0
2021-05-25,874.8499755859375,887.9400024414062,871.1024780273438,875.8049926757812,828.5572509765625,1439040,0.0,0.0
2021-05-26,875.8049926757812,880.8674926757812,868.4000244140625,877.0650024414062,829.7492065429688,916060,0.0,0.0
2021-05-27,877.5,895.0,871.7650146484375,887.3350219726562,839.4652099609375,2393260,0.0,0.0
2021-05-28,888.5,890.717529296875,875.0,875.469970703125,828.2402954101562,1063240,0.0,0.0
2021-05-31,875.4500122070312,887.2625122070312,870.7625122070312,884.7775268554688,837.045654296875,1140460,0.0,0.0
2021-06-01,879.9500122070312,890.5,873.95751953125,887.9249877929688,840.0232543945312,1155020,0.0,0.0
2021-06-02,875.8099975585938,890.6599731445312,875.5050048828125,882.6749877929688,835.0565185546875,1485240,0.0,0.0
2021-06-03,882.5,892.7474975585938,878.0,889.969970703125,841.9580078125,1007980,0.0,0.0
2021-06-04,884.552490234375,885.3200073242188,869.0,871.3400268554688,824.3330688476562,4036440,0.0,0.0
2021-06-07,873.7274780273438,879.5,867.6749877929688,876.6275024414062,829.3352661132812,988720,0.0,0.0
2021-06-08,876.5025024414062,880.6475219726562,870.1699829101562,874.1300048828125,826.97265625,948940,0.0,0.0
2021-06-09,873.0,881.280029296875,872.0,877.8574829101562,830.4989624023438,837560,0.0,0.0
2021-06-10,876.25,883.75,874.5,877.8049926757812,830.4493408203125,841060,0.0,0.0
2021-06-11,880.4500122070312,880.4500122070312,868.25,876.8200073242188,829.5174560546875,979940,0.0,0.0
2021-06-14,873.0700073242188,881.5,870.8800048828125,878.875,831.4614868164062,730460,0.0,0.0
2021-06-15,882.2999877929688,885.5,875.5499877929688,884.239990234375,836.537109375,943920,0.0,0.0
2021-06-16,882.510009765625,903.4249877929688,880.6525268554688,898.260009765625,849.80078125,2339240,0.0,0.0
2021-06-17,895.75,909.4650268554688,895.0,902.9525146484375,854.240234375,1515740,0.0,0.0
2021-06-18,902.9500122070312,904.947509765625,880.0,883.532470703125,835.8678588867188,2953400,0.0,0.0
2021-06-21,881.5700073242188,885.5025024414062,875.6500244140625,882.45751953125,834.850830078125,803600,0.0,0.0
2021-06-22,883.5,887.3975219726562,870.5,871.8275146484375,824.7942504882812,1410640,0.0,0.0
2021-06-23,874.9974975585938,878.0,868.5,870.739990234375,823.7654418945312,741680,0.0,0.0
2021-06-24,870.7525024414062,883.5,866.1199951171875,880.9874877929688,833.4600830078125,1300900,0.0,0.0
2021-06-25,878.5125122070312,882.5,871.75,875.3350219726562,828.1127319335938,780000,0.0,0.0
2021-06-28,875.3524780273438,881.0,872.6749877929688,875.3074951171875,828.0865478515625,809000,0.0,0.0
2021-06-29,879.5,887.5,874.4824829101562,879.9625244140625,832.490478515625,1421920,0.0,0.0
2021-06-30,882.0,887.25,878.75,881.6500244140625,834.0869140625,1031340,0.0,0.0
2021-07-01,881.5,886.25,878.4749755859375,882.3099975585938,834.7113647460938,534000,0.0,0.0
2021-07-02,883.9500122070312,884.0,874.2999877929688,880.0999755859375,832.620361328125,614460,0.0,0.0
2021-07-05,880.2550048828125,885.5999755859375,876.1649780273438,882.0675048828125,834.4818115234375,686440,0.0,0.0
2021-07-06,881.7775268554688,881.8925170898438,870.8499755859375,873.5050048828125,826.3812866210938,1251020,0.0,0.0
2021-07-07,870.0,890.0,868.0125122070312,885.8474731445312,838.0579223632812,1090380,0.0,0.0
2021-07-08,880.7999877929688,884.9924926757812,876.905029296875,880.9450073242188,833.4200439453125,597360,0.0,0.0
2021-07-09,877.7525024414062,884.0,877.5,881.7999877929688,834.228759765625,538820,0.0,0.0
2021-07-12,887.7650146484375,887.7675170898438,878.5800170898438,882.0700073242188,834.4843139648438,666020,0.0,0.0
2021-07-13,886.5,886.6500244140625,880.0549926757812,884.594970703125,836.8729858398438,500080,0.0,0.0
2021-07-14,884.594970703125,884.594970703125,876.0,876.9849853515625,829.6734619140625,1017220,0.0,0.0
2021-07-15,876.25,882.8900146484375,872.5,881.092529296875,833.5594482421875,556780,0.0,0.0
2021-07-16,882.75,885.75,876.8975219726562,882.7100219726562,835.0897216796875,733700,0.0,0.0
2021-07-19,877.5,892.25,877.5,887.6224975585938,839.7372436523438,1028040,0.0,0.0
2021-07-20,887.4974975585938,895.3499755859375,885.0499877929688,892.8049926757812,844.6400756835938,891880,0.0,0.0
2021-07-22,892.8049926757812,902.322509765625,885.0,899.739990234375,851.2009887695312,2266340,0.0,0.0
2021-07-23,896.5175170898438,911.2000122070312,894.1124877929688,907.197509765625,858.2561645507812,1504620,0.0,0.0
2021-07-26,903.592529296875,909.3875122070312,900.5399780273438,905.0675048828125,856.2410278320312,1069900,0.0,0.0
2021-07-27,900.5999755859375,922.4500122070312,898.625,911.3049926757812,862.1421508789062,2783140,0.0,0.0
2021-07-28,916.7000122070312,916.7000122070312,895.0499877929688,901.1275024414062,852.5136108398438,1752740,0.0,0.0
2021-07-29,897.5,910.0,889.0,895.7374877929688,847.4143676757812,2710720,0.0,0.0
2021-07-30,895.7374877929688,897.7974853515625,882.7525024414062,885.1325073242188,837.3815307617188,1667400,0.0,0.0
2021-08-02,889.7899780273438,895.0399780273438,883.75,885.7324829101562,837.9491577148438,639480,0.0,0.0
2021-08-03,883.510009765625,919.0,882.7000122070312,914.2050170898438,864.8856201171875,1262560,0.0,0.0
2021-08-04,914.7050170898438,917.4974975585938,900.85498046875,902.8674926757812,854.1597290039062,816440,0.0,0.0
2021-08-05,907.5,914.2050170898438,900.0999755859375,910.4375,861.3213500976562,759280,0.0,0.0
2021-08-06,910.0,910.4000244140625,899.0,901.032470703125,852.4236450195312,767480,0.0,0.0
2021-08-09,903.5,911.75,901.032470703125,910.114990234375,861.0162353515625,612720,0.0,0.0
2021-08-10,910.5,918.5349731445312,904.2550048828125,913.6649780273438,864.3748168945312,1229340,0.0,0.0
2021-08-11,915.75,915.75,901.2675170898438,908.3900146484375,859.3843383789062,699700,0.0,0.0
2021-08-12,909.0399780273438,912.3975219726562,904.0,906.6925048828125,857.778564453125,489880,0.0,0.0
2021-08-13,909.9849853515625,914.5025024414062,906.5850219726562,913.4774780273438,864.1973266601562,822460,0.0,0.0
2021-08-16,913.4774780273438,924.9500122070312,908.8574829101562,914.7625122070312,865.4130249023438,899420,0.0,0.0
2021-08-17,917.5,939.8724975585938,915.0700073242188,936.6275024414062,886.0984497070312,1504020,0.0,0.0
2021-08-18,937.5499877929688,948.4500122070312,937.5025024414062,945.5499877929688,894.5394897460938,799760,0.0,0.0
2021-08-20,927.7625122070312,982.0549926757812,927.7625122070312,978.5625,925.7711791992188,2862140,0.0,0.0
2021-08-23,985.0,1004.75,977.8825073242188,1001.052490234375,947.0479125976562,2974840,0.0,0.0
2021-08-24,1005.0,1009.9500122070312,983.25,988.9924926757812,935.638427734375,1661680,0.0,0.0
2021-08-25,989.2999877929688,1016.25,989.2999877929688,995.4924926757812,941.7879028320312,2003180,0.0,0.0
2021-08-26,998.7474975585938,1005.9849853515625,990.2775268554688,1002.635009765625,948.5449829101562,1264080,0.0,0.0
2021-08-27,1005.0,1005.0,994.7999877929688,997.8674926757812,944.0346069335938,702080,0.0,0.0
2021-08-30,1002.5,1006.125,984.2125244140625,987.1124877929688,933.8598022460938,2679160,0.0,0.0
2021-08-31,987.25,991.9974975585938,967.5,973.3875122070312,920.8753051757812,4547400,0.0,0.0
2021-09-01,987.3400268554688,994.5,977.60498046875,991.342529296875,937.86181640625,2096860,0.0,0.0
2021-09-02,993.7000122070312,1014.5,988.0499877929688,1012.030029296875,957.43310546875,1571540,0.0,0.0
2021-09-03,1012.5,1017.1500244140625,1005.052490234375,1013.33251953125,958.6654052734375,939560,0.0,0.0
2021-09-06,1013.0075073242188,1017.4000244140625,1008.0,1011.1599731445312,956.6099853515625,681380,0.0,0.0
2021-09-07,1008.3074951171875,1019.635009765625,1008.3074951171875,1018.4224853515625,963.480712890625,683060,0.0,0.0
2021-09-08,1015.0,1026.5,989.25,991.97998046875,938.4647216796875,3447460,0.0,0.0
2021-09-09,995.5,1026.25,992.02001953125,1022.8599853515625,967.6788330078125,2207220,0.0,0.0
2021-09-13,1015.0,1025.0,1011.5,1022.6124877929688,967.4447631835938,750060,0.0,0.0
2021-09-14,1022.5,1030.45751953125,1009.0,1011.5225219726562,956.9530029296875,1183700,0.0,0.0
2021-09-15,1018.4924926757812,1018.5,1004.39501953125,1005.9600219726562,951.6905517578125,752120,0.0,0.0
2021-09-16,1005.302490234375,1012.0850219726562,998.5,1001.3925170898438,947.3695068359375,1025300,0.0,0.0
2021-09-17,1007.75,1014.9500122070312,1005.0025024414062,1008.7849731445312,954.3631591796875,1902580,0.0,0.0
2021-09-20,1006.25,1019.2999877929688,1005.0499877929688,1016.1300048828125,961.3119506835938,1830260,0.0,0.0
2021-09-21,1010.0,1016.5,1000.1074829101562,1009.4774780273438,955.0182495117188,2168220,0.0,0.0
2021-09-22,1008.6925048828125,1008.6925048828125,990.5050048828125,996.260009765625,942.513916015625,2150460,0.0,0.0
2021-09-23,1000.0,1006.0499877929688,991.0,991.9500122070312,938.4364013671875,1074480,0.0,0.0
2021-09-24,996.3499755859375,999.0,990.0,993.2125244140625,939.630859375,837880,0.0,0.0
2021-09-27,995.0,995.0,980.0549926757812,982.1099853515625,929.127197265625,919480,0.0,0.0
2021-09-28,984.5,985.9324951171875,972.9525146484375,977.2374877929688,924.5176391601562,1153720,0.0,0.0
2021-09-29,977.2374877929688,985.0,971.08251953125,975.3375244140625,922.7201538085938,925900,0.0,0.0
2021-09-30,973.9149780273438,979.4974975585938,965.8074951171875,972.2775268554688,919.8252563476562,887460,0.0,0.0
2021-10-01,972.25,982.2474975585938,962.6024780273438,977.4974975585938,924.7636108398438,797380,0.0,0.0
2021-10-04,977.4974975585938,982.5,968.1024780273438,974.6475219726562,922.0673828125,655920,0.0,0.0
2021-10-05,975.0,979.3524780273438,967.2424926757812,969.7775268554688,917.4601440429688,546560,0.0,0.0
2021-10-06,972.2449951171875,981.2125244140625,953.9000244140625,957.8574829101562,906.1830444335938,1452160,0.0,0.0
2021-10-07,960.0399780273438,965.2100219726562,947.7675170898438,952.282470703125,900.9088745117188,953900,0.0,0.0
2021-10-08,952.75,958.9974975585938,946.8775024414062,949.322509765625,898.108642578125,1744920,0.0,0.0
2021-10-11,951.0499877929688,959.7750244140625,950.1325073242188,954.2324829101562,902.7537231445312,776040,0.0,0.0
2021-10-12,953.4450073242188,972.5,948.5025024414062,970.7849731445312,918.4131469726562,1444980,0.0,0.0
2021-10-13,975.0,980.2525024414062,961.302490234375,966.032470703125,913.9170532226562,1078500,0.0,0.0
2021-10-14,969.7000122070312,971.4375,961.25,966.27001953125,914.1417236328125,843800,0.0,0.0
2021-10-18,980.0,980.0,961.0,971.9224853515625,919.4892578125,1126060,0.0,0.0
2021-10-19,973.75,986.6024780273438,964.2025146484375,968.4224853515625,916.17822265625,1186040,0.0,0.0
2021-10-20,965.0,1010.0,952.5225219726562,963.8825073242188,911.8831176757812,4355380,0.0,0.0
2021-10-21,973.0,984.0,952.8350219726562,961.657470703125,909.778076171875,1519240,0.0,0.0
2021-10-22,971.9000244140625,971.9000244140625,942.5,950.3350219726562,899.06640625,910300,0.0,0.0
2021-10-25,950.0,950.0474853515625,930.217529296875,934.8125,884.3812866210938,1082920,0.0,0.0
2021-10-26,933.9949951171875,964.0,931.947509765625,960.8800048828125,914.4224853515625,2133160,5.5,0.0
2021-10-27,959.864990234375,971.0,945.5775146484375,950.22998046875,904.2875366210938,1057640,0.0,0.0
2021-10-28,950.5,955.9249877929688,942.6749877929688,949.5700073242188,903.659423828125,629000,0.0,0.0
2021-10-29,950.0,960.0,937.907470703125,950.0075073242188,904.07568359375,985500,0.0,0.0
2021-11-01,954.9450073242188,954.9450073242188,936.7974853515625,946.97998046875,901.1945190429688,851420,0.0,0.0
2021-11-02,945.0499877929688,951.7025146484375,931.9774780273438,938.697509765625,893.3125610351562,698980,0.0,0.0
2021-11-03,943.0,944.3975219726562,928.0499877929688,936.8574829101562,891.5615844726562,889580,0.0,0.0
2021-11-04,945.0,947.4500122070312,940.594970703125,944.4625244140625,898.7988891601562,138100,0.0,0.0
2021-11-08,947.4500122070312,954.7974853515625,934.0,952.4625244140625,906.412109375,866240,0.0,0.0
2021-11-09,950.8474731445312,952.25,940.052490234375,947.0374755859375,901.2494506835938,872960,0.0,0.0
2021-11-10,947.39501953125,952.1300048828125,940.0,947.64501953125,901.8274536132812,761180,0.0,0.0
2021-11-11,947.5,947.5,933.5025024414062,942.7000122070312,897.12158203125,839120,0.0,0.0
2021-11-12,947.5,962.9600219726562,943.04248046875,957.1224975585938,910.8467407226562,1330240,0.0,0.0
2021-11-15,960.0,974.9500122070312,953.4924926757812,973.8300170898438,926.7464599609375,1016660,0.0,0.0
2021-11-16,972.5075073242188,979.9500122070312,966.0499877929688,973.10498046875,926.0565185546875,922400,0.0,0.0
2021-11-17,970.2000122070312,978.25,968.1500244140625,973.8524780273438,926.7678833007812,1085520,0.0,0.0
2021-11-18,970.0,974.4400024414062,964.0025024414062,970.2750244140625,923.3634033203125,832140,0.0,0.0
2021-11-22,970.6749877929688,978.29248046875,941.625,949.7675170898438,903.8474731445312,882760,0.0,0.0
2021-11-23,949.7999877929688,962.3200073242188,945.2349853515625,959.0775146484375,912.707275390625,739200,0.0,0.0
2021-11-24,960.0,964.5,947.5,954.344970703125,908.2035522460938,687100,0.0,0.0
2021-11-25,954.25,960.5,945.2849731445312,958.9025268554688,912.540771484375,594900,0.0,0.0
2021-11-26,957.4425048828125,971.7050170898438,949.125,961.1124877929688,914.6439819335938,1128820,0.0,0.0
2021-11-29,952.5,958.114990234375,940.0,950.02001953125,904.0877075195312,962140,0.0,0.0
2021-11-30,950.02001953125,971.2449951171875,946.7725219726562,957.6275024414062,911.3273315429688,3395600,0.0,0.0
2021-12-01,960.5,972.4949951171875,958.094970703125,969.8900146484375,922.9970092773438,1096240,0.0,0.0
2021-12-02,969.8900146484375,982.5,961.3375244140625,975.1599731445312,928.01220703125,972000,0.0,0.0
2021-12-03,970.1099853515625,974.9400024414062,956.8499755859375,966.0675048828125,919.3593139648438,1508960,0.0,0.0
2021-12-06,970.0,970.780029296875,946.45751953125,950.8250122070312,904.853759765625,698540,0.0,0.0
2021-12-07,961.2999877929688,972.1824951171875,948.7999877929688,967.2125244140625,920.4488525390625,1408580,0.0,0.0
2021-12-08,961.2525024414062,976.2474975585938,961.2525024414062,973.9550170898438,926.8654174804688,671560,0.0,0.0
2021-12-09,975.0,977.4500122070312,958.1224975585938,964.2374877929688,917.6177368164062,810440,0.0,0.0
2021-12-10,961.0499877929688,965.5,951.5225219726562,963.5125122070312,916.9277954101562,788980,0.0,0.0
2021-12-13,961.010009765625,967.4749755859375,946.2000122070312,949.0999755859375,903.2120361328125,1089800,0.0,0.0
2021-12-14,947.655029296875,966.1475219726562,945.6699829101562,961.9400024414062,915.4313354492188,1381340,0.0,0.0
2021-12-15,957.552490234375,965.155029296875,952.5,960.155029296875,913.732666015625,1298180,0.0,0.0
2021-12-16,960.25,965.7675170898438,956.27001953125,962.8574829101562,916.3045043945312,808340,0.0,0.0
2021-12-17,955.7525024414062,961.6525268554688,950.0,953.9824829101562,907.8585815429688,1085560,0.0,0.0
2021-12-20,950.0,953.4099731445312,930.0,944.0625,898.418212890625,1426200,0.0,0.0
2021-12-21,949.3499755859375,964.2974853515625,945.0025024414062,961.0250244140625,914.5606079101562,693560,0.0,0.0
2021-12-22,961.5,966.9974975585938,950.614990234375,959.530029296875,913.137939453125,732240,0.0,0.0
2021-12-23,964.75,964.9974975585938,957.75,960.427490234375,913.9920654296875,951380,0.0,0.0
2021-12-24,960.427490234375,971.7025146484375,958.5549926757812,961.2100219726562,914.7366333007812,684400,0.0,0.0
2021-12-27,959.2999877929688,970.0,954.9724731445312,965.1174926757812,918.4551391601562,531760,0.0,0.0
2021-12-28,967.5,973.427490234375,961.75,967.75,920.96044921875,420980,0.0,0.0
2021-12-29,967.75,972.5499877929688,962.5775146484375,969.9824829101562,923.0850219726562,585380,0.0,0.0
2021-12-30,969.5,979.25,966.1599731445312,970.3275146484375,923.4133911132812,797360,0.0,0.0
2021-12-31,968.75,990.7474975585938,967.510009765625,985.2849731445312,937.6475830078125,797740,0.0,0.0
2022-01-03,984.75,990.7000122070312,981.9025268554688,983.8975219726562,936.3272094726562,517380,0.0,0.0
2022-01-04,983.9000244140625,997.3900146484375,981.4025268554688,994.4525146484375,946.371826171875,700680,0.0,0.0
2022-01-05,993.7000122070312,1001.25,991.4550170898438,996.7874755859375,948.5941162109375,648640,0.0,0.0
2022-01-06,987.5050048828125,996.7874755859375,976.75,982.3775024414062,934.8807373046875,614180,0.0,0.0
2022-01-07,982.5250244140625,998.0,979.3524780273438,995.1425170898438,947.0285034179688,979660,0.0,0.0
2022-01-10,995.1500244140625,998.4450073242188,983.9525146484375,985.4000244140625,937.7570190429688,412340,0.0,0.0
2022-01-11,977.5,991.25,977.5,988.0974731445312,940.3241577148438,635760,0.0,0.0
2022-01-12,992.5,992.5,983.0,985.35498046875,937.714111328125,474220,0.0,0.0
2022-01-13,987.5,987.5,980.0,985.719970703125,938.0615844726562,707660,0.0,0.0
2022-01-14,985.719970703125,985.967529296875,963.5,970.0075073242188,923.1087646484375,743800,0.0,0.0
2022-01-17,970.0,975.75,955.5549926757812,966.6599731445312,919.923095703125,728060,0.0,0.0
2022-01-18,964.0999755859375,972.5,959.4000244140625,968.97998046875,922.1309814453125,724160,0.0,0.0
2022-01-19,968.5,972.2474975585938,928.60498046875,946.8499755859375,901.0709228515625,1647660,0.0,0.0
2022-01-20,940.0,954.0,930.2525024414062,936.7050170898438,891.4164428710938,1581120,0.0,0.0
2022-01-21,933.0,953.1124877929688,930.5025024414062,948.7125244140625,902.8433227539062,1104820,0.0,0.0
2022-01-24,948.7125244140625,952.0,930.0,935.8875122070312,890.6384887695312,1068740,0.0,0.0
2022-01-25,928.657470703125,944.2025146484375,915.6475219726562,939.5374755859375,894.1119995117188,1157600,0.0,0.0
2022-01-27,927.5,939.5,910.8875122070312,919.2725219726562,874.82666015625,1085180,0.0,0.0
2022-01-28,920.0,932.4500122070312,916.4124755859375,919.219970703125,874.7767944335938,748460,0.0,0.0
2022-01-31,921.4000244140625,931.9949951171875,921.4000244140625,926.0775146484375,881.302734375,595220,0.0,0.0
2022-02-01,930.0,938.9099731445312,921.0499877929688,933.5850219726562,888.4473266601562,535820,0.0,0.0
2022-02-02,941.0,942.5,922.032470703125,925.032470703125,880.3082275390625,1208320,0.0,0.0
2022-02-03,921.0,928.9824829101562,913.0549926757812,915.3300170898438,871.074951171875,687080,0.0,0.0
2022-02-04,920.0,920.0,910.1400146484375,916.58251953125,872.266845703125,898480,0.0,0.0
2022-02-07,916.58251953125,921.0,895.5499877929688,903.6375122070312,859.9476928710938,969380,0.0,0.0
2022-02-08,910.25,910.7125244140625,899.5,904.3574829101562,860.6329345703125,787700,0.0,0.0
2022-02-09,904.5,911.8574829101562,901.072509765625,906.7525024414062,862.9121704101562,964860,0.0,0.0
2022-02-10,905.0499877929688,910.64501953125,900.5,906.9924926757812,863.1405029296875,1008440,0.0,0.0
2022-02-11,906.75,906.75,881.0,890.760009765625,847.6928100585938,1919600,0.0,0.0
2022-02-14,885.7999877929688,890.0125122070312,871.489990234375,883.5125122070312,840.795654296875,858340,0.0,0.0
2022-02-15,883.5125122070312,916.1624755859375,878.572509765625,909.35498046875,865.3887329101562,1003400,0.0,0.0
2022-02-16,908.3499755859375,919.8699951171875,901.6749877929688,911.1900024414062,867.1351318359375,808200,0.0,0.0
2022-02-17,920.0,920.0,898.0075073242188,906.2999877929688,862.4813842773438,2276800,0.0,0.0
2022-02-18,899.4000244140625,911.6199951171875,890.5549926757812,900.4650268554688,856.9287109375,1926560,0.0,0.0
2022-02-21,898.8499755859375,908.0,891.25,905.3049926757812,861.5345458984375,740720,0.0,0.0
2022-02-22,899.25,909.66748046875,886.9824829101562,905.5499877929688,861.7677001953125,1261740,0.0,0.0
2022-02-23,905.5499877929688,910.4774780273438,891.75,896.33251953125,852.9959716796875,1184960,0.0,0.0
2022-02-24,886.5,898.4349975585938,878.0,887.2374877929688,844.340576171875,2242100,0.0,0.0
2022-02-25,890.0,894.7474975585938,880.0,885.7550048828125,842.9298706054688,1619780,0.0,0.0
2022-02-28,885.0,888.4650268554688,866.5,881.95751953125,839.31591796875,3157460,0.0,0.0
2022-03-02,880.0,894.469970703125,872.8524780273438,892.22998046875,849.091796875,1732620,0.0,0.0
2022-03-03,894.0,894.0,869.4774780273438,871.8250122070312,829.6732788085938,1339280,0.0,0.0
2022-03-04,865.0,877.2025146484375,851.0499877929688,869.592529296875,827.5487670898438,1034100,0.0,0.0
2022-03-07,855.0,870.3875122070312,852.0,867.1024780273438,825.1790771484375,1330840,0.0,0.0
2022-03-08,865.0,876.5,848.25,863.1649780273438,821.4320678710938,1954480,0.0,0.0
2022-03-09,869.0,869.0,853.282470703125,857.280029296875,815.83154296875,1422440,0.0,0.0
2022-03-10,865.0,884.2625122070312,861.0499877929688,882.4550170898438,839.7893676757812,1329780,0.0,0.0
2022-03-11,880.0,880.9025268554688,861.5,866.3724975585938,824.4843139648438,1465580,0.0,0.0
2022-03-14,873.8724975585938,873.8724975585938,857.9000244140625,868.3599853515625,826.3757934570312,773300,0.0,0.0
2022-03-15,871.0,878.0,862.2525024414062,873.0800170898438,830.86767578125,1244220,0.0,0.0
2022-03-16,880.5,894.2750244140625,873.5499877929688,891.1699829101562,848.0830688476562,967800,0.0,0.0
2022-03-17,889.2974853515625,918.7424926757812,889.2974853515625,914.2100219726562,870.009033203125,2017800,0.0,0.0
2022-03-21,917.5,918.5,890.6749877929688,893.822509765625,850.607177734375,806700,0.0,0.0
2022-03-22,886.3499755859375,893.4974975585938,862.6824951171875,871.4625244140625,829.3281860351562,2804480,0.0,0.0
2022-03-23,876.75,877.5,863.0499877929688,867.2100219726562,825.2814331054688,1185580,0.0,0.0
2022-03-24,866.4000244140625,875.0,863.0,870.405029296875,828.322021484375,863620,0.0,0.0
2022-03-25,873.9000244140625,873.9000244140625,853.75,858.0599975585938,816.5739135742188,1064340,0.0,0.0
2022-03-28,862.5,867.447509765625,839.5,843.0025024414062,802.2442626953125,1602220,0.0,0.0
2022-03-29,845.0,849.9974975585938,841.0,846.094970703125,805.1873168945312,1675180,0.0,0.0
2022-03-30,855.4000244140625,867.3775024414062,851.1300048828125,864.9000244140625,823.0830078125,1499400,0.0,0.0
2022-03-31,862.5,871.6900024414062,860.14501953125,869.0275268554688,827.0111694335938,1245620,0.0,0.0
2022-04-01,869.0275268554688,880.385009765625,862.5,877.8599853515625,835.4165649414062,623180,0.0,0.0
2022-04-04,880.5,893.3250122070312,873.1024780273438,891.0075073242188,847.928466796875,795680,0.0,0.0
2022-04-05,891.2999877929688,903.0,885.9199829101562,901.1599731445312,857.5899047851562,795640,0.0,0.0
2022-04-06,898.75,913.0,893.1500244140625,910.8375244140625,866.7996826171875,941160,0.0,0.0
2022-04-07,907.5,912.5,899.25,909.4199829101562,865.4505615234375,749740,0.0,0.0
2022-04-08,907.5999755859375,924.7999877929688,903.4824829101562,922.6400146484375,878.031494140625,685620,0.0,0.0
2022-04-11,920.9000244140625,926.0125122070312,910.6500244140625,921.3175048828125,876.77294921875,753380,0.0,0.0
2022-04-12,913.7650146484375,924.9500122070312,911.125,920.8900146484375,876.3661499023438,1098000,0.0,0.0
2022-04-13,923.75,927.4500122070312,912.5,919.1199951171875,874.6815795898438,546600,0.0,0.0
2022-04-18,915.0,934.2999877929688,915.0,928.0750122070312,883.2036743164062,1075460,0.0,0.0
2022-04-19,927.0250244140625,936.25,891.6124877929688,897.4299926757812,854.0403442382812,1318840,0.0,0.0
2022-04-20,909.9450073242188,920.947509765625,899.4974975585938,915.260009765625,871.00830078125,1763540,0.0,0.0
2022-04-21,902.5499877929688,928.39501953125,887.5499877929688,910.1475219726562,870.422607421875,3706820,4.5,0.0
2022-04-22,902.0050048828125,912.4724731445312,891.60498046875,909.3875122070312,869.6957397460938,2174140,0.0,0.0
2022-04-25,895.0,917.5,892.5050048828125,908.7349853515625,869.0715942382812,1690140,0.0,0.0
2022-04-26,915.0,927.2100219726562,910.0,920.7874755859375,880.5979614257812,1411860,0.0,0.0
2022-04-27,907.5999755859375,923.2849731445312,907.5,911.1500244140625,871.3812255859375,1348600,0.0,0.0
2022-04-28,911.9249877929688,926.739990234375,908.7525024414062,921.385009765625,881.16943359375,1579160,0.0,0.0
2022-04-29,920.5,933.280029296875,913.2899780273438,916.5150146484375,876.5121459960938,1267960,0.0,0.0
2022-05-02,913.4500122070312,924.0,910.5,922.0275268554688,881.783935546875,831940,0.0,0.0
2022-05-04,914.0549926757812,923.60498046875,898.532470703125,904.3875122070312,864.9138793945312,1217140,0.0,0.0
2022-05-05,915.5075073242188,918.9199829101562,875.2999877929688,880.1875,841.77001953125,1266260,0.0,0.0
2022-05-06,874.989990234375,879.9849853515625,848.75,849.7725219726562,812.6826782226562,1799940,0.0,0.0
2022-05-09,849.6724853515625,852.7650146484375,822.5,825.217529296875,789.199462890625,2302940,0.0,0.0
2022-05-10,832.0,834.0,820.0499877929688,826.030029296875,789.9765625,1343540,0.0,0.0
2022-05-11,826.030029296875,831.9550170898438,811.7449951171875,825.6199951171875,789.5843505859375,1235740,0.0,0.0
2022-05-12,824.2249755859375,824.2249755859375,806.3375244140625,811.0,775.6023559570312,1435520,0.0,0.0
2022-05-13,824.5,828.114990234375,815.2449951171875,820.1475219726562,784.3506469726562,1108780,0.0,0.0
2022-05-16,825.0999755859375,826.0,806.7224731445312,810.9425048828125,775.5474853515625,1049660,0.0,0.0
2022-05-17,819.5,819.5,808.2324829101562,816.1699829101562,780.5467529296875,1726100,0.0,0.0
2022-05-18,816.1699829101562,820.91748046875,810.5999755859375,817.1799926757812,781.5126342773438,1920180,0.0,0.0
2022-05-19,808.5,812.2474975585938,800.0,804.7125244140625,769.5894165039062,1410040,0.0,0.0
2022-05-20,816.0499877929688,848.0,812.5025024414062,843.0999755859375,806.3013305664062,3049540,0.0,0.0
2022-05-23,852.9974975585938,868.5,845.5650024414062,849.7150268554688,812.627685546875,2063460,0.0,0.0
2022-05-24,857.4500122070312,863.9149780273438,842.655029296875,859.35498046875,821.8469848632812,1848200,0.0,0.0
2022-05-25,864.0,879.2999877929688,860.1724853515625,864.1875,826.4684448242188,1630020,0.0,0.0
2022-05-26,871.75,886.5,866.072509765625,882.625,844.1012573242188,2111620,0.0,0.0
2022-05-27,887.5,891.3474731445312,874.3599853515625,882.052490234375,843.5537109375,850540,0.0,0.0
2022-05-30,885.0,899.344970703125,881.7424926757812,885.344970703125,846.7025146484375,1041160,0.0,0.0
2022-05-31,885.2525024414062,907.8800048828125,872.8499755859375,884.5750122070312,845.9661865234375,7190740,0.0,0.0
2022-06-01,879.0,892.4224853515625,859.0050048828125,862.0775146484375,824.4505615234375,1164940,0.0,0.0
2022-06-02,862.0,873.8175048828125,851.0025024414062,869.6900024414062,831.7307739257812,1377980,0.0,0.0
2022-06-03,878.1500244140625,878.3674926757812,856.280029296875,858.5499877929688,821.0769653320312,1053720,0.0,0.0
2022-06-06,858.5499877929688,861.8400268554688,847.655029296875,849.844970703125,812.751953125,720020,0.0,0.0
2022-06-07,842.5025024414062,849.9774780273438,830.5,837.344970703125,800.7975463867188,1015240,0.0,0.0
2022-06-08,831.5250244140625,838.0,822.3275146484375,836.1875,799.6904907226562,1632720,0.0,0.0
2022-06-09,834.010009765625,841.2474975585938,824.2525024414062,838.407470703125,801.8136596679688,574960,0.0,0.0
2022-06-10,833.0499877929688,843.625,826.8400268554688,838.7449951171875,802.1365356445312,896200,0.0,0.0
2022-06-13,834.5,848.489990234375,827.0,842.7224731445312,805.9403076171875,2369280,0.0,0.0
2022-06-14,842.8250122070312,855.0,838.0,843.572509765625,806.7532348632812,1321620,0.0,0.0
2022-06-15,853.25,853.25,833.0,840.114990234375,803.4466552734375,1295060,0.0,0.0
2022-06-16,847.4500122070312,847.4500122070312,830.7474975585938,843.7000122070312,806.875244140625,1615080,0.0,0.0
2022-06-17,842.4000244140625,842.7474975585938,821.75,832.1199951171875,795.8005981445312,2912380,0.0,0.0
2022-06-20,835.0,851.1475219726562,826.8775024414062,848.35498046875,811.3270263671875,978040,0.0,0.0
2022-06-21,849.0,860.0,843.0,848.5900268554688,811.5517578125,1112620,0.0,0.0
2022-06-22,847.5,847.5,829.2775268554688,838.7575073242188,802.1484375,1047280,0.0,0.0
2022-06-23,841.0,852.2474975585938,835.0,848.8150024414062,811.7669677734375,633500,0.0,0.0
2022-06-24,847.5025024414062,862.5,846.1024780273438,861.58251953125,823.9771728515625,607600,0.0,0.0
2022-06-27,867.5,870.3599853515625,859.135009765625,867.9124755859375,830.0308837890625,1276840,0.0,0.0
2022-06-28,865.0,874.9924926757812,852.5499877929688,870.1950073242188,832.2138671875,1044480,0.0,0.0
2022-06-29,867.5,876.25,862.614990234375,874.9525146484375,836.763671875,1939440,0.0,0.0
2022-06-30,874.9525146484375,878.4400024414062,861.7100219726562,873.5,835.37451171875,2056840,0.0,0.0
2022-07-01,870.0,891.469970703125,866.552490234375,889.7525024414062,850.9176025390625,770940,0.0,0.0
2022-07-04,890.0,901.1724853515625,885.2249755859375,899.7274780273438,860.4572143554688,974580,0.0,0.0
2022-07-05,899.7274780273438,907.157470703125,895.0,899.25,860.000732421875,828760,0.0,0.0
2022-07-06,899.25,921.4199829101562,890.0625,919.4324951171875,879.3021850585938,1567820,0.0,0.0
2022-07-07,919.5,927.5,908.6799926757812,910.2474975585938,870.51806640625,1037580,0.0,0.0
2022-07-08,915.0,922.5,911.0999755859375,920.95751953125,880.7606811523438,1176500,0.0,0.0
2022-07-11,920.0,926.25,917.0999755859375,924.469970703125,884.1197509765625,787640,0.0,0.0
2022-07-12,920.8375244140625,923.5,905.052490234375,906.2575073242188,866.7022094726562,523780,0.0,0.0
2022-07-13,906.5,916.2449951171875,906.5,912.4824829101562,872.6555786132812,455020,0.0,0.0
2022-07-14,912.47998046875,922.0474853515625,906.635009765625,918.1649780273438,878.0900268554688,1045880,0.0,0.0
2022-07-15,920.0,941.8175048828125,918.8150024414062,938.5750122070312,897.6091918945312,990020,0.0,0.0
2022-07-18,941.9349975585938,948.5999755859375,927.6275024414062,931.27001953125,890.623046875,879540,0.0,0.0
2022-07-19,929.9949951171875,932.4249877929688,911.322509765625,918.885009765625,878.7786254882812,874560,0.0,0.0
2022-07-20,927.5,933.0,912.5,930.85498046875,890.2261962890625,1093260,0.0,0.0
2022-07-21,930.0,944.4974975585938,929.6875,941.9974975585938,900.88232421875,1013120,0.0,0.0
2022-07-22,945.3875122070312,954.2000122070312,941.7775268554688,949.447509765625,908.0071411132812,1264000,0.0,0.0
2022-07-25,949.447509765625,950.5,935.6024780273438,937.8775024414062,896.9422607421875,719180,0.0,0.0
2022-07-26,939.0,939.0,912.5125122070312,925.4749755859375,885.0809326171875,2789420,0.0,0.0
2022-07-27,927.2000122070312,933.4500122070312,917.5,927.094970703125,886.6302490234375,899460,0.0,0.0
2022-07-28,928.75,967.25,923.0,955.6199951171875,913.9103393554688,2609140,0.0,0.0
2022-07-29,955.6199951171875,971.1525268554688,950.052490234375,967.9550170898438,925.7069702148438,2276500,0.0,0.0
2022-08-01,972.0999755859375,975.0,955.25,962.760009765625,920.7386474609375,1171340,0.0,0.0
2022-08-02,968.8499755859375,975.0499877929688,965.010009765625,972.9400024414062,930.4743041992188,1124380,0.0,0.0
2022-08-03,967.0025024414062,977.3125,952.5,968.2949829101562,926.031982421875,1026500,0.0,0.0
2022-08-04,969.9500122070312,996.1900024414062,969.8049926757812,992.5,949.1804809570312,1765600,0.0,0.0
2022-08-05,992.0,1001.0,986.4525146484375,996.0750122070312,952.5995483398438,1251200,0.0,0.0
2022-08-08,995.25,999.364990234375,977.5,982.6475219726562,939.7581176757812,1149180,0.0,0.0
2022-08-10,992.530029296875,1007.5,975.25,988.4749755859375,945.3312377929688,1444140,0.0,0.0
2022-08-11,990.0,999.1199951171875,979.3800048828125,983.97998046875,941.0324096679688,1009220,0.0,0.0
2022-08-12,985.0,987.822509765625,970.6849975585938,977.1624755859375,934.5125122070312,978060,0.0,0.0
2022-08-16,977.5,992.72998046875,974.1400146484375,984.1475219726562,941.192626953125,1321660,0.0,0.0
2022-08-17,984.0999755859375,992.197509765625,983.4600219726562,986.7650146484375,943.6958618164062,792000,0.0,0.0
2022-08-18,986.0,986.6375122070312,974.0,977.8825073242188,935.2011108398438,978420,0.0,0.0
2022-08-19,980.0,983.4949951171875,967.5,972.0449829101562,929.6184692382812,733960,0.0,0.0
2022-08-22,970.0499877929688,981.5,967.5,972.6099853515625,930.1585693359375,795880,0.0,0.0
2022-08-23,965.0,984.447509765625,962.5574951171875,981.282470703125,938.4525756835938,857620,0.0,0.0
2022-08-24,980.9425048828125,985.8474731445312,968.4025268554688,983.552490234375,940.6236572265625,675360,0.0,0.0
2022-08-25,983.5499877929688,989.2999877929688,973.2025146484375,976.33251953125,933.71875,518180,0.0,0.0
2022-08-26,977.0,983.302490234375,971.4000244140625,976.405029296875,933.7880859375,559780,0.0,0.0
2022-08-29,970.0,987.9500122070312,964.2550048828125,982.3175048828125,939.4425048828125,969240,0.0,0.0
2022-08-30,983.0,999.75,983.0,996.29248046875,952.8074951171875,2195020,0.0,0.0
2022-09-01,985.0,1002.5,978.72998046875,986.6475219726562,943.58349609375,1581240,0.0,0.0
2022-09-02,987.614990234375,992.4000244140625,976.5,978.0900268554688,935.3995361328125,624820,0.0,0.0
2022-09-05,975.0,979.1325073242188,961.3499755859375,962.9849853515625,920.9537353515625,994480,0.0,0.0
2022-09-06,963.0349731445312,965.4000244140625,947.2525024414062,952.094970703125,910.5390014648438,1187400,0.0,0.0
2022-09-07,952.094970703125,965.3524780273438,950.75,958.9650268554688,917.1093139648438,1114720,0.0,0.0
2022-09-08,960.0499877929688,963.8499755859375,950.25,956.1875,914.4530029296875,1092940,0.0,0.0
2022-09-09,968.5,968.5,949.5399780273438,952.5625,910.9862060546875,968680,0.0,0.0
2022-09-12,952.5775146484375,957.9974975585938,944.5050048828125,948.4099731445312,907.0148315429688,871200,0.0,0.0
2022-09-13,948.5250244140625,963.3250122070312,948.5,953.1824951171875,911.5791625976562,1022920,0.0,0.0
2022-09-14,943.5499877929688,961.717529296875,943.5474853515625,955.4375,913.7356567382812,1232020,0.0,0.0
2022-09-15,959.7000122070312,962.8524780273438,948.8875122070312,950.4500122070312,908.9658813476562,669100,0.0,0.0
2022-09-16,950.4450073242188,950.4500122070312,917.0275268554688,920.2100219726562,880.0458374023438,2323260,0.0,0.0
2022-09-19,924.8125,942.0,913.364990234375,938.2625122070312,897.310302734375,1072620,0.0,0.0
2022-09-20,940.5,946.0,928.7550048828125,930.83251953125,890.20458984375,1676000,0.0,0.0
2022-09-21,930.7999877929688,944.469970703125,929.552490234375,932.4949951171875,891.7944946289062,925980,0.0,0.0
2022-09-22,932.4949951171875,941.75,929.0275268554688,931.9149780273438,891.2399291992188,1558620,0.0,0.0
2022-09-23,929.5499877929688,932.8099975585938,922.5025024414062,924.7949829101562,884.4306640625,716840,0.0,0.0
2022-09-26,924.7899780273438,944.4949951171875,919.8775024414062,922.6649780273438,882.3936157226562,2261700,0.0,0.0
2022-09-27,927.4025268554688,939.75,927.2849731445312,933.6325073242188,892.8823852539062,1386280,0.0,0.0
2022-09-28,932.75,948.9500122070312,926.2849731445312,942.0474853515625,900.9301147460938,2110340,0.0,0.0
2022-09-29,946.760009765625,956.5,939.5625,948.95751953125,907.5385131835938,1743900,0.0,0.0
2022-09-30,947.5,959.75,944.7000122070312,957.239990234375,915.4595336914062,1619460,0.0,0.0
2022-10-03,955.875,957.197509765625,938.5,949.6300048828125,908.1817626953125,1040920,0.0,0.0
2022-10-04,962.5,967.5,952.5599975585938,962.592529296875,920.5784301757812,745780,0.0,0.0
2022-10-06,967.10498046875,976.2575073242188,961.8624877929688,965.0075073242188,922.8880004882812,1340720,0.0,0.0
2022-10-07,963.760009765625,969.0,958.3800048828125,966.0499877929688,923.885009765625,792260,0.0,0.0
2022-10-10,955.0,960.25,950.2474975585938,955.9525146484375,914.228271484375,692380,0.0,0.0
2022-10-11,960.25,960.7324829101562,920.5125122070312,922.4974975585938,882.2334594726562,1098520,0.0,0.0
2022-10-12,927.0,938.342529296875,922.4974975585938,936.27001953125,895.4048461914062,774960,0.0,0.0
2022-10-13,939.5,946.08251953125,930.25,938.1824951171875,897.2338256835938,605540,0.0,0.0
2022-10-14,947.9425048828125,950.6875,942.5,946.4000244140625,905.0927124023438,441300,0.0,0.0
2022-10-17,942.5,953.0,939.6099853515625,946.0075073242188,904.71728515625,348500,0.0,0.0
2022-10-18,951.0,971.4525146484375,949.5,969.3925170898438,927.0816040039062,1070220,0.0,0.0
2022-10-19,969.3925170898438,992.4000244140625,962.7249755859375,986.9550170898438,943.8775634765625,2609600,0.0,0.0
2022-10-20,985.9500122070312,1007.1849975585938,985.0,1003.0549926757812,959.2749633789062,2257080,0.0,0.0
2022-10-21,1003.0549926757812,1017.5,999.125,1014.7474975585938,970.4570922851562,1143860,0.0,0.0
2022-10-24,1017.75,1052.5,1017.5025024414062,1043.75244140625,998.1958618164062,903960,0.0,0.0
2022-10-25,1040.0,1052.43994140625,1010.8499755859375,1014.1199951171875,969.85693359375,1427060,0.0,0.0
2022-10-27,1023.4249877929688,1023.75,995.5,1006.6624755859375,962.7249755859375,2029480,0.0,0.0
2022-10-28,1006.6624755859375,1018.5974731445312,1002.5075073242188,1014.1224975585938,969.8592529296875,1298600,0.0,0.0
2022-10-31,1014.1224975585938,1023.5,1007.5,1018.1699829101562,979.5254516601562,1591100,6.0,0.0
2022-11-01,1019.9774780273438,1036.7425537109375,1018.5,1029.49755859375,990.4231567382812,794120,0.0,0.0
2022-11-02,1029.5,1035.0,1011.1300048828125,1019.3674926757812,980.6774291992188,866340,0.0,0.0
2022-11-03,1011.14501953125,1023.75,1007.5025024414062,1021.1724853515625,982.4139404296875,706560,0.0,0.0
2022-11-04,1021.1724853515625,1026.75,1015.2349853515625,1021.2650146484375,982.5029907226562,377460,0.0,0.0
2022-11-07,1022.5750122070312,1036.0,1018.510009765625,1024.012451171875,985.1461791992188,1354440,0.0,0.0
2022-11-09,1030.7724609375,1042.1175537109375,1010.25,1015.9949951171875,977.4329833984375,1044900,0.0,0.0
2022-11-10,1014.97998046875,1020.0,1002.2474975585938,1008.7650146484375,970.4774169921875,779820,0.0,0.0
2022-11-11,1013.8099975585938,1025.0,1010.0050048828125,1016.125,977.55810546875,716740,0.0,0.0
2022-11-14,1016.1500244140625,1019.6224975585938,994.635009765625,1003.260009765625,965.1812744140625,969520,0.0,0.0
2022-11-15,1008.2000122070312,1009.2974853515625,992.5,1002.7775268554688,964.7171020507812,786820,0.0,0.0
2022-11-16,999.6074829101562,1007.2125244140625,991.25,1004.89501953125,966.7543334960938,895520,0.0,0.0
2022-11-17,1006.5,1006.9849853515625,994.1325073242188,999.5499877929688,961.6121215820312,555640,0.0,0.0
2022-11-18,999.75,1002.2874755859375,989.0,996.2550048828125,958.4421997070312,733720,0.0,0.0
2022-11-21,992.5999755859375,992.97998046875,983.280029296875,988.0850219726562,950.582275390625,996880,0.0,0.0
2022-11-22,988.0850219726562,992.4650268554688,977.5025024414062,980.6749877929688,943.4534912109375,948440,0.0,0.0
2022-11-23,985.0,990.6500244140625,975.5,978.2550048828125,941.1254272460938,1034440,0.0,0.0
2022-11-24,981.25,993.719970703125,975.04248046875,986.7725219726562,949.3197021484375,1193920,0.0,0.0
2022-11-25,990.0,991.2000122070312,972.0,976.467529296875,939.40576171875,1157160,0.0,0.0
2022-11-28,976.25,992.2625122070312,973.0,990.7725219726562,953.1677856445312,1060000,0.0,0.0
2022-11-29,987.5,1018.75,986.5,1006.0599975585938,967.8750610351562,1474460,0.0,0.0
2022-11-30,1006.0599975585938,1016.9500122070312,992.02001953125,1009.1925048828125,970.888671875,6267780,0.0,0.0
2022-12-01,1009.5,1017.4949951171875,996.75,1002.4749755859375,964.4260864257812,1058520,0.0,0.0
2022-12-02,1002.4749755859375,1006.885009765625,983.9625244140625,987.5599975585938,950.0771484375,1392340,0.0,0.0
2022-12-05,987.989990234375,992.5,977.635009765625,987.6099853515625,950.1253662109375,1699980,0.0,0.0
2022-12-06,987.0499877929688,999.5,978.75,995.5549926757812,957.768798828125,1362180,0.0,0.0
2022-12-07,996.0,1003.95751953125,991.4124755859375,995.54248046875,957.7567138671875,1139120,0.0,0.0
2022-12-08,995.0,1004.9500122070312,986.5499877929688,990.2675170898438,952.6820068359375,812480,0.0,0.0
2022-12-09,998.4000244140625,1014.7474975585938,992.2100219726562,1012.0875244140625,973.673828125,1535100,0.0,0.0
2022-12-12,1012.5,1026.0,1007.25,1024.3675537109375,985.4877319335938,1621200,0.0,0.0
2022-12-13,1028.050048828125,1031.7974853515625,1016.5,1019.4149780273438,980.72314453125,982680,0.0,0.0
2022-12-14,1019.2575073242188,1022.532470703125,1000.33251953125,1003.1749877929688,965.0995483398438,1633600,0.0,0.0
2022-12-15,1003.1749877929688,1007.4974975585938,981.7224731445312,986.8925170898438,949.4351196289062,791080,0.0,0.0
2022-12-16,986.25,993.0,978.5050048828125,986.9349975585938,949.4758911132812,1386420,0.0,0.0
2022-12-19,990.0,1006.0,989.9974975585938,1004.08251953125,965.9725952148438,1308960,0.0,0.0
2022-12-20,1007.5,1008.3925170898438,992.552490234375,1006.7775268554688,968.5654296875,933520,0.0,0.0
2022-12-21,1008.25,1017.4000244140625,1003.1074829101562,1015.7100219726562,977.15869140625,1407560,0.0,0.0
2022-12-22,1019.75,1022.0,1007.875,1015.3300170898438,976.793212890625,753760,0.0,0.0
2022-12-23,1010.0,1022.75,1002.7525024414062,1006.6375122070312,968.4306640625,1488080,0.0,0.0
2022-12-26,1008.7474975585938,1012.282470703125,993.0,994.875,957.114501953125,667640,0.0,0.0
2022-12-27,995.0,1000.885009765625,987.25,988.7999877929688,951.2702026367188,805820,0.0,0.0
2022-12-28,989.5,994.7949829101562,985.5,992.1799926757812,954.5218505859375,706920,0.0,0.0
2022-12-29,992.0,995.8775024414062,981.5275268554688,990.4000244140625,952.8095092773438,797020,0.0,0.0
2022-12-30,991.9774780273438,994.5,978.092529296875,980.2999877929688,943.0927124023438,852880,0.0,0.0
2023-01-02,980.83251953125,985.75,975.0625,978.0775146484375,940.9546508789062,503280,0.0,0.0
2023-01-03,979.9500122070312,988.0474853515625,973.7974853515625,986.364990234375,948.9276123046875,628300,0.0,0.0
2023-01-04,989.0,989.9000244140625,975.0,975.9949951171875,938.9511108398438,639680,0.0,0.0
2023-01-05,977.0,994.70751953125,975.9749755859375,988.7999877929688,951.2702026367188,1027860,0.0,0.0
2023-01-06,990.0,996.322509765625,988.8275146484375,994.2625122070312,956.5253295898438,787720,0.0,0.0
2023-01-09,996.7474975585938,1008.2150268554688,994.8250122070312,1004.2849731445312,966.1673583984375,722880,0.0,0.0
2023-01-10,1003.1525268554688,1009.4500122070312,997.7525024414062,1001.197509765625,963.1970825195312,633360,0.0,0.0
2023-01-11,1003.5,1004.2449951171875,985.8699951171875,987.9149780273438,950.418701171875,650200,0.0,0.0
2023-01-12,987.9149780273438,997.5,987.0,993.6624755859375,955.9481811523438,661240,0.0,0.0
2023-01-13,997.5,997.5,986.2525024414062,989.217529296875,951.6717529296875,695420,0.0,0.0
2023-01-16,992.0,992.0,985.0499877929688,986.780029296875,949.3268432617188,485300,0.0,0.0
2023-01-17,986.7949829101562,998.3099975585938,985.635009765625,997.2874755859375,959.4354858398438,803740,0.0,0.0
2023-01-18,997.4974975585938,1002.094970703125,988.66748046875,991.16748046875,953.5477905273438,727980,0.0,0.0
2023-01-19,991.16748046875,994.75,980.58251953125,984.0549926757812,946.7051391601562,619980,0.0,0.0
2023-01-20,983.0050048828125,983.3925170898438,957.4924926757812,960.0025024414062,923.5657348632812,1440440,0.0,0.0
2023-01-23,962.5,972.0,957.552490234375,968.35498046875,931.6011352539062,758000,0.0,0.0
2023-01-24,970.0,971.7000122070312,957.4400024414062,964.5349731445312,927.9261474609375,754240,0.0,0.0
2023-01-25,967.4500122070312,967.5250244140625,957.5,961.7750244140625,925.2708740234375,823200,0.0,0.0
2023-01-27,963.0025024414062,969.7000122070312,951.302490234375,960.8175048828125,924.3497924804688,895540,0.0,0.0
2023-01-30,960.2999877929688,960.6824951171875,948.9000244140625,958.2949829101562,921.9229125976562,996600,0.0,0.0
2023-01-31,960.0,960.0,946.4500122070312,950.8875122070312,914.796630859375,2350000,0.0,0.0
2023-02-01,955.0,958.8524780273438,945.7625122070312,954.4924926757812,918.2647094726562,1376100,0.0,0.0
2023-02-02,956.4500122070312,956.4500122070312,942.5250244140625,947.72998046875,911.7588500976562,1418440,0.0,0.0
2023-02-03,950.27001953125,952.7324829101562,938.5050048828125,950.2150268554688,914.149658203125,1111560,0.0,0.0
2023-02-06,950.0,953.0,937.7150268554688,951.0750122070312,914.9771118164062,1382680,0.0,0.0
2023-02-07,951.2000122070312,954.9949951171875,944.0,948.9000244140625,912.8846435546875,797460,0.0,0.0
2023-02-08,947.5,953.2424926757812,944.5075073242188,949.7449951171875,913.6974487304688,465340,0.0,0.0
2023-02-09,949.9500122070312,954.217529296875,947.54248046875,950.0150146484375,913.957275390625,694680,0.0,0.0
2023-02-10,950.5,953.5075073242188,943.7525024414062,951.1925048828125,915.090087890625,527660,0.0,0.0
2023-02-13,954.75,959.9500122070312,947.4974975585938,951.3400268554688,915.23193359375,649780,0.0,0.0
2023-02-14,955.739990234375,963.0,951.375,954.14501953125,917.9305419921875,771780,0.0,0.0
2023-02-15,953.75,964.9400024414062,946.5025024414062,963.0474853515625,926.4951782226562,639960,0.0,0.0
2023-02-16,971.5,989.9924926757812,957.0,981.4425048828125,944.1919555664062,3480140,0.0,0.0
2023-02-17,978.7525024414062,978.7525024414062,941.1024780273438,951.0650024414062,914.9674682617188,3768700,0.0,0.0
2023-02-20,951.5,957.25,939.0,941.1525268554688,905.4310913085938,1306220,0.0,0.0
2023-02-21,944.0549926757812,946.6900024414062,938.0,942.4349975585938,906.6649780273438,899080,0.0,0.0
2023-02-22,944.1400146484375,944.1400146484375,931.5574951171875,933.70751953125,898.2687377929688,841600,0.0,0.0
2023-02-23,932.9974975585938,941.20751953125,927.5499877929688,932.4000244140625,897.0109252929688,985360,0.0,0.0
2023-02-24,937.0625,942.4500122070312,930.75,934.0449829101562,898.5933227539062,777500,0.0,0.0
2023-02-27,935.0,942.25,924.5999755859375,931.1375122070312,895.7962646484375,1032500,0.0,0.0
2023-02-28,931.510009765625,936.25,923.0075073242188,933.5,898.0690307617188,2183640,0.0,0.0
2023-03-01,935.0,941.02001953125,928.7575073242188,938.9425048828125,903.304931640625,1278520,0.0,0.0
2023-03-02,939.9974975585938,940.0,922.8400268554688,924.0875244140625,889.0138549804688,781400,0.0,0.0
2023-03-03,927.4500122070312,930.7324829101562,920.2750244140625,922.4949951171875,887.4817504882812,920360,0.0,0.0
2023-03-06,926.0999755859375,927.7025146484375,921.25,925.7424926757812,890.6060180664062,1058980,0.0,0.0
2023-03-08,920.25,928.6900024414062,919.8775024414062,925.9124755859375,890.7694702148438,914920,0.0,0.0
2023-03-09,925.0,928.9500122070312,921.5,926.7849731445312,891.60888671875,1132300,0.0,0.0
2023-03-10,926.5,926.5,917.7525024414062,924.2874755859375,889.2061157226562,472680,0.0,0.0
2023-03-13,921.4974975585938,924.9949951171875,913.0025024414062,915.8724975585938,881.1106567382812,729520,0.0,0.0
2023-03-14,917.5,921.75,910.6500244140625,913.2324829101562,878.57080078125,877580,0.0,0.0
2023-03-15,915.0,918.5549926757812,894.0,899.66748046875,865.5206298828125,1559160,0.0,0.0
2023-03-16,899.5,925.0,898.3875122070312,922.532470703125,887.5177612304688,1660860,0.0,0.0
2023-03-17,924.9450073242188,943.75,923.7474975585938,942.907470703125,907.119384765625,2668600,0.0,0.0
2023-03-20,945.0,949.5,932.60498046875,946.8925170898438,910.9533081054688,1512900,0.0,0.0
2023-03-21,949.5,962.9500122070312,941.0025024414062,946.3699951171875,910.4506225585938,1955240,0.0,0.0
2023-03-22,950.4500122070312,950.4500122070312,934.9349975585938,940.9849853515625,905.27001953125,564960,0.0,0.0
2023-03-23,940.9849853515625,958.4949951171875,935.5075073242188,952.2224731445312,916.0808715820312,1133700,0.0,0.0
2023-03-24,950.2525024414062,955.0,944.4000244140625,947.655029296875,911.686767578125,525980,0.0,0.0
2023-03-27,950.0,956.3900146484375,940.7525024414062,944.5499877929688,908.69970703125,717080,0.0,0.0
2023-03-28,945.0,950.9974975585938,942.5,947.2999877929688,911.3452758789062,709620,0.0,0.0
2023-03-29,946.5,956.25,943.8099975585938,952.6475219726562,916.4899291992188,972120,0.0,0.0
2023-03-31,957.75,987.594970703125,957.75,985.2249755859375,947.830810546875,2968880,0.0,0.0
2023-04-03,989.2000122070312,989.5,969.302490234375,985.2725219726562,947.8765258789062,1274800,0.0,0.0
2023-04-05,982.9500122070312,993.6500244140625,980.0499877929688,991.1024780273438,953.4852294921875,943020,0.0,0.0
2023-04-06,989.75,992.0,980.25,985.4124755859375,948.0112915039062,819560,0.0,0.0
2023-04-10,985.0,985.822509765625,975.0499877929688,976.510009765625,939.4467163085938,448280,0.0,0.0
2023-04-11,982.4000244140625,984.75,973.75,983.72998046875,946.392578125,882520,0.0,0.0
2023-04-12,984.75,984.75,968.2474975585938,972.0150146484375,935.122314453125,1137640,0.0,0.0
2023-04-13,975.0,984.0,970.8125,973.2675170898438,936.3272094726562,923020,0.0,0.0
2023-04-17,979.5,1020.5,975.1074829101562,1012.219970703125,973.8012084960938,3887020,0.0,0.0
2023-04-18,1010.0,1035.0,1010.0,1033.0625,993.8527221679688,2797200,0.0,0.0
2023-04-19,1032.9925537109375,1033.1824951171875,1019.4000244140625,1030.93505859375,991.805908203125,1797480,0.0,0.0
2023-04-20,1029.75,1036.0350341796875,1019.0,1023.655029296875,984.80224609375,1044260,0.0,0.0
2023-04-21,1023.655029296875,1029.3499755859375,1019.3699951171875,1024.842529296875,990.8814697265625,886100,5.1,0.0
2023-04-24,1025.0474853515625,1035.449951171875,1020.052490234375,1034.4649658203125,1000.184814453125,1157360,0.0,0.0
2023-04-25,1035.449951171875,1046.4300537109375,1015.4000244140625,1033.260009765625,999.0199584960938,3369280,0.0,0.0
2023-04-26,1029.949951171875,1054.449951171875,1023.625,1051.3125,1016.4743041992188,2497880,0.0,0.0
2023-04-27,1053.3125,1059.99755859375,1050.00244140625,1057.364990234375,1022.3262329101562,2044640,0.0,0.0
2023-04-28,1059.0975341796875,1092.47998046875,1056.5,1088.0699462890625,1052.0135498046875,3330320,0.0,0.0
2023-05-02,1090.0,1104.949951171875,1083.625,1087.29248046875,1051.2618408203125,1783400,0.0,0.0
2023-05-03,1087.25,1097.29248046875,1078.9200439453125,1093.7850341796875,1057.539306640625,1140260,0.0,0.0
2023-05-04,1093.9425048828125,1099.74755859375,1081.8924560546875,1084.6875,1048.7432861328125,1270680,0.0,0.0
2023-05-05,1089.99755859375,1103.93505859375,1087.4949951171875,1100.9925537109375,1064.508056640625,1101520,0.0,0.0
2023-05-08,1102.5,1115.0,1088.02001953125,1099.1624755859375,1062.738525390625,1513120,0.0,0.0
2023-05-09,1100.0,1107.24755859375,1092.3349609375,1098.5675048828125,1062.163330078125,865740,0.0,0.0
2023-05-10,1098.5675048828125,1106.4949951171875,1098.4749755859375,1102.5,1065.965576171875,1208820,0.0,0.0
2023-05-11,1104.949951171875,1111.75,1097.5150146484375,1100.989990234375,1064.5054931640625,1378740,0.0,0.0
2023-05-12,1100.949951171875,1103.469970703125,1087.0,1089.70751953125,1053.5970458984375,1339220,0.0,0.0
2023-05-15,1091.0,1100.9949951171875,1087.5625,1089.3299560546875,1053.2318115234375,1451400,0.0,0.0
2023-05-16,1093.75,1099.449951171875,1086.0,1089.02001953125,1052.9322509765625,1545140,0.0,0.0
2023-05-17,1089.02001953125,1094.56494140625,1080.0,1086.625,1050.6165771484375,1335760,0.0,0.0
2023-05-18,1092.5,1097.5,1082.510009765625,1083.97998046875,1048.0592041015625,1023500,0.0,0.0
2023-05-19,1090.0,1090.0,1075.3050537109375,1084.5074462890625,1048.569091796875,1464400,0.0,0.0
2023-05-22,1084.949951171875,1084.949951171875,1071.10498046875,1074.739990234375,1039.1253662109375,1021900,0.0,0.0
2023-05-23,1072.5,1080.5,1068.10498046875,1070.18505859375,1034.7215576171875,1109180,0.0,0.0
2023-05-24,1070.18505859375,1074.9000244140625,1063.75,1069.030029296875,1033.6048583984375,887280,0.0,0.0
2023-05-25,1075.0,1081.5999755859375,1065.54248046875,1073.7449951171875,1038.1634521484375,1630040,0.0,0.0
2023-05-26,1074.24755859375,1081.449951171875,1068.5,1079.0875244140625,1043.3287353515625,1263180,0.0,0.0
2023-05-29,1086.24755859375,1092.5,1077.60498046875,1086.4725341796875,1050.468994140625,1068740,0.0,0.0
2023-05-30,1084.0,1086.4300537109375,1075.552490234375,1078.7225341796875,1042.975830078125,939620,0.0,0.0
2023-05-31,1079.0,1092.91748046875,1075.75,1083.655029296875,1047.744873046875,8495880,0.0,0.0
2023-06-01,1089.300048828125,1096.24755859375,1078.6400146484375,1093.7149658203125,1057.4716796875,1197320,0.0,0.0
2023-06-02,1100.0,1104.75,1091.0,1102.322509765625,1065.7939453125,1164960,0.0,0.0
2023-06-05,1099.9525146484375,1106.4849853515625,1089.5,1091.70751953125,1055.53076171875,1630180,0.0,0.0
2023-06-06,1093.70751953125,1096.5775146484375,1080.87744140625,1085.27001953125,1049.306396484375,1570460,0.0,0.0
2023-06-07,1087.4949951171875,1121.237548828125,1087.4949951171875,1118.387451171875,1081.3265380859375,3136240,0.0,0.0
2023-06-08,1123.0,1128.87744140625,1104.37255859375,1107.4449462890625,1070.74658203125,1458580,0.0,0.0
2023-06-09,1105.0450439453125,1114.0,1102.0450439453125,1103.6724853515625,1067.0992431640625,1418300,0.0,0.0
2023-06-12,1102.5,1117.449951171875,1101.45751953125,1114.467529296875,1077.5364990234375,1247040,0.0,0.0
2023-06-13,1117.449951171875,1133.9000244140625,1114.6175537109375,1124.6300048828125,1087.3621826171875,1666940,0.0,0.0
2023-06-14,1126.25,1137.550048828125,1125.0,1136.4375,1098.7783203125,1447540,0.0,0.0
2023-06-15,1136.4375,1150.0,1131.625,1148.31005859375,1110.2574462890625,1475140,0.0,0.0
2023-06-16,1148.31005859375,1158.762451171875,1143.864990234375,1148.427490234375,1110.3709716796875,1470820,0.0,0.0
2023-06-19,1151.25,1157.5,1138.0625,1139.7425537109375,1101.9739990234375,866620,0.0,0.0
2023-06-20,1139.7425537109375,1149.99755859375,1136.0,1147.7774658203125,1109.7425537109375,1377540,0.0,0.0
2023-06-21,1147.8050537109375,1153.4849853515625,1138.25,1144.5799560546875,1106.651123046875,1292840,0.0,0.0
2023-06-22,1140.0,1144.5374755859375,1124.635009765625,1126.64501953125,1089.3104248046875,998060,0.0,0.0
2023-06-23,1126.64501953125,1130.99755859375,1122.6824951171875,1126.842529296875,1089.50146484375,870300,0.0,0.0
2023-06-26,1126.00244140625,1135.0,1125.25,1131.5400390625,1094.043212890625,700300,0.0,0.0
2023-06-27,1131.5675048828125,1143.5,1125.2550048828125,1131.862548828125,1094.3551025390625,882660,0.0,0.0
2023-06-28,1133.5,1140.0,1129.0,1137.2049560546875,1099.5203857421875,1112480,0.0,0.0
2023-06-30,1137.5,1147.3125,1131.25,1144.7149658203125,1106.7816162109375,737240,0.0,0.0
2023-07-03,1147.5,1147.5,1129.1500244140625,1131.62744140625,1094.1278076171875,1105380,0.0,0.0
2023-07-04,1137.4000244140625,1142.25,1126.2750244140625,1131.2025146484375,1093.716796875,602980,0.0,0.0
2023-07-05,1129.300048828125,1147.199951171875,1129.0,1144.9949951171875,1107.0523681640625,777760,0.0,0.0
2023-07-06,1146.75,1169.62255859375,1145.25,1154.9725341796875,1116.69921875,1807340,0.0,0.0
2023-07-07,1157.75244140625,1162.342529296875,1142.5,1145.31005859375,1107.3568115234375,1129280,0.0,0.0
2023-07-10,1143.449951171875,1152.1199951171875,1127.5,1129.012451171875,1091.599365234375,727760,0.0,0.0
2023-07-11,1130.5,1147.9925537109375,1127.5150146484375,1142.614990234375,1104.751220703125,1370520,0.0,0.0
2023-07-12,1146.949951171875,1155.0,1140.8499755859375,1153.00244140625,1114.79443359375,961800,0.0,0.0
2023-07-13,1153.00244140625,1156.0775146484375,1138.842529296875,1141.0374755859375,1103.225830078125,864320,0.0,0.0
2023-07-14,1141.0374755859375,1160.0,1140.0,1156.9024658203125,1118.565185546875,909140,0.0,0.0
2023-07-17,1160.0,1169.7674560546875,1147.75,1153.5374755859375,1115.311767578125,835900,0.0,0.0
2023-07-18,1159.5,1159.5,1141.0250244140625,1148.8575439453125,1110.7869873046875,651680,0.0,0.0
2023-07-19,1147.5,1151.25,1140.074951171875,1147.0474853515625,1109.0367431640625,557620,0.0,0.0
2023-07-20,1147.050048828125,1154.2249755859375,1137.550048828125,1150.3974609375,1112.275634765625,755840,0.0,0.0
2023-07-21,1150.74755859375,1161.5975341796875,1145.6400146484375,1149.12744140625,1111.0477294921875,736860,0.0,0.0
2023-07-24,1149.0074462890625,1152.4300537109375,1135.387451171875,1141.0050048828125,1103.194580078125,841620,0.0,0.0
2023-07-25,1157.0,1157.0,1133.762451171875,1138.64501953125,1100.9127197265625,1251520,0.0,0.0
2023-07-26,1139.5450439453125,1145.0,1135.0999755859375,1139.9949951171875,1102.2181396484375,689240,0.0,0.0
2023-07-27,1142.9599609375,1145.0,1103.802490234375,1116.2650146484375,1079.2742919921875,3587480,0.0,0.0
2023-07-28,1116.2650146484375,1131.592529296875,1109.364990234375,1124.0450439453125,1086.796630859375,1344220,0.0,0.0
2023-07-31,1132.5,1132.699951171875,1121.4849853515625,1127.6650390625,1090.2965087890625,972180,0.0,0.0
2023-08-01,1130.4150390625,1134.5,1121.25,1129.68505859375,1092.249755859375,1300380,0.0,0.0
2023-08-02,1134.5,1146.907470703125,1125.530029296875,1144.114990234375,1106.201416015625,2093220,0.0,0.0
2023-08-03,1144.3974609375,1144.3974609375,1120.0975341796875,1123.7900390625,1086.5499267578125,899420,0.0,0.0
2023-08-04,1124.7974853515625,1134.9425048828125,1120.5999755859375,1122.7249755859375,1085.520263671875,820200,0.0,0.0
2023-08-07,1122.7249755859375,1127.5799560546875,1107.5,1122.9649658203125,1085.7523193359375,824920,0.0,0.0
2023-08-08,1123.5,1124.947509765625,1105.0,1111.4625244140625,1074.631103515625,1160640,0.0,0.0
2023-08-09,1114.0,1117.8125,1108.1300048828125,1110.9200439453125,1074.106689453125,745700,0.0,0.0
2023-08-10,1108.1500244140625,1112.2275390625,1094.75,1099.487548828125,1063.0528564453125,1411580,0.0,0.0
2023-08-11,1099.487548828125,1100.5,1087.5,1092.1199951171875,1055.929443359375,767260,0.0,0.0
2023-08-14,1092.2125244140625,1102.0,1085.4625244140625,1094.9749755859375,1058.6898193359375,815760,0.0,0.0
2023-08-16,1106.5,1106.5,1089.2674560546875,1097.39501953125,1061.0296630859375,578600,0.0,0.0
2023-08-17,1095.0,1101.4150390625,1080.1199951171875,1083.37255859375,1047.471923828125,1399840,0.0,0.0
2023-08-18,1083.37255859375,1094.0,1072.5,1091.5,1055.330078125,1313340,0.0,0.0
2023-08-21,1091.5,1108.8050537109375,1086.7674560546875,1101.717529296875,1065.208984375,741920,0.0,0.0
2023-08-22,1101.717529296875,1104.62255859375,1095.302490234375,1101.2974853515625,1064.802734375,810440,0.0,0.0
2023-08-23,1105.0,1113.489990234375,1097.5,1109.157470703125,1072.4022216796875,1227560,0.0,0.0
2023-08-24,1114.1500244140625,1114.5,1107.1650390625,1112.2449951171875,1075.387451171875,920400,0.0,0.0
2023-08-25,1109.5,1114.0224609375,1105.5625,1109.425048828125,1072.6611328125,839280,0.0,0.0
2023-08-28,1109.574951171875,1110.7275390625,1100.0,1101.7225341796875,1065.2139892578125,830140,0.0,0.0
2023-08-29,1103.5224609375,1108.989990234375,1097.5,1103.1500244140625,1066.593994140625,1048560,0.0,0.0
2023-08-30,1103.1500244140625,1114.0,1100.5074462890625,1109.925048828125,1073.14453125,1296640,0.0,0.0
2023-08-31,1112.5,1114.449951171875,1083.50244140625,1099.3199462890625,1062.890869140625,4661300,0.0,0.0
2023-09-01,1102.5,1105.4849853515625,1093.0,1095.7774658203125,1059.4658203125,716980,0.0,0.0
2023-09-04,1098.760009765625,1098.99755859375,1081.625,1086.9100341796875,1050.89208984375,1481820,0.0,0.0
2023-09-05,1087.7275390625,1099.9300537109375,1087.7275390625,1097.7225341796875,1061.3463134765625,1246260,0.0,0.0
2023-09-06,1097.7225341796875,1105.0,1088.72998046875,1100.2049560546875,1063.74658203125,1125840,0.0,0.0
2023-09-07,1098.9150390625,1104.2550048828125,1091.1175537109375,1094.81494140625,1058.53515625,823180,0.0,0.0
2023-09-08,1097.300048828125,1098.967529296875,1091.5,1094.1624755859375,1057.9044189453125,609540,0.0,0.0
2023-09-11,1095.5,1109.99755859375,1093.6700439453125,1106.3525390625,1069.690185546875,939540,0.0,0.0
2023-09-12,1106.7149658203125,1119.75,1100.85498046875,1115.887451171875,1078.9093017578125,987580,0.0,0.0
2023-09-13,1113.7774658203125,1128.45751953125,1107.50244140625,1108.989990234375,1072.240478515625,1016500,0.0,0.0
2023-09-14,1111.5,1125.5,1107.8499755859375,1123.885009765625,1086.641845703125,1621120,0.0,0.0
2023-09-15,1125.0,1135.050048828125,1115.947509765625,1131.114990234375,1093.6322021484375,2322820,0.0,0.0
2023-09-18,1131.0,1142.0,1122.6324462890625,1140.969970703125,1103.16064453125,1150640,0.0,0.0
2023-09-20,1127.802490234375,1141.3275146484375,1127.802490234375,1134.012451171875,1096.43359375,1149000,0.0,0.0
2023-09-21,1132.99755859375,1133.49755859375,1117.5,1126.675048828125,1089.3394775390625,923660,0.0,0.0
2023-09-22,1126.0,1131.99755859375,1119.0,1126.625,1089.291015625,766020,0.0,0.0
2023-09-25,1128.5,1135.43505859375,1122.550048828125,1131.9375,1094.4276123046875,688540,0.0,0.0
2023-09-26,1135.0,1153.14501953125,1129.802490234375,1150.2774658203125,1112.1597900390625,1320020,0.0,0.0
2023-09-27,1150.25,1150.2774658203125,1137.072509765625,1143.6500244140625,1105.751953125,833060,0.0,0.0
2023-09-28,1145.0,1145.3974609375,1122.3900146484375,1126.9224853515625,1089.57861328125,1039620,0.0,0.0
2023-09-29,1127.5474853515625,1135.25,1121.5,1125.344970703125,1088.053466796875,904580,0.0,0.0
2023-10-03,1125.344970703125,1129.7349853515625,1112.7574462890625,1115.762451171875,1078.78857421875,1000260,0.0,0.0
2023-10-04,1140.25244140625,1167.93994140625,1127.550048828125,1149.31005859375,1111.224365234375,4269760,0.0,0.0
2023-10-05,1150.25,1155.3599853515625,1138.75,1145.93505859375,1107.9613037109375,1360000,0.0,0.0
2023-10-06,1149.49755859375,1153.3800048828125,1140.7449951171875,1145.612548828125,1107.6495361328125,776240,0.0,0.0
2023-10-09,1140.6025390625,1149.0400390625,1140.0,1144.092529296875,1106.1798095703125,475100,0.0,0.0
2023-10-10,1148.0,1150.8499755859375,1141.2674560546875,1148.4024658203125,1110.3468017578125,793260,0.0,0.0
2023-10-11,1148.4024658203125,1163.6949462890625,1146.5,1160.1025390625,1121.6593017578125,1346760,0.0,0.0
2023-10-12,1161.1500244140625,1165.0,1148.1025390625,1153.7574462890625,1115.5242919921875,1084440,0.0,0.0
2023-10-13,1153.75244140625,1179.9925537109375,1147.77001953125,1177.717529296875,1138.6904296875,1815820,0.0,0.0
2023-10-16,1177.5,1177.5,1148.75244140625,1155.427490234375,1117.13916015625,1732160,0.0,0.0
2023-10-17,1156.5,1168.1099853515625,1156.5,1166.2650146484375,1127.617431640625,763320,0.0,0.0
2023-10-18,1166.2650146484375,1172.3575439453125,1160.0,1163.1474609375,1124.603271484375,713420,0.0,0.0
2023-10-19,1162.844970703125,1211.3499755859375,1155.0250244140625,1206.6175537109375,1166.6328125,5848240,0.0,0.0
2023-10-20,1204.99755859375,1237.25,1200.0899658203125,1213.9849853515625,1173.7562255859375,4158680,0.0,0.0
2023-10-23,1215.0,1233.74755859375,1206.41748046875,1209.887451171875,1169.794189453125,1584600,0.0,0.0
2023-10-25,1214.0,1226.4849853515625,1207.655029296875,1213.135009765625,1172.934326171875,2227000,0.0,0.0
2023-10-26,1213.0,1213.030029296875,1171.050048828125,1177.280029296875,1138.2674560546875,2538800,0.0,0.0
2023-10-27,1177.5250244140625,1211.4000244140625,1172.0174560546875,1202.8475341796875,1162.98779296875,2608740,0.0,0.0
2023-10-30,1205.0,1212.5,1193.25244140625,1208.5849609375,1168.534912109375,1452280,0.0,0.0
2023-10-31,1215.0,1216.5,1206.1025390625,1211.739990234375,1171.5855712890625,1032780,0.0,0.0
2023-11-01,1210.0,1210.00244140625,1189.0,1193.635009765625,1160.7861328125,1273800,7.0,0.0
2023-11-02,1199.510009765625,1207.489990234375,1188.655029296875,1205.5899658203125,1172.4122314453125,2141360,0.0,0.0
2023-11-03,1207.14501953125,1210.0,1198.842529296875,1199.9525146484375,1166.9298095703125,954280,0.0,0.0
2023-11-06,1207.50244140625,1219.5250244140625,1202.93505859375,1214.4775390625,1181.0550537109375,1485520,0.0,0.0
2023-11-07,1214.3499755859375,1224.0,1206.00244140625,1218.4749755859375,1184.942626953125,1059300,0.0,0.0
2023-11-08,1218.4525146484375,1220.635009765625,1211.00244140625,1214.0775146484375,1180.6658935546875,726100,0.0,0.0
2023-11-09,1217.5,1220.75,1209.6175537109375,1211.3375244140625,1178.0013427734375,844460,0.0,0.0
2023-11-10,1211.3375244140625,1212.4749755859375,1202.782470703125,1206.8599853515625,1173.647216796875,566340,0.0,0.0
2023-11-13,1214.9000244140625,1214.9000244140625,1201.5999755859375,1204.29248046875,1171.150390625,570560,0.0,0.0
2023-11-15,1212.25,1212.449951171875,1200.4000244140625,1208.7025146484375,1175.4390869140625,1533940,0.0,0.0
2023-11-16,1209.75244140625,1213.625,1202.300048828125,1204.14501953125,1171.0069580078125,1388360,0.0,0.0
2023-11-17,1205.0,1224.2449951171875,1203.22998046875,1218.6524658203125,1185.114990234375,1401020,0.0,0.0
2023-11-20,1218.75244140625,1220.18994140625,1208.300048828125,1215.12744140625,1181.68701171875,1082300,0.0,0.0
2023-11-21,1215.25,1220.9925537109375,1209.012451171875,1218.6724853515625,1185.1346435546875,906580,0.0,0.0
2023-11-22,1218.50244140625,1226.0,1213.0,1217.54248046875,1184.03564453125,736420,0.0,0.0
2023-11-23,1220.7025146484375,1229.4949951171875,1217.5574951171875,1219.6650390625,1186.0997314453125,736280,0.0,0.0
2023-11-24,1222.5,1223.6424560546875,1205.4024658203125,1206.947509765625,1173.732421875,808240,0.0,0.0
2023-11-28,1206.9000244140625,1213.0,1194.157470703125,1210.9300537109375,1177.605224609375,1753940,0.0,0.0
2023-11-29,1211.050048828125,1216.75,1200.552490234375,1203.375,1170.2581787109375,1254300,0.0,0.0
2023-11-30,1204.0,1217.010009765625,1198.2674560546875,1211.8074951171875,1178.45849609375,2944060,0.0,0.0
2023-12-01,1216.99755859375,1218.25,1207.8199462890625,1216.9300537109375,1183.4400634765625,1273000,0.0,0.0
2023-12-04,1219.449951171875,1226.75,1206.9324951171875,1220.1400146484375,1186.5616455078125,1987840,0.0,0.0
2023-12-05,1222.550048828125,1233.6925048828125,1220.1400146484375,1230.4449462890625,1196.5830078125,1343740,0.0,0.0
2023-12-06,1236.43994140625,1254.844970703125,1235.0999755859375,1248.425048828125,1214.0682373046875,1592160,0.0,0.0
2023-12-07,1248.425048828125,1258.50244140625,1240.6650390625,1248.762451171875,1214.396484375,1201700,0.0,0.0
2023-12-08,1249.75,1258.7850341796875,1237.8175048828125,1239.47998046875,1205.36962890625,1401520,0.0,0.0
2023-12-11,1244.0,1256.0,1231.949951171875,1252.1724853515625,1217.7127685546875,1078740,0.0,0.0
2023-12-12,1252.1724853515625,1262.0374755859375,1240.112548828125,1247.3575439453125,1213.0303955078125,1282460,0.0,0.0
2023-12-13,1247.9200439453125,1254.0,1241.25,1252.219970703125,1217.759033203125,891440,0.0,0.0
2023-12-14,1257.199951171875,1257.199951171875,1237.5050048828125,1239.6650390625,1205.54931640625,2094520,0.0,0.0
2023-12-15,1242.50244140625,1247.6075439453125,1211.0,1218.3199462890625,1184.791748046875,3190820,0.0,0.0
2023-12-18,1222.5,1229.030029296875,1214.949951171875,1217.7125244140625,1184.2010498046875,1326480,0.0,0.0
2023-12-19,1228.489990234375,1285.25,1225.5450439453125,1274.4849853515625,1239.4110107421875,7057320,0.0,0.0
2023-12-20,1284.699951171875,1288.9224853515625,1252.760009765625,1254.887451171875,1220.352783203125,2889760,0.0,0.0
2023-12-21,1254.887451171875,1262.4000244140625,1245.385009765625,1255.79248046875,1221.2330322265625,2212760,0.0,0.0
2023-12-22,1262.0,1270.49755859375,1255.0,1268.4224853515625,1233.5155029296875,1776560,0.0,0.0
2023-12-26,1274.300048828125,1280.0,1268.25,1278.1025390625,1242.9290771484375,1235700,0.0,0.0
2023-12-27,1280.0,1288.3974609375,1279.0250244140625,1286.0224609375,1250.631103515625,1428320,0.0,0.0
2023-12-28,1293.4925537109375,1318.699951171875,1288.760009765625,1312.4949951171875,1276.3751220703125,3155440,0.0,0.0
2023-12-29,1312.5,1332.5,1307.282470703125,1329.0150146484375,1292.4404296875,2068160,0.0,0.0
2024-01-01,1332.5,1372.262451171875,1332.0,1368.6199951171875,1330.95556640625,2632200,0.0,0.0
2024-01-02,1375.0,1384.6500244140625,1351.2025146484375,1361.157470703125,1323.6983642578125,2831540,0.0,0.0
2024-01-03,1367.25,1370.864990234375,1328.6500244140625,1331.760009765625,1295.1097412109375,2026920,0.0,0.0
2024-01-04,1342.552490234375,1357.50244140625,1332.6025390625,1355.8199462890625,1318.5078125,2647800,0.0,0.0
2024-01-05,1377.0,1377.0,1321.2249755859375,1333.199951171875,1296.5101318359375,5154128,0.0,10.0
2024-01-08,1341.5,1344.5,1305.5,1309.6500244140625,1273.6083984375,2064756,0.0,0.0
2024-01-09,1320.0,1320.1500244140625,1293.4749755859375,1296.300048828125,1260.6258544921875,1626054,0.0,0.0
2024-01-10,1295.0,1311.199951171875,1285.2249755859375,1289.050048828125,1253.575439453125,2052936,0.0,0.0
2024-01-11,1290.0,1294.9749755859375,1275.050048828125,1278.5999755859375,1243.4127197265625,1551334,0.0,0.0
2024-01-12,1278.5999755859375,1279.9749755859375,1265.0,1274.800048828125,1239.717529296875,2214110,0.0,0.0
2024-01-15,1282.0,1288.074951171875,1265.324951171875,1273.7750244140625,1238.7208251953125,1787668,0.0,0.0
2024-01-16,1278.449951171875,1278.449951171875,1265.675048828125,1271.0250244140625,1236.0465087890625,1386740,0.0,0.0
2024-01-17,1271.0250244140625,1278.574951171875,1262.699951171875,1271.550048828125,1236.5570068359375,1603238,0.0,0.0
2024-01-18,1267.5,1275.0,1248.074951171875,1251.0,1216.5723876953125,1269820,0.0,0.0
2024-01-19,1255.0,1260.949951171875,1249.8499755859375,1257.074951171875,1222.480224609375,1882782,0.0,0.0
2024-01-23,1240.0,1249.0999755859375,1223.0,1231.449951171875,1197.560302734375,1381076,0.0,0.0
2024-01-24,1238.949951171875,1259.699951171875,1227.5,1256.9749755859375,1222.383056640625,1318076,0.0,0.0
2024-01-25,1262.5250244140625,1264.0,1233.8499755859375,1241.074951171875,1206.920654296875,1571546,0.0,0.0
2024-01-29,1241.074951171875,1252.5,1238.300048828125,1249.2750244140625,1214.8948974609375,1265438,0.0,0.0
2024-01-30,1256.0,1265.574951171875,1244.0,1246.0250244140625,1211.7344970703125,1336068,0.0,0.0
2024-01-31,1254.5,1255.875,1240.8499755859375,1253.0,1218.517578125,1432188,0.0,0.0
2024-02-01,1255.0,1255.449951171875,1231.3499755859375,1233.9000244140625,1199.943115234375,1641132,0.0,0.0
2024-02-02,1234.0,1248.0,1231.5250244140625,1240.699951171875,1206.555908203125,1508122,0.0,0.0
2024-02-05,1252.5,1252.5,1228.3499755859375,1231.3499755859375,1197.463134765625,1065954,0.0,0.0
2024-02-06,1231.175048828125,1238.9749755859375,1222.875,1228.324951171875,1194.5213623046875,1540366,0.0,0.0
2024-02-07,1235.0,1255.7750244140625,1223.3499755859375,1249.800048828125,1215.4056396484375,3094808,0.0,0.0
2024-02-08,1251.9749755859375,1256.925048828125,1204.550048828125,1211.5250244140625,1178.183837890625,3308894,0.0,0.0
2024-02-09,1221.425048828125,1232.949951171875,1210.0250244140625,1225.050048828125,1191.3365478515625,1677638,0.0,0.0
2024-02-12,1229.875,1233.9749755859375,1219.6500244140625,1229.5250244140625,1195.6884765625,890538,0.0,0.0
2024-02-13,1237.0,1238.300048828125,1222.4749755859375,1228.675048828125,1194.86181640625,621970,0.0,0.0
2024-02-14,1225.0,1248.675048828125,1217.5250244140625,1243.5,1209.27880859375,1018616,0.0,0.0
2024-02-15,1247.5,1247.5,1219.0,1226.7750244140625,1196.3814697265625,1680952,3.5,0.0
2024-02-16,1228.5250244140625,1245.25,1224.300048828125,1243.824951171875,1213.009033203125,1493232,0.0,0.0
2024-02-19,1247.5,1262.75,1240.699951171875,1256.625,1225.4920654296875,955040,0.0,0.0
2024-02-20,1259.5,1270.9000244140625,1248.550048828125,1269.699951171875,1238.2430419921875,1262888,0.0,0.0
2024-02-21,1269.699951171875,1275.5,1259.074951171875,1271.800048828125,1240.2911376953125,1786364,0.0,0.0
2024-02-22,1280.0,1282.9749755859375,1262.5,1281.574951171875,1249.8236083984375,1504742,0.0,0.0
2024-02-23,1282.5,1291.5,1275.9749755859375,1289.5,1257.5526123046875,1211238,0.0,0.0
2024-02-26,1294.0,1294.0,1283.375,1291.949951171875,1259.9417724609375,1323894,0.0,0.0
2024-02-27,1292.5,1300.7249755859375,1283.375,1299.3499755859375,1267.1583251953125,1261744,0.0,0.0
2024-02-28,1300.5,1302.5,1280.125,1285.449951171875,1253.602783203125,985574,0.0,0.0
2024-02-29,1285.7249755859375,1303.0999755859375,1273.5250244140625,1298.0999755859375,1265.939453125,2774576,0.0,0.0
2024-03-01,1298.0999755859375,1308.2750244140625,1291.25,1300.7249755859375,1268.4993896484375,1511456,0.0,0.0
2024-03-04,1297.449951171875,1300.550048828125,1288.699951171875,1294.550048828125,1262.4774169921875,1268620,0.0,0.0
2024-03-05,1295.0,1297.5999755859375,1266.0,1269.324951171875,1237.8773193359375,678604,0.0,0.0
2024-03-06,1270.0,1283.375,1254.125,1266.5250244140625,1235.1468505859375,1983280,0.0,0.0
2024-03-07,1265.0,1283.0,1259.5,1280.4749755859375,1248.7509765625,1297304,0.0,0.0
2024-03-11,1280.4749755859375,1315.5,1274.2750244140625,1305.75,1273.39990234375,2990598,0.0,0.0
2024-03-12,1303.0250244140625,1307.5250244140625,1283.1500244140625,1295.074951171875,1262.9893798828125,1726470,0.0,0.0
2024-03-13,1297.4749755859375,1326.824951171875,1276.425048828125,1291.4749755859375,1259.478515625,3627604,0.0,0.0
2024-03-14,1295.0,1309.9749755859375,1286.949951171875,1306.375,1274.009521484375,2245994,0.0,0.0
2024-03-15,1308.4749755859375,1314.949951171875,1292.5999755859375,1301.824951171875,1269.572265625,2533984,0.0,0.0
2024-03-18,1301.824951171875,1305.4000244140625,1279.375,1290.175048828125,1258.2108154296875,1285192,0.0,0.0
2024-03-19,1290.0,1292.375,1234.074951171875,1248.0250244140625,1217.1051025390625,3497728,0.0,0.0
2024-03-20,1257.0,1277.5,1249.0250244140625,1275.125,1243.5338134765625,1399290,0.0,0.0
2024-03-21,1275.5,1281.0250244140625,1262.574951171875,1276.824951171875,1245.19140625,1807754,0.0,0.0
2024-03-22,1270.0999755859375,1296.0,1268.5,1286.699951171875,1254.8218994140625,2027126,0.0,0.0
2024-03-26,1284.0,1298.25,1266.074951171875,1293.050048828125,1261.0146484375,1941704,0.0,0.0
2024-03-27,1293.050048828125,1295.2750244140625,1275.875,1283.2249755859375,1251.432861328125,1801192,0.0,0.0
2024-03-28,1283.5250244140625,1319.3499755859375,1283.5250244140625,1311.175048828125,1278.6905517578125,4365832,0.0,0.0
2024-04-01,1311.175048828125,1321.300048828125,1291.25,1292.800048828125,1260.7706298828125,1486064,0.0,0.0
2024-04-02,1298.5,1315.0,1291.5,1311.6500244140625,1279.1536865234375,1445766,0.0,0.0
2024-04-03,1311.6500244140625,1311.9749755859375,1272.5,1276.9749755859375,1245.337890625,3850278,0.0,0.0
2024-04-04,1284.9000244140625,1285.0,1257.050048828125,1274.800048828125,1243.216796875,2782752,0.0,0.0
2024-04-05,1287.5,1288.0,1267.0,1268.824951171875,1237.3896484375,1532454,0.0,0.0
2024-04-08,1265.5,1273.625,1246.425048828125,1249.0250244140625,1218.0802001953125,2436980,0.0,0.0
2024-04-09,1253.0,1261.0999755859375,1248.5,1251.4000244140625,1220.396484375,867882,0.0,0.0
2024-04-10,1257.0,1266.5,1247.0250244140625,1263.800048828125,1232.4893798828125,989760,0.0,0.0
2024-04-12,1267.3499755859375,1279.5,1258.0999755859375,1268.0999755859375,1236.6827392578125,2479930,0.0,0.0
2024-04-15,1255.0,1288.5,1255.0,1276.824951171875,1245.19140625,2293646,0.0,0.0
2024-04-16,1275.074951171875,1291.824951171875,1271.1500244140625,1273.050048828125,1241.5101318359375,1537722,0.0,0.0
2024-04-18,1270.050048828125,1271.324951171875,1205.300048828125,1231.2750244140625,1200.77001953125,6077666,0.0,0.0
2024-04-19,1215.0,1235.675048828125,1205.0,1218.8499755859375,1188.65283203125,3702024,0.0,0.0
2024-04-22,1218.25,1241.0,1213.925048828125,1229.3499755859375,1198.8927001953125,2504706,0.0,0.0
2024-04-23,1224.5,1255.0,1212.9749755859375,1250.625,1219.6407470703125,2248818,0.0,0.0
2024-04-24,1257.5250244140625,1267.9000244140625,1244.125,1250.074951171875,1219.104248046875,1447036,0.0,0.0
2024-04-25,1259.9749755859375,1288.949951171875,1235.625,1281.324951171875,1249.579833984375,6481728,0.0,0.0
2024-04-26,1287.4749755859375,1291.4000244140625,1235.5250244140625,1241.375,1210.6197509765625,2643128,0.0,0.0
2024-04-29,1251.0,1262.199951171875,1245.0,1254.9000244140625,1223.809814453125,1243124,0.0,0.0
2024-04-30,1258.8499755859375,1268.800048828125,1250.2750244140625,1253.699951171875,1222.6392822265625,1625278,0.0,0.0
2024-05-02,1253.699951171875,1270.5,1252.5,1256.1500244140625,1225.0289306640625,2223826,0.0,0.0
2024-05-03,1257.550048828125,1261.5250244140625,1218.125,1228.050048828125,1197.625,2257460,0.0,0.0
2024-05-06,1237.199951171875,1239.9749755859375,1223.4749755859375,1228.699951171875,1198.2589111328125,1431992,0.0,0.0
2024-05-07,1234.5,1264.175048828125,1229.7750244140625,1254.324951171875,1223.2489013671875,2146918,0.0,0.0
2024-05-08,1251.2249755859375,1274.0,1242.824951171875,1269.5,1238.048095703125,1398140,0.0,0.0
2024-05-09,1269.5,1274.949951171875,1251.0,1256.7249755859375,1225.5894775390625,1404310,0.0,0.0
2024-05-10,1256.7249755859375,1274.5,1251.7249755859375,1266.5999755859375,1235.2198486328125,1394832,0.0,0.0
2024-05-13,1266.375,1270.949951171875,1253.0250244140625,1258.125,1226.9549560546875,680762,0.0,0.0
2024-05-14,1253.050048828125,1259.4749755859375,1241.0,1243.675048828125,1212.8629150390625,1113494,0.0,0.0
2024-05-15,1244.0,1249.5,1230.0,1232.5,1201.96484375,868812,0.0,0.0
2024-05-16,1235.0,1239.9749755859375,1210.1500244140625,1234.175048828125,1203.5982666015625,1944988,0.0,0.0
2024-05-17,1234.175048828125,1234.175048828125,1216.9000244140625,1222.75,1192.456298828125,1442356,0.0,0.0
2024-05-21,1233.0,1244.800048828125,1216.0,1230.4000244140625,1199.9166259765625,2574902,0.0,0.0
2024-05-22,1236.0,1243.75,1230.949951171875,1234.574951171875,1203.98828125,1574654,0.0,0.0
2024-05-23,1240.5,1243.75,1227.7750244140625,1237.074951171875,1206.4261474609375,1563326,0.0,0.0
2024-05-24,1238.4749755859375,1242.5,1229.0250244140625,1233.875,1203.3056640625,907544,0.0,0.0
2024-05-27,1238.5,1239.5,1227.5,1229.949951171875,1199.477783203125,1071662,0.0,0.0
2024-05-28,1230.574951171875,1233.824951171875,1223.0,1225.8499755859375,1195.4794921875,1043344,0.0,0.0
2024-05-29,1223.8499755859375,1248.5,1222.5,1238.0999755859375,1207.426025390625,1739200,0.0,0.0
2024-05-30,1232.5250244140625,1236.550048828125,1200.2750244140625,1202.4000244140625,1172.610595703125,2548428,0.0,0.0
2024-05-31,1212.800048828125,1212.800048828125,1172.5,1177.449951171875,1148.2784423828125,5065946,0.0,0.0
2024-06-03,1187.4000244140625,1194.4749755859375,1175.0,1177.5250244140625,1148.3516845703125,2145030,0.0,0.0
2024-06-04,1181.9749755859375,1219.0,1163.7249755859375,1213.875,1183.8011474609375,3117062,0.0,0.0
2024-06-05,1215.0,1287.0250244140625,1215.0,1254.925048828125,1223.834228515625,4057558,0.0,0.0
2024-06-06,1259.0,1259.0,1226.324951171875,1235.699951171875,1205.08544921875,1944280,0.0,0.0
2024-06-07,1238.2249755859375,1258.125,1233.5,1251.2249755859375,1220.2257080078125,2022404,0.0,0.0
2024-06-10,1255.0,1282.5,1253.5250244140625,1274.0999755859375,1242.5340576171875,1590348,0.0,0.0
2024-06-11,1280.0,1287.5,1267.0,1270.9749755859375,1239.486572265625,1138822,0.0,0.0
2024-06-12,1272.0,1277.375,1260.5,1268.6500244140625,1237.2191162109375,960816,0.0,0.0
2024-06-13,1297.074951171875,1307.2249755859375,1272.574951171875,1275.875,1244.2650146484375,2162544,0.0,0.0
2024-06-14,1282.300048828125,1282.300048828125,1267.050048828125,1271.25,1239.7547607421875,858944,0.0,0.0
2024-06-18,1274.5,1277.5,1267.0,1275.175048828125,1243.58251953125,519108,0.0,0.0
2024-06-19,1275.0,1279.800048828125,1258.925048828125,1263.0250244140625,1231.7333984375,1568614,0.0,0.0
2024-06-20,1262.5,1275.574951171875,1250.0,1269.875,1238.4136962890625,1314826,0.0,0.0
2024-06-21,1266.300048828125,1274.0,1244.25,1249.199951171875,1218.2508544921875,2543088,0.0,0.0
2024-06-24,1249.199951171875,1266.0,1242.25,1265.0250244140625,1233.683837890625,1448402,0.0,0.0
2024-06-25,1267.5,1269.1500244140625,1252.5,1257.7249755859375,1226.5648193359375,625460,0.0,0.0
2024-06-26,1261.300048828125,1273.5,1253.7249755859375,1267.125,1235.7318115234375,958712,0.0,0.0
2024-06-27,1265.5999755859375,1277.0,1254.0250244140625,1266.875,1235.4881591796875,1732622,0.0,0.0
2024-06-28,1266.875,1286.8499755859375,1264.1500244140625,1275.824951171875,1244.21630859375,2364066,0.0,0.0
2024-07-01,1279.9000244140625,1295.550048828125,1278.5,1284.050048828125,1252.237548828125,1849028,0.0,0.0
2024-07-02,1292.699951171875,1294.0,1266.574951171875,1272.2249755859375,1240.7054443359375,1162200,0.0,0.0
2024-07-03,1275.050048828125,1284.7750244140625,1270.3499755859375,1275.75,1244.14306640625,631912,0.0,0.0
2024-07-04,1280.0,1282.5,1271.0250244140625,1272.574951171875,1241.046875,627352,0.0,0.0
2024-07-05,1275.300048828125,1289.800048828125,1266.25,1287.074951171875,1255.1875,1583026,0.0,0.0
2024-07-08,1287.074951171875,1310.0,1280.7249755859375,1301.699951171875,1269.4501953125,1448552,0.0,0.0
2024-07-09,1313.6500244140625,1320.050048828125,1296.800048828125,1316.550048828125,1283.932373046875,1665146,0.0,0.0
2024-07-10,1318.949951171875,1324.9749755859375,1299.0250244140625,1308.2249755859375,1275.8135986328125,1069980,0.0,0.0
2024-07-11,1310.0,1315.800048828125,1281.8499755859375,1296.5999755859375,1264.4765625,2107598,0.0,0.0
2024-07-12,1302.5,1309.925048828125,1292.925048828125,1304.5,1272.180908203125,1451786,0.0,0.0
2024-07-15,1304.5250244140625,1309.75,1298.5,1302.550048828125,1270.2791748046875,695922,0.0,0.0
2024-07-16,1302.300048828125,1309.425048828125,1284.5250244140625,1303.6500244140625,1276.8660888671875,1514138,5.625,0.0
2024-07-18,1287.5,1317.449951171875,1287.5,1313.5250244140625,1286.5382080078125,1733594,0.0,0.0
2024-07-19,1317.425048828125,1322.75,1293.2249755859375,1298.925048828125,1272.23828125,1077872,0.0,0.0
2024-07-22,1298.925048828125,1315.0,1282.6500244140625,1293.6500244140625,1267.071533203125,1490342,0.0,0.0
2024-07-23,1298.300048828125,1303.25,1275.0,1290.7750244140625,1264.255615234375,1936998,0.0,0.0
2024-07-24,1290.5,1290.5,1259.3499755859375,1270.699951171875,1244.593017578125,2622088,0.0,0.0
2024-07-25,1272.4000244140625,1278.324951171875,1229.7249755859375,1240.324951171875,1214.8421630859375,6938362,0.0,0.0
2024-07-26,1246.300048828125,1246.300048828125,1225.75,1238.449951171875,1213.005615234375,3239386,0.0,0.0
2024-07-29,1241.800048828125,1243.4749755859375,1229.5,1235.1500244140625,1209.7733154296875,1605802,0.0,0.0
2024-07-30,1235.175048828125,1240.199951171875,1225.5,1228.824951171875,1203.578369140625,3429516,0.0,0.0
2024-07-31,1235.0,1238.5,1226.0,1228.175048828125,1202.9417724609375,1644722,0.0,0.0
2024-08-01,1232.5,1246.1500244140625,1228.175048828125,1242.0,1216.482666015625,2653524,0.0,0.0
2024-08-02,1240.0,1257.0,1232.5,1247.550048828125,1221.918701171875,2310948,0.0,0.0
2024-08-05,1244.0,1264.449951171875,1237.5250244140625,1255.449951171875,1229.65625,2651820,0.0,0.0
2024-08-06,1256.949951171875,1264.0,1250.5,1254.25,1228.4810791015625,1898862,0.0,0.0
2024-08-07,1259.2750244140625,1264.4749755859375,1255.125,1261.4000244140625,1235.484130859375,1299940,0.0,0.0
2024-08-08,1259.2750244140625,1262.5,1239.0,1244.550048828125,1218.980224609375,2850012,0.0,0.0
2024-08-09,1253.300048828125,1255.949951171875,1245.0999755859375,1252.3499755859375,1226.6201171875,540012,0.0,0.0
2024-08-12,1250.9000244140625,1254.9749755859375,1234.175048828125,1236.550048828125,1211.1446533203125,950040,0.0,0.0
2024-08-13,1237.0,1246.0,1236.75,1242.3499755859375,1216.825439453125,623692,0.0,0.0
2024-08-14,1243.449951171875,1245.9749755859375,1230.300048828125,1237.300048828125,1211.87939453125,1123752,0.0,0.0
2024-08-16,1245.0,1266.7249755859375,1235.675048828125,1262.7249755859375,1236.781982421875,1719668,0.0,0.0
2024-08-19,1265.0,1273.0,1250.2750244140625,1251.574951171875,1225.8609619140625,955402,0.0,0.0
2024-08-20,1255.300048828125,1263.0,1249.5250244140625,1259.25,1233.3782958984375,969464,0.0,0.0
2024-08-21,1264.949951171875,1277.5,1260.824951171875,1275.875,1249.66162109375,1249546,0.0,0.0
2024-08-22,1282.5,1282.5250244140625,1272.5,1275.5,1249.29443359375,1269810,0.0,0.0
2024-08-23,1275.4749755859375,1275.675048828125,1260.0,1264.5999755859375,1238.618408203125,1023074,0.0,0.0
2024-08-26,1264.5999755859375,1272.5,1253.9749755859375,1259.7750244140625,1233.8924560546875,1266798,0.0,0.0
2024-08-27,1264.324951171875,1266.4000244140625,1255.75,1260.7249755859375,1234.8228759765625,782130,0.0,0.0
2024-08-28,1259.5,1259.5,1245.0,1246.25,1220.6453857421875,1130322,0.0,0.0
2024-08-29,1249.449951171875,1259.7249755859375,1245.324951171875,1252.2750244140625,1226.5465087890625,1799588,0.0,0.0
2024-08-30,1252.2750244140625,1258.6500244140625,1245.9000244140625,1250.375,1224.6856689453125,3808974,0.0,0.0
2024-09-02,1250.0,1258.0,1248.5250244140625,1254.949951171875,1229.16650390625,1751182,0.0,0.0
2024-09-03,1251.0,1279.5,1251.0,1265.375,1239.3773193359375,1975054,0.0,0.0
2024-09-04,1262.5250244140625,1270.7249755859375,1256.8499755859375,1267.375,1241.3363037109375,1005886,0.0,0.0
2024-09-05,1267.375,1267.5,1246.074951171875,1252.449951171875,1226.718017578125,2238592,0.0,0.0
2024-09-06,1254.300048828125,1259.625,1244.0250244140625,1251.5999755859375,1225.8853759765625,1673400,0.0,0.0
2024-09-09,1247.574951171875,1260.0,1244.375,1258.375,1232.5213623046875,1167196,0.0,0.0
2024-09-10,1264.5,1273.949951171875,1257.0,1267.75,1241.70361328125,3044078,0.0,0.0
2024-09-11,1273.5,1280.800048828125,1259.7249755859375,1263.425048828125,1237.467529296875,1959876,0.0,0.0
2024-09-12,1264.949951171875,1270.0,1244.0,1263.925048828125,1237.9571533203125,3109758,0.0,0.0
2024-09-13,1265.0,1280.5,1264.125,1265.699951171875,1239.69580078125,1465434,0.0,0.0
2024-09-16,1265.0,1277.800048828125,1250.0,1274.800048828125,1248.60888671875,788794,0.0,0.0
2024-09-17,1275.574951171875,1292.6500244140625,1269.3499755859375,1273.425048828125,1247.2620849609375,1390374,0.0,0.0
2024-09-18,1274.9749755859375,1300.550048828125,1273.0,1298.574951171875,1271.8951416015625,2354058,0.0,0.0
2024-09-19,1301.5,1338.5,1298.574951171875,1317.0999755859375,1290.0396728515625,5068578,0.0,0.0
2024-09-20,1322.0,1352.125,1315.574951171875,1349.7750244140625,1322.04345703125,4645516,0.0,0.0
2024-09-23,1352.574951171875,1364.925048828125,1345.0,1362.574951171875,1334.580322265625,2144494,0.0,0.0
2024-09-24,1362.5,1383.4000244140625,1337.0,1348.199951171875,1320.5006103515625,3080066,0.0,0.0
2024-09-25,1342.625,1352.300048828125,1329.5250244140625,1348.675048828125,1320.966064453125,1437914,0.0,0.0
2024-09-26,1353.9749755859375,1381.2249755859375,1353.9749755859375,1377.75,1349.443603515625,2317212,0.0,0.0
2024-09-27,1375.0,1389.0,1365.5,1372.8499755859375,1344.6444091796875,2194334,0.0,0.0
2024-09-30,1360.0,1370.0,1342.4000244140625,1344.9749755859375,1317.342041015625,1766384,0.0,0.0
2024-10-01,1345.0,1355.0,1336.449951171875,1353.5250244140625,1325.7164306640625,1105518,0.0,0.0
2024-10-03,1342.5,1347.5,1325.175048828125,1337.425048828125,1309.947265625,1624730,0.0,0.0
2024-10-04,1331.5,1339.175048828125,1295.1500244140625,1299.074951171875,1272.385009765625,2066068,0.0,0.0
2024-10-07,1302.4749755859375,1310.0,1283.449951171875,1286.925048828125,1260.4847412109375,2205716,0.0,0.0
2024-10-08,1285.300048828125,1297.0,1275.800048828125,1290.875,1264.353515625,2404340,0.0,0.0
2024-10-09,1289.5,1290.0,1234.4749755859375,1258.0,1232.1539306640625,4733190,0.0,0.0
2024-10-10,1264.5,1265.8499755859375,1253.0,1256.2249755859375,1230.4154052734375,2060004,0.0,0.0
2024-10-11,1260.0,1261.0,1248.050048828125,1255.9000244140625,1230.0970458984375,1256928,0.0,0.0
2024-10-14,1259.8499755859375,1259.8499755859375,1246.574951171875,1251.0250244140625,1225.322265625,1340768,0.0,0.0
2024-10-15,1251.0250244140625,1251.0250244140625,1236.0,1242.125,1216.605224609375,1590308,0.0,0.0
2024-10-16,1245.0,1246.5250244140625,1215.7249755859375,1231.125,1205.8310546875,2473286,0.0,0.0
2024-10-17,1237.4749755859375,1237.4749755859375,1182.5,1189.3499755859375,1164.9144287109375,5255508,0.0,0.0
2024-10-18,1190.0,1191.824951171875,1163.050048828125,1175.125,1150.9815673828125,3278370,0.0,0.0
2024-10-21,1180.0,1187.0,1166.5,1177.324951171875,1153.136474609375,1497408,0.0,0.0
2024-10-22,1177.25,1192.5,1170.0250244140625,1175.125,1150.9815673828125,1934262,0.0,0.0
2024-10-23,1175.0250244140625,1187.449951171875,1160.050048828125,1163.574951171875,1139.6689453125,1414522,0.0,0.0
2024-10-24,1169.5,1170.0,1108.0,1129.324951171875,1106.12255859375,5910994,0.0,0.0
2024-10-25,1134.5,1143.25,1128.5,1130.3499755859375,1107.12646484375,2683018,0.0,0.0
2024-10-28,1135.4749755859375,1159.5,1128.0250244140625,1136.0250244140625,1112.684814453125,1751130,0.0,0.0
2024-10-29,1140.0,1142.9000244140625,1130.375,1133.699951171875,1110.40771484375,1859662,0.0,0.0
2024-10-30,1139.375,1148.625,1130.0999755859375,1138.1500244140625,1114.7664794921875,1787546,0.0,0.0
2024-10-31,1143.5,1143.5,1130.0,1131.4749755859375,1108.228515625,1319530,0.0,0.0
2024-11-01,1146.449951171875,1146.4749755859375,1134.175048828125,1141.1500244140625,1117.70458984375,243228,0.0,0.0
2024-11-04,1141.5,1143.5,1115.449951171875,1123.0999755859375,1100.0255126953125,1926320,0.0,0.0
2024-11-05,1128.0,1133.949951171875,1118.1500244140625,1131.2249755859375,1107.9835205078125,1451860,0.0,0.0
2024-11-06,1134.0,1139.8499755859375,1129.0250244140625,1137.800048828125,1114.4234619140625,1613946,0.0,0.0
2024-11-07,1136.5,1142.425048828125,1120.8499755859375,1131.425048828125,1108.179443359375,1783914,0.0,0.0
2024-11-08,1135.0,1149.0,1129.4000244140625,1147.824951171875,1124.242431640625,1669990,0.0,0.0
2024-11-11,1140.0,1147.425048828125,1127.0999755859375,1139.5250244140625,1116.113037109375,1547190,0.0,0.0
2024-11-12,1145.2249755859375,1145.2249755859375,1120.5,1128.0999755859375,1104.9228515625,2210678,0.0,0.0
2024-11-13,1120.625,1125.9749755859375,1111.0,1117.625,1094.6630859375,1526776,0.0,0.0
2024-11-14,1119.5250244140625,1122.4749755859375,1089.199951171875,1091.4000244140625,1068.9769287109375,2318476,0.0,0.0
2024-11-18,1095.3499755859375,1109.4749755859375,1084.3499755859375,1106.5999755859375,1083.8643798828125,1383330,0.0,0.0
2024-11-19,1112.5,1121.824951171875,1101.949951171875,1107.074951171875,1084.329833984375,1612040,0.0,0.0
2024-11-21,1102.7750244140625,1125.0,1093.5,1105.5999755859375,1082.885009765625,1655768,0.0,0.0
2024-11-22,1107.0999755859375,1126.425048828125,1102.0999755859375,1123.6500244140625,1100.5643310546875,1543916,0.0,0.0
2024-11-25,1129.2750244140625,1141.824951171875,1123.125,1128.4749755859375,1105.2900390625,4059604,0.0,0.0
2024-11-26,1135.0,1143.9749755859375,1125.25,1132.625,1109.3548583984375,634244,0.0,0.0
2024-11-27,1138.300048828125,1138.4000244140625,1125.2249755859375,1136.9749755859375,1113.6153564453125,874722,0.0,0.0
2024-11-28,1137.0250244140625,1144.75,1114.0,1118.125,1095.1527099609375,2492756,0.0,0.0
2024-11-29,1113.5,1131.5,1113.5,1117.324951171875,1094.369140625,2698320,0.0,0.0
2024-12-02,1121.4000244140625,1128.5,1111.550048828125,1125.925048828125,1102.7926025390625,936544,0.0,0.0
2024-12-03,1131.0,1133.425048828125,1125.0,1130.8499755859375,1107.6162109375,1532464,0.0,0.0
2024-12-04,1130.5,1137.5,1120.7249755859375,1128.9000244140625,1105.7064208984375,1937738,0.0,0.0
2024-12-05,1128.9000244140625,1138.5,1110.5,1132.75,1109.477294921875,2375568,0.0,0.0
2024-12-06,1133.2249755859375,1145.9749755859375,1127.550048828125,1133.9000244140625,1110.6036376953125,1291202,0.0,0.0
2024-12-09,1135.0,1138.300048828125,1106.824951171875,1114.425048828125,1091.52880859375,1939702,0.0,0.0
2024-12-10,1114.5,1120.0,1105.0,1107.2249755859375,1084.4766845703125,1830596,0.0,0.0
2024-12-11,1112.5,1127.0,1111.5,1120.5250244140625,1097.50341796875,1469722,0.0,0.0
2024-12-12,1124.9749755859375,1127.0,1107.550048828125,1112.0250244140625,1089.1781005859375,1931220,0.0,0.0
2024-12-13,1112.5,1128.925048828125,1104.125,1126.75,1103.6005859375,1109322,0.0,0.0
2024-12-16,1126.75,1128.75,1114.2750244140625,1119.375,1096.3770751953125,1331372,0.0,0.0
2024-12-17,1113.0,1116.9749755859375,1100.0,1101.4749755859375,1078.8447265625,2997812,0.0,0.0
2024-12-18,1101.4749755859375,1106.9749755859375,1090.25,1094.0250244140625,1071.5478515625,1932332,0.0,0.0
2024-12-19,1092.5,1097.125,1073.699951171875,1080.199951171875,1058.0068359375,3107980,0.0,0.0
2024-12-20,1080.0,1087.5,1072.699951171875,1081.75,1059.5250244140625,3303524,0.0,0.0
2024-12-23,1085.0,1090.0,1073.8499755859375,1075.800048828125,1053.6973876953125,877434,0.0,0.0
2024-12-24,1075.8499755859375,1087.5,1075.8499755859375,1083.3499755859375,1061.0921630859375,645132,0.0,0.0
2024-12-26,1079.0999755859375,1088.0,1073.199951171875,1074.949951171875,1052.86474609375,1047852,0.0,0.0
2024-12-27,1079.5,1084.5250244140625,1075.5,1082.800048828125,1060.5535888671875,925334,0.0,0.0
2024-12-30,1087.0,1088.5,1074.5,1079.949951171875,1057.761962890625,2470980,0.0,0.0
2024-12-31,1077.5,1087.2750244140625,1073.875,1085.0250244140625,1062.7327880859375,1271114,0.0,0.0
2025-01-01,1085.0,1089.625,1078.6500244140625,1084.625,1062.3409423828125,908580,0.0,0.0
2025-01-02,1084.5,1103.875,1081.574951171875,1100.0999755859375,1077.4979248046875,1258328,0.0,0.0
2025-01-03,1100.0999755859375,1118.9749755859375,1099.0250244140625,1116.3499755859375,1093.4141845703125,2022900,0.0,0.0
2025-01-06,1121.75,1122.449951171875,1085.0,1092.5,1070.05419921875,2276932,0.0,0.0
2025-01-07,1095.0999755859375,1108.1500244140625,1089.949951171875,1106.324951171875,1083.5950927734375,1191638,0.0,0.0
2025-01-08,1111.5,1112.4749755859375,1097.2750244140625,1109.949951171875,1087.145751953125,899000,0.0,0.0
2025-01-09,1107.7249755859375,1135.9000244140625,1102.0250244140625,1128.0250244140625,1104.8492431640625,2294636,0.0,0.0
2025-01-10,1136.0250244140625,1139.0,1120.625,1123.949951171875,1100.858154296875,1619708,0.0,0.0
2025-01-13,1122.5,1130.574951171875,1110.7750244140625,1118.675048828125,1095.6915283203125,1609062,0.0,0.0
2025-01-14,1125.5999755859375,1128.300048828125,1099.625,1109.5250244140625,1086.7293701171875,1405098,0.0,0.0
2025-01-15,1109.5250244140625,1110.050048828125,1086.0999755859375,1099.824951171875,1077.228515625,1447250,0.0,0.0
2025-01-16,1102.550048828125,1109.125,1078.25,1084.6500244140625,1062.3653564453125,2651618,0.0,0.0
2025-01-17,1090.324951171875,1113.175048828125,1086.2750244140625,1108.5999755859375,1085.8232421875,911802,0.0,0.0
2025-01-20,1109.5999755859375,1112.5,1101.175048828125,1107.0,1084.2562255859375,802216,0.0,0.0
2025-01-21,1112.5,1120.0,1095.7750244140625,1098.2249755859375,1075.6614990234375,1528828,0.0,0.0
2025-01-22,1098.2249755859375,1106.4749755859375,1097.074951171875,1103.9000244140625,1081.219970703125,896072,0.0,0.0
2025-01-23,1097.074951171875,1104.800048828125,1082.5,1099.4749755859375,1076.8858642578125,992014,0.0,0.0
2025-01-24,1101.0,1111.375,1095.050048828125,1103.949951171875,1081.268798828125,1327200,0.0,0.0
2025-01-27,1091.0250244140625,1115.949951171875,1084.300048828125,1087.375,1065.034423828125,1099972,0.0,0.0
2025-01-28,1087.375,1090.925048828125,1071.300048828125,1078.1500244140625,1055.9990234375,1442066,0.0,0.0
2025-01-29,1078.1500244140625,1092.449951171875,1065.625,1090.3499755859375,1067.9482421875,794290,0.0,0.0
2025-01-30,1094.5,1116.3499755859375,1090.3499755859375,1108.675048828125,1085.8968505859375,1149120,0.0,0.0
2025-01-31,1108.675048828125,1193.5,1104.75,1156.5999755859375,1132.837158203125,6279774,0.0,0.0
2025-02-01,1156.5,1187.0,1128.625,1163.5999755859375,1139.6934814453125,2493130,0.0,0.0
2025-02-03,1163.5999755859375,1187.0,1155.8499755859375,1158.550048828125,1134.7470703125,2281742,0.0,0.0
2025-02-04,1161.199951171875,1161.4000244140625,1141.8499755859375,1149.7249755859375,1126.1033935546875,2487034,0.0,0.0
2025-02-05,1141.9000244140625,1148.949951171875,1112.625,1124.4749755859375,1101.372314453125,2950590,0.0,0.0
2025-02-06,1134.5,1134.5,1113.5,1119.7249755859375,1096.7197265625,1973914,0.0,0.0
2025-02-07,1117.0,1119.0,1103.7750244140625,1112.550048828125,1096.670654296875,1585116,7.125,0.0
2025-02-10,1117.5,1126.25,1103.0999755859375,1110.5250244140625,1094.674560546875,1520362,0.0,0.0
2025-02-11,1110.5250244140625,1116.050048828125,1088.9749755859375,1097.75,1082.081787109375,953674,0.0,0.0
2025-02-12,1107.0,1107.0,1085.8499755859375,1096.875,1081.21923828125,1006516,0.0,0.0
2025-02-13,1096.875,1105.0999755859375,1086.324951171875,1088.7750244140625,1073.2349853515625,1022294,0.0,0.0
2025-02-14,1088.7750244140625,1112.5,1085.0250244140625,1097.925048828125,1082.2542724609375,1921722,0.0,0.0
2025-02-17,1097.925048828125,1110.0,1085.0,1108.25,1092.4320068359375,1603030,0.0,0.0
2025-02-18,1108.25,1114.75,1099.9749755859375,1111.199951171875,1095.33984375,906118,0.0,0.0
2025-02-19,1103.0,1112.0,1098.7750244140625,1102.4749755859375,1086.7393798828125,852958,0.0,0.0
2025-02-20,1102.4749755859375,1107.4749755859375,1093.4000244140625,1103.375,1087.62646484375,1316934,0.0,0.0
2025-02-21,1108.4749755859375,1109.050048828125,1094.6500244140625,1107.4749755859375,1091.66796875,1188490,0.0,0.0
2025-02-24,1099.5,1118.925048828125,1098.0250244140625,1110.199951171875,1094.3541259765625,968084,0.0,0.0
2025-02-25,1111.2249755859375,1128.199951171875,1106.925048828125,1125.199951171875,1109.139892578125,1285668,0.0,0.0
2025-02-27,1130.0999755859375,1140.9000244140625,1125.0,1139.0999755859375,1122.841552734375,1502006,0.0,0.0
2025-02-28,1130.5,1135.0,1092.5,1094.824951171875,1079.1986083984375,3687132,0.0,0.0
2025-03-03,1094.125,1100.0,1075.4000244140625,1092.7750244140625,1077.177734375,1043550,0.0,0.0
2025-03-04,1080.0,1082.050048828125,1059.0,1073.25,1057.931396484375,2085044,0.0,0.0
2025-03-05,1055.0,1104.675048828125,1055.0,1098.5,1082.8211669921875,1693328,0.0,0.0
2025-03-06,1093.5,1108.199951171875,1085.1500244140625,1100.5999755859375,1084.89111328125,2514922,0.0,0.0
2025-03-07,1100.5,1123.0,1095.625,1119.2249755859375,1103.250244140625,1051212,0.0,0.0
2025-03-10,1119.5999755859375,1137.0,1077.550048828125,1124.199951171875,1108.154296875,1013160,0.0,0.0
2025-03-11,1120.4000244140625,1136.2249755859375,1116.875,1125.699951171875,1109.6328125,957110,0.0,0.0
2025-03-12,1124.5,1127.050048828125,1095.824951171875,1097.75,1082.081787109375,717178,0.0,0.0
2025-03-13,1101.050048828125,1105.875,1092.050048828125,1095.9749755859375,1080.3321533203125,584340,0.0,0.0
2025-03-17,1087.7750244140625,1101.675048828125,1078.0,1087.175048828125,1071.6578369140625,820010,0.0,0.0
2025-03-18,1087.175048828125,1087.175048828125,1087.175048828125,1087.175048828125,1071.6578369140625,0,0.0,0.0
2025-03-19,1103.25,1106.699951171875,1090.074951171875,1092.0,1076.4139404296875,845086,0.0,0.0
2025-03-20,1102.0,1114.375,1090.574951171875,1110.7750244140625,1094.9208984375,953748,0.0,0.0
2025-03-21,1120.449951171875,1137.5,1115.9749755859375,1134.425048828125,1118.2333984375,1585274,0.0,0.0
2025-03-24,1136.550048828125,1144.300048828125,1130.0250244140625,1131.7750244140625,1115.6212158203125,861902,0.0,0.0
2025-03-25,1130.0,1140.0,1115.0999755859375,1127.425048828125,1111.333251953125,1484284,0.0,0.0
2025-03-26,1127.449951171875,1134.925048828125,1120.050048828125,1121.7249755859375,1105.714599609375,1066938,0.0,0.0
2025-03-27,1120.0999755859375,1134.0,1112.625,1121.0250244140625,1105.024658203125,1731172,0.0,0.0
2025-03-28,1121.5250244140625,1143.9749755859375,1121.5250244140625,1125.375,1109.3125,1432302,0.0,0.0
2025-04-01,1130.949951171875,1143.925048828125,1109.050048828125,1117.0,1101.05712890625,2040110,0.0,0.0
2025-04-02,1115.0,1115.0,1074.0,1105.3499755859375,1089.5732421875,2601704,0.0,0.0
2025-04-03,1099.0250244140625,1124.5250244140625,1097.5,1122.824951171875,1106.798828125,635716,0.0,0.0
2025-04-04,1117.0,1141.4000244140625,1108.625,1131.074951171875,1114.93115234375,1183470,0.0,0.0
2025-04-07,1080.0,1128.675048828125,1080.0,1124.5,1108.449951171875,1474570,0.0,0.0
2025-04-08,1127.5,1141.4749755859375,1115.625,1137.699951171875,1121.4615478515625,1747016,0.0,0.0
2025-04-09,1141.5999755859375,1181.300048828125,1136.0999755859375,1172.425048828125,1155.6910400390625,3706748,0.0,0.0
2025-04-11,1172.8499755859375,1186.0,1161.0250244140625,1180.699951171875,1163.8477783203125,2236634,0.0,0.0
2025-04-15,1190.699951171875,1190.699951171875,1172.800048828125,1183.949951171875,1167.051513671875,1561748,0.0,0.0
2025-04-16,1173.5,1195.050048828125,1173.5,1191.6500244140625,1174.6416015625,1354424,0.0,0.0
2025-04-17,1186.0,1211.5999755859375,1179.300048828125,1208.300048828125,1191.0540771484375,1815842,0.0,0.0
2025-04-21,1200.5,1210.5,1195.25,1199.699951171875,1182.57666015625,953130,0.0,0.0
2025-04-22,1202.5,1210.0,1195.0,1203.6500244140625,1186.4703369140625,975908,0.0,0.0
2025-04-23,1209.6500244140625,1220.949951171875,1200.0,1216.699951171875,1199.333984375,1165112,0.0,0.0
2025-04-24,1217.5,1257.5,1189.5,1216.5999755859375,1199.2353515625,4674476,0.0,0.0
2025-04-25,1213.449951171875,1217.5999755859375,1193.6500244140625,1206.75,1189.5260009765625,2256568,0.0,0.0
2025-04-28,1200.0,1209.199951171875,1193.0,1203.0,1185.82958984375,1961052,0.0,0.0
2025-04-29,1203.0,1203.0,1179.5999755859375,1193.75,1176.711669921875,1952120,0.0,0.0
2025-04-30,1187.5,1203.199951171875,1182.1500244140625,1194.0999755859375,1177.0565185546875,2040862,0.0,0.0
2025-05-02,1187.5,1192.4000244140625,1163.5,1165.9000244140625,1149.259033203125,1265148,0.0,0.0
2025-05-05,1174.449951171875,1176.0,1161.8499755859375,1164.0999755859375,1147.48486328125,1827594,0.0,0.0
2025-05-06,1168.5,1187.0999755859375,1165.0,1178.25,1161.4327392578125,1742026,0.0,0.0
2025-05-07,1165.5,1178.0,1163.6500244140625,1169.199951171875,1152.5118408203125,1353304,0.0,0.0
2025-05-08,1164.0,1175.050048828125,1157.550048828125,1170.3499755859375,1153.6455078125,2693092,0.0,0.0
2025-05-09,1151.0,1174.5,1145.8499755859375,1162.699951171875,1146.104736328125,1816458,0.0,0.0
2025-05-12,1179.9000244140625,1194.5,1173.0,1191.9000244140625,1174.8880615234375,801500,0.0,0.0
2025-05-13,1190.0,1194.9000244140625,1171.0,1185.0999755859375,1168.18505859375,2333552,0.0,0.0
2025-05-14,1182.5,1189.5999755859375,1176.6500244140625,1185.199951171875,1168.2835693359375,1203066,0.0,0.0
2025-05-15,1185.0,1207.449951171875,1170.75,1199.050048828125,1181.93603515625,1928224,0.0,0.0
2025-05-16,1207.300048828125,1207.300048828125,1188.3499755859375,1204.4000244140625,1187.20947265625,1369102,0.0,0.0
2025-05-19,1202.0,1211.050048828125,1198.0999755859375,1203.9000244140625,1186.7166748046875,845862,0.0,0.0
2025-05-20,1209.9000244140625,1209.9000244140625,1177.1500244140625,1179.25,1162.41845703125,1555350,0.0,0.0
2025-05-21,1179.25,1199.0,1179.25,1196.300048828125,1179.2252197265625,1350296,0.0,0.0
2025-05-22,1192.5,1192.5,1170.0,1180.8499755859375,1163.99560546875,2161612,0.0,0.0
2025-05-23,1178.0,1212.0,1176.050048828125,1207.199951171875,1189.9696044921875,1154460,0.0,0.0
2025-05-26,1207.199951171875,1232.449951171875,1202.699951171875,1227.0,1209.487060546875,1248708,0.0,0.0
2025-05-27,1225.050048828125,1241.0,1216.0999755859375,1230.449951171875,1212.8878173828125,1584098,0.0,0.0
2025-05-28,1226.050048828125,1228.3499755859375,1208.0,1209.5,1192.23681640625,1447242,0.0,0.0
2025-05-29,1210.699951171875,1219.9000244140625,1203.25,1217.5,1200.1226806640625,1862596,0.0,0.0
2025-05-30,1217.5,1228.5,1195.25,1198.0999755859375,1180.9993896484375,2134920,0.0,0.0
2025-06-02,1200.0,1207.9000244140625,1195.5,1203.1500244140625,1185.9774169921875,2052718,0.0,0.0
2025-06-03,1207.8499755859375,1213.199951171875,1191.0,1195.699951171875,1178.6336669921875,1468888,0.0,0.0
2025-06-04,1194.199951171875,1201.9000244140625,1192.449951171875,1198.75,1181.6402587890625,1174082,0.0,0.0
2025-06-05,1202.5,1204.5,1190.25,1200.6500244140625,1183.5130615234375,1467916,0.0,0.0
2025-06-06,1201.949951171875,1211.449951171875,1195.0,1208.5999755859375,1191.349609375,1004606,0.0,0.0
2025-06-09,1212.5,1213.6500244140625,1200.5,1207.6500244140625,1190.4132080078125,678874,0.0,0.0
2025-06-10,1207.6500244140625,1219.449951171875,1204.449951171875,1215.699951171875,1198.348388671875,1351562,0.0,0.0
2025-06-11,1221.25,1225.0,1204.0,1209.5999755859375,1192.33544921875,1751374,0.0,0.0
2025-06-12,1213.5,1214.050048828125,1183.1500244140625,1192.800048828125,1175.775146484375,2717158,0.0,0.0
2025-06-13,1181.0,1190.0,1173.4000244140625,1188.4000244140625,1171.4381103515625,829756,0.0,0.0
2025-06-16,1185.050048828125,1197.5,1182.550048828125,1194.9000244140625,1177.84521484375,532308,0.0,0.0
2025-06-17,1190.050048828125,1193.449951171875,1176.5,1181.0,1164.1436767578125,1531068,0.0,0.0
2025-06-18,1181.949951171875,1182.050048828125,1162.699951171875,1170.4000244140625,1153.6949462890625,1308554,0.0,0.0
2025-06-19,1170.4000244140625,1170.4000244140625,1155.0,1159.449951171875,1142.9010009765625,1474774,0.0,0.0
2025-06-20,1169.050048828125,1199.0,1159.449951171875,1180.199951171875,1163.35498046875,22941194,0.0,0.0
2025-06-23,1186.5,1199.449951171875,1175.449951171875,1179.550048828125,1162.7142333984375,1297744,0.0,0.0
2025-06-24,1187.5,1191.800048828125,1178.8499755859375,1182.9000244140625,1166.0164794921875,1100860,0.0,0.0
2025-06-25,1186.0,1214.449951171875,1186.0,1202.199951171875,1185.041015625,2300288,0.0,0.0
2025-06-26,1210.0,1221.800048828125,1201.5999755859375,1215.699951171875,1198.348388671875,3115098,0.0,0.0
2025-06-27,1224.5,1231.8499755859375,1213.050048828125,1229.3499755859375,1211.803466796875,2375672,0.0,0.0
2025-06-30,1234.0,1237.800048828125,1221.5,1232.6500244140625,1215.0562744140625,1658010,0.0,0.0
2025-07-01,1235.0,1235.699951171875,1202.5999755859375,1205.050048828125,1187.850341796875,1077220,0.0,0.0
2025-07-02,1205.25,1206.949951171875,1190.0,1194.0,1176.9580078125,1475052,0.0,0.0
2025-07-03,1199.949951171875,1204.550048828125,1192.5,1194.199951171875,1177.1551513671875,1263638,0.0,0.0
2025-07-04,1192.449951171875,1198.5,1183.550048828125,1196.4000244140625,1184.2823486328125,790114,5.0,0.0
2025-07-07,1199.699951171875,1213.0,1194.0,1211.050048828125,1198.783935546875,868414,0.0,0.0
2025-07-08,1211.050048828125,1217.8499755859375,1203.5,1208.949951171875,1196.705078125,711576,0.0,0.0
2025-07-09,1210.0,1218.25,1207.25,1213.9000244140625,1201.60498046875,790360,0.0,0.0
2025-07-10,1212.5,1218.449951171875,1198.800048828125,1200.699951171875,1188.53857421875,569850,0.0,0.0
2025-07-11,1202.0,1214.3499755859375,1198.550048828125,1201.75,1189.5780029296875,741064,0.0,0.0
2025-07-14,1202.6500244140625,1207.3499755859375,1188.5,1196.449951171875,1184.3316650390625,942914,0.0,0.0
2025-07-15,1196.449951171875,1210.0,1190.050048828125,1208.1500244140625,1195.9132080078125,1064608,0.0,0.0
2025-07-16,1208.0,1245.0,1203.699951171875,1230.0,1217.5418701171875,2810630,0.0,0.0
2025-07-17,1229.0,1235.0,1223.050048828125,1224.550048828125,1212.147216796875,546708,0.0,0.0
2025-07-18,1229.5,1238.449951171875,1215.5,1236.0999755859375,1223.580078125,899652,0.0,0.0
2025-07-21,1236.449951171875,1239.199951171875,1222.5,1236.300048828125,1223.7781982421875,957974,0.0,0.0
2025-07-22,1236.4000244140625,1238.75,1219.0,1221.75,1209.37548828125,774548,0.0,0.0
2025-07-23,1230.0,1234.5,1216.800048828125,1226.25,1213.8299560546875,720228,0.0,0.0
2025-07-24,1226.4000244140625,1237.5,1155.0,1161.050048828125,1149.290283203125,5372012,0.0,0.0
2025-07-25,1157.449951171875,1157.449951171875,1133.0,1137.300048828125,1125.7808837890625,3178714,0.0,0.0
2025-07-28,1137.3499755859375,1149.949951171875,1111.050048828125,1114.6500244140625,1103.3603515625,1879938,0.0,0.0
2025-07-29,1115.0,1129.050048828125,1109.949951171875,1111.8499755859375,1100.588623046875,1801922,0.0,0.0
2025-07-30,1115.0,1119.75,1110.8499755859375,1115.75,1104.44921875,929698,0.0,0.0
2025-07-31,1112.5,1132.949951171875,1110.5,1123.8499755859375,1112.467041015625,1346218,0.0,0.0
2025-08-01,1123.8499755859375,1143.8499755859375,1121.550048828125,1138.25,1126.72119140625,1410024,0.0,0.0
2025-08-04,1143.0,1143.300048828125,1129.0,1138.699951171875,1127.1666259765625,812794,0.0,0.0
2025-08-05,1139.8499755859375,1141.199951171875,1125.050048828125,1133.6500244140625,1122.1678466796875,1135934,0.0,0.0
2025-08-06,1135.0,1136.199951171875,1113.050048828125,1116.6500244140625,1105.3399658203125,1127544,0.0,0.0
2025-08-07,1118.0,1123.199951171875,1107.5,1117.300048828125,1105.9835205078125,1014230,0.0,0.0
2025-08-08,1122.0,1126.4000244140625,1093.4000244140625,1096.5,1085.39404296875,1242852,0.0,2.0
2025-08-11,1097.0,1108.9000244140625,1087.0,1105.0,1093.8079833984375,1038967,0.0,0.0
2025-08-12,1108.0,1109.5999755859375,1089.0,1091.0999755859375,1080.048828125,758197,0.0,0.0
2025-08-13,1091.0999755859375,1100.800048828125,1086.5999755859375,1096.9000244140625,1085.7900390625,813725,0.0,0.0
2025-08-14,1099.9000244140625,1103.0,1084.699951171875,1089.4000244140625,1078.365966796875,941698,0.0,0.0
2025-08-18,1120.5,1169.9000244140625,1120.5,1144.0999755859375,1132.511962890625,3478231,0.0,0.0
2025-08-19,1149.5999755859375,1168.0,1130.199951171875,1161.4000244140625,1149.6368408203125,1851158,0.0,0.0
2025-08-20,1165.0,1192.800048828125,1156.699951171875,1190.300048828125,1178.244140625,1652532,0.0,0.0
2025-08-21,1190.0,1190.300048828125,1168.800048828125,1179.4000244140625,1167.4544677734375,991563,0.0,0.0
2025-08-22,1175.0,1191.0,1158.0,1162.9000244140625,1151.12158203125,921658,0.0,0.0
2025-08-25,1162.9000244140625,1166.800048828125,1148.800048828125,1153.0,1141.3218994140625,931358,0.0,0.0
2025-08-26,1149.0,1179.0,1149.0,1162.199951171875,1150.4285888671875,3619892,0.0,0.0
2025-08-28,1165.5999755859375,1168.199951171875,1155.0,1162.4000244140625,1150.6265869140625,1065888,0.0,0.0
2025-08-29,1160.300048828125,1184.4000244140625,1150.0,1156.199951171875,1144.4893798828125,1593255,0.0,0.0
2025-09-01,1157.9000244140625,1176.0,1156.199951171875,1174.4000244140625,1162.505126953125,643866,0.0,0.0
2025-09-02,1174.4000244140625,1202.5,1172.4000244140625,1200.9000244140625,1188.73681640625,1773623,0.0,0.0
2025-09-03,1206.5,1206.5,1191.300048828125,1194.800048828125,1182.6986083984375,827824,0.0,0.0
2025-09-04,1230.0,1238.199951171875,1208.0,1212.5999755859375,1200.318115234375,3346196,0.0,0.0
2025-09-05,1212.0,1216.4000244140625,1191.0,1208.5,1196.259765625,1434458,0.0,0.0
2025-09-08,1208.5,1211.0,1185.199951171875,1187.699951171875,1175.6702880859375,1112974,0.0,0.0
2025-09-09,1195.199951171875,1204.0,1187.9000244140625,1202.199951171875,1190.0235595703125,1295618,0.0,0.0
2025-09-10,1208.199951171875,1219.199951171875,1201.699951171875,1217.5,1205.1685791015625,1015673,0.0,0.0
2025-09-11,1212.0999755859375,1224.9000244140625,1212.0999755859375,1220.800048828125,1208.4351806640625,783400,0.0,0.0
2025-09-12,1220.199951171875,1223.0,1209.5,1217.5999755859375,1205.2674560546875,632659,0.0,0.0
2025-09-15,1212.199951171875,1220.0,1209.5999755859375,1212.5,1200.21923828125,523120,0.0,0.0
2025-09-16,1212.0,1215.0,1201.199951171875,1204.199951171875,1192.003173828125,1137133,0.0,0.0
2025-09-17,1207.0,1212.5999755859375,1195.5999755859375,1204.300048828125,1192.102294921875,1005661,0.0,0.0
2025-09-18,1205.0999755859375,1213.300048828125,1200.0,1209.0999755859375,1196.8536376953125,1345158,0.0,0.0
2025-09-19,1212.0,1212.0,1191.0,1194.5,1182.4014892578125,2395784,0.0,0.0
2025-09-22,1198.9000244140625,1201.199951171875,1184.0,1188.300048828125,1176.2642822265625,1107323,0.0,0.0
2025-09-23,1189.800048828125,1194.5,1165.0,1168.4000244140625,1156.5657958984375,2114020,0.0,0.0
2025-09-24,1167.9000244140625,1185.199951171875,1161.4000244140625,1178.5999755859375,1166.66259765625,1395188,0.0,0.0
2025-09-25,1184.5,1192.4000244140625,1171.5999755859375,1173.5,1161.6141357421875,1273981,0.0,0.0
2025-09-26,1170.0,1179.0,1160.199951171875,1162.5999755859375,1150.8245849609375,1011036,0.0,0.0
2025-09-29,1160.0,1162.0999755859375,1149.199951171875,1152.5,1140.826904296875,2130382,0.0,0.0
2025-09-30,1155.5999755859375,1159.5999755859375,1146.4000244140625,1152.9000244140625,1141.222900390625,1409305,0.0,0.0
2025-10-01,1157.9000244140625,1169.199951171875,1145.0,1166.4000244140625,1154.586181640625,727804,0.0,0.0
2025-10-03,1160.0,1171.300048828125,1154.4000244140625,1169.9000244140625,1158.05078125,1159975,0.0,0.0
2025-10-06,1163.5,1183.699951171875,1163.5,1181.699951171875,1169.7310791015625,639965,0.0,0.0
2025-10-07,1181.699951171875,1192.199951171875,1175.0,1176.800048828125,1164.880859375,922441,0.0,0.0
2025-10-08,1170.0,1182.5,1158.5999755859375,1180.5,1168.5433349609375,893579,0.0,0.0
2025-10-09,1175.0999755859375,1189.0999755859375,1172.9000244140625,1187.800048828125,1175.7694091796875,922191,0.0,0.0
2025-10-10,1186.4000244140625,1202.0,1184.4000244140625,1199.5,1187.350830078125,1110822,0.0,0.0
2025-10-13,1199.0,1200.800048828125,1181.9000244140625,1188.0999755859375,1176.0662841796875,1062394,0.0,0.0
2025-10-14,1190.0999755859375,1194.300048828125,1171.0,1175.5,1163.593994140625,1293553,0.0,0.0
2025-10-15,1175.5,1225.0,1175.5,1221.4000244140625,1209.029052734375,2283392,0.0,0.0
2025-10-16,1221.4000244140625,1286.5,1216.5,1276.5999755859375,1263.669921875,6927367,0.0,0.0
2025-10-17,1263.9000244140625,1311.5999755859375,1261.300048828125,1289.5,1276.439208984375,3171952,0.0,0.0
2025-10-20,1289.5,1305.5999755859375,1280.800048828125,1285.4000244140625,1272.380859375,1246633,0.0,0.0
2025-10-21,1280.0,1292.0,1277.300048828125,1287.300048828125,1274.26171875,245138,0.0,0.0
2025-10-23,1287.0,1303.800048828125,1270.800048828125,1272.800048828125,1259.9085693359375,1751448,0.0,0.0
2025-10-24,1274.4000244140625,1284.5,1259.4000244140625,1282.0,1269.0152587890625,1433533,0.0,0.0
2025-10-27,1282.0,1292.199951171875,1275.800048828125,1283.0,1270.005126953125,1107997,0.0,0.0
2025-10-28,1283.800048828125,1288.9000244140625,1263.699951171875,1271.0,1258.1265869140625,1343829,0.0,0.0
2025-10-29,1275.0,1281.0,1266.5,1273.0,1260.1064453125,836932,0.0,0.0
2025-10-30,1278.0,1281.4000244140625,1267.699951171875,1279.9000244140625,1266.9366455078125,728703,0.0,0.0
2025-10-31,1279.9000244140625,1284.0,1269.5999755859375,1271.5999755859375,1258.7205810546875,943037,0.0,0.0
2025-11-03,1269.5999755859375,1269.9000244140625,1255.5,1266.699951171875,1253.8702392578125,847050,0.0,0.0
2025-11-04,1266.0,1269.0,1250.699951171875,1265.0,1252.1873779296875,770668,0.0,0.0
2025-11-06,1265.0,1278.9000244140625,1260.0999755859375,1266.0999755859375,1253.2762451171875,1171263,0.0,0.0
2025-11-07,1264.0,1270.9000244140625,1256.4000244140625,1262.699951171875,1249.9107666015625,596683,0.0,0.0
2025-11-10,1263.0999755859375,1273.199951171875,1260.199951171875,1262.9000244140625,1250.1087646484375,737986,0.0,0.0
2025-11-11,1268.0,1270.199951171875,1255.0,1268.0999755859375,1255.2559814453125,729912,0.0,0.0
2025-11-12,1270.0,1286.9000244140625,1261.5999755859375,1278.199951171875,1265.253662109375,824792,0.0,0.0
2025-11-13,1280.0,1289.300048828125,1270.300048828125,1275.199951171875,1262.2841796875,691337,0.0,0.0
2025-11-14,1275.199951171875,1279.0,1262.4000244140625,1271.5999755859375,1258.7205810546875,675047,0.0,0.0
2025-11-17,1272.0,1278.0,1264.0999755859375,1270.300048828125,1257.433837890625,774802,0.0,0.0
2025-11-18,1262.0999755859375,1269.9000244140625,1252.5999755859375,1265.0999755859375,1252.2864990234375,810387,0.0,0.0
2025-11-19,1267.9000244140625,1280.0,1263.0,1279.0,1266.045654296875,726287,0.0,0.0
2025-11-20,1288.0,1288.5999755859375,1275.199951171875,1279.199951171875,1266.2435302734375,796864,0.0,0.0
2025-11-21,1275.0,1288.9000244140625,1273.0,1280.699951171875,1267.7283935546875,673231,0.0,0.0
2025-11-24,1285.0,1285.800048828125,1259.5,1269.199951171875,1256.3448486328125,2636542,0.0,0.0
2025-11-25,1267.4000244140625,1270.9000244140625,1250.800048828125,1263.199951171875,1250.4056396484375,1065974,0.0,0.0
2025-11-26,1257.0999755859375,1282.699951171875,1257.0999755859375,1276.800048828125,1263.867919921875,810809,0.0,0.0
2025-11-27,1276.0,1279.5,1260.5,1266.4000244140625,1253.5733642578125,708607,0.0,0.0
2025-11-28,1266.300048828125,1269.699951171875,1258.199951171875,1261.0999755859375,1248.326904296875,626947,0.0,0.0
2025-12-01,1260.5999755859375,1264.0,1251.5999755859375,1260.5999755859375,1247.83203125,644563,0.0,0.0
2025-12-02,1251.0,1261.800048828125,1251.0,1258.9000244140625,1246.1492919921875,911551,0.0,0.0
2025-12-03,1257.0,1258.0,1236.0999755859375,1241.9000244140625,1229.3214111328125,642993,0.0,0.0
2025-12-04,1241.9000244140625,1245.0,1233.199951171875,1242.4000244140625,1229.81640625,664641,0.0,0.0
2025-12-05,1237.5,1249.0,1234.199951171875,1246.9000244140625,1234.2708740234375,911699,0.0,0.0
2025-12-08,1246.9000244140625,1248.0,1212.800048828125,1214.800048828125,1202.4959716796875,1534927,0.0,0.0
2025-12-09,1214.9000244140625,1221.5,1207.300048828125,1215.800048828125,1203.48583984375,810028,0.0,0.0
2025-12-10,1215.800048828125,1221.800048828125,1205.0,1209.300048828125,1197.0516357421875,514862,0.0,0.0
2025-12-11,1209.4000244140625,1220.4000244140625,1205.800048828125,1215.0,1202.69384765625,339626,0.0,0.0
2025-12-12,1219.0,1240.0,1215.4000244140625,1238.300048828125,1225.7579345703125,841766,0.0,0.0
2025-12-15,1238.0,1248.0,1225.5,1243.5,1230.9051513671875,857798,0.0,0.0
2025-12-16,1236.5,1264.0,1234.4000244140625,1240.5999755859375,1228.0345458984375,1086329,0.0,0.0
2025-12-17,1237.0,1241.4000244140625,1224.300048828125,1234.5999755859375,1222.0953369140625,526222,0.0,0.0
2025-12-18,1234.699951171875,1243.9000244140625,1227.5,1233.5,1221.0064697265625,707432,0.0,0.0
2025-12-19,1230.800048828125,1246.199951171875,1229.699951171875,1244.4000244140625,1231.796142578125,754446,0.0,0.0
2025-12-22,1246.0,1259.9000244140625,1240.0,1257.199951171875,1244.4664306640625,880387,0.0,0.0
2025-12-23,1260.0,1261.5,1251.0999755859375,1256.5,1243.7735595703125,663261,0.0,0.0
2025-12-24,1251.0999755859375,1264.0999755859375,1247.9000244140625,1259.699951171875,1246.9410400390625,598956,0.0,0.0
2025-12-26,1264.0,1277.0,1251.4000244140625,1272.5999755859375,1259.71044921875,1433973,0.0,0.0
2025-12-29,1275.0,1286.5,1270.800048828125,1280.0,1267.0355224609375,888206,0.0,0.0
2025-12-30,1284.0,1289.0,1267.699951171875,1274.0999755859375,1261.1953125,2043408,0.0,0.0
2025-12-31,1274.199951171875,1294.300048828125,1270.4000244140625,1288.0,1274.9544677734375,738631,0.0,0.0
2026-01-01,1293.0,1299.0,1284.0,1295.0,1281.8836669921875,932297,0.0,0.0
2026-01-02,1292.0,1299.0,1277.5999755859375,1279.699951171875,1266.738525390625,736473,0.0,0.0
2026-01-05,1279.0,1320.0,1278.5,1314.5999755859375,1301.28515625,2397082,0.0,0.0
2026-01-06,1319.0,1323.5,1298.4000244140625,1319.9000244140625,1306.5313720703125,866154,0.0,0.0
2026-01-07,1312.5,1332.699951171875,1304.199951171875,1314.800048828125,1301.483154296875,676669,0.0,0.0
2026-01-08,1309.0999755859375,1315.0999755859375,1299.0,1306.9000244140625,1293.6630859375,555817,0.0,0.0
2026-01-09,1306.9000244140625,1310.800048828125,1290.0999755859375,1299.0999755859375,1285.9420166015625,1194489,0.0,0.0
2026-01-12,1293.0,1318.0,1291.5999755859375,1312.4000244140625,1299.107421875,1032516,0.0,0.0
2026-01-13,1312.4000244140625,1321.9000244140625,1309.0,1318.699951171875,1305.343505859375,1316337,0.0,0.0
2026-01-14,1321.0,1328.199951171875,1302.199951171875,1307.0999755859375,1293.861083984375,904110,0.0,0.0
2026-01-15,1307.0999755859375,1307.0999755859375,1307.0999755859375,1307.0999755859375,1293.861083984375,0,0.0,0.0
2026-01-16,1318.199951171875,1320.9000244140625,1305.300048828125,1315.9000244140625,1302.572021484375,1491989,0.0,0.0
2026-01-19,1306.0,1320.300048828125,1305.5,1315.5999755859375,1302.27490234375,867546,0.0,0.0
2026-01-20,1315.0,1317.0999755859375,1291.5999755859375,1295.699951171875,1282.576416015625,1173676,0.0,0.0
2026-01-21,1298.9000244140625,1311.699951171875,1271.300048828125,1283.199951171875,1270.2030029296875,1046054,0.0,0.0
2026-01-22,1285.9000244140625,1312.0,1272.300048828125,1306.0,1292.772216796875,994359,0.0,0.0
2026-01-23,1310.0,1311.9000244140625,1290.300048828125,1293.800048828125,1280.69580078125,744221,0.0,0.0
2026-01-27,1300.0,1314.0,1290.300048828125,1303.300048828125,1290.0994873046875,1159495,0.0,0.0
2026-01-28,1297.199951171875,1306.0,1273.0,1292.4000244140625,1279.3099365234375,940426,0.0,0.0
2026-01-29,1286.5,1294.4000244140625,1262.300048828125,1287.9000244140625,1274.8555908203125,1151521,0.0,0.0
2026-01-30,1286.0,1339.5999755859375,1283.0,1332.4000244140625,1318.90478515625,5292100,0.0,0.0
2026-02-02,1297.5,1311.0,1273.9000244140625,1308.300048828125,1295.0489501953125,1254558,0.0,0.0
2026-02-03,1330.0,1340.4000244140625,1291.0999755859375,1308.0,1294.751953125,1232271,0.0,0.0
2026-02-04,1313.5999755859375,1328.0,1295.0999755859375,1303.199951171875,1290.00048828125,875783,0.0,0.0
2026-02-05,1304.800048828125,1310.5999755859375,1287.0,1303.5,1290.297607421875,854891,0.0,0.0
2026-02-06,1291.0999755859375,1305.199951171875,1278.699951171875,1303.300048828125,1297.06494140625,835646,7.0,0.0
2026-02-09,1301.0,1307.0,1290.300048828125,1295.5999755859375,1289.4017333984375,746303,0.0,0.0
2026-02-10,1296.9000244140625,1310.300048828125,1296.5,1308.5999755859375,1302.339599609375,936331,0.0,0.0
2026-02-11,1315.0,1324.9000244140625,1296.699951171875,1305.300048828125,1299.055419921875,911500,0.0,0.0
2026-02-12,1312.0999755859375,1312.0999755859375,1295.0999755859375,1305.5,1299.25439453125,534672,0.0,0.0
2026-02-13,1305.0,1310.4000244140625,1278.0,1282.5999755859375,1276.4639892578125,522586,0.0,0.0
2026-02-16,1276.699951171875,1295.5,1274.199951171875,1289.800048828125,1283.629638671875,456222,0.0,0.0
2026-02-17,1281.0,1289.5999755859375,1278.0,1285.300048828125,1279.151123046875,396198,0.0,0.0
2026-02-18,1286.5999755859375,1303.4000244140625,1278.0,1300.9000244140625,1294.676513671875,446022,0.0,0.0
2026-02-19,1299.800048828125,1300.0,1271.9000244140625,1278.5,1272.383544921875,659360,0.0,0.0
2026-02-20,1278.5,1301.0,1276.4000244140625,1293.800048828125,1287.6104736328125,754146,0.0,0.0
2026-02-23,1299.0,1318.5,1295.5,1315.0999755859375,1308.8084716796875,933582,0.0,0.0
2026-02-24,1305.5999755859375,1323.9000244140625,1305.5999755859375,1320.0,1313.68505859375,1120203,0.0,0.0
2026-02-25,1328.0,1334.800048828125,1315.0,1323.4000244140625,1317.06884765625,991399,0.0,0.0
2026-02-26,1329.199951171875,1329.199951171875,1310.5999755859375,1318.0,1311.694580078125,438946,0.0,0.0
2026-02-27,1311.0999755859375,1322.9000244140625,1286.0,1291.699951171875,1285.5203857421875,1640870,0.0,0.0
2026-03-02,1261.9000244140625,1288.0,1261.300048828125,1279.699951171875,1273.5777587890625,1161869,0.0,0.0
2026-03-04,1259.699951171875,1270.0,1240.0,1245.300048828125,1239.342529296875,1112032,0.0,0.0
2026-03-05,1249.5,1254.4000244140625,1222.699951171875,1250.9000244140625,1244.9156494140625,935711,0.0,0.0
2026-03-06,1250.0,1264.0999755859375,1234.199951171875,1252.4000244140625,1246.408447265625,830769,0.0,0.0
2026-03-09,1227.0,1242.5999755859375,1217.4000244140625,1235.800048828125,1229.887939453125,1467475,0.0,0.0
2026-03-10,1236.9000244140625,1249.5,1233.5,1241.199951171875,1235.261962890625,1301806,0.0,0.0
2026-03-11,1237.0999755859375,1245.9000244140625,1226.0999755859375,1233.699951171875,1227.7978515625,1472136,0.0,0.0
2026-03-12,1225.0,1229.9000244140625,1209.300048828125,1220.800048828125,1214.959716796875,1358564,0.0,0.0
2026-03-13,1219.0,1238.5999755859375,1200.5999755859375,1202.199951171875,1196.4486083984375,1681371,0.0,0.0
2026-03-16,1200.0,1219.300048828125,1196.5,1213.4000244140625,1207.5950927734375,1100151,0.0,0.0
2026-03-17,1213.4000244140625,1225.0,1199.0999755859375,1206.9000244140625,1201.1260986328125,1673011,0.0,0.0
2026-03-18,1206.0,1213.300048828125,1199.9000244140625,1204.800048828125,1199.0362548828125,1144239,0.0,0.0
2026-03-19,1193.0,1203.0,1177.699951171875,1186.300048828125,1180.624755859375,826831,0.0,0.0
2026-03-20,1204.0,1204.0,1177.5999755859375,1193.5999755859375,1187.8897705078125,1395157,0.0,0.0
2026-03-23,1189.0,1189.0,1164.800048828125,1166.800048828125,1161.218017578125,944890,0.0,0.0
2026-03-24,1180.0,1195.0999755859375,1163.199951171875,1183.199951171875,1177.5394287109375,1001494,0.0,0.0
2026-03-25,1183.199951171875,1217.800048828125,1180.0,1204.0999755859375,1198.3394775390625,1003662,0.0,0.0
2026-03-27,1204.0999755859375,1215.699951171875,1188.300048828125,1193.199951171875,1187.4915771484375,2005121,0.0,0.0
2026-03-30,1185.0,1194.4000244140625,1169.5999755859375,1174.800048828125,1169.1798095703125,1814954,0.0,0.0
2026-04-01,1174.800048828125,1191.5999755859375,1167.0999755859375,1180.800048828125,1175.1510009765625,1836376,0.0,0.0
2026-04-02,1173.300048828125,1200.0,1159.4000244140625,1191.300048828125,1185.600830078125,1357820,0.0,0.0
2026-04-06,1190.0,1218.800048828125,1179.0,1216.0,1210.1826171875,1460974,0.0,0.0
2026-04-07,1204.4000244140625,1225.4000244140625,1194.199951171875,1222.800048828125,1216.9500732421875,1434686,0.0,0.0
2026-04-08,1238.0,1250.5999755859375,1209.300048828125,1213.699951171875,1207.8935546875,1638620,0.0,0.0
2026-04-09,1209.5,1230.0999755859375,1206.4000244140625,1228.699951171875,1222.82177734375,1258634,0.0,0.0
2026-04-10,1230.800048828125,1252.300048828125,1229.0999755859375,1249.300048828125,1243.3233642578125,1358310,0.0,0.0
2026-04-13,1239.300048828125,1246.800048828125,1222.0999755859375,1226.0999755859375,1220.2342529296875,1346881,0.0,0.0
2026-04-15,1235.0,1259.9000244140625,1232.300048828125,1256.5999755859375,1250.58837890625,1236533,0.0,0.0
2026-04-16,1255.0999755859375,1261.9000244140625,1246.5,1257.4000244140625,1251.384521484375,1126023,0.0,0.0
2026-04-17,1258.0999755859375,1292.0,1252.800048828125,1285.5999755859375,1279.4495849609375,1994195,0.0,0.0
2026-04-20,1294.0,1294.300048828125,1274.5999755859375,1286.4000244140625,1280.245849609375,1156327,0.0,0.0
2026-04-21,1298.0999755859375,1396.0,1286.800048828125,1379.9000244140625,1373.2984619140625,9586515,0.0,0.0
2026-04-22,1391.0,1425.199951171875,1386.0,1395.800048828125,1389.1224365234375,7723484,0.0,0.0
2026-04-23,1388.9000244140625,1415.0,1382.0999755859375,1410.5,1403.7520751953125,2963135,0.0,0.0
2026-04-24,1420.0,1430.9000244140625,1409.0999755859375,1421.300048828125,1414.50048828125,3419416,0.0,0.0
2026-04-27,1429.0,1437.9000244140625,1410.0,1417.300048828125,1410.5196533203125,1719329,0.0,0.0
2026-04-28,1417.9000244140625,1445.0999755859375,1401.0,1440.0,1433.1109619140625,4008095,0.0,0.0
2026-04-29,1445.0,1470.0,1436.0999755859375,1465.5999755859375,1458.5885009765625,2753356,0.0,0.0
2026-04-30,1466.0,1466.0,1436.0999755859375,1458.5999755859375,1451.6219482421875,2305703,0.0,0.0
2026-05-01,1458.5999755859375,1458.5999755859375,1458.5999755859375,1458.5999755859375,1451.6219482421875,0,0.0,0.0
2026-05-04,1460.0,1472.9000244140625,1446.300048828125,1457.0999755859375,1450.129150390625,1744112,0.0,0.0
2026-05-05,1456.0,1480.4000244140625,1447.5999755859375,1477.800048828125,1470.730224609375,2490700,0.0,0.0
2026-05-06,1485.0,1490.0,1468.199951171875,1486.0999755859375,1478.9903564453125,2133310,0.0,0.0
2026-05-07,1488.0,1493.0,1468.300048828125,1476.0,1468.938720703125,2247161,0.0,0.0
2026-05-08,1476.5999755859375,1496.300048828125,1470.0,1482.4000244140625,1475.30810546875,1471411,0.0,0.0
2026-05-11,1475.300048828125,1498.0999755859375,1470.5,1481.9000244140625,1474.810546875,1358397,0.0,0.0
2026-05-12,1470.0,1491.0,1466.0999755859375,1468.5999755859375,1461.5740966796875,1017058,0.0,0.0
2026-05-13,1468.5999755859375,1486.0,1463.5,1468.9000244140625,1461.8726806640625,2205792,0.0,0.0
2026-05-14,1468.9000244140625,1479.4000244140625,1453.0,1459.5999755859375,1452.6171875,1251986,0.0,0.0
2026-05-15,1459.5999755859375,1467.5,1427.5,1430.5,1423.6563720703125,3292954,0.0,0.0
2026-05-18,1430.5,1444.699951171875,1418.0999755859375,1431.699951171875,1424.8505859375,2030857,0.0,0.0
2026-05-19,1428.0,1454.5,1422.0,1431.4000244140625,1424.5521240234375,1803745,0.0,0.0
2026-05-20,1400.0,1426.9000244140625,1398.5,1420.0999755859375,1413.30615234375,1425216,0.0,0.0
2026-05-21,1425.0,1430.9000244140625,1403.5,1406.5,1399.771240234375,2049251,0.0,0.0
2026-05-22,1410.5,1434.5999755859375,1401.199951171875,1423.0999755859375,1416.291748046875,1306017,0.0,0.0
2026-05-25,1430.0,1438.9000244140625,1410.0,1413.5999755859375,1406.8372802734375,812160,0.0,0.0
2026-05-26,1417.5999755859375,1431.699951171875,1413.199951171875,1428.5999755859375,1421.7655029296875,1472818,0.0,0.0
2026-05-27,1432.0,1443.699951171875,1423.0999755859375,1427.5,1420.6707763671875,1114165,0.0,0.0
2026-05-28,1427.5,1427.5,1427.5,1427.5,1420.6707763671875,0,0.0,0.0
2026-05-29,1431.4000244140625,1444.0999755859375,1408.5,1421.5,1414.699462890625,13063475,0.0,0.0
2026-06-01,1424.5,1434.9000244140625,1388.5,1391.800048828125,1385.1416015625,843583,0.0,0.0
2026-06-02,1385.0,1403.5,1368.0999755859375,1398.699951171875,1392.008544921875,1860526,0.0,0.0
2026-06-03,1405.0,1417.199951171875,1385.300048828125,1391.5,1384.843017578125,1725869,0.0,0.0
2026-06-04,1395.0,1399.9000244140625,1378.5,1382.9000244140625,1376.2841796875,1793823,0.0,0.0
2026-06-05,1383.0,1393.199951171875,1372.300048828125,1386.199951171875,1379.568359375,1342143,0.0,0.0
2026-06-08,1375.0,1412.5,1373.0,1398.9000244140625,1392.2076416015625,1107621,0.0,0.0
2026-06-09,1399.9000244140625,1414.5999755859375,1399.4000244140625,1410.4000244140625,1403.652587890625,1298664,0.0,0.0
2026-06-10,1414.800048828125,1454.9000244140625,1409.300048828125,1438.300048828125,1431.419189453125,2288648,0.0,0.0
2026-06-11,1437.800048828125,1445.0,1419.9000244140625,1422.5,1415.6947021484375,1538190,0.0,0.0
2026-06-12,1431.0999755859375,1434.9000244140625,1370.5999755859375,1375.699951171875,1369.1185302734375,2380729,0.0,0.0
2026-06-15,1410.0,1411.9000244140625,1371.5,1374.699951171875,1368.123291015625,1885900,0.0,0.0
2026-06-16,1375.4000244140625,1409.800048828125,1375.4000244140625,1391.699951171875,1385.0419921875,1899090,0.0,0.0
2026-06-17,1392.0,1415.5,1387.0999755859375,1407.300048828125,1400.5675048828125,1876655,0.0,0.0
2026-06-18,1407.300048828125,1413.9000244140625,1394.199951171875,1400.4000244140625,1393.700439453125,1065482,0.0,0.0
2026-06-19,1394.0,1420.0,1394.0,1414.800048828125,1408.0316162109375,1832928,0.0,0.0
2026-06-22,1422.800048828125,1430.699951171875,1398.199951171875,1401.9000244140625,1395.1932373046875,1481212,0.0,0.0
2026-06-23,1401.9000244140625,1411.9000244140625,1390.300048828125,1392.199951171875,1385.53955078125,1646370,0.0,0.0
2026-06-24,1394.0,1398.800048828125,1380.5999755859375,1382.5999755859375,1375.985595703125,1469059,0.0,0.0
2026-06-25,1392.0,1410.0,1383.4000244140625,1402.5999755859375,1395.889892578125,1968226,0.0,0.0
2026-06-26,1402.5999755859375,1402.5999755859375,1402.5999755859375,1402.5999755859375,1395.889892578125,0,0.0,0.0
2026-06-29,1424.0,1428.5,1381.5,1387.300048828125,1380.6630859375,3412530,0.0,0.0
2026-06-30,1387.300048828125,1421.699951171875,1387.300048828125,1405.199951171875,1398.4774169921875,3178483,0.0,0.0
2026-07-01,1414.800048828125,1459.9000244140625,1407.9000244140625,1453.800048828125,1446.844970703125,2672318,0.0,0.0
2026-07-02,1459.0,1462.300048828125,1444.5,1446.199951171875,1439.28125,1434136,0.0,0.0
2026-07-03,1448.0,1463.699951171875,1442.800048828125,1459.800048828125,1452.8162841796875,1863379,0.0,0.0
2026-07-06,1457.0999755859375,1479.9000244140625,1450.0999755859375,1473.699951171875,1466.649658203125,1178983,0.0,0.0
2026-07-07,1465.199951171875,1482.9000244140625,1462.699951171875,1471.800048828125,1464.7589111328125,1811724,0.0,0.0
2026-07-08,1460.0,1479.9000244140625,1441.699951171875,1450.5,1443.560791015625,1855873,0.0,0.0
2026-07-09,1452.0,1481.0,1452.0,1463.199951171875,1456.199951171875,1346613,0.0,0.0
2026-07-10,1467.0,1471.300048828125,1448.300048828125,1455.199951171875,1455.199951171875,1563905,7.0,0.0
2026-07-13,1452.300048828125,1452.300048828125,1420.0999755859375,1427.0,1427.0,2167829,0.0,0.0
2026-07-14,1418.5,1448.699951171875,1418.5,1427.0999755859375,1427.0999755859375,1841895,0.0,0.0
2026-07-15,1431.800048828125,1442.0,1419.5999755859375,1424.4000244140625,1424.4000244140625,1328750,0.0,0.0
2026-07-16,1427.9000244140625,1436.300048828125,1417.800048828125,1423.5,1423.5,1179052,0.0,0.0
2026-07-17,1416.0,1429.199951171875,1405.0999755859375,1427.199951171875,1427.199951171875,1433884,0.0,0.0
2026-07-20,1436.0,1456.0,1420.5999755859375,1446.300048828125,1446.300048828125,1689777,0.0,0.0
2026-07-21,1451.5,1464.4000244140625,1447.0,1451.9000244140625,1451.9000244140625,1657756,0.0,0.0
2026-07-22,1460.300048828125,1510.0,1454.0,1493.5999755859375,1493.5999755859375,6542494,0.0,0.0
2026-07-23,1500.0999755859375,1503.5,1441.300048828125,1447.9000244140625,1447.9000244140625,2496998,0.0,0.0
2026-07-24,1439.800048828125,1467.800048828125,1431.0,1443.5,1443.5,3041475,0.0,0.0
2026-07-27,1451.0,1461.5,1435.300048828125,1446.0999755859375,1446.0999755859375,2030304,0.0,0.0
2026-07-28,1454.5999755859375,1507.199951171875,1448.5,1491.800048828125,1491.800048828125,5464860,0.0,0.0
2026-07-29,1499.0,1515.800048828125,1487.5999755859375,1503.300048828125,1503.300048828125,3055336,0.0,0.0
2026-07-30,1503.300048828125,1532.5999755859375,1497.0,1520.699951171875,1520.699951171875,3698063,0.0,0.0
2026-07-31,1529.0,1529.0,1497.5,1509.5999755859375,1509.5999755859375,2501825,0.0,0.0
2026-08-03,1509.5,1530.0,1505.4000244140625,1530.0,1530.0,1232625,0.0,0.0
2026-08-04,1523.0,1535.9000244140625,1448.300048828125,1520.0,1520.0,4023569,0.0,0.0
2026-08-05,1510.0,1524.5999755859375,1488.0999755859375,1520.0,1520.0,2747079,0.0,0.0
2026-08-06,1531.9000244140625,1535.0,1518.199951171875,1535.0,1535.0,1666312,0.0,0.0
2026-08-07,1523.0,1553.0,1520.0,1540.0,1540.0,1520661,0.0,0.0
2026-08-10,1534.0999755859375,1547.5,1520.0,1528.5999755859375,1528.5999755859375,1455200,0.0,0.0
2026-08-11,1531.4000244140625,1541.0,1491.300048828125,1493.199951171875,1493.199951171875,1955836,0.0,0.0
2026-08-12,1503.0,1515.699951171875,1495.300048828125,1507.0,1507.0,1990581,0.0,0.0
2026-08-13,1513.199951171875,1520.9000244140625,1494.800048828125,1506.9000244140625,1506.9000244140625,1892413,0.0,0.0
2026-08-14,1506.9000244140625,1515.800048828125,1496.0999755859375,1499.0999755859375,1499.0999755859375,1500577,0.0,0.0
2026-08-17,1500.0,1503.699951171875,1468.5,1470.0,1470.0,1721057,0.0,0.0
2026-08-18,1478.0,1479.800048828125,1453.0,1462.5,1462.5,1815216,0.0,0.0
2026-08-19,1462.4000244140625,1481.300048828125,1457.0999755859375,1465.0,1465.0,1837329,0.0,0.0
2026-08-20,1482.0,1482.0,1454.5999755859375,1458.0,1458.0,1910719,0.0,0.0
2026-08-21,1465.0,1485.4000244140625,1449.0,1477.0999755859375,1477.0999755859375,2679922,0.0,0.0
2026-08-24,1478.699951171875,1483.4000244140625,1457.0999755859375,1471.300048828125,1471.300048828125,1465156,0.0,0.0
2026-08-25,1471.300048828125,1479.0,1458.800048828125,1479.0,1479.0,1634440,0.0,0.0
2026-08-26,1476.0,1479.0,1450.800048828125,1451.5,1451.5,625901,0.0,0.0
2026-08-27,1451.5,1465.0,1440.300048828125,1450.0,1450.0,637066,0.0,0.0
2026-08-28,1454.4000244140625,1456.5,1438.0,1454.5999755859375,1454.5999755859375,445734,0.0,0.0
2026-08-31,1445.0999755859375,1496.5,1427.5999755859375,1496.5,1496.5,2320372,0.0,0.0
2026-09-01,1514.800048828125,1514.800048828125,1436.0,1438.199951171875,1438.199951171875,2555542,0.0,0.0
2026-09-02,1425.0,1428.0,1411.0,1425.0,1425.0,875020,0.0,0.0
2026-09-03,1424.0999755859375,1424.0999755859375,1407.0,1416.0,1416.0,660284,0.0,0.0
2026-09-04,1415.0,1420.0,1402.5,1410.5,1410.5,974257,0.0,0.0
2026-09-07,1401.0,1405.699951171875,1392.9000244140625,1398.0,1398.0,897310,0.0,0.0
2026-09-08,1397.4000244140625,1415.0999755859375,1392.9000244140625,1400.5,1400.5,1260068,0.0,0.0
2026-09-09,1400.5,1405.9000244140625,1389.199951171875,1393.0,1393.0,994121,0.0,0.0
2026-09-10,1396.800048828125,1402.800048828125,1377.699951171875,1386.199951171875,1386.199951171875,568997,0.0,0.0
