date,open,high,low,close,adj_close,volume,dividends,stock_splits
2021-01-29,63.005001068115234,63.380001068115234,59.599998474121094,60.099998474121094,50.69329833984375,268265750,0.0,0.0
2021-02-01,60.4900016784668,64.0,59.744998931884766,63.61000061035156,53.6539192199707,210846940,0.0,0.0
2021-02-02,64.30000305175781,64.80000305175781,62.40999984741211,64.16500091552734,54.12205505371094,180489570,0.0,0.0
2021-02-03,64.48999786376953,66.43000030517578,63.724998474121094,65.31500244140625,55.09206008911133,148463810,0.0,0.0
2021-02-04,65.4000015258789,66.3499984741211,63.86000061035156,65.59500122070312,55.328243255615234,147649950,0.0,0.0
2021-02-05,65.69000244140625,69.05999755859375,65.13999938964844,68.50499725341797,57.78276824951172,291008880,0.0,0.0
2021-02-08,69.4000015258789,70.48999786376953,68.2699966430664,70.29499816894531,59.2926025390625,214621690,0.0,0.0
2021-02-09,70.6500015258789,71.6449966430664,69.16000366210938,69.91999816894531,58.97629928588867,293370280,0.0,0.0
2021-02-10,71.0,72.44999694824219,68.00499725341797,69.0250015258789,58.22138214111328,573979190,0.0,0.0
2021-02-11,68.76000213623047,70.45999908447266,68.28500366210938,69.47000122070312,58.59673309326172,163407050,0.0,0.0
2021-02-12,69.5,69.79000091552734,67.8499984741211,68.05000305175781,57.398990631103516,147054790,0.0,0.0
2021-02-15,68.70999908447266,68.80000305175781,67.0,67.21499633789062,56.694671630859375,131716720,0.0,0.0
2021-02-16,67.21499633789062,70.86000061035156,66.83000183105469,69.91999816894531,58.97629928588867,336618380,0.0,0.0
2021-02-17,69.76499938964844,70.3499984741211,68.75,69.68000030517578,58.77386474609375,159574830,0.0,0.0
2021-02-18,70.0,71.0999984741211,69.4000015258789,69.7750015258789,58.85399627685547,148561470,0.0,0.0
2021-02-19,69.5999984741211,69.5999984741211,65.59500122070312,67.06999969482422,56.5723762512207,223923860,0.0,0.0
2021-02-22,67.29000091552734,69.79000091552734,67.08499908447266,68.45500183105469,57.7406005859375,281491090,0.0,0.0
2021-02-23,68.95999908447266,73.5999984741211,68.22000122070312,72.93000030517578,61.51518630981445,389070710,0.0,0.0
2021-02-24,73.5,74.5,72.0,72.7699966430664,61.380218505859375,216767890,0.0,0.0
2021-02-25,73.5199966430664,75.30000305175781,73.19499969482422,74.29000091552734,62.662315368652344,219015960,0.0,0.0
2021-02-26,72.5,74.16000366210938,71.11000061035156,71.51499938964844,60.3216552734375,235515910,0.0,0.0
2021-03-01,72.4000015258789,73.82499694824219,71.13500213623047,73.04000091552734,61.60795974731445,140586460,0.0,0.0
2021-03-02,73.04499816894531,73.9749984741211,72.31500244140625,73.55000305175781,62.038150787353516,111133990,0.0,0.0
2021-03-03,74.0999984741211,78.25,74.0999984741211,77.71499633789062,65.5512466430664,288428350,0.0,0.0
2021-03-04,75.0999984741211,76.69000244140625,74.36499786376953,75.79499816894531,63.93175506591797,228738220,0.0,0.0
2021-03-05,74.8499984741211,75.5999984741211,72.69999694824219,73.33000183105469,61.852577209472656,168819600,0.0,0.0
2021-03-08,74.3949966430664,75.12000274658203,73.50499725341797,73.7249984741211,62.18574142456055,106145960,0.0,0.0
2021-03-09,74.5,75.09500122070312,70.2249984741211,70.67500305175781,59.61313247680664,195564380,0.0,0.0
2021-03-10,71.48999786376953,72.99500274658203,70.30500030517578,72.44999694824219,61.11030578613281,196858600,0.0,0.0
2021-03-12,74.0,74.5,71.4000015258789,71.99500274658203,60.72652816772461,161214090,0.0,0.0
2021-03-15,72.19999694824219,73.9000015258789,71.50499725341797,73.63999938964844,62.11404800415039,155429990,0.0,0.0
2021-03-16,74.01000213623047,74.01000213623047,71.91999816894531,72.40499877929688,61.07234573364258,125699980,0.0,0.0
2021-03-17,72.49500274658203,72.5999984741211,70.06500244140625,70.44000244140625,59.414913177490234,105409590,0.0,0.0
2021-03-18,71.625,72.29000091552734,69.83000183105469,70.48500061035156,59.45286560058594,143206510,0.0,0.0
2021-03-19,70.2750015258789,73.67500305175781,68.125,73.30000305175781,61.827274322509766,246378140,0.0,0.0
2021-03-22,73.11000061035156,74.56500244140625,72.5,74.3499984741211,62.71292495727539,137603700,0.0,0.0
2021-03-23,74.5999984741211,74.94499969482422,73.33000183105469,74.11499786376953,62.51470947265625,118738960,0.0,0.0
2021-03-24,73.0999984741211,73.30000305175781,69.8949966430664,70.27999877929688,59.27995300292969,210302830,0.0,0.0
2021-03-25,71.01000213623047,73.06999969482422,68.83499908447266,72.31500244140625,60.99644088745117,367224000,0.0,0.0
2021-03-26,73.04000091552734,77.48999786376953,72.5199966430664,76.68499755859375,64.68245697021484,429122470,0.0,0.0
2021-03-30,78.0,81.0,77.79000091552734,80.0,67.47859954833984,284794680,0.0,0.0
2021-03-31,79.4000015258789,82.3499984741211,79.01000213623047,81.18499755859375,68.4781265258789,280445850,0.0,0.0
2021-04-01,82.0999984741211,86.88999938964844,81.9000015258789,86.30500030517578,72.79676055908203,368420980,0.0,0.0
2021-04-05,86.19999694824219,87.78500366210938,83.71499633789062,86.7750015258789,73.19319915771484,305759860,0.0,0.0
2021-04-06,87.55000305175781,88.25,85.81500244140625,86.28500366210938,72.77989196777344,207789200,0.0,0.0
2021-04-07,86.94999694824219,88.5,86.46499633789062,87.48500061035156,73.79207611083984,171132080,0.0,0.0
2021-04-08,88.4000015258789,95.36499786376953,88.2699966430664,91.83999633789062,77.46542358398438,530630560,0.0,0.0
2021-04-09,92.0999984741211,93.0,88.56999969482422,89.94999694824219,75.87126159667969,321790690,0.0,0.0
2021-04-12,87.65499877929688,89.31999969482422,84.33499908447266,85.15499877929688,71.8267593383789,221355040,0.0,0.0
2021-04-13,86.19999694824219,88.16000366210938,84.9000015258789,87.9000015258789,74.14212036132812,204285020,0.0,0.0
2021-04-15,89.19999694824219,91.1500015258789,87.94999694824219,89.81999969482422,75.76158905029297,218563570,0.0,0.0
2021-04-16,90.37999725341797,91.44000244140625,88.625,89.0250015258789,75.09103393554688,173985980,0.0,0.0
2021-04-19,86.9800033569336,89.9000015258789,86.0,88.80500030517578,74.90546417236328,191469960,0.0,0.0
2021-04-20,90.0,90.57499694824219,88.19999694824219,89.4000015258789,75.40734100341797,169152930,0.0,0.0
2021-04-22,89.99500274658203,93.86499786376953,89.70500183105469,92.13999938964844,77.71846771240234,319028150,0.0,0.0
2021-04-23,92.9800033569336,94.5,91.07499694824219,92.55999755859375,78.07273864746094,247523860,0.0,0.0
2021-04-26,93.5,95.5999984741211,93.00499725341797,94.07499694824219,79.35062408447266,212348580,0.0,0.0
2021-04-27,94.83000183105469,98.30000305175781,94.43000030517578,97.7750015258789,82.47150421142578,249045150,0.0,0.0
2021-04-28,98.5,98.5999984741211,96.19999694824219,97.13999938964844,81.9358901977539,204479680,0.0,0.0
2021-04-29,98.30000305175781,103.69499969482422,98.30000305175781,103.13500213623047,86.9925765991211,447186470,0.0,0.0
2021-04-30,102.4000015258789,105.26000213623047,101.11000061035156,103.4000015258789,87.21610260009766,281297380,0.0,0.0
2021-05-03,103.19499969482422,106.9000015258789,101.8499984741211,106.4749984741211,89.80980682373047,264841000,0.0,0.0
2021-05-04,107.44499969482422,108.66500091552734,105.75499725341797,106.38500213623047,89.73388671875,249616280,0.0,0.0
2021-05-05,108.4000015258789,108.83499908447266,104.69999694824219,107.01499938964844,90.26527404785156,192498390,0.0,0.0
2021-05-06,105.5,112.9000015258789,104.25,110.08999633789062,92.8589859008789,464345370,0.0,0.0
2021-05-07,113.5,119.19999694824219,113.01000213623047,118.23500061035156,99.72915649414062,540754330,0.0,0.0
2021-05-10,121.0,122.9000015258789,120.0,121.63500213623047,102.59700012207031,280808840,0.0,0.0
2021-05-11,119.0,124.5999984741211,117.69000244140625,123.38999938964844,104.07730865478516,411083810,0.0,0.0
2021-05-12,123.19499969482422,124.68499755859375,116.32499694824219,117.91500091552734,99.45924377441406,308891920,0.0,0.0
2021-05-14,118.5,118.5,111.5199966430664,113.20999908447266,95.49065399169922,376480320,0.0,0.0
2021-05-17,113.80000305175781,115.81999969482422,110.3499984741211,115.08499908447266,97.07218933105469,287534300,0.0,0.0
2021-05-18,117.5,119.6449966430664,115.70500183105469,118.0,99.53093719482422,245738800,0.0,0.0
2021-05-19,117.30000305175781,118.95500183105469,115.80000305175781,116.42500305175781,98.20246124267578,174350260,0.0,0.0
2021-05-20,113.11000061035156,113.55000305175781,109.80500030517578,110.50499725341797,93.20903015136719,284462530,0.0,0.0
2021-05-21,111.4000015258789,112.38999938964844,110.58499908447266,111.30999755859375,93.8880386352539,141049260,0.0,0.0
2021-05-24,110.80000305175781,110.8949966430664,108.20999908447266,109.19999694824219,92.10829162597656,189238420,0.0,0.0
2021-05-25,110.19499969482422,112.59500122070312,110.0,110.5199966430664,93.2216796875,181137520,0.0,0.0
2021-05-26,109.05000305175781,109.4000015258789,107.25,108.21499633789062,91.27745819091797,154327030,0.0,0.0
2021-05-27,108.21499633789062,110.9749984741211,107.5,109.66500091552734,92.5005111694336,227910320,0.0,0.0
2021-05-28,113.0999984741211,114.36000061035156,109.74500274658203,110.3499984741211,93.07829284667969,192085810,0.0,0.0
2021-05-31,111.19999694824219,112.96499633789062,109.9000015258789,112.56500244140625,94.94661712646484,154286470,0.0,0.0
2021-06-01,112.0,112.30000305175781,108.55000305175781,110.08999633789062,92.8589859008789,176909250,0.0,0.0
2021-06-02,110.5,112.9800033569336,110.4000015258789,112.40499877929688,94.81165313720703,128625910,0.0,0.0
2021-06-03,112.95500183105469,113.9749984741211,111.30000305175781,112.19999694824219,94.63873291015625,121094770,0.0,0.0
2021-06-04,111.5999984741211,112.87999725341797,110.69999694824219,112.06999969482422,94.52908325195312,97133470,0.0,0.0
2021-06-07,113.0,115.0,112.55500030517578,112.87000274658203,95.20387268066406,122185920,0.0,0.0
2021-06-08,113.2699966430664,113.2699966430664,110.00499725341797,111.11000061035156,93.71935272216797,108343730,0.0,0.0
2021-06-09,111.69999694824219,112.80000305175781,109.3949966430664,110.0999984741211,92.86742401123047,111143380,0.0,0.0
2021-06-10,110.93000030517578,112.58000183105469,110.29000091552734,111.44499969482422,94.00190734863281,77767640,0.0,0.0
2021-06-11,112.77999877929688,116.45999908447266,111.30999755859375,115.83499908447266,97.70480346679688,174458560,0.0,0.0
2021-06-14,116.80000305175781,117.86499786376953,114.0,116.4800033569336,98.24883270263672,160312640,0.0,0.0
2021-06-15,117.0,118.68000030517578,116.01000213623047,117.43000030517578,99.0501480102539,97681020,0.0,0.0
2021-06-16,116.9000015258789,118.4749984741211,113.16500091552734,114.21499633789062,96.3383560180664,175211070,0.0,0.0
2021-06-17,111.8949966430664,113.37999725341797,109.56500244140625,110.375,95.18279266357422,162076870,2.5,0.0
2021-06-18,110.5,110.98999786376953,105.0250015258789,109.2300033569336,94.19538879394531,403470770,0.0,0.0
2021-06-21,107.0,110.9000015258789,106.36499786376953,110.61499786376953,95.38975524902344,130014320,0.0,0.0
2021-06-22,111.41999816894531,113.0999984741211,110.6500015258789,111.2300033569336,95.92011260986328,90246340,0.0,0.0
2021-06-23,112.05000305175781,112.75499725341797,109.78500366210938,110.01000213623047,94.86803436279297,78063360,0.0,0.0
2021-06-24,110.5,112.05000305175781,109.84500122070312,111.31500244140625,95.99341583251953,72394700,0.0,0.0
2021-06-25,113.5,117.0,113.0,116.5250015258789,100.48629760742188,180227700,0.0,0.0
2021-06-28,117.4000015258789,118.9000015258789,116.30000305175781,118.4000015258789,102.10321807861328,116603350,0.0,0.0
2021-06-29,118.44999694824219,119.19999694824219,116.55500030517578,117.25499725341797,101.1158218383789,78037590,0.0,0.0
2021-06-30,118.1050033569336,119.0999984741211,116.27999877929688,116.66000366210938,100.60272979736328,80432670,0.0,0.0
2021-07-01,117.19000244140625,117.68000030517578,115.6449966430664,116.3550033569336,100.33970642089844,56149280,0.0,0.0
2021-07-02,116.5999984741211,116.68000030517578,113.0199966430664,113.5999984741211,97.96390533447266,75734070,0.0,0.0
2021-07-05,114.5999984741211,116.18000030517578,113.5999984741211,115.68499755859375,99.76190948486328,76799000,0.0,0.0
2021-07-06,115.86499786376953,117.80000305175781,115.0250015258789,116.7249984741211,100.65876770019531,91468350,0.0,0.0
2021-07-07,116.79499816894531,122.5,115.8499984741211,121.86499786376953,105.0912857055664,167456260,0.0,0.0
2021-07-08,122.5,123.0,118.12000274658203,118.9749984741211,102.59907531738281,124105850,0.0,0.0
2021-07-09,119.19999694824219,124.41000366210938,118.80000305175781,123.93499755859375,106.87637329101562,178593560,0.0,0.0
2021-07-12,125.0999984741211,125.8499984741211,121.83499908447266,122.69499969482422,105.80705261230469,166477750,0.0,0.0
2021-07-13,123.80000305175781,124.34500122070312,122.30999755859375,122.875,105.96227264404297,79155280,0.0,0.0
2021-07-14,123.19499969482422,124.7699966430664,121.9000015258789,124.47000122070312,107.33773040771484,83413880,0.0,0.0
2021-07-15,124.61000061035156,126.58000183105469,123.7699966430664,125.59500122070312,108.30789947509766,96555510,0.0,0.0
2021-07-16,126.47000122070312,128.1300048828125,125.90499877929688,127.84500122070312,110.24819946289062,84969250,0.0,0.0
2021-07-19,125.9000015258789,129.08999633789062,125.37000274658203,126.63999938964844,109.20905303955078,89046290,0.0,0.0
2021-07-20,127.19999694824219,127.2300033569336,122.5,123.33499908447266,106.35895538330078,85799400,0.0,0.0
2021-07-22,124.9000015258789,127.79499816894531,124.80000305175781,127.30000305175781,109.7782211303711,78940240,0.0,0.0
2021-07-23,127.93499755859375,129.5500030517578,127.4000015258789,128.13999938964844,110.50259399414062,86418650,0.0,0.0
2021-07-26,128.89999389648438,130.8249969482422,127.80500030517578,129.7949981689453,111.92979431152344,86784330,0.0,0.0
2021-07-27,131.5,133.4499969482422,130.80499267578125,133.06500244140625,114.74969482421875,103413820,0.0,0.0
2021-07-28,133.1999969482422,136.9949951171875,130.6199951171875,136.5,117.71189880371094,128351250,0.0,0.0
2021-07-29,137.5,148.17999267578125,136.8000030517578,145.86000061035156,125.78358459472656,300610410,0.0,0.0
2021-07-30,145.56500244140625,147.27000427246094,142.77999877929688,143.42999267578125,123.68803405761719,140492650,0.0,0.0
2021-08-02,144.60000610351562,144.6999969482422,140.5500030517578,141.0050048828125,121.59683227539062,97689200,0.0,0.0
2021-08-03,141.39999389648438,142.0850067138672,139.03500366210938,140.72000122070312,121.35107421875,86405600,0.0,0.0
2021-08-04,142.0,144.8000030517578,140.50999450683594,141.6199951171875,122.1271743774414,112894350,0.0,0.0
2021-08-05,141.52999877929688,145.0,138.75,144.66000366210938,124.74874877929688,162217990,0.0,0.0
2021-08-06,144.89999389648438,145.6999969482422,142.60000610351562,142.88499450683594,123.21806335449219,96740250,0.0,0.0
2021-08-09,143.39999389648438,144.3249969482422,140.5399932861328,141.22000122070312,121.78224182128906,78594930,0.0,0.0
2021-08-10,141.1999969482422,141.8000030517578,136.72000122070312,137.36000061035156,118.45354461669922,84516230,0.0,0.0
2021-08-11,139.0,142.97000122070312,138.4199981689453,142.6199951171875,122.98954010009766,145353570,0.0,0.0
2021-08-12,143.60000610351562,144.47000122070312,141.65499877929688,143.53500366210938,123.77861022949219,109431080,0.0,0.0
2021-08-13,140.5,147.66000366210938,139.06500244140625,146.1649932861328,126.0466079711914,289698720,0.0,0.0
2021-08-16,148.39999389648438,153.4499969482422,147.22000122070312,151.94000244140625,131.02671813964844,271144880,0.0,0.0
2021-08-17,151.94000244140625,153.39999389648438,149.1750030517578,150.3699951171875,129.67282104492188,189709230,0.0,0.0
2021-08-18,150.94500732421875,151.88999938964844,148.82000732421875,150.0449981689453,129.39254760742188,123317450,0.0,0.0
2021-08-20,144.5050048828125,144.6999969482422,136.27999877929688,137.55999755859375,118.6259994506836,273400690,0.0,0.0
2021-08-23,140.1999969482422,140.97999572753906,131.0749969482422,135.86500549316406,117.16431427001953,229257290,0.0,0.0
2021-08-24,138.1999969482422,142.0,137.6999969482422,140.46499633789062,121.13114929199219,176075790,0.0,0.0
2021-08-25,141.8000030517578,142.60000610351562,138.0749969482422,139.02000427246094,119.88504791259766,125650100,0.0,0.0
2021-08-26,139.0399932861328,139.47500610351562,136.5,137.5050048828125,118.57858276367188,91578980,0.0,0.0
2021-08-27,137.89999389648438,139.44500732421875,137.5850067138672,138.4149932861328,119.3633041381836,73940810,0.0,0.0
2021-08-30,139.89999389648438,144.5,139.8000030517578,144.05999755859375,124.2313232421875,134443870,0.0,0.0
2021-08-31,144.5,145.89999389648438,143.1999969482422,145.02499389648438,125.0634994506836,247521080,0.0,0.0
2021-09-01,145.125,145.5500030517578,140.6999969482422,141.1199951171875,121.69599151611328,88128970,0.0,0.0
2021-09-02,141.10000610351562,143.1999969482422,141.0,142.50999450683594,122.8946762084961,61480460,0.0,0.0
2021-09-03,142.8000030517578,145.2949981689453,141.64500427246094,144.36500549316406,124.49435424804688,84523820,0.0,0.0
2021-09-06,144.6999969482422,145.19500732421875,142.31500244140625,143.6999969482422,123.92089080810547,69586760,0.0,0.0
2021-09-07,144.39999389648438,145.89999389648438,142.06500244140625,142.8699951171875,123.20513916015625,63527170,0.0,0.0
2021-09-08,142.60000610351562,144.26499938964844,141.86000061035156,142.98500061035156,123.30430603027344,46762240,0.0,0.0
2021-09-09,142.0,145.19500732421875,142.0,144.6999969482422,124.78323364257812,53130300,0.0,0.0
2021-09-13,144.6999969482422,147.1999969482422,143.64999389648438,146.34500122070312,126.20182037353516,56702080,0.0,0.0
2021-09-14,147.60000610351562,147.60000610351562,144.89999389648438,145.22999572753906,125.24028778076172,55037670,0.0,0.0
2021-09-15,145.22999572753906,146.3699951171875,144.44000244140625,145.50999450683594,125.48175048828125,44174640,0.0,0.0
2021-09-16,146.0,147.19000244140625,143.125,143.6750030517578,123.89933776855469,56067970,0.0,0.0
2021-09-17,143.6999969482422,144.02999877929688,136.0,138.58999633789062,119.51422882080078,195720300,0.0,0.0
2021-09-20,135.0,135.19000244140625,124.73500061035156,125.30999755859375,108.06211853027344,282384120,0.0,0.0
2021-09-21,125.80000305175781,129.69000244140625,123.29000091552734,129.22000122070312,111.4339370727539,255935400,0.0,0.0
2021-09-22,129.94000244140625,131.8000030517578,128.30999755859375,130.5800018310547,112.60674285888672,111242470,0.0,0.0
2021-09-23,133.0,133.94500732421875,130.60499572753906,131.8699951171875,113.71918487548828,99462510,0.0,0.0
2021-09-24,132.0,132.39999389648438,125.84500122070312,127.20999908447266,109.70059967041016,132866160,0.0,0.0
2021-09-27,127.19999694824219,128.8699951171875,126.1050033569336,127.05000305175781,109.5626220703125,86688770,0.0,0.0
2021-09-28,127.34500122070312,129.67999267578125,126.30000305175781,128.09500122070312,110.46378326416016,81007360,0.0,0.0
2021-09-29,127.0,130.97999572753906,126.72000122070312,129.55499267578125,111.72281646728516,94945770,0.0,0.0
2021-09-30,130.3000030517578,131.63999938964844,128.38499450683594,128.88999938964844,111.14936065673828,75145680,0.0,0.0
2021-10-01,127.5,131.10000610351562,126.5,129.78500366210938,111.92117309570312,90374700,0.0,0.0
2021-10-04,129.78500366210938,132.77499389648438,128.0399932861328,132.4149932861328,114.18917083740234,96902370,0.0,0.0
2021-10-05,131.39999389648438,133.27000427246094,131.01499938964844,131.68499755859375,113.55964660644531,57952160,0.0,0.0
2021-10-06,131.99000549316406,132.86000061035156,127.31500244140625,127.98999786376953,110.37323760986328,86316930,0.0,0.0
2021-10-07,129.5,130.67999267578125,128.35499572753906,128.9199981689453,111.17522430419922,46033670,0.0,0.0
2021-10-08,130.1999969482422,134.40499877929688,129.63499450683594,130.11500549316406,112.20574951171875,107220150,0.0,0.0
2021-10-11,130.5,132.73500061035156,129.8000030517578,131.32000732421875,113.24490356445312,63496580,0.0,0.0
2021-10-12,131.32000732421875,133.5,130.5,132.91000366210938,114.61604309082031,60970190,0.0,0.0
2021-10-13,132.5500030517578,137.65499877929688,131.80499267578125,135.42999267578125,116.78916931152344,132857180,0.0,0.0
2021-10-14,137.39999389648438,139.05999755859375,135.39999389648438,137.5050048828125,118.57858276367188,82273710,0.0,0.0
2021-10-18,141.8000030517578,142.47500610351562,139.11000061035156,141.10499572753906,121.68306732177734,109232300,0.0,0.0
2021-10-19,142.10000610351562,142.65499877929688,135.7550048828125,136.69000244140625,117.87574768066406,87569240,0.0,0.0
2021-10-20,137.1999969482422,137.60000610351562,132.6649932861328,134.3300018310547,115.84059143066406,69757740,0.0,0.0
2021-10-21,135.6699981689453,135.78500366210938,128.97000122070312,131.47000122070312,113.37425231933594,83575730,0.0,0.0
2021-10-22,132.0,132.46499633789062,127.0999984741211,129.625,111.78319549560547,80712890,0.0,0.0
2021-10-25,130.1999969482422,131.60000610351562,126.7249984741211,129.3300018310547,111.52880096435547,64185010,0.0,0.0
2021-10-26,130.3000030517578,135.10000610351562,130.14500427246094,134.36500549316406,115.87078857421875,77228750,0.0,0.0
2021-10-27,134.60000610351562,135.1699981689453,132.125,132.61500549316406,114.36164093017578,72418040,0.0,0.0
2021-10-28,131.49000549316406,131.59500122070312,129.11000061035156,129.9600067138672,112.07209014892578,93076820,0.0,0.0
2021-10-29,129.02499389648438,133.3699951171875,129.0,131.59500122070312,113.48204040527344,79147600,0.0,0.0
2021-11-01,134.0,137.2899932861328,133.0,136.49000549316406,117.70328521728516,96875330,0.0,0.0
2021-11-02,137.0,137.0,131.0800018310547,131.36500549316406,113.28369140625,72161370,0.0,0.0
2021-11-03,132.47999572753906,133.1999969482422,131.1999969482422,132.60499572753906,114.35301208496094,57302440,0.0,0.0
2021-11-04,133.10000610351562,133.5,132.41000366210938,132.58999633789062,114.340087890625,6744340,0.0,0.0
2021-11-08,134.08999633789062,134.76499938964844,130.61000061035156,134.3249969482422,115.8362808227539,54936670,0.0,0.0
2021-11-09,134.28500366210938,136.02999877929688,132.88499450683594,133.59500122070312,115.20675659179688,47565160,0.0,0.0
2021-11-10,132.8000030517578,132.89999389648438,128.7100067138672,129.85499572753906,111.98152923583984,118804170,0.0,0.0
2021-11-11,130.49000549316406,132.4499969482422,128.8350067138672,129.9600067138672,112.07209014892578,136638600,0.0,0.0
2021-11-12,134.0,134.0,127.11000061035156,128.72500610351562,111.00707244873047,232395580,0.0,0.0
2021-11-15,129.5,129.89999389648438,124.1500015258789,124.54499816894531,107.40241241455078,121082150,0.0,0.0
2021-11-16,124.54499816894531,126.1050033569336,122.37000274658203,122.87999725341797,105.96658325195312,123148800,0.0,0.0
2021-11-17,122.5,123.73999786376953,121.51000213623047,122.00499725341797,105.2120132446289,87802040,0.0,0.0
2021-11-18,122.36000061035156,122.83000183105469,118.19999694824219,118.66000366210938,102.32743835449219,101083510,0.0,0.0
2021-11-22,118.80999755859375,119.68000030517578,114.5999984741211,116.50499725341797,100.46904754638672,96210010,0.0,0.0
2021-11-23,116.80500030517578,120.9000015258789,116.51499938964844,119.20500183105469,102.79742431640625,93829630,0.0,0.0
2021-11-24,120.04000091552734,120.29499816894531,117.11499786376953,117.8499984741211,101.62892150878906,67671010,0.0,0.0
2021-11-25,118.0,118.66000366210938,116.5999984741211,117.36499786376953,101.2106704711914,47502860,0.0,0.0
2021-11-26,115.79000091552734,115.94999694824219,110.625,111.2300033569336,95.92011260986328,106455260,0.0,0.0
2021-11-29,111.2300033569336,113.69999694824219,107.50499725341797,111.4749984741211,96.13138580322266,93929910,0.0,0.0
2021-11-30,111.09500122070312,112.79000091552734,106.30000305175781,107.12000274658203,92.3758316040039,133559840,0.0,0.0
2021-12-01,109.19999694824219,109.69999694824219,106.6500015258789,108.25499725341797,93.35459899902344,93791140,0.0,0.0
2021-12-02,108.30000305175781,111.5999984741211,107.4000015258789,111.23999786376953,95.92874145507812,91286810,0.0,0.0
2021-12-03,111.5,113.41999816894531,110.2249984741211,111.80000305175781,96.41165924072266,100737840,0.0,0.0
2021-12-06,111.4000015258789,114.0999984741211,110.22000122070312,110.87999725341797,95.61827850341797,82159400,0.0,0.0
2021-12-07,112.11000061035156,115.55500030517578,112.0999984741211,114.87999725341797,99.06771850585938,85053900,0.0,0.0
2021-12-08,115.9000015258789,117.69999694824219,114.9000015258789,117.30000305175781,101.15463256835938,74485010,0.0,0.0
2021-12-09,118.19999694824219,118.19999694824219,115.9000015258789,117.68499755859375,101.48663330078125,52123940,0.0,0.0
2021-12-10,117.34500122070312,118.88999938964844,116.76000213623047,118.0,101.7582778930664,48121300,0.0,0.0
2021-12-13,118.80000305175781,119.9000015258789,116.16500091552734,116.52999877929688,100.49060821533203,53537780,0.0,0.0
2021-12-14,115.8949966430664,117.79000091552734,114.69999694824219,116.72000122070312,100.65446472167969,53522640,0.0,0.0
2021-12-15,117.00499725341797,117.55999755859375,114.9000015258789,115.40499877929688,99.52045440673828,44308330,0.0,0.0
2021-12-16,116.4000015258789,116.87999725341797,114.3550033569336,115.31999969482422,99.44715881347656,42460080,0.0,0.0
2021-12-17,115.4000015258789,115.88500213623047,112.5,113.20999908447266,97.6275863647461,47435020,0.0,0.0
2021-12-20,111.69999694824219,111.72000122070312,106.6050033569336,107.29499816894531,92.5267333984375,73526500,0.0,0.0
2021-12-21,109.0,112.42500305175781,108.5,110.51000213623047,95.2992172241211,70268490,0.0,0.0
2021-12-22,111.5,113.0999984741211,111.0,112.88500213623047,97.3473129272461,43669170,0.0,0.0
2021-12-23,113.80000305175781,114.68000030517578,112.0199966430664,112.76499938964844,97.24382781982422,46214780,0.0,0.0
2021-12-24,113.00499725341797,113.34500122070312,110.38500213623047,111.54499816894531,96.19175720214844,40936300,0.0,0.0
2021-12-27,111.1050033569336,112.47000122070312,110.23500061035156,112.18000030517578,96.73936462402344,27588510,0.0,0.0
2021-12-28,112.69999694824219,113.1500015258789,112.19999694824219,112.74500274658203,97.22659301757812,28807810,0.0,0.0
2021-12-29,112.0,112.66500091552734,110.80000305175781,111.625,96.2607421875,41935200,0.0,0.0
2021-12-30,111.79000091552734,112.69999694824219,109.9000015258789,110.0999984741211,94.94564056396484,41140930,0.0,0.0
2021-12-31,110.5,112.3499984741211,110.26499938964844,111.1449966430664,95.8468017578125,36870210,0.0,0.0
2022-01-03,111.5,115.0999984741211,111.5,114.24500274658203,98.5201187133789,38658030,0.0,0.0
2022-01-04,115.30000305175781,115.97000122070312,113.6500015258789,114.87999725341797,99.06771850585938,59757310,0.0,0.0
2022-01-05,114.69999694824219,118.08000183105469,114.125,117.76000213623047,101.55131530761719,61861760,0.0,0.0
2022-01-06,117.19999694824219,118.30000305175781,115.55500030517578,116.32499694824219,100.31382751464844,53354000,0.0,0.0
2022-01-07,116.5199966430664,117.4000015258789,114.78500366210938,116.03500366210938,100.06375885009766,39738570,0.0,0.0
2022-01-10,116.5,117.33999633789062,115.38500213623047,116.90499877929688,100.81400299072266,38225000,0.0,0.0
2022-01-11,115.86499786376953,116.2699966430664,111.30000305175781,113.0250015258789,97.46804809570312,96978850,0.0,0.0
2022-01-12,113.98500061035156,115.08000183105469,113.23999786376953,114.72000122070312,98.92974853515625,50358430,0.0,0.0
2022-01-13,115.4000015258789,122.55000305175781,115.21499633789062,122.11499786376953,105.306884765625,157231160,0.0,0.0
2022-01-14,121.30000305175781,122.62999725341797,120.61000061035156,121.36000061035156,104.65580749511719,52679070,0.0,0.0
2022-01-17,121.5,124.5,119.03500366210938,122.9749984741211,106.04850769042969,89696070,0.0,0.0
2022-01-18,123.0,123.375,119.0,119.48500061035156,103.03887939453125,58408970,0.0,0.0
2022-01-19,119.5999984741211,122.08999633789062,118.30000305175781,120.95999908447266,104.31085968017578,73043210,0.0,0.0
2022-01-20,121.01000213623047,122.4000015258789,119.69999694824219,120.66999816894531,104.06077575683594,59205970,0.0,0.0
2022-01-21,120.0,120.43000030517578,115.63500213623047,116.97000122070312,100.87005615234375,71662670,0.0,0.0
2022-01-24,116.0,116.36499786376953,109.0,109.91999816894531,94.7904281616211,83920760,0.0,0.0
2022-01-25,109.47000122070312,112.0999984741211,108.70500183105469,110.91000366210938,95.6441650390625,57330630,0.0,0.0
2022-01-27,109.0,110.34500122070312,106.12999725341797,108.83499908447266,93.85476684570312,90566560,0.0,0.0
2022-01-28,110.58499908447266,112.57499694824219,108.09500122070312,108.46499633789062,93.53569030761719,78648930,0.0,0.0
2022-01-31,110.98999786376953,111.45999908447266,108.05000305175781,108.55500030517578,93.61331176757812,55709390,0.0,0.0
2022-02-01,110.48999786376953,117.44499969482422,108.63999938964844,116.73500061035156,100.66740417480469,170752680,0.0,0.0
2022-02-02,117.98999786376953,117.98999786376953,115.83000183105469,116.75,100.68032836914062,75247340,0.0,0.0
2022-02-03,115.30000305175781,118.16999816894531,114.62999725341797,116.66000366210938,100.60272979736328,65140900,0.0,0.0
2022-02-04,117.37999725341797,119.7750015258789,117.0250015258789,117.62999725341797,101.439208984375,93174180,0.0,0.0
2022-02-07,116.83000183105469,121.45999908447266,116.0999984741211,118.30000305175781,102.0169906616211,145105250,0.0,0.0
2022-02-08,119.5,122.23999786376953,117.1500015258789,121.95999908447266,105.17321014404297,140839840,0.0,0.0
2022-02-09,123.0999984741211,123.4000015258789,120.81500244140625,122.23500061035156,105.41036224365234,73520600,0.0,0.0
2022-02-10,123.0,125.42500305175781,122.5999984741211,124.83499908447266,107.65249633789062,93920570,0.0,0.0
2022-02-11,123.9000015258789,126.49500274658203,123.30999755859375,125.44499969482422,108.17853546142578,96762260,0.0,0.0
2022-02-14,122.01000213623047,122.7750015258789,118.01000213623047,118.68499755859375,102.34898376464844,80216130,0.0,0.0
2022-02-15,119.68499755859375,121.19999694824219,115.15499877929688,120.7750015258789,104.15132904052734,101889210,0.0,0.0
2022-02-16,121.5,121.79000091552734,118.6500015258789,119.18000030517578,102.7758560180664,66092140,0.0,0.0
2022-02-17,120.11000061035156,120.94999694824219,118.61499786376953,119.09500122070312,102.70256042480469,56557920,0.0,0.0
2022-02-18,118.69999694824219,120.5,118.30000305175781,119.08000183105469,102.68962860107422,47251200,0.0,0.0
2022-02-21,118.80000305175781,120.19999694824219,117.44000244140625,118.18499755859375,101.91781616210938,49787320,0.0,0.0
2022-02-22,115.80000305175781,116.66500091552734,111.92500305175781,113.87000274658203,98.19674682617188,93858570,0.0,0.0
2022-02-23,114.80000305175781,115.26000213623047,113.4000015258789,113.9000015258789,98.22260284423828,49608380,0.0,0.0
2022-02-24,109.4000015258789,111.99500274658203,106.70999908447266,107.4000015258789,92.6172866821289,121268670,0.0,0.0
2022-02-25,109.7699966430664,115.06999969482422,109.55999755859375,114.53500366210938,98.77020263671875,92128860,0.0,0.0
2022-02-28,113.4000015258789,122.5,112.91999816894531,122.07499694824219,105.27238464355469,176054460,0.0,0.0
2022-03-02,122.07499694824219,129.9600067138672,121.8550033569336,128.93499755859375,111.18815612792969,248475320,0.0,0.0
2022-03-03,130.60000610351562,132.86500549316406,129.36500549316406,130.3300018310547,112.39115142822266,174503380,0.0,0.0
2022-03-04,130.24000549316406,131.98500061035156,127.30000305175781,127.70999908447266,110.13177490234375,162829230,0.0,0.0
2022-03-07,127.58999633789062,130.17999267578125,126.4000015258789,129.19000244140625,111.40806579589844,110400010,0.0,0.0
2022-03-08,129.3000030517578,129.39999389648438,124.4000015258789,126.94999694824219,109.47637939453125,91078220,0.0,0.0
2022-03-09,127.38999938964844,127.68000030517578,124.86000061035156,125.53500366210938,108.25614929199219,69348880,0.0,0.0
2022-03-10,125.78500366210938,131.3800048828125,124.0999984741211,130.8699951171875,112.85681915283203,136740620,0.0,0.0
2022-03-11,131.5,133.99000549316406,129.6199951171875,130.1699981689453,112.25318145751953,118822990,0.0,0.0
2022-03-14,130.5,131.1699981689453,127.7699966430664,129.6999969482422,111.84786224365234,52780820,0.0,0.0
2022-03-15,129.17999267578125,129.3000030517578,122.80000305175781,123.375,106.39344787597656,96143130,0.0,0.0
2022-03-16,124.5,127.12000274658203,124.0199966430664,126.5250015258789,109.1098861694336,63024510,0.0,0.0
2022-03-17,127.5,131.77999877929688,127.11000061035156,130.34500122070312,112.40409088134766,106239760,0.0,0.0
2022-03-21,130.8000030517578,133.39999389648438,129.4499969482422,130.2949981689453,112.36096954345703,84227630,0.0,0.0
2022-03-22,132.0,133.0,128.80499267578125,130.1999969482422,112.279052734375,81795880,0.0,0.0
2022-03-23,132.39999389648438,134.77999877929688,129.23500061035156,133.10000610351562,114.77989959716797,130552380,0.0,0.0
2022-03-24,133.09500122070312,135.9499969482422,132.59500122070312,135.05499267578125,116.46578979492188,94605270,0.0,0.0
2022-03-25,135.49000549316406,136.60000610351562,133.35499572753906,133.89500427246094,115.4654769897461,69457440,0.0,0.0
2022-03-28,134.0,135.5,132.75999450683594,133.89500427246094,115.4654769897461,46554910,0.0,0.0
2022-03-29,134.39999389648438,134.61500549316406,132.6999969482422,133.46499633789062,115.09464263916016,43202370,0.0,0.0
2022-03-30,133.5,133.55499267578125,130.0,130.80499267578125,112.80076599121094,58483160,0.0,0.0
2022-03-31,130.8000030517578,132.0449981689453,130.00999450683594,130.72000122070312,112.72747802734375,40067950,0.0,0.0
2022-04-01,131.0,134.08999633789062,130.5449981689453,131.7100067138672,113.58122253417969,55321590,0.0,0.0
2022-04-04,131.7100067138672,135.39999389648438,131.44500732421875,134.19000244140625,115.71985626220703,69670320,0.0,0.0
2022-04-05,134.84500122070312,135.8000030517578,132.9250030517578,134.49000549316406,115.97857666015625,63296420,0.0,0.0
2022-04-06,135.0,138.6699981689453,134.67999267578125,137.0749969482422,118.20775604248047,114097540,0.0,0.0
2022-04-07,137.6999969482422,138.10000610351562,134.10000610351562,134.9499969482422,116.375244140625,55650640,0.0,0.0
2022-04-08,136.09500122070312,137.9949951171875,135.625,137.0749969482422,118.20775604248047,52287710,0.0,0.0
2022-04-11,137.07000732421875,138.39999389648438,135.3000030517578,135.7899932861328,117.0996322631836,44778820,0.0,0.0
2022-04-12,135.3000030517578,135.9949951171875,129.61000061035156,132.02499389648438,113.85285186767578,69191680,0.0,0.0
2022-04-13,133.4949951171875,134.60000610351562,131.5,131.9499969482422,113.78817749023438,44937800,0.0,0.0
2022-04-18,133.19000244140625,135.80499267578125,132.88499450683594,133.91000366210938,115.4783935546875,80700420,0.0,0.0
2022-04-19,135.25999450683594,136.6649932861328,130.89999389648438,132.66000366210938,114.40045166015625,64772190,0.0,0.0
2022-04-20,132.97000122070312,133.64500427246094,130.30499267578125,131.4250030517578,113.33544158935547,54100210,0.0,0.0
2022-04-21,131.60000610351562,132.27499389648438,128.5850067138672,130.21499633789062,112.29198455810547,66690280,0.0,0.0
2022-04-22,130.16000366210938,131.15499877929688,127.375,127.75499725341797,110.17057800292969,55848230,0.0,0.0
2022-04-25,125.0,126.29499816894531,121.27999877929688,122.03500366210938,105.23789978027344,72310460,0.0,0.0
2022-04-26,123.5,124.16999816894531,122.5,123.36000061035156,106.38052368164062,44812710,0.0,0.0
2022-04-27,122.69999694824219,125.5,121.04000091552734,124.66999816894531,107.51020812988281,71209740,0.0,0.0
2022-04-28,125.94999694824219,126.86499786376953,124.30000305175781,126.08499908447266,108.7304458618164,51295830,0.0,0.0
2022-04-29,126.80000305175781,129.1699981689453,126.56500244140625,127.1050033569336,109.61005401611328,57173520,0.0,0.0
2022-05-02,125.69999694824219,130.27499389648438,124.875,129.52000427246094,111.69265747070312,54426170,0.0,0.0
2022-05-04,132.72999572753906,133.0,125.44999694824219,126.13500213623047,108.7735595703125,138374020,0.0,0.0
2022-05-05,128.0,131.64999389648438,127.80000305175781,128.4250030517578,110.74837493896484,87338160,0.0,0.0
2022-05-06,126.80000305175781,129.0,124.30000305175781,128.3699951171875,110.700927734375,69256760,0.0,0.0
2022-05-09,126.0,127.41999816894531,124.4000015258789,125.2249984741211,107.98881530761719,50552970,0.0,0.0
2022-05-10,125.0999984741211,125.46499633789062,115.8550033569336,116.48999786376953,100.45611572265625,145537420,0.0,0.0
2022-05-11,117.5,119.08999633789062,112.33999633789062,116.56999969482422,100.52510833740234,107063150,0.0,0.0
2022-05-12,115.69000244140625,116.23999786376953,110.30000305175781,111.7699966430664,96.38578033447266,94191610,0.0,0.0
2022-05-13,113.5,115.18000030517578,109.19999694824219,109.69999694824219,94.60070037841797,82924410,0.0,0.0
2022-05-16,111.9000015258789,113.4800033569336,109.4000015258789,110.3499984741211,95.1612319946289,62665270,0.0,0.0
2022-05-17,112.4000015258789,119.72000122070312,111.53500366210938,118.87000274658203,102.5085220336914,112876010,0.0,0.0
2022-05-18,119.69999694824219,120.9000015258789,117.5,118.0250015258789,101.77983093261719,81575800,0.0,0.0
2022-05-19,115.0999984741211,115.48999786376953,111.5199966430664,112.21499633789062,96.76953125,66545630,0.0,0.0
2022-05-20,116.23500061035156,117.83999633789062,114.12000274658203,117.05999755859375,100.94766235351562,65527500,0.0,0.0
2022-05-23,109.69999694824219,109.69999694824219,100.15499877929688,102.29499816894531,88.21493530273438,273883460,0.0,0.0
2022-05-24,103.0999984741211,103.98999786376953,100.19999694824219,100.63500213623047,86.78343200683594,123116660,0.0,0.0
2022-05-25,100.63500213623047,101.83499908447266,99.18000030517578,99.91000366210938,86.15821838378906,99343400,0.0,0.0
2022-05-26,100.69999694824219,106.75499725341797,99.5250015258789,105.19999694824219,90.72008514404297,150536730,0.0,0.0
2022-05-27,106.25,106.76499938964844,103.19999694824219,104.3499984741211,89.9870834350586,74772200,0.0,0.0
2022-05-30,105.9000015258789,106.37999725341797,104.3499984741211,104.74500274658203,90.32772064208984,72701590,0.0,0.0
2022-05-31,104.5,107.19000244140625,103.69999694824219,105.56500244140625,91.03485870361328,121248850,0.0,0.0
2022-06-01,106.55000305175781,107.9000015258789,105.33000183105469,106.3550033569336,91.71611785888672,94055290,0.0,0.0
2022-06-02,106.7750015258789,108.4749984741211,105.91000366210938,108.15499877929688,93.26835632324219,79177040,0.0,0.0
2022-06-03,109.19999694824219,109.27999877929688,106.5,106.7300033569336,92.03950500488281,53954860,0.0,0.0
2022-06-06,106.5,108.29000091552734,104.91999816894531,107.80999755859375,92.97084045410156,57262490,0.0,0.0
2022-06-07,106.69999694824219,108.1500015258789,106.3550033569336,106.8499984741211,92.14297485351562,43341570,0.0,0.0
2022-06-08,108.0999984741211,108.88999938964844,107.40499877929688,108.67500305175781,93.71678924560547,64734340,0.0,0.0
2022-06-09,107.49500274658203,108.7249984741211,104.12000274658203,104.48500061035156,90.10350799560547,98547810,0.0,0.0
2022-06-10,103.0,103.13999938964844,101.06500244140625,102.37000274658203,88.27961730957031,95225630,0.0,0.0
2022-06-13,100.43000030517578,101.19999694824219,99.0,99.19499969482422,85.54163360595703,82235750,0.0,0.0
2022-06-14,98.82499694824219,101.37000274658203,98.55500030517578,99.61499786376953,85.90381622314453,77202600,0.0,0.0
2022-06-15,95.3949966430664,97.42500305175781,95.06500244140625,95.95500183105469,87.2126235961914,92443330,5.1,0.0
2022-06-16,97.5,97.5,89.81999969482422,90.16999816894531,81.9546890258789,122741050,0.0,0.0
2022-06-17,89.80000305175781,92.73999786376953,89.55000305175781,90.66999816894531,82.40913391113281,121290260,0.0,0.0
2022-06-20,90.5,90.5,84.26499938964844,86.13999938964844,78.29185485839844,139866890,0.0,0.0
2022-06-21,87.5,89.55000305175781,86.4000015258789,88.4800033569336,80.41867065429688,124526970,0.0,0.0
2022-06-22,87.29499816894531,87.38500213623047,83.56999969482422,83.80999755859375,76.17414855957031,109877390,0.0,0.0
2022-06-23,84.0,85.59500122070312,82.69999694824219,84.12999725341797,76.4649887084961,111515840,0.0,0.0
2022-06-24,85.0,86.4749984741211,84.46499633789062,85.28500366210938,77.51475524902344,85433810,0.0,0.0
2022-06-27,87.05000305175781,87.88500213623047,86.30500030517578,86.78500366210938,78.87810516357422,72814730,0.0,0.0
2022-06-28,86.5999984741211,88.44000244140625,86.04000091552734,87.88999938964844,79.88241577148438,84647330,0.0,0.0
2022-06-29,87.0,88.87999725341797,86.8499984741211,88.16000366210938,80.12782287597656,72318470,0.0,0.0
2022-06-30,88.1500015258789,89.44999694824219,86.33000183105469,86.70500183105469,78.80538940429688,84672090,0.0,0.0
2022-07-01,86.69499969482422,87.5,85.91000366210938,87.28500366210938,79.3325424194336,54761890,0.0,0.0
2022-07-04,86.8499984741211,87.12000274658203,84.33000183105469,85.45500183105469,77.66927337646484,77554410,0.0,0.0
2022-07-05,86.19999694824219,87.91999816894531,85.77999877929688,86.01499938964844,78.17825317382812,79058290,0.0,0.0
2022-07-06,85.84500122070312,86.11000061035156,83.80500030517578,85.81500244140625,77.99647521972656,81439710,0.0,0.0
2022-07-07,86.69999694824219,90.65499877929688,85.8499984741211,90.0,81.80017852783203,111007940,0.0,0.0
2022-07-08,91.79000091552734,91.79000091552734,88.05000305175781,88.58999633789062,80.51863861083984,112000630,0.0,0.0
2022-07-11,88.5199966430664,92.9000015258789,87.50499725341797,91.2750015258789,82.95901489257812,150193340,0.0,0.0
2022-07-12,90.48999786376953,91.59500122070312,89.36000061035156,90.20999908447266,81.99103546142578,100175050,0.0,0.0
2022-07-13,90.59500122070312,91.41999816894531,90.06500244140625,90.48500061035156,82.24099731445312,70135110,0.0,0.0
2022-07-14,91.0,91.0999984741211,89.5,90.80000305175781,82.52729797363281,74498580,0.0,0.0
2022-07-15,90.5,91.02999877929688,87.75,88.37999725341797,80.32777404785156,81253510,0.0,0.0
2022-07-18,89.69999694824219,90.80000305175781,89.2249984741211,90.43000030517578,82.19100189208984,73060810,0.0,0.0
2022-07-19,90.0999984741211,92.19000244140625,90.0999984741211,91.94499969482422,83.5679702758789,85341580,0.0,0.0
2022-07-20,93.59500122070312,93.80000305175781,92.5199966430664,92.84500122070312,84.38597869873047,77088650,0.0,0.0
2022-07-21,93.0,93.88500213623047,92.44999694824219,93.43000030517578,84.91767120361328,50877140,0.0,0.0
2022-07-22,94.25,94.4000015258789,93.19999694824219,93.6050033569336,85.07672882080078,48608940,0.0,0.0
2022-07-25,93.5,96.48500061035156,93.36000061035156,96.06999969482422,87.31714630126953,99635630,0.0,0.0
2022-07-26,97.19999694824219,97.66999816894531,94.6050033569336,94.94999694824219,86.29918670654297,126264690,0.0,0.0
2022-07-27,95.0999984741211,96.15499877929688,94.36000061035156,95.94000244140625,87.1989974975586,52559020,0.0,0.0
2022-07-28,98.0999984741211,102.0,97.1500015258789,100.3499984741211,91.20719146728516,137156107,0.0,10.0
2022-07-29,103.0,109.30000305175781,102.1500015258789,107.5999984741211,97.79666137695312,166959934,0.0,0.0
2022-08-01,110.5,111.44999694824219,106.1500015258789,108.25,98.38744354248047,125365761,0.0,0.0
2022-08-02,108.0,108.0,105.3499984741211,107.0,97.25132751464844,64935371,0.0,0.0
2022-08-03,107.0,108.44999694824219,106.0,107.05000305175781,97.29676818847656,61428846,0.0,0.0
2022-08-04,107.5,109.5,106.05000305175781,107.69999694824219,97.88754272460938,79526154,0.0,0.0
2022-08-05,107.6500015258789,109.25,107.0999984741211,107.3499984741211,97.56944274902344,54469112,0.0,0.0
2022-08-08,107.8499984741211,108.1500015258789,106.69999694824219,107.19999694824219,97.43309783935547,41384943,0.0,0.0
2022-08-10,107.9000015258789,109.9000015258789,106.5,109.19999694824219,99.25088500976562,73880698,0.0,0.0
2022-08-11,110.30000305175781,110.6500015258789,108.5999984741211,109.0999984741211,99.15999603271484,75321498,0.0,0.0
2022-08-12,109.3499984741211,112.9000015258789,108.80000305175781,112.6500015258789,102.38655853271484,95942333,0.0,0.0
2022-08-16,113.69999694824219,113.69999694824219,111.0999984741211,113.0,102.70467376708984,69207437,0.0,0.0
2022-08-17,113.5,113.5,112.25,112.5,102.25022888183594,54008422,0.0,0.0
2022-08-18,112.5,113.0,111.4000015258789,112.55000305175781,102.29566192626953,49396425,0.0,0.0
2022-08-19,112.55000305175781,112.9000015258789,109.55000305175781,110.05000305175781,100.0234375,57134813,0.0,0.0
2022-08-22,109.5,109.5999984741211,104.69999694824219,105.05000305175781,95.47898864746094,74037526,0.0,0.0
2022-08-23,104.19999694824219,108.25,103.5,107.5999984741211,97.79666137695312,70531639,0.0,0.0
2022-08-24,107.55000305175781,108.1500015258789,105.75,106.55000305175781,96.84231567382812,55686404,0.0,0.0
2022-08-25,107.05000305175781,107.9000015258789,105.75,106.25,96.56965637207031,42186335,0.0,0.0
2022-08-26,107.25,109.19999694824219,107.0999984741211,107.3499984741211,97.56944274902344,71257092,0.0,0.0
2022-08-29,104.05000305175781,105.6500015258789,103.25,104.8499984741211,95.29721069335938,59895805,0.0,0.0
2022-08-30,106.5,108.5,106.05000305175781,108.30000305175781,98.4328842163086,67401780,0.0,0.0
2022-09-01,107.0,107.75,105.9000015258789,106.4000015258789,96.70600128173828,52454732,0.0,0.0
2022-09-02,107.0,107.0,105.0,105.5,95.88798522949219,45601352,0.0,0.0
2022-09-05,106.05000305175781,107.30000305175781,105.80000305175781,106.9000015258789,97.16043090820312,40352735,0.0,0.0
2022-09-06,107.4000015258789,108.80000305175781,106.05000305175781,108.5999984741211,98.7055435180664,59505849,0.0,0.0
2022-09-07,107.55000305175781,108.9000015258789,107.0999984741211,107.5999984741211,97.79666137695312,43945660,0.0,0.0
2022-09-08,108.4000015258789,108.4000015258789,105.3499984741211,105.8499984741211,96.20609283447266,71228405,0.0,0.0
2022-09-09,107.0,107.3499984741211,105.5,105.69999694824219,96.06976318359375,63647166,0.0,0.0
2022-09-12,106.80000305175781,107.94999694824219,106.5,107.75,97.93299102783203,40838533,0.0,0.0
2022-09-13,108.0,108.69999694824219,107.55000305175781,107.75,97.93299102783203,44179394,0.0,0.0
2022-09-14,106.30000305175781,110.4000015258789,105.80000305175781,109.1500015258789,99.2054443359375,86379872,0.0,0.0
2022-09-15,108.6500015258789,109.0,106.5,107.0,97.25132751464844,62926791,0.0,0.0
2022-09-16,106.19999694824219,107.5,105.0,105.69999694824219,96.06976318359375,107967267,0.0,0.0
2022-09-19,106.19999694824219,106.19999694824219,103.0,103.0999984741211,93.70664978027344,51146568,0.0,0.0
2022-09-20,104.19999694824219,106.3499984741211,104.0,105.80000305175781,96.1606674194336,52140254,0.0,0.0
2022-09-21,105.80000305175781,107.19999694824219,104.30000305175781,104.44999694824219,94.93365478515625,46142823,0.0,0.0
2022-09-22,104.44999694824219,105.30000305175781,103.5,103.5999984741211,94.16109466552734,61380323,0.0,0.0
2022-09-23,106.19999694824219,107.9000015258789,103.75,104.30000305175781,94.79731750488281,109765520,0.0,0.0
2022-09-26,104.4000015258789,104.44999694824219,98.5,99.8499984741211,90.75274658203125,101291962,0.0,0.0
2022-09-27,101.3499984741211,101.3499984741211,96.5,97.6500015258789,88.75320434570312,104949032,0.0,0.0
2022-09-28,96.55000305175781,97.8499984741211,95.0,95.19999694824219,86.52640533447266,71724106,0.0,0.0
2022-09-29,97.0,98.25,96.4000015258789,96.8499984741211,88.02607727050781,60884592,0.0,0.0
2022-09-30,96.8499984741211,100.4000015258789,95.69999694824219,99.30000305175781,90.25286865234375,66436616,0.0,0.0
2022-10-03,99.5999984741211,99.6500015258789,98.0,98.3499984741211,89.38941955566406,37282313,0.0,0.0
2022-10-04,100.30000305175781,101.5,100.0,101.1500015258789,91.93431091308594,40186702,0.0,0.0
2022-10-06,102.0,103.80000305175781,101.75,103.55000305175781,94.11565399169922,48169310,0.0,0.0
2022-10-07,103.30000305175781,103.5,101.9000015258789,103.30000305175781,93.888427734375,36080875,0.0,0.0
2022-10-10,102.0,103.5,101.1500015258789,103.19999694824219,93.79753875732422,36641275,0.0,0.0
2022-10-11,103.55000305175781,103.6500015258789,99.80000305175781,100.3499984741211,91.20719146728516,41083734,0.0,0.0
2022-10-12,100.3499984741211,101.19999694824219,99.0,100.55000305175781,91.38898468017578,41357469,0.0,0.0
2022-10-13,101.0999984741211,101.80000305175781,98.80000305175781,100.0999984741211,90.97998046875,34668093,0.0,0.0
2022-10-14,101.8499984741211,102.80000305175781,99.9000015258789,100.0999984741211,90.97998046875,32456805,0.0,0.0
2022-10-17,99.75,100.4000015258789,98.0999984741211,99.55000305175781,90.48009490966797,37568783,0.0,0.0
2022-10-18,100.30000305175781,101.0,99.80000305175781,100.6500015258789,91.47987365722656,30722156,0.0,0.0
2022-10-19,100.5999984741211,101.25,99.69999694824219,100.05000305175781,90.93453216552734,38764542,0.0,0.0
2022-10-20,99.5,101.19999694824219,98.80000305175781,100.9000015258789,91.70708465576172,38091315,0.0,0.0
2022-10-21,100.8499984741211,101.44999694824219,99.3499984741211,100.19999694824219,91.07086181640625,30973997,0.0,0.0
2022-10-24,102.0,102.0999984741211,101.0,101.19999694824219,91.97975158691406,7480281,0.0,0.0
2022-10-25,101.1500015258789,102.5,100.69999694824219,101.19999694824219,91.97975158691406,37163180,0.0,0.0
2022-10-27,102.25,104.6500015258789,102.05000305175781,104.19999694824219,94.70642852783203,74349009,0.0,0.0
2022-10-28,104.0999984741211,104.5999984741211,100.80000305175781,101.5999984741211,92.34330749511719,51006232,0.0,0.0
2022-10-31,101.9000015258789,102.1500015258789,100.30000305175781,101.55000305175781,92.2978744506836,38715841,0.0,0.0
2022-11-01,98.55000305175781,101.44999694824219,98.55000305175781,101.19999694824219,91.97975158691406,69031178,0.0,0.0
2022-11-02,101.0,103.0,100.80000305175781,101.25,92.02520751953125,42336049,0.0,0.0
2022-11-03,100.75,102.44999694824219,100.0,102.0,92.70686340332031,39110676,0.0,0.0
2022-11-04,102.5,105.0,102.19999694824219,104.75,95.2063217163086,70299020,0.0,0.0
2022-11-07,105.9000015258789,107.44999694824219,104.5999984741211,106.69999694824219,96.97865295410156,74426059,0.0,0.0
2022-11-09,107.25,107.55000305175781,105.55000305175781,106.0999984741211,96.4333267211914,38295904,0.0,0.0
2022-11-10,105.19999694824219,106.0,104.44999694824219,104.69999694824219,95.1608657836914,27864285,0.0,0.0
2022-11-11,106.25,108.19999694824219,106.25,107.55000305175781,97.75121307373047,77933417,0.0,0.0
2022-11-14,108.5,110.0,108.25,108.69999694824219,98.79642486572266,55474425,0.0,0.0
2022-11-15,109.0,109.3499984741211,107.19999694824219,108.55000305175781,98.66011047363281,35007427,0.0,0.0
2022-11-16,108.44999694824219,108.80000305175781,105.19999694824219,106.55000305175781,96.84231567382812,40404167,0.0,0.0
2022-11-17,105.9000015258789,106.80000305175781,104.5,105.8499984741211,96.20609283447266,32894825,0.0,0.0
2022-11-18,105.8499984741211,106.30000305175781,104.69999694824219,105.5,95.88798522949219,28992538,0.0,0.0
2022-11-21,107.69999694824219,107.69999694824219,103.8499984741211,104.25,94.75188446044922,58404309,0.0,0.0
2022-11-22,104.4000015258789,105.4000015258789,103.55000305175781,105.19999694824219,95.61531829833984,27846186,0.0,0.0
2022-11-23,105.69999694824219,106.0,104.94999694824219,105.44999694824219,95.84254455566406,22809651,0.0,0.0
2022-11-24,105.8499984741211,105.94999694824219,104.5999984741211,105.5,95.88798522949219,23737867,0.0,0.0
2022-11-25,105.5999984741211,106.5,105.0999984741211,106.19999694824219,96.52420806884766,27361785,0.0,0.0
2022-11-28,106.0,106.4000015258789,104.5,104.9000015258789,95.3426513671875,33516118,0.0,0.0
2022-11-29,105.0,107.6500015258789,104.94999694824219,106.0999984741211,96.4333267211914,40661568,0.0,0.0
2022-11-30,106.0999984741211,107.94999694824219,105.9000015258789,107.6500015258789,97.84210968017578,61142050,0.0,0.0
2022-12-01,108.69999694824219,111.30000305175781,108.0,110.75,100.65966796875,91702642,0.0,0.0
2022-12-02,110.80000305175781,112.5,110.1500015258789,112.0,101.7957763671875,70541914,0.0,0.0
2022-12-05,113.30000305175781,116.0999984741211,112.6500015258789,115.8499984741211,105.29500579833984,96441799,0.0,0.0
2022-12-06,115.3499984741211,115.3499984741211,112.25,112.94999694824219,102.65922546386719,50581245,0.0,0.0
2022-12-07,113.4000015258789,113.5,110.8499984741211,111.19999694824219,101.06866455078125,39494279,0.0,0.0
2022-12-08,111.75,113.0,110.80000305175781,111.8499984741211,101.65943908691406,32416724,0.0,0.0
2022-12-09,112.80000305175781,113.75,109.69999694824219,110.44999694824219,100.38699340820312,35665257,0.0,0.0
2022-12-12,110.19999694824219,112.0999984741211,108.69999694824219,111.69999694824219,101.52310180664062,37082389,0.0,0.0
2022-12-13,112.55000305175781,112.8499984741211,110.80000305175781,111.19999694824219,101.06866455078125,32264080,0.0,0.0
2022-12-14,111.5999984741211,113.19999694824219,111.0999984741211,113.05000305175781,102.75011444091797,38606984,0.0,0.0
2022-12-15,112.6500015258789,113.44999694824219,110.69999694824219,110.94999694824219,100.84144592285156,34361613,0.0,0.0
2022-12-16,110.3499984741211,112.0999984741211,109.44999694824219,111.05000305175781,100.93234252929688,34736665,0.0,0.0
2022-12-19,111.05000305175781,112.0999984741211,110.80000305175781,111.80000305175781,101.61400604248047,17297590,0.0,0.0
2022-12-20,111.1500015258789,111.5,109.0,110.94999694824219,100.84144592285156,34836506,0.0,0.0
2022-12-21,111.80000305175781,112.0,108.69999694824219,109.4000015258789,99.43266296386719,32303565,0.0,0.0
2022-12-22,110.0,110.5999984741211,106.3499984741211,107.6500015258789,97.84210968017578,39639329,0.0,0.0
2022-12-23,106.0,106.75,101.94999694824219,102.25,92.93408966064453,46756489,0.0,0.0
2022-12-26,102.80000305175781,105.55000305175781,101.6500015258789,105.0,95.43353271484375,33995681,0.0,0.0
2022-12-27,106.6500015258789,111.55000305175781,105.8499984741211,111.1500015258789,101.02322387695312,76033410,0.0,0.0
2022-12-28,111.05000305175781,112.30000305175781,109.69999694824219,110.0,99.97799682617188,50660601,0.0,0.0
2022-12-29,109.0,112.0,108.8499984741211,111.75,101.56855773925781,51751642,0.0,0.0
2022-12-30,112.9000015258789,114.75,112.0999984741211,112.6500015258789,102.38655853271484,56048485,0.0,0.0
2023-01-02,114.4000015258789,119.69999694824219,113.75,119.25,108.3852310180664,143444095,0.0,0.0
2023-01-03,119.80000305175781,120.5,117.75,118.44999694824219,107.65811920166016,74419090,0.0,0.0
2023-01-04,118.75,119.05000305175781,115.3499984741211,115.75,105.2041244506836,55634568,0.0,0.0
2023-01-05,116.5,117.0,114.5,116.55000305175781,105.93122863769531,58806907,0.0,0.0
2023-01-06,117.0,117.8499984741211,115.25,115.6500015258789,105.11322784423828,58551863,0.0,0.0
2023-01-09,116.9000015258789,118.0999984741211,116.55000305175781,117.55000305175781,106.84012603759766,37763131,0.0,0.0
2023-01-10,117.6500015258789,119.75,117.55000305175781,118.8499984741211,108.02168273925781,56750710,0.0,0.0
2023-01-11,119.44999694824219,120.3499984741211,118.0,118.8499984741211,108.02168273925781,49321252,0.0,0.0
2023-01-12,118.94999694824219,119.25,117.5999984741211,118.0999984741211,107.34000396728516,33740024,0.0,0.0
2023-01-13,118.55000305175781,121.5999984741211,118.1500015258789,120.44999694824219,109.47589874267578,68884010,0.0,0.0
2023-01-16,121.44999694824219,121.44999694824219,118.80000305175781,119.94999694824219,109.02145385742188,44362359,0.0,0.0
2023-01-17,119.75,119.9000015258789,118.0,119.3499984741211,108.47612762451172,27880531,0.0,0.0
2023-01-18,120.0,123.0,120.0,122.44999694824219,111.29368591308594,64749065,0.0,0.0
2023-01-19,121.80000305175781,124.30000305175781,121.1500015258789,123.55000305175781,112.29347229003906,53564076,0.0,0.0
2023-01-20,123.4000015258789,124.19999694824219,122.0,122.94999694824219,111.74813079833984,37784498,0.0,0.0
2023-01-23,123.4000015258789,123.8499984741211,121.5,122.0,110.88468170166016,28601260,0.0,0.0
2023-01-24,122.5,122.55000305175781,120.0999984741211,120.4000015258789,109.43046569824219,27707765,0.0,0.0
2023-01-25,120.3499984741211,122.25,120.0999984741211,121.0,109.97579956054688,46522102,0.0,0.0
2023-01-27,121.9000015258789,123.25,119.0999984741211,120.6500015258789,109.6576919555664,58771746,0.0,0.0
2023-01-30,120.44999694824219,121.0999984741211,116.9000015258789,118.75,107.93079376220703,46551837,0.0,0.0
2023-01-31,118.75,120.44999694824219,117.75,119.69999694824219,108.79423522949219,43986769,0.0,0.0
2023-02-01,120.0999984741211,124.1500015258789,119.30000305175781,122.05000305175781,110.93013763427734,72919626,0.0,0.0
2023-02-02,121.94999694824219,122.5,118.4000015258789,119.94999694824219,109.02145385742188,38768010,0.0,0.0
2023-02-03,120.05000305175781,121.0,117.19999694824219,120.3499984741211,109.385009765625,46977350,0.0,0.0
2023-02-06,120.0,120.0,117.0,117.44999694824219,106.74922943115234,49546361,0.0,0.0
2023-02-07,112.5999984741211,115.3499984741211,110.55000305175781,111.44999694824219,101.29588317871094,110953246,0.0,0.0
2023-02-08,111.44999694824219,112.75,110.0999984741211,111.44999694824219,101.29588317871094,66523699,0.0,0.0
2023-02-09,112.1500015258789,112.94999694824219,109.94999694824219,111.25,101.1141128540039,64710455,0.0,0.0
2023-02-10,111.0,111.25,108.30000305175781,108.80000305175781,98.8873291015625,60810058,0.0,0.0
2023-02-13,108.80000305175781,110.5999984741211,108.4000015258789,108.75,98.84188079833984,56186469,0.0,0.0
2023-02-14,109.55000305175781,109.9000015258789,108.25,109.25,99.29633331298828,31163587,0.0,0.0
2023-02-15,109.0,110.5999984741211,108.80000305175781,110.30000305175781,100.25066375732422,35544190,0.0,0.0
2023-02-16,111.0,112.19999694824219,110.6500015258789,112.0,101.7957763671875,30956191,0.0,0.0
2023-02-17,111.55000305175781,113.0999984741211,111.30000305175781,112.25,102.02300262451172,34107244,0.0,0.0
2023-02-20,112.30000305175781,112.69999694824219,111.05000305175781,112.3499984741211,102.1138916015625,19896764,0.0,0.0
2023-02-21,112.9000015258789,114.19999694824219,112.75,113.1500015258789,102.84099578857422,29830864,0.0,0.0
2023-02-22,113.25,113.69999694824219,110.6500015258789,111.1500015258789,101.02322387695312,24391211,0.0,0.0
2023-02-23,111.55000305175781,113.6500015258789,111.3499984741211,112.05000305175781,101.84122467041016,30845778,0.0,0.0
2023-02-24,112.5,112.9000015258789,109.55000305175781,109.75,99.75077819824219,34326940,0.0,0.0
2023-02-27,109.80000305175781,110.05000305175781,105.1500015258789,106.0999984741211,96.4333267211914,56217189,0.0,0.0
2023-02-28,106.8499984741211,107.05000305175781,103.55000305175781,103.94999694824219,94.47920989990234,76540448,0.0,0.0
2023-03-01,104.69999694824219,107.0999984741211,104.5,105.5,95.88798522949219,76175319,0.0,0.0
2023-03-02,106.05000305175781,106.9000015258789,104.3499984741211,104.6500015258789,95.11543273925781,55276248,0.0,0.0
2023-03-03,106.0,107.44999694824219,105.0,107.0,97.25132751464844,117175295,0.0,0.0
2023-03-06,107.5,107.5999984741211,105.0,105.6500015258789,96.02432250976562,106868143,0.0,0.0
2023-03-08,105.30000305175781,106.9000015258789,104.0,106.5,96.79688262939453,43939583,0.0,0.0
2023-03-09,107.8499984741211,108.94999694824219,107.5,108.19999694824219,98.34199523925781,51967449,0.0,0.0
2023-03-10,107.0,108.3499984741211,106.5999984741211,108.0999984741211,98.2510986328125,47699832,0.0,0.0
2023-03-13,108.25,109.0,106.3499984741211,106.80000305175781,97.06954956054688,34552596,0.0,0.0
2023-03-14,107.0,108.55000305175781,106.19999694824219,106.4000015258789,96.70600128173828,48584984,0.0,0.0
2023-03-15,107.5,109.1500015258789,107.4000015258789,108.6500015258789,98.7509994506836,38930902,0.0,0.0
2023-03-16,107.25,107.25,103.69999694824219,105.05000305175781,95.47898864746094,81088340,0.0,0.0
2023-03-17,106.44999694824219,107.3499984741211,105.0,107.0,97.25132751464844,48962238,0.0,0.0
2023-03-20,106.0999984741211,106.44999694824219,103.8499984741211,104.5,94.97909545898438,41569640,0.0,0.0
2023-03-21,105.0999984741211,105.4000015258789,104.30000305175781,104.75,95.2063217163086,26434897,0.0,0.0
2023-03-22,104.75,105.94999694824219,104.4000015258789,104.80000305175781,95.25177001953125,25891259,0.0,0.0
2023-03-23,104.4000015258789,105.5,104.3499984741211,104.9000015258789,95.3426513671875,20913844,0.0,0.0
2023-03-24,105.0,105.05000305175781,101.55000305175781,102.0999984741211,92.7977523803711,39014278,0.0,0.0
2023-03-27,102.55000305175781,103.4000015258789,102.0999984741211,102.30000305175781,92.97954559326172,24753289,0.0,0.0
2023-03-28,102.8499984741211,103.0999984741211,102.3499984741211,102.5,93.16131591796875,18703734,0.0,0.0
2023-03-29,102.5,104.5,101.6500015258789,103.5999984741211,94.16109466552734,37221124,0.0,0.0
2023-03-31,105.0,105.5,104.0999984741211,104.5,94.97909545898438,34579415,0.0,0.0
2023-04-03,105.0999984741211,105.25,103.80000305175781,104.0999984741211,94.61553955078125,21840428,0.0,0.0
2023-04-05,104.0999984741211,105.0,103.19999694824219,104.8499984741211,95.29721069335938,25194802,0.0,0.0
2023-04-06,104.8499984741211,105.0999984741211,104.19999694824219,104.3499984741211,94.84276580810547,21053782,0.0,0.0
2023-04-10,104.5,105.75,104.5,104.94999694824219,95.38809967041016,19992257,0.0,0.0
2023-04-11,105.55000305175781,107.8499984741211,105.0999984741211,107.55000305175781,97.75121307373047,49304956,0.0,0.0
2023-04-12,108.19999694824219,108.4000015258789,106.94999694824219,107.5999984741211,97.79666137695312,27349538,0.0,0.0
2023-04-13,107.5,108.1500015258789,105.9000015258789,107.5,97.70576477050781,34880922,0.0,0.0
2023-04-17,107.5999984741211,108.30000305175781,106.75,107.1500015258789,97.38765716552734,24642162,0.0,0.0
2023-04-18,107.19999694824219,107.9000015258789,106.8499984741211,107.5999984741211,97.79666137695312,25476339,0.0,0.0
2023-04-19,107.8499984741211,110.4000015258789,107.75,108.0999984741211,98.2510986328125,62100775,0.0,0.0
2023-04-20,108.19999694824219,108.69999694824219,107.4000015258789,108.0,98.16020965576172,18337948,0.0,0.0
2023-04-21,108.0,108.0999984741211,105.3499984741211,106.1500015258789,96.47876739501953,37638506,0.0,0.0
2023-04-24,106.4000015258789,106.69999694824219,105.3499984741211,106.5,96.79688262939453,23475012,0.0,0.0
2023-04-25,106.69999694824219,107.5999984741211,106.25,107.05000305175781,97.29676818847656,23333425,0.0,0.0
2023-04-26,106.5,107.05000305175781,105.8499984741211,106.8499984741211,97.11498260498047,23590297,0.0,0.0
2023-04-27,106.30000305175781,107.8499984741211,106.30000305175781,107.6500015258789,97.84210968017578,22364308,0.0,0.0
2023-04-28,107.80000305175781,108.5,107.30000305175781,107.94999694824219,98.11477661132812,30072920,0.0,0.0
2023-05-02,108.0,110.8499984741211,108.0,110.30000305175781,100.25066375732422,52822162,0.0,0.0
2023-05-03,109.80000305175781,111.0,108.75,109.69999694824219,99.705322265625,51272624,0.0,0.0
2023-05-04,110.0,111.9000015258789,109.5,111.05000305175781,100.93234252929688,38636907,0.0,0.0
2023-05-05,110.8499984741211,110.8499984741211,108.4000015258789,108.6500015258789,98.7509994506836,32958346,0.0,0.0
2023-05-08,109.25,109.8499984741211,108.25,109.55000305175781,99.5689926147461,23130472,0.0,0.0
2023-05-09,109.5999984741211,111.19999694824219,109.1500015258789,109.55000305175781,99.5689926147461,27999202,0.0,0.0
2023-05-10,109.5999984741211,110.0,108.5999984741211,109.25,99.29633331298828,19213215,0.0,0.0
2023-05-11,109.19999694824219,109.5,108.25,108.55000305175781,98.66011047363281,19817637,0.0,0.0
2023-05-12,108.3499984741211,108.4000015258789,106.55000305175781,106.75,97.02410125732422,36794838,0.0,0.0
2023-05-15,107.05000305175781,108.19999694824219,105.6500015258789,107.69999694824219,97.88754272460938,22148028,0.0,0.0
2023-05-16,108.19999694824219,108.6500015258789,107.19999694824219,107.4000015258789,97.61488342285156,18587658,0.0,0.0
2023-05-17,107.4000015258789,107.5,105.55000305175781,106.0,96.3424301147461,28895465,0.0,0.0
2023-05-18,106.5,107.1500015258789,105.0999984741211,105.19999694824219,95.61531829833984,24208481,0.0,0.0
2023-05-19,105.5999984741211,105.69999694824219,104.05000305175781,104.6500015258789,95.11543273925781,29848841,0.0,0.0
2023-05-22,105.0,105.25,104.30000305175781,105.0,95.43353271484375,21588716,0.0,0.0
2023-05-23,105.0999984741211,106.05000305175781,105.0,105.5999984741211,95.97887420654297,21304034,0.0,0.0
2023-05-24,105.0999984741211,105.80000305175781,104.9000015258789,105.19999694824219,95.61531829833984,28454367,0.0,0.0
2023-05-25,105.0,105.19999694824219,104.30000305175781,104.8499984741211,95.29721069335938,25885062,0.0,0.0
2023-05-26,105.0,106.75,104.94999694824219,106.4000015258789,96.70600128173828,28362042,0.0,0.0
2023-05-29,107.0,108.8499984741211,106.30000305175781,108.44999694824219,98.5692138671875,41062311,0.0,0.0
2023-05-30,108.94999694824219,108.94999694824219,106.9000015258789,107.05000305175781,97.29676818847656,33475211,0.0,0.0
2023-05-31,106.4000015258789,106.94999694824219,105.5999984741211,105.80000305175781,96.1606674194336,41249944,0.0,0.0
2023-06-01,105.9000015258789,106.69999694824219,105.80000305175781,105.94999694824219,96.29698181152344,21211538,0.0,0.0
2023-06-02,106.5,108.30000305175781,106.5,108.0,98.16020965576172,46686933,0.0,0.0
2023-06-05,108.6500015258789,109.9000015258789,107.80000305175781,109.4000015258789,99.43266296386719,39642539,0.0,0.0
2023-06-06,109.75,109.8499984741211,108.30000305175781,109.0,99.06910705566406,26751372,0.0,0.0
2023-06-07,109.5,111.75,108.9000015258789,111.5,101.3413314819336,45157197,0.0,0.0
2023-06-08,111.5,113.0,110.94999694824219,111.1500015258789,101.02322387695312,46380294,0.0,0.0
2023-06-09,111.25,111.6500015258789,108.6500015258789,108.9000015258789,98.97822570800781,36392617,0.0,0.0
2023-06-12,109.1500015258789,110.5999984741211,109.1500015258789,109.5,99.5235595703125,23472313,0.0,0.0
2023-06-13,110.0,111.8499984741211,109.6500015258789,111.1500015258789,101.02322387695312,30018212,0.0,0.0
2023-06-14,111.5,114.0,111.4000015258789,113.80000305175781,103.4317855834961,66696433,0.0,0.0
2023-06-15,113.9000015258789,114.19999694824219,113.25,113.75,103.3863296508789,39430138,0.0,0.0
2023-06-16,114.4000015258789,114.80000305175781,113.8499984741211,114.25,103.84078216552734,31715807,0.0,0.0
2023-06-19,115.44999694824219,115.5999984741211,113.05000305175781,114.0999984741211,103.7044448852539,33502185,0.0,0.0
2023-06-20,114.0999984741211,115.25,113.5,114.25,103.84078216552734,30371599,0.0,0.0
2023-06-21,114.9000015258789,114.9000015258789,112.8499984741211,113.9000015258789,103.52267456054688,35627983,0.0,0.0
2023-06-22,110.5999984741211,112.19999694824219,110.55000305175781,111.0999984741211,104.27351379394531,34769987,3.6,0.0
2023-06-23,110.5,110.75,109.19999694824219,109.5999984741211,102.86568450927734,22190233,0.0,0.0
2023-06-26,109.5999984741211,110.19999694824219,108.0999984741211,109.8499984741211,103.10031127929688,25332751,0.0,0.0
2023-06-27,110.5999984741211,111.5,110.1500015258789,110.75,103.94502258300781,24129403,0.0,0.0
2023-06-28,111.5,112.05000305175781,110.9000015258789,111.55000305175781,104.69586944580078,23895274,0.0,0.0
2023-06-30,111.5999984741211,112.19999694824219,110.4000015258789,112.0,105.11821746826172,26741918,0.0,0.0
2023-07-03,112.25,114.25,112.05000305175781,113.0999984741211,106.15062713623047,30979256,0.0,0.0
2023-07-04,113.19999694824219,113.4000015258789,112.0999984741211,112.4000015258789,105.49363708496094,25080307,0.0,0.0
2023-07-05,112.55000305175781,113.55000305175781,112.19999694824219,112.94999694824219,106.00984191894531,27877180,0.0,0.0
2023-07-06,112.0,112.8499984741211,111.5,112.6500015258789,105.72827911376953,34320086,0.0,0.0
2023-07-07,112.0,113.30000305175781,111.25,111.5999984741211,104.74279022216797,30034274,0.0,0.0
2023-07-10,112.25,115.69999694824219,111.6500015258789,115.30000305175781,108.2154541015625,60652690,0.0,0.0
2023-07-11,115.5999984741211,116.0999984741211,114.80000305175781,115.1500015258789,108.07466125488281,37999385,0.0,0.0
2023-07-12,115.1500015258789,116.05000305175781,114.0,114.69999694824219,107.65231323242188,32771204,0.0,0.0
2023-07-13,116.0,116.94999694824219,114.5,114.8499984741211,107.79309844970703,44847814,0.0,0.0
2023-07-14,115.69999694824219,117.9000015258789,114.80000305175781,117.1500015258789,109.95177459716797,34521821,0.0,0.0
2023-07-17,117.94999694824219,119.3499984741211,117.0999984741211,117.75,110.51490783691406,49115369,0.0,0.0
2023-07-18,118.0,118.1500015258789,116.4000015258789,116.5999984741211,109.4355697631836,23433431,0.0,0.0
2023-07-19,116.69999694824219,117.19999694824219,116.0999984741211,116.69999694824219,109.5294189453125,17222355,0.0,0.0
2023-07-20,116.69999694824219,117.25,116.3499984741211,116.94999694824219,109.76406860351562,22303831,0.0,0.0
2023-07-21,116.5999984741211,117.94999694824219,115.5,116.5999984741211,109.4355697631836,31546136,0.0,0.0
2023-07-24,116.5,116.5,114.3499984741211,115.5,108.40316009521484,38113555,0.0,0.0
2023-07-25,115.0,119.9000015258789,114.3499984741211,119.25,111.92274475097656,88035259,0.0,0.0
2023-07-26,119.80000305175781,120.5999984741211,118.8499984741211,119.94999694824219,112.57972717285156,29716336,0.0,0.0
2023-07-27,120.25,121.44999694824219,119.1500015258789,119.80000305175781,112.43894958496094,39664251,0.0,0.0
2023-07-28,120.19999694824219,121.0999984741211,118.69999694824219,120.5999984741211,113.1897964477539,33996691,0.0,0.0
2023-07-31,120.5999984741211,123.8499984741211,120.5999984741211,123.1500015258789,115.58311462402344,52330311,0.0,0.0
2023-08-01,123.55000305175781,124.1500015258789,122.55000305175781,123.19999694824219,115.63003540039062,27863562,0.0,0.0
2023-08-02,122.9000015258789,122.9000015258789,118.25,118.94999694824219,111.64117431640625,54951586,0.0,0.0
2023-08-03,118.69999694824219,119.6500015258789,117.5,118.19999694824219,110.93726348876953,34624188,0.0,0.0
2023-08-04,119.4000015258789,119.75,118.0,119.0,111.68810272216797,22303966,0.0,0.0
2023-08-07,119.5999984741211,119.5999984741211,118.0,118.8499984741211,111.54731750488281,20711952,0.0,0.0
2023-08-08,119.0,119.5,117.94999694824219,118.1500015258789,110.89032745361328,21275054,0.0,0.0
2023-08-09,118.3499984741211,120.5,116.9000015258789,120.19999694824219,112.81436920166016,34154214,0.0,0.0
2023-08-10,120.0,120.6500015258789,119.25,120.0,112.62665557861328,24439101,0.0,0.0
2023-08-11,120.30000305175781,121.4000015258789,119.1500015258789,120.30000305175781,112.9082260131836,26337436,0.0,0.0
2023-08-14,120.30000305175781,120.4000015258789,117.3499984741211,118.1500015258789,110.89032745361328,33095516,0.0,0.0
2023-08-16,117.94999694824219,117.94999694824219,115.4000015258789,115.94999694824219,108.82550811767578,31252473,0.0,0.0
2023-08-17,115.9000015258789,116.80000305175781,114.69999694824219,116.05000305175781,108.91936492919922,28461865,0.0,0.0
2023-08-18,116.30000305175781,116.4000015258789,114.75,115.80000305175781,108.68473052978516,30381609,0.0,0.0
2023-08-21,116.75,117.0999984741211,115.8499984741211,116.9000015258789,109.7171401977539,22629651,0.0,0.0
2023-08-22,117.1500015258789,117.75,116.5,117.55000305175781,110.32720184326172,17343131,0.0,0.0
2023-08-23,117.8499984741211,119.25,117.6500015258789,118.94999694824219,111.64117431640625,43744909,0.0,0.0
2023-08-24,119.5,120.0999984741211,118.05000305175781,118.25,110.98418426513672,27103446,0.0,0.0
2023-08-25,118.0,118.1500015258789,116.69999694824219,116.9000015258789,109.7171401977539,23692527,0.0,0.0
2023-08-28,117.0,118.25,117.0,117.5999984741211,110.37413024902344,19218821,0.0,0.0
2023-08-29,118.5,120.1500015258789,117.75,119.55000305175781,112.20431518554688,36038317,0.0,0.0
2023-08-30,120.5,122.69999694824219,120.25,122.0999984741211,114.59761810302734,51467177,0.0,0.0
2023-08-31,122.8499984741211,123.5999984741211,122.1500015258789,122.9000015258789,115.34847259521484,60626985,0.0,0.0
2023-09-01,123.5,128.6999969482422,123.4000015258789,127.05000305175781,119.24347686767578,76460408,0.0,0.0
2023-09-04,129.1999969482422,132.89999389648438,128.85000610351562,131.75,123.6546859741211,68525900,0.0,0.0
2023-09-05,131.75,132.4499969482422,128.85000610351562,131.6999969482422,123.60774993896484,36466807,0.0,0.0
2023-09-06,132.39999389648438,132.39999389648438,128.1999969482422,129.60000610351562,121.63680267333984,36058850,0.0,0.0
2023-09-07,129.5,130.8000030517578,128.60000610351562,130.14999389648438,122.15299224853516,30268235,0.0,0.0
2023-09-08,131.39999389648438,131.64999389648438,129.1999969482422,129.5,121.54293823242188,34313523,0.0,0.0
2023-09-11,129.5,131.85000610351562,129.1999969482422,131.14999389648438,123.09154510498047,33377857,0.0,0.0
2023-09-12,132.8000030517578,133.14999389648438,128.64999389648438,129.0,121.07365417480469,38065283,0.0,0.0
2023-09-13,129.60000610351562,130.5,127.69999694824219,129.5500030517578,121.5898666381836,23371459,0.0,0.0
2023-09-14,131.0,134.1999969482422,130.8000030517578,131.6999969482422,123.60774993896484,58800620,0.0,0.0
2023-09-15,132.60000610351562,133.3000030517578,129.85000610351562,131.9499969482422,123.84239959716797,85058495,0.0,0.0
2023-09-18,135.0,135.0,130.0500030517578,130.4499969482422,122.43456268310547,62420823,0.0,0.0
2023-09-20,130.4499969482422,131.8000030517578,128.0,128.3000030517578,120.41667175292969,43627379,0.0,0.0
2023-09-21,128.3000030517578,129.25,127.19999694824219,127.80000305175781,119.94739532470703,29826091,0.0,0.0
2023-09-22,127.1500015258789,128.6999969482422,125.5,126.75,118.96190643310547,34059194,0.0,0.0
2023-09-25,127.30000305175781,128.3000030517578,126.0999984741211,127.4000015258789,119.57196807861328,23466981,0.0,0.0
2023-09-26,129.0,130.5500030517578,128.39999389648438,128.89999389648438,120.97979736328125,48936598,0.0,0.0
2023-09-27,128.75,128.75,126.69999694824219,128.14999389648438,120.27588653564453,33277329,0.0,0.0
2023-09-28,128.35000610351562,129.3000030517578,126.30000305175781,126.80000305175781,119.00884246826172,29982233,0.0,0.0
2023-09-29,128.1999969482422,129.5500030517578,127.55000305175781,128.89999389648438,120.97979736328125,28406435,0.0,0.0
2023-10-03,129.0,129.10000610351562,127.25,128.0,120.13510131835938,18613557,0.0,0.0
2023-10-04,127.0,127.0999984741211,124.5,125.30000305175781,117.60100555419922,33272725,0.0,0.0
2023-10-05,125.9000015258789,126.1500015258789,124.55000305175781,125.25,117.5540771484375,27063441,0.0,0.0
2023-10-06,126.5,127.0,125.0999984741211,125.9000015258789,118.16413879394531,21928671,0.0,0.0
2023-10-09,124.80000305175781,124.9000015258789,122.5999984741211,123.8499984741211,116.24009704589844,21457836,0.0,0.0
2023-10-10,124.69999694824219,125.9000015258789,123.75,125.30000305175781,117.60100555419922,28745957,0.0,0.0
2023-10-11,126.0,126.30000305175781,124.69999694824219,124.94999694824219,117.27250671386719,24455932,0.0,0.0
2023-10-12,125.3499984741211,126.9000015258789,125.0999984741211,125.9000015258789,118.16413879394531,19361688,0.0,0.0
2023-10-13,125.0,125.75,124.0,125.05000305175781,117.36637115478516,26912800,0.0,0.0
2023-10-16,125.0999984741211,127.25,124.94999694824219,127.0,119.19654846191406,23868700,0.0,0.0
2023-10-17,127.9000015258789,128.5500030517578,127.0,127.4000015258789,119.57196807861328,24241710,0.0,0.0
2023-10-18,127.8499984741211,128.6999969482422,126.5999984741211,127.0999984741211,119.29039764404297,20926079,0.0,0.0
2023-10-19,125.5,126.5,124.3499984741211,126.0,118.25798797607422,30941319,0.0,0.0
2023-10-20,125.0,125.75,122.69999694824219,123.0999984741211,115.53617095947266,30746140,0.0,0.0
2023-10-23,123.3499984741211,123.4000015258789,119.69999694824219,120.0,112.62665557861328,30699479,0.0,0.0
2023-10-25,121.19999694824219,122.80000305175781,120.75,121.3499984741211,113.89370727539062,27346103,0.0,0.0
2023-10-26,120.8499984741211,120.9000015258789,118.9000015258789,119.9000015258789,112.53280639648438,36298907,0.0,0.0
2023-10-27,120.5,121.80000305175781,119.5,119.9000015258789,112.53280639648438,28424007,0.0,0.0
2023-10-30,121.05000305175781,121.25,118.94999694824219,119.1500015258789,111.82888793945312,18753217,0.0,0.0
2023-10-31,120.0,120.1500015258789,118.4000015258789,118.75,111.45346069335938,22319950,0.0,0.0
2023-11-01,119.0,119.0999984741211,116.0,116.5999984741211,109.4355697631836,24717941,0.0,0.0
2023-11-02,114.5999984741211,118.55000305175781,114.5999984741211,118.0999984741211,110.84339904785156,72538804,0.0,0.0
2023-11-03,118.19999694824219,118.5999984741211,117.0999984741211,117.30000305175781,110.09255981445312,31747230,0.0,0.0
2023-11-06,118.5,119.6500015258789,117.5,119.4000015258789,112.06352233886719,27883152,0.0,0.0
2023-11-07,119.30000305175781,120.19999694824219,118.4000015258789,119.6500015258789,112.29817199707031,25818033,0.0,0.0
2023-11-08,119.75,120.5,118.55000305175781,119.05000305175781,111.73503875732422,22552386,0.0,0.0
2023-11-09,119.19999694824219,120.5,118.8499984741211,119.6500015258789,112.29817199707031,22979112,0.0,0.0
2023-11-10,119.5,120.44999694824219,118.80000305175781,120.05000305175781,112.67359161376953,23584510,0.0,0.0
2023-11-13,120.8499984741211,121.25,119.9000015258789,121.0,113.56521606445312,17951775,0.0,0.0
2023-11-15,121.69999694824219,124.4000015258789,121.5,124.05000305175781,116.42781066894531,38344393,0.0,0.0
2023-11-16,124.0,125.25,123.0,124.69999694824219,117.0378646850586,30836413,0.0,0.0
2023-11-17,124.69999694824219,125.75,124.30000305175781,125.19999694824219,117.50714874267578,23319439,0.0,0.0
2023-11-20,125.05000305175781,125.6500015258789,124.05000305175781,124.3499984741211,116.7093734741211,18780290,0.0,0.0
2023-11-21,125.05000305175781,126.4000015258789,124.94999694824219,126.25,118.49263000488281,29643312,0.0,0.0
2023-11-22,126.4000015258789,126.9000015258789,125.5,126.0999984741211,118.35183715820312,19588063,0.0,0.0
2023-11-23,126.3499984741211,127.4000015258789,125.9000015258789,126.69999694824219,118.91497802734375,30736851,0.0,0.0
2023-11-24,126.69999694824219,127.0,125.55000305175781,125.94999694824219,118.2110595703125,14719450,0.0,0.0
2023-11-28,127.0,127.0,126.0,126.8499984741211,119.0557632446289,18377843,0.0,0.0
2023-11-29,127.1500015258789,128.14999389648438,126.69999694824219,127.75,119.90046691894531,23092165,0.0,0.0
2023-11-30,127.80000305175781,128.85000610351562,126.5,127.9000015258789,120.04125213623047,40165104,0.0,0.0
2023-12-01,128.89999389648438,130.3000030517578,128.0500030517578,130.0,122.01221466064453,31192397,0.0,0.0
2023-12-04,132.1999969482422,132.35000610351562,130.39999389648438,131.0,122.95075988769531,41230928,0.0,0.0
2023-12-05,131.0,132.4499969482422,130.0,131.60000610351562,123.51390075683594,35192149,0.0,0.0
2023-12-06,132.5,133.39999389648438,130.8000030517578,131.85000610351562,123.74855041503906,40753593,0.0,0.0
2023-12-07,131.6999969482422,132.1999969482422,129.8000030517578,130.0,122.01221466064453,34686333,0.0,0.0
2023-12-08,130.14999389648438,131.39999389648438,127.94999694824219,129.1999969482422,121.2613754272461,34393711,0.0,0.0
2023-12-11,129.85000610351562,130.5,128.75,130.0500030517578,122.05914306640625,24038059,0.0,0.0
2023-12-12,130.0500030517578,132.14999389648438,129.6999969482422,130.10000610351562,122.1060791015625,30696410,0.0,0.0
2023-12-13,130.5500030517578,131.5,129.14999389648438,131.39999389648438,123.32617950439453,22767972,0.0,0.0
2023-12-14,132.3000030517578,133.25,131.5,132.0,123.88932037353516,43372143,0.0,0.0
2023-12-15,133.39999389648438,136.75,133.0,136.4499969482422,128.06588745117188,77377446,0.0,0.0
2023-12-18,136.85000610351562,137.60000610351562,135.10000610351562,136.60000610351562,128.20669555664062,38461877,0.0,0.0
2023-12-19,136.64999389648438,137.60000610351562,134.8000030517578,135.39999389648438,127.08040618896484,27726431,0.0,0.0
2023-12-20,135.89999389648438,136.14999389648438,128.75,129.75,121.77757263183594,39495961,0.0,0.0
2023-12-21,128.6999969482422,131.4499969482422,127.8499984741211,131.0,122.95075988769531,34914399,0.0,0.0
2023-12-22,132.39999389648438,134.75,131.75,133.5500030517578,125.3440933227539,37357334,0.0,0.0
2023-12-26,134.6999969482422,136.10000610351562,134.4499969482422,135.1999969482422,126.8927001953125,25936447,0.0,0.0
2023-12-27,135.85000610351562,138.89999389648438,135.5,137.1999969482422,128.7698211669922,48101400,0.0,0.0
2023-12-28,138.14999389648438,138.75,136.85000610351562,138.14999389648438,129.66143798828125,34661176,0.0,0.0
2023-12-29,138.60000610351562,141.25,137.14999389648438,139.60000610351562,131.02235412597656,49202910,0.0,0.0
2024-01-01,140.0,140.9499969482422,139.0500030517578,139.85000610351562,131.25698852539062,21186105,0.0,0.0
2024-01-02,140.5,140.60000610351562,137.0500030517578,139.60000610351562,131.02235412597656,27764060,0.0,0.0
2024-01-03,139.5,139.60000610351562,134.35000610351562,135.35000610351562,127.03350067138672,45176618,0.0,0.0
2024-01-04,136.0,136.35000610351562,134.0,134.25,126.00108337402344,43913498,0.0,0.0
2024-01-05,135.0,135.9499969482422,132.85000610351562,133.64999389648438,125.43794250488281,71330190,0.0,0.0
2024-01-08,135.3000030517578,135.9499969482422,131.75,132.0,123.88932037353516,39559717,0.0,0.0
2024-01-09,133.5,134.8000030517578,132.5,133.64999389648438,125.43794250488281,30736868,0.0,0.0
2024-01-10,133.8000030517578,134.6999969482422,132.10000610351562,134.10000610351562,125.86031341552734,27213624,0.0,0.0
2024-01-11,134.85000610351562,135.64999389648438,134.1999969482422,134.89999389648438,126.61113739013672,23113349,0.0,0.0
2024-01-12,135.8000030517578,136.25,134.64999389648438,135.3000030517578,126.98655700683594,32883921,0.0,0.0
2024-01-15,136.0,136.25,133.9499969482422,134.89999389648438,126.61113739013672,34158775,0.0,0.0
2024-01-16,134.6999969482422,138.5,134.0,137.25,128.81674194335938,56361287,0.0,0.0
2024-01-17,135.4499969482422,135.75,131.39999389648438,131.64999389648438,123.56082916259766,58982971,0.0,0.0
2024-01-18,131.64999389648438,132.25,128.1999969482422,131.0,122.95075988769531,45273496,0.0,0.0
2024-01-19,132.60000610351562,134.6999969482422,131.60000610351562,134.25,126.00108337402344,32653013,0.0,0.0
2024-01-23,134.8000030517578,135.1999969482422,129.3000030517578,130.10000610351562,122.1060791015625,35373970,0.0,0.0
2024-01-24,130.1999969482422,135.5500030517578,130.10000610351562,135.14999389648438,126.84577178955078,39340119,0.0,0.0
2024-01-25,136.5,136.5,132.0,133.75,125.53179168701172,61358839,0.0,0.0
2024-01-29,134.6999969482422,135.39999389648438,133.5,135.0,126.7049789428711,29745400,0.0,0.0
2024-01-30,135.60000610351562,137.6999969482422,134.5,134.6999969482422,126.42343139648438,35704185,0.0,0.0
2024-01-31,135.0,136.6999969482422,134.5,135.9499969482422,127.59662628173828,36079354,0.0,0.0
2024-02-01,136.39999389648438,136.75,134.5,134.8000030517578,126.51728057861328,31701793,0.0,0.0
2024-02-02,135.3000030517578,139.60000610351562,134.8000030517578,138.6999969482422,130.17762756347656,69296192,0.0,0.0
2024-02-05,140.0,143.35000610351562,139.35000610351562,141.5500030517578,132.8525390625,80737626,0.0,0.0
2024-02-06,143.0,145.10000610351562,140.4499969482422,144.64999389648438,135.76205444335938,53192936,0.0,0.0
2024-02-07,146.85000610351562,147.39999389648438,144.0500030517578,144.39999389648438,135.52740478515625,61517064,0.0,0.0
2024-02-08,145.3000030517578,145.64999389648438,143.0500030517578,143.64999389648438,134.823486328125,38997666,0.0,0.0
2024-02-09,144.1999969482422,144.4499969482422,139.14999389648438,141.3000030517578,132.61788940429688,35961925,0.0,0.0
2024-02-12,142.0,142.9499969482422,136.64999389648438,137.39999389648438,128.95751953125,36477544,0.0,0.0
2024-02-13,137.75,138.25,134.10000610351562,137.85000610351562,129.37986755371094,39155909,0.0,0.0
2024-02-14,137.0,141.5,135.75,141.1999969482422,132.52403259277344,29141690,0.0,0.0
2024-02-15,141.5,143.4499969482422,141.0,141.1999969482422,132.52403259277344,31587387,0.0,0.0
2024-02-16,142.0500030517578,143.4499969482422,141.5,142.3000030517578,133.55645751953125,22316127,0.0,0.0
2024-02-19,142.9499969482422,143.35000610351562,141.35000610351562,141.9499969482422,133.22796630859375,16973568,0.0,0.0
2024-02-20,141.9499969482422,142.25,140.0500030517578,141.0500030517578,132.3832550048828,24291123,0.0,0.0
2024-02-21,141.5500030517578,146.1999969482422,141.4499969482422,143.89999389648438,135.05812072753906,88000833,0.0,0.0
2024-02-22,145.0,146.14999389648438,143.5,145.89999389648438,136.93524169921875,46728176,0.0,0.0
2024-02-23,146.39999389648438,147.10000610351562,145.0,145.4499969482422,136.5128936767578,28414697,0.0,0.0
2024-02-26,145.85000610351562,145.9499969482422,142.25,142.64999389648438,133.8849334716797,22570277,0.0,0.0
2024-02-27,142.64999389648438,144.5,142.0,144.1999969482422,135.33970642089844,24119469,0.0,0.0
2024-02-28,144.0500030517578,144.9499969482422,140.0500030517578,140.75,132.1016845703125,20721926,0.0,0.0
2024-02-29,140.8000030517578,141.85000610351562,139.39999389648438,140.85000610351562,132.19554138183594,32248156,0.0,0.0
2024-03-01,143.0,150.64999389648438,143.0,149.9499969482422,140.7364044189453,123709943,0.0,0.0
2024-03-04,154.89999389648438,154.89999389648438,151.0500030517578,153.10000610351562,143.69285583496094,67577785,0.0,0.0
2024-03-05,153.1999969482422,154.0,150.75,151.85000610351562,142.51966857910156,37165490,0.0,0.0
2024-03-06,151.8000030517578,152.64999389648438,147.89999389648438,151.60000610351562,142.28501892089844,51782444,0.0,0.0
2024-03-07,152.39999389648438,159.14999389648438,152.25,157.25,147.58786010742188,124847699,0.0,0.0
2024-03-11,158.89999389648438,158.89999389648438,153.0,153.4499969482422,144.02133178710938,54155385,0.0,0.0
2024-03-12,154.1999969482422,154.5500030517578,150.89999389648438,152.5,143.1297149658203,34947937,0.0,0.0
2024-03-13,152.8000030517578,152.89999389648438,142.5,143.64999389648438,134.823486328125,70937597,0.0,0.0
2024-03-14,143.60000610351562,143.9499969482422,138.35000610351562,142.4499969482422,133.6972198486328,91956952,0.0,0.0
2024-03-15,142.89999389648438,143.6999969482422,139.85000610351562,141.6999969482422,132.99331665039062,68482621,0.0,0.0
2024-03-18,142.5500030517578,150.25,142.1999969482422,149.6999969482422,140.5017547607422,166913078,0.0,0.0
2024-03-19,149.0,152.4499969482422,147.60000610351562,148.75,139.61013793945312,105004268,0.0,0.0
2024-03-20,149.60000610351562,150.64999389648438,143.85000610351562,145.64999389648438,136.7006072998047,77550319,0.0,0.0
2024-03-21,148.0,151.1999969482422,147.8000030517578,150.10000610351562,140.87716674804688,84225737,0.0,0.0
2024-03-22,149.0,152.75,148.35000610351562,151.8000030517578,142.4727325439453,68241556,0.0,0.0
2024-03-26,151.14999389648438,153.39999389648438,150.5,152.39999389648438,143.0358428955078,52965508,0.0,0.0
2024-03-27,152.4499969482422,154.10000610351562,152.0,152.6999969482422,143.31741333007812,35328794,0.0,0.0
2024-03-28,152.6999969482422,157.0,152.6999969482422,155.85000610351562,146.27389526367188,62575327,0.0,0.0
2024-04-01,156.8000030517578,163.89999389648438,156.5,163.14999389648438,153.1253204345703,84583929,0.0,0.0
2024-04-02,162.9499969482422,165.5,161.8000030517578,164.64999389648438,154.5331573486328,69533405,0.0,0.0
2024-04-03,164.64999389648438,166.25,163.10000610351562,163.64999389648438,153.59458923339844,50938559,0.0,0.0
2024-04-04,165.5500030517578,165.9499969482422,161.0,163.39999389648438,153.35997009277344,61094750,0.0,0.0
2024-04-05,163.89999389648438,164.14999389648438,160.8000030517578,163.35000610351562,153.3130340576172,44668121,0.0,0.0
2024-04-08,166.9499969482422,166.9499969482422,164.1999969482422,165.1999969482422,155.0493621826172,48255703,0.0,0.0
2024-04-09,166.0,169.8000030517578,165.1999969482422,166.0,155.8002166748047,63884687,0.0,0.0
2024-04-10,167.3000030517578,169.1999969482422,164.5,165.0500030517578,154.90858459472656,64134758,0.0,0.0
2024-04-12,166.0,166.0,163.0,163.5,153.45382690429688,55317636,0.0,0.0
2024-04-15,161.8000030517578,164.6999969482422,158.60000610351562,160.85000610351562,150.96664428710938,66426404,0.0,0.0
2024-04-16,160.85000610351562,162.4499969482422,159.0,160.0500030517578,150.21580505371094,41391261,0.0,0.0
2024-04-18,160.89999389648438,164.0,159.14999389648438,160.0500030517578,150.21580505371094,68093672,0.0,0.0
2024-04-19,160.0,162.5,157.3000030517578,162.10000610351562,152.1398468017578,60078229,0.0,0.0
2024-04-22,163.8000030517578,164.6999969482422,161.5,161.85000610351562,151.9052276611328,39304790,0.0,0.0
2024-04-23,163.5,163.5,160.8000030517578,161.14999389648438,151.2482147216797,30295177,0.0,0.0
2024-04-24,162.4499969482422,166.89999389648438,161.4499969482422,165.5500030517578,155.37786865234375,59894921,0.0,0.0
2024-04-25,165.39999389648438,168.0,164.14999389648438,167.6999969482422,157.395751953125,50128523,0.0,0.0
2024-04-26,168.0,170.6999969482422,165.25,165.8000030517578,155.6125030517578,65355111,0.0,0.0
2024-04-29,168.1999969482422,169.60000610351562,166.89999389648438,167.39999389648438,157.11419677734375,44906151,0.0,0.0
2024-04-30,168.39999389648438,168.39999389648438,164.5,165.0,154.8616485595703,55043389,0.0,0.0
2024-05-02,165.0,168.89999389648438,165.0,167.35000610351562,157.0672607421875,69320283,0.0,0.0
2024-05-03,168.9499969482422,170.75,165.14999389648438,166.5,156.2694854736328,62573586,0.0,0.0
2024-05-06,167.9499969482422,168.64999389648438,164.6999969482422,167.60000610351562,157.30191040039062,37621296,0.0,0.0
2024-05-07,167.9499969482422,167.9499969482422,162.3000030517578,164.25,154.15773010253906,43611824,0.0,0.0
2024-05-08,164.1999969482422,167.10000610351562,163.5,166.0500030517578,155.84713745117188,30128705,0.0,0.0
2024-05-09,165.9499969482422,166.6999969482422,161.5,161.89999389648438,151.95211791992188,30223088,0.0,0.0
2024-05-10,163.1999969482422,164.35000610351562,161.85000610351562,162.25,152.28062438964844,31472419,0.0,0.0
2024-05-13,162.4499969482422,164.5,158.0500030517578,163.85000610351562,153.78233337402344,36561003,0.0,0.0
2024-05-14,164.10000610351562,166.5500030517578,163.5,164.9499969482422,154.81472778320312,46261468,0.0,0.0
2024-05-15,164.9499969482422,167.5500030517578,164.9499969482422,165.60000610351562,155.4248046875,29601304,0.0,0.0
2024-05-16,167.25,168.0,162.3000030517578,165.89999389648438,155.7063446044922,41126570,0.0,0.0
2024-05-17,166.60000610351562,168.4499969482422,165.4499969482422,167.35000610351562,157.0672607421875,39181277,0.0,0.0
2024-05-21,168.5,175.1999969482422,167.9499969482422,174.35000610351562,163.6371612548828,84833644,0.0,0.0
2024-05-22,175.4499969482422,175.5,171.5,173.3000030517578,162.6516571044922,42919832,0.0,0.0
2024-05-23,173.0500030517578,175.8000030517578,170.5,175.5,164.71649169921875,49377680,0.0,0.0
2024-05-24,174.9499969482422,177.5500030517578,174.14999389648438,174.85000610351562,164.10643005371094,38674485,0.0,0.0
2024-05-27,177.6999969482422,177.6999969482422,174.85000610351562,175.5,164.71649169921875,30410585,0.0,0.0
2024-05-28,175.89999389648438,177.5,173.4499969482422,174.89999389648438,164.15335083007812,39208456,0.0,0.0
2024-05-29,174.75,176.0,173.5,174.25,163.5432891845703,36575550,0.0,0.0
2024-05-30,172.0,172.0,163.35000610351562,164.14999389648438,154.0638885498047,108813875,0.0,0.0
2024-05-31,166.0500030517578,167.9499969482422,164.0,167.1999969482422,156.9264678955078,83713848,0.0,0.0
2024-06-03,173.25,175.0,168.85000610351562,174.25,163.5432891845703,86397540,0.0,0.0
2024-06-04,174.5,174.64999389648438,148.14999389648438,158.9499969482422,149.1833953857422,125042158,0.0,0.0
2024-06-05,162.14999389648438,169.60000610351562,159.0,169.1999969482422,158.80357360839844,60098501,0.0,0.0
2024-06-06,170.0,174.6999969482422,169.39999389648438,172.0500030517578,161.4784698486328,57920819,0.0,0.0
2024-06-07,172.0,179.64999389648438,170.8000030517578,178.89999389648438,167.90756225585938,84319867,0.0,0.0
2024-06-10,180.2100067138672,182.10000610351562,177.36000061035156,180.2899932861328,169.212158203125,74286848,0.0,0.0
2024-06-11,180.5,183.75,180.5,181.3300018310547,170.18826293945312,55555544,0.0,0.0
2024-06-12,182.25,183.8699951171875,181.5,182.22999572753906,171.032958984375,33304643,0.0,0.0
2024-06-13,183.39999389648438,184.10000610351562,180.50999450683594,182.55999755859375,171.34268188476562,36669164,0.0,0.0
2024-06-14,182.9499969482422,183.5,181.39999389648438,183.14999389648438,171.8964385986328,28509237,0.0,0.0
2024-06-18,183.8000030517578,184.60000610351562,180.60000610351562,181.1199951171875,169.9911651611328,35032118,0.0,0.0
2024-06-19,182.4499969482422,182.49000549316406,179.30999755859375,180.02000427246094,168.95877075195312,27476795,0.0,0.0
2024-06-20,181.60000610351562,182.9499969482422,179.3699951171875,182.27999877929688,171.0798797607422,38837494,0.0,0.0
2024-06-21,179.39999389648438,180.89999389648438,178.17999267578125,179.94000244140625,172.2863006591797,65494855,3.6,0.0
2024-06-24,177.44000244140625,178.9499969482422,175.10000610351562,177.9600067138672,170.39051818847656,47597307,0.0,0.0
2024-06-25,177.99000549316406,179.0,175.25,175.67999267578125,168.20750427246094,30599989,0.0,0.0
2024-06-26,175.67999267578125,176.0,171.83999633789062,172.55999755859375,165.22019958496094,44006436,0.0,0.0
2024-06-27,172.55999755859375,174.9499969482422,171.8000030517578,174.16000366210938,166.7521514892578,49767976,0.0,0.0
2024-06-28,174.1699981689453,177.10000610351562,173.57000732421875,174.00999450683594,166.60853576660156,37521949,0.0,0.0
2024-07-01,174.5,175.99000549316406,173.50999450683594,174.07000732421875,166.66598510742188,27807688,0.0,0.0
2024-07-02,174.47000122070312,175.75,173.60000610351562,174.5399932861328,167.11598205566406,33359495,0.0,0.0
2024-07-03,174.5399932861328,176.8800048828125,174.39999389648438,176.3699951171875,168.86814880371094,29090492,0.0,0.0
2024-07-04,177.0,178.19000244140625,175.82000732421875,176.2899932861328,168.7915496826172,29504744,0.0,0.0
2024-07-05,176.1999969482422,176.1999969482422,173.39999389648438,174.7100067138672,167.2787628173828,38123217,0.0,0.0
2024-07-08,174.60000610351562,175.47000122070312,172.08999633789062,172.27999877929688,164.9521026611328,31479861,0.0,0.0
2024-07-09,173.60000610351562,173.6999969482422,171.50999450683594,171.8000030517578,164.49252319335938,25127904,0.0,0.0
2024-07-10,172.5,172.88999938964844,167.02000427246094,167.97999572753906,160.83502197265625,41525591,0.0,0.0
2024-07-11,170.0,170.9499969482422,168.6699981689453,168.9199981689453,161.7350311279297,33987236,0.0,0.0
2024-07-12,170.1999969482422,170.38999938964844,168.00999450683594,168.69000244140625,161.5148162841797,33311402,0.0,0.0
2024-07-15,168.69000244140625,168.99000549316406,165.8000030517578,166.75999450683594,159.66690063476562,32635187,0.0,0.0
2024-07-16,167.8000030517578,169.82000732421875,166.6999969482422,167.07000732421875,159.96372985839844,26505901,0.0,0.0
2024-07-18,167.61000061035156,167.61000061035156,164.44000244140625,166.36000061035156,159.28392028808594,36568852,0.0,0.0
2024-07-19,166.0,166.08999633789062,157.1999969482422,157.77000427246094,151.05929565429688,77987514,0.0,0.0
2024-07-22,158.39999389648438,160.6999969482422,156.41000366210938,160.32000732421875,153.50083923339844,40353690,0.0,0.0
2024-07-23,161.60000610351562,161.97000122070312,155.0,160.02000427246094,153.21359252929688,37077411,0.0,0.0
2024-07-24,160.02000427246094,162.02000427246094,159.19000244140625,160.30999755859375,153.4912567138672,28086566,0.0,0.0
2024-07-25,158.5,158.5,156.89999389648438,157.38999938964844,150.69546508789062,45155876,0.0,0.0
2024-07-26,158.75,162.9499969482422,158.2100067138672,162.5500030517578,155.63597106933594,45642032,0.0,0.0
2024-07-29,164.6999969482422,164.6999969482422,162.3300018310547,162.8699951171875,155.94235229492188,31754833,0.0,0.0
2024-07-30,162.89999389648438,165.3000030517578,161.30999755859375,164.07000732421875,157.09132385253906,42824600,0.0,0.0
2024-07-31,166.2899932861328,166.5,163.5500030517578,165.3300018310547,158.2977294921875,52769925,0.0,0.0
2024-08-01,168.1999969482422,168.9499969482422,160.89999389648438,163.05999755859375,156.12428283691406,118341338,0.0,0.0
2024-08-02,161.0,161.19000244140625,154.72000122070312,158.22000122070312,151.4901580810547,72427529,0.0,0.0
2024-08-05,153.66000366210938,154.0,149.0,149.82000732421875,143.4474639892578,102883971,0.0,0.0
2024-08-06,151.2100067138672,153.8000030517578,149.61000061035156,150.32000732421875,143.9261932373047,53507102,0.0,0.0
2024-08-07,153.6999969482422,154.3000030517578,151.89999389648438,153.86000061035156,147.31561279296875,32029697,0.0,0.0
2024-08-08,153.39999389648438,153.44000244140625,150.0,150.27999877929688,143.88787841796875,51858615,0.0,0.0
2024-08-09,153.0,153.0,151.25,151.80999755859375,145.35279846191406,23290101,0.0,0.0
2024-08-12,151.0,153.39999389648438,149.8800048828125,152.05999755859375,145.5921630859375,30550334,0.0,0.0
2024-08-13,152.10000610351562,152.9499969482422,148.5,148.8800048828125,142.5474395751953,29396493,0.0,0.0
2024-08-14,149.89999389648438,149.89999389648438,142.35000610351562,146.1699981689453,139.95269775390625,97911180,0.0,0.0
2024-08-16,148.0,150.0,146.4600067138672,149.52000427246094,143.16021728515625,54131721,0.0,0.0
2024-08-19,150.85000610351562,154.3000030517578,150.38999938964844,153.9600067138672,147.41136169433594,62889770,0.0,0.0
2024-08-20,155.6999969482422,155.6999969482422,152.8000030517578,153.92999267578125,147.3826141357422,37559016,0.0,0.0
2024-08-21,153.0,154.17999267578125,151.77000427246094,151.9199981689453,145.45811462402344,49749381,0.0,0.0
2024-08-22,152.50999450683594,154.35000610351562,152.50999450683594,154.13999938964844,147.5836944580078,36719176,0.0,0.0
2024-08-23,154.0,154.38999938964844,152.5500030517578,154.1999969482422,147.64114379882812,31490857,0.0,0.0
2024-08-26,154.61000061035156,156.39999389648438,153.6999969482422,155.6999969482422,149.0773468017578,32497603,0.0,0.0
2024-08-27,155.8000030517578,156.5,154.60000610351562,154.6999969482422,148.119873046875,24523684,0.0,0.0
2024-08-28,154.6999969482422,155.0,153.0500030517578,153.6999969482422,147.16241455078125,25195197,0.0,0.0
2024-08-29,153.2100067138672,153.55999755859375,151.1999969482422,152.97000122070312,146.4634552001953,44452983,0.0,0.0
2024-08-30,153.0,155.25,152.47000122070312,152.75999450683594,146.26239013671875,55134023,0.0,0.0
2024-09-02,153.89999389648438,153.89999389648438,152.13999938964844,152.8800048828125,146.37730407714844,19200143,0.0,0.0
2024-09-03,152.83999633789062,153.4499969482422,152.00999450683594,152.14999389648438,145.6783447265625,19780066,0.0,0.0
2024-09-04,149.5,152.17999267578125,149.16000366210938,151.17999267578125,144.7495880126953,39613696,0.0,0.0
2024-09-05,151.0,152.7899932861328,151.0,151.72000122070312,145.26663208007812,28347324,0.0,0.0
2024-09-06,151.94000244140625,152.89999389648438,149.64999389648438,151.22000122070312,144.78790283203125,30709532,0.0,0.0
2024-09-09,150.89999389648438,150.89999389648438,148.0500030517578,149.47000122070312,143.11233520507812,32624586,0.0,0.0
2024-09-10,150.5,151.58999633789062,148.80999755859375,149.4199981689453,143.064453125,41607844,0.0,0.0
2024-09-11,149.89999389648438,150.1999969482422,147.6199951171875,148.1699981689453,141.8676300048828,24633287,0.0,0.0
2024-09-12,152.0,152.44000244140625,148.75,151.74000549316406,145.28578186035156,73191476,0.0,0.0
2024-09-13,152.77999877929688,155.39999389648438,152.5,153.49000549316406,146.96133422851562,54894255,0.0,0.0
2024-09-16,155.0,155.66000366210938,153.5,154.2100067138672,147.65072631835938,32575460,0.0,0.0
2024-09-17,154.0,154.24000549316406,152.27000427246094,152.82000732421875,146.31983947753906,18275113,0.0,0.0
2024-09-18,152.39999389648438,152.97999572753906,149.61000061035156,150.60000610351562,144.19427490234375,24856345,0.0,0.0
2024-09-19,151.88999938964844,152.19000244140625,147.7899932861328,149.5399932861328,143.17935180664062,36913781,0.0,0.0
2024-09-20,151.0,153.33999633789062,150.64999389648438,152.02000427246094,145.5538787841797,53873369,0.0,0.0
2024-09-23,154.3800048828125,154.38999938964844,152.8000030517578,153.99000549316406,147.44007873535156,33281905,0.0,0.0
2024-09-24,155.14999389648438,161.5,154.85000610351562,160.52999877929688,153.70188903808594,137414352,0.0,0.0
2024-09-25,161.5,162.69000244140625,159.52000427246094,161.66000366210938,154.78384399414062,58044967,0.0,0.0
2024-09-26,162.0,165.89999389648438,160.47999572753906,165.61000061035156,158.56582641601562,88661662,0.0,0.0
2024-09-27,167.0,169.00999450683594,165.88999938964844,166.5500030517578,159.46583557128906,72795668,0.0,0.0
2024-09-30,167.5,170.17999267578125,167.25999450683594,168.5500030517578,161.38076782226562,92381529,0.0,0.0
2024-10-01,169.49000549316406,169.49000549316406,165.10000610351562,167.02999877929688,159.9254150390625,50761579,0.0,0.0
2024-10-03,165.5,169.99000549316406,164.52000427246094,166.97999572753906,159.87754821777344,75959797,0.0,0.0
2024-10-04,167.0,169.10000610351562,164.0,166.75,159.65733337402344,53880875,0.0,0.0
2024-10-07,167.10000610351562,167.9499969482422,162.3300018310547,164.36000061035156,157.36898803710938,48775098,0.0,0.0
2024-10-08,163.0,163.58999633789062,156.6999969482422,159.52000427246094,152.73486328125,74956764,0.0,0.0
2024-10-09,159.52000427246094,162.1999969482422,158.11000061035156,159.05999755859375,152.29443359375,42766218,0.0,0.0
2024-10-10,158.3000030517578,161.17999267578125,156.60000610351562,159.72000122070312,152.92636108398438,46507936,0.0,0.0
2024-10-11,159.3000030517578,163.77999877929688,159.1999969482422,160.66000366210938,153.8263702392578,53263433,0.0,0.0
2024-10-14,161.8800048828125,163.3800048828125,158.0399932861328,158.32000732421875,151.58590698242188,35566857,0.0,0.0
2024-10-15,159.5,159.52999877929688,155.0500030517578,155.6300048828125,149.01031494140625,38964393,0.0,0.0
2024-10-16,155.19000244140625,156.5500030517578,154.02000427246094,155.24000549316406,148.6369171142578,28518262,0.0,0.0
2024-10-17,155.64999389648438,156.3000030517578,152.10000610351562,152.39999389648438,145.91769409179688,28404223,0.0,0.0
2024-10-18,152.39999389648438,156.1999969482422,151.10000610351562,155.38999938964844,148.78053283691406,34750795,0.0,0.0
2024-10-21,156.10000610351562,157.92999267578125,154.58999633789062,155.02999877929688,148.4358367919922,25799090,0.0,0.0
2024-10-22,154.89999389648438,154.89999389648438,150.10000610351562,150.38999938964844,143.99319458007812,39079846,0.0,0.0
2024-10-23,150.3000030517578,151.9499969482422,148.0500030517578,148.77999877929688,142.45167541503906,42107893,0.0,0.0
2024-10-24,149.49000549316406,149.8300018310547,148.00999450683594,148.97999572753906,142.64317321777344,22115070,0.0,0.0
2024-10-25,149.0,149.5,144.42999267578125,145.86000061035156,139.6558837890625,39730802,0.0,0.0
2024-10-28,146.0,149.72999572753906,144.72999572753906,149.3800048828125,143.0261688232422,28386897,0.0,0.0
2024-10-29,149.85000610351562,150.4499969482422,146.5500030517578,150.05999755859375,143.67723083496094,32258407,0.0,0.0
2024-10-30,148.10000610351562,150.9499969482422,148.10000610351562,148.97000122070312,142.63360595703125,21362130,0.0,0.0
2024-10-31,149.0800018310547,149.9499969482422,148.1999969482422,148.55999755859375,142.24102783203125,26383702,0.0,0.0
2024-11-01,149.66000366210938,150.25,149.0,149.75,143.3804168701172,5106804,0.0,0.0
2024-11-04,150.0,150.0,145.10000610351562,146.9499969482422,140.69952392578125,25571021,0.0,0.0
2024-11-05,147.0,152.5500030517578,146.9499969482422,152.2899932861328,145.8123779296875,42772283,0.0,0.0
2024-11-06,154.0,154.9499969482422,149.58999633789062,153.6199951171875,147.08580017089844,48928986,0.0,0.0
2024-11-07,156.11000061035156,156.9199981689453,150.1999969482422,150.9499969482422,144.5293731689453,88254789,0.0,0.0
2024-11-08,152.0,152.0,146.94000244140625,147.57000732421875,141.29315185546875,61980989,0.0,0.0
2024-11-11,147.57000732421875,147.69000244140625,144.10000610351562,145.00999450683594,138.84202575683594,47497863,0.0,0.0
2024-11-12,145.64999389648438,147.1300048828125,143.60000610351562,144.1699981689453,138.0377655029297,28861672,0.0,0.0
2024-11-13,143.60000610351562,143.60000610351562,138.60000610351562,139.1699981689453,133.2504425048828,57609083,0.0,0.0
2024-11-14,139.7100067138672,140.72999572753906,137.5,137.97999572753906,132.11105346679688,36345184,0.0,0.0
2024-11-18,139.49000549316406,143.25,138.0,141.2100067138672,135.20367431640625,40233848,0.0,0.0
2024-11-19,142.0,142.49000549316406,139.05999755859375,139.4600067138672,133.52810668945312,37611903,0.0,0.0
2024-11-21,139.5,141.60000610351562,137.25,140.22000122070312,134.2557830810547,58398744,0.0,0.0
2024-11-22,140.14999389648438,143.19000244140625,139.64999389648438,142.77999877929688,136.70689392089844,43710169,0.0,0.0
2024-11-25,144.94000244140625,146.14999389648438,142.83999633789062,143.6699981689453,137.5590362548828,53883890,0.0,0.0
2024-11-26,144.22000122070312,145.8000030517578,143.5800018310547,144.47000122070312,138.32501220703125,25608469,0.0,0.0
2024-11-27,144.30999755859375,144.89999389648438,142.89999389648438,144.52999877929688,138.3824462890625,24895631,0.0,0.0
2024-11-28,144.0,145.25,143.08999633789062,143.38999938964844,137.2909393310547,30947861,0.0,0.0
2024-11-29,143.89999389648438,145.49000549316406,143.0500030517578,144.5399932861328,138.3920135498047,29742979,0.0,0.0
2024-12-02,144.11000061035156,146.8300018310547,143.13999938964844,146.41000366210938,140.1824951171875,23840351,0.0,0.0
2024-12-03,146.75,148.1999969482422,146.33999633789062,146.5399932861328,140.30694580078125,35527228,0.0,0.0
2024-12-04,147.0,147.0500030517578,144.0,145.85000610351562,139.6463165283203,38537808,0.0,0.0
2024-12-05,146.5,147.8800048828125,144.8000030517578,147.07000732421875,140.81442260742188,36328245,0.0,0.0
2024-12-06,147.5,148.67999267578125,146.60000610351562,148.2899932861328,141.98252868652344,30604899,0.0,0.0
2024-12-09,148.2899932861328,150.6699981689453,146.6300048828125,149.8800048828125,143.50489807128906,39059139,0.0,0.0
2024-12-10,150.19000244140625,152.5,149.30999755859375,150.32000732421875,143.9261932373047,36278104,0.0,0.0
2024-12-11,150.58999633789062,152.11000061035156,150.05999755859375,150.60000610351562,144.19427490234375,20499709,0.0,0.0
2024-12-12,150.8699951171875,151.6300048828125,148.6999969482422,150.77999877929688,144.36660766601562,25761723,0.0,0.0
2024-12-13,150.0,150.0500030517578,145.5500030517578,148.9499969482422,142.61444091796875,39701388,0.0,0.0
2024-12-16,148.94000244140625,149.8000030517578,147.10000610351562,147.7899932861328,141.5037841796875,22634773,0.0,0.0
2024-12-17,147.7899932861328,148.5,145.3300018310547,145.67999267578125,139.48353576660156,27110781,0.0,0.0
2024-12-18,146.0,146.89999389648438,143.3000030517578,144.4600067138672,138.31544494628906,19850229,0.0,0.0
2024-12-19,141.5500030517578,143.8000030517578,141.10000610351562,143.25999450683594,137.16647338867188,27104579,0.0,0.0
2024-12-20,142.88999938964844,144.39999389648438,140.0,140.67999267578125,134.69619750976562,46503449,0.0,0.0
2024-12-23,142.4499969482422,143.8000030517578,140.61000061035156,141.7100067138672,135.68240356445312,27514178,0.0,0.0
2024-12-24,141.1999969482422,141.5,139.25,140.3800048828125,134.40896606445312,25882917,0.0,0.0
2024-12-26,140.9499969482422,141.14999389648438,139.50999450683594,140.36000061035156,134.3898162841797,23939932,0.0,0.0
2024-12-27,140.6999969482422,141.75,138.61000061035156,138.91000366210938,133.0015106201172,19562177,0.0,0.0
2024-12-30,138.91000366210938,139.25,136.08999633789062,136.8800048828125,131.057861328125,32555723,0.0,0.0
2024-12-31,136.8699951171875,138.67999267578125,136.55999755859375,138.0500030517578,132.17808532714844,20080291,0.0,0.0
2025-01-01,138.10000610351562,138.4499969482422,136.5800018310547,136.74000549316406,130.92381286621094,18169498,0.0,0.0
2025-01-02,137.0,138.4499969482422,136.39999389648438,138.17999267578125,132.3025360107422,23388424,0.0,0.0
2025-01-03,138.17999267578125,139.72999572753906,137.83999633789062,138.36000061035156,132.47488403320312,23351832,0.0,0.0
2025-01-06,138.36000061035156,138.38999938964844,131.35000610351562,132.17999267578125,126.55774688720703,44620509,0.0,0.0
2025-01-07,132.77999877929688,133.8800048828125,132.00999450683594,133.3800048828125,127.70672607421875,24239451,0.0,0.0
2025-01-08,133.92999267578125,134.24000549316406,131.77000427246094,132.63999938964844,126.9981918334961,31570331,0.0,0.0
2025-01-09,132.0,132.39999389648438,129.6999969482422,129.92999267578125,124.40345764160156,31903107,0.0,0.0
2025-01-10,129.92999267578125,130.38999938964844,126.69999694824219,127.43000030517578,122.00980377197266,34855510,0.0,0.0
2025-01-13,126.0,126.5,122.62000274658203,122.93000030517578,117.70120239257812,38968332,0.0,0.0
2025-01-14,122.94000244140625,127.63999938964844,122.94000244140625,126.93000030517578,121.53106689453125,36877365,0.0,0.0
2025-01-15,128.0,128.30999755859375,125.77999877929688,126.52999877929688,121.14807891845703,18773125,0.0,0.0
2025-01-16,128.0,128.47000122070312,126.55999755859375,127.80999755859375,122.3736343383789,22164393,0.0,0.0
2025-01-17,127.9000015258789,131.16000366210938,127.63999938964844,130.27999877929688,124.73857879638672,27421959,0.0,0.0
2025-01-20,130.99000549316406,132.10000610351562,128.91000366210938,131.66000366210938,126.05988311767578,20571916,0.0,0.0
2025-01-21,132.05999755859375,132.39999389648438,129.25,129.6999969482422,124.18324279785156,32238213,0.0,0.0
2025-01-22,130.25,130.35000610351562,127.12000274658203,128.9199981689453,123.4364242553711,27505569,0.0,0.0
2025-01-23,127.8499984741211,130.75,127.69999694824219,130.3699951171875,124.82474517822266,20722538,0.0,0.0
2025-01-24,130.5,133.1999969482422,129.30999755859375,129.74000549316406,124.22154998779297,37092106,0.0,0.0
2025-01-27,129.02000427246094,129.4499969482422,125.73999786376953,126.37000274658203,120.99488830566406,24650571,0.0,0.0
2025-01-28,126.37000274658203,130.49000549316406,124.73999786376953,128.6199951171875,123.14917755126953,40373804,0.0,0.0
2025-01-29,129.0,131.33999633789062,128.5500030517578,130.8000030517578,125.23645782470703,16674706,0.0,0.0
2025-01-30,130.8000030517578,132.14999389648438,130.10000610351562,131.1199951171875,125.54283905029297,25256096,0.0,0.0
2025-01-31,131.1199951171875,135.0,129.92999267578125,134.6199951171875,128.8939666748047,26689228,0.0,0.0
2025-02-01,135.0,135.5,130.25,132.97000122070312,127.31415557861328,21173846,0.0,0.0
2025-02-03,131.2899932861328,132.50999450683594,127.80999755859375,131.82000732421875,126.21308135986328,27765357,0.0,0.0
2025-02-04,132.8000030517578,134.33999633789062,131.8699951171875,133.4199981689453,127.74501037597656,25032519,0.0,0.0
2025-02-05,133.14999389648438,135.38999938964844,133.0800018310547,134.39999389648438,128.68333435058594,16958362,0.0,0.0
2025-02-06,134.5,134.8699951171875,132.02000427246094,132.5399932861328,126.90243530273438,22408168,0.0,0.0
2025-02-07,133.3000030517578,138.75,132.55999755859375,138.30999755859375,132.42701721191406,52950146,0.0,0.0
2025-02-10,138.10000610351562,138.10000610351562,133.0,134.0399932861328,128.33863830566406,26120805,0.0,0.0
2025-02-11,133.0,134.33999633789062,129.6999969482422,130.11000061035156,124.5758056640625,23635428,0.0,0.0
2025-02-12,129.35000610351562,133.2899932861328,128.30999755859375,132.27999877929688,126.65350341796875,37927696,0.0,0.0
2025-02-13,132.27999877929688,137.69000244140625,131.86000061035156,136.25,130.45465087890625,52036196,0.0,0.0
2025-02-14,136.25,139.25,133.3300018310547,134.47000122070312,128.75035095214844,41469242,0.0,0.0
2025-02-17,132.91000366210938,134.8000030517578,130.72999572753906,134.2899932861328,128.5780029296875,21189637,0.0,0.0
2025-02-18,134.2899932861328,134.89999389648438,131.75,134.5399932861328,128.81736755371094,23957576,0.0,0.0
2025-02-19,134.5,136.8800048828125,133.02999877929688,135.75999450683594,129.9854736328125,18447487,0.0,0.0
2025-02-20,135.27000427246094,138.36000061035156,135.0,138.0399932861328,132.1685028076172,24139808,0.0,0.0
2025-02-21,137.91000366210938,141.60000610351562,137.14999389648438,140.75999450683594,134.77281188964844,41987785,0.0,0.0
2025-02-24,138.80999755859375,140.66000366210938,136.66000366210938,137.64999389648438,131.7950897216797,25193205,0.0,0.0
2025-02-25,138.49000549316406,139.35000610351562,136.6999969482422,137.07000732421875,131.23977661132812,23575603,0.0,0.0
2025-02-27,137.2100067138672,138.99000549316406,135.8800048828125,138.69000244140625,132.7908477783203,30747044,0.0,0.0
2025-02-28,137.8000030517578,137.8000030517578,134.05999755859375,137.1999969482422,131.36424255371094,45540594,0.0,0.0
2025-03-03,137.0,139.0500030517578,134.30999755859375,138.57000732421875,132.6759796142578,31154401,0.0,0.0
2025-03-04,136.14999389648438,140.94000244140625,135.80999755859375,139.33999633789062,133.4132080078125,28634645,0.0,0.0
2025-03-05,139.0,146.49000549316406,139.0,146.10000610351562,139.88568115234375,62109377,0.0,0.0
2025-03-06,146.7899932861328,152.1999969482422,146.1999969482422,150.44000244140625,144.04107666015625,79121467,0.0,0.0
2025-03-07,149.74000549316406,152.4499969482422,149.27000427246094,151.55999755859375,145.11343383789062,81821791,0.0,0.0
2025-03-10,151.55999755859375,154.24000549316406,150.41000366210938,151.0500030517578,144.62513732910156,54450331,0.0,0.0
2025-03-11,148.10000610351562,151.6999969482422,148.0,150.75,144.337890625,35916900,0.0,0.0
2025-03-12,151.0,152.27999877929688,147.6999969482422,150.3000030517578,143.9070281982422,26377549,0.0,0.0
2025-03-13,152.0,153.55999755859375,150.02000427246094,150.8800048828125,144.46237182617188,48286431,0.0,0.0
2025-03-17,151.99000549316406,152.63999938964844,150.89999389648438,151.80999755859375,145.35279846191406,35879780,0.0,0.0
2025-03-18,151.80999755859375,151.80999755859375,151.80999755859375,151.80999755859375,145.35279846191406,0,0.0,0.0
2025-03-19,156.8000030517578,159.1999969482422,156.5,158.60000610351562,151.85400390625,66161413,0.0,0.0
2025-03-20,160.0,160.10000610351562,156.64999389648438,159.0399932861328,152.27528381347656,39889517,0.0,0.0
2025-03-21,159.02999877929688,159.75,156.82000732421875,157.27999877929688,150.5901336669922,49184821,0.0,0.0
2025-03-24,158.0,159.0,157.11000061035156,158.4199981689453,151.681640625,30905773,0.0,0.0
2025-03-25,159.0,159.0,156.0500030517578,156.72999572753906,150.06353759765625,28467187,0.0,0.0
2025-03-26,156.1999969482422,157.5399932861328,155.00999450683594,155.80999755859375,149.1826629638672,23182869,0.0,0.0
2025-03-27,154.8000030517578,156.10000610351562,154.1999969482422,155.4199981689453,148.8092498779297,25909068,0.0,0.0
2025-03-28,155.3800048828125,156.91000366210938,153.3699951171875,154.24000549316406,147.679443359375,24589315,0.0,0.0
2025-04-01,152.07000732421875,155.33999633789062,152.07000732421875,153.1199951171875,146.60707092285156,29142122,0.0,0.0
2025-04-02,154.0,156.25,152.27000427246094,154.69000244140625,148.1103057861328,24977582,0.0,0.0
2025-04-03,153.0,155.97000122070312,152.60000610351562,153.6199951171875,147.08580017089844,15117526,0.0,0.0
2025-04-04,152.6199951171875,152.99000549316406,140.0,140.38999938964844,134.41854858398438,80846143,0.0,0.0
2025-04-07,128.0,130.35000610351562,125.33000183105469,129.47999572753906,123.97259521484375,121806340,0.0,0.0
2025-04-08,134.88999938964844,136.1999969482422,128.02000427246094,130.27999877929688,124.73857879638672,68999181,0.0,0.0
2025-04-09,130.0,130.0,125.30000305175781,127.18000030517578,121.77043151855469,73399980,0.0,0.0
2025-04-11,134.6699981689453,134.6999969482422,130.49000549316406,133.4199981689453,127.74501037597656,73706472,0.0,0.0
2025-04-15,135.60000610351562,137.0,134.83999633789062,136.41000366210938,130.60784912109375,38967608,0.0,0.0
2025-04-16,136.41000366210938,137.60000610351562,134.6199951171875,136.97000122070312,131.14401245117188,42684087,0.0,0.0
2025-04-17,134.39999389648438,137.9600067138672,133.6999969482422,137.13999938964844,131.30677795410156,62282856,0.0,0.0
2025-04-21,137.64999389648438,140.3000030517578,137.0500030517578,139.17999267578125,133.260009765625,26503486,0.0,0.0
2025-04-22,142.0,142.83999633789062,137.6999969482422,138.16000366210938,132.2834014892578,58429662,0.0,0.0
2025-04-23,139.38999938964844,141.5,137.32000732421875,141.16000366210938,135.15579223632812,37851304,0.0,0.0
2025-04-24,140.6999969482422,141.8800048828125,140.27999877929688,141.52000427246094,135.50048828125,23061444,0.0,0.0
2025-04-25,142.0,143.4499969482422,138.02000427246094,138.85000610351562,132.9440460205078,37764696,0.0,0.0
2025-04-28,138.5399932861328,142.60000610351562,138.3800048828125,142.07000732421875,136.027099609375,26971589,0.0,0.0
2025-04-29,142.07000732421875,143.3000030517578,140.9199981689453,141.5,135.48133850097656,25758449,0.0,0.0
2025-04-30,141.4499969482422,141.55999755859375,138.0,140.0800018310547,134.12173461914062,29205042,0.0,0.0
2025-05-02,140.0,143.10000610351562,139.4499969482422,141.39999389648438,135.38558959960938,29588258,0.0,0.0
2025-05-05,141.57000732421875,142.6999969482422,141.1999969482422,142.0800018310547,136.0366668701172,17213477,0.0,0.0
2025-05-06,142.0800018310547,145.39999389648438,141.5399932861328,144.44000244140625,138.29629516601562,42658262,0.0,0.0
2025-05-07,142.1999969482422,146.9499969482422,142.1999969482422,146.0,139.78993225097656,34674594,0.0,0.0
2025-05-08,146.0,146.66000366210938,142.85000610351562,143.6699981689453,137.5590362548828,29687927,0.0,0.0
2025-05-09,140.99000549316406,143.27000427246094,140.50999450683594,142.77999877929688,136.70689392089844,21875453,0.0,0.0
2025-05-12,145.61000061035156,151.9499969482422,144.5,151.6300048828125,145.18045043945312,47087413,0.0,0.0
2025-05-13,152.0,152.99000549316406,149.00999450683594,149.42999267578125,143.0740203857422,54389876,0.0,0.0
2025-05-14,151.0,157.14999389648438,151.0,155.30999755859375,148.70391845703125,60002060,0.0,0.0
2025-05-15,155.5,157.83999633789062,154.3000030517578,157.35000610351562,150.65716552734375,57066105,0.0,0.0
2025-05-16,157.35000610351562,158.14999389648438,157.0,157.5500030517578,150.84866333007812,22884754,0.0,0.0
2025-05-19,158.0,158.13999938964844,156.1300048828125,157.57000732421875,150.86781311035156,21839582,0.0,0.0
2025-05-20,158.35000610351562,162.10000610351562,158.0,158.69000244140625,151.94015502929688,58061639,0.0,0.0
2025-05-21,159.4499969482422,161.85000610351562,158.52999877929688,161.63999938964844,154.76467895507812,36044599,0.0,0.0
2025-05-22,160.97999572753906,163.60000610351562,160.36000061035156,161.2899932861328,154.4295654296875,60715453,0.0,0.0
2025-05-23,161.60000610351562,163.52999877929688,161.5,162.97000122070312,156.03811645507812,29483665,0.0,0.0
2025-05-26,163.10000610351562,165.5500030517578,162.0500030517578,162.50999450683594,155.59767150878906,25581584,0.0,0.0
2025-05-27,162.50999450683594,163.89999389648438,160.6199951171875,161.66000366210938,154.78384399414062,23296776,0.0,0.0
2025-05-28,162.39999389648438,162.69000244140625,160.64999389648438,161.24000549316406,154.3817138671875,13044476,0.0,0.0
2025-05-29,162.19000244140625,163.9499969482422,161.5,163.1199951171875,156.18173217773438,26455081,0.0,0.0
2025-05-30,163.11000061035156,163.88999938964844,160.50999450683594,161.02000427246094,154.17105102539062,32739340,0.0,0.0
2025-06-02,159.0,160.1199951171875,157.3000030517578,159.0399932861328,152.27528381347656,31365564,0.0,0.0
2025-06-03,159.0399932861328,160.64999389648438,157.1699981689453,157.35000610351562,150.65716552734375,28398746,0.0,0.0
2025-06-04,157.5,158.97999572753906,156.80999755859375,158.17999267578125,151.45184326171875,16660138,0.0,0.0
2025-06-05,158.86000061035156,159.08999633789062,157.0500030517578,157.97000122070312,151.25079345703125,23708504,0.0,0.0
2025-06-06,155.6999969482422,157.8800048828125,154.25,157.49000549316406,154.30775451660156,25804151,3.6,0.0
2025-06-09,157.69000244140625,158.1999969482422,156.82000732421875,157.32000732421875,154.1411895751953,15315437,0.0,0.0
2025-06-10,158.0,159.3000030517578,155.5,155.67999267578125,152.5343017578125,22764080,0.0,0.0
2025-06-11,156.4499969482422,157.52999877929688,155.30999755859375,156.41000366210938,153.24957275390625,17605668,0.0,0.0
2025-06-12,156.0,156.25999450683594,151.85000610351562,152.88999938964844,149.80068969726562,27846151,0.0,0.0
2025-06-13,149.8000030517578,152.5,149.8000030517578,152.1300048828125,149.05604553222656,24277592,0.0,0.0
2025-06-16,152.00999450683594,154.5,150.83999633789062,154.1699981689453,151.05482482910156,16188193,0.0,0.0
2025-06-17,153.80999755859375,154.88999938964844,152.35000610351562,152.60000610351562,149.5165557861328,16740382,0.0,0.0
2025-06-18,152.1999969482422,153.1999969482422,150.8000030517578,152.11000061035156,149.0364532470703,14860746,0.0,0.0
2025-06-19,152.0,152.4499969482422,150.5,151.0,147.94888305664062,20145922,0.0,0.0
2025-06-20,150.75,153.1699981689453,150.6300048828125,151.97000122070312,148.89927673339844,29944714,0.0,0.0
2025-06-23,150.5,153.3000030517578,150.47999572753906,152.42999267578125,149.3499755859375,17096676,0.0,0.0
2025-06-24,153.8000030517578,156.97000122070312,153.63999938964844,154.7899932861328,151.66229248046875,25403324,0.0,0.0
2025-06-25,155.89999389648438,156.89999389648438,155.50999450683594,156.38999938964844,153.22996520996094,18240433,0.0,0.0
2025-06-26,156.8699951171875,161.10000610351562,156.4499969482422,160.5399932861328,157.29611206054688,40650557,0.0,0.0
2025-06-27,161.0,163.3000030517578,160.6999969482422,161.4499969482422,158.18772888183594,31989509,0.0,0.0
2025-06-30,160.99000549316406,162.1999969482422,159.5,159.75999450683594,156.53187561035156,15842285,0.0,0.0
2025-07-01,160.00999450683594,160.44000244140625,157.72999572753906,160.05999755859375,156.8258056640625,17823415,0.0,0.0
2025-07-02,160.05999755859375,166.14999389648438,159.8300018310547,165.8800048828125,162.52821350097656,63315210,0.0,0.0
2025-07-03,166.0,168.77999877929688,165.2100067138672,165.91000366210938,162.5576171875,60571824,0.0,0.0
2025-07-04,165.91000366210938,166.49000549316406,162.0,163.00999450683594,159.71620178222656,22938753,0.0,0.0
2025-07-07,163.0,163.35000610351562,160.0500030517578,162.39999389648438,159.1185302734375,17469909,0.0,0.0
2025-07-08,162.4499969482422,162.89999389648438,161.60000610351562,161.97000122070312,158.6972198486328,11398248,0.0,0.0
2025-07-09,161.9499969482422,161.9499969482422,157.50999450683594,159.0,155.7872314453125,29839077,0.0,0.0
2025-07-10,160.0,161.5500030517578,159.27999877929688,160.66000366210938,157.4136962890625,17566887,0.0,0.0
2025-07-11,160.63999938964844,161.6199951171875,159.32000732421875,159.83999633789062,156.61026000976562,20689511,0.0,0.0
2025-07-14,159.83999633789062,161.1199951171875,159.3000030517578,160.44000244140625,157.19813537597656,15152964,0.0,0.0
2025-07-15,160.25999450683594,160.85000610351562,157.9499969482422,159.0,155.7872314453125,17993051,0.0,0.0
2025-07-16,159.0,159.27000427246094,157.0,157.3300018310547,154.15097045898438,14591157,0.0,0.0
2025-07-17,157.5,160.6999969482422,157.1199951171875,159.89999389648438,156.66903686523438,21733241,0.0,0.0
2025-07-18,160.10000610351562,162.75,160.10000610351562,162.3699951171875,159.08912658691406,30728478,0.0,0.0
2025-07-21,162.5,165.60000610351562,162.49000549316406,163.02000427246094,159.72601318359375,29812899,0.0,0.0
2025-07-22,163.3000030517578,164.41000366210938,162.72999572753906,163.0399932861328,159.74559020996094,13615524,0.0,0.0
2025-07-23,163.25,164.13999938964844,161.8800048828125,162.77000427246094,159.48106384277344,14287149,0.0,0.0
2025-07-24,163.0,164.75,162.80999755859375,163.47999572753906,160.17669677734375,14377270,0.0,0.0
2025-07-25,163.5,163.58999633789062,161.0500030517578,161.42999267578125,158.16812133789062,12443495,0.0,0.0
2025-07-28,161.22999572753906,162.2899932861328,159.08999633789062,159.67999267578125,156.4534912109375,19296285,0.0,0.0
2025-07-29,158.1999969482422,162.4499969482422,158.1999969482422,161.69000244140625,158.42288208007812,15262937,0.0,0.0
2025-07-30,161.69000244140625,162.7899932861328,161.0500030517578,161.36000061035156,158.09954833984375,16083106,0.0,0.0
2025-07-31,161.0,162.1300048828125,156.55999755859375,157.94000244140625,154.7486572265625,26213891,0.0,0.0
2025-08-01,157.92999267578125,157.92999267578125,152.50999450683594,153.00999450683594,149.9182586669922,23927359,0.0,0.0
2025-08-04,153.5,159.9199981689453,153.5,159.55999755859375,156.33590698242188,30064719,0.0,0.0
2025-08-05,159.55999755859375,160.13999938964844,158.27999877929688,159.6199951171875,156.3946990966797,14441034,0.0,0.0
2025-08-06,159.6199951171875,159.8000030517578,157.8000030517578,158.66000366210938,155.4541015625,13438851,0.0,0.0
2025-08-07,157.14999389648438,160.0,156.25999450683594,159.6699981689453,156.44369506835938,23159540,0.0,0.0
2025-08-08,159.5,159.9499969482422,157.00999450683594,157.9499969482422,154.75843811035156,11951173,0.0,0.0
2025-08-11,157.9499969482422,160.0,157.14999389648438,158.52000427246094,155.3169403076172,14325736,0.0,0.0
2025-08-12,158.52000427246094,161.64999389648438,158.5,160.16000366210938,156.92379760742188,20056598,0.0,0.0
2025-08-13,160.9600067138672,162.39999389648438,159.89999389648438,160.17999267578125,156.94337463378906,18079396,0.0,0.0
2025-08-14,160.02000427246094,160.60000610351562,154.8300018310547,155.3000030517578,152.16200256347656,47256126,0.0,0.0
2025-08-18,158.0,159.0,156.0,157.9600067138672,154.76824951171875,61022494,0.0,0.0
2025-08-19,158.5,159.4600067138672,156.75999450683594,159.22999572753906,156.0125732421875,21224239,0.0,0.0
2025-08-20,158.1999969482422,162.75999450683594,158.02999877929688,161.9199981689453,158.64822387695312,28520245,0.0,0.0
2025-08-21,161.9199981689453,162.5399932861328,161.19000244140625,161.50999450683594,158.2465057373047,17282594,0.0,0.0
2025-08-22,161.25,161.27999877929688,158.10000610351562,158.5500030517578,155.34632873535156,16063984,0.0,0.0
2025-08-25,159.1999969482422,160.3300018310547,158.63999938964844,159.6300048828125,156.40451049804688,16376542,0.0,0.0
2025-08-26,159.16000366210938,159.16000366210938,154.63999938964844,155.02999877929688,151.89744567871094,19621100,0.0,0.0
2025-08-28,155.77999877929688,155.8699951171875,153.16000366210938,153.6300048828125,150.52574157714844,22269875,0.0,0.0
2025-08-29,154.5,155.10000610351562,153.0500030517578,154.47999572753906,151.35855102539062,16971859,0.0,0.0
2025-09-01,154.47999572753906,156.36000061035156,153.6999969482422,156.1699981689453,153.01441955566406,10798622,0.0,0.0
2025-09-02,156.1699981689453,159.07000732421875,155.5,158.38999938964844,155.18955993652344,21202113,0.0,0.0
2025-09-03,158.39999389648438,168.0,158.39999389648438,167.85000610351562,164.4584197998047,82352014,0.0,0.0
2025-09-04,169.0,169.3000030517578,166.6199951171875,166.80999755859375,163.43942260742188,26316842,0.0,0.0
2025-09-05,167.0,168.0,165.94000244140625,167.67999267578125,164.29183959960938,16798170,0.0,0.0
2025-09-08,170.0,172.5,168.4600067138672,168.82000732421875,165.4088134765625,36402317,0.0,0.0
2025-09-09,169.3000030517578,169.72000122070312,167.99000549316406,169.14999389648438,165.7321319580078,14028910,0.0,0.0
2025-09-10,169.19000244140625,170.72999572753906,168.75,169.42999267578125,166.0064697265625,13128306,0.0,0.0
2025-09-11,169.35000610351562,170.89999389648438,168.4600067138672,169.41000366210938,165.9868927001953,13829526,0.0,0.0
2025-09-12,169.60000610351562,171.0,168.6300048828125,169.77999877929688,166.3494110107422,12119036,0.0,0.0
2025-09-15,169.77000427246094,170.1999969482422,168.6300048828125,169.22999572753906,165.81051635742188,10611401,0.0,0.0
2025-09-16,169.38999938964844,172.27000427246094,169.02000427246094,172.02000427246094,168.54415893554688,26629438,0.0,0.0
2025-09-17,172.5,172.89999389648438,169.35000610351562,171.36000061035156,167.89749145507812,21381306,0.0,0.0
2025-09-18,171.4600067138672,172.1999969482422,169.80999755859375,172.02999877929688,168.55393981933594,16413388,0.0,0.0
2025-09-19,172.10000610351562,172.6699981689453,170.60000610351562,171.47999572753906,168.0150604248047,25406461,0.0,0.0
2025-09-22,170.8000030517578,172.2100067138672,170.50999450683594,171.38999938964844,167.9268798828125,20970704,0.0,0.0
2025-09-23,171.4499969482422,173.80999755859375,171.1999969482422,173.2899932861328,169.78848266601562,24533561,0.0,0.0
2025-09-24,173.16000366210938,174.44000244140625,172.3800048828125,172.66000366210938,169.1712188720703,20168891,0.0,0.0
2025-09-25,172.89999389648438,173.85000610351562,171.86000061035156,172.3800048828125,168.89688110351562,17026549,0.0,0.0
2025-09-26,172.22000122070312,173.3699951171875,167.1999969482422,167.39999389648438,164.01748657226562,20157657,0.0,0.0
2025-09-29,167.60000610351562,170.27999877929688,167.55999755859375,168.97999572753906,165.56556701660156,16832342,0.0,0.0
2025-09-30,169.5,170.14999389648438,168.41000366210938,168.77000427246094,165.3598175048828,24553596,0.0,0.0
2025-10-01,169.0,169.74000549316406,166.1300048828125,167.50999450683594,164.12527465820312,17542776,0.0,0.0
2025-10-03,168.1199951171875,174.74000549316406,168.1199951171875,173.2100067138672,169.71011352539062,55172705,0.0,0.0
2025-10-06,173.3000030517578,173.47999572753906,169.3000030517578,170.05999755859375,166.62374877929688,21474004,0.0,0.0
2025-10-07,170.39999389648438,172.1999969482422,170.39999389648438,171.42999267578125,167.966064453125,19189843,0.0,0.0
2025-10-08,172.0,173.6300048828125,170.05999755859375,171.94000244140625,168.46575927734375,22662699,0.0,0.0
2025-10-09,172.7899932861328,177.82000732421875,172.77999877929688,176.4199981689453,172.85523986816406,68504717,0.0,0.0
2025-10-10,176.0,176.13999938964844,172.89999389648438,173.86000061035156,170.3469696044922,18085975,0.0,0.0
2025-10-13,173.0,173.8000030517578,170.91000366210938,173.02999877929688,169.5337371826172,19386219,0.0,0.0
2025-10-14,174.91000366210938,176.4499969482422,169.25,170.50999450683594,167.0646514892578,22082970,0.0,0.0
2025-10-15,170.8300018310547,174.0,170.11000061035156,173.24000549316406,169.739501953125,15031989,0.0,0.0
2025-10-16,173.0,174.49000549316406,172.22000122070312,174.0,170.48414611816406,12205250,0.0,0.0
2025-10-17,173.60000610351562,174.30999755859375,170.99000549316406,172.22000122070312,168.7401123046875,21659007,0.0,0.0
2025-10-20,173.3000030517578,173.3000030517578,170.82000732421875,171.9499969482422,168.47555541992188,18049579,0.0,0.0
2025-10-21,172.39999389648438,173.25,172.10000610351562,172.77999877929688,169.28878784179688,2471987,0.0,0.0
2025-10-23,173.89999389648438,176.0800018310547,173.63999938964844,174.16000366210938,170.6409149169922,31472510,0.0,0.0
2025-10-24,174.60000610351562,177.35000610351562,173.72000122070312,174.44000244140625,170.91525268554688,25226376,0.0,0.0
2025-10-27,175.88999938964844,177.89999389648438,175.52999877929688,176.66000366210938,173.09039306640625,23832477,0.0,0.0
2025-10-28,177.35000610351562,182.05999755859375,177.02000427246094,181.80999755859375,178.13632202148438,59511794,0.0,0.0
2025-10-29,183.6699981689453,186.94000244140625,182.0500030517578,185.19000244140625,181.44802856445312,51610530,0.0,0.0
2025-10-30,184.39999389648438,185.19000244140625,182.63999938964844,184.35000610351562,180.62501525878906,24270977,0.0,0.0
2025-10-31,184.0,184.3000030517578,182.1199951171875,182.83999633789062,179.1455078125,16041321,0.0,0.0
2025-11-03,182.39999389648438,184.10000610351562,181.8000030517578,182.6699981689453,178.9789581298828,16652212,0.0,0.0
2025-11-04,183.0,183.08999633789062,178.89999389648438,179.2899932861328,175.667236328125,18746387,0.0,0.0
2025-11-06,179.2899932861328,180.6699981689453,176.52000427246094,177.27000427246094,173.6880645751953,23664538,0.0,0.0
2025-11-07,177.0,182.25,175.00999450683594,181.3699951171875,177.70521545410156,19165876,0.0,0.0
2025-11-10,182.02999877929688,182.50999450683594,180.1999969482422,181.47999572753906,177.81298828125,18376132,0.0,0.0
2025-11-11,182.89999389648438,182.89999389648438,179.02000427246094,181.0399932861328,177.3818817138672,14109340,0.0,0.0
2025-11-12,181.44000244140625,182.14999389648438,178.0,178.61000061035156,175.00099182128906,19037263,0.0,0.0
2025-11-13,184.0,184.0,175.10000610351562,176.64999389648438,173.08058166503906,82083661,0.0,0.0
2025-11-14,177.52000427246094,177.6999969482422,172.1199951171875,174.25999450683594,170.73887634277344,38345500,0.0,0.0
2025-11-17,175.1300048828125,175.25,172.6199951171875,173.1699981689453,169.67091369628906,28204282,0.0,0.0
2025-11-18,172.39999389648438,173.1199951171875,170.5500030517578,172.4499969482422,168.9654541015625,34278387,0.0,0.0
2025-11-19,172.4499969482422,173.89999389648438,172.05999755859375,173.2100067138672,169.71011352539062,19621610,0.0,0.0
2025-11-20,174.10000610351562,174.36000061035156,172.25999450683594,172.4600067138672,168.9752655029297,15968891,0.0,0.0
2025-11-21,171.8000030517578,171.89999389648438,167.6999969482422,168.0,164.60537719726562,28412865,0.0,0.0
2025-11-24,168.0,168.3800048828125,165.17999267578125,165.36000061035156,162.0187225341797,31202769,0.0,0.0
2025-11-25,166.0,167.27000427246094,165.0800018310547,166.3300018310547,162.9691162109375,19983310,0.0,0.0
2025-11-26,167.0,169.9499969482422,166.89999389648438,169.6699981689453,166.2416229248047,15044796,0.0,0.0
2025-11-27,170.4499969482422,171.0,167.17999267578125,168.1300048828125,164.73275756835938,17546627,0.0,0.0
2025-11-28,168.1300048828125,169.0,167.2899932861328,167.9600067138672,164.56619262695312,11975539,0.0,0.0
2025-12-01,169.0,169.64999389648438,167.6999969482422,168.6300048828125,165.22265625,11758473,0.0,0.0
2025-12-02,168.42999267578125,168.85000610351562,167.0,167.77999877929688,164.3898162841797,15355023,0.0,0.0
2025-12-03,167.77999877929688,167.99000549316406,165.0,166.9199981689453,163.5471954345703,18873943,0.0,0.0
2025-12-04,167.8000030517578,167.97000122070312,166.1999969482422,166.77000427246094,163.40023803710938,11419966,0.0,0.0
2025-12-05,167.0,167.64999389648438,165.0,167.11000061035156,163.7333526611328,33500436,0.0,0.0
2025-12-08,167.08999633789062,168.1999969482422,163.0,163.47000122070312,160.1669158935547,15772400,0.0,0.0
2025-12-09,163.38999938964844,163.38999938964844,160.05999755859375,160.6699981689453,157.42349243164062,25766371,0.0,0.0
2025-12-10,161.0,163.67999267578125,160.80999755859375,162.22999572753906,158.95196533203125,22537548,0.0,0.0
2025-12-11,163.5,166.66000366210938,163.1699981689453,166.3800048828125,163.0181121826172,32603566,0.0,0.0
2025-12-12,167.60000610351562,172.5,167.39999389648438,171.88999938964844,168.41677856445312,41130927,0.0,0.0
2025-12-15,170.9499969482422,173.1699981689453,170.5,172.8699951171875,169.37696838378906,23254201,0.0,0.0
2025-12-16,172.6999969482422,172.6999969482422,169.25,169.8300018310547,166.39840698242188,22981935,0.0,0.0
2025-12-17,170.08999633789062,171.3000030517578,169.66000366210938,170.33999633789062,166.89808654785156,11624504,0.0,0.0
2025-12-18,169.9199981689453,170.4499969482422,167.55999755859375,168.1199951171875,164.7229461669922,13152378,0.0,0.0
2025-12-19,169.14999389648438,169.6199951171875,167.8300018310547,168.69000244140625,165.28143310546875,28448892,0.0,0.0
2025-12-22,169.0399932861328,171.4600067138672,169.0,169.22000122070312,165.80072021484375,23729300,0.0,0.0
2025-12-23,169.35000610351562,171.35000610351562,169.25,170.89999389648438,167.44677734375,17348078,0.0,0.0
2025-12-24,171.35000610351562,171.64999389648438,169.6699981689453,170.07000732421875,166.63356018066406,17430406,0.0,0.0
2025-12-26,169.88999938964844,169.89999389648438,167.82000732421875,169.1199951171875,165.70274353027344,16904834,0.0,0.0
2025-12-29,169.50999450683594,174.1300048828125,169.2899932861328,172.3000030517578,168.81849670410156,48001907,0.0,0.0
2025-12-30,172.77999877929688,176.35000610351562,170.8000030517578,175.8000030517578,172.24777221679688,33741158,0.0,0.0
2025-12-31,180.0,181.39999389648438,178.5,180.0800018310547,176.4412841796875,50897201,0.0,0.0
2026-01-01,180.60000610351562,182.1999969482422,180.1999969482422,181.88999938964844,178.21470642089844,21507757,0.0,0.0
2026-01-02,182.0,183.85000610351562,181.60000610351562,182.8800048828125,179.18470764160156,23006840,0.0,0.0
2026-01-05,182.8800048828125,186.88999938964844,182.8699951171875,185.72000122070312,181.9673309326172,30646009,0.0,0.0
2026-01-06,186.0,187.85000610351562,184.47000122070312,186.1999969482422,182.4376220703125,28514282,0.0,0.0
2026-01-07,186.1999969482422,186.64999389648438,182.89999389648438,183.8000030517578,180.08612060546875,18231588,0.0,0.0
2026-01-08,185.4499969482422,185.8699951171875,179.5500030517578,180.1199951171875,176.48046875,38454951,0.0,0.0
2026-01-09,179.0500030517578,181.5,177.3300018310547,178.39999389648438,174.79522705078125,25318701,0.0,0.0
2026-01-12,178.39999389648438,183.64999389648438,177.63999938964844,183.24000549316406,179.53744506835938,25782267,0.0,0.0
2026-01-13,183.5,184.38999938964844,181.10000610351562,182.57000732421875,178.8809814453125,19155081,0.0,0.0
2026-01-14,182.57000732421875,190.64999389648438,181.66000366210938,189.25,185.42599487304688,55907778,0.0,0.0
2026-01-15,189.25,189.25,189.25,189.25,185.42599487304688,0,0.0,0.0
2026-01-16,190.0500030517578,191.0,187.30999755859375,188.2100067138672,184.40701293945312,26028519,0.0,0.0
2026-01-19,187.10000610351562,189.44000244140625,186.8000030517578,188.27000427246094,184.46580505371094,19709364,0.0,0.0
2026-01-20,188.27000427246094,190.0,183.02999877929688,183.55999755859375,179.85096740722656,20094927,0.0,0.0
2026-01-21,183.55999755859375,185.7100067138672,180.8800048828125,184.41000366210938,180.6837921142578,35037961,0.0,0.0
2026-01-22,185.88999938964844,189.99000549316406,185.7899932861328,189.10000610351562,185.27903747558594,35681682,0.0,0.0
2026-01-23,190.5,192.39999389648438,187.27000427246094,187.61000061035156,183.8191375732422,28492706,0.0,0.0
2026-01-27,189.6699981689453,193.13999938964844,187.72000122070312,192.27999877929688,188.394775390625,42314287,0.0,0.0
2026-01-28,193.49000549316406,195.1999969482422,192.10000610351562,193.85000610351562,189.9330596923828,33310718,0.0,0.0
2026-01-29,194.4499969482422,202.99000549316406,194.11000061035156,202.32000732421875,198.23190307617188,60610904,0.0,0.0
2026-01-30,198.5500030517578,199.0,190.6300048828125,193.1300048828125,189.22760009765625,52262849,0.0,0.0
2026-02-02,185.3800048828125,189.0,182.5500030517578,188.50999450683594,184.70094299316406,25601945,0.0,0.0
2026-02-03,193.5800018310547,199.0,191.50999450683594,192.92999267578125,189.03163146972656,28467895,0.0,0.0
2026-02-04,193.99000549316406,196.13999938964844,193.4499969482422,195.39999389648438,191.45172119140625,13859145,0.0,0.0
2026-02-05,193.0,198.41000366210938,191.52000427246094,197.75999450683594,193.7640380859375,31293689,0.0,0.0
2026-02-06,197.60000610351562,197.60000610351562,194.3699951171875,197.05999755859375,193.07818603515625,18446912,0.0,0.0
2026-02-09,202.0,206.33999633789062,197.5500030517578,202.0,197.91836547851562,68967709,0.0,0.0
2026-02-10,202.99000549316406,211.10000610351562,201.0800018310547,208.00999450683594,203.8069305419922,82443790,0.0,0.0
2026-02-11,209.39999389648438,210.25,205.3000030517578,207.58999633789062,203.39541625976562,40897457,0.0,0.0
2026-02-12,208.0,210.38999938964844,206.1999969482422,208.11000061035156,203.9049072265625,24109860,0.0,0.0
2026-02-13,206.58999633789062,206.85000610351562,202.55999755859375,203.17999267578125,199.07452392578125,25870923,0.0,0.0
2026-02-16,201.0,206.1199951171875,200.5500030517578,205.80999755859375,201.65138244628906,17932490,0.0,0.0
2026-02-17,205.5,205.8000030517578,201.66000366210938,203.0800018310547,198.97654724121094,18506676,0.0,0.0
2026-02-18,203.5500030517578,209.6999969482422,203.5500030517578,209.02999877929688,204.8063201904297,48357001,0.0,0.0
2026-02-19,211.0,211.38999938964844,204.25,205.41000366210938,201.2594757080078,27749813,0.0,0.0
2026-02-20,206.41000366210938,209.3000030517578,204.72999572753906,208.36000061035156,204.1498565673828,26605844,0.0,0.0
2026-02-23,210.0,210.10000610351562,205.5,208.13999938964844,203.93429565429688,23377191,0.0,0.0
2026-02-24,207.2100067138672,209.5399932861328,206.75,209.1300048828125,204.904296875,23413086,0.0,0.0
2026-02-25,210.10000610351562,216.4499969482422,209.39999389648438,214.63999938964844,210.30296325683594,48873839,0.0,0.0
2026-02-26,215.9499969482422,215.9499969482422,213.00999450683594,215.52000427246094,211.16519165039062,25522669,0.0,0.0
2026-02-27,215.5,215.89999389648438,211.66000366210938,212.3300018310547,208.03964233398438,25598534,0.0,0.0
2026-03-02,205.0,214.33999633789062,204.5,211.00999450683594,206.74630737304688,30523310,0.0,0.0
2026-03-04,207.0,207.0,194.42999267578125,196.72999572753906,192.75485229492188,72096617,0.0,0.0
2026-03-05,198.5,203.0399932861328,197.6300048828125,200.57000732421875,196.51727294921875,41033397,0.0,0.0
2026-03-06,199.5,202.1999969482422,197.10000610351562,198.4600067138672,194.4499053955078,28551376,0.0,0.0
2026-03-09,193.4499969482422,193.6999969482422,187.02999877929688,191.00999450683594,187.15042114257812,43019965,0.0,0.0
2026-03-10,194.00999450683594,196.63999938964844,192.0,195.0,191.059814453125,25783308,0.0,0.0
2026-03-11,197.13999938964844,198.8800048828125,194.0,194.74000549316406,190.80506896972656,34207226,0.0,0.0
2026-03-12,193.99000549316406,194.66000366210938,190.10000610351562,193.47000122070312,189.56072998046875,24413736,0.0,0.0
2026-03-13,191.9499969482422,192.5,182.25999450683594,183.50999450683594,179.80197143554688,42683952,0.0,0.0
2026-03-16,183.0,187.64999389648438,181.25,186.94000244140625,183.1626739501953,44789516,0.0,0.0
2026-03-17,187.8000030517578,196.30999755859375,186.85000610351562,195.42999267578125,191.48110961914062,45672442,0.0,0.0
2026-03-18,196.39999389648438,196.42999267578125,193.1699981689453,195.41000366210938,191.46153259277344,26353743,0.0,0.0
2026-03-19,190.8000030517578,194.22000122070312,189.3699951171875,190.50999450683594,186.66053771972656,24146344,0.0,0.0
2026-03-20,193.39999389648438,199.44000244140625,193.33999633789062,196.77000427246094,192.79405212402344,46881257,0.0,0.0
2026-03-23,193.0,193.9499969482422,186.50999450683594,187.1699981689453,183.38803100585938,44393392,0.0,0.0
2026-03-24,192.0,192.19000244140625,187.77999877929688,190.7899932861328,186.93487548828125,34321983,0.0,0.0
2026-03-25,193.02999877929688,197.14999389648438,192.32000732421875,196.64999389648438,192.6764678955078,34767360,0.0,0.0
2026-03-27,194.32000732421875,195.5,192.63999938964844,193.22000122070312,189.31578063964844,36938046,0.0,0.0
2026-03-30,192.0,194.4199981689453,188.3000030517578,191.86000061035156,187.98326110839844,45914996,0.0,0.0
2026-04-01,200.0,200.1999969482422,194.0,194.60000610351562,190.66790771484375,35813622,0.0,0.0
2026-04-02,192.91000366210938,194.85000610351562,187.9499969482422,194.13999938964844,190.21719360351562,27633959,0.0,0.0
2026-04-06,193.02000427246094,196.64999389648438,190.25,196.10000610351562,192.13758850097656,28115748,0.0,0.0
2026-04-07,195.60000610351562,198.4199981689453,193.27999877929688,198.1300048828125,194.12657165527344,32090982,0.0,0.0
2026-04-08,202.00999450683594,206.39999389648438,202.0,204.17999267578125,200.05430603027344,37018381,0.0,0.0
2026-04-09,204.50999450683594,208.19000244140625,204.05999755859375,205.1999969482422,201.0537109375,36853400,0.0,0.0
2026-04-10,207.97999572753906,209.0,204.8000030517578,206.61000061035156,202.4352264404297,28385501,0.0,0.0
2026-04-13,203.6999969482422,207.0,201.5,206.38999938964844,202.21966552734375,25848544,0.0,0.0
2026-04-15,209.0,211.14999389648438,207.60000610351562,208.72000122070312,204.50257873535156,30858355,0.0,0.0
2026-04-16,209.75,212.9199981689453,209.00999450683594,210.69000244140625,206.4327850341797,26751249,0.0,0.0
2026-04-17,210.69000244140625,212.4600067138672,208.5,212.1199951171875,207.83387756347656,22837792,0.0,0.0
2026-04-20,212.0,213.39999389648438,209.8000030517578,211.72000122070312,207.4419708251953,24992602,0.0,0.0
2026-04-21,211.72000122070312,214.49000549316406,211.0800018310547,212.00999450683594,207.72610473632812,17427021,0.0,0.0
2026-04-22,211.0,213.77999877929688,210.50999450683594,213.02999877929688,208.72549438476562,20795714,0.0,0.0
2026-04-23,213.0399932861328,213.10000610351562,210.16000366210938,210.91000366210938,206.64833068847656,19304122,0.0,0.0
2026-04-24,211.0,212.0,208.60000610351562,210.07000732421875,205.8253173828125,22379072,0.0,0.0
2026-04-27,211.0,215.0,210.92999267578125,213.27000427246094,208.9606475830078,33068230,0.0,0.0
2026-04-28,213.1999969482422,218.24000549316406,212.1999969482422,215.0500030517578,210.70468139648438,34950491,0.0,0.0
2026-04-29,216.10000610351562,217.0,211.36000061035156,215.8800048828125,211.51791381835938,32800573,0.0,0.0
2026-04-30,215.77999877929688,215.77999877929688,210.0,211.36000061035156,207.0892333984375,24894783,0.0,0.0
2026-05-01,211.36000061035156,211.36000061035156,211.36000061035156,211.36000061035156,207.0892333984375,0,0.0,0.0
2026-05-04,212.5500030517578,214.5,211.39999389648438,212.24000549316406,207.9514617919922,23140911,0.0,0.0
2026-05-05,212.1999969482422,212.33999633789062,209.4499969482422,211.32000732421875,207.050048828125,20733709,0.0,0.0
2026-05-06,214.0,216.72999572753906,212.4199981689453,215.47000122070312,211.11619567871094,24082651,0.0,0.0
2026-05-07,216.6999969482422,219.1999969482422,215.75,217.08999633789062,212.70346069335938,21243369,0.0,0.0
2026-05-08,217.0,217.39999389648438,214.25,214.49000549316406,210.156005859375,17760366,0.0,0.0
2026-05-11,213.5,215.0,211.52000427246094,212.0800018310547,207.79469299316406,16301350,0.0,0.0
2026-05-12,212.0,216.3300018310547,211.5,212.0,207.71630859375,28371348,0.0,0.0
2026-05-13,213.24000549316406,220.91000366210938,213.07000732421875,219.6199951171875,215.1823272705078,46231533,0.0,0.0
2026-05-14,222.3000030517578,222.89999389648438,219.02000427246094,221.1300048828125,216.66183471679688,34985006,0.0,0.0
2026-05-15,223.0,224.39999389648438,216.0,216.83999633789062,212.45851135253906,33231023,0.0,0.0
2026-05-18,211.0,211.82000732421875,205.0500030517578,209.7100067138672,205.4725799560547,73796001,0.0,0.0
2026-05-19,210.58999633789062,212.3300018310547,208.89999389648438,209.2899932861328,205.06106567382812,32573663,0.0,0.0
2026-05-20,207.5,207.5,203.0399932861328,207.00999450683594,202.82713317871094,56670462,0.0,0.0
2026-05-21,209.75,210.07000732421875,207.66000366210938,208.5800018310547,204.36541748046875,24385712,0.0,0.0
2026-05-22,209.60000610351562,210.8800048828125,208.25999450683594,209.19000244140625,204.9630889892578,22023114,0.0,0.0
2026-05-25,211.3000030517578,211.75,209.44000244140625,210.22000122070312,205.97227478027344,23090495,0.0,0.0
2026-05-26,209.89999389648438,211.13999938964844,209.50999450683594,210.47000122070312,206.21722412109375,17801824,0.0,0.0
2026-05-27,210.6999969482422,218.9600067138672,210.6999969482422,214.6999969482422,210.36175537109375,39110042,0.0,0.0
2026-05-28,214.6999969482422,214.6999969482422,214.6999969482422,214.6999969482422,210.36175537109375,0,0.0,0.0
2026-05-29,215.69000244140625,215.6999969482422,206.6999969482422,208.02000427246094,203.8167266845703,67467374,0.0,0.0
2026-06-01,210.0,211.39999389648438,206.5,210.57000732421875,206.31521606445312,23733470,0.0,0.0
2026-06-02,209.00999450683594,213.4600067138672,208.57000732421875,210.60000610351562,206.3446044921875,29358964,0.0,0.0
2026-06-03,210.7100067138672,212.49000549316406,207.60000610351562,211.88999938964844,207.60853576660156,23198930,0.0,0.0
2026-06-04,210.4199981689453,212.24000549316406,209.30999755859375,210.57000732421875,206.31521606445312,18939468,0.0,0.0
2026-06-05,209.39999389648438,210.5,203.89999389648438,206.77000427246094,202.5919952392578,35802398,0.0,0.0
2026-06-08,203.44000244140625,205.2100067138672,201.60000610351562,202.72000122070312,198.6238250732422,31036948,0.0,0.0
2026-06-09,203.0,204.0,200.33999633789062,203.17999267578125,199.07452392578125,42111455,0.0,0.0
2026-06-10,203.0,203.39999389648438,198.0,199.30999755859375,195.28271484375,34008938,0.0,0.0
2026-06-11,197.44000244140625,199.35000610351562,196.0500030517578,197.9600067138672,193.9600067138672,38292223,0.0,0.0
2026-06-12,200.0,200.82000732421875,195.8000030517578,197.86000061035156,197.86000061035156,27622963,4.0,0.0
2026-06-15,199.9600067138672,200.9499969482422,196.82000732421875,197.27999877929688,197.27999877929688,27071539,0.0,0.0
2026-06-16,197.50999450683594,197.60000610351562,193.30999755859375,196.0,196.0,29255187,0.0,0.0
2026-06-17,196.7899932861328,199.5,195.60000610351562,199.00999450683594,199.00999450683594,22491220,0.0,0.0
2026-06-18,199.00999450683594,200.6999969482422,198.14999389648438,200.52000427246094,200.52000427246094,22111931,0.0,0.0
2026-06-19,199.25,199.36000061035156,196.5,198.9600067138672,198.9600067138672,31571461,0.0,0.0
2026-06-22,199.3000030517578,200.66000366210938,198.6999969482422,198.97000122070312,198.97000122070312,19238506,0.0,0.0
2026-06-23,197.75,197.97999572753906,192.72999572753906,193.55999755859375,193.55999755859375,34634510,0.0,0.0
2026-06-24,192.8000030517578,193.3800048828125,189.58999633789062,190.16000366210938,190.16000366210938,51305789,0.0,0.0
2026-06-25,190.0,190.86000061035156,187.61000061035156,188.7100067138672,188.7100067138672,34151735,0.0,0.0
2026-06-26,188.7100067138672,188.7100067138672,188.7100067138672,188.7100067138672,188.7100067138672,0,0.0,0.0
2026-06-29,188.72999572753906,191.27000427246094,188.60000610351562,189.57000732421875,189.57000732421875,62549132,0.0,0.0
2026-06-30,189.5,190.39999389648438,187.0500030517578,188.05999755859375,188.05999755859375,33686235,0.0,0.0
2026-07-01,188.5,188.7100067138672,184.6999969482422,185.1699981689453,185.1699981689453,20614036,0.0,0.0
2026-07-02,186.0,188.60000610351562,185.13999938964844,187.6699981689453,187.6699981689453,29139217,0.0,0.0
2026-07-03,190.60000610351562,192.97999572753906,189.11000061035156,189.8000030517578,189.8000030517578,28474469,0.0,0.0
2026-07-06,190.38999938964844,191.4499969482422,189.19000244140625,190.8699951171875,190.8699951171875,14466645,0.0,0.0
2026-07-07,191.0,191.3000030517578,189.0,189.7899932861328,189.7899932861328,22805982,0.0,0.0
2026-07-08,187.66000366210938,189.7899932861328,186.52000427246094,188.1999969482422,188.1999969482422,17816943,0.0,0.0
2026-07-09,189.5,189.8699951171875,186.6199951171875,187.91000366210938,187.91000366210938,21203724,0.0,0.0
2026-07-10,189.67999267578125,193.3000030517578,188.74000549316406,191.19000244140625,191.19000244140625,23145573,0.0,0.0
2026-07-13,189.0,189.27000427246094,185.39999389648438,187.11000061035156,187.11000061035156,47597415,0.0,0.0
2026-07-14,186.6999969482422,190.35000610351562,186.6999969482422,188.27000427246094,188.27000427246094,24096425,0.0,0.0
2026-07-15,188.74000549316406,189.3300018310547,184.80999755859375,185.25999450683594,185.25999450683594,24924570,0.0,0.0
2026-07-16,186.5,186.75,184.91000366210938,185.49000549316406,185.49000549316406,13166990,0.0,0.0
2026-07-17,185.1999969482422,186.58999633789062,183.41000366210938,185.88999938964844,185.88999938964844,20132684,0.0,0.0
2026-07-20,186.67999267578125,187.19000244140625,185.75999450683594,186.41000366210938,186.41000366210938,11188887,0.0,0.0
2026-07-21,186.75,188.10000610351562,184.6999969482422,187.24000549316406,187.24000549316406,21618426,0.0,0.0
2026-07-22,187.99000549316406,187.99000549316406,184.91000366210938,186.52999877929688,186.52999877929688,16643117,0.0,0.0
2026-07-23,186.0,186.0,183.5,184.22999572753906,184.22999572753906,20581098,0.0,0.0
2026-07-24,183.41000366210938,183.52000427246094,181.1999969482422,182.6699981689453,182.6699981689453,16117953,0.0,0.0
2026-07-27,183.60000610351562,184.88999938964844,183.3300018310547,184.25,184.25,11857396,0.0,0.0
2026-07-28,184.30999755859375,185.13999938964844,182.00999450683594,182.6300048828125,182.6300048828125,19135253,0.0,0.0
2026-07-29,183.5,188.6699981689453,183.0399932861328,187.27000427246094,187.27000427246094,24872418,0.0,0.0
2026-07-30,188.00999450683594,188.99000549316406,186.10000610351562,186.9199981689453,186.9199981689453,13769746,0.0,0.0
2026-07-31,188.25,191.83999633789062,186.30999755859375,189.69000244140625,189.69000244140625,34249584,0.0,0.0
2026-08-03,192.94000244140625,193.5,188.49000549316406,191.0,191.0,27563681,0.0,0.0
2026-08-04,190.6999969482422,192.60000610351562,189.0,190.9499969482422,190.9499969482422,22165429,0.0,0.0
2026-08-05,192.25,192.99000549316406,189.83999633789062,192.99000549316406,192.99000549316406,22780522,0.0,0.0
2026-08-06,193.4499969482422,193.64999389648438,188.99000549316406,189.3000030517578,189.3000030517578,18802510,0.0,0.0
2026-08-07,189.41000366210938,189.69000244140625,186.75,187.5500030517578,187.5500030517578,9924021,0.0,0.0
2026-08-10,187.55999755859375,192.35000610351562,187.5500030517578,190.24000549316406,190.24000549316406,33338101,0.0,0.0
2026-08-11,190.24000549316406,190.55999755859375,186.77999877929688,188.25,188.25,20973262,0.0,0.0
2026-08-12,188.35000610351562,188.8800048828125,183.60000610351562,186.1999969482422,186.1999969482422,36484049,0.0,0.0
2026-08-13,186.1999969482422,186.66000366210938,183.4600067138672,184.85000610351562,184.85000610351562,19940424,0.0,0.0
2026-08-14,184.0,184.19000244140625,180.0,183.5,183.5,16131505,0.0,0.0
2026-08-17,183.5,186.35000610351562,182.05999755859375,186.0,186.0,16278106,0.0,0.0
2026-08-18,186.33999633789062,187.11000061035156,184.3300018310547,185.5,185.5,13393441,0.0,0.0
2026-08-19,184.16000366210938,184.9499969482422,182.5,184.0,184.0,15509632,0.0,0.0
2026-08-20,185.0,185.60000610351562,182.9499969482422,183.5,183.5,21782667,0.0,0.0
2026-08-21,184.39999389648438,184.94000244140625,182.0,183.0,183.0,26299054,0.0,0.0
2026-08-24,184.14999389648438,186.3000030517578,183.05999755859375,186.3000030517578,186.3000030517578,37800944,0.0,0.0
2026-08-25,186.3000030517578,187.27000427246094,183.5,186.94000244140625,186.94000244140625,24578020,0.0,0.0
2026-08-26,186.49000549316406,189.9499969482422,184.2899932861328,188.00999450683594,188.00999450683594,32199274,0.0,0.0
2026-08-27,188.0500030517578,190.25,186.5,186.8000030517578,186.8000030517578,40921836,0.0,0.0
2026-08-28,187.60000610351562,188.7899932861328,184.0800018310547,186.5,186.5,39370394,0.0,0.0
2026-08-31,185.35000610351562,185.82000732421875,181.39999389648438,184.35000610351562,184.35000610351562,36802869,0.0,0.0
2026-09-01,183.6999969482422,188.67999267578125,182.1199951171875,184.07000732421875,184.07000732421875,46663321,0.0,0.0
2026-09-02,182.5,184.05999755859375,181.44000244140625,183.85000610351562,183.85000610351562,19496175,0.0,0.0
2026-09-03,184.11000061035156,187.64999389648438,182.0,184.1999969482422,184.1999969482422,21964971,0.0,0.0
2026-09-04,184.1999969482422,189.89999389648438,182.83999633789062,188.7899932861328,188.7899932861328,36500951,0.0,0.0
2026-09-07,189.0,190.24000549316406,184.3699951171875,185.61000061035156,185.61000061035156,23695657,0.0,0.0
2026-09-08,185.89999389648438,186.5,183.61000061035156,184.14999389648438,184.14999389648438,24272812,0.0,0.0
2026-09-09,184.8000030517578,190.25999450683594,183.41000366210938,188.75,188.75,45985325,0.0,0.0
2026-09-10,189.0,189.0,185.0,186.77999877929688,186.77999877929688,23334612,0.0,0.0
