date,open,high,low,close,adj_close,volume,dividends,stock_splits
2021-01-29,574.0,574.0,554.25,559.7999877929688,534.0330810546875,3593336,0.0,0.0
2021-02-01,563.0,588.75,554.3499755859375,584.1500244140625,557.2622680664062,4707518,0.0,0.0
2021-02-02,590.0,596.4000244140625,567.1500244140625,575.3499755859375,548.8673095703125,5713446,0.0,0.0
2021-02-03,589.0,598.0,571.0,580.1500244140625,553.4464111328125,10599727,0.0,0.0
2021-02-04,585.0,590.0,577.5499877929688,588.0499877929688,560.982666015625,3816120,0.0,0.0
2021-02-05,593.9000244140625,600.0,589.2000122070312,592.5,565.2278442382812,5918498,0.0,0.0
2021-02-08,595.0,604.7999877929688,594.9000244140625,597.0999755859375,569.6161499023438,3970852,0.0,0.0
2021-02-09,597.0,607.5,594.5499877929688,598.7000122070312,571.1425170898438,3072281,0.0,0.0
2021-02-10,600.75,605.9500122070312,597.2999877929688,600.75,573.09814453125,2435907,0.0,0.0
2021-02-11,603.2999877929688,622.0,598.3499755859375,610.3499755859375,582.2562866210938,7033762,0.0,0.0
2021-02-12,616.2000122070312,616.2000122070312,603.5,607.5,579.5375366210938,3621853,0.0,0.0
2021-02-15,608.0,625.5,607.4000244140625,623.0999755859375,594.41943359375,3234989,0.0,0.0
2021-02-16,629.9000244140625,634.9500122070312,617.5499877929688,628.3499755859375,599.4276733398438,6418986,0.0,0.0
2021-02-17,636.0,645.7000122070312,624.25,632.1500244140625,603.0528564453125,8556599,0.0,0.0
2021-02-18,637.4500122070312,643.4000244140625,621.1500244140625,624.0,595.2779541015625,4457424,0.0,0.0
2021-02-19,624.0,626.0999755859375,610.4500122070312,616.9500122070312,588.552490234375,3013104,0.0,0.0
2021-02-22,619.0,623.5499877929688,612.0,618.2999877929688,589.8403930664062,3020000,0.0,0.0
2021-02-23,619.9000244140625,635.0,616.0,627.5,598.616943359375,4222282,0.0,0.0
2021-02-24,654.0,654.0,615.0,625.9500122070312,597.1382446289062,10479819,0.0,0.0
2021-02-25,628.9000244140625,639.1500244140625,624.3499755859375,628.5,599.57080078125,4977348,0.0,0.0
2021-02-26,625.0,625.9000244140625,604.5,609.1500244140625,581.111572265625,5547291,0.0,0.0
2021-03-01,614.9000244140625,628.5,609.2000122070312,624.5499877929688,595.8026733398438,2530243,0.0,0.0
2021-03-02,628.5,636.0,622.0,632.3499755859375,603.2435913085938,3051386,0.0,0.0
2021-03-03,635.0,648.0,633.0,636.9000244140625,607.584228515625,3601961,0.0,0.0
2021-03-04,634.9000244140625,643.8499755859375,628.7999877929688,631.0999755859375,602.0512084960938,2621353,0.0,0.0
2021-03-05,633.7000122070312,643.5,618.0,622.6500244140625,593.9901733398438,2839628,0.0,0.0
2021-03-08,626.9000244140625,628.2000122070312,615.0,616.0499877929688,587.6939086914062,1939925,0.0,0.0
2021-03-09,618.7999877929688,620.9000244140625,602.0,611.7000122070312,583.5441284179688,3065358,0.0,0.0
2021-03-10,616.7999877929688,623.6500244140625,615.0,620.9500122070312,592.3683471679688,2778304,0.0,0.0
2021-03-12,623.0,624.7999877929688,613.4000244140625,615.25,586.9307250976562,1884687,0.0,0.0
2021-03-15,617.0999755859375,618.7999877929688,602.4000244140625,607.6500244140625,579.6806030273438,2765564,0.0,0.0
2021-03-16,611.5499877929688,618.0,608.5,610.6500244140625,582.54248046875,2480801,0.0,0.0
2021-03-17,612.0,612.4000244140625,600.0999755859375,603.3499755859375,575.5784912109375,2263020,0.0,0.0
2021-03-18,606.0,608.2000122070312,587.0,594.9000244140625,567.5174560546875,3387208,0.0,0.0
2021-03-19,590.0,607.6500244140625,577.0499877929688,600.25,572.6211547851562,4874177,0.0,0.0
2021-03-22,603.0,623.0499877929688,596.25,620.5499877929688,591.9867553710938,3154483,0.0,0.0
2021-03-23,621.0,640.0,620.5499877929688,634.0999755859375,604.9130859375,4940745,0.0,0.0
2021-03-24,632.7999877929688,639.1500244140625,624.6500244140625,629.0999755859375,600.1431884765625,2938251,0.0,0.0
2021-03-25,634.0,634.2000122070312,611.0,614.8499755859375,586.549072265625,2981311,0.0,0.0
2021-03-26,620.0,634.9500122070312,615.0999755859375,628.2999877929688,599.3800659179688,3557256,0.0,0.0
2021-03-30,630.8499755859375,637.5999755859375,617.5499877929688,628.9000244140625,599.9524536132812,19895244,0.0,0.0
2021-03-31,630.0,645.7000122070312,630.0,638.9000244140625,609.4921875,4424477,0.0,0.0
2021-04-01,641.0,652.9500122070312,640.6500244140625,650.1500244140625,620.224365234375,3844057,0.0,0.0
2021-04-05,651.9500122070312,651.9500122070312,639.2000122070312,644.9500122070312,615.263671875,3568896,0.0,0.0
2021-04-06,645.2000122070312,679.0,638.0999755859375,674.5499877929688,643.501220703125,7636739,0.0,0.0
2021-04-07,674.9500122070312,674.9500122070312,659.1500244140625,665.75,635.106201171875,3898156,0.0,0.0
2021-04-08,667.0499877929688,677.2000122070312,666.7999877929688,670.7000122070312,639.8284301757812,2477848,0.0,0.0
2021-04-09,670.0,685.0,665.0,679.7999877929688,648.509521484375,2566543,0.0,0.0
2021-04-12,675.0,675.5999755859375,650.0,655.5999755859375,625.4234008789062,4201041,0.0,0.0
2021-04-13,657.0,677.9000244140625,656.0,663.9500122070312,633.38916015625,3065417,0.0,0.0
2021-04-15,662.7999877929688,674.0,647.1500244140625,659.2999877929688,628.9530639648438,3193956,0.0,0.0
2021-04-16,662.7999877929688,676.5499877929688,660.2999877929688,671.2999877929688,640.4007568359375,2708331,0.0,0.0
2021-04-19,662.0,668.7999877929688,651.5,664.0999755859375,633.5321655273438,2620095,0.0,0.0
2021-04-20,677.3499755859375,698.0,666.2999877929688,680.0999755859375,648.7957763671875,8230341,0.0,0.0
2021-04-22,680.7000122070312,680.7000122070312,663.0,665.5,634.8677978515625,3013453,0.0,0.0
2021-04-23,667.0,675.7000122070312,661.0,664.5999755859375,634.0091552734375,2329094,0.0,0.0
2021-04-26,667.0,675.0,662.0499877929688,670.2000122070312,639.3515014648438,1845322,0.0,0.0
2021-04-27,674.9500122070312,679.9000244140625,668.0999755859375,673.7000122070312,642.6903686523438,2258769,0.0,0.0
2021-04-28,677.0,693.0,675.0,677.1500244140625,645.9815673828125,3900923,0.0,0.0
2021-04-29,678.3499755859375,680.4500122070312,666.0,671.8499755859375,640.9254150390625,3247095,0.0,0.0
2021-04-30,671.0,678.0,665.0499877929688,669.5,638.6837158203125,2206232,0.0,0.0
2021-05-03,661.8499755859375,682.5,661.0,677.0999755859375,645.9337768554688,1985777,0.0,0.0
2021-05-04,681.0,686.2999877929688,641.5499877929688,645.25,615.5498046875,7400792,0.0,0.0
2021-05-05,649.0,656.0,640.0499877929688,649.0499877929688,619.1749267578125,3332318,0.0,0.0
2021-05-06,652.0,654.9500122070312,638.1500244140625,653.0999755859375,623.0384521484375,4000163,0.0,0.0
2021-05-07,636.0,642.0,614.0,629.0,600.0479125976562,14598653,0.0,0.0
2021-05-10,627.0,636.9500122070312,621.0,633.1500244140625,604.0068359375,5026811,0.0,0.0
2021-05-11,628.0,649.9000244140625,625.0,641.5999755859375,612.06787109375,4619231,0.0,0.0
2021-05-12,645.0,646.7000122070312,631.0999755859375,640.0499877929688,610.5892333984375,3137276,0.0,0.0
2021-05-14,640.5,649.5,638.0499877929688,645.1500244140625,615.4545288085938,2927148,0.0,0.0
2021-05-17,646.0,657.4000244140625,640.0999755859375,653.2999877929688,623.2293090820312,2659352,0.0,0.0
2021-05-18,658.0,658.0,648.0,653.0,622.9431762695312,2267368,0.0,0.0
2021-05-19,652.0,661.0,650.7000122070312,653.2000122070312,623.1339111328125,3202046,0.0,0.0
2021-05-20,656.0,656.0,640.0999755859375,644.9000244140625,615.2159423828125,2102743,0.0,0.0
2021-05-21,645.0499877929688,652.5,644.2999877929688,649.7000122070312,619.7950439453125,1833201,0.0,0.0
2021-05-24,650.0,654.7000122070312,638.5,640.0999755859375,610.6368408203125,2669967,0.0,0.0
2021-05-25,641.0,652.0,641.0,649.9500122070312,620.0335693359375,2085253,0.0,0.0
2021-05-26,652.0,655.0,640.6500244140625,641.9000244140625,612.3541259765625,2314694,0.0,0.0
2021-05-27,643.5,652.0,641.1500244140625,648.5499877929688,618.6979370117188,3543940,0.0,0.0
2021-05-28,650.5,657.7000122070312,646.2999877929688,654.9500122070312,624.8034057617188,2881977,0.0,0.0
2021-05-31,659.9500122070312,665.0,650.2000122070312,663.8499755859375,633.2936401367188,3417033,0.0,0.0
2021-06-01,665.7999877929688,667.25,656.7999877929688,665.7999877929688,635.1539916992188,2355484,0.0,0.0
2021-06-02,665.5,674.75,660.1500244140625,673.5499877929688,642.5471801757812,3021421,0.0,0.0
2021-06-03,676.0,683.0,673.25,680.0,648.700439453125,2485855,0.0,0.0
2021-06-04,680.8499755859375,689.9500122070312,675.0,686.9500122070312,655.3304443359375,2398771,0.0,0.0
2021-06-07,690.0,707.0,687.2999877929688,699.9500122070312,667.7320556640625,3511853,0.0,0.0
2021-06-08,705.1500244140625,715.4000244140625,701.5999755859375,710.4500122070312,677.748779296875,3981598,0.0,0.0
2021-06-09,712.2999877929688,714.8499755859375,700.75,702.8499755859375,670.49853515625,3039558,0.0,0.0
2021-06-10,704.2999877929688,718.75,704.0,707.7000122070312,678.9898681640625,2571253,4.000278,0.0
2021-06-11,714.1500244140625,717.3499755859375,709.5,715.4000244140625,686.3775024414062,2171601,0.0,0.0
2021-06-14,715.4000244140625,717.0,702.5999755859375,714.75,685.7537841796875,1798953,0.0,0.0
2021-06-15,718.0,724.0999755859375,715.4000244140625,719.5,690.3111572265625,2387652,0.0,0.0
2021-06-16,724.0,737.75,721.0,735.9000244140625,706.0458374023438,4134529,0.0,0.0
2021-06-17,730.5499877929688,747.2999877929688,724.8499755859375,745.0,714.7766723632812,4167585,0.0,0.0
2021-06-18,746.0,747.4500122070312,732.0999755859375,739.7999877929688,709.7876586914062,3762934,0.0,0.0
2021-06-21,729.0,743.9500122070312,727.8499755859375,742.5499877929688,712.426025390625,1594856,0.0,0.0
2021-06-22,748.0,758.75,742.3499755859375,756.7000122070312,726.0020141601562,3346784,0.0,0.0
2021-06-23,760.0,765.0,751.8499755859375,757.8499755859375,727.1053466796875,2952360,0.0,0.0
2021-06-24,762.0,763.7999877929688,754.0,757.4500122070312,726.7215576171875,1668843,0.0,0.0
2021-06-25,755.0,763.4500122070312,753.5,757.5999755859375,726.865478515625,1588289,0.0,0.0
2021-06-28,762.0,769.7000122070312,759.0,765.6500244140625,734.5889892578125,1486902,0.0,0.0
2021-06-29,766.4000244140625,771.9000244140625,755.8499755859375,758.0499877929688,727.2971801757812,1506378,0.0,0.0
2021-06-30,765.0,768.3499755859375,749.4000244140625,754.4000244140625,723.7953491210938,1733070,0.0,0.0
2021-07-01,755.7999877929688,760.0,750.0,756.0499877929688,725.3782958984375,1914434,0.0,0.0
2021-07-02,757.9000244140625,768.7999877929688,753.2000122070312,763.5999755859375,732.6220703125,1916135,0.0,0.0
2021-07-05,770.4500122070312,771.5,765.0,766.2999877929688,735.2125244140625,1020895,0.0,0.0
2021-07-06,768.0,769.0,758.0,762.5999755859375,731.66259765625,1411602,0.0,0.0
2021-07-07,759.0,766.0499877929688,751.25,763.0499877929688,732.094482421875,2104914,0.0,0.0
2021-07-08,762.9500122070312,766.0,757.0,763.2999877929688,732.3342895507812,1540033,0.0,0.0
2021-07-09,763.0,772.75,759.7000122070312,765.9500122070312,734.876708984375,1151792,0.0,0.0
2021-07-12,771.0,786.8499755859375,769.0999755859375,775.9000244140625,744.4231567382812,2992685,0.0,0.0
2021-07-13,780.9000244140625,780.9000244140625,766.7000122070312,772.8499755859375,741.4967651367188,1500414,0.0,0.0
2021-07-14,773.5999755859375,776.7000122070312,763.4000244140625,768.2000122070312,737.0355224609375,1094262,0.0,0.0
2021-07-15,769.0,774.5999755859375,763.5,772.3499755859375,741.01708984375,965602,0.0,0.0
2021-07-16,772.3499755859375,774.9500122070312,761.4000244140625,763.0,732.0464477539062,980383,0.0,0.0
2021-07-19,761.0,770.0,758.5499877929688,765.5499877929688,734.4929809570312,1695546,0.0,0.0
2021-07-20,762.0,768.0,747.0,757.0999755859375,726.3856811523438,2195159,0.0,0.0
2021-07-22,763.5,765.9000244140625,755.0999755859375,764.2000122070312,733.19775390625,1464419,0.0,0.0
2021-07-23,767.1500244140625,777.0,766.0,775.1500244140625,743.7035522460938,2021122,0.0,0.0
2021-07-26,780.25,786.0,770.7999877929688,776.3499755859375,744.8547973632812,2154261,0.0,0.0
2021-07-27,780.4000244140625,788.1500244140625,764.0,769.75,738.5225830078125,2001824,0.0,0.0
2021-07-28,768.9500122070312,770.0,739.2000122070312,754.9000244140625,724.2750244140625,3112462,0.0,0.0
2021-07-29,755.0,759.9000244140625,748.5,751.2000122070312,720.72509765625,1742057,0.0,0.0
2021-07-30,752.0,762.0,745.2000122070312,756.25,725.5701904296875,1613176,0.0,0.0
2021-08-02,763.0,771.0,756.5999755859375,759.5499877929688,728.7364501953125,2054226,0.0,0.0
2021-08-03,760.0,770.75,759.5499877929688,767.6500244140625,736.5078735351562,2946289,0.0,0.0
2021-08-04,770.0,770.0,755.1500244140625,758.75,727.9688720703125,5426419,0.0,0.0
2021-08-05,761.0,770.7000122070312,757.2999877929688,768.3499755859375,737.1793212890625,2469893,0.0,0.0
2021-08-06,773.0,798.3499755859375,772.0,781.3499755859375,749.6519775390625,7849735,0.0,0.0
2021-08-09,783.4500122070312,783.4500122070312,763.0,764.8499755859375,733.8214111328125,1661739,0.0,0.0
2021-08-10,765.9000244140625,774.5499877929688,761.0499877929688,771.9000244140625,740.58544921875,1429806,0.0,0.0
2021-08-11,771.9000244140625,774.2000122070312,752.0,765.0,733.9652709960938,1391781,0.0,0.0
2021-08-12,765.6500244140625,776.2000122070312,763.0,774.25,742.8400268554688,880420,0.0,0.0
2021-08-13,777.0,810.7999877929688,774.2999877929688,807.4500122070312,774.6931762695312,7956492,0.0,0.0
2021-08-16,807.4000244140625,815.4500122070312,800.0999755859375,802.1500244140625,769.6082153320312,2604160,0.0,0.0
2021-08-17,805.0,835.0,805.0,832.7999877929688,799.0147705078125,7580699,0.0,0.0
2021-08-18,839.25,844.8499755859375,830.1500244140625,841.4000244140625,807.2659301757812,3048603,0.0,0.0
2021-08-20,832.9500122070312,852.4000244140625,826.7000122070312,847.2999877929688,812.9265747070312,3782381,0.0,0.0
2021-08-23,849.6500244140625,849.7000122070312,823.0,832.5,798.7269897460938,2161681,0.0,0.0
2021-08-24,833.5,840.4500122070312,827.0,836.9000244140625,802.9484252929688,1170096,0.0,0.0
2021-08-25,836.0999755859375,850.6500244140625,833.25,836.0,802.0849609375,1777820,0.0,0.0
2021-08-26,842.0,856.7999877929688,834.5499877929688,853.2999877929688,818.68310546875,2464570,0.0,0.0
2021-08-27,853.9500122070312,860.9000244140625,844.0,847.9500122070312,813.5501708984375,2366396,0.0,0.0
2021-08-30,850.0,862.75,850.0,860.5,825.5910034179688,1875514,0.0,0.0
2021-08-31,862.0,867.7000122070312,856.4500122070312,864.9500122070312,829.8605346679688,2132008,0.0,0.0
2021-09-01,871.0999755859375,874.7000122070312,852.2999877929688,867.4500122070312,832.259033203125,2051666,0.0,0.0
2021-09-02,866.4000244140625,875.0,862.0499877929688,871.4500122070312,836.0968627929688,1314628,0.0,0.0
2021-09-03,873.5499877929688,873.5499877929688,862.1500244140625,869.8499755859375,834.5616455078125,1075187,0.0,0.0
2021-09-06,869.8499755859375,877.6500244140625,863.0,870.0499877929688,834.7536010742188,985142,0.0,0.0
2021-09-07,870.0,889.0,864.9500122070312,868.2999877929688,833.0745849609375,2840271,0.0,0.0
2021-09-08,874.2999877929688,881.3499755859375,855.5499877929688,879.7999877929688,844.1080322265625,1601842,0.0,0.0
2021-09-09,875.0,887.5499877929688,872.5499877929688,875.5999755859375,840.0784301757812,1685368,0.0,0.0
2021-09-13,876.7999877929688,884.0,870.7000122070312,882.0999755859375,846.3147583007812,1064009,0.0,0.0
2021-09-14,884.7999877929688,885.9000244140625,877.5999755859375,881.2999877929688,845.5471801757812,622424,0.0,0.0
2021-09-15,885.0,887.4000244140625,870.5,871.5499877929688,836.1926879882812,1945751,0.0,0.0
2021-09-16,873.5,883.0,871.3499755859375,874.0,838.54345703125,1294536,0.0,0.0
2021-09-17,879.9000244140625,881.0,866.2999877929688,874.1500244140625,838.687255859375,1829129,0.0,0.0
2021-09-20,870.0499877929688,876.9500122070312,855.0,857.0,822.2330322265625,1081450,0.0,0.0
2021-09-21,855.0,864.4500122070312,851.0,858.9000244140625,824.0559692382812,1478291,0.0,0.0
2021-09-22,862.0,863.3499755859375,851.9000244140625,854.1500244140625,819.4987182617188,982114,0.0,0.0
2021-09-23,857.1500244140625,859.75,849.0499877929688,850.6500244140625,816.1405639648438,1464265,0.0,0.0
2021-09-24,850.6500244140625,852.0,834.0,836.75,802.8045654296875,2846056,0.0,0.0
2021-09-27,837.0999755859375,842.4000244140625,829.0,835.0499877929688,801.1734619140625,1433229,0.0,0.0
2021-09-28,837.0,837.4000244140625,817.0,822.7000122070312,789.3245239257812,1933307,0.0,0.0
2021-09-29,824.5,829.4000244140625,811.0,823.4500122070312,790.0441284179688,2156442,0.0,0.0
2021-09-30,823.0,823.9500122070312,810.8499755859375,813.5999755859375,780.5936889648438,1622014,0.0,0.0
2021-10-01,812.9000244140625,820.0,796.0,801.25,768.74462890625,1989799,0.0,0.0
2021-10-04,805.0499877929688,817.25,801.75,814.2999877929688,781.2652587890625,1709463,0.0,0.0
2021-10-05,815.0,819.2000122070312,799.7000122070312,801.4500122070312,768.9365844726562,3499870,0.0,0.0
2021-10-06,809.3499755859375,834.0,803.0,820.6500244140625,787.357666015625,5215518,0.0,0.0
2021-10-07,828.0,830.7000122070312,821.3499755859375,824.5499877929688,791.0994262695312,1500439,0.0,0.0
2021-10-08,826.9000244140625,828.9500122070312,812.4500122070312,818.75,785.5347900390625,1747911,0.0,0.0
2021-10-11,821.4000244140625,826.5,813.0,816.25,783.1361694335938,1772719,0.0,0.0
2021-10-12,817.5,823.0,813.5999755859375,816.1500244140625,783.040283203125,1246493,0.0,0.0
2021-10-13,820.0,854.0,818.0499877929688,848.1500244140625,813.7421264648438,7233280,0.0,0.0
2021-10-14,859.9500122070312,860.0,846.0,849.5999755859375,815.1331787109375,2352197,0.0,0.0
2021-10-18,863.0,863.0,842.0499877929688,843.9500122070312,809.7124633789062,1914236,0.0,0.0
2021-10-19,849.0,862.0,840.0999755859375,843.2999877929688,809.0888061523438,1915361,0.0,0.0
2021-10-20,841.0,851.9000244140625,822.5499877929688,826.9500122070312,793.402099609375,1535158,0.0,0.0
2021-10-21,837.1500244140625,838.75,808.0,814.7999877929688,781.7449340820312,2257911,0.0,0.0
2021-10-22,818.6500244140625,821.7999877929688,790.0,795.25,762.9880981445312,2948977,0.0,0.0
2021-10-25,793.0,800.5999755859375,773.5999755859375,788.9500122070312,756.9436645507812,2954698,0.0,0.0
2021-10-26,786.0999755859375,811.9000244140625,786.0999755859375,808.9000244140625,776.0843505859375,1776800,0.0,0.0
2021-10-27,812.0,821.2000122070312,809.6500244140625,818.75,785.5347900390625,1930632,0.0,0.0
2021-10-28,818.0,822.5499877929688,805.9500122070312,809.7000122070312,776.8518676757812,1822874,0.0,0.0
2021-10-29,807.0,818.5,794.1500244140625,809.5,776.6599731445312,2220844,0.0,0.0
2021-11-01,821.5,830.0,806.0,824.9000244140625,791.4352416992188,1552830,0.0,0.0
2021-11-02,827.9000244140625,836.0,822.7999877929688,833.7999877929688,799.9741821289062,1251565,0.0,0.0
2021-11-03,833.0,839.0,820.0499877929688,826.9000244140625,793.3541259765625,1044563,0.0,0.0
2021-11-04,834.0,834.5999755859375,826.0,827.4000244140625,793.8338012695312,175837,0.0,0.0
2021-11-08,830.0,838.2000122070312,817.0499877929688,836.3499755859375,802.4207153320312,891122,0.0,0.0
2021-11-09,835.9000244140625,841.5,826.0,835.6500244140625,801.7492065429688,1481130,0.0,0.0
2021-11-10,837.0499877929688,846.0,830.75,842.4000244140625,808.225341796875,1371873,0.0,0.0
2021-11-11,842.1500244140625,842.1500244140625,823.4000244140625,837.6500244140625,803.6680908203125,1411243,0.0,0.0
2021-11-12,842.25,852.8499755859375,840.0,847.9000244140625,813.5023193359375,1180441,0.0,0.0
2021-11-15,852.5,858.0,847.4500122070312,852.5499877929688,817.9635620117188,1190768,0.0,0.0
2021-11-16,855.9000244140625,858.0,830.0499877929688,833.4000244140625,799.5903930664062,1669041,0.0,0.0
2021-11-17,833.9000244140625,847.3499755859375,832.5,836.4000244140625,802.4686889648438,1439354,0.0,0.0
2021-11-18,837.2000122070312,843.0,822.2999877929688,832.0499877929688,798.2951049804688,1132067,0.0,0.0
2021-11-22,832.0499877929688,839.0499877929688,807.4500122070312,812.75,779.7781982421875,1951384,0.0,0.0
2021-11-23,802.0,823.8499755859375,802.0,820.9500122070312,787.6455078125,1025086,0.0,0.0
2021-11-24,824.0,830.0,796.0,798.9500122070312,766.5379638671875,1634131,0.0,0.0
2021-11-25,799.0,810.5,795.5999755859375,807.7999877929688,775.0289306640625,1767252,0.0,0.0
2021-11-26,800.2000122070312,805.0,763.1500244140625,766.7000122070312,735.5963745117188,2616604,0.0,0.0
2021-11-29,766.75,774.9000244140625,749.25,766.0,734.9246826171875,1584564,0.0,0.0
2021-11-30,765.0,789.6500244140625,764.2000122070312,778.5999755859375,747.0135498046875,3529356,0.0,0.0
2021-12-01,789.9000244140625,790.8499755859375,767.4500122070312,772.7999877929688,741.4488525390625,1263844,0.0,0.0
2021-12-02,772.7999877929688,780.9000244140625,763.5499877929688,773.25,741.880615234375,1766820,0.0,0.0
2021-12-03,767.5,781.0,767.0999755859375,774.2999877929688,742.8878784179688,1408239,0.0,0.0
2021-12-06,777.0,778.0,745.5499877929688,747.5999755859375,717.2711791992188,1654143,0.0,0.0
2021-12-07,758.3499755859375,765.5,744.0,760.7000122070312,729.8397827148438,1741795,0.0,0.0
2021-12-08,758.5999755859375,773.6500244140625,758.5999755859375,772.1500244140625,740.8253173828125,1002435,0.0,0.0
2021-12-09,773.0,779.0499877929688,766.0499877929688,777.5,745.9581298828125,935828,0.0,0.0
2021-12-10,781.6500244140625,781.9500122070312,765.3499755859375,769.6500244140625,738.4266357421875,1412794,0.0,0.0
2021-12-13,774.0,777.25,752.0,754.0999755859375,723.5075073242188,1944410,0.0,0.0
2021-12-14,753.0,753.9500122070312,732.4000244140625,739.5,709.4998168945312,2333787,0.0,0.0
2021-12-15,742.0,750.5,735.2000122070312,746.2999877929688,716.02392578125,1676700,0.0,0.0
2021-12-16,747.0,750.0,735.2999877929688,740.25,710.2192993164062,1452909,0.0,0.0
2021-12-17,738.0,738.7999877929688,721.0499877929688,726.3499755859375,696.88330078125,1693819,0.0,0.0
2021-12-20,717.4500122070312,719.5499877929688,696.5999755859375,709.5499877929688,680.7647705078125,2520192,0.0,0.0
2021-12-21,710.5499877929688,725.5999755859375,704.7999877929688,705.7000122070312,677.0709838867188,2695789,0.0,0.0
2021-12-22,706.2000122070312,717.5499877929688,703.7999877929688,714.9500122070312,685.9457397460938,1035751,0.0,0.0
2021-12-23,720.0,729.5999755859375,712.25,726.75,697.26708984375,1095354,0.0,0.0
2021-12-24,729.0,729.0,714.0,718.9500122070312,689.7835083007812,931510,0.0,0.0
2021-12-27,710.0,724.5,706.75,718.5,689.3516845703125,691930,0.0,0.0
2021-12-28,722.2999877929688,729.5499877929688,719.4000244140625,726.9500122070312,697.4589233398438,819253,0.0,0.0
2021-12-29,728.0,728.9000244140625,720.0,726.6500244140625,697.1710815429688,783940,0.0,0.0
2021-12-30,729.0,737.8499755859375,725.2999877929688,728.0,698.46630859375,2230935,0.0,0.0
2021-12-31,730.0,745.0,729.0499877929688,743.4500122070312,713.2894897460938,865277,0.0,0.0
2022-01-03,747.0,749.4000244140625,740.0,748.0,717.6549682617188,925699,0.0,0.0
2022-01-04,752.0,756.7000122070312,731.0499877929688,738.8499755859375,708.8760375976562,2352482,0.0,0.0
2022-01-05,740.25,743.5,726.5,733.5999755859375,703.839111328125,2076552,0.0,0.0
2022-01-06,733.0,734.9500122070312,722.5499877929688,725.4500122070312,696.0197143554688,2077754,0.0,0.0
2022-01-07,725.4500122070312,744.6500244140625,725.0499877929688,736.0999755859375,706.2377319335938,2107056,0.0,0.0
2022-01-10,740.4500122070312,743.0,731.0,731.9000244140625,702.2081298828125,1592097,0.0,0.0
2022-01-11,736.4500122070312,743.5999755859375,730.75,738.6500244140625,708.6842651367188,1905347,0.0,0.0
2022-01-12,743.0,743.2999877929688,733.1500244140625,736.0999755859375,706.2377319335938,1817215,0.0,0.0
2022-01-13,737.0,739.4500122070312,723.5999755859375,730.2000122070312,700.5770874023438,1604671,0.0,0.0
2022-01-14,730.2000122070312,777.0,727.0,762.5,731.5667114257812,8733345,0.0,0.0
2022-01-17,768.0,771.3499755859375,759.25,765.0999755859375,734.0612182617188,1857366,0.0,0.0
2022-01-18,763.7999877929688,770.0,728.4000244140625,731.4500122070312,701.7763671875,2674149,0.0,0.0
2022-01-19,734.9500122070312,738.0,714.0,717.6500244140625,688.5362548828125,2426249,0.0,0.0
2022-01-20,728.0499877929688,746.25,717.2000122070312,723.4500122070312,694.100830078125,5297725,0.0,0.0
2022-01-21,721.0,742.9500122070312,712.0,726.5499877929688,697.0751342773438,4854277,0.0,0.0
2022-01-24,725.0,725.0,688.5,691.4500122070312,663.3990478515625,3114690,0.0,0.0
2022-01-25,690.0,709.9500122070312,675.0,707.75,679.0377807617188,2030546,0.0,0.0
2022-01-27,700.0,709.5,687.5,705.9500122070312,677.3108520507812,3118535,0.0,0.0
2022-01-28,706.5,729.9000244140625,706.5,717.9000244140625,688.7760620117188,2074152,0.0,0.0
2022-01-31,726.0,736.9500122070312,722.0499877929688,727.2999877929688,697.794677734375,1682459,0.0,0.0
2022-02-01,732.0,739.0,717.0499877929688,736.0999755859375,706.2377319335938,2063749,0.0,0.0
2022-02-02,741.5999755859375,744.9000244140625,734.5999755859375,742.4500122070312,712.3301391601562,1771997,0.0,0.0
2022-02-03,750.0,769.0,733.3499755859375,738.0999755859375,708.1566162109375,8154082,0.0,0.0
2022-02-04,741.0,746.5499877929688,722.2000122070312,733.7999877929688,704.031005859375,1931658,0.0,0.0
2022-02-07,729.0,736.75,702.0499877929688,704.7999877929688,676.2074584960938,1908753,0.0,0.0
2022-02-08,705.0999755859375,710.0,691.3499755859375,697.0999755859375,668.81982421875,2410446,0.0,0.0
2022-02-09,706.0,709.0,696.5499877929688,700.2000122070312,671.7941284179688,2206837,0.0,0.0
2022-02-10,706.25,711.0,699.0,706.7000122070312,678.0304565429688,1770292,0.0,0.0
2022-02-11,695.0,703.0999755859375,690.0,701.0,672.5617065429688,2013324,0.0,0.0
2022-02-14,689.0,700.7999877929688,684.0499877929688,694.2999877929688,666.1334228515625,2069409,0.0,0.0
2022-02-15,693.0,706.0,689.1500244140625,702.0,673.52099609375,2209622,0.0,0.0
2022-02-16,705.5,708.3499755859375,696.0499877929688,701.0,672.5617065429688,1217196,0.0,0.0
2022-02-17,701.5,726.1500244140625,701.5,720.3499755859375,691.126708984375,3442092,0.0,0.0
2022-02-18,715.5999755859375,724.5999755859375,712.2000122070312,717.5,688.392333984375,1686289,0.0,0.0
2022-02-21,710.5,721.3499755859375,704.5,713.2000122070312,684.2667846679688,1542807,0.0,0.0
2022-02-22,690.0,716.9000244140625,690.0,715.2000122070312,686.1857299804688,1861977,0.0,0.0
2022-02-23,715.0,731.2000122070312,714.0999755859375,723.25,693.9089965820312,1816654,0.0,0.0
2022-02-24,699.0,714.5499877929688,674.0499877929688,677.7000122070312,650.2069091796875,3091298,0.0,0.0
2022-02-25,690.0,713.3499755859375,685.5999755859375,709.5,680.7168579101562,1771881,0.0,0.0
2022-02-28,699.5,720.7999877929688,694.5499877929688,718.5999755859375,689.4475708007812,1935344,0.0,0.0
2022-03-02,711.9500122070312,718.5999755859375,701.5499877929688,711.0,682.156005859375,1938441,0.0,0.0
2022-03-03,712.1500244140625,718.75,684.5499877929688,687.0499877929688,659.1776123046875,2112330,0.0,0.0
2022-03-04,688.4000244140625,688.4000244140625,657.5,669.9500122070312,642.7713012695312,2833168,0.0,0.0
2022-03-07,659.0,673.5,650.2000122070312,659.8499755859375,633.0809936523438,2137318,0.0,0.0
2022-03-08,659.0,687.75,658.0,683.7000122070312,655.9634399414062,2850859,0.0,0.0
2022-03-09,685.0,705.9000244140625,678.2999877929688,699.1500244140625,670.7866821289062,1920634,0.0,0.0
2022-03-10,705.5499877929688,727.5,705.5499877929688,724.2000122070312,694.8204956054688,2574455,0.0,0.0
2022-03-11,724.2999877929688,726.0499877929688,707.4500122070312,716.4500122070312,687.3848876953125,2305707,0.0,0.0
2022-03-14,720.0,724.0,709.6500244140625,722.25,692.9495239257812,1584725,0.0,0.0
2022-03-15,724.0,774.0,723.75,748.5999755859375,718.2305297851562,9386502,0.0,0.0
2022-03-16,754.0,755.5499877929688,740.5999755859375,747.8499755859375,717.5110473632812,1959778,0.0,0.0
2022-03-17,758.0,774.4500122070312,754.25,772.2999877929688,740.9690551757812,3099238,0.0,0.0
2022-03-21,772.0,773.8499755859375,745.2999877929688,747.7999877929688,717.4630737304688,1889226,0.0,0.0
2022-03-22,750.0,758.0,731.4000244140625,752.9000244140625,722.3561401367188,3047970,0.0,0.0
2022-03-23,759.5,760.0,745.0999755859375,748.7999877929688,718.4224243164062,1103251,0.0,0.0
2022-03-24,748.0,751.5999755859375,738.7000122070312,740.5,710.459228515625,1179087,0.0,0.0
2022-03-25,740.0,740.0,708.5999755859375,733.3499755859375,703.5991821289062,2968621,0.0,0.0
2022-03-28,734.0,746.2000122070312,728.1500244140625,741.25,711.1787719726562,1833105,0.0,0.0
2022-03-29,742.0,747.75,735.5999755859375,743.2000122070312,713.0496215820312,985708,0.0,0.0
2022-03-30,750.0,782.75,749.0,765.8499755859375,734.7808227539062,8328100,0.0,0.0
2022-03-31,767.9500122070312,780.0,765.9000244140625,777.4000244140625,745.8623046875,2892133,0.0,0.0
2022-04-01,779.9500122070312,792.5,779.0,789.7999877929688,757.7592163085938,3082307,0.0,0.0
2022-04-04,792.0,795.0,781.75,788.0999755859375,756.1281127929688,1565651,0.0,0.0
2022-04-05,791.0,810.0,788.2000122070312,806.6500244140625,773.9255981445312,2912280,0.0,0.0
2022-04-06,810.4500122070312,812.5,797.0499877929688,809.25,776.420166015625,2004175,0.0,0.0
2022-04-07,809.0,818.2999877929688,802.0499877929688,804.9000244140625,772.2466430664062,1965237,0.0,0.0
2022-04-08,810.5,819.8499755859375,804.0,817.7000122070312,784.5274047851562,1406219,0.0,0.0
2022-04-11,817.7000122070312,824.0,809.5,821.5,788.173095703125,1231236,0.0,0.0
2022-04-12,821.5,822.8499755859375,802.5499877929688,812.0999755859375,779.1544799804688,1193490,0.0,0.0
2022-04-13,812.0999755859375,823.5,811.0499877929688,817.5999755859375,784.431396484375,1036739,0.0,0.0
2022-04-18,816.2000122070312,824.9000244140625,809.0,822.2999877929688,788.9407348632812,1480954,0.0,0.0
2022-04-19,825.0,836.8499755859375,784.8499755859375,791.3499755859375,759.246337890625,2460482,0.0,0.0
2022-04-20,800.0,813.4500122070312,792.0999755859375,810.4500122070312,777.5714721679688,1522453,0.0,0.0
2022-04-21,812.0,822.0,804.25,820.0499877929688,786.781982421875,1344250,0.0,0.0
2022-04-22,818.0,821.5999755859375,803.0999755859375,815.5999755859375,782.5125122070312,1880668,0.0,0.0
2022-04-25,802.0,809.9000244140625,789.5499877929688,792.75,760.5895385742188,1193621,0.0,0.0
2022-04-26,798.25,824.3499755859375,795.0,822.0499877929688,788.7008666992188,1285209,0.0,0.0
2022-04-27,814.9000244140625,817.8499755859375,796.2999877929688,798.5999755859375,766.2020874023438,1186809,0.0,0.0
2022-04-28,810.8499755859375,819.0,799.5999755859375,811.6500244140625,778.7227783203125,1802590,0.0,0.0
2022-04-29,815.0,835.25,813.0,823.75,790.3318481445312,2268921,0.0,0.0
2022-05-02,823.2999877929688,828.6500244140625,810.0,824.4000244140625,790.95556640625,1439813,0.0,0.0
2022-05-04,824.4000244140625,832.0,800.7999877929688,803.2999877929688,770.7115478515625,1817504,0.0,0.0
2022-05-05,810.0,812.0,772.5,776.3499755859375,744.8547973632812,5079723,0.0,0.0
2022-05-06,770.0,778.5,762.9500122070312,764.9500122070312,733.9172973632812,2003395,0.0,0.0
2022-05-09,763.0,768.0,754.0,758.25,727.4890747070312,1742459,0.0,0.0
2022-05-10,759.4500122070312,772.4500122070312,743.0499877929688,745.7999877929688,715.5442504882812,1326184,0.0,0.0
2022-05-11,745.7999877929688,758.7999877929688,738.0,744.0999755859375,713.9131469726562,1287768,0.0,0.0
2022-05-12,742.0,748.0,728.0,738.0499877929688,708.1085205078125,1488552,0.0,0.0
2022-05-13,747.0,761.25,735.0499877929688,737.5999755859375,707.6768798828125,1481400,0.0,0.0
2022-05-16,739.0,744.4500122070312,730.0,735.5,705.6620483398438,829085,0.0,0.0
2022-05-17,737.0,742.75,721.0499877929688,734.25,704.4627685546875,2536701,0.0,0.0
2022-05-18,736.8499755859375,757.9000244140625,733.7999877929688,754.2999877929688,723.6993408203125,2750146,0.0,0.0
2022-05-19,745.0,746.4500122070312,718.6500244140625,721.2999877929688,692.0380859375,1504820,0.0,0.0
2022-05-20,735.0,742.75,731.4000244140625,739.5999755859375,709.595703125,1205301,0.0,0.0
2022-05-23,745.0,748.75,728.0499877929688,729.7000122070312,700.0973510742188,970827,0.0,0.0
2022-05-24,735.0,738.0,710.0,715.1500244140625,686.1375732421875,1513724,0.0,0.0
2022-05-25,719.7000122070312,723.9500122070312,710.0499877929688,716.2000122070312,687.1450805664062,822598,0.0,0.0
2022-05-26,722.2999877929688,724.8499755859375,698.0,722.25,692.9495239257812,1339748,0.0,0.0
2022-05-27,730.0,731.5999755859375,722.5999755859375,725.4500122070312,696.0197143554688,1039408,0.0,0.0
2022-05-30,731.0,753.0,729.0999755859375,750.1500244140625,719.7177734375,1145649,0.0,0.0
2022-05-31,753.0,779.9500122070312,743.0,759.75,728.9282836914062,6125585,0.0,0.0
2022-06-01,760.0,780.5,757.75,761.0999755859375,730.2234497070312,1641729,0.0,0.0
2022-06-02,757.0,760.5,747.0,758.25,727.4890747070312,630109,0.0,0.0
2022-06-03,760.0,771.0,752.0499877929688,753.9000244140625,723.3156127929688,1747685,0.0,0.0
2022-06-06,756.75,770.0,745.2999877929688,763.6500244140625,732.6701049804688,1441390,0.0,0.0
2022-06-07,762.0,762.0,746.0999755859375,756.5999755859375,725.906005859375,1346609,0.0,0.0
2022-06-08,754.3499755859375,764.8499755859375,739.0999755859375,757.1500244140625,726.4337768554688,2461233,0.0,0.0
2022-06-09,749.0,759.2000122070312,742.2999877929688,754.4000244140625,729.55322265625,882672,5.975724,0.0
2022-06-10,750.0,771.4000244140625,747.0499877929688,756.5999755859375,731.6807250976562,3230970,0.0,0.0
2022-06-13,752.0,754.1500244140625,726.0,735.9500122070312,711.7108764648438,1455794,0.0,0.0
2022-06-14,734.0,749.0,731.6500244140625,735.8499755859375,711.6141967773438,1209734,0.0,0.0
2022-06-15,739.0,746.4500122070312,732.5,737.75,713.45166015625,842942,0.0,0.0
2022-06-16,748.75,748.75,719.0499877929688,724.9500122070312,701.0732421875,1060953,0.0,0.0
2022-06-17,723.0499877929688,728.5,708.7999877929688,711.6500244140625,688.2113037109375,1329315,0.0,0.0
2022-06-20,718.4500122070312,722.75,705.0,716.8499755859375,693.2399291992188,1028878,0.0,0.0
2022-06-21,720.0,733.0,720.0,727.25,703.2974243164062,816577,0.0,0.0
2022-06-22,727.0,727.0,707.0,708.9500122070312,685.6002197265625,1190195,0.0,0.0
2022-06-23,710.0,719.7000122070312,706.75,718.4500122070312,694.7872924804688,714841,0.0,0.0
2022-06-24,722.0,735.0,720.0999755859375,729.0,704.98974609375,1013159,0.0,0.0
2022-06-27,735.0999755859375,737.0999755859375,724.5,729.4000244140625,705.3766479492188,695465,0.0,0.0
2022-06-28,730.0,740.0,722.0999755859375,736.8499755859375,712.5811767578125,878300,0.0,0.0
2022-06-29,730.0499877929688,743.7999877929688,716.0,720.0,696.2861938476562,1741451,0.0,0.0
2022-06-30,722.0,722.0,703.0999755859375,706.3499755859375,683.0857543945312,2030048,0.0,0.0
2022-07-01,700.0,722.9500122070312,697.0,719.5499877929688,695.85107421875,954981,0.0,0.0
2022-07-04,723.0,731.8499755859375,714.5499877929688,730.1500244140625,706.1018676757812,1281683,0.0,0.0
2022-07-05,732.0,739.25,726.0999755859375,729.0499877929688,705.0381469726562,1367769,0.0,0.0
2022-07-06,721.25,751.8499755859375,721.25,749.9500122070312,725.249755859375,1351519,0.0,0.0
2022-07-07,753.0,759.5999755859375,750.0,754.8499755859375,729.9883422851562,2064199,0.0,0.0
2022-07-08,756.5,764.3499755859375,755.0499877929688,761.4000244140625,736.3226928710938,1456394,0.0,0.0
2022-07-11,761.5499877929688,770.0,758.4000244140625,765.9000244140625,740.6744995117188,1287117,0.0,0.0
2022-07-12,760.0,762.0,752.1500244140625,756.4500122070312,731.5357055664062,609080,0.0,0.0
2022-07-13,758.0,768.0,757.0,762.5499877929688,737.4347534179688,697646,0.0,0.0
2022-07-14,765.0,778.7999877929688,759.2999877929688,765.8499755859375,740.6260986328125,1697611,0.0,0.0
2022-07-15,766.25,792.6500244140625,766.25,790.5499877929688,764.5125732421875,3002946,0.0,0.0
2022-07-18,797.7999877929688,797.9500122070312,787.7999877929688,794.3499755859375,768.1873779296875,1335985,0.0,0.0
2022-07-19,790.9000244140625,793.3499755859375,784.2000122070312,787.25,761.3212890625,1184051,0.0,0.0
2022-07-20,791.0,801.2000122070312,787.5,795.0,768.8160400390625,1173216,0.0,0.0
2022-07-21,795.0,820.6500244140625,793.3499755859375,818.2999877929688,791.3486328125,2245980,0.0,0.0
2022-07-22,818.2999877929688,824.0,801.1500244140625,804.0499877929688,777.5679321289062,1746104,0.0,0.0
2022-07-25,804.0499877929688,813.7999877929688,801.25,807.9500122070312,781.3394775390625,940240,0.0,0.0
2022-07-26,805.9000244140625,809.7000122070312,788.25,790.8499755859375,764.8026733398438,1146412,0.0,0.0
2022-07-27,790.0,803.7000122070312,787.0499877929688,801.5999755859375,775.1986083984375,1056918,0.0,0.0
2022-07-28,804.0,809.9000244140625,798.5999755859375,806.5999755859375,780.0339965820312,1192580,0.0,0.0
2022-07-29,809.0,814.7000122070312,803.7999877929688,811.6500244140625,784.9176635742188,867439,0.0,0.0
2022-08-01,812.0,814.5,799.4500122070312,811.0999755859375,784.3857421875,1269287,0.0,0.0
2022-08-02,813.0,826.0,806.25,811.5999755859375,784.8692626953125,2161684,0.0,0.0
2022-08-03,811.5999755859375,815.4000244140625,801.5499877929688,812.75,785.9813842773438,908414,0.0,0.0
2022-08-04,792.2999877929688,798.0,781.0999755859375,789.25,763.25537109375,15358133,0.0,0.0
2022-08-05,785.0499877929688,793.4000244140625,782.0999755859375,784.7999877929688,758.9520263671875,2109882,0.0,0.0
2022-08-08,781.5,793.9000244140625,781.0,788.7000122070312,762.7235107421875,947150,0.0,0.0
2022-08-10,788.7000122070312,793.7000122070312,786.3499755859375,790.5499877929688,764.5125732421875,1185175,0.0,0.0
2022-08-11,794.5499877929688,798.5499877929688,771.5999755859375,773.4500122070312,747.9757690429688,3371339,0.0,0.0
2022-08-12,773.4500122070312,775.9000244140625,760.5499877929688,763.4500122070312,738.3052368164062,2257305,0.0,0.0
2022-08-16,767.2999877929688,780.5999755859375,765.2999877929688,779.5,753.8265380859375,1804736,0.0,0.0
2022-08-17,780.5,796.5499877929688,780.5,793.5,767.3654174804688,3021532,0.0,0.0
2022-08-18,793.0,813.7999877929688,791.0,807.8499755859375,781.2427978515625,3191360,0.0,0.0
2022-08-19,807.1500244140625,809.5,784.0999755859375,786.9500122070312,761.0311279296875,1767351,0.0,0.0
2022-08-22,785.9000244140625,796.9500122070312,780.0999755859375,793.9500122070312,767.8005981445312,2166778,0.0,0.0
2022-08-23,791.9000244140625,811.6500244140625,787.0,809.3499755859375,782.693359375,1890327,0.0,0.0
2022-08-24,805.0,813.0,798.5,805.7000122070312,779.16357421875,1355374,0.0,0.0
2022-08-25,808.0,811.9000244140625,797.5,801.8499755859375,775.4403686523438,1267482,0.0,0.0
2022-08-26,805.9000244140625,810.7999877929688,798.7999877929688,801.9500122070312,775.5371704101562,1254230,0.0,0.0
2022-08-29,790.0,816.7000122070312,783.8499755859375,806.1500244140625,779.5987548828125,2181301,0.0,0.0
2022-08-30,809.0,813.9500122070312,806.2999877929688,809.6500244140625,782.9835205078125,2692962,0.0,0.0
2022-09-01,809.6500244140625,842.0,806.0,838.4000244140625,810.78662109375,6228307,0.0,0.0
2022-09-02,845.0,847.0,830.7000122070312,833.7000122070312,806.241455078125,1885440,0.0,0.0
2022-09-05,834.0,841.1500244140625,829.0499877929688,837.4500122070312,809.867919921875,1553679,0.0,0.0
2022-09-06,841.6500244140625,845.7999877929688,816.0,818.25,791.30029296875,2620566,0.0,0.0
2022-09-07,815.0,827.5,814.0499877929688,825.0999755859375,797.9246215820312,1321905,0.0,0.0
2022-09-08,829.25,831.5999755859375,815.0,819.0999755859375,792.122314453125,1094898,0.0,0.0
2022-09-09,827.0,827.0,813.1500244140625,816.2999877929688,789.41455078125,884012,0.0,0.0
2022-09-12,820.4000244140625,831.0,820.4000244140625,825.5,798.3114624023438,1300582,0.0,0.0
2022-09-13,829.9500122070312,852.0,829.7000122070312,849.0,821.0374755859375,3310733,0.0,0.0
2022-09-14,842.9000244140625,861.1500244140625,838.5499877929688,840.25,812.57568359375,3818926,0.0,0.0
2022-09-15,844.5,848.0,830.2000122070312,837.4000244140625,809.819580078125,1697675,0.0,0.0
2022-09-16,839.7000122070312,839.7000122070312,791.2000122070312,795.2000122070312,769.0094604492188,4786431,0.0,0.0
2022-09-19,799.2000122070312,802.2000122070312,787.3499755859375,793.0,766.8819580078125,1707558,0.0,0.0
2022-09-20,797.0,812.9000244140625,795.9500122070312,804.2000122070312,777.7130126953125,1547208,0.0,0.0
2022-09-21,804.2000122070312,811.0,798.0999755859375,804.2000122070312,777.7130126953125,1082534,0.0,0.0
2022-09-22,800.5499877929688,807.75,788.0,803.2000122070312,776.7459716796875,1255234,0.0,0.0
2022-09-23,803.0,806.2999877929688,779.5,781.5499877929688,755.8089599609375,1229421,0.0,0.0
2022-09-26,779.0,785.9500122070312,762.0,780.8499755859375,755.132080078125,1431943,0.0,0.0
2022-09-27,784.7999877929688,801.4000244140625,781.0499877929688,797.8499755859375,771.5722045898438,1830866,0.0,0.0
2022-09-28,795.9500122070312,804.2000122070312,790.0499877929688,793.6500244140625,767.510498046875,1415083,0.0,0.0
2022-09-29,797.6500244140625,803.7000122070312,790.2999877929688,792.5999755859375,766.4951171875,1136839,0.0,0.0
2022-09-30,791.0,806.0,787.0,802.8499755859375,776.407470703125,1436359,0.0,0.0
2022-10-03,802.8499755859375,804.7999877929688,776.0,777.9500122070312,752.3275756835938,1652675,0.0,0.0
2022-10-04,786.75,792.4500122070312,781.2000122070312,785.1500244140625,759.2904663085938,1238967,0.0,0.0
2022-10-06,790.0,799.5999755859375,784.0999755859375,794.2999877929688,768.1390991210938,2067042,0.0,0.0
2022-10-07,787.9000244140625,793.9000244140625,779.0499877929688,780.9000244140625,755.1804809570312,1053907,0.0,0.0
2022-10-10,769.25,775.0499877929688,755.0,757.1500244140625,732.2127075195312,2334168,0.0,0.0
2022-10-11,758.0,759.8499755859375,740.25,742.5999755859375,718.141845703125,1956824,0.0,0.0
2022-10-12,745.5,759.0,738.7999877929688,757.3499755859375,732.4060668945312,1372962,0.0,0.0
2022-10-13,754.9500122070312,760.2000122070312,749.1500244140625,757.4000244140625,732.4544067382812,1198492,0.0,0.0
2022-10-14,768.9500122070312,768.9500122070312,760.0,761.25,736.1775512695312,1278730,0.0,0.0
2022-10-17,761.25,771.9500122070312,757.2999877929688,763.1500244140625,738.0150146484375,940646,0.0,0.0
2022-10-18,767.0,776.0,763.5499877929688,774.3499755859375,748.84619140625,1361691,0.0,0.0
2022-10-19,774.4500122070312,777.0,761.0999755859375,764.5499877929688,739.368896484375,1115277,0.0,0.0
2022-10-20,761.5499877929688,772.0,755.5,770.7000122070312,745.3163452148438,955562,0.0,0.0
2022-10-21,773.0,780.8499755859375,755.0499877929688,761.6500244140625,736.564453125,1692279,0.0,0.0
2022-10-24,770.0,776.0,764.8499755859375,770.9500122070312,745.55810546875,292558,0.0,0.0
2022-10-25,770.0,776.7999877929688,764.6500244140625,766.9500122070312,741.6898803710938,871995,0.0,0.0
2022-10-27,774.75,779.5,759.5999755859375,770.0499877929688,744.687744140625,1692389,0.0,0.0
2022-10-28,773.4500122070312,773.4500122070312,759.5,761.3499755859375,736.2742309570312,1598314,0.0,0.0
2022-10-31,765.2000122070312,772.4500122070312,761.9000244140625,770.1500244140625,744.7844848632812,997865,0.0,0.0
2022-11-01,773.0,784.5,767.4000244140625,774.8499755859375,749.3296508789062,1893673,0.0,0.0
2022-11-02,776.0,778.2000122070312,764.7000122070312,768.0499877929688,742.7537231445312,1073726,0.0,0.0
2022-11-03,768.0499877929688,770.0,756.6500244140625,762.75,737.628173828125,1573795,0.0,0.0
2022-11-04,761.0,767.0,759.2000122070312,764.2999877929688,739.1271362304688,940199,0.0,0.0
2022-11-07,768.1500244140625,776.4500122070312,764.2999877929688,772.1500244140625,746.7186889648438,1004208,0.0,0.0
2022-11-09,778.5,781.7999877929688,765.8499755859375,770.1500244140625,744.7844848632812,1256533,0.0,0.0
2022-11-10,770.0,771.7000122070312,762.0499877929688,768.7000122070312,743.3822631835938,839329,0.0,0.0
2022-11-11,772.5499877929688,779.8499755859375,770.0499877929688,773.2000122070312,747.7340698242188,921004,0.0,0.0
2022-11-14,773.3499755859375,775.0,766.5,767.75,742.4635009765625,708750,0.0,0.0
2022-11-15,767.75,774.0,763.5,772.75,747.2988891601562,756436,0.0,0.0
2022-11-16,772.75,774.2000122070312,764.7999877929688,769.5499877929688,744.2041625976562,1071710,0.0,0.0
2022-11-17,766.0,789.4500122070312,766.0,786.0,760.1124877929688,2944879,0.0,0.0
2022-11-18,789.3499755859375,793.0,769.25,775.7000122070312,750.151611328125,1417103,0.0,0.0
2022-11-21,774.2999877929688,775.4500122070312,762.2999877929688,770.9500122070312,745.55810546875,760664,0.0,0.0
2022-11-22,771.0,776.9000244140625,766.2000122070312,771.2999877929688,745.8966064453125,868523,0.0,0.0
2022-11-23,773.0999755859375,776.0,765.0,770.1500244140625,744.7844848632812,875779,0.0,0.0
2022-11-24,787.8499755859375,795.0,781.25,792.75,766.64013671875,6211909,0.0,0.0
2022-11-25,798.75,799.5,780.0,789.1500244140625,763.1587524414062,2385612,0.0,0.0
2022-11-28,789.0,808.9000244140625,785.0,804.2999877929688,777.8096923828125,2043706,0.0,0.0
2022-11-29,804.9500122070312,811.9000244140625,803.0499877929688,805.0499877929688,778.5350341796875,1278339,0.0,0.0
2022-11-30,805.0499877929688,821.9500122070312,804.25,818.0499877929688,791.1068115234375,3390682,0.0,0.0
2022-12-01,821.9000244140625,821.9000244140625,810.1500244140625,813.2000122070312,786.4166259765625,966282,0.0,0.0
2022-12-02,810.0,812.5,792.2000122070312,795.5499877929688,769.347900390625,2882169,0.0,0.0
2022-12-05,795.5499877929688,803.0,788.5999755859375,800.5,774.1348876953125,1540201,0.0,0.0
2022-12-06,800.0,800.0,793.5499877929688,797.6500244140625,771.3787841796875,826214,0.0,0.0
2022-12-07,799.9000244140625,806.5,797.0499877929688,799.3499755859375,773.022705078125,2020441,0.0,0.0
2022-12-08,800.5499877929688,807.9500122070312,796.5,804.2000122070312,777.7130126953125,805216,0.0,0.0
2022-12-09,804.2000122070312,809.9000244140625,801.0,803.2999877929688,776.8426513671875,1080966,0.0,0.0
2022-12-12,803.0,813.0,799.2000122070312,810.0499877929688,783.370361328125,948219,0.0,0.0
2022-12-13,812.0,814.4500122070312,804.7000122070312,807.5999755859375,781.0010375976562,1224742,0.0,0.0
2022-12-14,808.4000244140625,817.0,807.3499755859375,815.4500122070312,788.5924682617188,971275,0.0,0.0
2022-12-15,815.4000244140625,815.4500122070312,802.0499877929688,804.9000244140625,778.3899536132812,783051,0.0,0.0
2022-12-16,803.2999877929688,804.9500122070312,795.0,801.5499877929688,775.1502685546875,849333,0.0,0.0
2022-12-19,801.1500244140625,810.0,798.4500122070312,808.8499755859375,782.2098388671875,1120217,0.0,0.0
2022-12-20,808.5,809.9500122070312,800.0999755859375,808.2999877929688,781.6779174804688,677159,0.0,0.0
2022-12-21,809.0,811.9000244140625,801.0,802.5999755859375,776.1657104492188,811513,0.0,0.0
2022-12-22,802.75,809.0,787.0,798.6500244140625,772.3458862304688,1017965,0.0,0.0
2022-12-23,793.0499877929688,797.9000244140625,775.7999877929688,779.0,753.343017578125,1216647,0.0,0.0
2022-12-26,779.0,783.7000122070312,773.0,775.2999877929688,749.7647705078125,1014226,0.0,0.0
2022-12-27,778.7999877929688,781.0,770.5999755859375,777.8499755859375,752.2308349609375,601101,0.0,0.0
2022-12-28,778.0,782.9000244140625,773.1500244140625,780.1500244140625,754.4551391601562,610240,0.0,0.0
2022-12-29,779.0,779.0,763.0999755859375,776.0999755859375,750.5385131835938,1691955,0.0,0.0
2022-12-30,778.0,782.2999877929688,765.0,766.9500122070312,741.6898803710938,715796,0.0,0.0
2023-01-02,769.9000244140625,771.0,758.0999755859375,762.2999877929688,737.1930541992188,1061086,0.0,0.0
2023-01-03,765.0,767.9000244140625,759.0999755859375,767.1500244140625,741.88330078125,785495,0.0,0.0
2023-01-04,767.5,767.5,759.4000244140625,762.25,737.1446533203125,1004383,0.0,0.0
2023-01-05,762.0,781.0,760.0999755859375,763.8499755859375,738.6920166015625,3198519,0.0,0.0
2023-01-06,763.7999877929688,770.8499755859375,759.0499877929688,761.3499755859375,736.2742309570312,603050,0.0,0.0
2023-01-09,765.2000122070312,768.7999877929688,761.0999755859375,766.9500122070312,741.6898803710938,729173,0.0,0.0
2023-01-10,766.9500122070312,772.7999877929688,764.5499877929688,769.25,743.9141235351562,873061,0.0,0.0
2023-01-11,772.0,772.75,755.5,759.2999877929688,734.2918090820312,688374,0.0,0.0
2023-01-12,760.0,763.8499755859375,752.0,754.25,729.4081420898438,763021,0.0,0.0
2023-01-13,755.0999755859375,757.5999755859375,750.0,752.9000244140625,728.1026611328125,1067599,0.0,0.0
2023-01-16,752.0999755859375,755.0,745.0999755859375,747.25,722.6387329101562,838829,0.0,0.0
2023-01-17,744.0,752.7999877929688,741.5999755859375,750.0499877929688,725.3464965820312,1427736,0.0,0.0
2023-01-18,750.0,752.7000122070312,746.5499877929688,750.5,725.7816162109375,747592,0.0,0.0
2023-01-19,750.2000122070312,752.75,737.5999755859375,738.5,714.1769409179688,1140422,0.0,0.0
2023-01-20,738.0,742.9000244140625,736.0,738.4500122070312,714.1284790039062,878832,0.0,0.0
2023-01-23,739.1500244140625,743.9000244140625,734.0,742.4500122070312,717.996826171875,682160,0.0,0.0
2023-01-24,743.8499755859375,749.5,740.0,740.9000244140625,716.4978637695312,653737,0.0,0.0
2023-01-25,740.3499755859375,742.5,731.2000122070312,740.0499877929688,715.6758422851562,868627,0.0,0.0
2023-01-27,740.0499877929688,745.9000244140625,725.7000122070312,735.25,711.033935546875,772860,0.0,0.0
2023-01-30,736.0,740.3499755859375,727.5499877929688,735.6500244140625,711.4207763671875,1295677,0.0,0.0
2023-01-31,736.0,739.4000244140625,725.0499877929688,729.5,705.4732666015625,2189899,0.0,0.0
2023-02-01,737.25,748.4000244140625,731.25,740.7999877929688,716.401123046875,933031,0.0,0.0
2023-02-02,738.7999877929688,742.75,732.7999877929688,737.1500244140625,712.8713989257812,704702,0.0,0.0
2023-02-03,737.1500244140625,741.0,720.4500122070312,726.5999755859375,702.6688232421875,1752697,0.0,0.0
2023-02-06,728.4000244140625,732.5,721.0,729.75,705.7150268554688,852170,0.0,0.0
2023-02-07,731.7999877929688,734.9500122070312,722.0,728.2000122070312,704.2161254882812,1244247,0.0,0.0
2023-02-08,731.8499755859375,731.8499755859375,721.0999755859375,724.4000244140625,700.541259765625,1521104,0.0,0.0
2023-02-09,724.5,726.3499755859375,720.7999877929688,721.9500122070312,698.1719970703125,688243,0.0,0.0
2023-02-10,722.0,728.0,719.1500244140625,726.5999755859375,702.6688232421875,651630,0.0,0.0
2023-02-13,726.5999755859375,729.5,716.0,717.7999877929688,694.1586303710938,599763,0.0,0.0
2023-02-14,718.0,723.75,715.0,721.0,697.2532958984375,563171,0.0,0.0
2023-02-15,721.0499877929688,729.7999877929688,717.2000122070312,728.0999755859375,704.119384765625,727403,0.0,0.0
2023-02-16,732.2000122070312,735.5,728.0999755859375,732.5999755859375,708.4712524414062,837121,0.0,0.0
2023-02-17,731.2000122070312,734.7999877929688,724.1500244140625,726.25,702.330322265625,624402,0.0,0.0
2023-02-20,726.9500122070312,729.4500122070312,718.5999755859375,721.7999877929688,698.0269165039062,1316763,0.0,0.0
2023-02-21,725.4500122070312,730.0,722.0499877929688,726.2000122070312,702.2820434570312,673449,0.0,0.0
2023-02-22,726.0,734.0,719.8499755859375,721.4500122070312,697.6884155273438,1690647,0.0,0.0
2023-02-23,722.9500122070312,724.9500122070312,715.0,716.0999755859375,692.5146484375,1165270,0.0,0.0
2023-02-24,717.0,721.3499755859375,713.5999755859375,716.1500244140625,692.56298828125,1040351,0.0,0.0
2023-02-27,720.0,720.5,700.0,710.2999877929688,686.9056396484375,1064436,0.0,0.0
2023-02-28,712.0,717.75,705.5499877929688,715.2999877929688,691.740966796875,2395442,0.0,0.0
2023-03-01,712.9500122070312,716.9000244140625,709.5499877929688,715.25,691.6926879882812,991540,0.0,0.0
2023-03-02,716.8499755859375,718.3499755859375,705.8499755859375,707.3499755859375,684.0527954101562,969963,0.0,0.0
2023-03-03,709.0,713.25,706.2000122070312,709.8499755859375,686.4705200195312,873264,0.0,0.0
2023-03-06,713.0,718.75,709.9500122070312,713.5999755859375,690.0969848632812,739338,0.0,0.0
2023-03-08,713.0,723.2000122070312,710.7999877929688,720.5,696.7697143554688,1026628,0.0,0.0
2023-03-09,722.8499755859375,722.8499755859375,708.0999755859375,709.25,685.8901977539062,905544,0.0,0.0
2023-03-10,707.0,710.2000122070312,701.3499755859375,704.4000244140625,681.2000122070312,970983,0.0,0.0
2023-03-13,705.0,707.2999877929688,691.75,694.1500244140625,671.2876586914062,1158330,0.0,0.0
2023-03-14,696.0,700.0,689.4500122070312,693.2999877929688,670.465576171875,1501579,0.0,0.0
2023-03-15,696.0,699.9500122070312,686.5999755859375,687.5499877929688,664.905029296875,1119482,0.0,0.0
2023-03-16,689.0,696.4500122070312,689.0,694.0,671.1425170898438,974834,0.0,0.0
2023-03-17,698.0,708.6500244140625,694.4000244140625,706.2000122070312,682.9407348632812,2111478,0.0,0.0
2023-03-20,691.0,706.75,691.0,702.5999755859375,679.459228515625,1018438,0.0,0.0
2023-03-21,704.0999755859375,706.0,700.0,700.9000244140625,677.8153076171875,721243,0.0,0.0
2023-03-22,701.0,716.2000122070312,701.0,710.9000244140625,687.4859619140625,776214,0.0,0.0
2023-03-23,711.5499877929688,713.9500122070312,705.7999877929688,707.1500244140625,683.8594970703125,587643,0.0,0.0
2023-03-24,707.0,709.7000122070312,698.8499755859375,702.3499755859375,679.217529296875,960470,0.0,0.0
2023-03-27,706.9000244140625,707.4000244140625,697.2000122070312,699.3499755859375,676.3162841796875,3695292,0.0,0.0
2023-03-28,690.0,699.6500244140625,690.0,696.0499877929688,673.125,1113702,0.0,0.0
2023-03-29,696.0499877929688,703.0,694.7999877929688,697.5499877929688,674.5755615234375,1160832,0.0,0.0
2023-03-31,700.1500244140625,711.0,698.5499877929688,708.8499755859375,685.5033569335938,972962,0.0,0.0
2023-04-03,710.0,718.5,709.2999877929688,717.0499877929688,693.433349609375,797533,0.0,0.0
2023-04-05,717.0,728.4000244140625,715.0,727.4000244140625,703.4425048828125,947741,0.0,0.0
2023-04-06,727.2999877929688,731.4500122070312,722.5,730.5,706.4403686523438,738748,0.0,0.0
2023-04-10,727.0,730.6500244140625,720.0,720.6500244140625,696.9148559570312,916628,0.0,0.0
2023-04-11,725.9500122070312,725.9500122070312,715.7000122070312,717.2999877929688,693.6751098632812,776167,0.0,0.0
2023-04-12,720.9000244140625,723.5999755859375,716.3499755859375,718.4000244140625,694.7389526367188,702063,0.0,0.0
2023-04-13,722.0,723.7000122070312,717.6500244140625,719.5999755859375,695.8993530273438,502380,0.0,0.0
2023-04-17,717.0,719.25,711.5,713.2000122070312,689.710205078125,1180651,0.0,0.0
2023-04-18,716.2000122070312,719.9000244140625,706.7000122070312,707.0499877929688,683.7626953125,1323608,0.0,0.0
2023-04-19,708.0,708.9000244140625,698.25,700.8499755859375,677.7669067382812,1235220,0.0,0.0
2023-04-20,699.0,704.4000244140625,696.4500122070312,703.4000244140625,680.23291015625,1263116,0.0,0.0
2023-04-21,703.4000244140625,705.0,697.0,700.4000244140625,677.3318481445312,966029,0.0,0.0
2023-04-24,706.0,735.0,706.0,732.5499877929688,708.4227905273438,6009290,0.0,0.0
2023-04-25,736.0,738.0,728.3499755859375,734.4500122070312,710.2603149414062,1783879,0.0,0.0
2023-04-26,733.9500122070312,749.0,724.0,746.7000122070312,722.1068725585938,3725680,0.0,0.0
2023-04-27,743.0,755.25,742.1500244140625,754.0,729.1663818359375,1664942,0.0,0.0
2023-04-28,758.0,765.0,751.5,763.8499755859375,738.6920166015625,1261145,0.0,0.0
2023-05-02,767.9500122070312,783.0499877929688,764.9500122070312,779.5999755859375,753.9232177734375,1438425,0.0,0.0
2023-05-03,777.9000244140625,786.8499755859375,774.7000122070312,781.4000244140625,755.6639404296875,1189150,0.0,0.0
2023-05-04,773.0,782.6500244140625,768.9000244140625,775.5,749.958251953125,1001352,0.0,0.0
2023-05-05,777.9000244140625,782.2000122070312,775.0,776.25,750.68359375,617459,0.0,0.0
2023-05-08,776.7999877929688,789.7999877929688,776.4000244140625,788.9000244140625,762.9169311523438,1048005,0.0,0.0
2023-05-09,789.6500244140625,792.2000122070312,785.0,789.0,763.0136108398438,652399,0.0,0.0
2023-05-10,789.0,792.0,784.7999877929688,791.1500244140625,765.0928955078125,476497,0.0,0.0
2023-05-11,791.1500244140625,791.5,786.0,789.4500122070312,763.4488525390625,968940,0.0,0.0
2023-05-12,788.0,795.25,784.7999877929688,789.0499877929688,763.06201171875,747655,0.0,0.0
2023-05-15,789.0,791.4000244140625,784.2000122070312,786.9500122070312,761.0311279296875,803643,0.0,0.0
2023-05-16,787.5,789.7000122070312,784.7999877929688,786.25,760.3541870117188,658173,0.0,0.0
2023-05-17,786.25,786.5999755859375,772.8499755859375,778.25,752.61767578125,907649,0.0,0.0
2023-05-18,783.4000244140625,786.0,775.0,776.2999877929688,750.73193359375,1004449,0.0,0.0
2023-05-19,771.9000244140625,771.9000244140625,756.4500122070312,765.4500122070312,748.2843017578125,1233831,8.346259,0.0
2023-05-22,765.4500122070312,768.0,760.2000122070312,766.0999755859375,748.919677734375,548104,0.0,0.0
2023-05-23,766.0499877929688,771.5499877929688,762.0499877929688,770.0499877929688,752.7811279296875,826476,0.0,0.0
2023-05-24,767.4000244140625,774.5999755859375,765.5499877929688,771.1500244140625,753.8565063476562,861728,0.0,0.0
2023-05-25,765.0499877929688,782.4500122070312,765.0499877929688,780.2999877929688,762.80126953125,980266,0.0,0.0
2023-05-26,784.0,791.0,781.1500244140625,789.7000122070312,771.990478515625,961268,0.0,0.0
2023-05-29,791.0,797.0,790.25,794.25,776.4384155273438,1171159,0.0,0.0
2023-05-30,792.5499877929688,797.0,788.25,790.9000244140625,773.16357421875,601270,0.0,0.0
2023-05-31,787.0499877929688,800.0,787.0499877929688,798.6500244140625,780.7398071289062,2201928,0.0,0.0
2023-06-01,798.9000244140625,801.4500122070312,789.3499755859375,793.6500244140625,775.8519287109375,703293,0.0,0.0
2023-06-02,795.5,799.8499755859375,793.0,796.0499877929688,778.1980590820312,697200,0.0,0.0
2023-06-05,796.9500122070312,800.4500122070312,790.5999755859375,792.4500122070312,774.6788330078125,774985,0.0,0.0
2023-06-06,792.9500122070312,795.9500122070312,784.4500122070312,792.0999755859375,774.336669921875,744002,0.0,0.0
2023-06-07,794.0,824.0,791.5,823.0999755859375,804.6414794921875,3971089,0.0,0.0
2023-06-08,824.7999877929688,824.7999877929688,805.2000122070312,807.0999755859375,789.0003051757812,1117198,0.0,0.0
2023-06-09,810.7000122070312,811.8499755859375,799.0,801.0,783.0370483398438,835145,0.0,0.0
2023-06-12,802.9500122070312,807.8499755859375,799.3499755859375,800.75,782.792724609375,3168760,0.0,0.0
2023-06-13,802.3499755859375,821.0999755859375,802.3499755859375,819.9000244140625,801.5132446289062,2697513,0.0,0.0
2023-06-14,822.7999877929688,865.0,816.0,862.5,843.157958984375,7652583,0.0,0.0
2023-06-15,864.0,872.4000244140625,856.0,865.0,845.601806640625,3106263,0.0,0.0
2023-06-16,868.0,870.4500122070312,852.0499877929688,862.75,843.40234375,1754715,0.0,0.0
2023-06-19,866.4500122070312,870.0,854.8499755859375,857.0,837.78125,1308412,0.0,0.0
2023-06-20,857.0,867.0,847.2999877929688,858.9000244140625,839.638671875,1178858,0.0,0.0
2023-06-21,859.0,877.2000122070312,853.0499877929688,860.1500244140625,840.8606567382812,1439299,0.0,0.0
2023-06-22,862.0,862.0,840.5999755859375,841.9000244140625,823.0198974609375,988651,0.0,0.0
2023-06-23,842.0,846.2000122070312,831.6500244140625,840.8499755859375,821.9934692382812,806171,0.0,0.0
2023-06-26,854.0,866.0,847.8499755859375,862.5499877929688,843.206787109375,3022935,0.0,0.0
2023-06-27,863.9500122070312,868.0999755859375,852.5999755859375,854.2000122070312,835.0440673828125,1131450,0.0,0.0
2023-06-28,854.5,860.0,851.0,854.9500122070312,835.7772827148438,914411,0.0,0.0
2023-06-30,850.0499877929688,863.5499877929688,850.0499877929688,860.9000244140625,841.5938110351562,1394632,0.0,0.0
2023-07-03,866.9500122070312,866.9500122070312,856.4500122070312,858.8499755859375,839.5897216796875,1226135,0.0,0.0
2023-07-04,858.6500244140625,861.7000122070312,852.2000122070312,855.5499877929688,836.36376953125,759030,0.0,0.0
2023-07-05,859.0,861.25,841.1500244140625,845.9000244140625,826.93017578125,2537154,0.0,0.0
2023-07-06,845.9000244140625,847.5499877929688,841.4000244140625,845.0499877929688,826.0991821289062,2363769,0.0,0.0
2023-07-07,845.0499877929688,852.5,831.7999877929688,833.25,814.5638427734375,1811594,0.0,0.0
2023-07-10,841.5,841.5,822.0,825.6500244140625,807.1343383789062,1177214,0.0,0.0
2023-07-11,826.0,843.0,825.75,840.2999877929688,821.4557495117188,2167322,0.0,0.0
2023-07-12,844.9500122070312,847.7999877929688,838.7999877929688,843.25,824.339599609375,1435731,0.0,0.0
2023-07-13,847.0,849.0,835.2000122070312,837.3499755859375,818.5718383789062,985928,0.0,0.0
2023-07-14,838.9500122070312,852.75,833.5999755859375,851.5,832.4046020507812,1705168,0.0,0.0
2023-07-17,855.0999755859375,860.7000122070312,849.3499755859375,852.5999755859375,833.4798583984375,1200820,0.0,0.0
2023-07-18,854.2000122070312,863.0,848.4500122070312,858.7000122070312,839.4431762695312,1412514,0.0,0.0
2023-07-19,864.9500122070312,864.9500122070312,854.4000244140625,860.4500122070312,841.1539306640625,952601,0.0,0.0
2023-07-20,860.0,875.0,854.5499877929688,873.0999755859375,853.5201416015625,1381298,0.0,0.0
2023-07-21,873.7000122070312,876.4000244140625,849.5999755859375,852.3499755859375,833.2354736328125,1230534,0.0,0.0
2023-07-24,854.0,867.0,848.9000244140625,863.0999755859375,843.7444458007812,1149904,0.0,0.0
2023-07-25,863.0999755859375,869.5,856.0,868.5499877929688,849.0722045898438,873678,0.0,0.0
2023-07-26,873.9500122070312,883.9500122070312,869.5499877929688,873.9000244140625,854.30224609375,1940116,0.0,0.0
2023-07-27,875.9500122070312,880.0,847.7000122070312,850.0499877929688,830.9871215820312,3203072,0.0,0.0
2023-07-28,854.25,860.4000244140625,842.0,859.3499755859375,840.0785522460938,2365708,0.0,0.0
2023-07-31,859.3499755859375,860.8499755859375,852.5,859.2999877929688,840.0296630859375,1454789,0.0,0.0
2023-08-01,861.9000244140625,863.2999877929688,853.0999755859375,856.75,837.536865234375,987812,0.0,0.0
2023-08-02,855.0,855.0,838.2000122070312,843.0499877929688,824.14404296875,1604731,0.0,0.0
2023-08-03,840.0,841.6500244140625,832.5499877929688,835.4000244140625,816.6657104492188,1375222,0.0,0.0
2023-08-04,837.0499877929688,841.5999755859375,832.2999877929688,834.7999877929688,816.0791015625,887582,0.0,0.0
2023-08-07,836.9500122070312,840.6500244140625,829.5,837.7999877929688,819.0118408203125,1106208,0.0,0.0
2023-08-08,839.0,853.0999755859375,833.75,847.4500122070312,828.4454345703125,1252297,0.0,0.0
2023-08-09,851.0,862.4500122070312,847.6500244140625,860.2000122070312,840.9095458984375,1704615,0.0,0.0
2023-08-10,861.1500244140625,863.2000122070312,848.0,850.5499877929688,831.475830078125,941390,0.0,0.0
2023-08-11,849.7000122070312,853.8499755859375,835.0,836.9000244140625,818.1320190429688,909080,0.0,0.0
2023-08-14,838.8499755859375,845.9000244140625,829.6500244140625,844.7000122070312,825.7571411132812,754694,0.0,0.0
2023-08-16,840.9000244140625,843.4500122070312,836.7999877929688,840.7000122070312,821.8467407226562,360863,0.0,0.0
2023-08-17,835.0,845.9500122070312,835.0,844.25,825.317138671875,1105325,0.0,0.0
2023-08-18,845.0,848.9500122070312,835.5,842.5499877929688,823.6553344726562,1145798,0.0,0.0
2023-08-21,846.0,849.4000244140625,840.7999877929688,848.5,829.4718017578125,680778,0.0,0.0
2023-08-22,847.0,851.5499877929688,844.0,848.7999877929688,829.76513671875,782931,0.0,0.0
2023-08-23,848.0,848.0,840.3499755859375,844.5499877929688,825.6104125976562,516482,0.0,0.0
2023-08-24,845.0,854.7999877929688,842.0999755859375,844.2000122070312,825.268310546875,1482572,0.0,0.0
2023-08-25,840.0,846.1500244140625,830.1500244140625,832.5499877929688,813.8795776367188,1149261,0.0,0.0
2023-08-28,832.5,842.9500122070312,828.25,841.7999877929688,822.922119140625,649996,0.0,0.0
2023-08-29,841.0,843.9500122070312,836.0,838.25,819.4517211914062,606053,0.0,0.0
2023-08-30,841.0,849.2999877929688,838.7000122070312,848.3499755859375,829.3251953125,604884,0.0,0.0
2023-08-31,848.3499755859375,851.4500122070312,829.0499877929688,834.3499755859375,815.63916015625,2025392,0.0,0.0
2023-09-01,833.0,847.4000244140625,833.0,844.1500244140625,825.2194213867188,661741,0.0,0.0
2023-09-04,844.0,849.0,837.0,846.0499877929688,827.0767822265625,705024,0.0,0.0
2023-09-05,847.0,852.4000244140625,843.0499877929688,846.2999877929688,827.3212280273438,745626,0.0,0.0
2023-09-06,845.7999877929688,883.0,845.5,878.9000244140625,859.190185546875,3618782,0.0,0.0
2023-09-07,865.7000122070312,866.9500122070312,854.0,858.7000122070312,839.4431762695312,3458930,0.0,0.0
2023-09-08,864.0,864.8499755859375,851.75,853.0999755859375,833.9686279296875,901217,0.0,0.0
2023-09-11,855.5,864.9500122070312,854.75,862.5999755859375,843.2556762695312,1039583,0.0,0.0
2023-09-12,867.0,874.0,856.0,864.75,845.3574829101562,1795152,0.0,0.0
2023-09-13,862.0,891.25,860.1500244140625,889.2999877929688,869.3568725585938,2812359,0.0,0.0
2023-09-14,895.0,897.7000122070312,881.0,884.5499877929688,864.71337890625,2205160,0.0,0.0
2023-09-15,887.5499877929688,889.75,873.5,875.9000244140625,856.2574462890625,1104866,0.0,0.0
2023-09-18,883.0,885.9500122070312,875.9000244140625,880.9500122070312,861.1941528320312,1084407,0.0,0.0
2023-09-20,880.7999877929688,880.9000244140625,865.0,869.7000122070312,850.1964721679688,924868,0.0,0.0
2023-09-21,869.0,874.0,861.2000122070312,871.0,851.46728515625,1165593,0.0,0.0
2023-09-22,871.0,889.8499755859375,870.0499877929688,877.75,858.06591796875,1518828,0.0,0.0
2023-09-25,881.9500122070312,905.5999755859375,870.5499877929688,900.5999755859375,880.4035034179688,2700627,0.0,0.0
2023-09-26,907.5999755859375,909.9000244140625,891.5,895.2000122070312,875.1245727539062,2064298,0.0,0.0
2023-09-27,899.0,904.0,886.9000244140625,888.8499755859375,868.9169921875,1233749,0.0,0.0
2023-09-28,894.7999877929688,896.0,870.0999755859375,876.5,856.8439331054688,1801983,0.0,0.0
2023-09-29,885.9000244140625,885.9000244140625,873.7000122070312,876.9000244140625,857.2349853515625,817204,0.0,0.0
2023-10-03,870.0,879.5499877929688,864.0999755859375,871.9000244140625,852.3471069335938,1183376,0.0,0.0
2023-10-04,867.0,869.8499755859375,855.0,864.75,845.3574829101562,623081,0.0,0.0
2023-10-05,866.0499877929688,869.25,857.5,860.2000122070312,840.9095458984375,749977,0.0,0.0
2023-10-06,861.0,877.5,861.0,874.75,855.1331787109375,960117,0.0,0.0
2023-10-09,868.0,883.8499755859375,866.7999877929688,880.6500244140625,860.9009399414062,1200788,0.0,0.0
2023-10-10,885.0,892.4000244140625,881.75,888.75,868.8192749023438,870512,0.0,0.0
2023-10-11,895.0,897.2000122070312,886.2000122070312,888.4000244140625,868.4771118164062,1062565,0.0,0.0
2023-10-12,888.9000244140625,894.1500244140625,883.2000122070312,892.3499755859375,872.3384399414062,775364,0.0,0.0
2023-10-13,890.25,918.0,888.8499755859375,913.3499755859375,892.8674926757812,5120134,0.0,0.0
2023-10-16,917.7999877929688,917.7999877929688,906.0499877929688,908.5999755859375,888.2240600585938,1524935,0.0,0.0
2023-10-17,912.0499877929688,928.0,905.1500244140625,907.8499755859375,887.4908447265625,3228492,0.0,0.0
2023-10-18,912.4500122070312,915.0,892.0999755859375,895.7000122070312,875.6134033203125,1218914,0.0,0.0
2023-10-19,896.0,900.4000244140625,879.0499877929688,895.4000244140625,875.3201293945312,1430475,0.0,0.0
2023-10-20,891.9500122070312,901.7999877929688,888.6500244140625,898.9500122070312,878.79052734375,2295312,0.0,0.0
2023-10-23,898.75,906.0499877929688,880.25,883.0999755859375,863.2958984375,973113,0.0,0.0
2023-10-25,883.2999877929688,894.4500122070312,882.3499755859375,890.0,870.0411987304688,1531972,0.0,0.0
2023-10-26,883.25,886.9500122070312,872.0,880.3499755859375,860.6076049804688,1966650,0.0,0.0
2023-10-27,880.0,894.5,876.0,891.0999755859375,871.1165161132812,797507,0.0,0.0
2023-10-30,886.0,896.0,880.2000122070312,893.5499877929688,873.5115356445312,1147541,0.0,0.0
2023-10-31,899.5,903.4000244140625,892.0,900.5,880.3057861328125,1082510,0.0,0.0
2023-11-01,906.0,920.0,895.7000122070312,903.1500244140625,882.8963623046875,2678745,0.0,0.0
2023-11-02,910.1500244140625,917.7000122070312,903.5499877929688,911.25,890.814697265625,1082513,0.0,0.0
2023-11-03,912.0,919.2999877929688,911.25,913.7000122070312,893.209716796875,901911,0.0,0.0
2023-11-06,916.75,923.7000122070312,916.0,918.6500244140625,898.0487060546875,742374,0.0,0.0
2023-11-07,920.0,923.7000122070312,913.0,922.0499877929688,901.3724365234375,819721,0.0,0.0
2023-11-08,922.5,929.4500122070312,914.1500244140625,916.2999877929688,895.7513427734375,1090425,0.0,0.0
2023-11-09,916.2999877929688,918.9500122070312,898.3499755859375,902.8499755859375,882.60302734375,3194352,0.0,0.0
2023-11-10,902.8499755859375,916.8499755859375,896.5,912.7000122070312,892.232177734375,3846444,0.0,0.0
2023-11-13,914.0,920.4500122070312,907.0999755859375,916.5499877929688,895.9957885742188,904887,0.0,0.0
2023-11-15,921.4000244140625,932.0,916.3499755859375,929.5999755859375,908.7530517578125,1564164,0.0,0.0
2023-11-16,933.0,933.0,918.0,920.0499877929688,899.4172973632812,1315309,0.0,0.0
2023-11-17,922.0,934.0,921.0,930.8499755859375,909.97509765625,961365,0.0,0.0
2023-11-20,935.5,940.8499755859375,928.2000122070312,930.8499755859375,909.97509765625,1169030,0.0,0.0
2023-11-21,906.0,931.5,906.0,927.7000122070312,906.895751953125,804344,0.0,0.0
2023-11-22,931.4500122070312,939.7999877929688,922.25,928.25,907.4334716796875,885449,0.0,0.0
2023-11-23,929.1500244140625,937.7000122070312,927.0,933.0,912.076904296875,907511,0.0,0.0
2023-11-24,934.7000122070312,936.8499755859375,924.0,926.9000244140625,906.1137084960938,521207,0.0,0.0
2023-11-28,925.0,934.9500122070312,924.75,931.8499755859375,910.95263671875,904835,0.0,0.0
2023-11-29,934.9500122070312,937.9000244140625,930.0,933.5499877929688,912.6145629882812,1047897,0.0,0.0
2023-11-30,932.0,948.2000122070312,932.0,940.75,919.653076171875,2982505,0.0,0.0
2023-12-01,945.9000244140625,952.9000244140625,939.75,942.8499755859375,921.7059936523438,1129388,0.0,0.0
2023-12-04,954.0,956.5,941.9500122070312,946.6500244140625,925.4208374023438,1112904,0.0,0.0
2023-12-05,946.7000122070312,954.1500244140625,944.1500244140625,950.0499877929688,928.7445068359375,792716,0.0,0.0
2023-12-06,954.0,963.0,948.9000244140625,951.7000122070312,930.3575439453125,982484,0.0,0.0
2023-12-07,952.0,959.5499877929688,950.0499877929688,956.9000244140625,935.4409790039062,933106,0.0,0.0
2023-12-08,960.0,961.8499755859375,943.7999877929688,946.5999755859375,925.371826171875,649090,0.0,0.0
2023-12-11,949.9000244140625,953.0,944.0499877929688,950.4500122070312,929.1355590820312,476174,0.0,0.0
2023-12-12,953.0499877929688,961.9500122070312,943.5999755859375,948.75,927.4736938476562,732063,0.0,0.0
2023-12-13,948.0,959.7000122070312,946.5,957.2999877929688,935.8319702148438,899820,0.0,0.0
2023-12-14,960.7999877929688,960.7999877929688,944.0999755859375,950.4500122070312,929.1355590820312,1980762,0.0,0.0
2023-12-15,959.9500122070312,959.9500122070312,948.9000244140625,954.7000122070312,933.290283203125,1155502,0.0,0.0
2023-12-18,956.0,958.2000122070312,945.2999877929688,949.7000122070312,928.4024047851562,999922,0.0,0.0
2023-12-19,953.0,978.0,949.1500244140625,966.1500244140625,944.4835205078125,3897491,0.0,0.0
2023-12-20,975.0,1010.0,966.1500244140625,976.2999877929688,954.4058227539062,4465789,0.0,0.0
2023-12-21,976.0,983.9000244140625,963.0499877929688,979.2999877929688,957.338623046875,1588905,0.0,0.0
2023-12-22,986.0,998.2999877929688,979.6500244140625,992.7999877929688,970.5358276367188,1491449,0.0,0.0
2023-12-26,993.0,1017.0,992.7999877929688,1007.3499755859375,984.759521484375,1804990,0.0,0.0
2023-12-27,1014.9500122070312,1029.0,1010.0999755859375,1026.75,1003.7244262695312,1799498,0.0,0.0
2023-12-28,1030.75,1050.0,1025.300048828125,1041.0,1017.6549072265625,2052402,0.0,0.0
2023-12-29,1053.949951171875,1094.0,1047.699951171875,1086.800048828125,1062.4278564453125,5017576,0.0,0.0
2024-01-01,1093.8499755859375,1093.8499755859375,1076.0,1080.0999755859375,1055.8780517578125,936544,0.0,0.0
2024-01-02,1086.3499755859375,1103.050048828125,1079.5,1097.75,1073.13232421875,2635193,0.0,0.0
2024-01-03,1097.949951171875,1099.0999755859375,1082.699951171875,1084.949951171875,1060.6192626953125,1100701,0.0,0.0
2024-01-04,1088.0999755859375,1128.5999755859375,1086.1500244140625,1125.550048828125,1100.3089599609375,2777186,0.0,0.0
2024-01-05,1125.0,1131.1500244140625,1117.050048828125,1122.949951171875,1097.76708984375,1207155,0.0,0.0
2024-01-08,1125.050048828125,1129.0,1094.6500244140625,1104.949951171875,1080.1707763671875,1722755,0.0,0.0
2024-01-09,1106.0,1120.1500244140625,1106.0,1111.6500244140625,1086.7205810546875,998355,0.0,0.0
2024-01-10,1112.0,1117.699951171875,1101.0,1113.949951171875,1088.9688720703125,933127,0.0,0.0
2024-01-11,1117.0,1124.949951171875,1112.050048828125,1119.25,1094.150146484375,1084035,0.0,0.0
2024-01-12,1125.449951171875,1165.550048828125,1123.8499755859375,1159.0,1133.0086669921875,6018282,0.0,0.0
2024-01-15,1190.0,1190.949951171875,1134.75,1150.800048828125,1124.99267578125,4237485,0.0,0.0
2024-01-16,1152.550048828125,1162.550048828125,1142.0,1143.699951171875,1118.0517578125,1449691,0.0,0.0
2024-01-17,1134.0,1152.949951171875,1131.9000244140625,1138.5999755859375,1113.066162109375,1272932,0.0,0.0
2024-01-18,1134.949951171875,1150.0,1122.5,1146.800048828125,1121.082275390625,1218211,0.0,0.0
2024-01-19,1156.75,1165.5999755859375,1146.699951171875,1161.699951171875,1135.648193359375,900162,0.0,0.0
2024-01-23,1158.949951171875,1166.0,1138.25,1145.6500244140625,1119.9581298828125,933643,0.0,0.0
2024-01-24,1145.5999755859375,1161.0,1134.0,1159.0,1133.0086669921875,1040096,0.0,0.0
2024-01-25,1160.0,1163.6500244140625,1132.3499755859375,1136.75,1111.2576904296875,1125321,0.0,0.0
2024-01-29,1136.75,1149.199951171875,1135.0,1141.050048828125,1115.4613037109375,1588430,0.0,0.0
2024-01-30,1144.949951171875,1147.199951171875,1120.6500244140625,1122.9000244140625,1097.71826171875,798009,0.0,0.0
2024-01-31,1125.0,1127.5,1112.0,1118.0,1092.92822265625,2428738,0.0,0.0
2024-02-01,1118.0,1134.9000244140625,1108.0,1129.6500244140625,1104.31689453125,4728358,0.0,0.0
2024-02-02,1132.0,1170.699951171875,1132.0,1162.75,1136.6746826171875,1741322,0.0,0.0
2024-02-05,1169.9000244140625,1177.0,1146.300048828125,1150.75,1124.9437255859375,1266268,0.0,0.0
2024-02-06,1142.0999755859375,1166.800048828125,1142.0999755859375,1163.550048828125,1137.4566650390625,1219085,0.0,0.0
2024-02-07,1168.050048828125,1175.0,1153.050048828125,1166.199951171875,1140.0472412109375,864874,0.0,0.0
2024-02-08,1160.0,1162.9000244140625,1125.0,1137.9000244140625,1112.3819580078125,2477973,0.0,0.0
2024-02-09,1142.0,1149.4000244140625,1119.8499755859375,1129.25,1103.9259033203125,917196,0.0,0.0
2024-02-12,1130.050048828125,1134.4000244140625,1075.0,1122.199951171875,1097.0338134765625,898953,0.0,0.0
2024-02-13,1123.0,1141.300048828125,1118.199951171875,1137.800048828125,1112.2841796875,886148,0.0,0.0
2024-02-14,1135.050048828125,1139.8499755859375,1120.0,1135.5999755859375,1110.1334228515625,1206706,0.0,0.0
2024-02-15,1140.050048828125,1146.75,1127.25,1131.4000244140625,1106.027587890625,1278358,0.0,0.0
2024-02-16,1135.0,1149.4000244140625,1132.4000244140625,1147.449951171875,1121.7177734375,1213292,0.0,0.0
2024-02-19,1150.0,1164.25,1144.5,1155.0,1129.098388671875,961914,0.0,0.0
2024-02-20,1154.5,1159.0,1138.800048828125,1154.4000244140625,1128.5118408203125,1056193,0.0,0.0
2024-02-21,1155.0,1171.9000244140625,1150.050048828125,1160.75,1134.719482421875,1445959,0.0,0.0
2024-02-22,1161.0,1164.75,1142.449951171875,1159.5,1133.49755859375,1689403,0.0,0.0
2024-02-23,1158.0,1165.5999755859375,1155.199951171875,1160.300048828125,1134.279541015625,1280859,0.0,0.0
2024-02-26,1159.0,1182.800048828125,1149.449951171875,1177.0999755859375,1150.7027587890625,1292210,0.0,0.0
2024-02-27,1182.0,1189.699951171875,1174.949951171875,1183.5999755859375,1157.0570068359375,1584564,0.0,0.0
2024-02-28,1189.75,1205.0,1163.0999755859375,1167.949951171875,1141.7579345703125,2170054,0.0,0.0
2024-02-29,1166.949951171875,1199.0,1150.5999755859375,1190.050048828125,1163.3623046875,2722341,0.0,0.0
2024-03-01,1204.0,1213.6500244140625,1194.25,1201.0,1174.0667724609375,1804771,0.0,0.0
2024-03-04,1206.949951171875,1214.0,1190.0,1203.25,1176.266357421875,790960,0.0,0.0
2024-03-05,1206.8499755859375,1211.9000244140625,1196.0,1200.5999755859375,1173.67578125,867925,0.0,0.0
2024-03-06,1203.800048828125,1223.0,1192.0,1220.050048828125,1192.689697265625,1367260,0.0,0.0
2024-03-07,1228.0,1268.9000244140625,1216.75,1261.550048828125,1233.259033203125,3522952,0.0,0.0
2024-03-11,1263.0,1269.0,1209.0,1220.6500244140625,1193.276123046875,2609165,0.0,0.0
2024-03-12,1227.449951171875,1227.8499755859375,1209.1500244140625,1215.199951171875,1187.948486328125,1089396,0.0,0.0
2024-03-13,1215.5,1217.4000244140625,1170.699951171875,1178.949951171875,1152.51123046875,2050756,0.0,0.0
2024-03-14,1160.050048828125,1205.050048828125,1160.050048828125,1198.3499755859375,1171.476318359375,2211062,0.0,0.0
2024-03-15,1200.0,1219.8499755859375,1175.9000244140625,1212.1500244140625,1184.9669189453125,2843465,0.0,0.0
2024-03-18,1213.050048828125,1217.6500244140625,1184.300048828125,1186.949951171875,1160.331787109375,803158,0.0,0.0
2024-03-19,1184.9000244140625,1184.9000244140625,1139.8499755859375,1146.25,1120.5445556640625,2152306,0.0,0.0
2024-03-20,1143.0999755859375,1153.4000244140625,1111.699951171875,1124.050048828125,1098.842529296875,2070193,0.0,0.0
2024-03-21,1134.0,1138.949951171875,1121.5,1133.949951171875,1108.5203857421875,1901034,0.0,0.0
2024-03-22,1133.949951171875,1140.0,1119.0,1122.75,1097.5716552734375,1696377,0.0,0.0
2024-03-26,1105.3499755859375,1121.0999755859375,1105.3499755859375,1112.550048828125,1087.6004638671875,2407110,0.0,0.0
2024-03-27,1115.3499755859375,1117.0,1084.0999755859375,1091.050048828125,1066.5826416015625,1962948,0.0,0.0
2024-03-28,1103.9000244140625,1109.0,1093.6500244140625,1096.199951171875,1071.6170654296875,6721940,0.0,0.0
2024-04-01,1100.0,1104.4000244140625,1083.0999755859375,1086.9000244140625,1062.525634765625,2229535,0.0,0.0
2024-04-02,1091.800048828125,1133.4000244140625,1085.0999755859375,1131.1500244140625,1105.783203125,5107047,0.0,0.0
2024-04-03,1129.0,1129.0,1112.800048828125,1119.5,1094.3946533203125,1133287,0.0,0.0
2024-04-04,1132.800048828125,1132.9000244140625,1108.550048828125,1117.949951171875,1092.8792724609375,2403608,0.0,0.0
2024-04-05,1116.0,1124.9000244140625,1111.0,1115.550048828125,1090.5330810546875,627856,0.0,0.0
2024-04-08,1120.0,1140.449951171875,1117.0,1137.3499755859375,1111.8441162109375,1833218,0.0,0.0
2024-04-09,1141.0,1141.0,1121.5,1125.5999755859375,1100.3577880859375,1184800,0.0,0.0
2024-04-10,1130.0,1151.5,1118.699951171875,1145.300048828125,1119.615966796875,1374918,0.0,0.0
2024-04-12,1144.3499755859375,1156.6500244140625,1134.449951171875,1149.449951171875,1123.6728515625,2006949,0.0,0.0
2024-04-15,1125.0,1136.699951171875,1111.0,1130.6500244140625,1105.29443359375,1990224,0.0,0.0
2024-04-16,1117.0,1138.9000244140625,1113.949951171875,1135.6500244140625,1110.182373046875,1051408,0.0,0.0
2024-04-18,1143.0,1159.0,1127.550048828125,1134.550048828125,1109.10693359375,2573549,0.0,0.0
2024-04-19,1104.5,1150.5999755859375,1104.050048828125,1138.0999755859375,1112.577392578125,2160942,0.0,0.0
2024-04-22,1140.949951171875,1177.800048828125,1140.949951171875,1170.949951171875,1144.690673828125,2299311,0.0,0.0
2024-04-23,1173.0,1179.9000244140625,1152.0,1173.3499755859375,1147.036865234375,1930671,0.0,0.0
2024-04-24,1106.0,1137.699951171875,1104.0,1110.1500244140625,1085.2542724609375,6447489,0.0,0.0
2024-04-25,1116.0,1116.0,1077.4000244140625,1106.25,1081.441650390625,6233672,0.0,0.0
2024-04-26,1111.800048828125,1111.800048828125,1084.050048828125,1102.6500244140625,1077.9224853515625,3426210,0.0,0.0
2024-04-29,1108.9000244140625,1110.4000244140625,1088.9000244140625,1098.5,1073.865478515625,2254895,0.0,0.0
2024-04-30,1099.9000244140625,1114.25,1095.6500244140625,1108.3499755859375,1083.4945068359375,2504796,0.0,0.0
2024-05-02,1114.0,1114.0,1081.0999755859375,1091.1500244140625,1066.6802978515625,3423995,0.0,0.0
2024-05-03,1095.0,1114.9000244140625,1089.800048828125,1094.300048828125,1069.7596435546875,2935813,0.0,0.0
2024-05-06,1105.0,1109.6500244140625,1090.050048828125,1098.1500244140625,1073.5233154296875,1076304,0.0,0.0
2024-05-07,1095.050048828125,1121.550048828125,1090.0999755859375,1099.4000244140625,1074.745361328125,2614541,0.0,0.0
2024-05-08,1102.4000244140625,1117.8499755859375,1095.1500244140625,1115.050048828125,1090.0443115234375,1071294,0.0,0.0
2024-05-09,1114.0,1114.699951171875,1078.0,1085.050048828125,1060.717041015625,1743688,0.0,0.0
2024-05-10,1087.949951171875,1093.949951171875,1067.6500244140625,1090.949951171875,1066.4847412109375,1080599,0.0,0.0
2024-05-13,1086.0999755859375,1101.0,1076.050048828125,1096.949951171875,1072.3502197265625,933422,0.0,0.0
2024-05-14,1096.0,1098.4000244140625,1082.199951171875,1085.449951171875,1061.108154296875,1194960,0.0,0.0
2024-05-15,1086.0,1090.8499755859375,1056.0,1068.9000244140625,1044.9293212890625,1920081,0.0,0.0
2024-05-16,1071.0,1102.550048828125,1057.8499755859375,1099.75,1075.0875244140625,2665288,0.0,0.0
2024-05-17,1093.0,1101.199951171875,1089.1500244140625,1095.199951171875,1070.639404296875,1069069,0.0,0.0
2024-05-21,1089.0,1097.5999755859375,1088.949951171875,1093.949951171875,1069.41748046875,906092,0.0,0.0
2024-05-22,1100.0,1122.0,1093.949951171875,1120.3499755859375,1095.2254638671875,2032291,0.0,0.0
2024-05-23,1127.449951171875,1131.199951171875,1104.0,1117.949951171875,1092.8792724609375,2087340,0.0,0.0
2024-05-24,1111.0,1111.0,1096.0,1098.25,1081.0230712890625,1424791,7.654853,0.0
2024-05-27,1099.0,1110.0,1086.6500244140625,1087.9000244140625,1070.83544921875,1881215,0.0,0.0
2024-05-28,1089.0,1097.949951171875,1080.0,1095.550048828125,1078.365478515625,981637,0.0,0.0
2024-05-29,1085.0,1090.0,1068.0,1071.300048828125,1054.495849609375,1526469,0.0,0.0
2024-05-30,1071.0,1074.449951171875,1052.0,1067.199951171875,1050.4600830078125,2743237,0.0,0.0
2024-05-31,1069.699951171875,1070.800048828125,1048.300048828125,1060.25,1043.6190185546875,4787041,0.0,0.0
2024-06-03,1076.4000244140625,1082.9000244140625,1063.3499755859375,1069.1500244140625,1052.379638671875,1323788,0.0,0.0
2024-06-04,1069.1500244140625,1092.5999755859375,1028.9000244140625,1087.0,1069.9495849609375,3223165,0.0,0.0
2024-06-05,1109.0,1160.0,1093.1500244140625,1142.4000244140625,1124.4805908203125,6089603,0.0,0.0
2024-06-06,1148.0,1148.0,1119.5999755859375,1139.9000244140625,1122.0196533203125,2655137,0.0,0.0
2024-06-07,1149.0,1149.0,1131.5999755859375,1135.6500244140625,1117.83642578125,1877248,0.0,0.0
2024-06-10,1139.0,1143.449951171875,1125.6500244140625,1133.050048828125,1115.2772216796875,1392359,0.0,0.0
2024-06-11,1133.050048828125,1144.800048828125,1126.699951171875,1135.5999755859375,1117.787109375,805013,0.0,0.0
2024-06-12,1142.0,1142.0,1123.5,1124.6500244140625,1107.009033203125,773116,0.0,0.0
2024-06-13,1130.0,1133.0,1104.050048828125,1114.5999755859375,1097.116455078125,1605436,0.0,0.0
2024-06-14,1114.5999755859375,1124.949951171875,1110.0999755859375,1112.449951171875,1095.000244140625,1107470,0.0,0.0
2024-06-18,1112.449951171875,1128.300048828125,1112.449951171875,1126.9000244140625,1109.2236328125,1161864,0.0,0.0
2024-06-19,1129.699951171875,1130.9000244140625,1103.0,1105.5999755859375,1088.2576904296875,1201455,0.0,0.0
2024-06-20,1108.050048828125,1108.3499755859375,1096.0999755859375,1103.25,1085.9447021484375,1223872,0.0,0.0
2024-06-21,1103.300048828125,1105.0,1081.800048828125,1084.9000244140625,1067.8824462890625,1634958,0.0,0.0
2024-06-24,1080.1500244140625,1104.0,1077.1500244140625,1101.949951171875,1084.6649169921875,912255,0.0,0.0
2024-06-25,1108.1500244140625,1108.199951171875,1090.0,1094.5999755859375,1077.4302978515625,932314,0.0,0.0
2024-06-26,1095.050048828125,1099.800048828125,1083.0999755859375,1086.9000244140625,1069.85107421875,1003738,0.0,0.0
2024-06-27,1090.0999755859375,1096.449951171875,1077.8499755859375,1085.5999755859375,1068.5714111328125,2272855,0.0,0.0
2024-06-28,1085.5999755859375,1104.0,1085.0,1097.449951171875,1080.2354736328125,1129490,0.0,0.0
2024-07-01,1090.0999755859375,1097.449951171875,1088.0,1094.550048828125,1077.3812255859375,767705,0.0,0.0
2024-07-02,1096.0,1110.0,1080.0,1105.0,1087.6671142578125,2026189,0.0,0.0
2024-07-03,1114.0,1148.5999755859375,1112.050048828125,1146.3499755859375,1128.3685302734375,4406793,0.0,0.0
2024-07-04,1147.550048828125,1154.800048828125,1133.300048828125,1135.199951171875,1117.3934326171875,2113837,0.0,0.0
2024-07-05,1135.4000244140625,1150.949951171875,1132.699951171875,1137.4000244140625,1119.5589599609375,1281630,0.0,0.0
2024-07-08,1138.0,1164.0,1136.0,1150.800048828125,1132.748779296875,1958676,0.0,0.0
2024-07-09,1161.4000244140625,1168.5,1140.0,1142.199951171875,1124.2835693359375,1545936,0.0,0.0
2024-07-10,1142.199951171875,1156.75,1130.0,1150.800048828125,1132.748779296875,1015150,0.0,0.0
2024-07-11,1150.550048828125,1153.4000244140625,1125.5,1131.4000244140625,1113.653076171875,1883264,0.0,0.0
2024-07-12,1135.0,1154.0,1130.050048828125,1152.25,1134.176025390625,1092749,0.0,0.0
2024-07-15,1152.5,1157.0,1139.800048828125,1148.800048828125,1130.7802734375,1201063,0.0,0.0
2024-07-16,1148.800048828125,1179.0,1142.75,1176.25,1157.799560546875,2152821,0.0,0.0
2024-07-18,1160.574462890625,1179.933837890625,1155.6358642578125,1178.74853515625,1160.2589111328125,2591377,0.0,0.0
2024-07-19,1185.2674560546875,1185.3663330078125,1168.4761962890625,1173.414794921875,1155.0089111328125,1402279,0.0,0.0
2024-07-22,1170.45166015625,1196.03369140625,1167.7354736328125,1190.008544921875,1171.34228515625,1719663,0.0,0.0
2024-07-23,1200.0833740234375,1247.0989990234375,1185.514404296875,1241.468994140625,1221.9954833984375,5204189,0.0,0.0
2024-07-24,1241.5677490234375,1242.2591552734375,1202.453857421875,1216.1339111328125,1197.057861328125,3367339,0.0,0.0
2024-07-25,1216.8746337890625,1219.8377685546875,1194.0089111328125,1208.5777587890625,1189.6202392578125,2529080,0.0,0.0
2024-07-26,1216.050048828125,1218.949951171875,1205.4000244140625,1213.6500244140625,1194.6129150390625,802492,0.0,0.0
2024-07-29,1215.0,1222.0,1185.0,1201.4000244140625,1182.5550537109375,1944124,0.0,0.0
2024-07-30,1206.0,1211.4000244140625,1189.199951171875,1194.9000244140625,1176.1571044921875,1331004,0.0,0.0
2024-07-31,1193.0,1193.0,1167.0,1188.949951171875,1170.30029296875,2994289,0.0,0.0
2024-08-01,1188.949951171875,1216.0,1188.0,1208.3499755859375,1189.39599609375,1675363,0.0,0.0
2024-08-02,1200.0,1220.0,1190.0,1193.6500244140625,1174.9266357421875,1262150,0.0,0.0
2024-08-05,1176.0,1213.5999755859375,1151.0,1199.4000244140625,1180.5865478515625,3718458,0.0,0.0
2024-08-06,1200.0,1212.0999755859375,1182.8499755859375,1185.5999755859375,1167.0028076171875,1304014,0.0,0.0
2024-08-07,1182.550048828125,1207.75,1182.550048828125,1199.5999755859375,1180.7833251953125,759323,0.0,0.0
2024-08-08,1192.0,1195.0,1174.0,1178.300048828125,1159.8175048828125,1298997,0.0,0.0
2024-08-09,1188.9000244140625,1188.9000244140625,1180.0,1186.1500244140625,1167.544189453125,489864,0.0,0.0
2024-08-12,1176.0,1184.3499755859375,1166.050048828125,1170.800048828125,1152.4351806640625,787584,0.0,0.0
2024-08-13,1172.699951171875,1182.75,1167.5999755859375,1178.800048828125,1160.3096923828125,785371,0.0,0.0
2024-08-14,1187.0,1187.0999755859375,1158.699951171875,1167.550048828125,1149.236083984375,991108,0.0,0.0
2024-08-16,1168.0,1190.6500244140625,1168.0,1187.75,1169.119140625,831846,0.0,0.0
2024-08-19,1198.0,1200.0,1171.550048828125,1177.4000244140625,1158.9315185546875,682374,0.0,0.0
2024-08-20,1182.949951171875,1182.949951171875,1166.75,1171.199951171875,1152.8287353515625,673329,0.0,0.0
2024-08-21,1171.949951171875,1181.0,1167.050048828125,1177.550048828125,1159.0792236328125,802420,0.0,0.0
2024-08-22,1184.050048828125,1209.8499755859375,1181.0,1205.800048828125,1186.8861083984375,2041300,0.0,0.0
2024-08-23,1212.0,1215.0,1194.9000244140625,1196.800048828125,1178.0272216796875,852159,0.0,0.0
2024-08-26,1205.0,1221.8499755859375,1194.050048828125,1220.050048828125,1200.91259765625,1045317,0.0,0.0
2024-08-27,1220.0,1220.550048828125,1208.0,1209.5999755859375,1190.62646484375,483025,0.0,0.0
2024-08-28,1210.0,1215.3499755859375,1196.5999755859375,1201.1500244140625,1182.3089599609375,779730,0.0,0.0
2024-08-29,1201.1500244140625,1208.9000244140625,1185.25,1198.449951171875,1179.6512451171875,1062444,0.0,0.0
2024-08-30,1195.0,1207.5,1195.0,1200.1500244140625,1181.32470703125,2550399,0.0,0.0
2024-09-02,1200.0,1227.0,1197.199951171875,1199.699951171875,1180.8817138671875,1852516,0.0,0.0
2024-09-03,1209.0,1218.3499755859375,1196.300048828125,1199.0,1180.192626953125,1884428,0.0,0.0
2024-09-04,1196.050048828125,1198.949951171875,1175.0,1194.949951171875,1176.206298828125,1633635,0.0,0.0
2024-09-05,1199.5,1206.8499755859375,1185.6500244140625,1188.6500244140625,1170.005126953125,1062421,0.0,0.0
2024-09-06,1188.0,1191.75,1168.75,1173.8499755859375,1155.437255859375,989655,0.0,0.0
2024-09-09,1173.8499755859375,1195.949951171875,1169.9000244140625,1192.050048828125,1173.351806640625,1969830,0.0,0.0
2024-09-10,1200.0,1212.949951171875,1196.25,1204.1500244140625,1185.261962890625,1815998,0.0,0.0
2024-09-11,1209.9000244140625,1219.0,1201.25,1204.4000244140625,1185.508056640625,1837013,0.0,0.0
2024-09-12,1210.0,1225.949951171875,1199.3499755859375,1222.75,1203.5701904296875,2635403,0.0,0.0
2024-09-13,1226.0,1227.0,1208.050048828125,1210.300048828125,1191.3154296875,1569211,0.0,0.0
2024-09-16,1220.0,1223.75,1207.0,1218.5,1199.3868408203125,984584,0.0,0.0
2024-09-17,1223.0,1234.300048828125,1212.1500244140625,1220.25,1201.109375,1450593,0.0,0.0
2024-09-18,1220.25,1223.4000244140625,1194.0,1200.8499755859375,1182.013671875,930896,0.0,0.0
2024-09-19,1207.0,1225.5999755859375,1204.050048828125,1215.25,1196.187744140625,2737652,0.0,0.0
2024-09-20,1220.0,1230.949951171875,1213.3499755859375,1216.8499755859375,1197.7626953125,3533125,0.0,0.0
2024-09-23,1222.0,1233.6500244140625,1210.25,1211.550048828125,1192.5457763671875,2818001,0.0,0.0
2024-09-24,1216.0,1227.9000244140625,1210.050048828125,1211.6500244140625,1192.644287109375,3393528,0.0,0.0
2024-09-25,1213.9000244140625,1216.0,1182.050048828125,1189.5999755859375,1170.9400634765625,2448744,0.0,0.0
2024-09-26,1195.0,1217.0,1191.1500244140625,1213.449951171875,1194.416015625,2323705,0.0,0.0
2024-09-27,1213.949951171875,1215.699951171875,1199.0,1201.550048828125,1182.7027587890625,2177204,0.0,0.0
2024-09-30,1194.949951171875,1213.6500244140625,1194.949951171875,1196.949951171875,1178.1748046875,1223096,0.0,0.0
2024-10-01,1196.949951171875,1205.449951171875,1191.5999755859375,1196.25,1177.48583984375,892381,0.0,0.0
2024-10-03,1186.0,1190.0,1150.1500244140625,1152.75,1134.6680908203125,1912206,0.0,0.0
2024-10-04,1150.0,1154.75,1125.199951171875,1130.4000244140625,1112.668701171875,1773781,0.0,0.0
2024-10-07,1130.4000244140625,1142.6500244140625,1106.949951171875,1111.4000244140625,1093.966796875,1542124,0.0,0.0
2024-10-08,1111.4000244140625,1124.4000244140625,1105.449951171875,1119.050048828125,1101.496826171875,1738272,0.0,0.0
2024-10-09,1127.0,1132.0,1110.0,1117.800048828125,1100.2664794921875,1322027,0.0,0.0
2024-10-10,1117.800048828125,1129.0,1111.4000244140625,1114.1500244140625,1096.673583984375,1176370,0.0,0.0
2024-10-11,1118.0,1122.3499755859375,1101.6500244140625,1113.0999755859375,1095.64013671875,569469,0.0,0.0
2024-10-14,1120.0,1138.0,1105.5999755859375,1113.550048828125,1096.0831298828125,513799,0.0,0.0
2024-10-15,1116.0,1119.0,1106.0999755859375,1115.25,1097.7564697265625,768815,0.0,0.0
2024-10-16,1115.199951171875,1120.0,1102.0999755859375,1113.949951171875,1096.4766845703125,738403,0.0,0.0
2024-10-17,1113.0,1117.0,1087.6500244140625,1090.1500244140625,1073.0501708984375,975432,0.0,0.0
2024-10-18,1090.1500244140625,1098.1500244140625,1072.050048828125,1093.25,1076.1014404296875,953926,0.0,0.0
2024-10-21,1047.0,1059.449951171875,986.3499755859375,1017.0499877929688,1001.0966796875,11484692,0.0,0.0
2024-10-22,1023.2999877929688,1023.8499755859375,994.5,998.25,982.5916137695312,2742491,0.0,0.0
2024-10-23,1000.0,1016.7999877929688,995.0,1014.5499877929688,998.6359252929688,1936612,0.0,0.0
2024-10-24,1017.9500122070312,1022.0999755859375,994.9000244140625,996.4500122070312,980.8198852539062,2014701,0.0,0.0
2024-10-25,996.9000244140625,1003.5499877929688,970.5,973.0499877929688,957.786865234375,2258366,0.0,0.0
2024-10-28,973.0499877929688,983.3499755859375,964.0,975.9000244140625,960.5922241210938,2364081,0.0,0.0
2024-10-29,982.0,995.2999877929688,973.7999877929688,992.0499877929688,976.4888305664062,1256095,0.0,0.0
2024-10-30,991.25,1027.0,988.1500244140625,1022.7000122070312,1006.6581420898438,2048134,0.0,0.0
2024-10-31,1025.0,1027.9000244140625,997.0999755859375,1002.5499877929688,986.8241577148438,1381633,0.0,0.0
2024-11-01,1002.5499877929688,1012.0,1000.0,1004.0999755859375,988.349853515625,212772,0.0,0.0
2024-11-04,998.0,1000.9500122070312,976.0499877929688,994.5999755859375,978.9989013671875,1427199,0.0,0.0
2024-11-05,985.0999755859375,1013.0999755859375,985.0999755859375,1000.75,985.0524291992188,1163041,0.0,0.0
2024-11-06,1002.0,1010.6500244140625,997.9000244140625,1007.0499877929688,991.2536010742188,683591,0.0,0.0
2024-11-07,1007.5,1010.0,983.5499877929688,984.8499755859375,969.4017944335938,1144864,0.0,0.0
2024-11-08,989.0,997.2999877929688,975.4000244140625,992.9500122070312,977.3748168945312,973252,0.0,0.0
2024-11-11,993.2000122070312,997.9500122070312,973.25,975.9500122070312,960.6414794921875,1108758,0.0,0.0
2024-11-12,975.9500122070312,986.3499755859375,965.5499877929688,967.5499877929688,952.3731689453125,968082,0.0,0.0
2024-11-13,965.0,969.9500122070312,950.0,952.75,937.8053588867188,948691,0.0,0.0
2024-11-14,950.0,955.25,922.0,925.0,910.4906005859375,1950720,0.0,0.0
2024-11-18,929.7999877929688,942.5,916.0,930.75,916.150390625,2193819,0.0,0.0
2024-11-19,935.0,940.5,915.0499877929688,917.1500244140625,902.7637939453125,1844903,0.0,0.0
2024-11-21,917.1500244140625,922.0,900.5,911.7000122070312,897.3992309570312,1550618,0.0,0.0
2024-11-22,916.25,948.5,912.8499755859375,945.2000122070312,930.373779296875,1427895,0.0,0.0
2024-11-25,950.0,962.75,946.5999755859375,955.7000122070312,940.7090454101562,2468847,0.0,0.0
2024-11-26,960.0,967.4500122070312,951.9500122070312,963.5499877929688,948.4359130859375,638057,0.0,0.0
2024-11-27,964.0,965.0999755859375,952.7000122070312,960.0499877929688,944.9907836914062,786040,0.0,0.0
2024-11-28,960.0,972.7000122070312,938.2999877929688,941.0499877929688,926.288818359375,1834887,0.0,0.0
2024-11-29,941.7999877929688,964.4000244140625,941.5,958.6500244140625,943.6128540039062,1482253,0.0,0.0
2024-12-02,958.6500244140625,962.8499755859375,947.2999877929688,957.0,941.9887084960938,916920,0.0,0.0
2024-12-03,958.0499877929688,959.75,948.6500244140625,955.0,940.0200805664062,1346981,0.0,0.0
2024-12-04,956.0,963.8499755859375,949.6500244140625,961.2000122070312,946.122802734375,1236061,0.0,0.0
2024-12-05,965.0,970.9500122070312,946.25,966.4500122070312,951.2904663085938,2043341,0.0,0.0
2024-12-06,970.0,976.4000244140625,964.0999755859375,974.4500122070312,959.1649780273438,1893714,0.0,0.0
2024-12-09,974.0,974.0,931.5,933.9500122070312,919.3002319335938,3679131,0.0,0.0
2024-12-10,938.5,938.5999755859375,925.2000122070312,926.75,912.213134765625,1990270,0.0,0.0
2024-12-11,931.4000244140625,942.9500122070312,929.4000244140625,935.0499877929688,920.3829345703125,1356603,0.0,0.0
2024-12-12,937.0,938.4500122070312,916.0,921.25,906.7994384765625,1913140,0.0,0.0
2024-12-13,919.25,931.0,907.4000244140625,929.7000122070312,915.116943359375,1278151,0.0,0.0
2024-12-16,929.7000122070312,934.6500244140625,917.0,920.3499755859375,905.9135131835938,848667,0.0,0.0
2024-12-17,920.3499755859375,922.0,900.0,904.9000244140625,890.7059326171875,1597108,0.0,0.0
2024-12-18,905.0,916.9000244140625,904.4500122070312,909.3499755859375,895.0860595703125,1154541,0.0,0.0
2024-12-19,908.0,918.0,901.0999755859375,907.0999755859375,892.8713989257812,2589001,0.0,0.0
2024-12-20,907.0,916.5,882.9000244140625,889.4500122070312,875.498291015625,2441036,0.0,0.0
2024-12-23,894.9500122070312,906.0,890.0,902.75,888.5896606445312,1054695,0.0,0.0
2024-12-24,904.9500122070312,912.9500122070312,896.7999877929688,907.2999877929688,893.0682373046875,1038280,0.0,0.0
2024-12-26,908.0,911.3499755859375,898.5999755859375,900.9500122070312,886.81787109375,595956,0.0,0.0
2024-12-27,902.0,911.4000244140625,899.0,907.9500122070312,893.7080688476562,870974,0.0,0.0
2024-12-30,907.9500122070312,912.0,898.7000122070312,903.5,889.3278198242188,1830048,0.0,0.0
2024-12-31,899.0,917.1500244140625,893.0999755859375,914.7000122070312,900.3522338867188,1120133,0.0,0.0
2025-01-01,913.0,922.5,911.0,920.2999877929688,905.8643188476562,641424,0.0,0.0
2025-01-02,921.0,931.25,913.0499877929688,929.6500244140625,915.0677490234375,1705632,0.0,0.0
2025-01-03,932.7000122070312,941.9000244140625,926.0,939.4500122070312,924.7139282226562,1832664,0.0,0.0
2025-01-06,935.0,955.0,929.0999755859375,946.9000244140625,932.047119140625,2692614,0.0,0.0
2025-01-07,952.0,972.0,949.75,955.0,940.0200805664062,2413582,0.0,0.0
2025-01-08,955.0,963.8499755859375,945.4500122070312,961.5999755859375,946.5164794921875,1235226,0.0,0.0
2025-01-09,957.4500122070312,982.7999877929688,954.5,970.0999755859375,954.8831787109375,2130681,0.0,0.0
2025-01-10,965.2000122070312,980.0,959.0,972.7999877929688,957.5408325195312,1443387,0.0,0.0
2025-01-13,945.2000122070312,969.0499877929688,945.0,965.4500122070312,950.30615234375,1876479,0.0,0.0
2025-01-14,965.7000122070312,977.0,958.5999755859375,963.1500244140625,948.042236328125,1558290,0.0,0.0
2025-01-15,963.1500244140625,963.1500244140625,944.5999755859375,955.5499877929688,940.5614013671875,3190709,0.0,0.0
2025-01-16,960.0,960.0,926.0499877929688,937.7000122070312,922.991455078125,2019985,0.0,0.0
2025-01-17,942.0,959.3499755859375,935.3499755859375,954.4500122070312,939.4786987304688,677451,0.0,0.0
2025-01-20,960.0,968.5999755859375,944.4500122070312,960.2999877929688,945.2368774414062,702848,0.0,0.0
2025-01-21,961.0499877929688,978.0,957.9000244140625,972.0999755859375,956.851806640625,2281022,0.0,0.0
2025-01-22,976.9000244140625,981.7000122070312,958.1500244140625,967.4000244140625,952.2255859375,1759236,0.0,0.0
2025-01-23,967.3499755859375,993.5,961.1500244140625,983.9000244140625,968.466796875,1235360,0.0,0.0
2025-01-24,988.75,1004.0,986.4000244140625,992.3499755859375,976.7841796875,2201712,0.0,0.0
2025-01-27,989.0499877929688,998.4000244140625,960.0,965.7999877929688,950.650634765625,1806238,0.0,0.0
2025-01-28,970.9500122070312,979.25,958.0,961.25,946.1719970703125,1647098,0.0,0.0
2025-01-29,961.25,966.6500244140625,938.0,960.5,945.4337768554688,1479070,0.0,0.0
2025-01-30,965.9500122070312,975.0,953.0,966.7000122070312,951.5364990234375,1706978,0.0,0.0
2025-01-31,970.0,1031.199951171875,967.9000244140625,1024.6500244140625,1008.5775756835938,5028986,0.0,0.0
2025-02-01,1026.0,1075.0,1014.75,1069.8499755859375,1053.0684814453125,3077657,0.0,0.0
2025-02-03,1067.3499755859375,1074.449951171875,1033.6500244140625,1036.300048828125,1020.0448608398438,1298543,0.0,0.0
2025-02-04,1040.0,1043.800048828125,1019.0499877929688,1034.199951171875,1017.9777221679688,2251233,0.0,0.0
2025-02-05,1035.0999755859375,1035.25,1010.5499877929688,1015.2999877929688,999.3742065429688,1628436,0.0,0.0
2025-02-06,1020.4000244140625,1026.300048828125,1010.1500244140625,1023.3499755859375,1007.2978515625,1172479,0.0,0.0
2025-02-07,1031.9000244140625,1031.9000244140625,1012.5499877929688,1021.2000122070312,1005.181640625,941811,0.0,0.0
2025-02-10,1020.0,1036.8499755859375,1015.7999877929688,1027.5,1011.3828125,1418998,0.0,0.0
2025-02-11,1029.9000244140625,1035.449951171875,1009.0999755859375,1013.7999877929688,997.897705078125,1204012,0.0,0.0
2025-02-12,1019.0,1039.0,1010.0499877929688,1029.75,1013.5975341796875,1082392,0.0,0.0
2025-02-13,1029.75,1037.0,1016.8499755859375,1022.7999877929688,1006.7565307617188,1169309,0.0,0.0
2025-02-14,1027.9000244140625,1037.8499755859375,1018.0,1022.5499877929688,1006.5104370117188,2032391,0.0,0.0
2025-02-17,1022.0,1027.449951171875,1005.0499877929688,1023.25,1007.199462890625,925113,0.0,0.0
2025-02-18,1019.0999755859375,1027.949951171875,1018.5499877929688,1026.949951171875,1010.8413696289062,789814,0.0,0.0
2025-02-19,1024.0,1032.8499755859375,1021.2999877929688,1025.300048828125,1009.2173461914062,782204,0.0,0.0
2025-02-20,1020.0,1030.25,1003.6500244140625,1008.9000244140625,993.0745849609375,878748,0.0,0.0
2025-02-21,1008.0,1013.6500244140625,991.4500122070312,1004.0,988.2514038085938,1330146,0.0,0.0
2025-02-24,990.0,1011.0999755859375,990.0,1002.4000244140625,986.676513671875,1002365,0.0,0.0
2025-02-25,994.0,1010.0,993.1500244140625,1004.8499755859375,989.088134765625,1663313,0.0,0.0
2025-02-27,1005.0,1010.1500244140625,998.25,1008.0,992.188720703125,1362115,0.0,0.0
2025-02-28,995.0,1001.5,957.3499755859375,963.7000122070312,948.5836181640625,5082193,0.0,0.0
2025-03-03,963.7000122070312,970.0,948.4000244140625,953.9000244140625,938.9373168945312,1323481,0.0,0.0
2025-03-04,945.0999755859375,957.8499755859375,943.1500244140625,954.5499877929688,939.5770874023438,1916433,0.0,0.0
2025-03-05,948.5,965.9500122070312,948.0,956.7999877929688,941.7918090820312,2773457,0.0,0.0
2025-03-06,964.0,965.0,943.0499877929688,958.1500244140625,943.1206665039062,2421530,0.0,0.0
2025-03-07,957.0,967.4000244140625,950.1500244140625,962.0499877929688,946.9594116210938,945675,0.0,0.0
2025-03-10,960.0,969.2999877929688,953.0,957.2999877929688,942.283935546875,1660207,0.0,0.0
2025-03-11,956.0,962.4000244140625,930.0999755859375,959.8499755859375,944.7939453125,2748541,0.0,0.0
2025-03-12,951.6500244140625,961.75,943.3499755859375,945.4500122070312,930.6198120117188,1619168,0.0,0.0
2025-03-13,950.0,955.0,940.1500244140625,946.0999755859375,931.2596435546875,907521,0.0,0.0
2025-03-17,946.0999755859375,956.5,934.5999755859375,940.4500122070312,925.6983032226562,993027,0.0,0.0
2025-03-18,940.4500122070312,940.4500122070312,940.4500122070312,940.4500122070312,925.6983032226562,0,0.0,0.0
2025-03-19,947.5,959.8499755859375,945.25,949.8499755859375,934.9508056640625,1650477,0.0,0.0
2025-03-20,953.0999755859375,967.7000122070312,950.25,965.8499755859375,950.6998291015625,2403031,0.0,0.0
2025-03-21,968.0,972.1500244140625,956.5999755859375,961.2000122070312,946.122802734375,3155551,0.0,0.0
2025-03-24,965.25,976.1500244140625,956.5,970.4500122070312,955.2277221679688,1475967,0.0,0.0
2025-03-25,979.0,979.9000244140625,959.0,970.7000122070312,955.4737548828125,1569597,0.0,0.0
2025-03-26,975.0,976.2999877929688,956.9500122070312,959.6500244140625,944.5971069335938,1399118,0.0,0.0
2025-03-27,963.0,980.4000244140625,952.5,973.5499877929688,958.279052734375,2585170,0.0,0.0
2025-03-28,975.5,1015.0,975.0,1001.9000244140625,986.1843872070312,2313101,0.0,0.0
2025-04-01,1003.0,1014.5499877929688,989.25,992.25,976.685791015625,1045548,0.0,0.0
2025-04-02,1018.0,1073.1500244140625,1015.0,1062.699951171875,1046.0306396484375,8717812,0.0,0.0
2025-04-03,1049.9000244140625,1075.25,1048.0999755859375,1071.0,1054.200439453125,1595000,0.0,0.0
2025-04-04,1065.449951171875,1095.550048828125,1062.9000244140625,1087.8499755859375,1070.7861328125,4089261,0.0,0.0
2025-04-07,1019.0,1077.699951171875,1019.0,1047.3499755859375,1030.92138671875,3200820,0.0,0.0
2025-04-08,1056.0,1073.5,1044.75,1069.75,1052.9700927734375,1444712,0.0,0.0
2025-04-09,1062.0,1092.949951171875,1060.050048828125,1089.75,1072.6563720703125,2274161,0.0,0.0
2025-04-11,1125.0,1126.0,1093.75,1097.9000244140625,1080.678466796875,1888677,0.0,0.0
2025-04-15,1108.300048828125,1111.0,1094.0999755859375,1103.4000244140625,1086.09228515625,1023355,0.0,0.0
2025-04-16,1094.0999755859375,1108.9000244140625,1086.800048828125,1105.9000244140625,1088.552978515625,679360,0.0,0.0
2025-04-17,1104.0,1133.800048828125,1094.5,1120.199951171875,1102.6287841796875,1541674,0.0,0.0
2025-04-21,1120.199951171875,1129.5,1102.4000244140625,1121.0,1103.416259765625,692767,0.0,0.0
2025-04-22,1121.699951171875,1149.0,1118.199951171875,1136.699951171875,1118.869873046875,1231830,0.0,0.0
2025-04-23,1143.0,1156.5999755859375,1132.5999755859375,1150.0999755859375,1132.0596923828125,1760325,0.0,0.0
2025-04-24,1151.0,1168.9000244140625,1098.300048828125,1161.300048828125,1143.0841064453125,5766752,0.0,0.0
2025-04-25,1160.199951171875,1165.0,1130.699951171875,1155.699951171875,1137.57177734375,1451946,0.0,0.0
2025-04-28,1146.0999755859375,1162.5,1145.0,1155.199951171875,1137.0797119140625,663435,0.0,0.0
2025-04-29,1155.199951171875,1174.0999755859375,1149.9000244140625,1168.9000244140625,1150.5648193359375,1439143,0.0,0.0
2025-04-30,1174.699951171875,1180.5,1152.4000244140625,1165.800048828125,1147.5135498046875,1477319,0.0,0.0
2025-05-02,1157.0,1176.199951171875,1151.0,1154.699951171875,1136.5875244140625,825657,0.0,0.0
2025-05-05,1155.5,1173.5999755859375,1153.0,1161.5,1143.281005859375,1359727,0.0,0.0
2025-05-06,1161.5,1173.5,1152.5999755859375,1155.300048828125,1137.17822265625,1382140,0.0,0.0
2025-05-07,1140.0,1162.300048828125,1136.4000244140625,1146.0,1128.0240478515625,1792683,0.0,0.0
2025-05-08,1136.0,1140.0,1107.5,1116.0,1098.49462890625,2692162,0.0,0.0
2025-05-09,1098.0,1118.5999755859375,1086.4000244140625,1113.699951171875,1096.2305908203125,815694,0.0,0.0
2025-05-12,1123.0,1155.0,1123.0,1145.5999755859375,1127.63037109375,748637,0.0,0.0
2025-05-13,1145.300048828125,1150.300048828125,1116.199951171875,1118.5999755859375,1101.0538330078125,1096797,0.0,0.0
2025-05-14,1118.5999755859375,1128.9000244140625,1115.800048828125,1120.4000244140625,1102.82568359375,1386813,0.0,0.0
2025-05-15,1120.4000244140625,1159.199951171875,1105.5,1147.199951171875,1129.2052001953125,2064096,0.0,0.0
2025-05-16,1154.9000244140625,1173.5,1144.0,1168.0,1149.678955078125,1336653,0.0,0.0
2025-05-19,1168.0,1169.699951171875,1143.0,1149.300048828125,1131.2723388671875,786128,0.0,0.0
2025-05-20,1149.0,1155.199951171875,1126.800048828125,1128.5,1110.798583984375,825451,0.0,0.0
2025-05-21,1128.5,1153.5,1123.800048828125,1138.800048828125,1120.93701171875,619421,0.0,0.0
2025-05-22,1138.800048828125,1138.800048828125,1115.5,1126.699951171875,1109.0267333984375,1414277,0.0,0.0
2025-05-23,1126.5,1152.0,1124.0,1140.800048828125,1122.90576171875,897235,0.0,0.0
2025-05-26,1137.0,1153.4000244140625,1137.0,1146.300048828125,1128.3194580078125,616370,0.0,0.0
2025-05-27,1146.5999755859375,1149.800048828125,1127.199951171875,1138.4000244140625,1120.5433349609375,901912,0.0,0.0
2025-05-28,1138.4000244140625,1138.800048828125,1119.0,1121.4000244140625,1103.8099365234375,492483,0.0,0.0
2025-05-29,1115.699951171875,1118.0999755859375,1098.199951171875,1109.800048828125,1100.488037109375,2556089,8.25,0.0
2025-05-30,1109.800048828125,1119.800048828125,1101.5999755859375,1106.300048828125,1097.0174560546875,2475644,0.0,0.0
2025-06-02,1100.0,1125.0,1099.199951171875,1120.4000244140625,1110.9991455078125,907133,0.0,0.0
2025-06-03,1116.0999755859375,1123.199951171875,1110.0999755859375,1114.5999755859375,1105.2476806640625,795876,0.0,0.0
2025-06-04,1110.0,1125.9000244140625,1110.0,1124.4000244140625,1114.965576171875,635699,0.0,0.0
2025-06-05,1124.5,1127.0999755859375,1108.199951171875,1111.9000244140625,1102.5704345703125,1044950,0.0,0.0
2025-06-06,1111.9000244140625,1123.9000244140625,1109.4000244140625,1115.5999755859375,1106.2393798828125,503186,0.0,0.0
2025-06-09,1115.5999755859375,1122.5,1110.199951171875,1121.199951171875,1111.7923583984375,467790,0.0,0.0
2025-06-10,1121.199951171875,1128.5999755859375,1112.699951171875,1115.0999755859375,1105.7435302734375,460271,0.0,0.0
2025-06-11,1115.199951171875,1119.0,1102.0,1104.300048828125,1095.0341796875,862130,0.0,0.0
2025-06-12,1108.9000244140625,1108.9000244140625,1080.0,1085.0999755859375,1075.9952392578125,941294,0.0,0.0
2025-06-13,1066.5999755859375,1080.5999755859375,1066.5999755859375,1078.4000244140625,1069.3515625,614108,0.0,0.0
2025-06-16,1074.0,1085.0,1073.5999755859375,1083.4000244140625,1074.3095703125,439929,0.0,0.0
2025-06-17,1083.4000244140625,1094.0,1065.5,1071.5999755859375,1062.6085205078125,664517,0.0,0.0
2025-06-18,1066.4000244140625,1075.800048828125,1059.0,1065.199951171875,1056.26220703125,545933,0.0,0.0
2025-06-19,1065.199951171875,1091.5999755859375,1061.5999755859375,1088.300048828125,1079.16845703125,2816398,0.0,0.0
2025-06-20,1088.300048828125,1103.0,1082.699951171875,1100.199951171875,1090.968505859375,2084108,0.0,0.0
2025-06-23,1090.0,1112.0,1090.0,1109.4000244140625,1100.0914306640625,758904,0.0,0.0
2025-06-24,1112.0,1116.9000244140625,1104.4000244140625,1107.699951171875,1098.4056396484375,1134930,0.0,0.0
2025-06-25,1107.699951171875,1133.9000244140625,1106.5999755859375,1126.5,1117.0479736328125,1564437,0.0,0.0
2025-06-26,1122.0,1150.0,1119.0999755859375,1145.4000244140625,1135.789306640625,2236678,0.0,0.0
2025-06-27,1144.0,1147.199951171875,1120.0,1124.300048828125,1114.866455078125,622376,0.0,0.0
2025-06-30,1124.0,1126.699951171875,1090.5999755859375,1098.9000244140625,1089.6795654296875,1836286,0.0,0.0
2025-07-01,1098.9000244140625,1100.699951171875,1085.9000244140625,1095.5999755859375,1086.4071044921875,971874,0.0,0.0
2025-07-02,1094.0,1098.300048828125,1084.0,1095.800048828125,1086.6055908203125,1230645,0.0,0.0
2025-07-03,1096.0,1105.800048828125,1086.699951171875,1089.4000244140625,1080.25927734375,730322,0.0,0.0
2025-07-04,1091.0,1095.0,1082.0,1089.699951171875,1080.556640625,573351,0.0,0.0
2025-07-07,1085.0,1108.199951171875,1085.0,1101.9000244140625,1092.654296875,1152136,0.0,0.0
2025-07-08,1108.0,1108.5999755859375,1093.5,1099.9000244140625,1090.671142578125,605639,0.0,0.0
2025-07-09,1100.0,1107.4000244140625,1091.5999755859375,1097.9000244140625,1088.6878662109375,752158,0.0,0.0
2025-07-10,1097.9000244140625,1103.699951171875,1080.0999755859375,1088.9000244140625,1079.763427734375,533377,0.0,0.0
2025-07-11,1083.9000244140625,1101.800048828125,1074.0,1076.800048828125,1067.7650146484375,983485,0.0,0.0
2025-07-14,1076.800048828125,1083.5,1070.0,1071.800048828125,1062.806884765625,770739,0.0,0.0
2025-07-15,1071.800048828125,1085.0,1067.5,1081.800048828125,1072.7230224609375,538506,0.0,0.0
2025-07-16,1081.800048828125,1089.9000244140625,1068.199951171875,1081.5,1072.425537109375,1753658,0.0,0.0
2025-07-17,1081.5,1109.699951171875,1080.0,1105.800048828125,1096.5216064453125,1193262,0.0,0.0
2025-07-18,1106.0,1108.300048828125,1093.5,1095.9000244140625,1086.7047119140625,844437,0.0,0.0
2025-07-21,1095.800048828125,1095.800048828125,1077.0,1090.300048828125,1081.1517333984375,805610,0.0,0.0
2025-07-22,1089.9000244140625,1090.300048828125,1075.300048828125,1084.800048828125,1075.6978759765625,961735,0.0,0.0
2025-07-23,1085.0,1087.0,1051.0,1062.5999755859375,1053.68408203125,1508414,0.0,0.0
2025-07-24,1084.0,1104.5,1065.5,1072.800048828125,1063.798583984375,6264546,0.0,0.0
2025-07-25,1078.0,1079.800048828125,1050.0,1054.4000244140625,1045.5528564453125,1180451,0.0,0.0
2025-07-28,1048.0,1071.0,1044.4000244140625,1059.9000244140625,1051.0067138671875,1219854,0.0,0.0
2025-07-29,1059.9000244140625,1076.199951171875,1054.0,1061.5999755859375,1052.6925048828125,944513,0.0,0.0
2025-07-30,1056.0,1083.0,1056.0,1073.0999755859375,1064.095947265625,1175543,0.0,0.0
2025-07-31,1068.699951171875,1079.699951171875,1054.5,1073.199951171875,1064.195068359375,1114320,0.0,0.0
2025-08-01,1067.0999755859375,1089.9000244140625,1067.0,1070.4000244140625,1061.418701171875,1040166,0.0,0.0
2025-08-04,1070.4000244140625,1075.5999755859375,1060.0,1072.5999755859375,1063.60009765625,663828,0.0,0.0
2025-08-05,1072.5999755859375,1073.0,1059.0999755859375,1064.5999755859375,1055.667236328125,861402,0.0,0.0
2025-08-06,1061.0,1067.300048828125,1050.5999755859375,1052.800048828125,1043.96630859375,598309,0.0,0.0
2025-08-07,1051.0,1056.5,1038.699951171875,1052.800048828125,1043.96630859375,600790,0.0,0.0
2025-08-08,1052.0,1062.0,1043.0,1051.0,1042.181396484375,843741,0.0,0.0
2025-08-11,1048.0,1062.9000244140625,1037.699951171875,1059.0999755859375,1050.21337890625,617689,0.0,0.0
2025-08-12,1055.800048828125,1062.9000244140625,1045.0,1046.800048828125,1038.0167236328125,651741,0.0,0.0
2025-08-13,1047.800048828125,1058.699951171875,1043.199951171875,1056.0999755859375,1047.2386474609375,501792,0.0,0.0
2025-08-14,1057.199951171875,1059.4000244140625,1045.4000244140625,1051.199951171875,1042.379638671875,767620,0.0,0.0
2025-08-18,1061.0,1090.0,1059.0,1071.300048828125,1062.3111572265625,1099268,0.0,0.0
2025-08-19,1076.699951171875,1092.9000244140625,1069.0,1085.800048828125,1076.689453125,667231,0.0,0.0
2025-08-20,1086.0,1106.9000244140625,1078.9000244140625,1105.300048828125,1096.02587890625,871108,0.0,0.0
2025-08-21,1104.0,1104.0,1086.5,1088.0999755859375,1078.9700927734375,614098,0.0,0.0
2025-08-22,1087.199951171875,1091.699951171875,1080.0,1084.0999755859375,1075.003662109375,394813,0.0,0.0
2025-08-25,1085.0,1091.300048828125,1079.0999755859375,1081.5999755859375,1072.524658203125,444715,0.0,0.0
2025-08-26,1074.0999755859375,1091.800048828125,1070.0999755859375,1079.9000244140625,1070.8389892578125,1201357,0.0,0.0
2025-08-28,1081.5,1085.199951171875,1060.0,1062.4000244140625,1053.48583984375,641975,0.0,0.0
2025-08-29,1065.0,1077.5,1055.199951171875,1065.4000244140625,1056.4605712890625,1079893,0.0,0.0
2025-09-01,1059.0999755859375,1077.0,1057.0,1075.699951171875,1066.674072265625,807324,0.0,0.0
2025-09-02,1077.0,1105.5999755859375,1074.0999755859375,1100.800048828125,1091.5635986328125,1649975,0.0,0.0
2025-09-03,1102.9000244140625,1106.5999755859375,1086.5,1104.4000244140625,1095.1334228515625,1244093,0.0,0.0
2025-09-04,1126.0,1126.0,1067.199951171875,1071.0999755859375,1062.11279296875,2407789,0.0,0.0
2025-09-05,1074.0,1077.5,1061.199951171875,1072.4000244140625,1063.40185546875,1130356,0.0,0.0
2025-09-08,1072.4000244140625,1081.300048828125,1068.699951171875,1074.199951171875,1065.1866455078125,600835,0.0,0.0
2025-09-09,1074.199951171875,1086.0,1068.0999755859375,1083.5,1074.40869140625,779147,0.0,0.0
2025-09-10,1083.5,1103.0,1081.699951171875,1101.0,1091.7618408203125,1200433,0.0,0.0
2025-09-11,1099.0,1107.800048828125,1094.300048828125,1105.300048828125,1096.02587890625,1030547,0.0,0.0
2025-09-12,1105.0,1109.300048828125,1095.199951171875,1103.9000244140625,1094.6375732421875,1131972,0.0,0.0
2025-09-15,1103.9000244140625,1107.9000244140625,1090.5999755859375,1102.5999755859375,1093.348388671875,1491729,0.0,0.0
2025-09-16,1103.0,1105.4000244140625,1087.0,1092.0999755859375,1082.9365234375,641025,0.0,0.0
2025-09-17,1103.0999755859375,1138.800048828125,1103.0999755859375,1136.300048828125,1126.7657470703125,3361334,0.0,0.0
2025-09-18,1136.300048828125,1144.4000244140625,1123.0,1129.300048828125,1119.824462890625,1030976,0.0,0.0
2025-09-19,1128.5,1132.5999755859375,1114.4000244140625,1126.800048828125,1117.345458984375,1438338,0.0,0.0
2025-09-22,1120.0,1136.800048828125,1119.9000244140625,1130.0999755859375,1120.61767578125,701996,0.0,0.0
2025-09-23,1131.0,1134.5999755859375,1118.4000244140625,1128.5,1119.0311279296875,1082761,0.0,0.0
2025-09-24,1125.0,1147.0999755859375,1118.4000244140625,1140.0999755859375,1130.5338134765625,1100753,0.0,0.0
2025-09-25,1145.0,1146.5,1127.5999755859375,1134.199951171875,1124.6832275390625,1023970,0.0,0.0
2025-09-26,1126.0,1136.9000244140625,1117.199951171875,1119.0,1109.61083984375,565909,0.0,0.0
2025-09-29,1119.0,1130.4000244140625,1103.0,1123.0999755859375,1113.6763916015625,1372491,0.0,0.0
2025-09-30,1123.0,1133.199951171875,1114.0,1129.300048828125,1119.824462890625,1377509,0.0,0.0
2025-10-01,1129.0999755859375,1149.800048828125,1122.0999755859375,1144.800048828125,1135.1944580078125,789835,0.0,0.0
2025-10-03,1146.0,1150.0,1129.0999755859375,1137.5,1127.95556640625,1567152,0.0,0.0
2025-10-06,1133.0,1152.0,1132.300048828125,1142.0999755859375,1132.5169677734375,1472109,0.0,0.0
2025-10-07,1136.4000244140625,1144.9000244140625,1115.300048828125,1120.0,1110.6024169921875,1354474,0.0,0.0
2025-10-08,1112.0,1126.699951171875,1110.0,1120.199951171875,1110.80078125,963508,0.0,0.0
2025-10-09,1117.0,1124.4000244140625,1114.5,1118.0,1108.6192626953125,852898,0.0,0.0
2025-10-10,1116.0,1131.4000244140625,1108.4000244140625,1126.5,1117.0479736328125,982270,0.0,0.0
2025-10-13,1120.0,1132.4000244140625,1112.5,1117.0,1107.627685546875,832628,0.0,0.0
2025-10-14,1115.0,1124.5,1110.699951171875,1118.9000244140625,1109.51171875,1033610,0.0,0.0
2025-10-15,1118.9000244140625,1122.0999755859375,1112.199951171875,1114.199951171875,1104.85107421875,1299596,0.0,0.0
2025-10-16,1114.199951171875,1154.199951171875,1109.0,1149.300048828125,1139.6566162109375,2383412,0.0,0.0
2025-10-17,1152.199951171875,1173.5,1142.5,1166.0,1156.2164306640625,2001759,0.0,0.0
2025-10-20,1166.9000244140625,1187.5,1163.5999755859375,1176.4000244140625,1166.529296875,1751305,0.0,0.0
2025-10-21,1176.4000244140625,1184.4000244140625,1172.5,1174.5999755859375,1164.7442626953125,123219,0.0,0.0
2025-10-23,1174.5999755859375,1191.199951171875,1158.0,1161.0,1151.2584228515625,1137414,0.0,0.0
2025-10-24,1163.300048828125,1163.300048828125,1144.4000244140625,1155.300048828125,1145.6063232421875,1103267,0.0,0.0
2025-10-27,1155.9000244140625,1180.0,1155.9000244140625,1169.9000244140625,1160.083740234375,874449,0.0,0.0
2025-10-28,1169.300048828125,1176.4000244140625,1157.800048828125,1168.9000244140625,1159.0921630859375,842574,0.0,0.0
2025-10-29,1169.0,1188.0,1167.300048828125,1177.0999755859375,1167.2232666015625,1017034,0.0,0.0
2025-10-30,1184.0,1184.0,1167.0,1176.5999755859375,1166.7275390625,900192,0.0,0.0
2025-10-31,1171.0,1183.5,1157.800048828125,1165.0,1155.224853515625,749738,0.0,0.0
2025-11-03,1164.800048828125,1202.800048828125,1157.199951171875,1197.5,1187.4521484375,2595111,0.0,0.0
2025-11-04,1199.800048828125,1199.800048828125,1138.0999755859375,1179.300048828125,1169.4049072265625,2886618,0.0,0.0
2025-11-06,1172.0999755859375,1192.5,1167.4000244140625,1190.4000244140625,1180.4117431640625,2401724,0.0,0.0
2025-11-07,1185.0,1187.800048828125,1155.800048828125,1167.199951171875,1157.4063720703125,1351606,0.0,0.0
2025-11-10,1167.199951171875,1173.800048828125,1138.5999755859375,1142.699951171875,1133.1119384765625,1586398,0.0,0.0
2025-11-11,1148.0,1159.0,1134.0,1156.199951171875,1146.4986572265625,1177071,0.0,0.0
2025-11-12,1156.300048828125,1165.800048828125,1153.0999755859375,1162.0,1152.25,1168588,0.0,0.0
2025-11-13,1168.0,1168.0,1146.5999755859375,1154.800048828125,1145.1104736328125,1603498,0.0,0.0
2025-11-14,1149.0,1163.5999755859375,1146.800048828125,1157.800048828125,1148.0853271484375,1832598,0.0,0.0
2025-11-17,1166.0,1182.800048828125,1158.0,1178.9000244140625,1169.00830078125,2105780,0.0,0.0
2025-11-18,1178.699951171875,1178.699951171875,1151.9000244140625,1154.0999755859375,1144.416259765625,1695622,0.0,0.0
2025-11-19,1154.0999755859375,1165.800048828125,1149.0,1162.0999755859375,1152.3492431640625,1935207,0.0,0.0
2025-11-20,1164.9000244140625,1179.4000244140625,1163.0,1173.9000244140625,1164.0501708984375,2193836,0.0,0.0
2025-11-21,1173.9000244140625,1187.0,1162.5,1183.0999755859375,1173.1729736328125,3194549,0.0,0.0
2025-11-24,1188.5,1194.699951171875,1171.800048828125,1186.0,1176.0487060546875,4765158,0.0,0.0
2025-11-25,1188.0,1194.0,1165.699951171875,1177.699951171875,1167.8182373046875,1258048,0.0,0.0
2025-11-26,1150.0,1187.0,1150.0,1185.300048828125,1175.3546142578125,713335,0.0,0.0
2025-11-27,1187.0,1192.9000244140625,1168.300048828125,1177.699951171875,1167.8182373046875,1118308,0.0,0.0
2025-11-28,1177.0999755859375,1182.0999755859375,1165.699951171875,1172.4000244140625,1162.5628662109375,1020242,0.0,0.0
2025-12-01,1172.4000244140625,1178.0,1159.5999755859375,1163.800048828125,1154.0350341796875,487062,0.0,0.0
2025-12-02,1160.0,1173.0999755859375,1156.199951171875,1162.199951171875,1152.4483642578125,708989,0.0,0.0
2025-12-03,1159.800048828125,1163.4000244140625,1133.5999755859375,1140.0,1130.4346923828125,716554,0.0,0.0
2025-12-04,1153.0,1154.0,1137.0999755859375,1148.4000244140625,1138.76416015625,703643,0.0,0.0
2025-12-05,1148.4000244140625,1165.300048828125,1140.0999755859375,1162.9000244140625,1153.142578125,699541,0.0,0.0
2025-12-08,1162.9000244140625,1171.0,1142.300048828125,1145.800048828125,1136.18603515625,590111,0.0,0.0
2025-12-09,1140.5999755859375,1151.0999755859375,1131.9000244140625,1146.699951171875,1137.078369140625,851746,0.0,0.0
2025-12-10,1141.0999755859375,1156.699951171875,1138.300048828125,1140.0999755859375,1130.5338134765625,342793,0.0,0.0
2025-12-11,1136.0999755859375,1154.199951171875,1135.0,1142.0999755859375,1132.5169677734375,616435,0.0,0.0
2025-12-12,1142.0999755859375,1151.0,1138.0,1149.300048828125,1139.6566162109375,751834,0.0,0.0
2025-12-15,1143.0,1169.4000244140625,1140.0999755859375,1157.4000244140625,1147.688720703125,1037323,0.0,0.0
2025-12-16,1157.4000244140625,1176.699951171875,1153.4000244140625,1169.9000244140625,1160.083740234375,1181775,0.0,0.0
2025-12-17,1170.0,1187.9000244140625,1170.0,1179.800048828125,1169.9007568359375,1502200,0.0,0.0
2025-12-18,1176.9000244140625,1183.5999755859375,1168.0,1171.5,1161.6702880859375,568209,0.0,0.0
2025-12-19,1171.5,1186.300048828125,1169.5999755859375,1184.0,1174.0654296875,598033,0.0,0.0
2025-12-22,1184.0,1188.699951171875,1174.0999755859375,1178.800048828125,1168.9091796875,670307,0.0,0.0
2025-12-23,1178.800048828125,1187.300048828125,1171.0,1185.5999755859375,1175.6519775390625,805182,0.0,0.0
2025-12-24,1187.300048828125,1189.5,1171.4000244140625,1179.199951171875,1169.3056640625,530345,0.0,0.0
2025-12-26,1173.5999755859375,1179.800048828125,1172.0,1175.699951171875,1165.8350830078125,322741,0.0,0.0
2025-12-29,1174.0,1200.9000244140625,1170.5,1195.199951171875,1185.17138671875,1806020,0.0,0.0
2025-12-30,1200.699951171875,1201.800048828125,1171.0999755859375,1179.0,1169.107421875,2256987,0.0,0.0
2025-12-31,1179.0,1195.0999755859375,1172.5999755859375,1192.0,1181.998291015625,960678,0.0,0.0
2026-01-01,1192.0,1195.5,1173.300048828125,1176.9000244140625,1167.0250244140625,947192,0.0,0.0
2026-01-02,1176.9000244140625,1185.699951171875,1168.4000244140625,1170.699951171875,1160.876953125,955406,0.0,0.0
2026-01-05,1165.0,1191.0,1165.0,1182.0999755859375,1172.181396484375,1521762,0.0,0.0
2026-01-06,1182.0999755859375,1215.0,1182.0999755859375,1210.4000244140625,1200.2440185546875,1202300,0.0,0.0
2026-01-07,1216.4000244140625,1220.9000244140625,1205.300048828125,1212.5999755859375,1202.4254150390625,1021615,0.0,0.0
2026-01-08,1212.0,1212.0,1193.0,1197.4000244140625,1187.35302734375,562710,0.0,0.0
2026-01-09,1197.300048828125,1207.800048828125,1173.800048828125,1175.9000244140625,1166.033447265625,555547,0.0,0.0
2026-01-12,1173.5,1196.699951171875,1173.5,1192.300048828125,1182.2958984375,663978,0.0,0.0
2026-01-13,1190.0,1198.300048828125,1181.300048828125,1189.4000244140625,1179.420166015625,598454,0.0,0.0
2026-01-14,1189.4000244140625,1191.0,1168.5999755859375,1171.4000244140625,1161.5711669921875,577684,0.0,0.0
2026-01-15,1171.4000244140625,1171.4000244140625,1171.4000244140625,1171.4000244140625,1161.5711669921875,0,0.0,0.0
2026-01-16,1171.300048828125,1199.699951171875,1166.300048828125,1189.0999755859375,1179.1226806640625,1250225,0.0,0.0
2026-01-19,1180.199951171875,1188.5999755859375,1174.0,1180.199951171875,1170.2972412109375,547580,0.0,0.0
2026-01-20,1180.0,1203.9000244140625,1176.300048828125,1185.0,1175.0570068359375,2027446,0.0,0.0
2026-01-21,1180.5,1197.5,1158.699951171875,1163.5999755859375,1153.8365478515625,946906,0.0,0.0
2026-01-22,1165.4000244140625,1188.5,1163.699951171875,1175.199951171875,1165.3392333984375,1495139,0.0,0.0
2026-01-23,1178.5,1187.800048828125,1149.699951171875,1153.5,1143.8214111328125,1456971,0.0,0.0
2026-01-27,1158.5999755859375,1200.0,1149.5,1187.4000244140625,1177.4368896484375,3844021,0.0,0.0
2026-01-28,1190.0,1192.699951171875,1114.0,1131.800048828125,1122.303466796875,4560055,0.0,0.0
2026-01-29,1130.0,1131.4000244140625,1100.0999755859375,1107.199951171875,1097.9097900390625,2786421,0.0,0.0
2026-01-30,1106.5,1138.9000244140625,1100.0999755859375,1133.9000244140625,1124.3858642578125,2570464,0.0,0.0
2026-02-02,1092.9000244140625,1132.699951171875,1084.0,1125.4000244140625,1115.9571533203125,1776779,0.0,0.0
2026-02-03,1148.9000244140625,1180.9000244140625,1136.0999755859375,1155.4000244140625,1145.7054443359375,1254462,0.0,0.0
2026-02-04,1154.0,1170.699951171875,1145.9000244140625,1153.0,1143.3255615234375,1109383,0.0,0.0
2026-02-05,1149.5,1163.5999755859375,1145.300048828125,1155.9000244140625,1146.2012939453125,1162295,0.0,0.0
2026-02-06,1146.0,1162.0,1146.0,1159.300048828125,1149.57275390625,830634,0.0,0.0
2026-02-09,1159.300048828125,1175.0,1156.0,1167.199951171875,1157.4063720703125,1105510,0.0,0.0
2026-02-10,1167.199951171875,1167.800048828125,1148.5999755859375,1152.199951171875,1142.5322265625,978264,0.0,0.0
2026-02-11,1157.5999755859375,1166.199951171875,1150.199951171875,1152.5999755859375,1142.928955078125,751635,0.0,0.0
2026-02-12,1157.0,1157.0,1142.300048828125,1149.300048828125,1139.6566162109375,624666,0.0,0.0
2026-02-13,1148.9000244140625,1154.0,1125.4000244140625,1132.199951171875,1122.7000732421875,525887,0.0,0.0
2026-02-16,1128.5,1141.800048828125,1117.0999755859375,1139.199951171875,1129.641357421875,780629,0.0,0.0
2026-02-17,1133.5,1151.0,1131.699951171875,1148.5,1138.86328125,442621,0.0,0.0
2026-02-18,1148.0,1173.199951171875,1145.800048828125,1169.699951171875,1159.8853759765625,641938,0.0,0.0
2026-02-19,1169.0,1169.0,1151.699951171875,1160.5,1150.7625732421875,994383,0.0,0.0
2026-02-20,1162.0999755859375,1168.5,1153.5,1156.199951171875,1146.4986572265625,484995,0.0,0.0
2026-02-23,1156.199951171875,1179.5,1155.199951171875,1171.800048828125,1161.9678955078125,623773,0.0,0.0
2026-02-24,1161.0,1182.4000244140625,1160.699951171875,1178.0,1168.1158447265625,625615,0.0,0.0
2026-02-25,1183.0999755859375,1185.0,1161.0,1172.300048828125,1162.463623046875,565726,0.0,0.0
2026-02-26,1172.0,1177.4000244140625,1153.5,1159.5,1149.77099609375,629003,0.0,0.0
2026-02-27,1151.0999755859375,1159.5,1134.9000244140625,1141.0,1131.42626953125,2035788,0.0,0.0
2026-03-02,1110.800048828125,1145.800048828125,1110.800048828125,1125.199951171875,1115.7587890625,1368110,0.0,0.0
2026-03-04,1114.5,1118.800048828125,1098.699951171875,1110.5999755859375,1101.28125,1221984,0.0,0.0
2026-03-05,1112.300048828125,1123.699951171875,1095.800048828125,1119.0999755859375,1109.7099609375,1368338,0.0,0.0
2026-03-06,1119.0999755859375,1128.699951171875,1112.0999755859375,1116.699951171875,1107.330078125,919798,0.0,0.0
2026-03-09,1086.699951171875,1106.9000244140625,1082.5,1102.5,1093.249267578125,1007371,0.0,0.0
2026-03-10,1102.4000244140625,1111.0,1096.0,1099.5,1090.2744140625,1165119,0.0,0.0
2026-03-11,1102.0,1102.0999755859375,1070.199951171875,1073.4000244140625,1064.3934326171875,1066872,0.0,0.0
2026-03-12,1070.5,1072.800048828125,1051.4000244140625,1057.800048828125,1048.9244384765625,961388,0.0,0.0
2026-03-13,1049.0,1093.9000244140625,1048.0,1083.5999755859375,1074.5078125,2855691,0.0,0.0
2026-03-16,1083.5999755859375,1099.699951171875,1071.0,1092.699951171875,1083.531494140625,1527989,0.0,0.0
2026-03-17,1092.699951171875,1104.199951171875,1074.0,1078.0,1068.954833984375,1998285,0.0,0.0
2026-03-18,1075.5999755859375,1085.199951171875,1068.0,1075.0999755859375,1066.0792236328125,1092393,0.0,0.0
2026-03-19,1055.0999755859375,1067.9000244140625,1039.4000244140625,1044.5999755859375,1035.8350830078125,747138,0.0,0.0
2026-03-20,1054.699951171875,1056.0,1043.5,1050.199951171875,1041.3880615234375,2095970,0.0,0.0
2026-03-23,1036.0999755859375,1042.0,1019.5999755859375,1023.5999755859375,1015.0112915039062,2006447,0.0,0.0
2026-03-24,1030.9000244140625,1059.5,1022.7999877929688,1053.0999755859375,1044.2637939453125,1423695,0.0,0.0
2026-03-25,1053.0999755859375,1073.0,1050.5999755859375,1056.0999755859375,1047.2386474609375,1566241,0.0,0.0
2026-03-27,1049.300048828125,1057.5,1032.699951171875,1048.5,1039.702392578125,1815831,0.0,0.0
2026-03-30,1038.800048828125,1047.9000244140625,1010.7999877929688,1014.7999877929688,1006.28515625,1801570,0.0,0.0
2026-04-01,1025.0,1036.0,1013.0,1023.7999877929688,1015.2095947265625,1309809,0.0,0.0
2026-04-02,1020.0,1046.0999755859375,1007.2000122070312,1042.0,1033.2569580078125,2586178,0.0,0.0
2026-04-06,1043.0,1063.5999755859375,1022.7000122070312,1055.199951171875,1046.3460693359375,2179297,0.0,0.0
2026-04-07,1045.300048828125,1064.4000244140625,1034.5999755859375,1062.0,1053.089111328125,1342335,0.0,0.0
2026-04-08,1076.0,1091.9000244140625,1066.0,1068.5,1059.5345458984375,1950233,0.0,0.0
2026-04-09,1062.5,1087.0,1060.0999755859375,1078.0,1068.954833984375,2167226,0.0,0.0
2026-04-10,1086.0999755859375,1095.800048828125,1079.0,1093.699951171875,1084.5230712890625,1580158,0.0,0.0
2026-04-13,1075.5,1093.5,1073.800048828125,1090.300048828125,1081.1517333984375,1688476,0.0,0.0
2026-04-15,1098.199951171875,1108.300048828125,1091.699951171875,1094.199951171875,1085.0189208984375,1384602,0.0,0.0
2026-04-16,1098.0,1105.0999755859375,1081.699951171875,1102.5999755859375,1093.348388671875,1439626,0.0,0.0
2026-04-17,1098.4000244140625,1126.4000244140625,1091.0999755859375,1113.199951171875,1103.8594970703125,1287668,0.0,0.0
2026-04-20,1113.199951171875,1129.5,1106.699951171875,1120.4000244140625,1110.9991455078125,1132404,0.0,0.0
2026-04-21,1125.0,1145.5999755859375,1120.5,1142.0,1132.4178466796875,1072221,0.0,0.0
2026-04-22,1144.0,1194.9000244140625,1139.800048828125,1178.5999755859375,1168.710693359375,4284220,0.0,0.0
2026-04-23,1178.0,1188.9000244140625,1160.0999755859375,1184.4000244140625,1174.462158203125,1581113,0.0,0.0
2026-04-24,1185.0,1197.0,1162.0,1174.0,1164.1494140625,1235448,0.0,0.0
2026-04-27,1168.0,1183.9000244140625,1155.0,1160.5,1150.7625732421875,1019797,0.0,0.0
2026-04-28,1150.199951171875,1159.800048828125,1144.0,1147.699951171875,1138.0699462890625,1646292,0.0,0.0
2026-04-29,1147.699951171875,1171.199951171875,1147.699951171875,1168.0,1158.19970703125,1346355,0.0,0.0
2026-04-30,1170.0,1170.0,1139.4000244140625,1144.5999755859375,1134.9959716796875,1433160,0.0,0.0
2026-05-01,1144.5999755859375,1144.5999755859375,1144.5999755859375,1144.5999755859375,1134.9959716796875,0,0.0,0.0
2026-05-04,1149.699951171875,1174.4000244140625,1149.699951171875,1160.4000244140625,1150.6634521484375,1313831,0.0,0.0
2026-05-05,1161.199951171875,1166.800048828125,1149.0,1153.5,1143.8214111328125,1065572,0.0,0.0
2026-05-06,1160.0,1166.9000244140625,1138.9000244140625,1152.199951171875,1142.5322265625,1566762,0.0,0.0
2026-05-07,1152.199951171875,1162.199951171875,1135.5999755859375,1151.699951171875,1142.036376953125,1465163,0.0,0.0
2026-05-08,1155.0,1194.0,1155.0,1176.199951171875,1166.330810546875,3672201,0.0,0.0
2026-05-11,1202.199951171875,1279.4000244140625,1200.0,1271.0,1260.33544921875,19203071,0.0,0.0
2026-05-12,1269.699951171875,1282.699951171875,1250.4000244140625,1253.0,1242.4864501953125,3357918,0.0,0.0
2026-05-13,1249.0999755859375,1277.9000244140625,1233.0,1235.0,1224.6375732421875,2412317,0.0,0.0
2026-05-14,1241.0,1250.0,1224.300048828125,1228.300048828125,1217.9937744140625,1390903,0.0,0.0
2026-05-15,1228.800048828125,1255.0999755859375,1225.800048828125,1234.0,1223.6458740234375,2755516,0.0,0.0
2026-05-18,1230.699951171875,1233.4000244140625,1215.0999755859375,1231.0,1220.671142578125,1494098,0.0,0.0
2026-05-19,1231.0,1236.5999755859375,1206.4000244140625,1210.9000244140625,1200.73974609375,2163846,0.0,0.0
2026-05-20,1207.0999755859375,1216.5999755859375,1194.199951171875,1208.699951171875,1198.55810546875,1718132,0.0,0.0
2026-05-21,1211.199951171875,1217.4000244140625,1192.0,1194.9000244140625,1184.8740234375,1443629,0.0,0.0
2026-05-22,1198.0,1204.0,1189.0999755859375,1191.800048828125,1181.800048828125,1808205,0.0,0.0
2026-05-25,1191.0,1198.5999755859375,1181.5,1187.199951171875,1187.199951171875,1811755,10.0,0.0
2026-05-26,1191.699951171875,1200.199951171875,1174.5,1187.5999755859375,1187.5999755859375,1766780,0.0,0.0
2026-05-27,1190.0,1208.0,1184.699951171875,1204.5999755859375,1204.5999755859375,1608027,0.0,0.0
2026-05-28,1204.5999755859375,1204.5999755859375,1204.5999755859375,1204.5999755859375,1204.5999755859375,0,0.0,0.0
2026-05-29,1204.5999755859375,1211.0,1168.4000244140625,1178.4000244140625,1178.4000244140625,9836874,0.0,0.0
2026-06-01,1178.4000244140625,1182.5,1140.4000244140625,1143.300048828125,1143.300048828125,2075188,0.0,0.0
2026-06-02,1126.5,1164.0999755859375,1124.199951171875,1154.699951171875,1154.699951171875,2873292,0.0,0.0
2026-06-03,1160.0,1163.9000244140625,1140.5,1144.0,1144.0,1872463,0.0,0.0
2026-06-04,1135.0,1163.4000244140625,1135.0,1149.300048828125,1149.300048828125,1711734,0.0,0.0
2026-06-05,1149.800048828125,1156.0,1129.0,1130.9000244140625,1130.9000244140625,998276,0.0,0.0
2026-06-08,1115.0,1124.5999755859375,1103.300048828125,1107.0,1107.0,762825,0.0,0.0
2026-06-09,1117.0,1117.0,1093.5999755859375,1106.5,1106.5,757420,0.0,0.0
2026-06-10,1103.9000244140625,1134.300048828125,1101.0,1108.0,1108.0,2202915,0.0,0.0
2026-06-11,1108.0,1119.0,1105.0,1108.5999755859375,1108.5999755859375,737748,0.0,0.0
2026-06-12,1120.800048828125,1120.800048828125,1096.699951171875,1100.699951171875,1100.699951171875,1455068,0.0,0.0
2026-06-15,1109.699951171875,1117.0,1097.5,1100.4000244140625,1100.4000244140625,1264668,0.0,0.0
2026-06-16,1111.199951171875,1135.800048828125,1107.5999755859375,1130.9000244140625,1130.9000244140625,2602426,0.0,0.0
2026-06-17,1126.0,1134.199951171875,1117.9000244140625,1124.5,1124.5,931423,0.0,0.0
2026-06-18,1124.5999755859375,1132.0,1106.0999755859375,1111.4000244140625,1111.4000244140625,871582,0.0,0.0
2026-06-19,1105.0,1118.5,1103.199951171875,1111.5,1111.5,1309050,0.0,0.0
2026-06-22,1111.5,1117.5,1105.199951171875,1112.9000244140625,1112.9000244140625,889468,0.0,0.0
2026-06-23,1118.0,1126.699951171875,1101.0999755859375,1103.800048828125,1103.800048828125,1416080,0.0,0.0
2026-06-24,1105.0,1109.0999755859375,1092.0,1098.0999755859375,1098.0999755859375,1405228,0.0,0.0
2026-06-25,1104.9000244140625,1135.300048828125,1099.800048828125,1131.300048828125,1131.300048828125,2959240,0.0,0.0
2026-06-26,1131.300048828125,1131.300048828125,1131.300048828125,1131.300048828125,1131.300048828125,0,0.0,0.0
2026-06-29,1142.5999755859375,1142.699951171875,1102.0,1112.800048828125,1112.800048828125,1632263,0.0,0.0
2026-06-30,1089.0,1097.699951171875,1065.0999755859375,1075.5999755859375,1075.5999755859375,5430865,0.0,0.0
2026-07-01,1078.9000244140625,1094.0,1072.0999755859375,1090.9000244140625,1090.9000244140625,2201765,0.0,0.0
2026-07-02,1099.9000244140625,1115.0,1085.0999755859375,1107.199951171875,1107.199951171875,2315853,0.0,0.0
2026-07-03,1115.300048828125,1124.699951171875,1096.300048828125,1116.699951171875,1116.699951171875,1546610,0.0,0.0
2026-07-06,1115.0999755859375,1122.4000244140625,1110.5,1117.9000244140625,1117.9000244140625,942307,0.0,0.0
2026-07-07,1111.199951171875,1130.0,1108.300048828125,1125.0,1125.0,1423870,0.0,0.0
2026-07-08,1112.9000244140625,1120.300048828125,1084.300048828125,1089.800048828125,1089.800048828125,1518093,0.0,0.0
2026-07-09,1098.800048828125,1114.199951171875,1091.699951171875,1106.699951171875,1106.699951171875,1017956,0.0,0.0
2026-07-10,1105.0,1117.699951171875,1105.0,1111.9000244140625,1111.9000244140625,1189725,0.0,0.0
2026-07-13,1105.5999755859375,1106.5999755859375,1092.0999755859375,1098.5999755859375,1098.5999755859375,1072732,0.0,0.0
2026-07-14,1089.800048828125,1110.199951171875,1089.800048828125,1097.5999755859375,1097.5999755859375,1581478,0.0,0.0
2026-07-15,1095.5,1101.9000244140625,1081.0999755859375,1085.5,1085.5,1154409,0.0,0.0
2026-07-16,1088.300048828125,1100.0,1081.699951171875,1088.5,1088.5,1188115,0.0,0.0
2026-07-17,1082.0,1091.800048828125,1074.9000244140625,1088.5999755859375,1088.5999755859375,1262534,0.0,0.0
2026-07-20,1089.0,1097.9000244140625,1085.300048828125,1091.9000244140625,1091.9000244140625,1003699,0.0,0.0
2026-07-21,1093.0,1096.5,1079.9000244140625,1081.5,1081.5,1241515,0.0,0.0
2026-07-22,1074.199951171875,1099.4000244140625,1071.0999755859375,1094.9000244140625,1094.9000244140625,1519534,0.0,0.0
2026-07-23,1099.0,1111.0,1091.0999755859375,1107.699951171875,1107.699951171875,1965538,0.0,0.0
2026-07-24,1100.0,1117.0999755859375,1079.0,1088.0,1088.0,1644917,0.0,0.0
2026-07-27,1115.0999755859375,1123.4000244140625,1096.5999755859375,1107.4000244140625,1107.4000244140625,2360635,0.0,0.0
2026-07-28,1108.0,1115.9000244140625,1078.199951171875,1082.0999755859375,1082.0999755859375,1500024,0.0,0.0
2026-07-29,1092.5,1106.5999755859375,1085.699951171875,1096.0999755859375,1096.0999755859375,1130132,0.0,0.0
2026-07-30,1096.0999755859375,1108.9000244140625,1090.4000244140625,1094.199951171875,1094.199951171875,1677784,0.0,0.0
2026-07-31,1098.9000244140625,1098.9000244140625,1081.0,1083.0999755859375,1083.0999755859375,1479617,0.0,0.0
2026-08-03,1085.0,1110.0,1083.0999755859375,1110.0,1110.0,1322017,0.0,0.0
2026-08-04,1102.9000244140625,1104.4000244140625,1079.699951171875,1092.0,1092.0,2064394,0.0,0.0
2026-08-05,1086.300048828125,1096.300048828125,1082.9000244140625,1096.300048828125,1096.300048828125,1294174,0.0,0.0
2026-08-06,1102.0,1102.0,1086.0,1090.0,1090.0,1350606,0.0,0.0
2026-08-07,1082.199951171875,1092.0,1078.0,1082.300048828125,1082.300048828125,879013,0.0,0.0
2026-08-10,1085.5999755859375,1109.800048828125,1082.300048828125,1108.699951171875,1108.699951171875,1417750,0.0,0.0
2026-08-11,1108.699951171875,1109.5999755859375,1074.5999755859375,1078.0,1078.0,1933872,0.0,0.0
2026-08-12,1077.0,1078.0,1054.300048828125,1061.9000244140625,1061.9000244140625,1713131,0.0,0.0
2026-08-13,1061.9000244140625,1095.0,1058.199951171875,1090.5,1090.5,1827014,0.0,0.0
2026-08-14,1090.5,1093.4000244140625,1079.5,1079.5,1079.5,1039725,0.0,0.0
2026-08-17,1083.800048828125,1084.5,1070.9000244140625,1072.5999755859375,1072.5999755859375,881078,0.0,0.0
2026-08-18,1075.5,1079.0999755859375,1061.5999755859375,1061.5999755859375,1061.5999755859375,939925,0.0,0.0
2026-08-19,1061.0999755859375,1071.5,1056.800048828125,1068.0,1068.0,1241204,0.0,0.0
2026-08-20,1068.5999755859375,1074.699951171875,1056.300048828125,1056.300048828125,1056.300048828125,1684035,0.0,0.0
2026-08-21,1060.0,1062.0,1044.699951171875,1049.0,1049.0,1126589,0.0,0.0
2026-08-24,1049.0,1062.5,1041.800048828125,1062.5,1062.5,1085041,0.0,0.0
2026-08-25,1061.699951171875,1061.699951171875,1051.0999755859375,1060.5,1060.5,717171,0.0,0.0
2026-08-26,1063.5,1063.5,1039.5999755859375,1047.0999755859375,1047.0999755859375,1069304,0.0,0.0
2026-08-27,1041.0,1048.4000244140625,1035.5999755859375,1042.0,1042.0,996048,0.0,0.0
2026-08-28,1047.0,1047.0,1030.4000244140625,1040.699951171875,1040.699951171875,971764,0.0,0.0
2026-08-31,1036.4000244140625,1045.0999755859375,1028.0,1037.5,1037.5,1686812,0.0,0.0
2026-09-01,1037.5,1041.800048828125,1025.0999755859375,1030.5,1030.5,1005860,0.0,0.0
2026-09-02,1025.5,1027.4000244140625,1008.2999877929688,1012.0,1012.0,1052859,0.0,0.0
2026-09-03,1012.5,1023.0,1008.0,1019.2000122070312,1019.2000122070312,935640,0.0,0.0
2026-09-04,1020.0,1022.9000244140625,1008.5,1010.0,1010.0,1030689,0.0,0.0
2026-09-07,1014.0,1019.9000244140625,1004.0,1015.0,1015.0,1368015,0.0,0.0
2026-09-08,1015.0,1018.7000122070312,1007.9000244140625,1014.0999755859375,1014.0999755859375,720871,0.0,0.0
2026-09-09,1010.7999877929688,1013.7000122070312,1001.0,1001.0,1001.0,973918,0.0,0.0
2026-09-10,1004.0,1005.5999755859375,992.5,999.5999755859375,999.5999755859375,1001929,0.0,0.0
