date,open,high,low,close,adj_close,volume,dividends,stock_splits
2021-01-29,904.1950073242188,910.9349975585938,867.5549926757812,872.2750244140625,869.5750732421875,7273520,0.0,0.0
2021-02-01,875.0,983.8900146484376,863.7999877929688,972.1799926757812,969.1707763671876,15653650,0.0,0.0
2021-02-02,982.77001953125,999.0,931.5,947.6300048828124,944.6967163085938,13943900,0.0,0.0
2021-02-03,956.1599731445312,963.9299926757812,943.5349731445312,953.60498046875,950.6532592773438,6235450,0.0,0.0
2021-02-04,951.0,976.0,947.0499877929688,970.0549926757812,967.0523071289062,6047270,0.0,0.0
2021-02-05,978.0,994.0,955.5999755859376,972.219970703125,969.2105102539062,9225610,0.0,0.0
2021-02-08,975.0,1011.0,973.8049926757812,1002.10498046875,999.0031127929688,9858550,0.0,0.0
2021-02-09,1006.7000122070312,1006.7999877929688,988.2000122070312,994.1649780273438,991.087646484375,5126070,0.0,0.0
2021-02-10,990.0999755859376,1035.4599609375,990.0999755859376,1022.7949829101562,1019.6290893554688,14306670,0.0,0.0
2021-02-11,1010.5,1041.7900390625,1010.5,1021.6649780273438,1018.5025634765624,7155380,0.0,0.0
2021-02-12,1025.0,1033.114990234375,1016.7999877929688,1027.8800048828125,1024.6983642578125,3802850,0.0,0.0
2021-02-15,1033.02001953125,1057.9000244140625,1028.0,1053.77001953125,1050.5081787109375,5364060,0.0,0.0
2021-02-16,1050.0,1053.199951171875,1036.0999755859375,1046.06005859375,1042.8221435546875,3586040,0.0,0.0
2021-02-17,1042.0,1049.8800048828125,1011.219970703125,1018.5650024414062,1015.4121704101562,5822590,0.0,0.0
2021-02-18,1031.0,1031.0,1013.5,1019.89501953125,1016.738037109375,4347410,0.0,0.0
2021-02-19,1015.0,1042.7650146484375,1014.0,1025.0450439453125,1021.8721923828124,6233430,0.0,0.0
2021-02-22,1023.0,1024.9200439453125,996.0150146484376,1000.0599975585938,996.9644165039062,4269080,0.0,0.0
2021-02-23,1005.0999755859376,1019.5,992.9149780273438,1000.864990234375,997.7669677734376,3426100,0.0,0.0
2021-02-24,1003.0,1025.0,1001.5050048828124,1019.9600219726562,1016.8028564453124,2699760,0.0,0.0
2021-02-25,1034.0,1037.7950439453125,1013.1599731445312,1026.4449462890625,1023.267822265625,3548020,0.0,0.0
2021-02-26,995.0,1011.469970703125,960.0,964.8599853515624,961.8734130859376,8465050,0.0,0.0
2021-03-01,979.9000244140624,984.8599853515624,961.3699951171876,977.405029296875,974.3796997070312,3224370,0.0,0.0
2021-03-02,985.0,996.5,977.9099731445312,987.7000122070312,984.6427612304688,2970010,0.0,0.0
2021-03-03,992.6400146484376,1044.4949951171875,989.0399780273438,1039.56005859375,1036.34228515625,5041220,0.0,0.0
2021-03-04,1015.0,1028.0,1007.7750244140624,1012.9949951171876,1009.8594360351562,4121170,0.0,0.0
2021-03-05,1008.0,1016.0999755859376,990.0050048828124,995.8099975585938,992.7276000976562,3551260,0.0,0.0
2021-03-08,997.0,1004.5650024414062,980.530029296875,983.9099731445312,980.8644409179688,2640070,0.0,0.0
2021-03-09,1000.0,1011.9949951171876,986.02001953125,996.9149780273438,993.8292236328124,3062110,0.0,0.0
2021-03-10,1002.5,1009.469970703125,993.0599975585938,999.14501953125,996.0523071289062,2446320,0.0,0.0
2021-03-12,1008.1500244140624,1021.6099853515624,984.0,993.4099731445312,990.3349609375,4543480,0.0,0.0
2021-03-15,996.9000244140624,996.9000244140624,954.4000244140624,968.905029296875,965.906005859375,5459130,0.0,0.0
2021-03-16,972.5,978.5650024414062,958.5,961.3300170898438,958.3543701171876,3705870,0.0,0.0
2021-03-17,963.0,966.1849975585938,948.0050048828124,952.510009765625,949.5615844726562,2934490,0.0,0.0
2021-03-18,960.0,973.5,937.2000122070312,943.0150146484376,940.0960083007812,4011350,0.0,0.0
2021-03-19,935.0,948.9849853515624,921.1599731445312,944.0650024414062,941.1427612304688,4881260,0.0,0.0
2021-03-22,945.0,949.4949951171876,931.2050170898438,940.5850219726562,937.6736450195312,2930290,0.0,0.0
2021-03-23,942.4000244140624,950.6599731445312,938.22998046875,940.52001953125,937.6087646484376,2964830,0.0,0.0
2021-03-24,937.0,937.864990234375,917.9249877929688,920.2050170898438,917.3566284179688,3354390,0.0,0.0
2021-03-25,922.5,925.0,896.0050048828125,905.7550048828124,902.9512939453124,3820080,0.0,0.0
2021-03-26,914.0,950.7000122070312,914.0,946.7449951171876,943.8143920898438,6786360,0.0,0.0
2021-03-30,954.7000122070312,964.5,944.0050048828124,950.2349853515624,947.293701171875,3565110,0.0,0.0
2021-03-31,951.2349853515624,971.5599975585938,945.0,966.8599853515624,963.8671875,4241400,0.0,0.0
2021-04-01,973.0,982.5999755859376,966.75,978.9500122070312,975.9197998046876,3100650,0.0,0.0
2021-04-05,976.0,976.3900146484376,915.0,948.1649780273438,945.2301025390624,6121660,0.0,0.0
2021-04-06,955.0999755859376,962.5,947.5050048828124,951.9500122070312,949.00341796875,3441250,0.0,0.0
2021-04-07,951.9500122070312,965.8400268554688,946.635009765625,953.9600219726562,951.0072021484376,3000030,0.0,0.0
2021-04-08,959.0,973.5150146484376,957.5050048828124,965.47998046875,962.491455078125,3536340,0.0,0.0
2021-04-09,961.0999755859376,971.5,956.0999755859376,962.905029296875,959.9244995117188,3286990,0.0,0.0
2021-04-12,941.9949951171876,945.97998046875,903.5850219726562,916.3150024414062,913.4786376953124,5668360,0.0,0.0
2021-04-13,920.0,984.75,919.0050048828124,980.6699829101562,977.6343994140624,8309150,0.0,0.0
2021-04-15,975.1699829101562,983.4000244140624,959.7000122070312,973.969970703125,970.955078125,5875040,0.0,0.0
2021-04-16,976.5,988.0,976.5,982.4749755859376,979.4338989257812,4001320,0.0,0.0
2021-04-19,950.5499877929688,965.4000244140624,939.260009765625,946.989990234375,944.0586547851562,6974350,0.0,0.0
2021-04-20,960.0,994.5499877929688,960.0,981.9400024414062,978.9005737304688,7987320,0.0,0.0
2021-04-22,970.0,991.1900024414062,961.0,985.385009765625,982.3348999023438,5822100,0.0,0.0
2021-04-23,974.0,1014.239990234375,974.0,991.6649780273438,988.595458984375,6280250,0.0,0.0
2021-04-26,999.2000122070312,1012.5,990.219970703125,1000.1749877929688,997.0789794921876,4195960,0.0,0.0
2021-04-27,1000.0,1013.2999877929688,996.469970703125,1009.135009765625,1006.0113525390624,3428470,0.0,0.0
2021-04-28,1020.0,1061.594970703125,1015.114990234375,1048.9300537109375,1045.6832275390625,11138810,0.0,0.0
2021-04-29,1054.0,1130.0,1052.0,1117.655029296875,1114.1954345703125,16964980,0.0,0.0
2021-04-30,1100.0,1122.5,1086.8699951171875,1104.1650390625,1100.747314453125,8353550,0.0,0.0
2021-05-03,1090.0999755859375,1111.0849609375,1081.4150390625,1104.1700439453125,1100.7523193359375,3969310,0.0,0.0
2021-05-04,1120.0,1121.885009765625,1087.199951171875,1098.64501953125,1095.2442626953125,5221010,0.0,0.0
2021-05-05,1111.0999755859375,1119.4649658203125,1091.52001953125,1111.4449462890625,1108.0045166015625,3077500,0.0,0.0
2021-05-06,1110.0,1119.4100341796875,1099.0,1102.7950439453125,1099.381591796875,2288400,0.0,0.0
2021-05-07,1105.0,1139.2900390625,1100.989990234375,1131.844970703125,1128.3416748046875,3434430,0.0,0.0
2021-05-10,1139.0,1154.9000244140625,1128.0,1133.199951171875,1129.6922607421875,4320370,0.0,0.0
2021-05-11,1119.4000244140625,1131.06494140625,1113.9150390625,1119.3050537109375,1115.840576171875,1986640,0.0,0.0
2021-05-12,1119.0,1132.5,1105.239990234375,1108.7950439453125,1105.3629150390625,2269530,0.0,0.0
2021-05-14,1111.0999755859375,1116.375,1086.800048828125,1097.1500244140625,1093.7537841796875,3136030,0.0,0.0
2021-05-17,1097.0,1137.5,1094.2650146484375,1124.93505859375,1121.452880859375,3180210,0.0,0.0
2021-05-18,1134.56494140625,1158.9000244140625,1129.010009765625,1139.6800537109375,1136.15234375,4039590,0.0,0.0
2021-05-19,1139.0,1143.4000244140625,1117.0050048828125,1121.5150146484375,1118.04345703125,2275670,0.0,0.0
2021-05-20,1126.0,1129.9949951171875,1113.0699462890625,1122.7900390625,1119.3148193359375,1778970,0.0,0.0
2021-05-21,1129.6700439453125,1141.5,1121.300048828125,1126.5150146484375,1123.028076171875,2775210,0.0,0.0
2021-05-24,1126.5450439453125,1136.5,1109.5,1116.6800537109375,1113.2235107421875,2142290,0.0,0.0
2021-05-25,1124.5,1140.5,1120.1300048828125,1137.5849609375,1134.063720703125,3941510,0.0,0.0
2021-05-26,1140.0,1198.0,1138.5150146484375,1190.6400146484375,1186.95458984375,10152650,0.0,0.0
2021-05-27,1191.0,1196.81494140625,1173.2049560546875,1188.8800048828125,1185.2000732421875,4079730,0.0,0.0
2021-05-28,1192.5,1202.4949951171875,1168.0,1171.3199462890625,1167.6942138671875,2633150,0.0,0.0
2021-05-31,1171.3199462890625,1185.5050048828125,1161.800048828125,1180.6300048828125,1176.9754638671875,2411520,0.0,0.0
2021-06-01,1183.0,1194.760009765625,1162.7049560546875,1182.989990234375,1179.328125,3024210,0.0,0.0
2021-06-02,1170.9000244140625,1186.0,1170.155029296875,1182.3599853515625,1178.699951171875,1834210,0.0,0.0
2021-06-03,1189.9000244140625,1192.3900146484375,1178.0550537109375,1181.9849853515625,1178.3262939453125,1838160,0.0,0.0
2021-06-04,1185.5,1219.0,1178.5,1215.56494140625,1211.8023681640625,4107690,0.0,0.0
2021-06-07,1188.0,1200.8800048828125,1168.4649658203125,1182.85498046875,1179.1937255859375,5147270,0.0,0.0
2021-06-08,1190.0,1190.0,1167.0,1173.31005859375,1169.67822265625,2896090,0.0,0.0
2021-06-09,1174.0,1183.800048828125,1143.050048828125,1155.885009765625,1152.30712890625,3082860,0.0,0.0
2021-06-10,1155.0999755859375,1220.800048828125,1150.0350341796875,1199.31005859375,1195.5977783203125,6299980,0.0,0.0
2021-06-11,1200.0,1208.0,1185.2900390625,1190.75,1187.064208984375,3529940,0.0,0.0
2021-06-14,1185.0999755859375,1201.5,1167.1650390625,1192.614990234375,1188.92333984375,2887850,0.0,0.0
2021-06-15,1194.9000244140625,1208.489990234375,1176.5,1179.8699951171875,1176.2177734375,3148410,0.0,0.0
2021-06-16,1181.0,1198.5,1177.5,1185.614990234375,1181.9449462890625,2475390,0.0,0.0
2021-06-17,1175.0,1193.719970703125,1173.9949951171875,1181.85498046875,1178.1966552734375,2201700,0.0,0.0
2021-06-18,1186.0,1210.0,1172.0849609375,1199.93505859375,1196.2208251953125,4895670,0.0,0.0
2021-06-21,1180.0,1219.9749755859375,1177.68505859375,1215.6400146484375,1211.8770751953125,2948530,0.0,0.0
2021-06-22,1219.9000244140625,1226.5999755859375,1208.0999755859375,1213.1650390625,1209.40966796875,2749230,0.0,0.0
2021-06-23,1222.5,1240.0,1208.0,1228.2249755859375,1224.4232177734375,3785550,0.0,0.0
2021-06-24,1228.2249755859375,1239.5999755859375,1216.5,1233.324951171875,1229.5072021484375,2785730,0.0,0.0
2021-06-25,1235.5,1252.0,1232.050048828125,1248.6600341796875,1244.794921875,2187170,0.0,0.0
2021-06-28,1250.0,1251.9599609375,1232.0,1237.7900390625,1233.9586181640625,1655170,0.0,0.0
2021-06-29,1238.9000244140625,1249.0,1227.10498046875,1229.989990234375,1226.1827392578125,1571780,0.0,0.0
2021-06-30,1234.5999755859375,1236.9549560546875,1206.5,1210.905029296875,1207.1568603515625,2315460,0.0,0.0
2021-07-01,1219.800048828125,1219.800048828125,1180.0999755859375,1181.64501953125,1177.9873046875,3215210,0.0,0.0
2021-07-02,1196.9000244140625,1196.9000244140625,1165.0999755859375,1175.0450439453125,1171.40771484375,3554370,0.0,0.0
2021-07-05,1179.9000244140625,1194.199951171875,1179.9000244140625,1192.31005859375,1188.6195068359375,1558690,0.0,0.0
2021-07-06,1189.0,1228.2349853515625,1187.1300048828125,1209.0799560546875,1205.33740234375,3205220,0.0,0.0
2021-07-07,1200.0,1239.9000244140625,1200.0,1237.4150390625,1233.5848388671875,4048000,0.0,0.0
2021-07-08,1232.0,1245.0,1224.0,1233.3900146484375,1229.8704833984375,2066300,0.3,0.0
2021-07-09,1235.0999755859375,1291.199951171875,1234.5,1285.4749755859375,1281.806640625,7919220,0.0,0.0
2021-07-12,1288.89501953125,1294.5400390625,1273.89501953125,1290.8900146484375,1287.2061767578125,4091580,0.0,0.0
2021-07-13,1290.239990234375,1299.8800048828125,1280.5,1290.93994140625,1287.256103515625,2741810,0.0,0.0
2021-07-14,1286.25,1303.300048828125,1285.1500244140625,1299.1199951171875,1295.412841796875,2401510,0.0,0.0
2021-07-15,1297.5999755859375,1311.0,1292.199951171875,1295.89501953125,1292.1968994140625,1779910,0.0,0.0
2021-07-16,1295.89501953125,1302.5,1272.574951171875,1274.5699462890625,1270.9326171875,2527820,0.0,0.0
2021-07-19,1268.0,1282.0,1264.3199462890625,1272.1099853515625,1268.479736328125,1881970,0.0,0.0
2021-07-20,1272.5,1277.0999755859375,1253.655029296875,1259.7149658203125,1256.1201171875,1451370,0.0,0.0
2021-07-22,1231.010009765625,1310.0,1230.0050048828125,1306.4599609375,1302.731689453125,5248770,0.0,0.0
2021-07-23,1304.4000244140625,1324.39501953125,1294.5050048828125,1320.1199951171875,1316.352783203125,2898700,0.0,0.0
2021-07-26,1319.9000244140625,1357.5450439453125,1315.489990234375,1352.5050048828125,1348.6455078125,4211700,0.0,0.0
2021-07-27,1353.114990234375,1384.4949951171875,1350.31494140625,1380.7850341796875,1376.8447265625,4134150,0.0,0.0
2021-07-28,1384.7850341796875,1400.0999755859375,1375.5,1397.0550537109375,1393.068359375,3194930,0.0,0.0
2021-07-29,1396.0,1492.5,1394.010009765625,1459.905029296875,1455.739013671875,7105140,0.0,0.0
2021-07-30,1460.5,1461.385009765625,1416.0999755859375,1422.219970703125,1418.161376953125,3545430,0.0,0.0
2021-08-02,1437.5,1439.9949951171875,1408.2550048828125,1412.5150146484375,1408.484130859375,2647090,0.0,0.0
2021-08-03,1425.0,1431.8349609375,1416.0,1429.5,1425.420654296875,2024300,0.0,0.0
2021-08-04,1428.9949951171875,1448.5,1415.6099853515625,1418.719970703125,1414.6712646484375,2831940,0.0,0.0
2021-08-05,1420.780029296875,1424.8900146484375,1396.1600341796875,1399.489990234375,1395.496337890625,2915270,0.0,0.0
2021-08-06,1407.0,1410.8699951171875,1397.5,1400.56494140625,1396.568359375,1374730,0.0,0.0
2021-08-09,1400.760009765625,1446.0,1400.760009765625,1424.2900390625,1420.2255859375,3188650,0.0,0.0
2021-08-10,1427.0,1433.375,1400.4000244140625,1403.6500244140625,1399.6444091796875,2063630,0.0,0.0
2021-08-11,1409.9000244140625,1423.344970703125,1385.2750244140625,1420.6199951171875,1416.566162109375,2118500,0.0,0.0
2021-08-12,1421.0,1438.0,1413.0,1434.0699462890625,1429.9775390625,1609340,0.0,0.0
2021-08-13,1434.0,1443.0899658203125,1426.5,1431.75,1427.6641845703125,1538430,0.0,0.0
2021-08-16,1431.6400146484375,1460.699951171875,1430.9000244140625,1454.9300537109375,1450.7781982421875,2432620,0.0,0.0
2021-08-17,1452.5,1480.0,1436.0050048828125,1473.7249755859375,1469.51953125,2420690,0.0,0.0
2021-08-18,1473.7249755859375,1523.800048828125,1473.6700439453125,1500.635009765625,1496.352783203125,3917340,0.0,0.0
2021-08-20,1485.635009765625,1514.9000244140625,1480.0050048828125,1497.85498046875,1493.58056640625,2750520,0.0,0.0
2021-08-23,1514.800048828125,1542.0,1506.5,1527.18994140625,1522.8319091796875,3266880,0.0,0.0
2021-08-24,1536.7550048828125,1658.47998046875,1526.0,1646.1700439453125,1641.4725341796875,12743930,0.0,0.0
2021-08-25,1654.5,1679.9000244140625,1585.0,1590.43994140625,1585.9012451171875,9745980,0.0,0.0
2021-08-26,1600.050048828125,1612.4200439453125,1567.8299560546875,1595.8800048828125,1591.325927734375,6068820,0.0,0.0
2021-08-27,1608.0,1625.1949462890625,1578.0050048828125,1619.56005859375,1614.9383544921875,4414750,0.0,0.0
2021-08-30,1647.5,1659.5,1626.0,1656.0400390625,1651.314453125,3360380,0.0,0.0
2021-08-31,1650.0,1720.0,1642.824951171875,1714.875,1709.9813232421875,6521270,0.0,0.0
2021-09-01,1716.64501953125,1726.3499755859375,1674.0150146484375,1678.6300048828125,1673.83984375,4618430,0.0,0.0
2021-09-02,1686.5,1690.0,1661.0,1670.324951171875,1665.558349609375,2768790,0.0,0.0
2021-09-03,1677.6800537109375,1685.9849853515625,1656.0,1673.43505859375,1668.65966796875,2485550,0.0,0.0
2021-09-06,1683.5,1696.89501953125,1667.5,1674.699951171875,1669.9208984375,1769580,0.0,0.0
2021-09-07,1674.9000244140625,1694.469970703125,1663.094970703125,1678.1199951171875,1673.331298828125,1881930,0.0,0.0
2021-09-08,1676.0,1688.89501953125,1652.9000244140625,1656.074951171875,1651.34912109375,1909320,0.0,0.0
2021-09-09,1659.4000244140625,1682.6949462890625,1648.405029296875,1675.050048828125,1670.27001953125,1808160,0.0,0.0
2021-09-13,1674.0,1699.4000244140625,1658.0,1693.8199462890625,1688.986328125,2166140,0.0,0.0
2021-09-14,1700.0,1704.0,1679.5799560546875,1683.125,1678.322021484375,1592270,0.0,0.0
2021-09-15,1685.125,1698.199951171875,1680.199951171875,1682.8900146484375,1678.087646484375,1231990,0.0,0.0
2021-09-16,1689.0,1695.0400390625,1662.5,1673.300048828125,1668.5250244140625,1542090,0.0,0.0
2021-09-17,1684.0,1749.9000244140625,1675.0050048828125,1684.02001953125,1679.21435546875,6549510,0.0,0.0
2021-09-20,1677.5050048828125,1733.4000244140625,1670.010009765625,1701.89501953125,1697.038330078125,3252040,0.0,0.0
2021-09-21,1710.0,1765.5,1681.405029296875,1758.7249755859375,1753.7061767578125,3846940,0.0,0.0
2021-09-22,1758.905029296875,1778.0,1750.5,1761.4749755859375,1756.448486328125,2569820,0.0,0.0
2021-09-23,1778.75,1875.0,1768.2049560546875,1850.385009765625,1845.1046142578125,7125510,0.0,0.0
2021-09-24,1859.9949951171875,1881.300048828125,1831.739990234375,1852.5999755859373,1847.3133544921875,3731750,0.0,0.0
2021-09-27,1857.0,1874.760009765625,1793.0050048828125,1803.1099853515625,1797.964599609375,4071680,0.0,0.0
2021-09-28,1818.5,1818.5999755859373,1743.010009765625,1755.0350341796875,1750.02685546875,3220580,0.0,0.0
2021-09-29,1749.8800048828125,1764.7900390625,1730.780029296875,1743.375,1738.4000244140625,3097120,0.0,0.0
2021-09-30,1750.0,1785.9949951171875,1741.219970703125,1778.675048828125,1773.5992431640625,3430000,0.0,0.0
2021-10-01,1773.60498046875,1773.60498046875,1705.0,1717.780029296875,1712.8780517578125,4326770,0.0,0.0
2021-10-04,1735.9949951171875,1793.5999755859375,1730.0999755859375,1780.6199951171875,1775.5386962890625,4013250,0.0,0.0
2021-10-05,1775.4000244140625,1795.0,1752.5,1784.75,1779.656982421875,2681630,0.0,0.0
2021-10-06,1797.4000244140625,1814.5550537109373,1755.7950439453125,1761.6600341796875,1756.6329345703125,3004210,0.0,0.0
2021-10-07,1780.0,1788.0,1742.5,1747.0250244140625,1742.0396728515625,2241000,0.0,0.0
2021-10-08,1762.0,1774.050048828125,1746.0,1754.9449462890625,1749.9368896484375,1522380,0.0,0.0
2021-10-11,1766.56494140625,1804.5,1760.699951171875,1771.39501953125,1766.3399658203125,2340900,0.0,0.0
2021-10-12,1771.39501953125,1847.5,1763.0999755859375,1822.2650146484373,1817.06494140625,4545920,0.0,0.0
2021-10-13,1835.5,1857.489990234375,1814.8599853515625,1818.824951171875,1813.6346435546875,3183880,0.0,0.0
2021-10-14,1835.0,1854.0,1821.510009765625,1848.8900146484373,1843.6138916015625,1968050,0.0,0.0
2021-10-18,1885.0,1910.0,1855.280029296875,1867.7950439453125,1862.4649658203125,2939480,0.0,0.0
2021-10-19,1900.0,1932.5,1860.050048828125,1907.655029296875,1902.2113037109373,3878460,0.0,0.0
2021-10-20,1906.300048828125,1906.300048828125,1840.425048828125,1860.3199462890625,1855.0113525390625,2247980,0.0,0.0
2021-10-21,1878.800048828125,1878.9300537109373,1834.6700439453125,1857.9599609375,1852.657958984375,1925330,0.0,0.0
2021-10-22,1860.0,1925.0550537109373,1855.0,1865.81494140625,1860.4906005859373,5053300,0.0,0.0
2021-10-25,1870.0,1894.699951171875,1800.0,1808.7149658203125,1803.5535888671875,3018040,0.0,0.0
2021-10-26,1820.0,1845.0,1797.5050048828125,1835.3349609375,1830.097412109375,2967490,0.0,0.0
2021-10-27,1859.9000244140625,1859.9000244140625,1777.0,1801.199951171875,1796.06005859375,3253010,0.0,0.0
2021-10-28,1801.199951171875,1837.2049560546875,1780.199951171875,1798.77001953125,1793.636962890625,3425500,0.0,0.0
2021-10-29,1798.77001953125,1817.4000244140625,1713.9549560546875,1782.114990234375,1777.029541015625,3205360,0.0,0.0
2021-11-01,1790.0,1798.0,1717.0999755859375,1756.5699462890625,1751.557373046875,3849290,0.0,0.0
2021-11-02,1765.0,1789.489990234375,1739.2550048828125,1754.260009765625,1749.2540283203125,2719290,0.0,0.0
2021-11-03,1757.969970703125,1775.4749755859375,1744.9100341796875,1750.9449462890625,1745.9483642578125,1838020,0.0,0.0
2021-11-04,1765.0,1775.0,1750.0,1759.4000244140625,1754.3792724609375,315060,0.0,0.0
2021-11-08,1765.0899658203125,1839.2950439453125,1751.5,1831.9749755859373,1826.7471923828125,3161990,0.0,0.0
2021-11-09,1832.0,1847.5,1808.0,1817.25,1812.064208984375,1980870,0.0,0.0
2021-11-10,1814.25,1837.5,1800.25,1832.614990234375,1827.38525390625,1784330,0.0,0.0
2021-11-11,1825.0,1835.0,1781.0,1787.135009765625,1782.03515625,2155580,0.0,0.0
2021-11-12,1813.5,1834.9000244140625,1792.5050048828125,1827.3800048828125,1822.165283203125,2078020,0.0,0.0
2021-11-15,1827.5,1834.5,1800.0,1813.050048828125,1807.8760986328125,1704610,0.0,0.0
2021-11-16,1823.0,1851.0999755859373,1811.875,1820.9749755859373,1815.778564453125,2189550,0.0,0.0
2021-11-17,1818.5,1842.0,1811.18994140625,1825.5400390625,1820.33056640625,1461000,0.0,0.0
2021-11-18,1825.5999755859373,1847.199951171875,1781.1199951171875,1792.125,1787.0108642578125,2745560,0.0,0.0
2021-11-22,1814.0,1814.0,1683.0050048828125,1707.375,1702.5028076171875,3707000,0.0,0.0
2021-11-23,1688.0,1743.7850341796875,1675.7249755859375,1736.81005859375,1731.853759765625,2513150,0.0,0.0
2021-11-24,1743.199951171875,1764.699951171875,1714.0400390625,1740.8699951171875,1735.9019775390625,2740240,0.0,0.0
2021-11-25,1734.9000244140625,1752.199951171875,1722.5250244140625,1736.885009765625,1731.9285888671875,1616200,0.0,0.0
2021-11-26,1720.0,1723.719970703125,1661.0,1668.2550048828125,1663.4945068359375,3424860,0.0,0.0
2021-11-29,1667.0,1709.800048828125,1627.364990234375,1689.0400390625,1684.2200927734375,3042180,0.0,0.0
2021-11-30,1688.0,1750.0,1688.0,1723.7349853515625,1718.8160400390625,4586420,0.0,0.0
2021-12-01,1744.4000244140625,1754.6700439453125,1720.0999755859375,1738.2950439453125,1733.3343505859375,2383490,0.0,0.0
2021-12-02,1740.0,1789.0,1727.344970703125,1775.81494140625,1770.7474365234375,2138810,0.0,0.0
2021-12-03,1775.0,1788.9749755859375,1745.0,1748.8699951171875,1743.87939453125,2034590,0.0,0.0
2021-12-06,1748.699951171875,1759.89501953125,1685.0999755859375,1689.344970703125,1684.524169921875,2036900,0.0,0.0
2021-12-07,1714.0,1725.0,1693.1700439453125,1710.9000244140625,1706.0177001953125,2300780,0.0,0.0
2021-12-08,1716.5999755859375,1767.425048828125,1716.5999755859375,1762.1650390625,1757.136474609375,2842990,0.0,0.0
2021-12-09,1762.5350341796875,1777.18994140625,1748.699951171875,1759.6600341796875,1754.638427734375,2103820,0.0,0.0
2021-12-10,1758.0,1776.35498046875,1730.06494140625,1771.1099853515625,1766.055908203125,2333140,0.0,0.0
2021-12-13,1775.0,1783.594970703125,1725.0,1732.4000244140625,1727.4564208984375,2199130,0.0,0.0
2021-12-14,1720.0,1726.0,1686.5,1712.3499755859375,1707.4635009765625,2420260,0.0,0.0
2021-12-15,1716.9000244140625,1721.4949951171875,1662.0,1666.0699462890625,1661.315673828125,2532210,0.0,0.0
2021-12-16,1687.0,1695.0,1657.5,1670.3349609375,1665.568359375,3253500,0.0,0.0
2021-12-17,1665.0,1685.0,1613.300048828125,1620.4200439453125,1615.7960205078125,3054350,0.0,0.0
2021-12-20,1594.0,1594.0,1545.0,1582.6199951171875,1578.1038818359375,3371600,0.0,0.0
2021-12-21,1615.0,1615.0,1567.699951171875,1583.1949462890625,1578.6771240234375,3368050,0.0,0.0
2021-12-22,1593.0999755859375,1618.4949951171875,1583.0,1594.5899658203125,1590.0396728515625,2612920,0.0,0.0
2021-12-23,1610.0,1621.9549560546875,1602.6500244140625,1616.989990234375,1612.3756103515625,1811180,0.0,0.0
2021-12-24,1625.0,1625.0,1580.0,1592.0550537109375,1587.511962890625,2087360,0.0,0.0
2021-12-27,1561.0350341796875,1613.9949951171875,1556.10498046875,1601.31005859375,1596.740478515625,2351140,0.0,0.0
2021-12-28,1617.2349853515625,1624.9000244140625,1602.1650390625,1610.0849609375,1605.4903564453125,1457220,0.0,0.0
2021-12-29,1610.030029296875,1633.0,1596.5999755859375,1624.905029296875,1620.26806640625,1724280,0.0,0.0
2021-12-30,1620.0,1628.1800537109375,1597.449951171875,1616.7550048828125,1612.1412353515625,2831460,0.0,0.0
2021-12-31,1619.7550048828125,1650.0,1617.0,1640.6199951171875,1635.9381103515625,2300860,0.0,0.0
2022-01-03,1640.6500244140625,1704.0,1640.6500244140625,1698.1300048828125,1693.2840576171875,2710610,0.0,0.0
2022-01-04,1709.9000244140625,1719.0,1685.2099609375,1713.5450439453125,1708.6551513671875,2300430,0.0,0.0
2022-01-05,1710.0,1805.0,1710.0,1798.8399658203125,1793.706787109375,6082100,0.0,0.0
2022-01-06,1770.0999755859375,1808.0,1770.0999755859375,1798.6500244140625,1793.517333984375,3511360,0.0,0.0
2022-01-07,1807.5,1814.2950439453125,1758.0,1775.68994140625,1770.6226806640625,3229140,0.0,0.0
2022-01-10,1780.0,1800.0,1773.06494140625,1779.8800048828125,1774.8009033203125,1697970,0.0,0.0
2022-01-11,1770.0,1793.5050048828125,1762.1099853515625,1779.949951171875,1774.8704833984375,1648180,0.0,0.0
2022-01-12,1790.0,1819.0,1775.0,1793.530029296875,1788.4117431640625,2233940,0.0,0.0
2022-01-13,1799.77001953125,1827.489990234375,1790.0,1822.5,1817.29931640625,2480130,0.0,0.0
2022-01-14,1804.4000244140625,1833.344970703125,1800.0,1820.969970703125,1815.7735595703125,1553280,0.0,0.0
2022-01-17,1829.0,1843.5,1822.0999755859373,1837.06005859375,1831.8177490234373,1352730,0.0,0.0
2022-01-18,1837.68505859375,1855.875,1810.0050048828125,1815.35498046875,1810.174560546875,2056670,0.0,0.0
2022-01-19,1824.0,1862.0999755859373,1787.5350341796875,1807.72998046875,1802.5711669921875,3481740,0.0,0.0
2022-01-20,1807.5,1826.199951171875,1708.0,1725.89501953125,1720.969970703125,5444730,0.0,0.0
2022-01-21,1700.0,1709.5,1622.0,1633.52001953125,1628.8585205078125,5582910,0.0,0.0
2022-01-24,1638.8499755859375,1643.39501953125,1544.4000244140625,1570.7149658203125,1566.232666015625,4736430,0.0,0.0
2022-01-25,1555.050048828125,1568.2449951171875,1525.030029296875,1552.89501953125,1548.463623046875,4090640,0.0,0.0
2022-01-27,1538.5999755859375,1557.0400390625,1501.199951171875,1535.9849853515625,1531.6019287109375,3497270,0.0,0.0
2022-01-28,1560.0999755859375,1578.7650146484375,1515.0,1519.875,1515.537841796875,3509310,0.0,0.0
2022-01-31,1559.0,1574.0999755859375,1532.969970703125,1568.9549560546875,1564.4776611328125,3129920,0.0,0.0
2022-02-01,1582.89501953125,1601.4949951171875,1550.0,1590.385009765625,1585.8466796875,3571870,0.0,0.0
2022-02-02,1603.010009765625,1675.0,1592.5,1670.5999755859375,1665.832763671875,5257450,0.0,0.0
2022-02-03,1670.5999755859375,1671.699951171875,1626.3699951171875,1634.81005859375,1630.144775390625,2891370,0.0,0.0
2022-02-04,1634.800048828125,1646.93505859375,1614.5,1620.574951171875,1615.950439453125,2945050,0.0,0.0
2022-02-07,1616.0,1636.405029296875,1565.0,1571.135009765625,1566.651611328125,3566640,0.0,0.0
2022-02-08,1581.0,1611.97998046875,1572.0,1598.9150390625,1594.3524169921875,4103730,0.0,0.0
2022-02-09,1618.0,1641.489990234375,1612.0,1625.780029296875,1621.140625,2510230,0.0,0.0
2022-02-10,1634.489990234375,1655.0,1603.300048828125,1639.3599853515625,1634.681884765625,2997700,0.0,0.0
2022-02-11,1600.0,1620.0,1591.0,1611.31005859375,1606.7120361328125,2446960,0.0,0.0
2022-02-14,1580.5,1588.7950439453125,1545.0999755859375,1567.4150390625,1562.9422607421875,2961150,0.0,0.0
2022-02-15,1589.0,1642.75,1564.9000244140625,1637.5250244140625,1632.85205078125,3592130,0.0,0.0
2022-02-16,1642.800048828125,1658.989990234375,1619.010009765625,1627.2449951171875,1622.601318359375,2738740,0.0,0.0
2022-02-17,1636.5999755859375,1641.8299560546875,1608.0999755859375,1618.1199951171875,1613.5023193359375,2144330,0.0,0.0
2022-02-18,1606.0999755859375,1628.9000244140625,1602.5849609375,1609.655029296875,1605.0616455078125,1743270,0.0,0.0
2022-02-21,1603.800048828125,1623.81494140625,1578.0,1601.2249755859375,1596.6556396484375,2275920,0.0,0.0
2022-02-22,1530.0,1627.0,1527.5,1618.9449462890625,1614.3250732421875,3223740,0.0,0.0
2022-02-23,1639.0,1639.0,1603.5050048828125,1613.3599853515625,1608.7559814453125,2418300,0.0,0.0
2022-02-24,1560.0,1589.5899658203125,1520.0,1524.52001953125,1520.1695556640625,3615630,0.0,0.0
2022-02-25,1578.800048828125,1606.5,1557.0,1577.2149658203125,1572.714111328125,3203370,0.0,0.0
2022-02-28,1570.0,1608.4849853515625,1536.5,1601.2550048828125,1596.685546875,3732570,0.0,0.0
2022-03-02,1570.5,1615.7149658203125,1563.199951171875,1605.300048828125,1600.718994140625,2817150,0.0,0.0
2022-03-03,1630.0,1634.7950439453125,1564.6800537109375,1570.4100341796875,1565.9287109375,3400140,0.0,0.0
2022-03-04,1559.0,1567.22998046875,1521.199951171875,1533.3199462890625,1528.9443359375,3380590,0.0,0.0
2022-03-07,1499.4000244140625,1499.4000244140625,1379.989990234375,1437.3199462890625,1433.2181396484375,3715210,0.0,0.0
2022-03-08,1440.0,1452.5,1395.10498046875,1445.0699462890625,1440.9461669921875,4625690,0.0,0.0
2022-03-09,1450.1099853515625,1519.9549560546875,1440.0,1501.52001953125,1497.2352294921875,3913410,0.0,0.0
2022-03-10,1564.9000244140625,1585.0,1530.5050048828125,1546.7449951171875,1542.331298828125,4764050,0.0,0.0
2022-03-11,1540.0,1575.0,1528.0,1556.9000244140625,1552.4571533203125,3296320,0.0,0.0
2022-03-14,1547.56005859375,1573.5,1541.1500244140625,1567.8499755859375,1563.3758544921875,2852010,0.0,0.0
2022-03-15,1574.9000244140625,1595.0,1553.405029296875,1570.8900146484375,1566.4072265625,2965110,0.0,0.0
2022-03-16,1590.06005859375,1624.0,1585.10498046875,1612.4849853515625,1607.8834228515625,2983170,0.0,0.0
2022-03-17,1639.9000244140625,1658.9000244140625,1625.5,1637.0799560546875,1632.4083251953125,4020680,0.0,0.0
2022-03-21,1639.9949951171875,1644.39501953125,1615.0,1618.0799560546875,1613.46240234375,2016350,0.0,0.0
2022-03-22,1625.0,1659.0,1595.0999755859375,1649.4599609375,1644.7530517578125,2652790,0.0,0.0
2022-03-23,1660.0,1672.875,1634.4200439453125,1640.7349853515625,1636.052978515625,2290790,0.0,0.0
2022-03-24,1635.0,1651.199951171875,1627.0,1637.8699951171875,1633.196044921875,1839240,0.0,0.0
2022-03-25,1650.0,1650.0,1624.0150146484375,1633.3299560546875,1628.6690673828125,1477480,0.0,0.0
2022-03-28,1640.0,1656.0,1610.10498046875,1651.89501953125,1647.18115234375,1751870,0.0,0.0
2022-03-29,1653.5999755859375,1662.0,1642.31494140625,1650.1700439453125,1645.4610595703125,1981380,0.0,0.0
2022-03-30,1660.0,1724.9849853515625,1653.0999755859375,1712.8900146484375,1708.001953125,4547640,0.0,0.0
2022-03-31,1710.0,1730.0,1698.199951171875,1706.0450439453125,1701.176513671875,2986920,0.0,0.0
2022-04-01,1703.0,1720.0,1701.1199951171875,1713.9200439453125,1709.029052734375,2101410,0.0,0.0
2022-04-04,1719.9000244140625,1748.0,1695.5250244140625,1719.635009765625,1714.727783203125,3243940,0.0,0.0
2022-04-05,1722.0,1730.0,1675.85498046875,1681.885009765625,1677.08544921875,3855370,0.0,0.0
2022-04-06,1681.885009765625,1689.9100341796875,1665.0999755859375,1672.0,1667.2286376953125,2465520,0.0,0.0
2022-04-07,1665.0,1670.0,1648.0,1655.3900146484375,1650.666015625,2167900,0.0,0.0
2022-04-08,1670.0,1684.0,1651.72998046875,1674.9000244140625,1670.120361328125,2133830,0.0,0.0
2022-04-11,1667.5,1684.5450439453125,1655.0050048828125,1657.7850341796875,1653.0543212890625,1696860,0.0,0.0
2022-04-12,1650.199951171875,1650.199951171875,1622.2099609375,1631.8050537109375,1627.1484375,2476470,0.0,0.0
2022-04-13,1640.4000244140625,1650.0,1605.0,1609.0050048828125,1604.413330078125,2483900,0.0,0.0
2022-04-18,1604.0,1604.0,1565.43505859375,1582.7249755859375,1578.20849609375,2818890,0.0,0.0
2022-04-19,1599.9000244140625,1608.0,1559.1500244140625,1572.0550537109375,1567.5689697265625,2596960,0.0,0.0
2022-04-20,1572.0999755859375,1579.9949951171875,1532.3299560546875,1550.9300537109375,1546.504150390625,2517070,0.0,0.0
2022-04-21,1560.0999755859375,1602.0999755859375,1559.2650146484375,1583.574951171875,1579.0560302734375,2364890,0.0,0.0
2022-04-22,1570.0050048828125,1574.8499755859375,1543.0,1545.4200439453125,1541.010009765625,2148760,0.0,0.0
2022-04-25,1535.0,1540.0,1520.0,1526.5150146484375,1522.1588134765625,1642190,0.0,0.0
2022-04-26,1555.0,1563.324951171875,1530.0050048828125,1543.43505859375,1539.03076171875,2206380,0.0,0.0
2022-04-27,1534.1099853515625,1534.1099853515625,1475.135009765625,1482.6400146484375,1478.4090576171875,3411920,0.0,0.0
2022-04-28,1500.0,1525.0,1466.06494140625,1501.18505859375,1496.901123046875,3475000,0.0,0.0
2022-04-29,1528.0,1528.0,1485.0,1491.114990234375,1486.85986328125,2211070,0.0,0.0
2022-05-02,1461.2850341796875,1502.2750244140625,1460.0050048828125,1495.7449951171875,1491.4765625,1907980,0.0,0.0
2022-05-04,1495.7349853515625,1505.875,1427.0,1432.2449951171875,1428.1578369140625,3164040,0.0,0.0
2022-05-05,1449.9000244140625,1471.0999755859375,1405.0,1413.925048828125,1409.8900146484375,2969280,0.0,0.0
2022-05-06,1380.0,1389.530029296875,1351.0,1364.050048828125,1360.157470703125,3516160,0.0,0.0
2022-05-09,1354.0,1401.1650390625,1336.2850341796875,1378.385009765625,1374.4515380859375,4034090,0.0,0.0
2022-05-10,1382.0,1397.9200439453125,1356.199951171875,1363.010009765625,1359.120361328125,2563120,0.0,0.0
2022-05-11,1372.5,1383.06494140625,1315.2049560546875,1332.97998046875,1329.1761474609375,2918480,0.0,0.0
2022-05-12,1326.9000244140625,1326.9000244140625,1275.0,1285.0699462890625,1281.40283203125,3256960,0.0,0.0
2022-05-13,1312.9000244140625,1323.4749755859375,1257.5,1260.8299560546875,1257.2320556640625,3487640,0.0,0.0
2022-05-16,1270.0,1277.8699951171875,1245.0,1265.5250244140625,1261.91357421875,4340040,0.0,0.0
2022-05-17,1270.47998046875,1302.0699462890625,1263.0,1297.2099609375,1293.5081787109375,4286060,0.0,0.0
2022-05-18,1308.0,1314.9649658203125,1261.0050048828125,1276.2149658203125,1272.572998046875,3740540,0.0,0.0
2022-05-19,1248.18994140625,1255.1949462890625,1217.3800048828125,1241.385009765625,1237.842529296875,2864010,0.0,0.0
2022-05-20,1263.9000244140625,1269.9000244140625,1243.1650390625,1256.1700439453125,1252.5853271484375,3233300,0.0,0.0
2022-05-23,1265.0,1279.4000244140625,1250.0,1257.2900390625,1253.7021484375,2788860,0.0,0.0
2022-05-24,1259.0,1262.1800537109375,1228.7750244140625,1235.72998046875,1232.20361328125,2554750,0.0,0.0
2022-05-25,1244.5,1258.81005859375,1233.300048828125,1240.60498046875,1237.0648193359375,2175990,0.0,0.0
2022-05-26,1245.0,1258.5,1206.2249755859375,1247.7750244140625,1244.21435546875,3792040,0.0,0.0
2022-05-27,1265.0,1289.0,1260.4549560546875,1275.8399658203125,1272.1990966796875,3295340,0.0,0.0
2022-05-30,1292.4000244140625,1299.0,1283.699951171875,1292.405029296875,1288.7169189453125,2803920,0.0,0.0
2022-05-31,1292.405029296875,1311.1949462890625,1277.3599853515625,1293.4000244140625,1289.7091064453125,4199190,0.0,0.0
2022-06-01,1295.9000244140625,1302.4949951171875,1253.199951171875,1259.6600341796875,1256.0654296875,2812330,0.0,0.0
2022-06-02,1254.4000244140625,1303.0,1245.0050048828125,1293.5999755859375,1289.9083251953125,3661460,0.0,0.0
2022-06-03,1310.0,1322.0,1265.2049560546875,1269.1600341796875,1265.5382080078125,3171800,0.0,0.0
2022-06-06,1268.9000244140625,1268.9000244140625,1228.2049560546875,1251.6400146484375,1248.068359375,3097470,0.0,0.0
2022-06-07,1244.0,1244.9949951171875,1223.2349853515625,1233.8699951171875,1230.348876953125,1765480,0.0,0.0
2022-06-08,1241.0999755859375,1264.5,1225.0,1246.5,1242.9427490234375,2368430,0.0,0.0
2022-06-09,1232.550048828125,1251.7950439453125,1225.5,1247.0999755859375,1243.5411376953125,1742390,0.0,0.0
2022-06-10,1230.0,1238.094970703125,1217.56494140625,1225.3499755859375,1221.8531494140625,2906700,0.0,0.0
2022-06-13,1200.0,1200.0,1135.0,1138.60498046875,1135.355712890625,4877320,0.0,0.0
2022-06-14,1138.5,1157.7650146484375,1126.5050048828125,1133.6500244140625,1130.4151611328125,3669480,0.0,0.0
2022-06-15,1140.0,1187.0,1140.0,1180.969970703125,1177.599853515625,4962890,0.0,0.0
2022-06-16,1202.5,1206.97998046875,1141.10498046875,1147.18994140625,1143.9163818359375,3940410,0.0,0.0
2022-06-17,1136.0050048828125,1186.43994140625,1135.0,1175.4849853515625,1172.1304931640625,4193620,0.0,0.0
2022-06-20,1185.0,1185.0,1153.2049560546875,1170.9649658203125,1167.62353515625,2428580,0.0,0.0
2022-06-21,1184.3800048828125,1192.739990234375,1167.989990234375,1174.989990234375,1171.636962890625,3079180,0.0,0.0
2022-06-22,1170.0,1170.0,1135.0,1143.5550537109375,1140.2916259765625,2848330,0.0,0.0
2022-06-23,1153.75,1158.9000244140625,1131.4849853515625,1155.2850341796875,1151.9881591796875,2535530,0.0,0.0
2022-06-24,1166.0,1168.594970703125,1143.0,1158.2950439453125,1154.989501953125,3662910,0.0,0.0
2022-06-27,1178.0,1178.0,1155.0,1159.5150146484375,1156.2060546875,2463700,0.0,0.0
2022-06-28,1154.7550048828125,1155.0,1129.0,1136.4449462890625,1133.201904296875,3490570,0.0,0.0
2022-06-29,1120.0,1124.89501953125,1104.050048828125,1110.9749755859375,1107.8046875,3902730,0.0,0.0
2022-06-30,1114.9000244140625,1119.5999755859375,1090.9000244140625,1093.175048828125,1090.447998046875,3481840,0.4,0.0
2022-07-01,1092.0,1134.300048828125,1072.719970703125,1132.2550048828125,1129.4306640625,4089830,0.0,0.0
2022-07-04,1131.0,1144.300048828125,1121.52001953125,1138.8299560546875,1135.9892578125,3004250,0.0,0.0
2022-07-05,1147.9749755859375,1174.800048828125,1140.9749755859375,1152.469970703125,1149.59521484375,4223480,0.0,0.0
2022-07-06,1153.5,1207.0,1153.0,1202.8499755859375,1199.849609375,4782940,0.0,0.0
2022-07-07,1216.800048828125,1220.0,1185.0,1196.7349853515625,1193.749755859375,2729250,0.0,0.0
2022-07-08,1205.0,1212.72998046875,1188.0,1200.31005859375,1197.31591796875,1690110,0.0,0.0
2022-07-11,1189.5,1204.655029296875,1183.9549560546875,1193.81494140625,1190.837158203125,1613680,0.0,0.0
2022-07-12,1188.0,1199.0,1174.0999755859375,1186.4749755859375,1183.515380859375,2272440,0.0,0.0
2022-07-13,1189.0999755859375,1212.0,1172.0,1177.02001953125,1174.0841064453125,2672490,0.0,0.0
2022-07-14,1186.31494140625,1195.6800537109375,1163.27001953125,1172.625,1169.6998291015625,2405440,0.0,0.0
2022-07-15,1179.699951171875,1187.0799560546875,1168.0,1184.0250244140625,1181.071533203125,1711040,0.0,0.0
2022-07-18,1194.0,1228.6600341796875,1192.0050048828125,1225.0,1221.9442138671875,2834830,0.0,0.0
2022-07-19,1220.0,1247.0,1209.3050537109375,1244.47998046875,1241.37548828125,4230630,0.0,0.0
2022-07-20,1263.800048828125,1263.800048828125,1237.199951171875,1242.074951171875,1238.9766845703125,2721470,0.0,0.0
2022-07-21,1240.0,1275.7349853515625,1238.10498046875,1271.64501953125,1268.472900390625,2713300,0.0,0.0
2022-07-22,1282.56494140625,1286.5,1265.77001953125,1275.425048828125,1272.24365234375,3024220,0.0,0.0
2022-07-25,1270.0,1279.4949951171875,1257.0,1261.9549560546875,1258.80712890625,1747020,0.0,0.0
2022-07-26,1300.0,1354.885009765625,1279.0,1331.300048828125,1327.9791259765625,13270240,0.0,0.0
2022-07-27,1334.9949951171875,1338.89501953125,1300.9549560546875,1330.7049560546875,1327.385498046875,5339660,0.0,0.0
2022-07-28,1350.699951171875,1522.324951171875,1350.699951171875,1464.2049560546875,1460.552490234375,16276260,0.0,0.0
2022-07-29,1500.0,1520.0999755859375,1481.2149658203125,1504.760009765625,1501.00634765625,10442350,0.0,0.0
2022-08-01,1519.9949951171875,1525.0,1493.0999755859375,1507.31005859375,1503.550048828125,4320160,0.0,0.0
2022-08-02,1500.0,1529.0,1486.135009765625,1522.4150390625,1518.6173095703125,4248930,0.0,0.0
2022-08-03,1521.0,1533.800048828125,1511.5350341796875,1524.3900146484375,1520.5875244140625,3096500,0.0,0.0
2022-08-04,1534.9000244140625,1540.6949462890625,1505.5,1518.530029296875,1514.7420654296875,3113610,0.0,0.0
2022-08-05,1517.5999755859375,1525.0999755859375,1502.3399658203125,1508.5849609375,1504.8218994140625,2078470,0.0,0.0
2022-08-08,1506.5,1558.9000244140625,1504.074951171875,1553.06494140625,1549.1907958984375,4870730,0.0,0.0
2022-08-10,1553.0,1567.4000244140625,1542.5999755859375,1564.3199462890625,1560.4178466796875,4425480,0.0,0.0
2022-08-11,1593.0,1593.0,1570.1199951171875,1573.6949462890625,1569.7694091796875,2536510,0.0,0.0
2022-08-12,1577.0,1588.8399658203125,1568.0,1576.5450439453125,1572.6124267578125,2052510,0.0,0.0
2022-08-16,1581.5,1597.0,1581.0,1591.574951171875,1587.604736328125,1522190,0.0,0.0
2022-08-17,1597.699951171875,1714.1500244140625,1593.0,1684.030029296875,1679.8292236328125,9435810,0.0,0.0
2022-08-18,1688.0,1698.9000244140625,1662.06494140625,1680.5899658203125,1676.397705078125,3616590,0.0,0.0
2022-08-19,1688.0,1694.699951171875,1612.5,1628.760009765625,1624.697021484375,5126830,0.0,0.0
2022-08-22,1628.800048828125,1629.875,1581.5849609375,1587.1700439453125,1583.2108154296875,3722010,0.0,0.0
2022-08-23,1579.989990234375,1652.050048828125,1567.1700439453125,1630.3900146484375,1626.322998046875,7064070,0.0,0.0
2022-08-24,1629.5,1642.6400146484375,1618.0250244140625,1633.385009765625,1629.3106689453125,2649190,0.0,0.0
2022-08-25,1641.5550537109375,1659.5,1620.0,1624.6300048828125,1620.5775146484375,3693150,0.0,0.0
2022-08-26,1642.300048828125,1650.655029296875,1625.635009765625,1628.5999755859375,1624.5374755859375,2071780,0.0,0.0
2022-08-29,1572.5999755859375,1619.0,1571.0999755859375,1608.6400146484375,1604.6273193359375,3079400,0.0,0.0
2022-08-30,1639.0,1700.0,1637.0,1696.2149658203125,1691.983642578125,7661440,0.0,0.0
2022-09-01,1681.0,1768.6949462890625,1680.449951171875,1740.6400146484375,1736.298095703125,10171920,0.0,0.0
2022-09-02,1769.5,1784.5,1725.0,1732.925048828125,1728.602294921875,6944080,0.0,0.0
2022-09-05,1742.0,1752.8900146484375,1720.5050048828125,1737.6099853515625,1733.275634765625,3700530,0.0,0.0
2022-09-06,1742.5,1748.5999755859375,1693.1300048828125,1696.89501953125,1692.6622314453125,5077980,0.0,0.0
2022-09-07,1695.0,1714.4000244140625,1681.030029296875,1705.56005859375,1701.3055419921875,3207730,0.0,0.0
2022-09-08,1728.0,1749.0,1704.199951171875,1738.2850341796875,1733.948974609375,4301170,0.0,0.0
2022-09-09,1755.0,1758.5,1715.405029296875,1720.56494140625,1716.2730712890625,3957300,0.0,0.0
2022-09-12,1738.0,1742.0,1705.219970703125,1713.8050537109375,1709.5299072265625,4250820,0.0,0.0
2022-09-13,1755.0,1844.0,1750.0,1784.75,1780.2979736328125,10413183,0.0,5.0
2022-09-14,1769.0,1813.449951171875,1752.0,1805.3499755859373,1800.8465576171875,3784309,0.0,0.0
2022-09-15,1815.0,1823.949951171875,1770.0,1772.199951171875,1767.779296875,3051984,0.0,0.0
2022-09-16,1772.199951171875,1785.5,1712.0,1734.9000244140625,1730.5723876953125,3277213,0.0,0.0
2022-09-19,1738.550048828125,1779.300048828125,1737.0,1765.949951171875,1761.5447998046875,2309647,0.0,0.0
2022-09-20,1785.0,1812.949951171875,1780.0,1799.5999755859375,1795.111083984375,2832208,0.0,0.0
2022-09-21,1800.0,1820.0,1778.050048828125,1802.0,1797.5048828125,2080898,0.0,0.0
2022-09-22,1786.800048828125,1788.0,1733.0,1772.3499755859375,1767.928955078125,4480817,0.0,0.0
2022-09-23,1772.0,1778.199951171875,1714.4000244140625,1721.9000244140625,1717.604736328125,2759913,0.0,0.0
2022-09-26,1700.0,1745.0999755859375,1661.5,1676.800048828125,1672.6173095703125,4915173,0.0,0.0
2022-09-27,1688.5,1715.75,1665.0,1679.550048828125,1675.3604736328125,2624336,0.0,0.0
2022-09-28,1670.0,1678.9000244140625,1645.25,1652.199951171875,1648.0784912109375,2114266,0.0,0.0
2022-09-29,1671.949951171875,1685.0,1628.0,1635.9000244140625,1631.8193359375,2418856,0.0,0.0
2022-09-30,1625.75,1699.0,1621.0,1678.3499755859375,1674.163330078125,2788387,0.0,0.0
2022-10-03,1686.0,1686.0,1638.0,1646.5999755859375,1642.492431640625,1464138,0.0,0.0
2022-10-04,1682.0,1705.0,1670.050048828125,1701.1500244140625,1696.9066162109375,1806381,0.0,0.0
2022-10-06,1718.0,1724.1500244140625,1694.9000244140625,1710.550048828125,1706.2830810546875,1661891,0.0,0.0
2022-10-07,1708.0,1709.8499755859375,1684.5,1699.0,1694.7618408203125,1150275,0.0,0.0
2022-10-10,1675.300048828125,1693.949951171875,1657.0,1684.4000244140625,1680.1982421875,1229639,0.0,0.0
2022-10-11,1684.4000244140625,1707.050048828125,1665.0,1672.6500244140625,1668.4776611328125,1402150,0.0,0.0
2022-10-12,1681.050048828125,1701.5999755859375,1667.4000244140625,1694.6500244140625,1690.4227294921875,1538819,0.0,0.0
2022-10-13,1692.949951171875,1694.550048828125,1666.449951171875,1681.75,1677.5548095703125,1065166,0.0,0.0
2022-10-14,1709.0,1709.0,1685.0999755859375,1688.300048828125,1684.088623046875,1239168,0.0,0.0
2022-10-17,1684.0,1725.0,1674.0,1719.25,1714.9613037109375,1551410,0.0,0.0
2022-10-18,1730.0,1736.25,1712.0,1726.25,1721.9439697265625,1661431,0.0,0.0
2022-10-19,1725.0,1731.0,1692.4000244140625,1698.800048828125,1694.5623779296875,1804532,0.0,0.0
2022-10-20,1687.0,1730.0,1676.5,1725.699951171875,1721.395263671875,1438398,0.0,0.0
2022-10-21,1731.5,1740.4000244140625,1675.0999755859375,1684.449951171875,1680.2481689453125,2734130,0.0,0.0
2022-10-24,1712.8499755859375,1724.199951171875,1693.0,1701.800048828125,1697.554931640625,499690,0.0,0.0
2022-10-25,1700.0,1700.9000244140625,1655.0,1658.550048828125,1654.412841796875,1870289,0.0,0.0
2022-10-27,1671.6500244140625,1676.550048828125,1621.0,1630.949951171875,1626.881591796875,2177395,0.0,0.0
2022-10-28,1639.1500244140625,1660.5,1635.0,1653.4000244140625,1649.275634765625,2115388,0.0,0.0
2022-10-31,1665.0,1689.8499755859375,1662.1500244140625,1687.5,1683.29052734375,2217631,0.0,0.0
2022-11-01,1692.0,1714.699951171875,1691.0,1709.050048828125,1704.786865234375,2002317,0.0,0.0
2022-11-02,1705.0,1722.5,1699.25,1710.4000244140625,1706.133544921875,2036615,0.0,0.0
2022-11-03,1697.9000244140625,1732.5,1694.0,1723.5,1719.2008056640625,2205874,0.0,0.0
2022-11-04,1722.9000244140625,1805.0,1721.050048828125,1800.699951171875,1796.208251953125,6981242,0.0,0.0
2022-11-07,1813.199951171875,1817.9000244140625,1765.550048828125,1778.050048828125,1773.61474609375,2464569,0.0,0.0
2022-11-09,1797.699951171875,1798.0,1745.550048828125,1752.699951171875,1748.3280029296875,1762741,0.0,0.0
2022-11-10,1745.0,1756.9000244140625,1694.0,1700.3499755859375,1696.1085205078125,2030748,0.0,0.0
2022-11-11,1740.0,1748.0,1707.3499755859375,1719.25,1714.9613037109375,1671510,0.0,0.0
2022-11-14,1724.0,1735.0,1708.1500244140625,1718.3499755859375,1714.0635986328125,1459293,0.0,0.0
2022-11-15,1723.4000244140625,1729.800048828125,1696.300048828125,1708.5,1704.2381591796875,1401141,0.0,0.0
2022-11-16,1713.699951171875,1714.5,1675.0,1685.6500244140625,1681.4453125,2040699,0.0,0.0
2022-11-17,1685.5999755859375,1699.949951171875,1660.199951171875,1664.5999755859375,1660.447509765625,1875515,0.0,0.0
2022-11-18,1668.0,1674.6500244140625,1641.199951171875,1654.4000244140625,1650.2730712890625,1581747,0.0,0.0
2022-11-21,1654.4000244140625,1657.699951171875,1625.0,1635.8499755859375,1631.769287109375,1943750,0.0,0.0
2022-11-22,1635.050048828125,1659.9000244140625,1632.0,1643.3499755859375,1639.2506103515625,1508906,0.0,0.0
2022-11-23,1651.5999755859375,1656.0,1630.050048828125,1636.199951171875,1632.1185302734375,1837952,0.0,0.0
2022-11-24,1639.0,1647.449951171875,1620.0,1634.0,1629.9239501953125,1660403,0.0,0.0
2022-11-25,1634.0,1646.949951171875,1624.5,1633.699951171875,1629.624755859375,1140578,0.0,0.0
2022-11-28,1630.0,1661.9000244140625,1628.8499755859375,1652.8499755859375,1648.7269287109375,2005182,0.0,0.0
2022-11-29,1649.0,1652.8499755859375,1630.050048828125,1632.0,1627.9290771484375,1346735,0.0,0.0
2022-11-30,1634.199951171875,1644.6500244140625,1623.300048828125,1626.5,1622.4427490234375,2900845,0.0,0.0
2022-12-01,1634.800048828125,1642.5,1624.199951171875,1638.800048828125,1634.712158203125,2111362,0.0,0.0
2022-12-02,1632.199951171875,1653.0,1625.25,1642.6500244140625,1638.552490234375,1682841,0.0,0.0
2022-12-05,1650.0,1655.0,1631.4000244140625,1634.199951171875,1630.1234130859375,1383542,0.0,0.0
2022-12-06,1630.0,1646.9000244140625,1628.0,1635.25,1631.1710205078125,1177485,0.0,0.0
2022-12-07,1635.4000244140625,1642.0,1593.0,1606.699951171875,1602.6920166015625,2376490,0.0,0.0
2022-12-08,1610.0,1621.800048828125,1600.199951171875,1618.5999755859375,1614.5625,1161239,0.0,0.0
2022-12-09,1622.0,1626.949951171875,1582.0,1598.5999755859375,1594.6123046875,1766412,0.0,0.0
2022-12-12,1586.1500244140625,1603.949951171875,1570.0999755859375,1592.0999755859375,1588.1285400390625,1365732,0.0,0.0
2022-12-13,1600.0999755859375,1616.9000244140625,1591.25,1611.449951171875,1607.4302978515625,1279634,0.0,0.0
2022-12-14,1619.75,1627.9000244140625,1613.300048828125,1623.050048828125,1619.0013427734375,1137059,0.0,0.0
2022-12-15,1620.0,1631.699951171875,1600.0,1604.9000244140625,1600.896728515625,1041690,0.0,0.0
2022-12-16,1599.0,1610.0,1581.1500244140625,1587.0999755859375,1583.1409912109375,1533418,0.0,0.0
2022-12-19,1595.050048828125,1627.0,1590.1500244140625,1619.050048828125,1615.011474609375,1508476,0.0,0.0
2022-12-20,1614.949951171875,1618.5,1593.050048828125,1615.6500244140625,1611.6197509765625,866377,0.0,0.0
2022-12-21,1618.5,1629.25,1575.5,1581.800048828125,1577.854248046875,1397725,0.0,0.0
2022-12-22,1586.0999755859375,1594.199951171875,1530.0,1544.300048828125,1540.4478759765625,2100618,0.0,0.0
2022-12-23,1524.300048828125,1543.300048828125,1492.0,1497.050048828125,1493.315673828125,1673592,0.0,0.0
2022-12-26,1496.9000244140625,1544.949951171875,1483.1500244140625,1535.0,1531.1710205078125,1329547,0.0,0.0
2022-12-27,1545.0,1551.4000244140625,1518.0,1537.699951171875,1533.8642578125,1102198,0.0,0.0
2022-12-28,1534.699951171875,1534.699951171875,1513.0,1522.699951171875,1518.901611328125,1411078,0.0,0.0
2022-12-29,1515.0,1522.0,1503.050048828125,1511.699951171875,1507.928955078125,3417120,0.0,0.0
2022-12-30,1528.0,1573.0,1525.8499755859375,1547.8499755859375,1543.9888916015625,2638505,0.0,0.0
2023-01-02,1550.0,1560.0,1528.550048828125,1552.5,1548.62744140625,1061404,0.0,0.0
2023-01-03,1549.0,1570.0,1544.050048828125,1563.0,1559.10107421875,1306648,0.0,0.0
2023-01-04,1562.0,1567.3499755859375,1540.4000244140625,1547.8499755859375,1543.9888916015625,1036103,0.0,0.0
2023-01-05,1548.0,1548.0,1454.699951171875,1468.8499755859375,1465.1859130859375,5979381,0.0,0.0
2023-01-06,1473.550048828125,1473.550048828125,1423.0,1430.3499755859375,1426.781982421875,5207616,0.0,0.0
2023-01-09,1447.0,1450.9000244140625,1408.6500244140625,1414.0,1410.47265625,4513767,0.0,0.0
2023-01-10,1429.0,1429.0,1391.0,1413.300048828125,1409.774658203125,2903001,0.0,0.0
2023-01-11,1418.0,1422.8499755859375,1397.050048828125,1399.699951171875,1396.2083740234375,2327598,0.0,0.0
2023-01-12,1405.0,1414.949951171875,1379.0,1387.800048828125,1384.338134765625,3168742,0.0,0.0
2023-01-13,1394.75,1399.8499755859375,1374.3499755859375,1391.1500244140625,1387.6798095703125,3754686,0.0,0.0
2023-01-16,1398.1500244140625,1418.449951171875,1379.199951171875,1383.9000244140625,1380.4478759765625,3480545,0.0,0.0
2023-01-17,1389.0,1391.5999755859375,1353.949951171875,1372.9000244140625,1369.475341796875,3681802,0.0,0.0
2023-01-18,1379.800048828125,1380.0,1365.0,1367.300048828125,1363.8892822265625,2589016,0.0,0.0
2023-01-19,1365.0,1365.949951171875,1348.0999755859375,1355.1500244140625,1351.7696533203125,1910318,0.0,0.0
2023-01-20,1360.0,1361.6500244140625,1326.550048828125,1333.199951171875,1329.8743896484375,2091612,0.0,0.0
2023-01-23,1330.0,1345.0,1319.550048828125,1332.75,1329.425537109375,1832743,0.0,0.0
2023-01-24,1336.25,1349.0,1329.550048828125,1332.699951171875,1329.3756103515625,1311451,0.0,0.0
2023-01-25,1334.9000244140625,1334.9000244140625,1310.0,1314.3499755859375,1311.0714111328125,1549899,0.0,0.0
2023-01-27,1315.0999755859375,1336.1500244140625,1302.050048828125,1314.199951171875,1310.921630859375,1829556,0.0,0.0
2023-01-30,1320.800048828125,1360.0,1317.8499755859375,1343.8499755859375,1340.4976806640625,4411750,0.0,0.0
2023-01-31,1354.4000244140625,1357.1500244140625,1323.800048828125,1342.449951171875,1339.101318359375,2213909,0.0,0.0
2023-02-01,1348.0,1360.0,1246.8499755859375,1268.300048828125,1265.1361083984375,4761664,0.0,0.0
2023-02-02,1269.0,1288.6500244140625,1252.0999755859375,1271.9000244140625,1268.727294921875,2419664,0.0,0.0
2023-02-03,1305.0,1340.800048828125,1281.300048828125,1337.449951171875,1334.1136474609375,3271913,0.0,0.0
2023-02-06,1337.449951171875,1349.0,1322.0999755859375,1343.050048828125,1339.69970703125,1546926,0.0,0.0
2023-02-07,1345.1500244140625,1362.3499755859375,1337.0999755859375,1350.4000244140625,1347.0316162109375,1604424,0.0,0.0
2023-02-08,1356.949951171875,1377.0,1345.199951171875,1368.9000244140625,1365.4853515625,1516979,0.0,0.0
2023-02-09,1370.0,1409.9000244140625,1356.6500244140625,1400.25,1396.757080078125,2593600,0.0,0.0
2023-02-10,1406.0,1418.6500244140625,1394.0,1401.75,1398.2532958984375,2069492,0.0,0.0
2023-02-13,1404.0,1415.0,1381.75,1388.550048828125,1385.08642578125,1467695,0.0,0.0
2023-02-14,1390.0,1405.0,1373.6500244140625,1398.5999755859375,1395.111328125,1390992,0.0,0.0
2023-02-15,1398.0,1423.949951171875,1388.050048828125,1420.800048828125,1417.255859375,1518171,0.0,0.0
2023-02-16,1429.0,1435.0,1413.050048828125,1428.199951171875,1424.6373291015625,2153424,0.0,0.0
2023-02-17,1420.050048828125,1427.199951171875,1410.0,1414.050048828125,1410.522705078125,994199,0.0,0.0
2023-02-20,1418.0,1425.800048828125,1400.800048828125,1404.5999755859375,1401.0963134765625,993735,0.0,0.0
2023-02-21,1409.4000244140625,1409.4000244140625,1390.0,1394.300048828125,1390.822021484375,1117177,0.0,0.0
2023-02-22,1389.9000244140625,1392.0,1356.0,1360.949951171875,1357.5550537109375,1402505,0.0,0.0
2023-02-23,1362.0,1365.949951171875,1341.0,1346.949951171875,1343.5899658203125,1095460,0.0,0.0
2023-02-24,1353.699951171875,1386.0,1350.3499755859375,1359.0,1355.610107421875,1342454,0.0,0.0
2023-02-27,1357.949951171875,1367.25,1345.0,1357.4000244140625,1354.013916015625,972575,0.0,0.0
2023-02-28,1364.199951171875,1371.9000244140625,1330.0,1334.9000244140625,1331.5701904296875,1597380,0.0,0.0
2023-03-01,1335.699951171875,1360.0,1334.9000244140625,1343.9000244140625,1340.5477294921875,1134472,0.0,0.0
2023-03-02,1375.0,1385.949951171875,1337.199951171875,1343.550048828125,1340.1986083984375,3267851,0.0,0.0
2023-03-03,1357.0,1364.449951171875,1346.0999755859375,1355.3499755859375,1351.968994140625,1199487,0.0,0.0
2023-03-06,1357.25,1399.449951171875,1357.25,1380.800048828125,1377.3558349609375,2466703,0.0,0.0
2023-03-08,1375.0,1383.800048828125,1357.9000244140625,1380.800048828125,1377.3558349609375,1557533,0.0,0.0
2023-03-09,1378.0,1378.949951171875,1350.0,1352.550048828125,1349.176025390625,1545024,0.0,0.0
2023-03-10,1340.0,1342.0,1321.050048828125,1328.8499755859375,1325.53515625,1389890,0.0,0.0
2023-03-13,1326.0,1341.199951171875,1291.9000244140625,1295.699951171875,1292.4677734375,1668502,0.0,0.0
2023-03-14,1300.0,1302.300048828125,1269.0,1280.550048828125,1277.3558349609375,2060607,0.0,0.0
2023-03-15,1290.0,1309.699951171875,1278.0,1282.5999755859375,1279.400634765625,1376141,0.0,0.0
2023-03-16,1285.5,1304.0,1270.550048828125,1293.5999755859375,1290.373046875,1539281,0.0,0.0
2023-03-17,1304.949951171875,1316.300048828125,1293.0,1301.75,1298.5028076171875,1332869,0.0,0.0
2023-03-20,1305.0,1307.949951171875,1231.0,1245.4000244140625,1242.29345703125,3970911,0.0,0.0
2023-03-21,1259.0,1271.5,1248.5999755859375,1268.0999755859375,1264.9366455078125,2333183,0.0,0.0
2023-03-22,1271.0,1314.949951171875,1270.550048828125,1294.550048828125,1291.32080078125,2884348,0.0,0.0
2023-03-23,1291.949951171875,1310.5,1278.300048828125,1290.0,1286.7821044921875,1947186,0.0,0.0
2023-03-24,1281.300048828125,1290.0,1236.199951171875,1240.6500244140625,1237.5552978515625,2676573,0.0,0.0
2023-03-27,1245.0,1251.5999755859375,1226.6500244140625,1239.0999755859375,1236.009033203125,1553877,0.0,0.0
2023-03-28,1245.300048828125,1247.8499755859375,1215.0,1223.1500244140625,1220.098876953125,1510246,0.0,0.0
2023-03-29,1229.300048828125,1252.0,1225.449951171875,1246.050048828125,1242.941650390625,1657420,0.0,0.0
2023-03-31,1252.300048828125,1270.0,1250.0,1266.5,1263.3408203125,1830686,0.0,0.0
2023-04-03,1273.0,1286.550048828125,1265.5,1282.949951171875,1279.7496337890625,1381342,0.0,0.0
2023-04-05,1296.0,1324.0,1275.5,1279.300048828125,1276.1090087890625,3366621,0.0,0.0
2023-04-06,1279.300048828125,1311.449951171875,1271.3499755859375,1303.949951171875,1300.697265625,1819711,0.0,0.0
2023-04-10,1311.0,1317.25,1295.6500244140625,1305.050048828125,1301.794677734375,1297282,0.0,0.0
2023-04-11,1312.949951171875,1325.0,1307.199951171875,1323.199951171875,1319.899169921875,1281834,0.0,0.0
2023-04-12,1321.0,1329.0,1315.550048828125,1321.550048828125,1318.25341796875,1105734,0.0,0.0
2023-04-13,1320.9000244140625,1346.0,1318.0,1341.300048828125,1337.9542236328125,1330391,0.0,0.0
2023-04-17,1345.0,1352.949951171875,1330.550048828125,1341.1500244140625,1337.804443359375,1073923,0.0,0.0
2023-04-18,1340.0,1348.699951171875,1329.0,1335.199951171875,1331.869384765625,1236391,0.0,0.0
2023-04-19,1335.0,1338.949951171875,1322.050048828125,1331.3499755859375,1328.029052734375,590360,0.0,0.0
2023-04-20,1333.949951171875,1341.3499755859375,1325.050048828125,1332.0999755859375,1328.7769775390625,467602,0.0,0.0
2023-04-21,1336.5,1338.0,1306.550048828125,1317.9000244140625,1314.612548828125,825513,0.0,0.0
2023-04-24,1315.0999755859375,1322.9000244140625,1307.8499755859375,1319.75,1316.4580078125,1051329,0.0,0.0
2023-04-25,1325.0,1352.0,1322.0999755859375,1345.800048828125,1342.44287109375,2725305,0.0,0.0
2023-04-26,1345.800048828125,1349.5,1328.6500244140625,1334.699951171875,1331.37060546875,889092,0.0,0.0
2023-04-27,1352.5,1374.0,1340.1500244140625,1360.0,1356.6075439453125,3982526,0.0,0.0
2023-04-28,1368.949951171875,1368.949951171875,1318.800048828125,1354.6500244140625,1351.2708740234375,3376186,0.0,0.0
2023-05-02,1360.0,1370.9000244140625,1345.9000244140625,1349.050048828125,1345.6846923828125,1387425,0.0,0.0
2023-05-03,1345.0,1350.949951171875,1330.0,1347.0,1343.639892578125,903123,0.0,0.0
2023-05-04,1342.300048828125,1378.300048828125,1340.0,1374.449951171875,1371.0213623046875,2213569,0.0,0.0
2023-05-05,1371.5,1394.0,1355.4000244140625,1359.25,1355.859375,2572062,0.0,0.0
2023-05-08,1367.800048828125,1410.800048828125,1363.0999755859375,1404.800048828125,1401.2957763671875,2912772,0.0,0.0
2023-05-09,1410.949951171875,1446.699951171875,1402.5,1408.699951171875,1405.1859130859375,3772745,0.0,0.0
2023-05-10,1419.0,1420.8499755859375,1395.0,1414.449951171875,1410.921630859375,1297980,0.0,0.0
2023-05-11,1421.0,1427.75,1413.050048828125,1420.4000244140625,1416.85693359375,915163,0.0,0.0
2023-05-12,1420.0,1428.0,1407.0,1423.449951171875,1419.8990478515625,1300969,0.0,0.0
2023-05-15,1424.0,1430.0,1416.0,1421.3499755859375,1417.804443359375,1003664,0.0,0.0
2023-05-16,1429.9000244140625,1438.0,1421.0,1428.3499755859375,1424.7869873046875,1678746,0.0,0.0
2023-05-17,1430.4000244140625,1430.4000244140625,1405.0,1415.4000244140625,1411.869384765625,804968,0.0,0.0
2023-05-18,1422.3499755859375,1430.0,1412.050048828125,1415.449951171875,1411.9190673828125,739262,0.0,0.0
2023-05-19,1422.0999755859375,1422.699951171875,1397.050048828125,1415.0999755859375,1411.5701904296875,754504,0.0,0.0
2023-05-22,1411.0,1418.699951171875,1405.0,1413.0,1409.4752197265625,591903,0.0,0.0
2023-05-23,1415.5999755859375,1447.800048828125,1415.5,1437.25,1433.6646728515625,1991556,0.0,0.0
2023-05-24,1437.25,1447.0,1421.1500244140625,1426.449951171875,1422.891845703125,1047736,0.0,0.0
2023-05-25,1421.0999755859375,1429.6500244140625,1416.0,1427.3499755859375,1423.7894287109375,688673,0.0,0.0
2023-05-26,1431.0,1446.300048828125,1431.0,1439.1500244140625,1435.56005859375,1023550,0.0,0.0
2023-05-29,1448.949951171875,1468.5,1444.5,1449.550048828125,1445.93408203125,1659680,0.0,0.0
2023-05-30,1453.449951171875,1467.199951171875,1439.5,1465.8499755859375,1462.1934814453125,1506999,0.0,0.0
2023-05-31,1465.0,1465.0,1447.25,1451.050048828125,1447.430419921875,1704213,0.0,0.0
2023-06-01,1455.5,1459.0,1444.0,1450.1500244140625,1446.53271484375,939379,0.0,0.0
2023-06-02,1460.0,1466.9000244140625,1448.4000244140625,1457.25,1453.614990234375,1129346,0.0,0.0
2023-06-05,1469.0,1469.5,1456.199951171875,1458.9000244140625,1455.2607421875,829929,0.0,0.0
2023-06-06,1466.5,1478.9000244140625,1463.0999755859375,1475.0999755859375,1471.4202880859375,1472972,0.0,0.0
2023-06-07,1483.0,1483.199951171875,1472.0,1480.9000244140625,1477.2059326171875,837622,0.0,0.0
2023-06-08,1483.0,1485.0,1463.0,1467.4000244140625,1463.7396240234375,722068,0.0,0.0
2023-06-09,1471.0,1476.0,1461.550048828125,1466.5,1462.841796875,499104,0.0,0.0
2023-06-12,1473.0,1473.0,1461.949951171875,1466.0,1462.3431396484375,465964,0.0,0.0
2023-06-13,1470.0,1492.0,1470.0,1486.199951171875,1482.4925537109375,1205104,0.0,0.0
2023-06-14,1490.0,1491.9000244140625,1469.0,1480.4000244140625,1476.70703125,763762,0.0,0.0
2023-06-15,1479.949951171875,1482.0,1469.5999755859375,1474.699951171875,1471.0213623046875,853566,0.0,0.0
2023-06-16,1479.0,1515.0,1474.699951171875,1508.5999755859375,1504.8369140625,2090874,0.0,0.0
2023-06-19,1522.949951171875,1553.300048828125,1516.6500244140625,1541.949951171875,1538.1036376953125,3446484,0.0,0.0
2023-06-20,1543.199951171875,1543.199951171875,1502.1500244140625,1521.050048828125,1517.255859375,1943763,0.0,0.0
2023-06-21,1525.9000244140625,1535.0,1513.25,1519.25,1515.460205078125,799052,0.0,0.0
2023-06-22,1523.0,1527.199951171875,1504.8499755859375,1507.6500244140625,1503.8892822265625,966522,0.0,0.0
2023-06-23,1507.5,1519.699951171875,1483.949951171875,1501.949951171875,1498.2032470703125,1237464,0.0,0.0
2023-06-26,1504.449951171875,1510.8499755859375,1487.199951171875,1507.550048828125,1503.7894287109375,647496,0.0,0.0
2023-06-27,1512.0,1527.3499755859375,1503.0,1522.949951171875,1519.151123046875,763062,0.0,0.0
2023-06-28,1530.0,1535.0,1515.800048828125,1518.8499755859375,1515.061279296875,1158136,0.0,0.0
2023-06-30,1521.0,1536.5999755859375,1519.0,1528.0,1524.99169921875,934639,0.8,0.0
2023-07-03,1528.0,1544.5,1526.5999755859375,1540.0999755859375,1537.0677490234375,1068533,0.0,0.0
2023-07-04,1565.0999755859375,1634.949951171875,1565.0999755859375,1629.5,1626.2919921875,7337423,0.0,0.0
2023-07-05,1631.0,1642.0,1607.550048828125,1613.699951171875,1610.52294921875,2006206,0.0,0.0
2023-07-06,1615.050048828125,1624.0,1607.0,1619.9000244140625,1616.7108154296875,937466,0.0,0.0
2023-07-07,1611.8499755859375,1626.6500244140625,1605.4000244140625,1614.9000244140625,1611.720703125,1456642,0.0,0.0
2023-07-10,1611.949951171875,1622.0,1579.75,1597.800048828125,1594.654296875,1731894,0.0,0.0
2023-07-11,1598.0,1632.0,1587.9000244140625,1592.4000244140625,1589.2650146484375,1500679,0.0,0.0
2023-07-12,1595.6500244140625,1605.0999755859375,1581.25,1593.199951171875,1590.063232421875,1281286,0.0,0.0
2023-07-13,1595.0,1625.0,1595.0,1615.0999755859375,1611.920166015625,1136620,0.0,0.0
2023-07-14,1623.1500244140625,1635.0,1604.25,1614.199951171875,1611.02197265625,1088010,0.0,0.0
2023-07-17,1620.0,1621.949951171875,1603.0,1610.25,1607.0797119140625,823296,0.0,0.0
2023-07-18,1618.3499755859375,1625.0,1602.0,1618.300048828125,1615.1138916015625,2077115,0.0,0.0
2023-07-19,1618.300048828125,1649.800048828125,1614.0,1644.0999755859375,1640.863037109375,1920501,0.0,0.0
2023-07-20,1650.9000244140625,1658.25,1625.0,1635.800048828125,1632.5794677734375,1159938,0.0,0.0
2023-07-21,1633.0,1645.0,1620.300048828125,1632.8499755859375,1629.6351318359375,1149031,0.0,0.0
2023-07-24,1630.0,1660.0,1622.0,1657.5,1654.2366943359375,1455663,0.0,0.0
2023-07-25,1664.9000244140625,1664.9000244140625,1635.050048828125,1648.8499755859375,1645.603759765625,1378736,0.0,0.0
2023-07-26,1649.4000244140625,1664.9000244140625,1618.050048828125,1626.449951171875,1623.247802734375,2225230,0.0,0.0
2023-07-27,1641.5,1662.699951171875,1602.0,1614.550048828125,1611.371337890625,3402069,0.0,0.0
2023-07-28,1625.0,1630.0,1568.4000244140625,1584.8499755859375,1581.729736328125,3285744,0.0,0.0
2023-07-31,1565.800048828125,1602.800048828125,1565.800048828125,1598.300048828125,1595.1533203125,1323373,0.0,0.0
2023-08-01,1598.300048828125,1599.949951171875,1569.6500244140625,1572.3499755859375,1569.2542724609375,1641917,0.0,0.0
2023-08-02,1572.0,1572.3499755859375,1524.0,1527.0,1523.99365234375,2170178,0.0,0.0
2023-08-03,1522.9000244140625,1522.9000244140625,1477.800048828125,1493.6500244140625,1490.709228515625,2785017,0.0,0.0
2023-08-04,1501.949951171875,1507.3499755859375,1470.75,1486.300048828125,1483.3739013671875,2703607,0.0,0.0
2023-08-07,1498.0,1512.25,1485.0,1508.4000244140625,1505.430419921875,1228780,0.0,0.0
2023-08-08,1509.5,1520.300048828125,1492.9000244140625,1515.75,1512.7657470703125,1409271,0.0,0.0
2023-08-09,1525.0,1529.75,1505.0,1516.5999755859375,1513.6141357421875,1065831,0.0,0.0
2023-08-10,1512.550048828125,1529.75,1505.0999755859375,1519.4000244140625,1516.40869140625,900666,0.0,0.0
2023-08-11,1518.949951171875,1521.800048828125,1497.6500244140625,1504.0,1501.0389404296875,792201,0.0,0.0
2023-08-14,1496.0,1497.949951171875,1467.050048828125,1482.050048828125,1479.1322021484375,1549409,0.0,0.0
2023-08-16,1482.0,1482.0,1463.0,1469.8499755859375,1466.9560546875,834135,0.0,0.0
2023-08-17,1473.0,1480.0,1465.4000244140625,1476.8499755859375,1473.9423828125,1048714,0.0,0.0
2023-08-18,1470.0,1478.300048828125,1456.0,1460.1500244140625,1457.2752685546875,1053734,0.0,0.0
2023-08-21,1455.0,1484.5,1451.0,1478.300048828125,1475.3896484375,1498685,0.0,0.0
2023-08-22,1485.0,1494.0,1464.3499755859375,1467.800048828125,1464.9102783203125,1557523,0.0,0.0
2023-08-23,1474.0,1474.0,1458.050048828125,1470.0999755859375,1467.2056884765625,961649,0.0,0.0
2023-08-24,1480.0,1492.0,1465.0,1468.5999755859375,1465.70849609375,847606,0.0,0.0
2023-08-25,1468.5999755859375,1509.5,1465.6500244140625,1503.9000244140625,1500.939208984375,3624097,0.0,0.0
2023-08-28,1513.5,1514.0,1487.0,1499.9000244140625,1496.9471435546875,1066459,0.0,0.0
2023-08-29,1509.8499755859375,1514.0,1497.25,1503.449951171875,1500.4898681640625,1377001,0.0,0.0
2023-08-30,1510.0,1518.8499755859375,1499.0,1501.5,1498.5438232421875,700372,0.0,0.0
2023-08-31,1501.050048828125,1507.800048828125,1480.199951171875,1488.9000244140625,1485.96875,1542837,0.0,0.0
2023-09-01,1494.0,1518.699951171875,1487.3499755859375,1514.5,1511.5181884765625,904596,0.0,0.0
2023-09-04,1521.0,1525.949951171875,1506.050048828125,1510.0999755859375,1507.126953125,685689,0.0,0.0
2023-09-05,1512.0,1519.800048828125,1506.0,1510.449951171875,1507.47607421875,1298151,0.0,0.0
2023-09-06,1510.949951171875,1522.449951171875,1504.199951171875,1518.199951171875,1515.2109375,712220,0.0,0.0
2023-09-07,1524.800048828125,1524.800048828125,1510.0999755859375,1519.550048828125,1516.558349609375,647590,0.0,0.0
2023-09-08,1530.0,1558.800048828125,1525.050048828125,1541.0,1537.9661865234375,2168354,0.0,0.0
2023-09-11,1549.5,1552.0,1540.0,1549.699951171875,1546.64892578125,841557,0.0,0.0
2023-09-12,1558.9000244140625,1558.9000244140625,1527.6500244140625,1542.449951171875,1539.4132080078125,1444688,0.0,0.0
2023-09-13,1542.0,1565.050048828125,1521.0,1552.800048828125,1549.742919921875,1193072,0.0,0.0
2023-09-14,1556.949951171875,1563.5999755859375,1541.199951171875,1550.9000244140625,1547.8465576171875,920905,0.0,0.0
2023-09-15,1548.050048828125,1567.5999755859375,1531.300048828125,1538.0999755859375,1535.07177734375,3116428,0.0,0.0
2023-09-18,1538.0999755859375,1565.3499755859375,1532.9000244140625,1559.949951171875,1556.8787841796875,1403635,0.0,0.0
2023-09-20,1554.9000244140625,1568.199951171875,1545.0999755859375,1553.3499755859375,1550.291748046875,1076887,0.0,0.0
2023-09-21,1530.5,1552.25,1514.0,1526.199951171875,1523.1951904296875,1772341,0.0,0.0
2023-09-22,1528.0,1551.0,1524.9000244140625,1543.699951171875,1540.6607666015625,1321743,0.0,0.0
2023-09-25,1549.699951171875,1591.0,1546.699951171875,1577.4000244140625,1574.29443359375,2962182,0.0,0.0
2023-09-26,1583.0,1583.0,1551.0,1567.699951171875,1564.613525390625,2472382,0.0,0.0
2023-09-27,1567.699951171875,1570.0,1554.199951171875,1565.75,1562.6673583984375,964400,0.0,0.0
2023-09-28,1565.0,1574.949951171875,1535.050048828125,1539.699951171875,1536.6685791015625,831496,0.0,0.0
2023-09-29,1548.0,1552.949951171875,1532.050048828125,1540.25,1537.217529296875,1109857,0.0,0.0
2023-10-03,1530.25,1564.199951171875,1527.0,1561.050048828125,1557.9766845703125,1083086,0.0,0.0
2023-10-04,1555.0,1555.8499755859375,1521.1500244140625,1532.550048828125,1529.53271484375,1614123,0.0,0.0
2023-10-05,1540.0,1556.0,1532.300048828125,1542.550048828125,1539.5130615234375,1153064,0.0,0.0
2023-10-06,1559.3499755859375,1640.699951171875,1551.050048828125,1634.6500244140625,1631.4317626953125,7384628,0.0,0.0
2023-10-09,1617.1500244140625,1628.0,1606.5999755859375,1621.550048828125,1618.3575439453125,1712235,0.0,0.0
2023-10-10,1630.0,1643.949951171875,1617.0,1633.0999755859375,1629.884765625,1453653,0.0,0.0
2023-10-11,1641.4000244140625,1650.949951171875,1633.5,1636.550048828125,1633.327880859375,952433,0.0,0.0
2023-10-12,1637.0,1642.949951171875,1622.8499755859375,1634.800048828125,1631.5814208984375,1052767,0.0,0.0
2023-10-13,1631.0,1649.0,1620.0,1646.550048828125,1643.308349609375,1212989,0.0,0.0
2023-10-16,1644.0,1649.4000244140625,1630.4000244140625,1642.3499755859375,1639.116455078125,859548,0.0,0.0
2023-10-17,1649.9000244140625,1676.75,1645.550048828125,1657.6500244140625,1654.3863525390625,1689224,0.0,0.0
2023-10-18,1665.0,1665.0,1622.050048828125,1628.199951171875,1624.994384765625,1230439,0.0,0.0
2023-10-19,1625.0,1642.949951171875,1597.4000244140625,1634.75,1631.5316162109375,1429935,0.0,0.0
2023-10-20,1627.800048828125,1639.75,1615.0,1635.050048828125,1631.8309326171875,1191783,0.0,0.0
2023-10-23,1627.0,1651.699951171875,1605.5,1613.1500244140625,1609.97412109375,1093182,0.0,0.0
2023-10-25,1612.9000244140625,1630.0,1598.8499755859375,1611.449951171875,1608.2774658203125,1490405,0.0,0.0
2023-10-26,1590.0,1608.4000244140625,1552.0,1560.0,1556.9287109375,1780025,0.0,0.0
2023-10-27,1575.5999755859375,1593.25,1551.3499755859375,1566.4000244140625,1563.3160400390625,2003579,0.0,0.0
2023-10-30,1568.9000244140625,1571.0999755859375,1528.0,1561.0999755859375,1558.0264892578125,850025,0.0,0.0
2023-10-31,1552.4000244140625,1581.449951171875,1552.4000244140625,1569.550048828125,1566.4599609375,1592788,0.0,0.0
2023-11-01,1574.9000244140625,1580.0,1565.0,1572.8499755859375,1569.7532958984375,770557,0.0,0.0
2023-11-02,1587.699951171875,1592.5999755859375,1566.0999755859375,1575.5999755859375,1572.498046875,1020303,0.0,0.0
2023-11-03,1584.25,1593.6500244140625,1527.9000244140625,1536.1500244140625,1533.125732421875,2519096,0.0,0.0
2023-11-06,1547.0,1566.0,1540.0,1564.4000244140625,1561.320068359375,917415,0.0,0.0
2023-11-07,1602.0,1607.800048828125,1550.0,1569.800048828125,1566.70947265625,2532282,0.0,0.0
2023-11-08,1576.0,1579.949951171875,1559.199951171875,1575.5,1572.3980712890625,831310,0.0,0.0
2023-11-09,1575.0,1589.0,1569.0,1582.25,1579.1348876953125,1108425,0.0,0.0
2023-11-10,1581.0,1598.800048828125,1572.6500244140625,1596.0,1592.8577880859375,672720,0.0,0.0
2023-11-13,1594.5999755859375,1597.949951171875,1568.699951171875,1585.199951171875,1582.0789794921875,853825,0.0,0.0
2023-11-15,1600.0,1615.0,1579.949951171875,1587.050048828125,1583.925537109375,1684967,0.0,0.0
2023-11-16,1561.050048828125,1628.0,1539.050048828125,1620.6500244140625,1617.459228515625,3213352,0.0,0.0
2023-11-17,1593.050048828125,1620.6500244140625,1581.5999755859375,1615.9000244140625,1612.71875,1783393,0.0,0.0
2023-11-20,1611.9000244140625,1616.550048828125,1586.1500244140625,1593.800048828125,1590.6622314453125,1256179,0.0,0.0
2023-11-21,1593.800048828125,1616.449951171875,1593.5999755859375,1610.4000244140625,1607.2294921875,1714833,0.0,0.0
2023-11-22,1610.0,1626.0,1602.5,1623.9000244140625,1620.7030029296875,807316,0.0,0.0
2023-11-23,1623.9000244140625,1636.8499755859375,1620.199951171875,1623.949951171875,1620.752685546875,695592,0.0,0.0
2023-11-24,1624.449951171875,1628.949951171875,1612.0,1617.25,1614.06591796875,625345,0.0,0.0
2023-11-28,1617.5,1657.0,1617.5,1654.4000244140625,1651.142822265625,1564478,0.0,0.0
2023-11-29,1660.0,1665.0,1649.0,1653.5,1650.24462890625,746796,0.0,0.0
2023-11-30,1653.0,1679.9000244140625,1644.550048828125,1673.5,1670.205322265625,1577522,0.0,0.0
2023-12-01,1680.0,1688.699951171875,1669.949951171875,1685.949951171875,1682.630615234375,1101136,0.0,0.0
2023-12-04,1700.0,1714.699951171875,1685.9000244140625,1696.25,1692.910400390625,1419178,0.0,0.0
2023-12-05,1696.300048828125,1713.4000244140625,1673.25,1692.699951171875,1689.3673095703125,1778602,0.0,0.0
2023-12-06,1701.0,1710.0,1692.9000244140625,1700.3499755859375,1697.0023193359375,737176,0.0,0.0
2023-12-07,1700.3499755859375,1724.0,1690.0,1704.050048828125,1700.6951904296875,941890,0.0,0.0
2023-12-08,1705.0,1714.550048828125,1692.5,1710.1500244140625,1706.7830810546875,1376050,0.0,0.0
2023-12-11,1700.1500244140625,1717.0,1698.25,1702.800048828125,1699.447509765625,1003371,0.0,0.0
2023-12-12,1704.800048828125,1719.75,1700.5,1706.75,1703.3897705078125,1390539,0.0,0.0
2023-12-13,1708.0,1709.5,1668.199951171875,1684.550048828125,1681.2335205078125,1168629,0.0,0.0
2023-12-14,1700.0,1733.9000244140625,1698.0,1730.949951171875,1727.5421142578125,2130836,0.0,0.0
2023-12-15,1738.949951171875,1741.0,1718.75,1733.1500244140625,1729.7379150390625,1486079,0.0,0.0
2023-12-18,1732.6500244140625,1738.550048828125,1718.550048828125,1724.5999755859375,1721.20458984375,696124,0.0,0.0
2023-12-19,1725.0,1726.550048828125,1696.800048828125,1709.75,1706.3837890625,1214352,0.0,0.0
2023-12-20,1715.699951171875,1741.0,1672.0,1680.9000244140625,1677.590576171875,1540009,0.0,0.0
2023-12-21,1663.0,1681.800048828125,1660.25,1666.8499755859375,1663.568359375,988034,0.0,0.0
2023-12-22,1669.0,1690.0,1663.5999755859375,1672.050048828125,1668.7581787109375,1279614,0.0,0.0
2023-12-26,1675.0,1684.0,1637.050048828125,1645.300048828125,1642.0606689453125,1296291,0.0,0.0
2023-12-27,1657.0,1674.050048828125,1653.800048828125,1669.449951171875,1666.1630859375,1181177,0.0,0.0
2023-12-28,1674.050048828125,1698.800048828125,1667.199951171875,1681.199951171875,1677.8900146484375,1360425,0.0,0.0
2023-12-29,1682.449951171875,1692.699951171875,1674.5999755859375,1685.800048828125,1682.4810791015625,738203,0.0,0.0
2024-01-01,1685.800048828125,1691.699951171875,1671.0,1676.4000244140625,1673.0994873046875,692280,0.0,0.0
2024-01-02,1675.9000244140625,1689.8499755859375,1663.449951171875,1686.199951171875,1682.880126953125,1099965,0.0,0.0
2024-01-03,1680.0,1708.0,1676.0,1677.6500244140625,1674.3470458984375,804258,0.0,0.0
2024-01-04,1694.3499755859375,1723.949951171875,1690.0,1701.949951171875,1698.59912109375,2268009,0.0,0.0
2024-01-05,1702.949951171875,1717.0999755859375,1697.6500244140625,1709.5,1706.1343994140625,835592,0.0,0.0
2024-01-08,1715.949951171875,1723.6500244140625,1690.199951171875,1696.3499755859375,1693.01025390625,684254,0.0,0.0
2024-01-09,1710.449951171875,1715.0,1674.300048828125,1682.449951171875,1679.137451171875,1235008,0.0,0.0
2024-01-10,1685.0,1685.0,1658.6500244140625,1671.8499755859375,1668.5584716796875,607010,0.0,0.0
2024-01-11,1679.0,1702.6500244140625,1660.1500244140625,1669.25,1665.9635009765625,861924,0.0,0.0
2024-01-12,1670.25,1674.949951171875,1642.0,1651.9000244140625,1648.647705078125,1314964,0.0,0.0
2024-01-15,1655.0,1664.1500244140625,1630.050048828125,1632.4000244140625,1629.1861572265625,1089891,0.0,0.0
2024-01-16,1634.0,1646.300048828125,1620.0,1623.5,1620.3037109375,1063676,0.0,0.0
2024-01-17,1614.949951171875,1622.0,1578.050048828125,1586.1500244140625,1583.027099609375,1488186,0.0,0.0
2024-01-18,1586.0,1605.3499755859375,1559.0,1581.1500244140625,1578.0369873046875,1133236,0.0,0.0
2024-01-19,1590.949951171875,1606.3499755859375,1581.0,1600.5,1597.348876953125,1139473,0.0,0.0
2024-01-23,1597.449951171875,1615.25,1575.0,1582.5,1579.3843994140625,3028946,0.0,0.0
2024-01-24,1594.699951171875,1622.8499755859375,1578.3499755859375,1620.8499755859375,1617.6588134765625,1393463,0.0,0.0
2024-01-25,1621.75,1635.0,1613.699951171875,1630.1500244140625,1626.9405517578125,1744604,0.0,0.0
2024-01-29,1630.0,1641.5999755859375,1618.5,1636.949951171875,1633.7271728515625,940220,0.0,0.0
2024-01-30,1629.0,1629.0,1585.0,1590.550048828125,1587.4185791015625,4851835,0.0,0.0
2024-01-31,1594.0,1632.0,1585.0,1627.300048828125,1624.09619140625,1486444,0.0,0.0
2024-02-01,1632.0,1632.0,1613.0,1622.25,1619.0560302734375,1352416,0.0,0.0
2024-02-02,1635.0,1664.0,1626.699951171875,1651.5,1648.24853515625,1514648,0.0,0.0
2024-02-05,1650.0,1659.9000244140625,1608.550048828125,1614.9000244140625,1611.720703125,2578535,0.0,0.0
2024-02-06,1626.800048828125,1626.800048828125,1578.5999755859375,1597.050048828125,1593.90576171875,2376798,0.0,0.0
2024-02-07,1609.0,1623.75,1589.4000244140625,1596.199951171875,1593.057373046875,1477982,0.0,0.0
2024-02-08,1607.949951171875,1607.949951171875,1565.0,1570.550048828125,1567.4580078125,1486674,0.0,0.0
2024-02-09,1586.25,1587.300048828125,1562.699951171875,1570.949951171875,1567.8570556640625,1049368,0.0,0.0
2024-02-12,1578.75,1579.300048828125,1551.5,1557.25,1554.1842041015625,803753,0.0,0.0
2024-02-13,1560.0,1586.449951171875,1552.199951171875,1568.0,1564.9129638671875,1833289,0.0,0.0
2024-02-14,1560.0,1583.0,1555.0,1579.699951171875,1576.58984375,763689,0.0,0.0
2024-02-15,1589.949951171875,1590.0,1564.550048828125,1569.4000244140625,1566.3101806640625,803588,0.0,0.0
2024-02-16,1583.0999755859375,1585.0,1567.050048828125,1575.9000244140625,1572.79736328125,850341,0.0,0.0
2024-02-19,1576.0,1625.0,1572.0,1620.1500244140625,1616.9603271484375,1162373,0.0,0.0
2024-02-20,1617.949951171875,1619.0,1597.5,1602.8499755859375,1599.6943359375,1232581,0.0,0.0
2024-02-21,1604.0,1618.5999755859375,1580.5999755859375,1586.949951171875,1583.8255615234375,674394,0.0,0.0
2024-02-22,1599.0,1599.0,1565.8499755859375,1592.550048828125,1589.41455078125,1149519,0.0,0.0
2024-02-23,1596.0,1620.9000244140625,1596.0,1616.550048828125,1613.367431640625,1199419,0.0,0.0
2024-02-26,1616.0,1629.4000244140625,1610.0,1614.300048828125,1611.121826171875,742382,0.0,0.0
2024-02-27,1614.300048828125,1623.449951171875,1595.0,1600.5999755859375,1597.44873046875,931236,0.0,0.0
2024-02-28,1603.0,1609.699951171875,1580.0,1584.5,1581.3804931640625,790763,0.0,0.0
2024-02-29,1584.949951171875,1603.5999755859375,1568.3499755859375,1593.800048828125,1590.6622314453125,1352363,0.0,0.0
2024-03-01,1597.949951171875,1620.300048828125,1595.199951171875,1613.4000244140625,1610.2236328125,740120,0.0,0.0
2024-03-04,1616.0,1625.0,1603.300048828125,1619.300048828125,1616.1119384765625,589948,0.0,0.0
2024-03-05,1630.0,1636.5999755859375,1541.1500244140625,1550.5,1547.447509765625,2343463,0.0,0.0
2024-03-06,1558.0,1558.0,1530.800048828125,1554.5999755859375,1551.5391845703125,1239370,0.0,0.0
2024-03-07,1557.1500244140625,1589.6500244140625,1557.1500244140625,1582.800048828125,1579.683837890625,1380840,0.0,0.0
2024-03-11,1597.5,1616.1500244140625,1583.0,1598.800048828125,1595.65234375,1285565,0.0,0.0
2024-03-12,1590.0999755859375,1612.0,1565.1500244140625,1593.550048828125,1590.41259765625,1587096,0.0,0.0
2024-03-13,1592.300048828125,1598.949951171875,1562.0,1573.1500244140625,1570.0528564453125,1279653,0.0,0.0
2024-03-14,1565.5999755859375,1580.0,1550.0999755859375,1563.699951171875,1560.621337890625,1289823,0.0,0.0
2024-03-15,1547.5,1589.5999755859375,1547.5,1571.449951171875,1568.3560791015625,1929597,0.0,0.0
2024-03-18,1570.949951171875,1579.1500244140625,1561.0,1577.050048828125,1573.9451904296875,645594,0.0,0.0
2024-03-19,1574.050048828125,1590.0,1551.0999755859375,1581.5,1578.3863525390625,1385006,0.0,0.0
2024-03-20,1582.5,1593.5,1566.0999755859375,1584.699951171875,1581.5799560546875,723724,0.0,0.0
2024-03-21,1596.0,1609.449951171875,1592.0,1602.5999755859375,1599.44482421875,1166497,0.0,0.0
2024-03-22,1593.0,1610.0,1583.4000244140625,1587.550048828125,1584.4244384765625,1570412,0.0,0.0
2024-03-26,1589.0,1619.0,1589.0,1593.9000244140625,1590.761962890625,1616192,0.0,0.0
2024-03-27,1590.0,1609.9000244140625,1578.199951171875,1582.6500244140625,1579.5341796875,1205575,0.0,0.0
2024-03-28,1588.0,1669.0,1588.0,1643.8499755859375,1640.6136474609375,5210310,0.0,0.0
2024-04-01,1659.050048828125,1674.0,1640.3499755859375,1646.0,1642.7593994140625,767676,0.0,0.0
2024-04-02,1650.9000244140625,1662.9000244140625,1625.699951171875,1656.550048828125,1653.2886962890625,1605925,0.0,0.0
2024-04-03,1654.0,1654.8499755859375,1635.0,1640.3499755859375,1637.1204833984375,1055536,0.0,0.0
2024-04-04,1650.0,1662.5,1630.0,1655.800048828125,1652.5401611328125,1328509,0.0,0.0
2024-04-05,1658.5,1681.5,1651.949951171875,1677.949951171875,1674.646484375,2364243,0.0,0.0
2024-04-08,1690.0,1702.0,1684.8499755859375,1689.1500244140625,1685.8245849609375,1345380,0.0,0.0
2024-04-09,1694.949951171875,1715.0,1687.25,1710.4000244140625,1707.0325927734375,1284145,0.0,0.0
2024-04-10,1717.0,1722.0,1696.0,1704.0999755859375,1700.7449951171875,1031729,0.0,0.0
2024-04-12,1700.0,1706.199951171875,1689.550048828125,1698.6500244140625,1695.3057861328125,1312132,0.0,0.0
2024-04-15,1672.0,1692.0,1654.199951171875,1656.8499755859375,1653.587890625,828843,0.0,0.0
2024-04-16,1640.0,1648.699951171875,1611.3499755859375,1618.5,1615.3133544921875,1528544,0.0,0.0
2024-04-18,1625.0,1630.0999755859375,1589.300048828125,1593.9000244140625,1590.761962890625,1325537,0.0,0.0
2024-04-19,1587.0,1628.75,1568.699951171875,1619.0,1615.8125,1242066,0.0,0.0
2024-04-22,1627.0,1648.0,1617.5,1629.449951171875,1626.241943359375,703167,0.0,0.0
2024-04-23,1628.5999755859375,1652.0,1616.0,1621.0999755859375,1617.9083251953125,1297705,0.0,0.0
2024-04-24,1625.0,1648.8499755859375,1618.050048828125,1630.3499755859375,1627.14013671875,578310,0.0,0.0
2024-04-25,1630.0,1672.0,1615.6500244140625,1655.550048828125,1652.2906494140625,1569437,0.0,0.0
2024-04-26,1649.050048828125,1649.050048828125,1578.449951171875,1597.3499755859375,1594.2052001953125,5325417,0.0,0.0
2024-04-29,1603.0,1603.0,1587.3499755859375,1595.6500244140625,1592.508544921875,1132800,0.0,0.0
2024-04-30,1596.0,1633.949951171875,1591.300048828125,1615.0,1611.8204345703125,1748360,0.0,0.0
2024-05-02,1615.0,1635.0,1611.0,1615.449951171875,1612.26953125,1304846,0.0,0.0
2024-05-03,1650.199951171875,1725.0,1618.0,1627.300048828125,1624.09619140625,5227529,0.0,0.0
2024-05-06,1637.9000244140625,1637.9000244140625,1607.050048828125,1611.3499755859375,1608.177490234375,725360,0.0,0.0
2024-05-07,1621.0,1625.0,1593.0,1615.1500244140625,1611.97021484375,1348125,0.0,0.0
2024-05-08,1601.0,1620.0,1598.75,1603.050048828125,1599.8939208984375,802342,0.0,0.0
2024-05-09,1606.699951171875,1613.0999755859375,1559.5999755859375,1564.5999755859375,1561.51953125,1364729,0.0,0.0
2024-05-10,1560.0,1584.1500244140625,1556.0,1572.699951171875,1569.6036376953125,768117,0.0,0.0
2024-05-13,1574.0,1587.0,1556.300048828125,1580.550048828125,1577.438232421875,466042,0.0,0.0
2024-05-14,1575.3499755859375,1589.9000244140625,1569.050048828125,1576.449951171875,1573.3463134765625,652248,0.0,0.0
2024-05-15,1580.0,1589.6500244140625,1566.5999755859375,1569.050048828125,1565.9609375,581805,0.0,0.0
2024-05-16,1575.050048828125,1601.0,1560.449951171875,1596.0,1592.8577880859375,1212568,0.0,0.0
2024-05-17,1595.0,1598.0,1580.050048828125,1584.75,1581.6300048828125,699522,0.0,0.0
2024-05-21,1587.5,1595.300048828125,1572.0,1582.550048828125,1579.434326171875,903561,0.0,0.0
2024-05-22,1582.550048828125,1590.0,1575.0,1583.949951171875,1580.8314208984375,578669,0.0,0.0
2024-05-23,1587.0999755859375,1613.25,1581.25,1608.449951171875,1605.283203125,1547483,0.0,0.0
2024-05-24,1609.0,1620.0,1597.050048828125,1601.699951171875,1598.5465087890625,566278,0.0,0.0
2024-05-27,1605.0,1612.8499755859375,1590.300048828125,1595.800048828125,1592.6583251953125,1365230,0.0,0.0
2024-05-28,1602.949951171875,1605.0,1589.449951171875,1599.6500244140625,1596.500732421875,1306333,0.0,0.0
2024-05-29,1594.1500244140625,1602.3499755859375,1565.0999755859375,1569.9000244140625,1566.80908203125,1665575,0.0,0.0
2024-05-30,1566.75,1575.199951171875,1517.0,1524.0999755859375,1521.099365234375,2285079,0.0,0.0
2024-05-31,1530.0,1552.050048828125,1518.9000244140625,1528.5999755859375,1525.590576171875,2794001,0.0,0.0
2024-06-03,1580.0,1583.0,1556.449951171875,1575.800048828125,1572.6976318359375,1826290,0.0,0.0
2024-06-04,1556.0,1569.199951171875,1419.050048828125,1477.300048828125,1474.3916015625,4388491,0.0,0.0
2024-06-05,1490.0,1528.0,1472.9000244140625,1517.699951171875,1514.7120361328125,1456768,0.0,0.0
2024-06-06,1521.5,1541.5,1510.800048828125,1526.449951171875,1523.44482421875,2891789,0.0,0.0
2024-06-07,1538.949951171875,1580.0,1530.550048828125,1567.699951171875,1564.613525390625,2787254,0.0,0.0
2024-06-10,1586.050048828125,1589.0,1559.3499755859375,1565.800048828125,1562.7174072265625,1154334,0.0,0.0
2024-06-11,1573.0,1577.4000244140625,1558.0,1568.25,1565.1624755859375,1184425,0.0,0.0
2024-06-12,1568.0,1593.75,1562.0,1579.0999755859375,1575.9910888671875,1799090,0.0,0.0
2024-06-13,1586.949951171875,1595.550048828125,1581.0,1590.0999755859375,1586.969482421875,1095701,0.0,0.0
2024-06-14,1590.0999755859375,1596.0,1575.3499755859375,1591.75,1588.6162109375,681385,0.0,0.0
2024-06-18,1599.0,1604.9000244140625,1585.0,1597.949951171875,1594.803955078125,1282756,0.0,0.0
2024-06-19,1600.0,1600.0,1582.5,1594.9000244140625,1591.760009765625,1269273,0.0,0.0
2024-06-20,1592.5,1595.0,1573.0999755859375,1586.0,1582.87744140625,1649421,0.0,0.0
2024-06-21,1586.0,1610.8499755859375,1570.5,1578.9000244140625,1576.78564453125,3345305,1.0,0.0
2024-06-24,1570.050048828125,1589.8499755859375,1561.0,1587.6500244140625,1585.52392578125,822750,0.0,0.0
2024-06-25,1587.6500244140625,1610.75,1571.0,1603.3499755859375,1601.202880859375,3093861,0.0,0.0
2024-06-26,1607.0,1616.5,1593.75,1600.25,1598.1070556640625,1310438,0.0,0.0
2024-06-27,1600.25,1614.699951171875,1595.050048828125,1603.0999755859375,1600.9532470703125,2620064,0.0,0.0
2024-06-28,1603.0999755859375,1622.0,1583.0999755859375,1588.1500244140625,1586.023193359375,2058302,0.0,0.0
2024-07-01,1588.199951171875,1590.949951171875,1578.0,1580.199951171875,1578.0838623046875,2444681,0.0,0.0
2024-07-02,1580.199951171875,1585.0,1561.0999755859375,1579.75,1577.634521484375,2572175,0.0,0.0
2024-07-03,1583.0,1597.5,1573.5999755859375,1594.1500244140625,1592.0152587890625,892102,0.0,0.0
2024-07-04,1610.0,1610.0,1580.800048828125,1585.699951171875,1583.576416015625,1450706,0.0,0.0
2024-07-05,1587.0,1590.699951171875,1570.0999755859375,1579.5999755859375,1577.4847412109375,1070592,0.0,0.0
2024-07-08,1579.5999755859375,1579.5999755859375,1562.0,1570.0999755859375,1567.997314453125,1000005,0.0,0.0
2024-07-09,1577.699951171875,1583.9000244140625,1567.0,1581.5999755859375,1579.4820556640625,1233946,0.0,0.0
2024-07-10,1583.9000244140625,1589.0,1570.75,1582.550048828125,1580.4307861328125,1355610,0.0,0.0
2024-07-11,1584.0,1596.0,1576.0,1587.8499755859375,1585.7236328125,1848978,0.0,0.0
2024-07-12,1604.8499755859375,1604.8499755859375,1585.1500244140625,1597.25,1595.111083984375,1003699,0.0,0.0
2024-07-15,1597.0,1605.0,1588.0,1602.199951171875,1600.0543212890625,1753186,0.0,0.0
2024-07-16,1605.0,1615.0,1598.4000244140625,1609.550048828125,1607.3946533203125,980434,0.0,0.0
2024-07-18,1606.0,1654.0,1593.050048828125,1651.25,1649.038818359375,2999670,0.0,0.0
2024-07-19,1652.0,1660.0,1635.0,1640.25,1638.053466796875,1865129,0.0,0.0
2024-07-22,1625.0,1651.800048828125,1623.050048828125,1631.1500244140625,1628.9656982421875,784867,0.0,0.0
2024-07-23,1635.0,1647.949951171875,1599.449951171875,1618.8499755859375,1616.68212890625,2718846,0.0,0.0
2024-07-24,1600.5999755859375,1611.9000244140625,1562.0,1579.25,1577.1351318359375,3675430,0.0,0.0
2024-07-25,1565.5999755859375,1582.6500244140625,1558.0,1571.949951171875,1569.8448486328125,1694503,0.0,0.0
2024-07-26,1578.0,1592.75,1569.050048828125,1586.449951171875,1584.325439453125,2768936,0.0,0.0
2024-07-29,1588.1500244140625,1625.0,1582.5,1617.1500244140625,1614.9844970703125,2217892,0.0,0.0
2024-07-30,1614.0,1669.9000244140625,1595.199951171875,1642.6500244140625,1640.4503173828125,3703774,0.0,0.0
2024-07-31,1650.9000244140625,1656.25,1637.6500244140625,1651.6500244140625,1649.438232421875,1324150,0.0,0.0
2024-08-01,1655.0,1659.0,1630.0,1634.800048828125,1632.61083984375,747329,0.0,0.0
2024-08-02,1620.0,1629.0,1603.0,1623.449951171875,1621.2760009765625,1105569,0.0,0.0
2024-08-05,1590.0,1605.0,1562.0,1567.699951171875,1565.6005859375,2058076,0.0,0.0
2024-08-06,1575.1500244140625,1598.0,1557.0999755859375,1564.0999755859375,1562.00537109375,1897942,0.0,0.0
2024-08-07,1584.0999755859375,1584.800048828125,1563.6500244140625,1571.4000244140625,1569.295654296875,1443063,0.0,0.0
2024-08-08,1562.449951171875,1576.449951171875,1532.550048828125,1540.050048828125,1537.9876708984375,1683534,0.0,0.0
2024-08-09,1559.9000244140625,1562.550048828125,1545.5,1560.199951171875,1558.110595703125,1014828,0.0,0.0
2024-08-12,1557.0,1570.8499755859375,1548.0999755859375,1559.0,1556.912353515625,1125254,0.0,0.0
2024-08-13,1554.0,1569.0,1537.050048828125,1543.3499755859375,1541.283203125,1817066,0.0,0.0
2024-08-14,1545.0,1546.449951171875,1526.800048828125,1529.1500244140625,1527.102294921875,1173504,0.0,0.0
2024-08-16,1539.0,1552.449951171875,1523.25,1549.9000244140625,1547.824462890625,1841887,0.0,0.0
2024-08-19,1563.9000244140625,1563.9000244140625,1545.050048828125,1551.0999755859375,1549.0228271484375,940893,0.0,0.0
2024-08-20,1554.949951171875,1624.9000244140625,1551.5,1602.0999755859375,1599.95458984375,3149863,0.0,0.0
2024-08-21,1600.0,1628.800048828125,1599.949951171875,1620.949951171875,1618.779296875,1966030,0.0,0.0
2024-08-22,1624.800048828125,1630.0,1614.050048828125,1625.699951171875,1623.52294921875,1325535,0.0,0.0
2024-08-23,1627.9000244140625,1644.949951171875,1623.199951171875,1639.9000244140625,1637.7039794921875,1114056,0.0,0.0
2024-08-26,1649.0,1688.0,1638.75,1686.199951171875,1683.94189453125,2446507,0.0,0.0
2024-08-27,1686.199951171875,1729.0,1652.0,1719.0,1716.697998046875,4205533,0.0,0.0
2024-08-28,1728.0,1735.0,1700.050048828125,1713.5,1711.205322265625,1444329,0.0,0.0
2024-08-29,1716.0,1772.0,1711.550048828125,1755.6500244140625,1753.2989501953125,5508206,0.0,0.0
2024-08-30,1769.949951171875,1793.5,1750.050048828125,1783.050048828125,1780.662353515625,3865499,0.0,0.0
2024-09-02,1796.4000244140625,1862.0,1787.800048828125,1840.550048828125,1838.0853271484373,5442576,0.0,0.0
2024-09-03,1850.0,1870.949951171875,1811.949951171875,1865.5999755859373,1863.1016845703125,4429269,0.0,0.0
2024-09-04,1840.199951171875,1879.699951171875,1833.050048828125,1871.9000244140625,1869.393310546875,2634954,0.0,0.0
2024-09-05,1868.0,1874.699951171875,1850.0,1864.949951171875,1862.4525146484373,1441842,0.0,0.0
2024-09-06,1864.0,1898.0,1836.0,1857.1500244140625,1854.6629638671875,2970645,0.0,0.0
2024-09-09,1860.0,1873.75,1839.050048828125,1860.449951171875,1857.95849609375,1576721,0.0,0.0
2024-09-10,1874.800048828125,1874.800048828125,1815.25,1824.5,1822.0567626953125,2155688,0.0,0.0
2024-09-11,1829.0,1853.800048828125,1814.25,1833.1500244140625,1830.6951904296875,1492450,0.0,0.0
2024-09-12,1850.699951171875,1860.0,1816.800048828125,1854.8499755859373,1852.3660888671875,2040386,0.0,0.0
2024-09-13,1874.800048828125,1906.9000244140625,1846.5,1894.449951171875,1891.9130859375,3078216,0.0,0.0
2024-09-16,1902.0,1921.0,1838.050048828125,1857.5999755859373,1855.1124267578125,3180768,0.0,0.0
2024-09-17,1859.0,1876.8499755859373,1838.550048828125,1848.699951171875,1846.2242431640625,1920113,0.0,0.0
2024-09-18,1848.699951171875,1897.0,1843.199951171875,1888.199951171875,1885.67138671875,2960854,0.0,0.0
2024-09-19,1890.0,1902.0,1876.0,1890.4000244140625,1887.8685302734373,1821882,0.0,0.0
2024-09-20,1892.0999755859373,1924.5,1884.3499755859373,1916.800048828125,1914.233154296875,4225587,0.0,0.0
2024-09-23,1929.8499755859373,1934.0,1914.5999755859373,1919.949951171875,1917.37890625,1118846,0.0,0.0
2024-09-24,1920.0,1923.5999755859373,1898.3499755859373,1904.6500244140625,1902.0994873046875,1461016,0.0,0.0
2024-09-25,1905.0,1938.800048828125,1896.050048828125,1928.5,1925.91748046875,901659,0.0,0.0
2024-09-26,1940.0,1988.25,1930.1500244140625,1982.800048828125,1980.144775390625,2541200,0.0,0.0
2024-09-27,1976.8499755859373,2029.9000244140625,1966.300048828125,2010.699951171875,2008.00732421875,3718693,0.0,0.0
2024-09-30,2010.699951171875,2018.949951171875,1968.300048828125,1973.4000244140625,1970.7574462890625,1859917,0.0,0.0
2024-10-01,1973.0,2007.0999755859373,1969.050048828125,1975.25,1972.6048583984373,1326900,0.0,0.0
2024-10-03,1961.0,1970.050048828125,1896.5,1913.4000244140625,1910.8377685546875,1702709,0.0,0.0
2024-10-04,1913.300048828125,1935.0,1865.25,1884.550048828125,1882.0263671875,2423416,0.0,0.0
2024-10-07,1884.550048828125,1901.5999755859373,1868.800048828125,1879.300048828125,1876.783447265625,1423722,0.0,0.0
2024-10-08,1873.199951171875,1893.949951171875,1833.0999755859373,1838.1500244140625,1835.6884765625,1423384,0.0,0.0
2024-10-09,1849.0,1881.199951171875,1835.550048828125,1866.949951171875,1864.4498291015625,1411255,0.0,0.0
2024-10-10,1874.800048828125,1887.8499755859373,1860.0,1875.699951171875,1873.1881103515625,1209065,0.0,0.0
2024-10-11,1875.949951171875,1883.800048828125,1855.0999755859373,1876.4000244140625,1873.8873291015625,516757,0.0,0.0
2024-10-14,1885.0999755859373,1885.0999755859373,1862.550048828125,1867.199951171875,1864.699462890625,809881,0.0,0.0
2024-10-15,1873.5999755859373,1895.75,1842.0,1853.949951171875,1851.46728515625,2072690,0.0,0.0
2024-10-16,1855.0,1871.0,1847.25,1862.050048828125,1859.5565185546875,850008,0.0,0.0
2024-10-17,1868.0,1869.449951171875,1809.0999755859373,1815.800048828125,1813.368408203125,1115879,0.0,0.0
2024-10-18,1815.0,1833.300048828125,1793.0,1819.9000244140625,1817.462890625,990257,0.0,0.0
2024-10-21,1822.0,1823.9000244140625,1753.949951171875,1758.4000244140625,1756.0452880859375,1663903,0.0,0.0
2024-10-22,1758.550048828125,1770.949951171875,1716.1500244140625,1722.5999755859375,1720.293212890625,3142294,0.0,0.0
2024-10-23,1727.550048828125,1779.5,1727.550048828125,1739.699951171875,1737.3702392578125,2585058,0.0,0.0
2024-10-24,1740.050048828125,1764.0,1718.6500244140625,1742.0999755859375,1739.7669677734375,1502718,0.0,0.0
2024-10-25,1742.0999755859375,1751.9000244140625,1698.0999755859375,1707.4000244140625,1705.1136474609375,875973,0.0,0.0
2024-10-28,1710.75,1737.8499755859375,1701.949951171875,1730.449951171875,1728.1326904296875,653158,0.0,0.0
2024-10-29,1725.1500244140625,1775.5,1703.0,1766.699951171875,1764.3341064453125,1561586,0.0,0.0
2024-10-30,1766.699951171875,1777.449951171875,1740.199951171875,1752.449951171875,1750.1031494140625,826677,0.0,0.0
2024-10-31,1745.199951171875,1755.0,1725.050048828125,1750.75,1748.405517578125,869480,0.0,0.0
2024-11-01,1762.0,1772.1500244140625,1746.300048828125,1754.699951171875,1752.35009765625,134827,0.0,0.0
2024-11-04,1754.699951171875,1758.0,1694.050048828125,1712.5,1710.2066650390625,1294236,0.0,0.0
2024-11-05,1714.0999755859375,1744.300048828125,1686.0,1735.6500244140625,1733.32568359375,1646381,0.0,0.0
2024-11-06,1732.0999755859375,1759.699951171875,1732.0999755859375,1748.699951171875,1746.358154296875,926170,0.0,0.0
2024-11-07,1745.0,1757.0,1705.050048828125,1729.699951171875,1727.3836669921875,855044,0.0,0.0
2024-11-08,1739.0,1743.5,1717.0,1739.75,1737.4202880859375,869560,0.0,0.0
2024-11-11,1727.550048828125,1751.949951171875,1713.050048828125,1717.449951171875,1715.150146484375,696798,0.0,0.0
2024-11-12,1725.0,1732.949951171875,1688.75,1691.75,1689.4844970703125,903492,0.0,0.0
2024-11-13,1690.0,1695.949951171875,1657.449951171875,1664.449951171875,1662.2210693359375,668302,0.0,0.0
2024-11-14,1665.0,1673.550048828125,1633.550048828125,1639.800048828125,1637.6041259765625,744472,0.0,0.0
2024-11-18,1634.0,1641.949951171875,1610.0,1616.0,1613.8359375,1618700,0.0,0.0
2024-11-19,1622.949951171875,1625.949951171875,1580.550048828125,1596.3499755859375,1594.2122802734375,2569730,0.0,0.0
2024-11-21,1596.0,1596.0,1565.25,1569.25,1567.1485595703125,984265,0.0,0.0
2024-11-22,1569.949951171875,1606.0,1562.050048828125,1600.8499755859375,1598.706298828125,2082813,0.0,0.0
2024-11-25,1618.0,1638.800048828125,1600.0,1604.9000244140625,1602.7508544921875,2191916,0.0,0.0
2024-11-26,1614.9000244140625,1614.9000244140625,1582.0,1594.4000244140625,1592.2650146484375,2483861,0.0,0.0
2024-11-27,1595.949951171875,1608.5999755859375,1589.0,1600.050048828125,1597.9073486328125,1335825,0.0,0.0
2024-11-28,1605.0,1610.050048828125,1567.6500244140625,1575.050048828125,1572.94091796875,3458405,0.0,0.0
2024-11-29,1581.9000244140625,1587.949951171875,1574.949951171875,1579.949951171875,1577.8341064453125,1998058,0.0,0.0
2024-12-02,1588.0,1603.800048828125,1567.0,1596.6500244140625,1594.511962890625,1423549,0.0,0.0
2024-12-03,1597.0999755859375,1609.9000244140625,1595.050048828125,1607.0999755859375,1604.9478759765625,1045367,0.0,0.0
2024-12-04,1619.0,1632.25,1606.0999755859375,1628.0999755859375,1625.919677734375,2271608,0.0,0.0
2024-12-05,1636.75,1654.0999755859375,1605.449951171875,1644.0999755859375,1641.8983154296875,1706032,0.0,0.0
2024-12-06,1640.0,1649.949951171875,1625.050048828125,1635.199951171875,1633.01025390625,1049225,0.0,0.0
2024-12-09,1642.0,1647.550048828125,1619.199951171875,1637.050048828125,1634.8577880859375,859106,0.0,0.0
2024-12-10,1644.75,1673.0,1637.0999755859375,1663.4000244140625,1661.1724853515625,1673974,0.0,0.0
2024-12-11,1667.0999755859375,1690.3499755859375,1649.0,1686.5,1684.2415771484375,2131913,0.0,0.0
2024-12-12,1685.0,1690.5,1674.5999755859375,1679.300048828125,1677.05126953125,1137744,0.0,0.0
2024-12-13,1667.0999755859375,1683.5999755859375,1635.0,1679.699951171875,1677.4505615234375,1389802,0.0,0.0
2024-12-16,1675.0,1683.949951171875,1660.4000244140625,1673.6500244140625,1671.40869140625,797240,0.0,0.0
2024-12-17,1673.0,1673.6500244140625,1633.050048828125,1643.1500244140625,1640.9495849609375,1045630,0.0,0.0
2024-12-18,1642.0,1647.4000244140625,1622.5999755859375,1630.75,1628.5662841796875,952592,0.0,0.0
2024-12-19,1616.800048828125,1624.1500244140625,1583.050048828125,1589.550048828125,1587.42138671875,1681562,0.0,0.0
2024-12-20,1589.550048828125,1603.5999755859375,1565.0,1569.6500244140625,1567.5479736328125,1806341,0.0,0.0
2024-12-23,1583.0,1594.75,1560.550048828125,1563.4000244140625,1561.306396484375,1017438,0.0,0.0
2024-12-24,1563.0999755859375,1572.8499755859375,1551.6500244140625,1564.550048828125,1562.4549560546875,810638,0.0,0.0
2024-12-26,1554.449951171875,1574.9000244140625,1554.449951171875,1559.300048828125,1557.2120361328125,760870,0.0,0.0
2024-12-27,1567.949951171875,1586.0,1561.0999755859375,1579.300048828125,1577.1851806640625,1174865,0.0,0.0
2024-12-30,1580.0,1587.8499755859375,1560.449951171875,1576.699951171875,1574.5885009765625,1307371,0.0,0.0
2024-12-31,1569.949951171875,1575.949951171875,1560.0,1568.0999755859375,1566.0,1041557,0.0,0.0
2025-01-01,1565.0,1584.050048828125,1565.0,1576.4000244140625,1574.2889404296875,464064,0.0,0.0
2025-01-02,1581.300048828125,1717.9000244140625,1576.4000244140625,1700.6500244140625,1698.3726806640625,8022190,0.0,0.0
2025-01-03,1700.0,1720.0,1692.0,1701.0999755859375,1698.822021484375,1563600,0.0,0.0
2025-01-06,1715.0,1732.949951171875,1675.0,1684.5999755859375,1682.3441162109375,1837772,0.0,0.0
2025-01-07,1692.0,1703.6500244140625,1674.199951171875,1682.75,1680.49658203125,1242573,0.0,0.0
2025-01-08,1681.0,1709.0,1668.550048828125,1697.0,1694.7274169921875,1437122,0.0,0.0
2025-01-09,1697.0,1700.5,1675.0,1690.300048828125,1688.0364990234375,1036731,0.0,0.0
2025-01-10,1682.0,1718.199951171875,1680.0,1701.25,1698.9718017578125,1467079,0.0,0.0
2025-01-13,1689.5999755859375,1700.0,1666.5999755859375,1674.1500244140625,1671.9080810546875,1177882,0.0,0.0
2025-01-14,1689.0,1730.0,1684.0,1713.5,1711.205322265625,2084348,0.0,0.0
2025-01-15,1721.0999755859375,1730.449951171875,1650.0,1671.6500244140625,1669.411376953125,2098490,0.0,0.0
2025-01-16,1680.0,1705.949951171875,1679.199951171875,1697.3499755859375,1695.0770263671875,1105433,0.0,0.0
2025-01-17,1686.0999755859375,1698.4000244140625,1670.949951171875,1680.6500244140625,1678.3992919921875,905680,0.0,0.0
2025-01-20,1686.300048828125,1738.0,1674.4000244140625,1735.199951171875,1732.8763427734375,1674215,0.0,0.0
2025-01-21,1745.0,1751.0,1711.0,1717.0,1714.70068359375,2008953,0.0,0.0
2025-01-22,1720.0,1746.8499755859375,1710.5,1743.300048828125,1740.965576171875,1369310,0.0,0.0
2025-01-23,1742.550048828125,1766.0,1730.449951171875,1746.1500244140625,1743.8116455078125,1888122,0.0,0.0
2025-01-24,1751.0,1754.9000244140625,1725.0,1728.699951171875,1726.385009765625,747930,0.0,0.0
2025-01-27,1714.8499755859375,1732.6500244140625,1702.0,1711.5999755859375,1709.307861328125,1017680,0.0,0.0
2025-01-28,1732.949951171875,1788.050048828125,1715.0,1768.949951171875,1766.5810546875,2439528,0.0,0.0
2025-01-29,1776.949951171875,1804.949951171875,1767.25,1790.4000244140625,1788.00244140625,1880079,0.0,0.0
2025-01-30,1825.0,1856.0,1741.0,1745.199951171875,1742.8629150390625,5190089,0.0,0.0
2025-01-31,1713.5999755859375,1753.699951171875,1698.199951171875,1736.0999755859375,1733.7750244140625,1917476,0.0,0.0
2025-02-01,1747.0,1780.0,1617.0,1754.0,1751.651123046875,2887325,0.0,0.0
2025-02-03,1735.0,1805.0,1733.3499755859375,1794.8499755859375,1792.4464111328125,2918355,0.0,0.0
2025-02-04,1800.0,1818.9000244140625,1772.800048828125,1813.25,1810.82177734375,2285643,0.0,0.0
2025-02-05,1811.0,1826.550048828125,1780.0,1796.75,1794.3438720703125,1286850,0.0,0.0
2025-02-06,1808.0,1812.949951171875,1779.449951171875,1788.0,1785.6055908203125,1119866,0.0,0.0
2025-02-07,1801.0,1822.0,1784.3499755859375,1798.3499755859375,1795.9417724609375,1748940,0.0,0.0
2025-02-10,1804.9000244140625,1806.949951171875,1774.800048828125,1792.4000244140625,1789.999755859375,908769,0.0,0.0
2025-02-11,1792.4000244140625,1795.300048828125,1742.0,1744.8499755859375,1742.5133056640625,1944713,0.0,0.0
2025-02-12,1749.0,1800.8499755859375,1727.25,1788.699951171875,1786.3045654296875,1888823,0.0,0.0
2025-02-13,1803.949951171875,1853.5,1796.6500244140625,1849.25,1846.7735595703125,4070038,0.0,0.0
2025-02-14,1853.5,1867.5999755859373,1825.0,1841.300048828125,1838.8343505859373,1823774,0.0,0.0
2025-02-17,1841.300048828125,1898.75,1830.449951171875,1894.8499755859373,1892.3125,3022597,0.0,0.0
2025-02-18,1892.0,1913.800048828125,1880.800048828125,1893.699951171875,1891.1640625,2116513,0.0,0.0
2025-02-19,1891.050048828125,1899.199951171875,1868.050048828125,1875.3499755859373,1872.838623046875,768994,0.0,0.0
2025-02-20,1867.8499755859373,1887.5,1861.050048828125,1881.25,1878.730712890625,1012144,0.0,0.0
2025-02-21,1872.199951171875,1893.300048828125,1866.4000244140625,1879.3499755859373,1876.833251953125,852037,0.0,0.0
2025-02-24,1868.0,1889.9000244140625,1853.0,1857.800048828125,1855.312255859375,1076484,0.0,0.0
2025-02-25,1857.800048828125,1896.0,1857.800048828125,1875.0999755859373,1872.5889892578125,1761019,0.0,0.0
2025-02-27,1882.1500244140625,1938.800048828125,1881.0,1925.550048828125,1922.971435546875,2878330,0.0,0.0
2025-02-28,1911.050048828125,1920.0,1862.550048828125,1872.300048828125,1869.7928466796875,1797567,0.0,0.0
2025-03-03,1884.699951171875,1884.699951171875,1818.699951171875,1838.550048828125,1836.0880126953125,1046987,0.0,0.0
2025-03-04,1829.75,1833.5,1785.25,1790.300048828125,1787.902587890625,1443339,0.0,0.0
2025-03-05,1787.0,1808.800048828125,1733.0,1801.800048828125,1799.38720703125,2143253,0.0,0.0
2025-03-06,1818.800048828125,1853.0,1784.0999755859375,1845.449951171875,1842.9786376953125,2176883,0.0,0.0
2025-03-07,1845.1500244140625,1865.550048828125,1836.5,1845.300048828125,1842.8289794921875,1332323,0.0,0.0
2025-03-10,1844.75,1888.75,1835.0,1840.3499755859373,1837.885498046875,1703046,0.0,0.0
2025-03-11,1830.0,1836.8499755859373,1788.25,1805.4000244140625,1802.982421875,2298735,0.0,0.0
2025-03-12,1814.0,1824.3499755859373,1800.0,1819.449951171875,1817.013427734375,1196955,0.0,0.0
2025-03-13,1828.0,1840.0,1803.1500244140625,1807.449951171875,1805.029541015625,1333932,0.0,0.0
2025-03-17,1820.0,1880.9000244140625,1797.1500244140625,1871.5999755859373,1869.0936279296875,6994837,0.0,0.0
2025-03-18,1900.0,1907.85,1833.25,1844.65,1869.0936279296875,4342446,0.0,0.0
2025-03-19,1855.0,1864.4000244140625,1840.0,1842.25,1839.782958984375,2411880,0.0,0.0
2025-03-20,1842.25,1855.0,1814.0999755859373,1851.8499755859373,1849.3699951171875,2306910,0.0,0.0
2025-03-21,1878.0,1880.0,1825.0,1847.25,1844.7762451171875,3537391,0.0,0.0
2025-03-24,1855.3499755859373,1898.699951171875,1845.5,1894.1500244140625,1891.613525390625,1864839,0.0,0.0
2025-03-25,1905.0,1954.4000244140625,1894.9000244140625,1945.050048828125,1942.4454345703125,3512725,0.0,0.0
2025-03-26,1951.0,1978.0,1935.0,1943.4000244140625,1940.7974853515625,2779682,0.0,0.0
2025-03-27,1940.0,2011.5,1932.5999755859373,2005.75,2003.0640869140625,4506778,0.0,0.0
2025-03-28,1995.75,2022.0,1994.199951171875,2007.3499755859373,2004.661865234375,1907116,0.0,0.0
2025-04-01,1998.0,2002.0,1932.5,1937.0999755859373,1934.505859375,2125921,0.0,0.0
2025-04-02,1946.300048828125,1963.5,1920.949951171875,1930.949951171875,1928.3641357421875,1057344,0.0,0.0
2025-04-03,1915.0,1950.0,1904.949951171875,1920.449951171875,1917.878173828125,1598430,0.0,0.0
2025-04-04,1912.0,1929.949951171875,1897.0,1912.300048828125,1909.7391357421875,2120708,0.0,0.0
2025-04-07,1835.0,1894.0,1823.5,1852.6500244140625,1850.1690673828125,2594074,0.0,0.0
2025-04-08,1890.0,1934.0,1873.699951171875,1903.199951171875,1900.6513671875,3182018,0.0,0.0
2025-04-09,1899.0,1918.300048828125,1878.0,1895.699951171875,1893.161376953125,1394829,0.0,0.0
2025-04-11,1909.449951171875,1966.0,1906.550048828125,1946.300048828125,1943.6937255859373,1880510,0.0,0.0
2025-04-15,1984.0,1984.0,1960.800048828125,1968.0,1965.364501953125,1250872,0.0,0.0
2025-04-16,1961.0,1975.699951171875,1949.5999755859373,1969.199951171875,1966.5628662109373,1033717,0.0,0.0
2025-04-17,1961.5,2039.699951171875,1955.0,2035.300048828125,2032.5745849609373,2104540,0.0,0.0
2025-04-21,2037.0999755859373,2118.699951171875,2035.699951171875,2103.5,2100.68310546875,2642028,0.0,0.0
2025-04-22,2104.0,2110.0,2070.0,2077.0,2074.218505859375,1447675,0.0,0.0
2025-04-23,2094.0,2117.800048828125,2057.39990234375,2100.800048828125,2097.98681640625,1483177,0.0,0.0
2025-04-24,2121.800048828125,2135.0,2085.39990234375,2105.0,2102.18115234375,1465968,0.0,0.0
2025-04-25,2105.0,2125.0,2023.0999755859373,2045.5,2042.7607421875,1960343,0.0,0.0
2025-04-28,2040.0,2094.800048828125,2040.0,2049.699951171875,2046.9552001953125,6311008,0.0,0.0
2025-04-29,2061.0,2082.0,2028.800048828125,2066.89990234375,2064.132080078125,2119823,0.0,0.0
2025-04-30,2018.199951171875,2020.0,1926.5,1951.5999755859373,1948.986572265625,4684518,0.0,0.0
2025-05-02,1955.0,1986.5999755859373,1917.199951171875,1966.699951171875,1964.0662841796875,1949238,0.0,0.0
2025-05-05,1964.9000244140625,2036.5999755859373,1959.0999755859373,2026.199951171875,2023.486572265625,2072898,0.0,0.0
2025-05-06,2028.9000244140625,2045.0,2008.0999755859373,2035.800048828125,2033.0738525390625,1698230,0.0,0.0
2025-05-07,2011.300048828125,2045.5,2009.699951171875,2030.300048828125,2027.581298828125,1078158,0.0,0.0
2025-05-08,2032.0,2050.0,1992.9000244140625,2006.0,2003.313720703125,1697652,0.0,0.0
2025-05-09,1970.0,1999.0,1963.0,1970.0,1967.36181640625,1207361,0.0,0.0
2025-05-12,2024.9000244140625,2057.60009765625,2011.800048828125,2050.39990234375,2047.654052734375,1057561,0.0,0.0
2025-05-13,2046.9000244140625,2061.39990234375,2010.5999755859373,2018.199951171875,2015.497314453125,2217985,0.0,0.0
2025-05-14,2028.9000244140625,2042.0,2010.0,2020.4000244140625,2017.6944580078125,1670853,0.0,0.0
2025-05-15,2015.0999755859373,2050.39990234375,1996.699951171875,2041.9000244140625,2039.1656494140625,2640223,0.0,0.0
2025-05-16,2054.0,2071.0,2022.0,2033.5999755859373,2030.8765869140625,1568556,0.0,0.0
2025-05-19,2038.9000244140625,2053.0,2035.0,2038.300048828125,2035.570556640625,1379603,0.0,0.0
2025-05-20,2047.0,2047.0,1995.0,2005.0999755859373,2002.414794921875,2170575,0.0,0.0
2025-05-21,2011.5,2047.0,1998.199951171875,2037.300048828125,2034.5718994140625,1291354,0.0,0.0
2025-05-22,2037.300048828125,2041.800048828125,1992.0,2001.0,1998.3203125,1178160,0.0,0.0
2025-05-23,2005.9000244140625,2048.699951171875,2003.199951171875,2036.5,2033.7728271484373,1085026,0.0,0.0
2025-05-26,2044.0,2070.0,2040.199951171875,2052.60009765625,2049.851318359375,714431,0.0,0.0
2025-05-27,2050.0,2058.0,2014.5,2029.9000244140625,2027.181640625,1175928,0.0,0.0
2025-05-28,2044.9000244140625,2044.9000244140625,2018.0,2022.4000244140625,2019.6917724609373,415312,0.0,0.0
2025-05-29,2031.4000244140625,2032.9000244140625,2000.0999755859373,2010.9000244140625,2008.2071533203125,874950,0.0,0.0
2025-05-30,2010.9000244140625,2031.699951171875,2010.9000244140625,2017.4000244140625,2014.698486328125,2144136,0.0,0.0
2025-06-02,2017.4000244140625,2035.699951171875,1995.0999755859373,2029.0,2026.282958984375,1339043,0.0,0.0
2025-06-03,2039.0999755859373,2044.800048828125,1980.0,1991.9000244140625,1989.232666015625,1522876,0.0,0.0
2025-06-04,2000.0,2007.800048828125,1944.0999755859373,1956.0999755859373,1953.4805908203125,1169875,0.0,0.0
2025-06-05,1961.0,1965.9000244140625,1929.0999755859373,1944.0,1941.396728515625,1808602,0.0,0.0
2025-06-06,1968.0,2018.699951171875,1921.0,1990.0,1987.3350830078125,6970191,0.0,0.0
2025-06-09,2001.0,2057.699951171875,1991.0,2017.4000244140625,2014.698486328125,4221378,0.0,0.0
2025-06-10,2022.0999755859373,2028.300048828125,1988.0999755859373,1998.0999755859373,1995.4241943359373,3306765,0.0,0.0
2025-06-11,2004.0,2029.0,1982.9000244140625,2012.9000244140625,2010.2044677734373,2245988,0.0,0.0
2025-06-12,2016.0,2059.699951171875,2012.199951171875,2028.800048828125,2026.083251953125,3783347,0.0,0.0
2025-06-13,2000.0,2016.9000244140625,1980.0,2011.0,2008.3070068359373,1418715,0.0,0.0
2025-06-16,2005.0,2040.0,1998.0,2028.199951171875,2025.48388671875,1645983,0.0,0.0
2025-06-17,2030.0,2033.9000244140625,1996.199951171875,2003.300048828125,2000.6173095703125,1220096,0.0,0.0
2025-06-18,2002.0,2018.0,1975.800048828125,1981.4000244140625,1978.7467041015625,1401356,0.0,0.0
2025-06-19,1982.0,1996.199951171875,1957.4000244140625,1967.5999755859373,1964.965087890625,745887,0.0,0.0
2025-06-20,1974.800048828125,1998.9000244140625,1965.0,1986.199951171875,1983.5401611328125,1931248,0.0,0.0
2025-06-23,1976.300048828125,2008.4000244140625,1950.699951171875,1997.5999755859373,1994.9249267578125,1125629,0.0,0.0
2025-06-24,2019.0,2032.4000244140625,1999.199951171875,2009.199951171875,2006.5093994140625,1717823,0.0,0.0
2025-06-25,2028.0,2028.0,2004.0,2011.800048828125,2009.10595703125,998245,0.0,0.0
2025-06-26,2018.0,2058.0,2011.800048828125,2053.60009765625,2050.85009765625,1828277,0.0,0.0
2025-06-27,2060.0,2065.0,2005.0,2044.0,2042.25732421875,6315182,1.0,0.0
2025-06-30,2040.0,2064.0,2028.0,2056.0,2054.2470703125,1363779,0.0,0.0
2025-07-01,2055.10009765625,2068.5,2042.5999755859373,2053.800048828125,2052.049072265625,1002015,0.0,0.0
2025-07-02,2054.0,2057.5,1996.5999755859373,2007.9000244140625,2006.1881103515625,1204931,0.0,0.0
2025-07-03,2008.0,2014.4000244140625,1977.5999755859373,1980.699951171875,1979.01123046875,1133593,0.0,0.0
2025-07-04,1993.0,2032.9000244140625,1985.0,1994.4000244140625,1992.6995849609373,1509178,0.0,0.0
2025-07-07,1996.800048828125,2016.9000244140625,1993.0,2006.4000244140625,2004.689453125,861699,0.0,0.0
2025-07-08,2000.0,2020.5999755859373,1998.699951171875,2018.300048828125,2016.5792236328125,986803,0.0,0.0
2025-07-09,2013.0,2037.5999755859373,2012.0,2026.4000244140625,2024.67236328125,1161769,0.0,0.0
2025-07-10,2034.0,2049.0,2021.800048828125,2039.4000244140625,2037.6612548828125,1230564,0.0,0.0
2025-07-11,2037.0,2040.699951171875,2000.199951171875,2017.199951171875,2015.4801025390625,1145529,0.0,0.0
2025-07-14,2010.0,2015.0,1989.0,2003.5999755859373,2001.8917236328125,605261,0.0,0.0
2025-07-15,2010.0,2046.0,2004.0999755859373,2036.5,2034.763671875,888117,0.0,0.0
2025-07-16,2040.0999755859373,2043.699951171875,2018.0999755859373,2036.0,2034.26416015625,633132,0.0,0.0
2025-07-17,2037.5999755859373,2047.5,2020.300048828125,2026.5,2024.772216796875,458912,0.0,0.0
2025-07-18,2029.9000244140625,2038.9000244140625,2007.300048828125,2029.5999755859373,2027.86962890625,995783,0.0,0.0
2025-07-21,2026.9000244140625,2056.0,2017.5999755859373,2053.89990234375,2052.148681640625,999643,0.0,0.0
2025-07-22,2047.9000244140625,2049.0,2015.199951171875,2039.5999755859373,2037.861083984375,1214275,0.0,0.0
2025-07-23,2047.699951171875,2063.199951171875,2033.699951171875,2060.5,2058.7431640625,878101,0.0,0.0
2025-07-24,2060.5,2060.60009765625,2025.0,2032.300048828125,2030.5673828125,658995,0.0,0.0
2025-07-25,1999.0,2000.0,1932.9000244140625,1985.800048828125,1984.10693359375,4102292,0.0,0.0
2025-07-28,1990.0,2023.0,1971.0999755859373,1977.800048828125,1976.11376953125,1469727,0.0,0.0
2025-07-29,1977.800048828125,1984.5,1943.800048828125,1972.5999755859373,1970.918212890625,847965,0.0,0.0
2025-07-30,1972.699951171875,1989.0999755859373,1945.0999755859373,1959.800048828125,1958.129150390625,932988,0.0,0.0
2025-07-31,1953.0999755859373,1968.300048828125,1941.0999755859373,1948.0,1946.339111328125,985553,0.0,0.0
2025-08-01,1945.0,1977.9000244140625,1911.199951171875,1916.300048828125,1914.666259765625,836974,0.0,0.0
2025-08-04,1923.0,1944.4000244140625,1923.0,1933.5999755859373,1931.951416015625,982532,0.0,0.0
2025-08-05,1930.0999755859373,1942.699951171875,1916.0,1939.4000244140625,1937.74658203125,1101680,0.0,0.0
2025-08-06,1939.4000244140625,1946.699951171875,1912.199951171875,1924.0,1922.359619140625,875588,0.0,0.0
2025-08-07,1919.699951171875,1932.9000244140625,1890.5999755859373,1914.0,1912.3681640625,905353,0.0,0.0
2025-08-08,1915.0,1929.699951171875,1906.4000244140625,1919.199951171875,1917.563720703125,507893,0.0,0.0
2025-08-11,1918.0,1939.800048828125,1903.0999755859373,1922.800048828125,1921.16064453125,1489228,0.0,0.0
2025-08-12,1925.0,1934.300048828125,1904.0,1908.0,1906.373291015625,899579,0.0,0.0
2025-08-13,1914.0,1920.0,1892.9000244140625,1914.4000244140625,1912.767822265625,710014,0.0,0.0
2025-08-14,1914.4000244140625,1939.0999755859373,1912.5,1925.0999755859373,1923.4586181640625,765742,0.0,0.0
2025-08-18,1950.0,2017.0,1950.0,1993.5,1991.8004150390625,1473915,0.0,0.0
2025-08-19,1994.0,1997.5999755859373,1964.800048828125,1972.199951171875,1970.5184326171875,1389770,0.0,0.0
2025-08-20,1972.800048828125,1976.5,1949.199951171875,1958.5,1956.8302001953125,1461680,0.0,0.0
2025-08-21,1984.0,1998.0,1974.5,1980.0,1978.3118896484373,2346236,0.0,0.0
2025-08-22,1975.0,1977.300048828125,1963.5,1965.9000244140625,1964.223876953125,709444,0.0,0.0
2025-08-25,1959.0999755859373,1967.800048828125,1953.0,1963.800048828125,1962.125732421875,869509,0.0,0.0
2025-08-26,1960.0,1963.4000244140625,1917.5999755859373,1924.199951171875,1922.5594482421875,1179819,0.0,0.0
2025-08-28,1920.0,1939.699951171875,1910.5999755859373,1917.5999755859373,1915.965087890625,985012,0.0,0.0
2025-08-29,1923.0999755859373,1931.0999755859373,1910.0,1913.5,1911.8685302734373,735268,0.0,0.0
2025-09-01,1918.9000244140625,1946.0,1913.0,1943.5,1941.843017578125,590079,0.0,0.0
2025-09-02,1945.0,1958.699951171875,1938.5999755859373,1955.9000244140625,1954.232421875,907972,0.0,0.0
2025-09-03,1950.0,1972.0,1950.0,1966.0999755859373,1964.4237060546875,934230,0.0,0.0
2025-09-04,1985.0,2033.800048828125,1971.0,2002.199951171875,2000.492919921875,2459026,0.0,0.0
2025-09-05,2013.9000244140625,2023.800048828125,2002.0999755859373,2014.4000244140625,2012.6826171875,1077230,0.0,0.0
2025-09-08,2014.4000244140625,2026.4000244140625,2006.0999755859373,2008.4000244140625,2006.687744140625,338055,0.0,0.0
2025-09-09,2012.0,2039.0,2012.0,2025.300048828125,2023.5733642578125,1240640,0.0,0.0
2025-09-10,2035.0999755859373,2047.0,2026.5999755859373,2038.199951171875,2036.462158203125,927634,0.0,0.0
2025-09-11,2038.0,2048.800048828125,2028.4000244140625,2037.800048828125,2036.0626220703125,720797,0.0,0.0
2025-09-12,2036.0999755859373,2089.0,2034.300048828125,2081.5,2079.725341796875,1546838,0.0,0.0
2025-09-15,2078.0,2097.0,2068.0,2080.0,2078.2265625,1014957,0.0,0.0
2025-09-16,2085.0,2104.89990234375,2077.60009765625,2080.300048828125,2078.5263671875,928203,0.0,0.0
2025-09-17,2088.0,2090.0,2054.89990234375,2057.0,2055.246337890625,1199866,0.0,0.0
2025-09-18,2066.0,2075.0,2045.0,2069.199951171875,2067.435791015625,904666,0.0,0.0
2025-09-19,2069.0,2077.199951171875,2053.699951171875,2067.300048828125,2065.53759765625,1973991,0.0,0.0
2025-09-22,2067.300048828125,2082.0,2062.300048828125,2069.5,2067.735595703125,633360,0.0,0.0
2025-09-23,2068.0,2092.0,2068.0,2084.39990234375,2082.622802734375,1177350,0.0,0.0
2025-09-24,2084.10009765625,2088.800048828125,2062.89990234375,2069.199951171875,2067.435791015625,602541,0.0,0.0
2025-09-25,2069.199951171875,2074.0,2032.4000244140625,2035.5999755859373,2033.864501953125,952122,0.0,0.0
2025-09-26,2040.0,2047.5,1996.0999755859373,2003.199951171875,2001.4920654296875,754739,0.0,0.0
2025-09-29,2007.9000244140625,2031.0,1994.9000244140625,2024.699951171875,2022.9737548828125,2005041,0.0,0.0
2025-09-30,2025.0,2036.4000244140625,2001.0,2006.4000244140625,2004.689453125,924425,0.0,0.0
2025-10-01,2008.9000244140625,2014.0,1979.5,2007.0,2005.288818359375,683568,0.0,0.0
2025-10-03,2016.5,2017.0,1968.0,2000.9000244140625,1999.194091796875,789048,0.0,0.0
2025-10-06,1996.0999755859373,2042.199951171875,1995.0999755859373,2033.199951171875,2031.4664306640625,821515,0.0,0.0
2025-10-07,2038.699951171875,2056.39990234375,2029.0,2032.5999755859373,2030.8670654296875,641471,0.0,0.0
2025-10-08,2031.5,2038.199951171875,2005.0,2013.5999755859373,2011.8831787109373,369526,0.0,0.0
2025-10-09,2013.5999755859373,2025.9000244140625,2005.0,2014.5999755859373,2012.88232421875,437357,0.0,0.0
2025-10-10,2014.5999755859373,2026.0,2001.199951171875,2004.300048828125,2002.5911865234373,772401,0.0,0.0
2025-10-13,2004.0999755859373,2025.0,1996.5999755859373,2020.4000244140625,2018.677490234375,1013809,0.0,0.0
2025-10-14,2024.9000244140625,2036.800048828125,2006.5999755859373,2019.4000244140625,2017.6783447265625,668246,0.0,0.0
2025-10-15,2024.5,2088.800048828125,2020.0999755859373,2084.10009765625,2082.3232421875,1497249,0.0,0.0
2025-10-16,2078.5,2100.0,2078.0,2090.199951171875,2088.41796875,1424932,0.0,0.0
2025-10-17,2090.0,2104.0,2077.0,2083.699951171875,2081.92333984375,609393,0.0,0.0
2025-10-20,2088.0,2149.5,2088.0,2139.800048828125,2137.9755859375,1844869,0.0,0.0
2025-10-21,2150.0,2184.0,2134.0,2169.10009765625,2167.250732421875,367784,0.0,0.0
2025-10-23,2170.0,2195.0,2159.10009765625,2176.60009765625,2174.744384765625,1291839,0.0,0.0
2025-10-24,2176.60009765625,2184.0,2144.60009765625,2159.5,2157.658935546875,517200,0.0,0.0
2025-10-27,2159.5,2178.5,2149.89990234375,2170.199951171875,2168.349609375,433573,0.0,0.0
2025-10-28,2172.0,2188.699951171875,2123.10009765625,2140.199951171875,2138.375244140625,1200996,0.0,0.0
2025-10-29,2150.0,2150.0,2124.199951171875,2137.0,2135.177978515625,343434,0.0,0.0
2025-10-30,2140.0,2146.0,2101.300048828125,2114.60009765625,2112.797119140625,488305,0.0,0.0
2025-10-31,2115.0,2128.89990234375,2085.39990234375,2088.300048828125,2086.51953125,586237,0.0,0.0
2025-11-03,2086.0,2100.0,2070.0,2081.60009765625,2079.825439453125,546962,0.0,0.0
2025-11-04,2087.0,2098.800048828125,2061.5,2073.199951171875,2071.432373046875,610128,0.0,0.0
2025-11-06,2079.0,2080.39990234375,2057.199951171875,2063.199951171875,2061.44091796875,1175380,0.0,0.0
2025-11-07,2060.0,2112.0,2042.800048828125,2102.10009765625,2100.307861328125,839091,0.0,0.0
2025-11-10,2114.699951171875,2126.800048828125,2096.300048828125,2118.300048828125,2116.493896484375,985115,0.0,0.0
2025-11-11,2085.0,2099.0,1952.4000244140625,1989.4000244140625,1987.703857421875,4943745,0.0,0.0
2025-11-12,2009.5,2039.0,1995.0,2035.5,2033.7645263671875,2396251,0.0,0.0
2025-11-13,2045.0,2072.39990234375,2032.300048828125,2056.199951171875,2054.44677734375,1839900,0.0,0.0
2025-11-14,2050.0,2072.0,2044.199951171875,2065.800048828125,2064.038818359375,1433249,0.0,0.0
2025-11-17,2065.800048828125,2081.10009765625,2055.0,2079.60009765625,2077.8271484375,817576,0.0,0.0
2025-11-18,2073.0,2075.5,2047.0,2050.199951171875,2048.451904296875,734236,0.0,0.0
2025-11-19,2059.39990234375,2059.39990234375,2035.0,2050.199951171875,2048.451904296875,704802,0.0,0.0
2025-11-20,2064.699951171875,2105.0,2042.9000244140625,2095.60009765625,2093.8134765625,1576354,0.0,0.0
2025-11-21,2100.0,2100.0,2045.0999755859373,2052.39990234375,2050.650146484375,1019782,0.0,0.0
2025-11-24,2064.0,2064.0,2025.800048828125,2030.800048828125,2029.068603515625,1422874,0.0,0.0
2025-11-25,2039.0,2051.5,2026.4000244140625,2030.199951171875,2028.468994140625,688300,0.0,0.0
2025-11-26,2035.0,2088.5,2030.9000244140625,2085.10009765625,2083.322265625,928388,0.0,0.0
2025-11-27,2085.10009765625,2118.0,2075.60009765625,2103.199951171875,2101.40673828125,1125896,0.0,0.0
2025-11-28,2110.0,2113.0,2086.5,2094.0,2092.214599609375,590610,0.0,0.0
2025-12-01,2102.5,2105.89990234375,2075.0,2081.800048828125,2080.025146484375,533604,0.0,0.0
2025-12-02,2070.10009765625,2081.5,2059.5,2065.89990234375,2064.138427734375,682583,0.0,0.0
2025-12-03,2065.89990234375,2072.39990234375,2035.0,2046.0,2044.255615234375,785536,0.0,0.0
2025-12-04,2046.0,2061.89990234375,2034.0,2049.199951171875,2047.452880859375,758590,0.0,0.0
2025-12-05,2050.0,2110.0,2045.800048828125,2096.5,2094.712646484375,1742156,0.0,0.0
2025-12-08,2100.0,2104.89990234375,2038.5,2059.199951171875,2057.4443359375,904146,0.0,0.0
2025-12-09,2050.0,2081.800048828125,2039.0,2069.5,2067.735595703125,1176704,0.0,0.0
2025-12-10,2070.0,2098.199951171875,2060.0,2065.800048828125,2064.038818359375,937777,0.0,0.0
2025-12-11,2080.0,2082.699951171875,2050.0,2065.800048828125,2064.038818359375,624077,0.0,0.0
2025-12-12,2075.800048828125,2093.0,2069.199951171875,2083.10009765625,2081.323974609375,554885,0.0,0.0
2025-12-15,2079.89990234375,2080.800048828125,2061.0,2070.5,2068.734619140625,483403,0.0,0.0
2025-12-16,2066.10009765625,2067.800048828125,2029.0,2035.199951171875,2033.4647216796875,506106,0.0,0.0
2025-12-17,2035.199951171875,2044.0,2011.5999755859373,2021.199951171875,2019.4766845703125,398342,0.0,0.0
2025-12-18,2020.0,2038.0,2012.5999755859373,2026.300048828125,2024.572509765625,438810,0.0,0.0
2025-12-19,2019.0,2055.0,2017.9000244140625,2043.800048828125,2042.0574951171875,1104767,0.0,0.0
2025-12-22,2044.0999755859373,2053.89990234375,2037.199951171875,2049.800048828125,2048.052490234375,1038998,0.0,0.0
2025-12-23,2049.0,2057.5,2042.0,2047.5999755859373,2045.854248046875,677615,0.0,0.0
2025-12-24,2048.5,2064.5,2024.300048828125,2035.699951171875,2033.96435546875,1344198,0.0,0.0
2025-12-26,2035.699951171875,2035.699951171875,2005.4000244140625,2017.5999755859373,2015.8797607421875,1755050,0.0,0.0
2025-12-29,2020.0,2026.4000244140625,1997.199951171875,2012.0999755859373,2010.384521484375,1415166,0.0,0.0
2025-12-30,2012.0,2047.800048828125,1980.4000244140625,2026.4000244140625,2024.67236328125,5450560,0.0,0.0
2025-12-31,2030.199951171875,2046.300048828125,2010.4000244140625,2039.9000244140625,2038.160888671875,1377422,0.0,0.0
2026-01-01,2045.0,2048.800048828125,2027.800048828125,2037.0,2035.2633056640625,270917,0.0,0.0
2026-01-02,2030.0999755859373,2050.0,2026.5999755859373,2038.4000244140625,2036.662109375,893818,0.0,0.0
2026-01-05,2040.0,2045.9000244140625,2030.0,2039.199951171875,2037.4613037109373,656058,0.0,0.0
2026-01-06,2044.9000244140625,2082.0,2040.800048828125,2044.5999755859373,2042.8568115234373,1236924,0.0,0.0
2026-01-07,2040.0,2042.0,2021.0,2031.9000244140625,2030.1676025390625,653557,0.0,0.0
2026-01-08,2021.0,2029.0999755859373,1989.199951171875,2008.9000244140625,2007.187255859375,756940,0.0,0.0
2026-01-09,2008.9000244140625,2014.199951171875,1981.199951171875,1992.4000244140625,1990.7012939453125,1143760,0.0,0.0
2026-01-12,1992.0,2006.4000244140625,1972.5999755859373,1998.9000244140625,1997.19580078125,996702,0.0,0.0
2026-01-13,1998.9000244140625,2016.0,1991.0,2011.199951171875,2009.4852294921875,1216677,0.0,0.0
2026-01-14,2003.5,2015.800048828125,1993.5999755859373,2000.9000244140625,1999.194091796875,1062849,0.0,0.0
2026-01-16,2012.800048828125,2033.0,2000.5999755859373,2002.5,2000.792724609375,1177279,0.0,0.0
2026-01-19,1995.0,2025.9000244140625,1992.0,2017.800048828125,2016.0797119140625,587791,0.0,0.0
2026-01-20,2017.0,2018.300048828125,1950.199951171875,1958.699951171875,1957.030029296875,1572563,0.0,0.0
2026-01-21,1964.9000244140625,1973.5999755859373,1936.5999755859373,1959.9000244140625,1958.22900390625,894555,0.0,0.0
2026-01-22,1969.800048828125,1996.9000244140625,1965.0,1993.0999755859373,1991.400634765625,1067186,0.0,0.0
2026-01-23,1993.0999755859373,1994.9000244140625,1943.0999755859373,1949.0,1947.3382568359373,1046873,0.0,0.0
2026-01-27,1950.199951171875,1971.5,1903.4000244140625,1917.699951171875,1916.06494140625,4700126,0.0,0.0
2026-01-28,1924.0,1944.0999755859373,1920.0999755859373,1940.300048828125,1938.645751953125,1605973,0.0,0.0
2026-01-29,1927.0,1956.800048828125,1921.0999755859373,1948.0999755859373,1946.4390869140625,884350,0.0,0.0
2026-01-30,1928.5,1956.5999755859373,1927.0,1952.5999755859373,1950.9351806640625,1342205,0.0,0.0
2026-02-02,1908.0,1937.0999755859373,1876.5999755859373,1930.0999755859373,1928.454345703125,1183196,0.0,0.0
2026-02-03,2019.699951171875,2045.5,1986.300048828125,2012.699951171875,2010.9840087890625,1358926,0.0,0.0
2026-02-04,1993.0,2032.699951171875,1985.0999755859373,2019.5999755859373,2017.8780517578125,1078917,0.0,0.0
2026-02-05,2008.0999755859373,2021.800048828125,1992.4000244140625,2000.0999755859373,1998.394775390625,857399,0.0,0.0
2026-02-06,2000.0999755859373,2027.4000244140625,1983.0,2024.199951171875,2022.47412109375,1257237,0.0,0.0
2026-02-09,2026.9000244140625,2032.0,2018.800048828125,2024.5999755859373,2022.873779296875,431032,0.0,0.0
2026-02-10,2027.0,2033.9000244140625,2019.9000244140625,2027.9000244140625,2026.1710205078125,717899,0.0,0.0
2026-02-11,2032.0,2050.0,2022.0,2027.0,2025.2718505859373,538669,0.0,0.0
2026-02-12,2025.0,2041.9000244140625,2012.0999755859373,2037.0999755859373,2035.3631591796875,637754,0.0,0.0
2026-02-13,2035.0,2035.0,2012.699951171875,2023.199951171875,2021.4749755859373,756233,0.0,0.0
2026-02-16,2023.199951171875,2055.0,2022.199951171875,2050.89990234375,2049.1513671875,812257,0.0,0.0
2026-02-17,2045.0,2052.60009765625,2035.0,2044.4000244140625,2042.656982421875,252282,0.0,0.0
2026-02-18,2040.0,2065.89990234375,2040.0,2060.60009765625,2058.84326171875,611189,0.0,0.0
2026-02-19,2068.0,2068.0,2025.0,2033.199951171875,2031.4664306640625,659450,0.0,0.0
2026-02-20,2033.199951171875,2063.89990234375,2021.0999755859373,2058.5,2056.744873046875,459679,0.0,0.0
2026-02-23,2050.0,2069.0,2039.800048828125,2051.60009765625,2049.850830078125,1070139,0.0,0.0
2026-02-24,2040.0,2050.0,2032.0999755859373,2043.300048828125,2041.5579833984373,1054129,0.0,0.0
2026-02-25,2050.0,2074.89990234375,2043.0,2049.300048828125,2047.5528564453125,508162,0.0,0.0
2026-02-26,2057.0,2063.800048828125,2028.0,2041.300048828125,2039.5596923828125,493126,0.0,0.0
2026-02-27,2022.699951171875,2039.5999755859373,1986.5999755859373,1993.4000244140625,1991.700439453125,1323479,0.0,0.0
2026-03-02,1950.0,1990.0,1927.0,1941.9000244140625,1940.244384765625,1595247,0.0,0.0
2026-03-04,1909.4000244140625,1909.4000244140625,1860.199951171875,1889.300048828125,1887.689208984375,2209959,0.0,0.0
2026-03-05,1897.800048828125,1917.9000244140625,1878.9000244140625,1911.800048828125,1910.1700439453125,1515601,0.0,0.0
2026-03-06,1908.9000244140625,1908.9000244140625,1865.0,1868.9000244140625,1867.306640625,2267317,0.0,0.0
2026-03-09,1839.0999755859373,1844.5999755859373,1802.0,1841.5,1839.929931640625,1009617,0.0,0.0
2026-03-10,1845.0999755859373,1873.800048828125,1840.4000244140625,1867.800048828125,1866.2076416015625,885047,0.0,0.0
2026-03-11,1861.0,1874.800048828125,1791.0,1795.300048828125,1793.7694091796875,1298364,0.0,0.0
2026-03-12,1786.9000244140625,1794.4000244140625,1763.0999755859375,1770.800048828125,1769.290283203125,1095963,0.0,0.0
2026-03-13,1760.0999755859375,1779.199951171875,1726.0999755859375,1738.0,1736.5181884765625,1390698,0.0,0.0
2026-03-16,1738.0,1784.0,1729.0,1773.9000244140625,1772.3875732421875,2085547,0.0,0.0
2026-03-17,1775.5999755859375,1782.5999755859375,1757.0,1774.699951171875,1773.1868896484375,1259526,0.0,0.0
2026-03-18,1773.800048828125,1803.0,1770.0,1791.800048828125,1790.2723388671875,1467841,0.0,0.0
2026-03-19,1776.0,1778.0,1702.0999755859375,1714.9000244140625,1713.4378662109375,1354973,0.0,0.0
2026-03-20,1724.0,1734.0,1702.800048828125,1710.300048828125,1708.8419189453125,2626283,0.0,0.0
2026-03-23,1699.800048828125,1700.0,1662.699951171875,1675.5,1674.071533203125,2207925,0.0,0.0
2026-03-24,1710.0,1714.0,1671.4000244140625,1704.4000244140625,1702.9468994140625,1775627,0.0,0.0
2026-03-25,1720.800048828125,1765.0,1717.5999755859375,1746.199951171875,1744.711181640625,1865278,0.0,0.0
2026-03-27,1738.5999755859375,1738.5999755859375,1680.0999755859375,1694.699951171875,1693.255126953125,2522237,0.0,0.0
2026-03-30,1675.0,1686.0999755859375,1627.0,1631.800048828125,1630.4088134765625,3272392,0.0,0.0
2026-04-01,1679.0,1683.0999755859375,1642.0,1647.0,1645.5958251953125,1796540,0.0,0.0
2026-04-02,1635.0,1646.5,1597.0,1640.699951171875,1639.3011474609375,2284337,0.0,0.0
2026-04-06,1635.0,1678.9000244140625,1623.5999755859375,1672.300048828125,1670.874267578125,1215027,0.0,0.0
2026-04-07,1660.0999755859375,1692.199951171875,1625.0,1684.4000244140625,1682.9639892578125,2860538,0.0,0.0
2026-04-08,1751.5,1809.0,1751.5,1784.5999755859375,1783.0784912109375,2059323,0.0,0.0
2026-04-09,1784.5999755859375,1792.5,1757.0,1767.699951171875,1766.19287109375,1510841,0.0,0.0
2026-04-10,1777.800048828125,1814.9000244140625,1776.0999755859375,1809.199951171875,1807.657470703125,983497,0.0,0.0
2026-04-13,1774.5,1792.0999755859375,1748.300048828125,1788.300048828125,1786.775390625,1243242,0.0,0.0
2026-04-15,1815.0,1839.199951171875,1814.199951171875,1825.800048828125,1824.243408203125,1066065,0.0,0.0
2026-04-16,1835.800048828125,1854.9000244140625,1823.0,1829.9000244140625,1828.33984375,1035217,0.0,0.0
2026-04-17,1828.800048828125,1845.5,1811.699951171875,1838.9000244140625,1837.3321533203125,487836,0.0,0.0
2026-04-20,1839.9000244140625,1850.5999755859373,1820.4000244140625,1830.5999755859373,1829.0391845703125,903716,0.0,0.0
2026-04-21,1827.300048828125,1855.0,1825.0,1851.4000244140625,1849.821533203125,952364,0.0,0.0
2026-04-22,1847.0,1860.0,1835.0,1842.9000244140625,1841.3287353515625,739941,0.0,0.0
2026-04-23,1821.5,1830.0,1786.0,1792.5999755859375,1791.0716552734375,910293,0.0,0.0
2026-04-24,1792.699951171875,1799.9000244140625,1757.300048828125,1770.699951171875,1769.1903076171875,920624,0.0,0.0
2026-04-27,1781.0,1798.0,1765.0,1772.199951171875,1770.68896484375,1267827,0.0,0.0
2026-04-28,1772.0999755859375,1790.800048828125,1757.699951171875,1779.0,1777.4832763671875,1414112,0.0,0.0
2026-04-29,1778.0,1793.9000244140625,1760.800048828125,1764.199951171875,1762.69580078125,699788,0.0,0.0
2026-04-30,1777.199951171875,1794.5,1718.699951171875,1747.199951171875,1745.7103271484375,2574629,0.0,0.0
2026-05-04,1749.199951171875,1787.0,1747.0999755859375,1770.4000244140625,1768.890625,1720030,0.0,0.0
2026-05-05,1760.0,1799.0,1742.0999755859375,1794.5999755859375,1793.0699462890625,1270233,0.0,0.0
2026-05-06,1810.0,1838.800048828125,1798.0999755859375,1836.0999755859373,1834.5345458984373,1059177,0.0,0.0
2026-05-07,1849.5999755859373,1849.5999755859373,1816.5999755859373,1824.5,1822.9444580078125,945912,0.0,0.0
2026-05-08,1824.5,1827.199951171875,1802.5,1818.300048828125,1816.749755859375,719570,0.0,0.0
2026-05-11,1804.199951171875,1814.0,1786.0,1794.199951171875,1792.6702880859375,541986,0.0,0.0
2026-05-12,1783.800048828125,1791.0,1741.5,1744.800048828125,1743.3125,1041932,0.0,0.0
2026-05-13,1748.9000244140625,1758.0,1726.0,1728.9000244140625,1727.426025390625,666278,0.0,0.0
2026-05-14,1735.0999755859375,1743.0,1713.300048828125,1740.199951171875,1738.71630859375,2086133,0.0,0.0
2026-05-15,1735.0999755859375,1755.800048828125,1721.9000244140625,1728.0999755859375,1726.6265869140625,2347840,0.0,0.0
2026-05-18,1715.0,1759.0,1693.800048828125,1753.0999755859375,1751.6053466796875,1199186,0.0,0.0
2026-05-19,1745.199951171875,1765.0,1743.0,1749.800048828125,1748.3082275390625,640335,0.0,0.0
2026-05-20,1732.5,1780.0,1726.0,1772.0,1770.4892578125,779574,0.0,0.0
2026-05-21,1781.0,1784.4000244140625,1746.0,1752.199951171875,1750.7060546875,479195,0.0,0.0
2026-05-22,1760.0,1779.0,1757.0,1766.0,1764.494384765625,392442,0.0,0.0
2026-05-25,1785.0,1811.800048828125,1783.0,1807.4000244140625,1805.8590087890625,456676,0.0,0.0
2026-05-26,1807.4000244140625,1812.800048828125,1796.199951171875,1800.699951171875,1799.1646728515625,811184,0.0,0.0
2026-05-27,1806.0,1815.5,1794.5,1809.0999755859373,1807.5576171875,339636,0.0,0.0
2026-05-29,1801.0,1817.5999755859373,1776.9000244140625,1783.5999755859375,1782.079345703125,1445842,0.0,0.0
2026-06-01,1794.9000244140625,1805.699951171875,1756.0,1758.9000244140625,1757.400390625,399937,0.0,0.0
2026-06-02,1748.0999755859375,1755.0,1714.0999755859375,1741.4000244140625,1739.915283203125,1004282,0.0,0.0
2026-06-03,1739.0,1741.9000244140625,1708.0999755859375,1734.4000244140625,1732.9212646484375,561611,0.0,0.0
2026-06-04,1733.0,1734.199951171875,1705.5,1709.800048828125,1708.34228515625,767631,0.0,0.0
2026-06-05,1720.0,1740.5,1698.0,1703.199951171875,1701.747802734375,1414054,0.0,0.0
2026-06-08,1684.0,1696.0,1662.0,1674.5999755859375,1673.1722412109375,757180,0.0,0.0
2026-06-09,1682.699951171875,1696.800048828125,1673.0999755859375,1693.0999755859375,1691.656494140625,567616,0.0,0.0
2026-06-10,1689.199951171875,1699.9000244140625,1660.4000244140625,1664.199951171875,1662.7811279296875,525263,0.0,0.0
2026-06-11,1656.0999755859375,1658.5999755859375,1640.5,1645.0999755859375,1643.6973876953125,589370,0.0,0.0
2026-06-12,1669.0,1692.0,1649.199951171875,1689.0999755859375,1687.659912109375,1486234,0.0,0.0
2026-06-15,1714.0,1761.0999755859375,1710.0,1750.199951171875,1748.707763671875,2002931,0.0,0.0
2026-06-16,1755.0,1801.800048828125,1751.0999755859375,1787.300048828125,1785.7762451171875,2043227,0.0,0.0
2026-06-17,1792.0,1794.0,1751.5999755859375,1764.5999755859375,1763.095458984375,903580,0.0,0.0
2026-06-18,1769.800048828125,1775.0,1750.0,1771.699951171875,1770.189453125,1011360,0.0,0.0
2026-06-19,1770.800048828125,1774.0,1752.0,1769.4000244140625,1767.8914794921875,837089,0.0,0.0
2026-06-22,1768.0999755859375,1786.699951171875,1761.4000244140625,1782.199951171875,1780.680419921875,1828102,0.0,0.0
2026-06-23,1794.0,1798.9000244140625,1759.9000244140625,1765.0,1763.4952392578125,885946,0.0,0.0
2026-06-24,1757.0999755859375,1792.199951171875,1753.0999755859375,1780.5,1778.98193359375,891924,0.0,0.0
2026-06-25,1790.0,1793.0,1760.800048828125,1764.5999755859375,1763.095458984375,1108117,0.0,0.0
2026-06-29,1764.5999755859375,1787.0,1755.0999755859375,1759.300048828125,1757.800048828125,1565424,0.0,0.0
2026-06-30,1760.0,1799.0,1754.199951171875,1780.199951171875,1780.199951171875,1234164,1.5,0.0
2026-07-01,1760.0,1809.4000244140625,1741.5,1797.5999755859375,1797.5999755859375,1768906,0.0,0.0
2026-07-02,1804.0,1862.0,1801.5,1855.699951171875,1855.699951171875,1786876,0.0,0.0
2026-07-03,1885.0,1916.0,1870.5999755859373,1895.5999755859373,1895.5999755859373,2036834,0.0,0.0
2026-07-06,1885.0999755859373,1904.5999755859373,1863.0999755859373,1870.699951171875,1870.699951171875,1228228,0.0,0.0
2026-07-07,1871.800048828125,1899.0,1871.800048828125,1885.300048828125,1885.300048828125,877577,0.0,0.0
2026-07-08,1867.0,1890.800048828125,1841.5,1854.9000244140625,1854.9000244140625,1439841,0.0,0.0
2026-07-09,1856.0,1911.9000244140625,1850.0,1895.0,1895.0,2049967,0.0,0.0
2026-07-10,1905.300048828125,1920.5,1893.4000244140625,1916.0,1916.0,822344,0.0,0.0
2026-07-13,1900.0,1912.0,1884.4000244140625,1908.0999755859373,1908.0999755859373,1002460,0.0,0.0
2026-07-14,1884.4000244140625,1899.0,1861.0,1869.199951171875,1869.199951171875,1811978,0.0,0.0
2026-07-15,1875.0,1892.5999755859373,1843.4000244140625,1849.5999755859373,1849.5999755859373,595343,0.0,0.0
2026-07-16,1843.5999755859373,1856.5999755859373,1827.699951171875,1838.5999755859373,1838.5999755859373,1669077,0.0,0.0
2026-07-17,1836.0,1871.699951171875,1822.0,1854.0,1854.0,705632,0.0,0.0
2026-07-20,1852.0999755859373,1871.5999755859373,1838.800048828125,1861.5,1861.5,1397352,0.0,0.0
2026-07-21,1855.0,1904.800048828125,1850.4000244140625,1900.5999755859373,1900.5999755859373,1668696,0.0,0.0
2026-07-22,1895.0999755859373,1901.0,1868.0,1876.4000244140625,1876.4000244140625,1023902,0.0,0.0
2026-07-23,1870.0,1899.800048828125,1862.300048828125,1889.4000244140625,1889.4000244140625,1242914,0.0,0.0
2026-07-24,1878.9000244140625,1892.9000244140625,1866.5,1876.699951171875,1876.699951171875,1412443,0.0,0.0
2026-07-27,1885.0,1920.0,1885.0,1913.0,1913.0,651274,0.0,0.0
2026-07-28,1918.0,1940.0,1910.699951171875,1927.9000244140625,1927.9000244140625,1415016,0.0,0.0
2026-07-29,1940.0,1945.0,1908.9000244140625,1924.4000244140625,1924.4000244140625,1066741,0.0,0.0
2026-07-30,1918.300048828125,1933.4000244140625,1892.300048828125,1909.4000244140625,1909.4000244140625,752615,0.0,0.0
2026-07-31,1932.0,2036.5999755859373,1930.0,2029.0999755859373,2029.0999755859373,3731886,0.0,0.0
2026-08-03,2050.5,2096.0,2040.4000244140625,2096.0,2096.0,2850085,0.0,0.0
2026-08-04,2075.0,2105.0,2068.0,2105.0,2105.0,1959197,0.0,0.0
2026-08-05,2105.0,2118.5,2076.10009765625,2086.0,2086.0,2447845,0.0,0.0
2026-08-06,2070.0,2103.0,2068.60009765625,2086.0,2086.0,1819169,0.0,0.0
2026-08-07,2050.0,2050.0,1988.0,2008.9000244140625,2008.9000244140625,2416624,0.0,0.0
2026-08-10,2009.0,2037.0999755859373,1992.5999755859373,2021.300048828125,2021.300048828125,944721,0.0,0.0
2026-08-11,2014.0,2043.9000244140625,2012.0,2032.0,2032.0,1058625,0.0,0.0
2026-08-12,2023.0,2028.4000244140625,2006.0999755859373,2020.5,2020.5,571047,0.0,0.0
2026-08-13,2010.0999755859373,2038.0,2006.699951171875,2025.0,2025.0,889438,0.0,0.0
2026-08-14,2033.5,2033.5999755859373,2006.5999755859373,2008.300048828125,2008.300048828125,956605,0.0,0.0
2026-08-17,2001.4000244140625,2028.199951171875,1997.199951171875,2005.0,2005.0,1026623,0.0,0.0
2026-08-18,1998.4000244140625,2018.800048828125,1998.0,2011.199951171875,2011.199951171875,413236,0.0,0.0
2026-08-19,2002.0999755859373,2013.0,1985.0,2012.0,2012.0,920207,0.0,0.0
2026-08-20,2020.0,2030.0999755859373,2013.0,2016.0,2016.0,417675,0.0,0.0
2026-08-21,2009.0,2032.5,2005.0,2032.5,2032.5,830062,0.0,0.0
2026-08-24,2020.0,2028.5999755859373,1995.300048828125,2001.699951171875,2001.699951171875,464012,0.0,0.0
2026-08-25,2004.9000244140625,2011.699951171875,1985.0,2004.0,2004.0,410121,0.0,0.0
2026-08-26,2017.0,2024.9000244140625,2005.5,2010.0,2010.0,564145,0.0,0.0
2026-08-27,2001.0999755859373,2026.5999755859373,1997.5,2011.0,2011.0,526392,0.0,0.0
2026-08-28,2011.0,2014.699951171875,1982.300048828125,2002.0,2002.0,466703,0.0,0.0
2026-08-31,1985.5999755859373,2021.0,1968.0,2021.0,2021.0,724648,0.0,0.0
2026-09-01,1998.699951171875,2004.0999755859373,1960.0999755859373,1972.0,1972.0,788344,0.0,0.0
2026-09-02,1951.5,1990.0,1939.199951171875,1990.0,1990.0,730988,0.0,0.0
2026-09-03,1998.0,1998.0,1970.0,1992.0999755859373,1992.0999755859373,440070,0.0,0.0
2026-09-04,1985.0,1994.199951171875,1970.0,1970.0,1970.0,437793,0.0,0.0
2026-09-07,1968.0,1973.0,1938.5999755859373,1938.5999755859373,1938.5999755859373,502611,0.0,0.0
2026-09-08,1938.5999755859373,1951.9000244140625,1933.0,1938.0999755859373,1938.0999755859373,707710,0.0,0.0
2026-09-09,1939.0999755859373,1951.9000244140625,1921.5,1927.0,1927.0,617280,0.0,0.0
2026-09-10,1932.9000244140625,1942.699951171875,1921.0999755859373,1940.5,1940.5,658197,0.0,0.0
