date,open,high,low,close,adj_close,volume,dividends,stock_splits
2021-01-29,3605.199951171875,3620.800048828125,3480.199951171875,3501.10009765625,3178.42822265625,733173,0.0,0.0
2021-02-01,3539.0,3557.89990234375,3483.0,3520.75,3196.266845703125,544282,0.0,0.0
2021-02-02,3547.89990234375,3554.0,3483.75,3501.25,3178.564453125,869950,0.0,0.0
2021-02-03,3526.050048828125,3544.0,3501.0,3516.5,3192.4091796875,786972,0.0,0.0
2021-02-04,3521.949951171875,3608.050048828125,3511.050048828125,3580.0,3250.056640625,958717,0.0,0.0
2021-02-05,3616.0,3616.0,3530.449951171875,3541.64990234375,3215.24072265625,1159183,0.0,0.0
2021-02-08,3601.0,3616.89990234375,3464.10009765625,3473.699951171875,3153.553466796875,2388271,0.0,0.0
2021-02-09,3505.0,3505.0,3455.0,3462.39990234375,3143.294921875,951124,0.0,0.0
2021-02-10,3467.89990234375,3485.10009765625,3417.050048828125,3424.85009765625,3109.205322265625,893690,0.0,0.0
2021-02-11,3430.75,3470.0,3420.0,3462.75,3143.612548828125,873772,0.0,0.0
2021-02-12,3480.0,3489.0,3409.050048828125,3421.25,3105.9375,618874,0.0,0.0
2021-02-15,3429.0,3445.0,3403.0,3417.0,3102.078857421875,513578,0.0,0.0
2021-02-16,3432.0,3432.35009765625,3385.050048828125,3389.449951171875,3077.068115234375,693631,0.0,0.0
2021-02-17,3370.0,3404.85009765625,3360.0,3364.0,3053.96337890625,866571,0.0,0.0
2021-02-18,3368.0,3390.949951171875,3340.10009765625,3359.449951171875,3049.833251953125,616156,0.0,0.0
2021-02-19,3359.0,3383.0,3320.0,3331.199951171875,3024.186767578125,765676,0.0,0.0
2021-02-22,3350.0,3373.75,3317.300048828125,3341.199951171875,3033.2646484375,666371,0.0,0.0
2021-02-23,3349.800048828125,3368.0,3325.300048828125,3335.949951171875,3028.49853515625,484686,0.0,0.0
2021-02-24,3360.0,3415.0,3341.0,3405.550048828125,3091.6845703125,512568,0.0,0.0
2021-02-25,3420.0,3425.699951171875,3374.60009765625,3405.0,3091.184814453125,586357,0.0,0.0
2021-02-26,3389.0,3408.949951171875,3343.0,3363.75,3053.736572265625,748717,0.0,0.0
2021-03-01,3371.5,3420.0,3367.050048828125,3411.800048828125,3097.3583984375,377869,0.0,0.0
2021-03-02,3411.800048828125,3450.0,3395.0,3447.949951171875,3130.17626953125,383968,0.0,0.0
2021-03-03,3460.0,3487.14990234375,3435.0,3481.14990234375,3160.31640625,409493,0.0,0.0
2021-03-04,3450.0,3514.800048828125,3450.0,3501.89990234375,3179.154296875,537283,0.0,0.0
2021-03-05,3486.0,3506.64990234375,3460.75,3491.75,3169.93994140625,612423,0.0,0.0
2021-03-08,3493.60009765625,3508.949951171875,3451.0,3463.199951171875,3144.02099609375,463984,0.0,0.0
2021-03-09,3473.5,3489.14990234375,3397.35009765625,3426.75,3110.930419921875,589556,0.0,0.0
2021-03-10,3451.89990234375,3489.0,3438.5,3480.35009765625,3159.590576171875,270942,0.0,0.0
2021-03-12,3491.89990234375,3493.85009765625,3425.0,3434.25,3117.7392578125,344205,0.0,0.0
2021-03-15,3443.60009765625,3456.550048828125,3399.0,3450.39990234375,3132.400390625,311078,0.0,0.0
2021-03-16,3462.60009765625,3500.0,3456.050048828125,3489.10009765625,3167.5341796875,383099,0.0,0.0
2021-03-17,3488.0,3499.0,3446.300048828125,3467.89990234375,3148.287841796875,378136,0.0,0.0
2021-03-18,3480.0,3487.89990234375,3427.39990234375,3439.64990234375,3122.6416015625,430166,0.0,0.0
2021-03-19,3424.60009765625,3494.85009765625,3379.0,3466.60009765625,3147.107666015625,1312375,0.0,0.0
2021-03-22,3440.10009765625,3570.0,3440.10009765625,3564.39990234375,3235.893798828125,820046,0.0,0.0
2021-03-23,3570.0,3578.0,3525.0,3568.39990234375,3239.525390625,461046,0.0,0.0
2021-03-24,3536.0,3568.199951171875,3522.0,3537.75,3211.700439453125,480657,0.0,0.0
2021-03-25,3535.0,3564.800048828125,3429.0,3443.85009765625,3126.4541015625,486516,0.0,0.0
2021-03-26,3455.35009765625,3515.0,3455.35009765625,3504.60009765625,3181.605712890625,273033,0.0,0.0
2021-03-30,3514.0,3625.0,3510.050048828125,3616.0,3282.738525390625,567450,0.0,0.0
2021-03-31,3616.0,3655.0,3592.5,3625.050048828125,3290.95458984375,441583,0.0,0.0
2021-04-01,3635.0,3670.0,3610.25,3618.5,3285.008056640625,460658,0.0,0.0
2021-04-05,3635.0,3720.0,3630.0,3700.35009765625,3359.314697265625,807938,0.0,0.0
2021-04-06,3708.0,3736.39990234375,3680.0,3730.60009765625,3386.776611328125,462351,0.0,0.0
2021-04-07,3732.0,3820.0,3711.550048828125,3808.550048828125,3457.542724609375,633677,0.0,0.0
2021-04-08,3780.0,3834.0,3761.050048828125,3816.75,3522.327392578125,613388,62.0,0.0
2021-04-09,3816.75,3843.699951171875,3790.0,3797.699951171875,3504.746826171875,526934,0.0,0.0
2021-04-12,3777.949951171875,3850.0,3750.0,3812.75,3518.6357421875,1108910,0.0,0.0
2021-04-13,3814.10009765625,3847.0,3729.050048828125,3746.0,3457.034912109375,411660,0.0,0.0
2021-04-15,3751.0,3799.89990234375,3673.0,3692.699951171875,3407.8466796875,494464,0.0,0.0
2021-04-16,3695.5,3733.949951171875,3676.550048828125,3696.5,3411.353515625,251741,0.0,0.0
2021-04-19,3685.0,3755.0,3653.050048828125,3742.800048828125,3454.081787109375,560398,0.0,0.0
2021-04-20,3731.89990234375,3752.75,3690.10009765625,3729.89990234375,3442.1767578125,331477,0.0,0.0
2021-04-22,3725.10009765625,3766.0,3692.14990234375,3752.0,3462.572021484375,424370,0.0,0.0
2021-04-23,3755.0,3760.89990234375,3640.5,3650.300048828125,3368.71728515625,491834,0.0,0.0
2021-04-26,3661.10009765625,3662.0,3531.0,3539.199951171875,3266.187255859375,1031406,0.0,0.0
2021-04-27,3572.699951171875,3574.60009765625,3517.0,3541.199951171875,3268.032958984375,813608,0.0,0.0
2021-04-28,3488.0,3527.0,3469.0,3478.75,3210.400146484375,1498181,0.0,0.0
2021-04-29,3496.75,3505.89990234375,3447.0,3468.89990234375,3201.310302734375,611087,0.0,0.0
2021-04-30,3460.0,3468.35009765625,3437.0,3449.0,3182.945556640625,436187,0.0,0.0
2021-05-03,3439.10009765625,3478.699951171875,3431.60009765625,3439.25,3173.947509765625,570022,0.0,0.0
2021-05-04,3432.0,3462.0,3420.0,3435.85009765625,3170.809814453125,337838,0.0,0.0
2021-05-05,3441.10009765625,3458.89990234375,3436.25,3451.60009765625,3185.34521484375,234116,0.0,0.0
2021-05-06,3452.0,3491.5,3439.699951171875,3452.050048828125,3185.76025390625,384450,0.0,0.0
2021-05-07,3484.699951171875,3484.699951171875,3452.25,3461.25,3194.250244140625,189156,0.0,0.0
2021-05-10,3478.0,3478.0,3403.5,3413.800048828125,3150.4609375,694001,0.0,0.0
2021-05-11,3413.800048828125,3434.699951171875,3396.050048828125,3418.39990234375,3154.705810546875,455412,0.0,0.0
2021-05-12,3404.0,3445.0,3401.14990234375,3439.550048828125,3174.224365234375,252497,0.0,0.0
2021-05-14,3450.0,3524.5,3438.199951171875,3501.449951171875,3231.349609375,677498,0.0,0.0
2021-05-17,3518.949951171875,3533.89990234375,3496.050048828125,3507.25,3236.7021484375,338003,0.0,0.0
2021-05-18,3525.199951171875,3533.89990234375,3480.0,3525.449951171875,3253.498291015625,474368,0.0,0.0
2021-05-19,3535.0,3555.0,3516.050048828125,3534.39990234375,3261.757568359375,688416,0.0,0.0
2021-05-20,3500.0,3517.699951171875,3415.0,3422.550048828125,3158.535888671875,1046540,0.0,0.0
2021-05-21,3449.0,3449.0,3418.0,3435.75,3170.717529296875,521688,0.0,0.0
2021-05-24,3459.0,3459.0,3371.39990234375,3379.10009765625,3118.437744140625,1643611,0.0,0.0
2021-05-25,3385.0,3447.0,3385.0,3439.5,3185.963623046875,1318946,12.5,0.0
2021-05-26,3441.050048828125,3453.85009765625,3413.050048828125,3416.0,3164.196044921875,373186,0.0,0.0
2021-05-27,3430.0,3437.5,3400.050048828125,3414.64990234375,3162.945556640625,444547,0.0,0.0
2021-05-28,3417.0,3449.0,3410.0,3423.449951171875,3171.096923828125,249529,0.0,0.0
2021-05-31,3428.75,3458.39990234375,3427.25,3447.85009765625,3193.698486328125,352802,0.0,0.0
2021-06-01,3458.0,3469.10009765625,3442.0,3446.75,3192.679443359375,236580,0.0,0.0
2021-06-02,3446.75,3486.0,3446.050048828125,3475.25,3219.07861328125,420074,0.0,0.0
2021-06-03,3480.0,3499.5,3467.39990234375,3496.25,3238.530517578125,380896,0.0,0.0
2021-06-04,3500.0,3512.0,3480.0,3489.300048828125,3232.0927734375,312826,0.0,0.0
2021-06-07,3506.5,3555.0,3478.5,3542.60009765625,3281.4638671875,357312,0.0,0.0
2021-06-08,3544.5,3622.0,3542.60009765625,3601.75,3336.25390625,787313,0.0,0.0
2021-06-09,3598.0,3608.35009765625,3557.10009765625,3574.699951171875,3311.19775390625,546202,0.0,0.0
2021-06-10,3571.0,3611.60009765625,3555.0,3576.300048828125,3312.6796875,355092,0.0,0.0
2021-06-11,3575.0,3595.0,3551.0,3557.89990234375,3295.635986328125,301375,0.0,0.0
2021-06-14,3557.89990234375,3598.0,3510.449951171875,3591.25,3326.52783203125,312420,0.0,0.0
2021-06-15,3593.35009765625,3640.5,3593.0,3631.85009765625,3364.135009765625,451019,0.0,0.0
2021-06-16,3631.050048828125,3644.800048828125,3605.050048828125,3639.449951171875,3371.175048828125,232534,0.0,0.0
2021-06-17,3625.89990234375,3663.0,3609.5,3658.14990234375,3388.49609375,300185,0.0,0.0
2021-06-18,3661.39990234375,3679.0,3595.0,3619.199951171875,3352.41748046875,731807,0.0,0.0
2021-06-21,3600.0,3653.949951171875,3581.10009765625,3648.85009765625,3379.8818359375,231475,0.0,0.0
2021-06-22,3650.0,3665.0,3616.0,3650.89990234375,3381.780517578125,235555,0.0,0.0
2021-06-23,3652.0,3684.300048828125,3631.0,3659.300048828125,3389.5615234375,378997,0.0,0.0
2021-06-24,3659.300048828125,3704.85009765625,3651.0,3689.10009765625,3417.1650390625,385390,0.0,0.0
2021-06-25,3709.89990234375,3709.89990234375,3644.89990234375,3670.050048828125,3399.51904296875,176772,0.0,0.0
2021-06-28,3670.050048828125,3685.0,3643.0,3667.25,3396.925537109375,181793,0.0,0.0
2021-06-29,3655.0,3667.10009765625,3610.050048828125,3657.14990234375,3387.570068359375,357263,0.0,0.0
2021-06-30,3675.0,3690.0,3632.949951171875,3649.64990234375,3380.62255859375,428387,0.0,0.0
2021-07-01,3640.0,3661.0,3580.64990234375,3595.800048828125,3330.742431640625,612678,0.0,0.0
2021-07-02,3609.0,3609.0,3535.0,3545.300048828125,3283.96484375,292855,0.0,0.0
2021-07-05,3564.0,3584.5,3512.39990234375,3523.550048828125,3263.818115234375,519061,0.0,0.0
2021-07-06,3526.0,3533.85009765625,3508.64990234375,3519.0,3259.603515625,282115,0.0,0.0
2021-07-07,3521.0,3542.0,3506.0,3521.35009765625,3261.7802734375,524482,0.0,0.0
2021-07-08,3499.0,3525.89990234375,3473.25,3491.39990234375,3234.03759765625,627227,0.0,0.0
2021-07-09,3491.0,3518.0,3468.0,3475.949951171875,3219.72705078125,595359,0.0,0.0
2021-07-12,3482.199951171875,3500.0,3464.10009765625,3470.39990234375,3214.586181640625,146119,0.0,0.0
2021-07-13,3488.75,3489.449951171875,3465.10009765625,3485.5,3228.572998046875,182918,0.0,0.0
2021-07-14,3474.0,3488.14990234375,3454.14990234375,3485.75,3228.804443359375,458955,0.0,0.0
2021-07-15,3503.0,3503.0,3455.5,3460.85009765625,3205.740234375,264604,0.0,0.0
2021-07-16,3460.0,3472.699951171875,3437.10009765625,3441.0,3187.35302734375,399006,0.0,0.0
2021-07-19,3440.39990234375,3457.5,3426.10009765625,3450.14990234375,3195.82861328125,226731,0.0,0.0
2021-07-20,3455.0,3466.949951171875,3426.5,3433.550048828125,3180.4521484375,152954,0.0,0.0
2021-07-22,3449.5,3449.5,3415.0,3425.300048828125,3172.810302734375,389457,0.0,0.0
2021-07-23,3427.0,3452.5,3425.300048828125,3439.800048828125,3186.24169921875,247778,0.0,0.0
2021-07-26,3439.949951171875,3498.0,3431.0,3482.0,3225.3310546875,433827,0.0,0.0
2021-07-27,3496.0,3504.85009765625,3435.14990234375,3450.75,3196.384765625,210607,0.0,0.0
2021-07-28,3469.0,3469.0,3410.0,3424.10009765625,3171.698974609375,352127,0.0,0.0
2021-07-29,3424.199951171875,3428.949951171875,3402.0,3405.60009765625,3154.562744140625,321411,0.0,0.0
2021-07-30,3424.0,3440.0,3378.0,3423.39990234375,3171.050537109375,988317,0.0,0.0
2021-08-02,3446.699951171875,3542.0,3440.050048828125,3504.64990234375,3246.31103515625,1887580,0.0,0.0
2021-08-03,3550.0,3579.0,3531.0,3573.199951171875,3309.808349609375,1326045,0.0,0.0
2021-08-04,3579.0,3599.0,3540.0,3578.300048828125,3314.5322265625,478788,0.0,0.0
2021-08-05,3578.300048828125,3617.699951171875,3547.60009765625,3611.14990234375,3344.9609375,497146,0.0,0.0
2021-08-06,3611.14990234375,3620.0,3590.10009765625,3604.0,3338.338134765625,258380,0.0,0.0
2021-08-09,3619.89990234375,3649.0,3606.25,3636.10009765625,3368.072021484375,444706,0.0,0.0
2021-08-10,3636.10009765625,3644.0,3611.5,3637.199951171875,3369.0908203125,249493,0.0,0.0
2021-08-11,3637.199951171875,3648.949951171875,3571.10009765625,3625.5,3358.253173828125,233115,0.0,0.0
2021-08-12,3634.39990234375,3642.949951171875,3607.5,3620.800048828125,3353.899658203125,232971,0.0,0.0
2021-08-13,3620.800048828125,3644.10009765625,3575.10009765625,3579.550048828125,3315.6904296875,323144,0.0,0.0
2021-08-16,3570.0,3673.949951171875,3553.050048828125,3655.300048828125,3385.8564453125,348972,0.0,0.0
2021-08-17,3670.0,3707.60009765625,3668.0,3696.5,3424.019287109375,579154,0.0,0.0
2021-08-18,3708.800048828125,3730.0,3686.949951171875,3720.75,3446.481689453125,426843,0.0,0.0
2021-08-20,3640.0,3967.5,3635.300048828125,3895.949951171875,3608.767333984375,1567252,0.0,0.0
2021-08-23,3910.0,3964.64990234375,3850.60009765625,3866.25,3581.2568359375,645088,0.0,0.0
2021-08-24,3874.85009765625,3892.0,3795.5,3812.199951171875,3531.190673828125,437167,0.0,0.0
2021-08-25,3812.199951171875,3898.0,3797.0,3842.800048828125,3559.535400390625,360778,0.0,0.0
2021-08-26,3825.199951171875,3946.949951171875,3825.199951171875,3930.89990234375,3641.14111328125,1114234,0.0,0.0
2021-08-27,3944.699951171875,3972.949951171875,3911.75,3941.550048828125,3651.006103515625,475524,0.0,0.0
2021-08-30,3960.0,3993.550048828125,3932.199951171875,3986.35009765625,3692.503662109375,466524,0.0,0.0
2021-08-31,3995.0,4027.300048828125,3960.0,3997.5,3702.831787109375,688613,0.0,0.0
2021-09-01,3984.60009765625,4025.89990234375,3963.85009765625,4015.35009765625,3719.3662109375,352460,0.0,0.0
2021-09-02,4015.0,4104.0,4002.050048828125,4086.10009765625,3784.901123046875,525680,0.0,0.0
2021-09-03,4105.0,4134.7001953125,4073.14990234375,4124.2001953125,3820.1923828125,426377,0.0,0.0
2021-09-06,4144.39990234375,4149.2998046875,4061.0,4079.050048828125,3778.37060546875,312608,0.0,0.0
2021-09-07,4096.89990234375,4129.60009765625,4080.0,4095.449951171875,3793.561767578125,259534,0.0,0.0
2021-09-08,4079.800048828125,4087.89990234375,4015.699951171875,4061.39990234375,3762.021484375,236283,0.0,0.0
2021-09-09,4058.800048828125,4118.7998046875,4050.10009765625,4070.800048828125,3770.728759765625,295134,0.0,0.0
2021-09-13,4070.800048828125,4103.0,4058.800048828125,4093.85009765625,3792.07958984375,171201,0.0,0.0
2021-09-14,4097.0,4153.0,4082.39990234375,4101.5,3799.165771484375,419441,0.0,0.0
2021-09-15,4105.2001953125,4135.0,4071.050048828125,4086.35009765625,3785.13232421875,218163,0.0,0.0
2021-09-16,4086.35009765625,4120.0,4039.800048828125,4073.050048828125,3772.81298828125,243636,0.0,0.0
2021-09-17,4077.39990234375,4115.0,4041.0,4051.85009765625,3753.175537109375,621517,0.0,0.0
2021-09-20,4035.0,4115.0,4000.0,4084.5,3783.418701171875,291097,0.0,0.0
2021-09-21,4062.199951171875,4111.5498046875,4053.0,4075.550048828125,3775.128662109375,424258,0.0,0.0
2021-09-22,4082.0,4105.0,4049.10009765625,4058.5,3759.33544921875,259937,0.0,0.0
2021-09-23,4060.0,4075.449951171875,4017.5,4042.35009765625,3744.3759765625,322858,0.0,0.0
2021-09-24,4040.0,4098.9501953125,4030.0,4042.89990234375,3744.885009765625,373614,0.0,0.0
2021-09-27,4049.89990234375,4064.60009765625,4000.0,4009.60009765625,3714.040283203125,248898,0.0,0.0
2021-09-28,4005.199951171875,4068.949951171875,3990.050048828125,4003.64990234375,3708.5283203125,354948,0.0,0.0
2021-09-29,3982.0,4019.89990234375,3959.14990234375,3972.75,3679.906005859375,332446,0.0,0.0
2021-09-30,3972.0,3993.0,3940.300048828125,3948.949951171875,3657.8603515625,217501,0.0,0.0
2021-10-01,3958.800048828125,3958.800048828125,3885.0,3921.10009765625,3632.063720703125,181917,0.0,0.0
2021-10-04,3910.0,3967.25,3881.0,3892.89990234375,3605.942138671875,372752,0.0,0.0
2021-10-05,3894.0,3905.25,3865.5,3882.199951171875,3596.03076171875,131731,0.0,0.0
2021-10-06,3893.0,3993.14990234375,3882.25,3938.60009765625,3648.273681640625,409840,0.0,0.0
2021-10-07,3959.800048828125,3963.64990234375,3877.449951171875,3900.60009765625,3613.074951171875,187556,0.0,0.0
2021-10-08,3915.0,3929.0,3846.85009765625,3883.300048828125,3597.0498046875,316870,0.0,0.0
2021-10-11,3880.0,3900.75,3831.199951171875,3840.60009765625,3557.49755859375,253051,0.0,0.0
2021-10-12,3821.0,3874.75,3815.0,3867.949951171875,3582.831298828125,253262,0.0,0.0
2021-10-13,3871.39990234375,3894.10009765625,3854.5,3883.699951171875,3597.420166015625,174222,0.0,0.0
2021-10-14,3912.0,3925.0,3881.0,3894.85009765625,3607.748291015625,299078,0.0,0.0
2021-10-18,3960.0,3960.0,3825.0,3837.35009765625,3554.48681640625,256837,0.0,0.0
2021-10-19,3860.35009765625,3868.35009765625,3780.0,3795.89990234375,3516.092041015625,282932,0.0,0.0
2021-10-20,3800.0,3917.35009765625,3740.0,3762.0,3484.69140625,523002,0.0,0.0
2021-10-21,3798.5,3798.5,3680.0,3714.35009765625,3440.5537109375,335589,0.0,0.0
2021-10-22,3734.0,3760.0,3650.0,3690.0,3417.99853515625,192033,0.0,0.0
2021-10-25,3690.0,3696.550048828125,3617.699951171875,3631.050048828125,3363.39404296875,289025,0.0,0.0
2021-10-26,3649.0,3705.050048828125,3605.85009765625,3692.800048828125,3420.59228515625,326825,0.0,0.0
2021-10-27,3700.89990234375,3731.199951171875,3681.449951171875,3697.85009765625,3425.27001953125,441016,0.0,0.0
2021-10-28,3725.0,3728.699951171875,3654.0,3681.89990234375,3410.49560546875,193658,0.0,0.0
2021-10-29,3681.0,3708.949951171875,3641.050048828125,3675.75,3404.799072265625,283538,0.0,0.0
2021-11-01,3694.0,3700.0,3651.10009765625,3678.14990234375,3407.02197265625,139766,0.0,0.0
2021-11-02,3680.199951171875,3707.60009765625,3667.050048828125,3682.89990234375,3411.421875,151547,0.0,0.0
2021-11-03,3695.0,3699.800048828125,3618.050048828125,3629.85009765625,3362.282470703125,185296,0.0,0.0
2021-11-04,3658.0,3666.5,3639.35,3652.6,3362.282470703125,23648,0.0,0.0
2021-11-08,3666.0,3728.85009765625,3620.0,3717.699951171875,3443.65673828125,336938,0.0,0.0
2021-11-09,3590.0,3639.0,3535.14990234375,3621.60009765625,3354.640869140625,1399094,0.0,0.0
2021-11-10,3629.449951171875,3720.0,3600.0,3698.5,3425.871826171875,706755,0.0,0.0
2021-11-11,3699.10009765625,3718.0,3633.300048828125,3643.39990234375,3374.833740234375,298625,0.0,0.0
2021-11-12,3668.60009765625,3701.949951171875,3641.25,3687.949951171875,3416.099609375,275060,0.0,0.0
2021-11-15,3700.0,3747.60009765625,3674.0,3742.60009765625,3466.721435546875,320669,0.0,0.0
2021-11-16,3751.0,3760.0,3681.0,3690.75,3418.693115234375,199179,0.0,0.0
2021-11-17,3690.75,3699.949951171875,3607.800048828125,3615.050048828125,3348.573486328125,250996,0.0,0.0
2021-11-18,3644.800048828125,3644.800048828125,3555.0,3571.60009765625,3308.326416015625,248828,0.0,0.0
2021-11-22,3589.0,3628.5,3570.0,3581.60009765625,3317.589111328125,364653,0.0,0.0
2021-11-23,3577.800048828125,3670.0,3574.0,3662.14990234375,3392.201416015625,365672,0.0,0.0
2021-11-24,3660.0,3674.0,3610.0,3623.35009765625,3356.261474609375,149025,0.0,0.0
2021-11-25,3610.5,3633.800048828125,3566.0,3573.39990234375,3309.993408203125,232784,0.0,0.0
2021-11-26,3560.0,3635.10009765625,3533.949951171875,3555.300048828125,3293.2275390625,372530,0.0,0.0
2021-11-29,3550.0,3550.0,3469.10009765625,3528.60009765625,3268.49609375,281082,0.0,0.0
2021-11-30,3514.0,3565.0,3501.10009765625,3545.5,3284.150146484375,633377,0.0,0.0
2021-12-01,3550.5,3606.699951171875,3528.0,3535.25,3274.65576171875,312855,0.0,0.0
2021-12-02,3540.0,3607.300048828125,3530.0,3578.5,3314.717529296875,377041,0.0,0.0
2021-12-03,3557.0,3593.449951171875,3550.0,3553.75,3291.792236328125,313990,0.0,0.0
2021-12-06,3556.0,3581.10009765625,3490.0,3496.199951171875,3238.48388671875,165986,0.0,0.0
2021-12-07,3502.050048828125,3529.0,3467.0,3474.199951171875,3218.105712890625,254445,0.0,0.0
2021-12-08,3489.949951171875,3582.449951171875,3483.0,3575.75,3312.170166015625,326189,0.0,0.0
2021-12-09,3565.0,3634.449951171875,3564.0,3623.89990234375,3356.77099609375,284117,0.0,0.0
2021-12-10,3623.89990234375,3642.0,3604.39990234375,3632.449951171875,3364.690673828125,190379,0.0,0.0
2021-12-13,3641.0,3658.35009765625,3576.949951171875,3588.75,3324.212158203125,311904,0.0,0.0
2021-12-14,3580.0,3597.449951171875,3543.050048828125,3579.64990234375,3315.78271484375,297867,0.0,0.0
2021-12-15,3571.0,3579.60009765625,3521.5,3541.60009765625,3280.53759765625,152079,0.0,0.0
2021-12-16,3550.0,3571.64990234375,3536.64990234375,3560.60009765625,3298.137451171875,121782,0.0,0.0
2021-12-17,3546.0,3556.0,3500.0,3536.14990234375,3275.489501953125,307396,0.0,0.0
2021-12-20,3522.0,3530.0,3430.10009765625,3471.89990234375,3215.975341796875,382144,0.0,0.0
2021-12-21,3473.89990234375,3541.35009765625,3461.050048828125,3505.75,3247.330078125,222991,0.0,0.0
2021-12-22,3522.0,3538.60009765625,3484.60009765625,3497.0,3239.224853515625,257611,0.0,0.0
2021-12-23,3503.10009765625,3560.0,3502.0,3554.60009765625,3292.579345703125,163291,0.0,0.0
2021-12-24,3560.0,3565.0,3519.0,3541.300048828125,3280.259765625,136780,0.0,0.0
2021-12-27,3540.0,3544.550048828125,3506.699951171875,3513.199951171875,3254.231201171875,94111,0.0,0.0
2021-12-28,3531.0,3562.0,3511.10009765625,3550.64990234375,3288.92041015625,99497,0.0,0.0
2021-12-29,3550.64990234375,3569.800048828125,3525.199951171875,3559.60009765625,3297.2109375,163737,0.0,0.0
2021-12-30,3570.0,3586.0,3526.050048828125,3573.89990234375,3310.45654296875,167005,0.0,0.0
2021-12-31,3586.0,3623.199951171875,3569.050048828125,3606.0,3340.1904296875,244207,0.0,0.0
2022-01-03,3610.0,3626.0,3582.199951171875,3617.550048828125,3350.88916015625,149689,0.0,0.0
2022-01-04,3623.0,3643.85009765625,3610.0,3638.449951171875,3370.24853515625,317247,0.0,0.0
2022-01-05,3638.0,3689.0,3633.050048828125,3659.699951171875,3389.93212890625,245395,0.0,0.0
2022-01-06,3659.699951171875,3686.949951171875,3625.800048828125,3675.10009765625,3404.197265625,340345,0.0,0.0
2022-01-07,3685.0,3742.0,3682.85009765625,3737.35009765625,3461.8583984375,241905,0.0,0.0
2022-01-10,3737.35009765625,3778.0,3727.89990234375,3768.300048828125,3490.52685546875,351447,0.0,0.0
2022-01-11,3768.300048828125,3800.949951171875,3738.10009765625,3743.35009765625,3467.416015625,206008,0.0,0.0
2022-01-12,3750.0,3759.75,3691.0,3700.199951171875,3427.446533203125,311095,0.0,0.0
2022-01-13,3700.199951171875,3759.949951171875,3691.300048828125,3749.050048828125,3472.69580078125,129143,0.0,0.0
2022-01-14,3749.050048828125,3754.89990234375,3695.300048828125,3712.050048828125,3438.42333984375,97013,0.0,0.0
2022-01-17,3697.0,3712.800048828125,3642.35009765625,3665.14990234375,3394.980224609375,170221,0.0,0.0
2022-01-18,3668.0,3694.699951171875,3611.10009765625,3621.89990234375,3354.918212890625,168104,0.0,0.0
2022-01-19,3620.0,3627.550048828125,3565.0,3575.64990234375,3312.07763671875,129227,0.0,0.0
2022-01-20,3590.0,3624.0,3576.5,3605.14990234375,3339.403076171875,173547,0.0,0.0
2022-01-21,3606.0,3629.0,3575.699951171875,3618.300048828125,3351.583984375,162594,0.0,0.0
2022-01-24,3610.0,3626.550048828125,3505.0,3523.85009765625,3264.09619140625,240598,0.0,0.0
2022-01-25,3502.0,3565.449951171875,3430.25,3539.300048828125,3278.4072265625,306411,0.0,0.0
2022-01-27,3535.0,3535.0,3435.64990234375,3494.14990234375,3236.5849609375,353612,0.0,0.0
2022-01-28,3494.14990234375,3595.0,3494.14990234375,3509.64990234375,3250.942626953125,249034,0.0,0.0
2022-01-31,3510.0,3636.0,3510.0,3535.300048828125,3274.701904296875,462842,0.0,0.0
2022-02-01,3560.0,3710.0,3545.050048828125,3656.60009765625,3387.060546875,631482,0.0,0.0
2022-02-02,3670.0,3670.0,3604.800048828125,3621.050048828125,3354.131591796875,209928,0.0,0.0
2022-02-03,3622.0,3652.0,3555.0,3562.39990234375,3299.804443359375,203975,0.0,0.0
2022-02-04,3583.449951171875,3593.699951171875,3540.0,3562.0,3299.43359375,162672,0.0,0.0
2022-02-07,3561.949951171875,3579.800048828125,3440.0,3448.60009765625,3194.392822265625,279194,0.0,0.0
2022-02-08,3441.0,3490.0,3418.39990234375,3473.449951171875,3217.4111328125,363856,0.0,0.0
2022-02-09,3509.0,3540.699951171875,3473.449951171875,3517.35009765625,3258.0751953125,172750,0.0,0.0
2022-02-10,3522.0,3543.85009765625,3485.0,3534.550048828125,3274.0078125,172088,0.0,0.0
2022-02-11,3499.0,3509.35009765625,3429.0,3480.550048828125,3223.98779296875,340217,0.0,0.0
2022-02-14,3428.0,3455.0,3388.050048828125,3398.0,3147.52294921875,209831,0.0,0.0
2022-02-15,3425.0,3490.0,3400.0,3477.89990234375,3221.532958984375,209065,0.0,0.0
2022-02-16,3480.0,3498.800048828125,3435.0,3462.0,3206.80517578125,190567,0.0,0.0
2022-02-17,3482.60009765625,3483.0,3430.0,3464.10009765625,3208.75048828125,173362,0.0,0.0
2022-02-18,3450.0,3495.0,3444.14990234375,3481.64990234375,3225.0068359375,121161,0.0,0.0
2022-02-21,3431.10009765625,3500.0,3430.0,3475.25,3219.07861328125,138287,0.0,0.0
2022-02-22,3405.0,3498.0,3405.0,3489.75,3232.509521484375,246372,0.0,0.0
2022-02-23,3497.75,3530.0,3470.0,3511.14990234375,3252.33203125,326853,0.0,0.0
2022-02-24,3439.5,3504.0,3414.0,3446.0,3191.984619140625,529995,0.0,0.0
2022-02-25,3435.0,3444.0,3350.39990234375,3422.75,3170.4482421875,722637,0.0,0.0
2022-02-28,3405.0,3440.0,3327.35009765625,3427.449951171875,3174.802001953125,426929,0.0,0.0
2022-03-02,3420.949951171875,3420.949951171875,3371.75,3391.75,3141.7333984375,416582,0.0,0.0
2022-03-03,3405.0,3439.550048828125,3350.0,3366.39990234375,3118.252197265625,429892,0.0,0.0
2022-03-04,3350.0,3394.85009765625,3275.0,3371.35009765625,3122.83740234375,331936,0.0,0.0
2022-03-07,3300.0,3300.550048828125,3138.550048828125,3153.449951171875,2920.99951171875,711477,0.0,0.0
2022-03-08,3115.0,3180.0,3050.0,3113.75,2884.2255859375,541966,0.0,0.0
2022-03-09,3144.0,3170.0,3093.699951171875,3123.85009765625,2893.581298828125,483468,0.0,0.0
2022-03-10,3225.0,3248.0,3144.800048828125,3222.949951171875,2985.376220703125,490457,0.0,0.0
2022-03-11,3250.0,3256.60009765625,3192.800048828125,3199.89990234375,2964.025390625,362091,0.0,0.0
2022-03-14,3199.89990234375,3215.0,3145.10009765625,3185.85009765625,2951.010986328125,335292,0.0,0.0
2022-03-15,3186.0,3249.0,3181.64990234375,3222.85009765625,2985.283935546875,258636,0.0,0.0
2022-03-16,3244.0,3318.35009765625,3232.25,3313.64990234375,3069.390380859375,239522,0.0,0.0
2022-03-17,3322.0,3362.0,3300.550048828125,3355.949951171875,3108.572509765625,436218,0.0,0.0
2022-03-21,3350.0,3350.0,3230.0,3237.550048828125,2998.89990234375,354460,0.0,0.0
2022-03-22,3230.0,3250.0,3132.25,3158.39990234375,2925.58447265625,583821,0.0,0.0
2022-03-23,3167.39990234375,3173.85009765625,3092.0,3102.25,2873.57373046875,1044283,0.0,0.0
2022-03-24,3087.0,3130.0,3080.550048828125,3103.85009765625,2875.0556640625,459226,0.0,0.0
2022-03-25,3110.0,3122.75,3074.10009765625,3094.5,2866.39453125,339040,0.0,0.0
2022-03-28,3094.5,3118.949951171875,3060.050048828125,3094.800048828125,2866.6728515625,310240,0.0,0.0
2022-03-29,3112.0,3134.0,3090.199951171875,3103.800048828125,2875.00927734375,359318,0.0,0.0
2022-03-30,3123.64990234375,3160.0,3114.64990234375,3148.39990234375,2916.32177734375,450273,0.0,0.0
2022-03-31,3149.300048828125,3218.5,3147.300048828125,3206.39990234375,2970.046142578125,413897,0.0,0.0
2022-04-01,3210.0,3237.89990234375,3191.64990234375,3230.64990234375,2992.5087890625,260712,0.0,0.0
2022-04-04,3230.0,3276.39990234375,3215.0,3270.0,3028.958251953125,275388,0.0,0.0
2022-04-05,3280.0,3314.949951171875,3271.89990234375,3303.39990234375,3059.896240234375,236853,0.0,0.0
2022-04-06,3282.0,3295.0,3254.64990234375,3282.5,3040.53662109375,245111,0.0,0.0
2022-04-07,3275.0,3322.0,3265.64990234375,3294.10009765625,3051.28173828125,302703,0.0,0.0
2022-04-08,3287.0,3354.300048828125,3287.0,3347.89990234375,3101.115966796875,168952,0.0,0.0
2022-04-11,3347.89990234375,3370.0,3297.050048828125,3350.64990234375,3103.6630859375,186130,0.0,0.0
2022-04-12,3340.0,3364.89990234375,3302.300048828125,3344.10009765625,3097.595947265625,238043,0.0,0.0
2022-04-13,3340.0,3388.0,3340.0,3349.64990234375,3102.73681640625,205852,0.0,0.0
2022-04-18,3345.0,3367.89990234375,3306.050048828125,3343.89990234375,3097.410400390625,197878,0.0,0.0
2022-04-19,3343.89990234375,3388.0,3245.300048828125,3267.89990234375,3027.012939453125,296680,0.0,0.0
2022-04-20,3266.0,3335.0,3242.0,3304.199951171875,3060.63720703125,235572,0.0,0.0
2022-04-21,3297.0,3369.949951171875,3274.39990234375,3359.89990234375,3112.231201171875,152205,0.0,0.0
2022-04-22,3341.300048828125,3377.5,3325.0,3364.10009765625,3116.121826171875,148494,0.0,0.0
2022-04-25,3280.0,3347.050048828125,3132.050048828125,3295.89990234375,3052.948974609375,630312,0.0,0.0
2022-04-26,3308.300048828125,3402.0,3301.300048828125,3372.699951171875,3124.087890625,398545,0.0,0.0
2022-04-27,3350.0,3384.699951171875,3312.14990234375,3338.25,3092.177490234375,248769,0.0,0.0
2022-04-28,3270.0,3391.550048828125,3263.10009765625,3357.89990234375,3110.37841796875,322548,0.0,0.0
2022-04-29,3360.10009765625,3370.89990234375,3266.5,3279.25,3037.5263671875,259398,0.0,0.0
2022-05-02,3242.0,3284.89990234375,3203.0,3271.300048828125,3030.162353515625,215783,0.0,0.0
2022-05-04,3340.0,3596.0,3328.14990234375,3385.449951171875,3135.89794921875,2871830,0.0,0.0
2022-05-05,3410.0,3423.550048828125,3260.0,3277.0,3035.442138671875,623098,0.0,0.0
2022-05-06,3245.0,3323.85009765625,3187.10009765625,3307.800048828125,3063.971923828125,560373,0.0,0.0
2022-05-09,3282.5,3338.300048828125,3225.0,3252.050048828125,3012.33154296875,403409,0.0,0.0
2022-05-10,3261.0,3320.60009765625,3235.0,3246.550048828125,3007.23681640625,285192,0.0,0.0
2022-05-11,3240.0,3283.800048828125,3195.0,3259.85009765625,3019.556396484375,269579,0.0,0.0
2022-05-12,3225.5,3239.949951171875,3156.89990234375,3216.85009765625,2979.72607421875,310942,0.0,0.0
2022-05-13,3225.0,3321.0,3225.0,3278.5,3036.831298828125,326757,0.0,0.0
2022-05-16,3337.0,3337.949951171875,3253.39990234375,3284.89990234375,3042.759521484375,270772,0.0,0.0
2022-05-17,3289.0,3382.89990234375,3285.449951171875,3368.85009765625,3120.521484375,277190,0.0,0.0
2022-05-18,3350.0,3432.64990234375,3350.0,3394.35009765625,3144.141845703125,435712,0.0,0.0
2022-05-19,3365.0,3388.60009765625,3308.050048828125,3332.050048828125,3086.434326171875,394058,0.0,0.0
2022-05-20,3360.0,3463.800048828125,3352.0,3450.25,3195.921142578125,525530,0.0,0.0
2022-05-23,3451.25,3538.0,3451.25,3487.050048828125,3230.0087890625,524978,0.0,0.0
2022-05-24,3515.0,3518.0,3440.0,3470.449951171875,3214.632080078125,230532,0.0,0.0
2022-05-25,3491.699951171875,3525.0,3472.14990234375,3516.5,3257.287841796875,286553,0.0,0.0
2022-05-26,3550.0,3577.85009765625,3513.5,3560.949951171875,3298.46142578125,545260,0.0,0.0
2022-05-27,3583.0,3583.35009765625,3510.25,3557.60009765625,3295.3583984375,165721,0.0,0.0
2022-05-30,3561.39990234375,3617.64990234375,3541.60009765625,3576.25,3312.633544921875,213495,0.0,0.0
2022-05-31,3576.60009765625,3700.0,3555.25,3647.800048828125,3378.9091796875,562987,0.0,0.0
2022-06-01,3649.10009765625,3669.75,3533.0,3551.300048828125,3289.5224609375,241386,0.0,0.0
2022-06-02,3570.0,3583.800048828125,3505.75,3577.050048828125,3313.37451171875,213099,0.0,0.0
2022-06-03,3575.0,3597.10009765625,3493.0,3530.0,3269.792724609375,271462,0.0,0.0
2022-06-06,3530.0,3535.0,3450.050048828125,3491.949951171875,3234.54736328125,153889,0.0,0.0
2022-06-07,3465.0,3478.89990234375,3354.0,3383.449951171875,3134.045166015625,338018,0.0,0.0
2022-06-08,3385.0,3402.60009765625,3310.0,3361.5,3113.71337890625,320103,0.0,0.0
2022-06-09,3361.14990234375,3382.050048828125,3306.0,3347.25,3100.513916015625,347351,0.0,0.0
2022-06-10,3316.0,3372.25,3301.10009765625,3360.85009765625,3113.111328125,503822,0.0,0.0
2022-06-13,3339.0,3375.0,3310.949951171875,3359.0,3111.3974609375,463899,0.0,0.0
2022-06-14,3359.550048828125,3393.0,3330.050048828125,3382.85009765625,3133.489501953125,224645,0.0,0.0
2022-06-15,3388.0,3402.89990234375,3352.050048828125,3385.39990234375,3135.851318359375,245702,0.0,0.0
2022-06-16,3400.10009765625,3431.89990234375,3372.050048828125,3390.39990234375,3140.48291015625,481507,0.0,0.0
2022-06-17,3390.39990234375,3390.39990234375,3300.300048828125,3332.10009765625,3086.480712890625,527370,0.0,0.0
2022-06-20,3300.0,3399.89990234375,3270.949951171875,3378.60009765625,3183.53369140625,364703,56.5,0.0
2022-06-21,3378.60009765625,3472.85009765625,3375.050048828125,3429.300048828125,3231.306396484375,223641,0.0,0.0
2022-06-22,3412.0,3454.89990234375,3386.199951171875,3403.64990234375,3207.13720703125,170854,0.0,0.0
2022-06-23,3414.949951171875,3447.85009765625,3390.5,3411.449951171875,3214.4873046875,351311,0.0,0.0
2022-06-24,3429.0,3504.949951171875,3429.0,3469.35009765625,3269.044189453125,301133,0.0,0.0
2022-06-27,3502.0,3505.949951171875,3447.25,3459.10009765625,3259.385986328125,419730,0.0,0.0
2022-06-28,3455.0,3469.89990234375,3388.050048828125,3434.699951171875,3236.394775390625,182574,0.0,0.0
2022-06-29,3434.699951171875,3455.60009765625,3360.0,3404.14990234375,3207.608642578125,374478,0.0,0.0
2022-06-30,3380.0,3483.14990234375,3380.0,3466.39990234375,3266.264404296875,479308,0.0,0.0
2022-07-01,3412.0,3600.0,3412.0,3584.35009765625,3377.404541015625,292487,0.0,0.0
2022-07-04,3575.0,3713.449951171875,3575.0,3700.449951171875,3486.801513671875,614359,0.0,0.0
2022-07-05,3709.0,3714.0,3636.0,3656.60009765625,3445.483154296875,612519,0.0,0.0
2022-07-06,3650.14990234375,3840.89990234375,3642.25,3830.800048828125,3609.625732421875,1043070,0.0,0.0
2022-07-07,3828.0,3882.10009765625,3799.85009765625,3810.25,3590.261962890625,519620,0.0,0.0
2022-07-08,3830.0,3850.949951171875,3792.5,3816.949951171875,3596.5751953125,379513,0.0,0.0
2022-07-11,3829.199951171875,3840.39990234375,3780.0,3795.39990234375,3576.269287109375,208602,0.0,0.0
2022-07-12,3783.0,3787.85009765625,3716.14990234375,3725.5,3510.405517578125,283587,0.0,0.0
2022-07-13,3731.050048828125,3762.10009765625,3712.10009765625,3726.0,3510.87646484375,164377,0.0,0.0
2022-07-14,3726.0,3789.0,3713.050048828125,3774.14990234375,3556.246337890625,265732,0.0,0.0
2022-07-15,3785.0,3862.800048828125,3779.10009765625,3848.89990234375,3626.680419921875,660790,0.0,0.0
2022-07-18,3860.0,3880.0,3759.0,3774.949951171875,3557.0,455399,0.0,0.0
2022-07-19,3774.949951171875,3797.10009765625,3742.300048828125,3787.449951171875,3568.7783203125,228968,0.0,0.0
2022-07-20,3805.0,3849.0,3793.85009765625,3828.300048828125,3607.27001953125,440495,0.0,0.0
2022-07-21,3844.0,3865.75,3821.0,3855.5,3632.899658203125,282104,0.0,0.0
2022-07-22,3860.0,3929.0,3843.64990234375,3871.449951171875,3647.9287109375,433423,0.0,0.0
2022-07-25,3871.449951171875,3915.0,3850.0,3885.89990234375,3661.544189453125,290157,0.0,0.0
2022-07-26,3900.0,3900.0,3795.5,3807.14990234375,3587.341064453125,267527,0.0,0.0
2022-07-27,3800.0,3863.89990234375,3781.14990234375,3854.550048828125,3632.004638671875,200264,0.0,0.0
2022-07-28,3863.5,3882.0,3836.39990234375,3869.35009765625,3645.949951171875,316008,0.0,0.0
2022-07-29,3883.0,3949.35009765625,3876.89990234375,3900.39990234375,3675.207275390625,418970,0.0,0.0
2022-08-01,3900.39990234375,3916.0,3838.199951171875,3855.64990234375,3633.040771484375,323129,0.0,0.0
2022-08-02,3875.0,3909.0,3758.10009765625,3788.14990234375,3569.437744140625,355859,0.0,0.0
2022-08-03,3780.0,3793.35009765625,3726.050048828125,3770.0,3552.3359375,428088,0.0,0.0
2022-08-04,3762.75,3792.0,3726.0,3775.050048828125,3557.094482421875,506667,0.0,0.0
2022-08-05,3745.0,3835.89990234375,3678.85009765625,3688.10009765625,3475.164794921875,798850,0.0,0.0
2022-08-08,3688.10009765625,3701.89990234375,3612.800048828125,3631.39990234375,3421.738037109375,310094,0.0,0.0
2022-08-10,3640.0,3674.800048828125,3624.050048828125,3647.75,3437.14404296875,191222,0.0,0.0
2022-08-11,3666.0,3682.800048828125,3632.199951171875,3640.300048828125,3430.12451171875,167070,0.0,0.0
2022-08-12,3650.0,3667.300048828125,3607.64990234375,3659.75,3448.451171875,228587,0.0,0.0
2022-08-16,3678.050048828125,3723.949951171875,3675.0,3690.449951171875,3477.37890625,239514,0.0,0.0
2022-08-17,3693.0,3714.949951171875,3681.14990234375,3705.199951171875,3491.277099609375,353941,0.0,0.0
2022-08-18,3712.0,3726.949951171875,3681.050048828125,3693.050048828125,3479.828857421875,232262,0.0,0.0
2022-08-19,3693.050048828125,3709.449951171875,3642.449951171875,3662.550048828125,3451.089599609375,177955,0.0,0.0
2022-08-22,3662.550048828125,3733.0,3635.050048828125,3676.449951171875,3464.18701171875,366371,0.0,0.0
2022-08-23,3650.0,3704.949951171875,3638.0,3678.699951171875,3466.30712890625,189150,0.0,0.0
2022-08-24,3677.0,3688.0,3636.449951171875,3659.14990234375,3447.8857421875,187721,0.0,0.0
2022-08-25,3677.449951171875,3678.199951171875,3640.0,3646.60009765625,3436.060546875,208578,0.0,0.0
2022-08-26,3664.85009765625,3668.0,3627.10009765625,3650.14990234375,3439.405517578125,220796,0.0,0.0
2022-08-29,3618.0,3730.0,3585.25,3707.64990234375,3493.585693359375,525684,0.0,0.0
2022-08-30,3717.0,3766.14990234375,3717.0,3747.75,3531.37060546875,467342,0.0,0.0
2022-09-01,3730.0,3745.39990234375,3672.10009765625,3718.14990234375,3503.4794921875,314888,0.0,0.0
2022-09-02,3736.75,3758.89990234375,3700.0,3704.25,3490.3818359375,202152,0.0,0.0
2022-09-05,3681.0,3715.0,3658.10009765625,3662.60009765625,3451.136962890625,234232,0.0,0.0
2022-09-06,3672.0,3692.60009765625,3595.0,3608.800048828125,3400.443115234375,390746,0.0,0.0
2022-09-07,3600.0,3674.800048828125,3588.0,3667.89990234375,3456.130615234375,287734,0.0,0.0
2022-09-08,3683.0,3687.0,3632.89990234375,3672.64990234375,3460.6064453125,384831,0.0,0.0
2022-09-09,3685.5,3700.0,3641.85009765625,3649.5,3438.79296875,134487,0.0,0.0
2022-09-12,3640.2,3697.95,3640.2,3671.85,3438.79296875,212688,0.0,0.0
2022-09-13,3665.0,3765.0,3665.0,3757.699951171875,3540.745849609375,398871,0.0,0.0
2022-09-14,3708.0,3761.699951171875,3708.0,3747.0,3530.663818359375,389253,0.0,0.0
2022-09-15,3765.0,3789.0,3713.050048828125,3721.550048828125,3506.68310546875,311462,0.0,0.0
2022-09-16,3703.550048828125,3741.39990234375,3621.10009765625,3639.550048828125,3429.417236328125,559137,0.0,0.0
2022-09-19,3635.0,3642.14990234375,3564.10009765625,3592.35009765625,3384.942626953125,211795,0.0,0.0
2022-09-20,3610.35009765625,3665.0,3602.0,3650.60009765625,3439.82958984375,346604,0.0,0.0
2022-09-21,3646.0,3789.0,3637.0,3765.64990234375,3548.237060546875,773841,0.0,0.0
2022-09-22,3764.0,3835.449951171875,3751.0,3825.949951171875,3605.055419921875,687172,0.0,0.0
2022-09-23,3825.949951171875,3842.800048828125,3782.35009765625,3796.699951171875,3577.494384765625,326581,0.0,0.0
2022-09-26,3796.699951171875,3827.85009765625,3775.5,3787.5,3568.82568359375,626882,0.0,0.0
2022-09-27,3806.449951171875,3889.800048828125,3800.0,3824.14990234375,3603.359619140625,584760,0.0,0.0
2022-09-28,3817.89990234375,3868.0,3795.60009765625,3853.199951171875,3630.732177734375,364917,0.0,0.0
2022-09-29,3871.449951171875,3873.0,3810.0,3864.5,3641.3798828125,450207,0.0,0.0
2022-09-30,3870.0,3887.64990234375,3820.050048828125,3843.050048828125,3621.168212890625,309896,0.0,0.0
2022-10-03,3862.0,3878.199951171875,3753.800048828125,3768.949951171875,3551.34619140625,251830,0.0,0.0
2022-10-04,3807.0,3826.64990234375,3775.550048828125,3818.14990234375,3597.705810546875,153835,0.0,0.0
2022-10-06,3837.25,3847.64990234375,3760.699951171875,3767.550048828125,3550.027587890625,308216,0.0,0.0
2022-10-07,3776.0,3795.0,3732.25,3785.64990234375,3567.082275390625,318472,0.0,0.0
2022-10-10,3750.0,3812.0,3717.0,3797.85009765625,3578.578125,185199,0.0,0.0
2022-10-11,3816.85009765625,3820.699951171875,3718.0,3727.89990234375,3512.66650390625,202644,0.0,0.0
2022-10-12,3746.550048828125,3774.39990234375,3726.35009765625,3763.0,3545.739990234375,271156,0.0,0.0
2022-10-13,3771.5,3794.0,3748.89990234375,3784.60009765625,3566.093017578125,156770,0.0,0.0
2022-10-14,3800.10009765625,3814.89990234375,3769.25,3796.25,3577.070556640625,350141,0.0,0.0
2022-10-17,3801.89990234375,3801.89990234375,3752.550048828125,3777.699951171875,3559.591064453125,93315,0.0,0.0
2022-10-18,3796.60009765625,3804.949951171875,3748.60009765625,3766.85009765625,3549.367919921875,189866,0.0,0.0
2022-10-19,3770.0,3789.5,3742.0,3768.5,3550.92236328125,182278,0.0,0.0
2022-10-20,3763.0,3802.89990234375,3747.64990234375,3790.14990234375,3571.322509765625,230082,0.0,0.0
2022-10-21,3793.0,3814.550048828125,3761.60009765625,3792.699951171875,3573.725341796875,404955,0.0,0.0
2022-10-24,3799.0,3835.6,3712.0,3801.85,3573.725341796875,32851,0.0,0.0
2022-10-25,3804.0,3804.89990234375,3690.0,3713.10009765625,3498.72119140625,228569,0.0,0.0
2022-10-27,3714.0,3769.89990234375,3701.300048828125,3755.300048828125,3538.48486328125,317971,0.0,0.0
2022-10-28,3767.0,3792.0,3732.0,3777.699951171875,3559.591064453125,215005,0.0,0.0
2022-10-31,3788.0,3800.0,3739.35009765625,3766.550048828125,3549.085205078125,198318,0.0,0.0
2022-11-01,3780.0,3808.60009765625,3755.050048828125,3788.0,3569.296630859375,338873,0.0,0.0
2022-11-02,3788.0,3794.39990234375,3714.300048828125,3723.949951171875,3508.944580078125,185469,0.0,0.0
2022-11-03,3707.0,3760.550048828125,3705.449951171875,3754.050048828125,3537.306884765625,140994,0.0,0.0
2022-11-04,3748.050048828125,3814.949951171875,3746.14990234375,3804.199951171875,3584.561279296875,258490,0.0,0.0
2022-11-07,3930.050048828125,4190.0,3930.050048828125,4139.25,3900.266845703125,3142443,0.0,0.0
2022-11-09,4140.0,4237.0,4140.0,4175.35009765625,3934.282958984375,1198458,0.0,0.0
2022-11-10,4152.60009765625,4189.64990234375,4108.2998046875,4134.64990234375,3895.932373046875,417581,0.0,0.0
2022-11-11,4155.35009765625,4177.0,4085.0,4098.64990234375,3862.01123046875,344558,0.0,0.0
2022-11-14,4100.0,4153.5,4074.60009765625,4103.9501953125,3867.00537109375,336120,0.0,0.0
2022-11-15,4124.5,4153.60009765625,4083.25,4139.35009765625,3900.361328125,325881,0.0,0.0
2022-11-16,4126.75,4145.0,4093.75,4131.5,3892.96435546875,149924,0.0,0.0
2022-11-17,4120.0,4150.0,4105.14990234375,4125.2001953125,3887.0283203125,238478,0.0,0.0
2022-11-18,4138.0,4138.0,4061.10009765625,4106.0498046875,3868.98388671875,281217,0.0,0.0
2022-11-21,4118.0,4149.0,4095.10009765625,4120.0498046875,3882.17529296875,288522,0.0,0.0
2022-11-22,4133.9501953125,4164.25,4107.60009765625,4157.60009765625,3917.5576171875,319387,0.0,0.0
2022-11-23,4160.0,4194.0498046875,4139.5,4155.14990234375,3915.2490234375,247440,0.0,0.0
2022-11-24,4172.0,4209.5498046875,4155.14990234375,4191.2001953125,3949.2177734375,231515,0.0,0.0
2022-11-25,4212.0,4212.0,4148.2998046875,4183.7001953125,3942.151123046875,244021,0.0,0.0
2022-11-28,4168.85009765625,4229.2998046875,4161.0,4213.0498046875,3969.805908203125,222792,0.0,0.0
2022-11-29,4225.0,4302.0,4225.0,4285.35009765625,4037.931884765625,598884,0.0,0.0
2022-11-30,4297.9501953125,4387.89990234375,4290.0498046875,4362.2998046875,4110.43896484375,1101544,0.0,0.0
2022-12-01,4364.5498046875,4410.5,4335.35009765625,4401.25,4147.14013671875,501703,0.0,0.0
2022-12-02,4400.0,4444.0498046875,4380.2998046875,4432.89990234375,4176.962890625,530333,0.0,0.0
2022-12-05,4422.85009765625,4427.64990234375,4370.0,4403.35009765625,4149.119140625,212913,0.0,0.0
2022-12-06,4398.89990234375,4451.64990234375,4382.0498046875,4424.35009765625,4168.90625,349352,0.0,0.0
2022-12-07,4424.35009765625,4435.0,4383.35009765625,4393.5498046875,4139.884765625,252294,0.0,0.0
2022-12-08,4393.5498046875,4442.64990234375,4384.2001953125,4394.89990234375,4141.1572265625,282421,0.0,0.0
2022-12-09,4402.0,4426.39990234375,4384.2001953125,4410.2998046875,4155.66748046875,233437,0.0,0.0
2022-12-12,4419.0498046875,4439.0498046875,4384.0,4432.5498046875,4176.6328125,233360,0.0,0.0
2022-12-13,4452.0,4452.0,4410.0,4426.5498046875,4170.9794921875,158169,0.0,0.0
2022-12-14,4440.0,4446.0,4390.10009765625,4409.7001953125,4155.10205078125,195654,0.0,0.0
2022-12-15,4428.2998046875,4485.0,4412.0,4465.4501953125,4207.63427734375,370501,0.0,0.0
2022-12-16,4459.5,4477.14990234375,4416.7001953125,4444.7001953125,4188.08154296875,346508,0.0,0.0
2022-12-19,4455.0,4537.0,4423.5,4526.5,4265.15869140625,330662,0.0,0.0
2022-12-20,4529.0,4533.9501953125,4467.0498046875,4509.0498046875,4248.71630859375,206833,0.0,0.0
2022-12-21,4509.0498046875,4530.0,4406.14990234375,4418.85009765625,4163.72412109375,303234,0.0,0.0
2022-12-22,4444.0,4446.35009765625,4377.0,4391.4501953125,4137.90625,243325,0.0,0.0
2022-12-23,4375.14990234375,4398.9501953125,4324.10009765625,4331.89990234375,4081.794189453125,224215,0.0,0.0
2022-12-26,4315.5,4399.89990234375,4313.7998046875,4375.35009765625,4122.7353515625,166686,0.0,0.0
2022-12-27,4380.7001953125,4400.0,4350.0,4369.25,4116.98779296875,138087,0.0,0.0
2022-12-28,4362.0,4407.4501953125,4362.0,4385.9501953125,4132.7236328125,159245,0.0,0.0
2022-12-29,4375.0,4389.75,4296.5498046875,4348.2998046875,4097.2470703125,244626,0.0,0.0
2022-12-30,4355.2001953125,4374.9501953125,4298.5498046875,4307.4501953125,4058.756103515625,117753,0.0,0.0
2023-01-02,4379.9501953125,4379.9501953125,4275.10009765625,4292.14990234375,4044.339111328125,255314,0.0,0.0
2023-01-03,4255.10009765625,4295.64990234375,4206.2998046875,4241.85009765625,3996.943359375,496975,0.0,0.0
2023-01-04,4254.9501953125,4276.0,4216.35009765625,4235.0,3990.489013671875,216319,0.0,0.0
2023-01-05,4235.0,4387.0,4235.0,4313.2001953125,4064.173828125,686633,0.0,0.0
2023-01-06,4313.2001953125,4369.0,4310.0,4359.0498046875,4107.37646484375,297438,0.0,0.0
2023-01-09,4380.0,4387.89990234375,4336.2001953125,4364.2998046875,4112.32275390625,170110,0.0,0.0
2023-01-10,4360.0,4363.0,4317.2998046875,4326.85009765625,4077.035400390625,235445,0.0,0.0
2023-01-11,4326.0,4358.64990234375,4298.0,4314.2998046875,4065.210205078125,224668,0.0,0.0
2023-01-12,4319.2998046875,4340.89990234375,4284.0,4299.25,4051.029052734375,248083,0.0,0.0
2023-01-13,4304.0,4370.7001953125,4287.4501953125,4336.10009765625,4085.751708984375,183772,0.0,0.0
2023-01-16,4336.10009765625,4346.4501953125,4300.0,4309.60009765625,4060.78173828125,84814,0.0,0.0
2023-01-17,4309.0,4372.9501953125,4291.75,4362.0498046875,4110.20361328125,169798,0.0,0.0
2023-01-18,4360.0,4422.0,4355.5498046875,4393.7001953125,4140.0263671875,192855,0.0,0.0
2023-01-19,4379.7998046875,4399.9501953125,4357.10009765625,4372.39990234375,4119.95556640625,139431,0.0,0.0
2023-01-20,4362.0,4362.0,4312.85009765625,4318.9501953125,4069.59228515625,154486,0.0,0.0
2023-01-23,4330.0,4357.4501953125,4319.14990234375,4337.85009765625,4087.400634765625,119143,0.0,0.0
2023-01-24,4350.7998046875,4408.9501953125,4323.2001953125,4396.0498046875,4142.240234375,135586,0.0,0.0
2023-01-25,4384.0,4444.0,4360.0,4388.14990234375,4134.7958984375,288089,0.0,0.0
2023-01-27,4435.0,4439.0,4353.7998046875,4380.39990234375,4127.494140625,340484,0.0,0.0
2023-01-30,4396.5,4418.0,4320.0,4406.75,4152.32275390625,218721,0.0,0.0
2023-01-31,4418.0,4418.0,4264.0,4317.60009765625,4068.320068359375,605699,0.0,0.0
2023-02-01,4329.89990234375,4444.5,4326.85009765625,4370.9501953125,4118.58935546875,622541,0.0,0.0
2023-02-02,4518.9501953125,4596.0,4370.0,4573.0498046875,4309.0205078125,1669243,0.0,0.0
2023-02-03,4590.0,4659.75,4570.10009765625,4628.85009765625,4361.60009765625,517467,0.0,0.0
2023-02-06,4605.0,4635.2998046875,4600.0,4625.64990234375,4358.583984375,315190,0.0,0.0
2023-02-07,4639.0,4664.0,4596.7001953125,4606.85009765625,4340.8701171875,327040,0.0,0.0
2023-02-08,4604.9501953125,4640.25,4578.0,4594.7998046875,4329.51513671875,252710,0.0,0.0
2023-02-09,4594.85009765625,4656.10009765625,4575.14990234375,4637.35009765625,4369.60888671875,284415,0.0,0.0
2023-02-10,4660.0,4669.2001953125,4597.0498046875,4622.7001953125,4355.80517578125,207919,0.0,0.0
2023-02-13,4600.0,4636.0,4579.0,4588.0,4323.10791015625,185536,0.0,0.0
2023-02-14,4590.2998046875,4624.0,4581.0,4599.85009765625,4334.27392578125,245495,0.0,0.0
2023-02-15,4599.85009765625,4599.85009765625,4530.2001953125,4588.4501953125,4323.5322265625,197822,0.0,0.0
2023-02-16,4597.0,4617.89990234375,4567.0,4572.0,4308.03173828125,160313,0.0,0.0
2023-02-17,4570.0,4588.0,4514.7998046875,4533.25,4271.5185546875,203456,0.0,0.0
2023-02-20,4535.25,4545.0,4444.0,4453.7998046875,4196.65576171875,308681,0.0,0.0
2023-02-21,4454.9501953125,4527.85009765625,4450.60009765625,4503.35009765625,4243.345703125,229380,0.0,0.0
2023-02-22,4505.0,4540.89990234375,4477.7001953125,4484.5,4225.58349609375,262918,0.0,0.0
2023-02-23,4490.0,4496.0,4424.7998046875,4451.5,4194.4892578125,210031,0.0,0.0
2023-02-24,4460.0,4495.5498046875,4419.64990234375,4442.5498046875,4186.05517578125,234456,0.0,0.0
2023-02-27,4428.5498046875,4470.0,4375.0,4388.25,4134.89111328125,162723,0.0,0.0
2023-02-28,4390.0,4475.25,4380.0,4461.75,4204.1474609375,349283,0.0,0.0
2023-03-01,4439.0,4454.5498046875,4355.14990234375,4379.7998046875,4126.92822265625,331092,0.0,0.0
2023-03-02,4390.0,4405.0,4343.0498046875,4394.2001953125,4140.4970703125,147032,0.0,0.0
2023-03-03,4400.0,4444.75,4380.39990234375,4411.9501953125,4157.22265625,212204,0.0,0.0
2023-03-06,4389.0,4389.0,4279.89990234375,4319.85009765625,4070.43994140625,681562,0.0,0.0
2023-03-08,4319.85009765625,4370.0,4305.75,4339.64990234375,4089.0966796875,228626,0.0,0.0
2023-03-09,4339.64990234375,4350.0,4275.2001953125,4291.7001953125,4043.915283203125,242653,0.0,0.0
2023-03-10,4307.39990234375,4361.75,4282.75,4311.0,4062.1005859375,367075,0.0,0.0
2023-03-13,4309.0,4346.0498046875,4290.0,4307.60009765625,4058.897216796875,282671,0.0,0.0
2023-03-14,4315.0,4343.89990234375,4277.0,4292.9501953125,4045.0927734375,197998,0.0,0.0
2023-03-15,4315.0,4323.64990234375,4237.60009765625,4243.10009765625,3998.121337890625,195193,0.0,0.0
2023-03-16,4263.9501953125,4320.0,4250.0,4311.2001953125,4062.28955078125,260044,0.0,0.0
2023-03-17,4325.9501953125,4370.0,4305.60009765625,4362.5498046875,4110.67431640625,294948,0.0,0.0
2023-03-20,4364.60009765625,4366.60009765625,4262.5,4331.85009765625,4081.7470703125,176552,0.0,0.0
2023-03-21,4355.0,4386.0,4260.0,4264.7001953125,4018.47412109375,231876,0.0,0.0
2023-03-22,4279.0,4279.0,4230.0,4244.4501953125,3999.393310546875,146015,0.0,0.0
2023-03-23,4250.0,4255.5,4196.75,4242.7001953125,3997.744384765625,197372,0.0,0.0
2023-03-24,4242.0,4242.0,4189.85009765625,4199.9501953125,3957.46240234375,198393,0.0,0.0
2023-03-27,4224.0498046875,4245.2998046875,4198.7998046875,4214.7998046875,3971.455078125,283791,0.0,0.0
2023-03-28,4229.5,4229.5,4153.0,4200.0,3957.509521484375,224554,0.0,0.0
2023-03-29,4205.0,4297.9501953125,4198.9501953125,4276.2001953125,4029.310302734375,316461,0.0,0.0
2023-03-31,4277.4501953125,4333.7998046875,4257.0498046875,4322.14990234375,4072.60693359375,244995,0.0,0.0
2023-04-03,4344.0,4346.0,4282.35009765625,4324.0498046875,4074.3974609375,365323,0.0,0.0
2023-04-05,4334.0,4358.89990234375,4295.0,4327.5498046875,4077.695068359375,390846,0.0,0.0
2023-04-06,4327.7998046875,4327.7998046875,4288.2998046875,4299.7998046875,4051.547119140625,208718,0.0,0.0
2023-04-10,4299.7998046875,4299.7998046875,4243.0,4266.39990234375,4020.07568359375,253654,0.0,0.0
2023-04-11,4266.39990234375,4305.2998046875,4258.25,4277.35009765625,4030.39404296875,248398,0.0,0.0
2023-04-12,4277.35009765625,4298.7998046875,4263.0,4271.2998046875,4024.69287109375,325329,0.0,0.0
2023-04-13,4239.0,4350.0,4222.5498046875,4264.2001953125,4086.89453125,454438,72.0,0.0
2023-04-17,4278.0,4405.0,4259.7001953125,4338.60009765625,4158.20068359375,631457,0.0,0.0
2023-04-18,4350.9501953125,4374.89990234375,4290.0,4301.85009765625,4122.97900390625,190132,0.0,0.0
2023-04-19,4326.0,4326.0,4270.4501953125,4293.85009765625,4115.3115234375,347248,0.0,0.0
2023-04-20,4295.0,4318.5,4246.2998046875,4256.39990234375,4079.41845703125,164008,0.0,0.0
2023-04-21,4259.0,4335.0,4248.2998046875,4327.7998046875,4147.849609375,273401,0.0,0.0
2023-04-24,4327.7998046875,4339.4501953125,4297.0,4311.0,4131.748046875,182843,0.0,0.0
2023-04-25,4313.0,4411.0,4311.0,4402.5498046875,4219.49169921875,353719,0.0,0.0
2023-04-26,4400.0,4422.85009765625,4370.7998046875,4405.0,4221.83984375,306037,0.0,0.0
2023-04-27,4407.0,4429.35009765625,4397.0,4415.85009765625,4232.23876953125,179769,0.0,0.0
2023-04-28,4415.9501953125,4564.85009765625,4408.64990234375,4553.5498046875,4364.212890625,482939,0.0,0.0
2023-05-02,4565.25,4605.75,4500.0,4511.0498046875,4323.48046875,261449,0.0,0.0
2023-05-03,4490.0,4548.0,4443.35009765625,4527.10009765625,4338.86279296875,525015,0.0,0.0
2023-05-04,4527.0498046875,4596.0,4510.0,4587.0498046875,4396.31982421875,244670,0.0,0.0
2023-05-05,4594.64990234375,4636.9501953125,4584.39990234375,4626.0,4433.650390625,332347,0.0,0.0
2023-05-08,4640.0,4700.0,4573.5498046875,4598.39990234375,4407.19775390625,831450,0.0,0.0
2023-05-09,4624.0,4633.25,4582.5498046875,4595.14990234375,4404.08349609375,367650,0.0,0.0
2023-05-10,4629.7001953125,4667.7998046875,4586.5,4604.9501953125,4413.47607421875,368807,0.0,0.0
2023-05-11,4610.2001953125,4652.0,4605.0,4635.14990234375,4442.42041015625,282060,0.0,0.0
2023-05-12,4634.0,4675.0,4601.85009765625,4616.5,4424.54541015625,311033,0.0,0.0
2023-05-15,4647.85009765625,4679.0,4621.4501953125,4630.85009765625,4438.298828125,276965,0.0,0.0
2023-05-16,4632.0,4660.2001953125,4565.0,4606.89990234375,4415.34423828125,263119,0.0,0.0
2023-05-17,4610.0,4639.2001953125,4583.64990234375,4631.89990234375,4439.3056640625,268353,0.0,0.0
2023-05-18,4650.0,4655.5,4558.0,4564.35009765625,4374.5634765625,155214,0.0,0.0
2023-05-19,4588.0,4593.10009765625,4484.14990234375,4499.85009765625,4312.74560546875,367664,0.0,0.0
2023-05-22,4500.0,4540.25,4485.0,4498.9501953125,4311.88330078125,172174,0.0,0.0
2023-05-23,4487.0,4581.5498046875,4486.0,4521.64990234375,4333.63916015625,297514,0.0,0.0
2023-05-24,4538.2001953125,4569.89990234375,4501.35009765625,4519.7998046875,4331.86669921875,302733,0.0,0.0
2023-05-25,4580.0,4705.4501953125,4533.25,4563.2998046875,4373.55712890625,861989,0.0,0.0
2023-05-26,4582.0,4624.2001953125,4563.14990234375,4596.2001953125,4405.09033203125,231911,0.0,0.0
2023-05-29,4611.4501953125,4625.10009765625,4566.0,4575.25,4385.0107421875,194968,0.0,0.0
2023-05-30,4583.0,4623.5,4563.0,4573.25,4383.09423828125,199772,0.0,0.0
2023-05-31,4571.0,4683.2998046875,4565.25,4657.0498046875,4463.40966796875,1536463,0.0,0.0
2023-06-01,4655.0,4655.0,4587.5498046875,4635.25,4442.51611328125,188427,0.0,0.0
2023-06-02,4637.0,4718.7001953125,4635.35009765625,4654.14990234375,4460.63037109375,359550,0.0,0.0
2023-06-05,4659.89990234375,4712.5,4657.0498046875,4682.60009765625,4487.8974609375,349558,0.0,0.0
2023-06-06,4682.60009765625,4717.7001953125,4673.0498046875,4705.39990234375,4509.74951171875,185910,0.0,0.0
2023-06-07,4715.0,4907.9501953125,4715.0,4893.14990234375,4689.6923828125,1390193,0.0,0.0
2023-06-08,4901.89990234375,4914.75,4856.5,4875.0498046875,4672.34423828125,381452,0.0,0.0
2023-06-09,4886.2998046875,4980.0,4836.10009765625,4878.75,4675.89111328125,820375,0.0,0.0
2023-06-12,4899.0,4910.0,4865.0,4900.25,4696.49755859375,233763,0.0,0.0
2023-06-13,4904.9501953125,4951.64990234375,4892.2998046875,4940.10009765625,4734.6904296875,326814,0.0,0.0
2023-06-14,4947.0,4977.0,4922.0,4941.64990234375,4736.17578125,234174,0.0,0.0
2023-06-15,4950.0,5019.89990234375,4914.2998046875,4975.4501953125,4768.57080078125,452909,0.0,0.0
2023-06-16,4975.4501953125,5058.60009765625,4970.0,5044.7001953125,4834.94091796875,407485,0.0,0.0
2023-06-19,5050.0,5064.39990234375,5002.2998046875,5021.0498046875,4812.2744140625,197576,0.0,0.0
2023-06-20,5021.0498046875,5062.5,5008.0498046875,5056.4501953125,4846.20263671875,251372,0.0,0.0
2023-06-21,5070.60009765625,5085.25,5045.64990234375,5069.5498046875,4858.7578125,272200,0.0,0.0
2023-06-22,5065.0,5071.89990234375,4975.0,4987.0498046875,4779.68798828125,145196,0.0,0.0
2023-06-23,4972.0498046875,4986.9501953125,4945.2998046875,4970.7998046875,4764.11376953125,191942,0.0,0.0
2023-06-26,4978.9501953125,5022.0,4952.2998046875,5009.2001953125,4800.91748046875,179192,0.0,0.0
2023-06-27,5000.5498046875,5037.7998046875,4949.14990234375,4954.25,4748.251953125,175475,0.0,0.0
2023-06-28,4989.0,5019.9501953125,4959.89990234375,4992.14990234375,4784.576171875,253814,0.0,0.0
2023-06-30,4990.2001953125,5032.35009765625,4955.0498046875,5024.5498046875,4815.62890625,196106,0.0,0.0
2023-07-03,5035.0,5048.60009765625,4990.10009765625,5008.2998046875,4800.05419921875,139105,0.0,0.0
2023-07-04,5008.2998046875,5024.89990234375,4972.5498046875,5010.14990234375,4801.82763671875,121493,0.0,0.0
2023-07-05,5024.7998046875,5115.39990234375,4960.5,5096.10009765625,4884.20361328125,186513,0.0,0.0
2023-07-06,5199.0,5270.35009765625,5121.0,5173.5498046875,4958.43359375,966410,0.0,0.0
2023-07-07,5173.5498046875,5189.5498046875,5042.89990234375,5054.5,4844.33349609375,224712,0.0,0.0
2023-07-10,5073.0,5099.4501953125,4991.5,5031.85009765625,4822.62548828125,308544,0.0,0.0
2023-07-11,5050.0,5157.2001953125,5050.0,5083.89990234375,4872.51123046875,385742,0.0,0.0
2023-07-12,5083.89990234375,5114.85009765625,5042.35009765625,5073.89990234375,4862.9267578125,180640,0.0,0.0
2023-07-13,5089.89990234375,5148.0,5071.4501953125,5090.35009765625,4878.693359375,232034,0.0,0.0
2023-07-14,5118.0,5150.0,5085.10009765625,5133.2001953125,4919.76171875,220335,0.0,0.0
2023-07-17,5149.9501953125,5199.0,5121.10009765625,5143.4501953125,4929.5849609375,272290,0.0,0.0
2023-07-18,5150.0,5160.5498046875,5052.0,5064.14990234375,4853.58203125,189358,0.0,0.0
2023-07-19,5081.9501953125,5144.0,5050.10009765625,5065.89990234375,4855.25927734375,353528,0.0,0.0
2023-07-20,5070.0,5094.0,5016.0498046875,5052.5498046875,4842.46435546875,327126,0.0,0.0
2023-07-21,5061.5498046875,5108.9501953125,5000.0,5047.0,4837.14501953125,438176,0.0,0.0
2023-07-24,5047.0,5048.0,4944.2001953125,4968.89990234375,4762.29296875,224646,0.0,0.0
2023-07-25,5007.0,5007.0,4875.0,4885.60009765625,4682.45654296875,396810,0.0,0.0
2023-07-26,4900.0,4994.9501953125,4880.0,4983.60009765625,4776.3818359375,231869,0.0,0.0
2023-07-27,4965.0,5016.0,4763.7998046875,4873.39990234375,4670.763671875,558492,0.0,0.0
2023-07-28,4904.0,4959.39990234375,4851.0,4903.35009765625,4699.46826171875,357681,0.0,0.0
2023-07-31,4905.10009765625,4910.39990234375,4765.25,4793.9501953125,4594.6171875,800189,0.0,0.0
2023-08-01,4825.10009765625,4843.5,4750.10009765625,4817.35009765625,4617.04443359375,413904,0.0,0.0
2023-08-02,4839.0,4839.0,4770.0,4809.4501953125,4609.47265625,395487,0.0,0.0
2023-08-03,4809.9501953125,4818.60009765625,4770.0,4798.9501953125,4599.40966796875,239070,0.0,0.0
2023-08-04,4790.0,4832.0,4766.64990234375,4798.5,4598.9775390625,401478,0.0,0.0
2023-08-07,4751.0,4815.0,4618.2001953125,4659.75,4465.9970703125,1079453,0.0,0.0
2023-08-08,4632.75,4677.4501953125,4596.0498046875,4605.35009765625,4413.859375,533341,0.0,0.0
2023-08-09,4619.89990234375,4633.35009765625,4575.0,4600.89990234375,4409.59423828125,912658,0.0,0.0
2023-08-10,4601.0,4618.64990234375,4531.2998046875,4540.4501953125,4351.658203125,587011,0.0,0.0
2023-08-11,4540.0,4561.0,4489.64990234375,4510.2998046875,4322.7607421875,1112908,0.0,0.0
2023-08-14,4519.7001953125,4525.0,4455.0,4499.60009765625,4312.5068359375,557851,0.0,0.0
2023-08-16,4488.60009765625,4512.5498046875,4421.39990234375,4498.5,4311.4521484375,518358,0.0,0.0
2023-08-17,4498.5,4525.0,4472.2998046875,4501.60009765625,4314.42333984375,394002,0.0,0.0
2023-08-18,4499.0,4554.7998046875,4461.0,4535.0498046875,4346.482421875,423415,0.0,0.0
2023-08-21,4555.9501953125,4560.0,4498.5,4510.5,4322.953125,244783,0.0,0.0
2023-08-22,4524.7998046875,4524.9501953125,4490.0,4511.64990234375,4324.0556640625,217446,0.0,0.0
2023-08-23,4555.0,4555.0,4484.7001953125,4512.4501953125,4324.82177734375,346764,0.0,0.0
2023-08-24,4538.2998046875,4559.5,4515.4501953125,4542.7998046875,4353.90966796875,357303,0.0,0.0
2023-08-25,4544.60009765625,4560.0498046875,4506.2001953125,4525.7998046875,4337.61669921875,333873,0.0,0.0
2023-08-28,4525.0,4525.7998046875,4485.60009765625,4510.9501953125,4323.384765625,343698,0.0,0.0
2023-08-29,4510.9501953125,4540.0,4486.10009765625,4530.75,4342.361328125,340257,0.0,0.0
2023-08-30,4552.9501953125,4558.5498046875,4511.7001953125,4550.7998046875,4361.5771484375,367571,0.0,0.0
2023-08-31,4564.89990234375,4575.0,4442.0,4467.75,4281.98046875,874564,0.0,0.0
2023-09-01,4475.0,4491.9501953125,4426.0,4484.35009765625,4297.890625,383124,0.0,0.0
2023-09-04,4484.35009765625,4511.0,4449.75,4507.2001953125,4319.79052734375,394391,0.0,0.0
2023-09-05,4507.2001953125,4539.0,4485.0,4514.9501953125,4327.21826171875,453349,0.0,0.0
2023-09-06,4520.0,4590.0,4503.0498046875,4569.14990234375,4379.16455078125,300673,0.0,0.0
2023-09-07,4590.0,4590.39990234375,4521.0,4530.7001953125,4342.3134765625,479124,0.0,0.0
2023-09-08,4540.7001953125,4548.60009765625,4513.7998046875,4540.5,4351.70556640625,278293,0.0,0.0
2023-09-11,4540.89990234375,4574.0,4540.0,4568.5498046875,4378.5888671875,302448,0.0,0.0
2023-09-12,4568.5498046875,4574.39990234375,4508.89990234375,4567.14990234375,4377.24755859375,321129,0.0,0.0
2023-09-13,4567.14990234375,4630.4501953125,4549.10009765625,4608.25,4416.63916015625,435792,0.0,0.0
2023-09-14,4619.0,4631.9501953125,4552.64990234375,4574.35009765625,4384.1484375,473085,0.0,0.0
2023-09-15,4583.0,4589.25,4518.60009765625,4532.85009765625,4344.3740234375,408326,0.0,0.0
2023-09-18,4540.0,4603.0,4520.0,4596.2001953125,4405.09033203125,304844,0.0,0.0
2023-09-20,4596.2001953125,4597.0,4507.7001953125,4527.39990234375,4339.14990234375,357295,0.0,0.0
2023-09-21,4520.0,4565.7001953125,4478.0,4558.5498046875,4369.00537109375,367638,0.0,0.0
2023-09-22,4558.5498046875,4572.0,4510.0,4564.64990234375,4374.85205078125,210753,0.0,0.0
2023-09-25,4574.0498046875,4585.0,4510.5498046875,4570.0498046875,4380.02685546875,498354,0.0,0.0
2023-09-26,4570.25,4609.0,4549.4501953125,4600.14990234375,4408.87548828125,330231,0.0,0.0
2023-09-27,4601.2001953125,4634.0498046875,4569.0,4627.35009765625,4434.94482421875,358156,0.0,0.0
2023-09-28,4627.35009765625,4634.2998046875,4505.0498046875,4524.5498046875,4336.41845703125,390490,0.0,0.0
2023-09-29,4555.0,4560.4501953125,4501.5498046875,4537.14990234375,4348.49462890625,230125,0.0,0.0
2023-10-03,4524.7998046875,4553.25,4486.60009765625,4495.4501953125,4308.529296875,543482,0.0,0.0
2023-10-04,4490.0,4540.0,4466.75,4532.5,4344.0380859375,318564,0.0,0.0
2023-10-05,4540.25,4548.2001953125,4500.0,4533.89990234375,4345.3798828125,302015,0.0,0.0
2023-10-06,4533.85009765625,4549.4501953125,4515.0,4538.4501953125,4349.7412109375,238131,0.0,0.0
2023-10-09,4511.0,4535.0,4493.5,4522.5,4334.4541015625,255764,0.0,0.0
2023-10-10,4522.2001953125,4541.9501953125,4503.0,4529.9501953125,4341.5947265625,222750,0.0,0.0
2023-10-11,4522.0,4568.9501953125,4520.64990234375,4554.9501953125,4365.5556640625,368192,0.0,0.0
2023-10-12,4582.0,4591.60009765625,4531.0,4560.75,4371.11376953125,518582,0.0,0.0
2023-10-13,4550.0,4582.0,4515.0,4574.7001953125,4384.48388671875,445822,0.0,0.0
2023-10-16,4559.9501953125,4591.4501953125,4555.0,4586.0498046875,4395.36181640625,292118,0.0,0.0
2023-10-17,4586.2001953125,4609.89990234375,4562.2001953125,4600.35009765625,4409.0673828125,196669,0.0,0.0
2023-10-18,4605.0,4623.0,4586.25,4607.7001953125,4416.11181640625,217179,0.0,0.0
2023-10-19,4600.0498046875,4616.0,4561.7001953125,4602.4501953125,4411.080078125,228881,0.0,0.0
2023-10-20,4603.0,4608.0,4558.75,4580.0,4389.5634765625,351045,0.0,0.0
2023-10-23,4572.7001953125,4600.0,4516.35009765625,4530.60009765625,4342.2177734375,203004,0.0,0.0
2023-10-25,4470.0,4585.60009765625,4470.0,4533.75,4345.236328125,330082,0.0,0.0
2023-10-26,4517.60009765625,4524.7998046875,4476.75,4507.7998046875,4320.365234375,488909,0.0,0.0
2023-10-27,4512.0,4544.0,4491.0,4514.2998046875,4326.5947265625,382794,0.0,0.0
2023-10-30,4500.0,4508.7001953125,4441.0,4461.60009765625,4276.0869140625,450526,0.0,0.0
2023-10-31,4460.10009765625,4479.75,4401.89990234375,4426.5,4242.4453125,504625,0.0,0.0
2023-11-01,4442.60009765625,4456.0,4347.7001953125,4397.2998046875,4214.45947265625,395359,0.0,0.0
2023-11-02,4512.10009765625,4568.7998046875,4454.25,4527.25,4339.00634765625,822845,0.0,0.0
2023-11-03,4528.0,4582.39990234375,4524.14990234375,4539.5498046875,4350.79541015625,335012,0.0,0.0
2023-11-06,4554.89990234375,4628.14990234375,4546.0498046875,4623.60009765625,4431.3505859375,205763,0.0,0.0
2023-11-07,4610.10009765625,4670.0,4590.85009765625,4655.2001953125,4461.63671875,282612,0.0,0.0
2023-11-08,4670.9501953125,4686.5,4650.5,4670.60009765625,4476.396484375,385727,0.0,0.0
2023-11-09,4670.60009765625,4685.5,4630.5,4652.10009765625,4458.666015625,208210,0.0,0.0
2023-11-10,4657.4501953125,4685.85009765625,4621.0,4681.9501953125,4487.2744140625,142336,0.0,0.0
2023-11-13,4662.2998046875,4703.14990234375,4644.0,4696.35009765625,4501.07568359375,260394,0.0,0.0
2023-11-15,4723.0,4725.0,4667.39990234375,4710.7998046875,4514.9248046875,269650,0.0,0.0
2023-11-16,4710.0,4729.0,4679.60009765625,4702.10009765625,4506.58642578125,178375,0.0,0.0
2023-11-17,4703.0,4745.60009765625,4690.10009765625,4718.2998046875,4522.1123046875,138652,0.0,0.0
2023-11-20,4691.25,4739.4501953125,4690.89990234375,4712.0,4516.07470703125,126069,0.0,0.0
2023-11-21,4730.0,4730.0,4665.0,4699.75,4504.333984375,129602,0.0,0.0
2023-11-22,4709.89990234375,4712.85009765625,4662.75,4694.2001953125,4499.01513671875,72533,0.0,0.0
2023-11-23,4699.0,4710.9501953125,4678.9501953125,4705.7998046875,4510.13232421875,109775,0.0,0.0
2023-11-24,4705.7998046875,4715.0,4640.5,4644.14990234375,4451.0458984375,123628,0.0,0.0
2023-11-28,4632.25,4722.89990234375,4626.0,4713.4501953125,4517.46484375,182790,0.0,0.0
2023-11-29,4715.9501953125,4832.10009765625,4701.39990234375,4803.64990234375,4603.9140625,363702,0.0,0.0
2023-11-30,4815.0,4875.9501953125,4797.5,4852.64990234375,4650.87646484375,961054,0.0,0.0
2023-12-01,4873.0,4984.0,4860.0498046875,4970.75,4764.0654296875,485597,0.0,0.0
2023-12-04,4990.0,4994.9501953125,4915.0,4937.75,4732.43798828125,310152,0.0,0.0
2023-12-05,4937.75,4975.0,4933.0,4948.39990234375,4742.64453125,280497,0.0,0.0
2023-12-06,4953.0,5022.7001953125,4952.2998046875,5003.14990234375,4795.11865234375,295686,0.0,0.0
2023-12-07,5003.14990234375,5025.0,4963.14990234375,5016.0,4807.43408203125,268095,0.0,0.0
2023-12-08,5024.0,5060.0,4931.0,4942.2001953125,4736.70361328125,282713,0.0,0.0
2023-12-11,4959.89990234375,4974.5,4900.0498046875,4944.14990234375,4738.57177734375,147976,0.0,0.0
2023-12-12,4968.0,4971.4501953125,4875.0,4903.0498046875,4699.1806640625,184238,0.0,0.0
2023-12-13,4910.0,4928.0,4860.0,4919.2998046875,4714.7548828125,153558,0.0,0.0
2023-12-14,4932.2001953125,4965.0,4897.0,4946.64990234375,4740.9677734375,174503,0.0,0.0
2023-12-15,4938.0,4969.85009765625,4880.5,4913.89990234375,4709.57958984375,216579,0.0,0.0
2023-12-18,4913.85009765625,4925.5,4837.0498046875,4879.5,4676.6103515625,223278,0.0,0.0
2023-12-19,4891.35009765625,4927.4501953125,4858.7001953125,4911.25,4707.0400390625,200718,0.0,0.0
2023-12-20,4920.0,5051.9501953125,4916.0,4954.9501953125,4748.92333984375,457942,0.0,0.0
2023-12-21,4930.0,5113.2998046875,4877.5498046875,5059.60009765625,4849.22119140625,796081,0.0,0.0
2023-12-22,5075.0,5183.7001953125,5050.0498046875,5161.10009765625,4946.5009765625,582688,0.0,0.0
2023-12-26,5155.0,5244.5,5146.0,5235.9501953125,5018.2392578125,574310,0.0,0.0
2023-12-27,5242.0,5245.0,5160.0,5216.7998046875,4999.884765625,241944,0.0,0.0
2023-12-28,5224.9501953125,5338.64990234375,5186.75,5282.0,5062.3740234375,655367,0.0,0.0
2023-12-29,5260.5498046875,5386.0498046875,5238.64990234375,5338.4501953125,5116.47705078125,535691,0.0,0.0
2024-01-01,5339.0,5349.89990234375,5290.0,5319.7998046875,5098.60205078125,130032,0.0,0.0
2024-01-02,5319.7998046875,5334.9501953125,5224.10009765625,5288.85009765625,5068.93896484375,193517,0.0,0.0
2024-01-03,5288.85009765625,5333.89990234375,5240.0,5253.7998046875,5035.3466796875,123303,0.0,0.0
2024-01-04,5253.7998046875,5375.0,5221.0,5361.2998046875,5138.37646484375,413391,0.0,0.0
2024-01-05,5361.2998046875,5363.35009765625,5256.0,5272.35009765625,5053.12548828125,299017,0.0,0.0
2024-01-08,5305.0,5305.0,5171.0498046875,5177.35009765625,4962.07568359375,236628,0.0,0.0
2024-01-09,5199.0,5210.2001953125,5111.0,5122.39990234375,4909.41015625,194434,0.0,0.0
2024-01-10,5111.0,5143.64990234375,5051.5,5086.64990234375,4875.146484375,191450,0.0,0.0
2024-01-11,5102.89990234375,5186.39990234375,5076.5498046875,5136.7001953125,4923.1162109375,277823,0.0,0.0
2024-01-12,5149.0,5250.39990234375,5100.0498046875,5151.10009765625,4936.9169921875,462298,0.0,0.0
2024-01-15,5159.9501953125,5228.0,5119.0,5177.35009765625,4962.07568359375,400069,0.0,0.0
2024-01-16,5168.39990234375,5218.0,5107.25,5130.60009765625,4917.26953125,203028,0.0,0.0
2024-01-17,5115.0498046875,5135.25,5055.0,5061.7001953125,4851.234375,270672,0.0,0.0
2024-01-18,5061.0,5077.9501953125,4974.2001953125,5015.14990234375,4806.61962890625,514119,0.0,0.0
2024-01-19,5029.0,5169.64990234375,5012.2998046875,5138.64990234375,4924.984375,329252,0.0,0.0
2024-01-23,5166.39990234375,5189.85009765625,4925.89990234375,5048.10009765625,4838.19970703125,491135,0.0,0.0
2024-01-24,5048.10009765625,5173.64990234375,5030.0,5142.25,4928.43505859375,611741,0.0,0.0
2024-01-25,5150.0,5236.5498046875,5106.10009765625,5141.89990234375,4928.099609375,342129,0.0,0.0
2024-01-29,5142.0,5219.5,5111.2001953125,5136.89990234375,4923.3076171875,275710,0.0,0.0
2024-01-30,5163.2998046875,5192.89990234375,5081.0,5091.75,4880.03466796875,146422,0.0,0.0
2024-01-31,5091.75,5220.0,5031.75,5198.39990234375,4982.25,549238,0.0,0.0
2024-02-01,5196.0498046875,5201.9501953125,5127.10009765625,5148.60009765625,4934.521484375,344394,0.0,0.0
2024-02-02,5166.75,5209.0,5131.4501953125,5148.85009765625,4934.76025390625,176167,0.0,0.0
2024-02-05,5169.89990234375,5239.75,5078.5,5124.5,4911.4228515625,231620,0.0,0.0
2024-02-06,5124.5,5125.0,4992.5498046875,5007.0498046875,4798.8564453125,336609,0.0,0.0
2024-02-07,5140.0,5183.89990234375,4925.0,5078.25,4867.095703125,1258830,0.0,0.0
2024-02-08,5101.0,5122.39990234375,4833.14990234375,4875.5498046875,4672.82421875,623680,0.0,0.0
2024-02-09,4875.5498046875,4978.0498046875,4860.0498046875,4971.5,4764.78466796875,411953,0.0,0.0
2024-02-12,4971.5,4997.9501953125,4940.75,4970.2001953125,4763.53955078125,158487,0.0,0.0
2024-02-13,4970.2001953125,5053.39990234375,4940.2001953125,4981.60009765625,4774.46484375,262011,0.0,0.0
2024-02-14,4967.5498046875,5025.0,4950.0,5010.64990234375,4802.306640625,277479,0.0,0.0
2024-02-15,5010.9501953125,5043.35009765625,4932.85009765625,4950.5498046875,4744.70556640625,189625,0.0,0.0
2024-02-16,4954.0,4970.5498046875,4894.75,4913.7001953125,4709.388671875,352139,0.0,0.0
2024-02-19,4919.9501953125,4948.5498046875,4886.64990234375,4925.25,4720.4580078125,182521,0.0,0.0
2024-02-20,4910.14990234375,4934.0,4879.10009765625,4921.14990234375,4716.5283203125,129279,0.0,0.0
2024-02-21,4934.75,4988.2998046875,4888.0,4923.0,4718.30126953125,235932,0.0,0.0
2024-02-22,4924.9501953125,4968.0,4860.0,4956.9501953125,4750.83984375,255308,0.0,0.0
2024-02-23,4956.9501953125,4970.39990234375,4912.10009765625,4936.35009765625,4731.09619140625,115910,0.0,0.0
2024-02-26,4949.9501953125,4957.0,4891.60009765625,4901.89990234375,4698.078125,78084,0.0,0.0
2024-02-27,4879.0,4939.5498046875,4879.0,4904.35009765625,4700.4267578125,434014,0.0,0.0
2024-02-28,4894.35009765625,4916.10009765625,4867.2001953125,4887.7998046875,4684.56494140625,96877,0.0,0.0
2024-02-29,4885.0498046875,4980.89990234375,4828.85009765625,4965.2001953125,4758.74658203125,447941,0.0,0.0
2024-03-01,4965.2001953125,4986.7001953125,4914.14990234375,4927.7001953125,4722.80615234375,316277,0.0,0.0
2024-03-04,4906.0,4942.4501953125,4833.5,4838.89990234375,4637.6982421875,307520,0.0,0.0
2024-03-05,4839.0498046875,4867.4501953125,4811.0,4825.64990234375,4624.9990234375,156956,0.0,0.0
2024-03-06,4839.0,4887.7998046875,4788.75,4880.75,4677.80810546875,190965,0.0,0.0
2024-03-07,4870.0,4902.0,4835.10009765625,4889.14990234375,4685.85888671875,216747,0.0,0.0
2024-03-11,4894.0498046875,4957.64990234375,4871.10009765625,4937.39990234375,4732.10302734375,295000,0.0,0.0
2024-03-12,4935.7001953125,4940.0,4852.7998046875,4869.14990234375,4666.6904296875,140625,0.0,0.0
2024-03-13,4892.60009765625,4975.0,4822.0,4856.64990234375,4654.71044921875,410729,0.0,0.0
2024-03-14,4853.25,4952.9501953125,4783.0,4938.89990234375,4733.5400390625,240217,0.0,0.0
2024-03-15,4917.4501953125,5008.7001953125,4912.0,4974.2001953125,4767.37255859375,491571,0.0,0.0
2024-03-18,4980.0,5014.0,4960.0,4980.0,4772.93115234375,143928,0.0,0.0
2024-03-19,4999.0,4999.9501953125,4800.0,4816.9501953125,4616.6611328125,265081,0.0,0.0
2024-03-20,4822.10009765625,4832.85009765625,4760.0,4802.89990234375,4603.1953125,300159,0.0,0.0
2024-03-21,4812.5,4824.0,4767.7998046875,4806.7001953125,4606.83740234375,449591,0.0,0.0
2024-03-22,4800.0,4892.9501953125,4784.89990234375,4865.0,4662.712890625,264787,0.0,0.0
2024-03-26,4748.39990234375,4975.0,4740.7001953125,4961.4501953125,4755.15283203125,554559,0.0,0.0
2024-03-27,4960.0,4980.0,4880.0,4920.2001953125,4715.61767578125,327107,0.0,0.0
2024-03-28,4942.2998046875,4971.2001953125,4864.60009765625,4911.25,4707.0400390625,648795,0.0,0.0
2024-04-01,4929.9501953125,4960.7001953125,4883.75,4895.2001953125,4691.65771484375,181877,0.0,0.0
2024-04-02,4910.0,4914.89990234375,4870.0,4899.9501953125,4696.2099609375,93480,0.0,0.0
2024-04-03,4870.0,4896.9501953125,4806.0,4834.60009765625,4633.5771484375,246246,0.0,0.0
2024-04-04,4839.9501953125,4855.0,4780.60009765625,4813.60009765625,4613.44970703125,372526,0.0,0.0
2024-04-05,4813.60009765625,4847.60009765625,4791.60009765625,4813.0498046875,4612.9228515625,189143,0.0,0.0
2024-04-08,4825.0498046875,4841.0,4781.0,4826.7998046875,4626.10107421875,235219,0.0,0.0
2024-04-09,4850.0,4850.0,4783.39990234375,4794.7001953125,4595.3359375,180114,0.0,0.0
2024-04-10,4818.5,4818.5498046875,4747.5498046875,4808.7001953125,4608.75439453125,509880,0.0,0.0
2024-04-12,4818.0,4820.85009765625,4745.0,4751.75,4554.17236328125,620568,0.0,0.0
2024-04-15,4745.0,4777.10009765625,4692.85009765625,4761.89990234375,4563.8994140625,421873,0.0,0.0
2024-04-16,4748.0,4772.5,4691.2998046875,4740.7001953125,4543.58203125,516581,0.0,0.0
2024-04-18,4745.0,4758.7001953125,4666.60009765625,4695.0,4499.78125,670722,0.0,0.0
2024-04-19,4682.0498046875,4698.0,4641.0,4668.2998046875,4474.19189453125,424834,0.0,0.0
2024-04-22,4673.89990234375,4763.89990234375,4662.2998046875,4753.2998046875,4555.6572265625,321925,0.0,0.0
2024-04-23,4756.0,4812.0,4723.0498046875,4797.7998046875,4598.30712890625,279440,0.0,0.0
2024-04-24,4797.0,4840.0,4781.0,4828.9501953125,4628.162109375,412282,0.0,0.0
2024-04-25,4816.14990234375,4859.0,4747.5,4844.14990234375,4642.72998046875,509266,0.0,0.0
2024-04-26,4844.0498046875,4861.0,4793.0,4800.4501953125,4600.84716796875,205462,0.0,0.0
2024-04-29,4815.0,4825.60009765625,4776.0,4799.85009765625,4600.2724609375,147362,0.0,0.0
2024-04-30,4799.0,4825.0,4765.10009765625,4775.9501953125,4577.36572265625,489132,0.0,0.0
2024-05-02,4789.9501953125,4812.0,4750.0498046875,4759.64990234375,4561.74365234375,356664,0.0,0.0
2024-05-03,4781.10009765625,4781.10009765625,4707.89990234375,4744.60009765625,4547.31884765625,262493,0.0,0.0
2024-05-06,4818.9501953125,5205.4501953125,4802.2001953125,5061.60009765625,4851.13818359375,2837757,0.0,0.0
2024-05-07,5057.9501953125,5219.89990234375,5048.7998046875,5173.85009765625,4958.7216796875,1156073,0.0,0.0
2024-05-08,5151.0,5248.4501953125,5123.85009765625,5228.39990234375,5011.0029296875,323414,0.0,0.0
2024-05-09,5228.0498046875,5248.0,5045.0,5070.10009765625,4859.28466796875,379667,0.0,0.0
2024-05-10,5070.10009765625,5118.2001953125,4971.75,5066.7998046875,4856.12255859375,223289,0.0,0.0
2024-05-13,5074.9501953125,5170.0,5055.0,5130.5498046875,4917.22119140625,323879,0.0,0.0
2024-05-14,5130.5498046875,5161.5,5035.0,5140.7998046875,4927.044921875,205585,0.0,0.0
2024-05-15,5149.5498046875,5164.75,5053.4501953125,5064.0,4853.4384765625,166198,0.0,0.0
2024-05-16,5064.14990234375,5150.0,5017.5,5137.75,4924.1220703125,312988,0.0,0.0
2024-05-17,5139.89990234375,5139.89990234375,5065.0,5086.7998046875,4875.29052734375,116594,0.0,0.0
2024-05-21,5046.0,5191.0,5045.0498046875,5178.10009765625,4962.79443359375,376474,0.0,0.0
2024-05-22,5219.7998046875,5302.5,5195.0,5267.39990234375,5048.380859375,748236,0.0,0.0
2024-05-23,5261.14990234375,5293.75,5187.89990234375,5281.14990234375,5061.55908203125,423256,0.0,0.0
2024-05-24,5260.10009765625,5285.14990234375,5219.0,5240.7001953125,5022.7919921875,268208,0.0,0.0
2024-05-27,5265.0,5265.0,5127.25,5212.25,4995.52392578125,329998,0.0,0.0
2024-05-28,5209.0,5285.39990234375,5180.5498046875,5250.5498046875,5032.23193359375,259151,0.0,0.0
2024-05-29,5202.0,5268.0,5200.0,5229.7998046875,5012.34423828125,286144,0.0,0.0
2024-05-30,5202.10009765625,5242.10009765625,5173.0,5198.5498046875,4982.39404296875,357619,0.0,0.0
2024-05-31,5208.0,5221.0,5110.64990234375,5179.7998046875,4964.423828125,651525,0.0,0.0
2024-06-03,5300.0,5300.0,5160.0,5167.7998046875,4952.92236328125,199328,0.0,0.0
2024-06-04,5205.5498046875,5414.39990234375,5127.0498046875,5325.10009765625,5103.68212890625,989039,0.0,0.0
2024-06-05,5325.10009765625,5725.0,5325.0,5486.64990234375,5258.5146484375,1188965,0.0,0.0
2024-06-06,5465.0,5514.10009765625,5311.4501953125,5440.4501953125,5214.23583984375,629293,0.0,0.0
2024-06-07,5431.64990234375,5470.0,5395.0,5463.5498046875,5236.375,226777,0.0,0.0
2024-06-10,5465.0,5560.75,5406.10009765625,5488.39990234375,5260.19189453125,306665,0.0,0.0
2024-06-11,5500.0,5606.75,5500.0,5517.75,5288.3212890625,476899,0.0,0.0
2024-06-12,5550.5498046875,5568.0,5431.0,5439.2998046875,5213.13330078125,279376,0.0,0.0
2024-06-13,5439.60009765625,5449.9501953125,5341.7001953125,5379.4501953125,5155.7724609375,434594,0.0,0.0
2024-06-14,5397.5498046875,5450.0,5375.60009765625,5393.64990234375,5169.3818359375,149569,0.0,0.0
2024-06-18,5419.7998046875,5435.0,5375.2998046875,5395.85009765625,5171.490234375,155277,0.0,0.0
2024-06-19,5416.0,5422.85009765625,5350.0,5360.64990234375,5137.75390625,135179,0.0,0.0
2024-06-20,5360.64990234375,5400.0,5319.0,5378.4501953125,5154.8134765625,296418,0.0,0.0
2024-06-21,5369.10009765625,5389.85009765625,5317.5,5330.2998046875,5108.66552734375,244120,0.0,0.0
2024-06-24,5315.0,5330.0,5250.0,5297.75,5077.46923828125,463385,0.0,0.0
2024-06-25,5297.7998046875,5370.0,5289.2001953125,5352.0498046875,5129.51123046875,160890,0.0,0.0
2024-06-26,5352.0498046875,5434.5498046875,5319.0498046875,5421.7001953125,5196.265625,221391,0.0,0.0
2024-06-27,5388.7998046875,5450.0,5382.14990234375,5430.2998046875,5204.5078125,357573,0.0,0.0
2024-06-28,5435.0,5490.0,5416.25,5475.5498046875,5247.87646484375,215576,0.0,0.0
2024-07-01,5475.0498046875,5489.14990234375,5431.0498046875,5476.5,5248.78662109375,223560,0.0,0.0
2024-07-02,5500.0,5500.0,5384.2998046875,5401.64990234375,5177.04931640625,163333,0.0,0.0
2024-07-03,5421.75,5498.0,5389.7998046875,5449.10009765625,5222.5263671875,211361,0.0,0.0
2024-07-04,5454.9501953125,5487.35009765625,5397.5498046875,5426.25,5200.6259765625,138170,0.0,0.0
2024-07-05,5445.9501953125,5554.5,5433.9501953125,5546.7998046875,5316.1630859375,172330,0.0,0.0
2024-07-08,5555.0,5615.9501953125,5534.0498046875,5568.5498046875,5337.00927734375,171210,0.0,0.0
2024-07-09,5700.0,5705.0,5583.0498046875,5668.85009765625,5433.138671875,389812,0.0,0.0
2024-07-10,5670.0498046875,5800.0,5670.0498046875,5755.5498046875,5516.2333984375,526095,0.0,0.0
2024-07-11,5800.0,5805.0,5720.0,5761.2998046875,5521.74462890625,372798,0.0,0.0
2024-07-12,5780.0,5805.0,5713.2001953125,5787.0498046875,5546.423828125,222315,0.0,0.0
2024-07-15,5807.0,5847.75,5788.0,5809.7001953125,5568.13232421875,135373,0.0,0.0
2024-07-16,5812.0,5880.0,5770.10009765625,5862.35009765625,5618.59326171875,162459,0.0,0.0
2024-07-18,5846.5498046875,5920.0,5820.0,5871.5,5627.36328125,523157,0.0,0.0
2024-07-19,5850.0,5978.0,5846.64990234375,5877.9501953125,5633.544921875,451294,0.0,0.0
2024-07-22,5877.9501953125,5933.7001953125,5842.0,5887.85009765625,5643.03271484375,347520,0.0,0.0
2024-07-23,5887.85009765625,6005.0,5840.60009765625,5944.75,5697.56689453125,336696,0.0,0.0
2024-07-24,5949.39990234375,5974.39990234375,5815.0,5829.5,5587.10888671875,233649,0.0,0.0
2024-07-25,5824.89990234375,5865.0,5801.7001953125,5829.60009765625,5587.205078125,303638,0.0,0.0
2024-07-26,5830.0,5882.64990234375,5813.10009765625,5872.7998046875,5628.6083984375,146736,0.0,0.0
2024-07-29,5898.0,5957.60009765625,5840.0498046875,5897.60009765625,5652.37744140625,129350,0.0,0.0
2024-07-30,5898.39990234375,5989.39990234375,5831.2998046875,5842.2001953125,5599.28125,191681,0.0,0.0
2024-07-31,5897.0,5897.0,5770.14990234375,5784.4501953125,5543.9326171875,271796,0.0,0.0
2024-08-01,5784.4501953125,5839.89990234375,5700.0,5730.14990234375,5491.8896484375,304411,0.0,0.0
2024-08-02,5708.0498046875,5808.0,5630.2998046875,5720.35009765625,5482.49755859375,406998,0.0,0.0
2024-08-05,5709.9501953125,5842.9501953125,5650.0498046875,5697.89990234375,5532.0615234375,1114298,73.5,0.0
2024-08-06,5724.5498046875,5921.0,5710.14990234375,5854.5,5684.10400390625,727869,0.0,0.0
2024-08-07,5890.2001953125,5924.7998046875,5809.0498046875,5836.7998046875,5666.9189453125,314935,0.0,0.0
2024-08-08,5844.75,5861.9501953125,5725.0,5744.64990234375,5577.45068359375,271628,0.0,0.0
2024-08-09,5770.39990234375,5785.5498046875,5720.0,5740.2998046875,5573.22705078125,232215,0.0,0.0
2024-08-12,5745.0,5774.5,5625.0,5645.75,5481.42919921875,622193,0.0,0.0
2024-08-13,5678.9501953125,5714.9501953125,5617.0498046875,5666.5,5501.5751953125,236505,0.0,0.0
2024-08-14,5676.0,5695.2001953125,5594.14990234375,5659.14990234375,5494.439453125,164575,0.0,0.0
2024-08-16,5670.5,5742.4501953125,5662.5,5729.64990234375,5562.88720703125,144969,0.0,0.0
2024-08-19,5745.0,5763.25,5718.10009765625,5732.5,5565.65478515625,102452,0.0,0.0
2024-08-20,5740.4501953125,5773.7998046875,5728.25,5765.7998046875,5597.9853515625,189035,0.0,0.0
2024-08-21,5773.7998046875,5849.89990234375,5756.5,5837.35009765625,5667.45263671875,169215,0.0,0.0
2024-08-22,5858.0,5858.0,5808.64990234375,5836.7998046875,5666.9189453125,160154,0.0,0.0
2024-08-23,5837.0,5850.0,5784.35009765625,5792.64990234375,5624.0537109375,124435,0.0,0.0
2024-08-26,5800.0,5860.0,5776.25,5796.9501953125,5628.22900390625,265107,0.0,0.0
2024-08-27,5828.7998046875,5845.39990234375,5735.0,5764.2998046875,5596.52880859375,175740,0.0,0.0
2024-08-28,5746.5498046875,5775.39990234375,5690.0498046875,5703.35009765625,5537.35302734375,161445,0.0,0.0
2024-08-29,5710.0,5845.0,5696.14990234375,5831.39990234375,5661.67626953125,351330,0.0,0.0
2024-08-30,5842.9501953125,5908.89990234375,5793.25,5855.25,5684.83203125,519387,0.0,0.0
2024-09-02,5882.0498046875,5933.9501953125,5865.0,5922.14990234375,5749.78466796875,307023,0.0,0.0
2024-09-03,5933.0,5944.0,5870.0,5916.0498046875,5743.86181640625,258133,0.0,0.0
2024-09-04,5849.9501953125,5935.35009765625,5828.0,5926.5498046875,5754.056640625,219283,0.0,0.0
2024-09-05,5911.75,5920.0,5833.2998046875,5850.0,5679.73486328125,170014,0.0,0.0
2024-09-06,5846.7001953125,5884.7998046875,5827.10009765625,5843.5498046875,5673.47216796875,213556,0.0,0.0
2024-09-09,5859.9501953125,5961.2001953125,5846.2001953125,5939.4501953125,5766.5810546875,321187,0.0,0.0
2024-09-10,5980.0498046875,6010.0,5930.0498046875,5969.89990234375,5796.14501953125,337831,0.0,0.0
2024-09-11,5953.0498046875,6047.0498046875,5947.25,6008.64990234375,5833.76708984375,437060,0.0,0.0
2024-09-12,6018.64990234375,6128.7001953125,6004.7001953125,6109.25,5931.43896484375,548745,0.0,0.0
2024-09-13,6138.0,6148.7998046875,6057.35009765625,6133.10009765625,5954.59521484375,274846,0.0,0.0
2024-09-16,6000.0,6130.0,5936.7998046875,6063.0,5886.53515625,352336,0.0,0.0
2024-09-17,6073.4501953125,6204.64990234375,6069.14990234375,6111.0498046875,5933.1865234375,527917,0.0,0.0
2024-09-18,6135.0,6166.5498046875,6060.0498046875,6123.25,5945.03173828125,218424,0.0,0.0
2024-09-19,6128.89990234375,6225.0,6113.64990234375,6134.5,5955.9541015625,362388,0.0,0.0
2024-09-20,6165.35009765625,6258.64990234375,6125.85009765625,6210.5498046875,6029.79052734375,663556,0.0,0.0
2024-09-23,6235.25,6250.0,6190.7998046875,6211.2001953125,6030.421875,312563,0.0,0.0
2024-09-24,6200.75,6245.89990234375,6185.0498046875,6203.14990234375,6022.6064453125,234706,0.0,0.0
2024-09-25,6203.0,6203.0,6101.5498046875,6180.2998046875,6000.42138671875,357145,0.0,0.0
2024-09-26,6200.0,6270.39990234375,6154.35009765625,6254.10009765625,6072.07373046875,327297,0.0,0.0
2024-09-27,6237.7001953125,6332.9501953125,6180.7998046875,6268.7998046875,6086.34521484375,400543,0.0,0.0
2024-09-30,6252.64990234375,6362.89990234375,6241.10009765625,6338.14990234375,6153.6767578125,442617,0.0,0.0
2024-10-01,6306.89990234375,6463.60009765625,6306.89990234375,6446.0498046875,6258.4365234375,416639,0.0,0.0
2024-10-03,6444.2001953125,6469.89990234375,6290.0,6331.75,6147.46337890625,495791,0.0,0.0
2024-10-04,6278.25,6339.9501953125,6179.85009765625,6206.0,6025.373046875,395753,0.0,0.0
2024-10-07,6222.64990234375,6235.0,6105.0,6120.2998046875,5942.1669921875,374593,0.0,0.0
2024-10-08,6137.7001953125,6234.7998046875,6052.0498046875,6204.39990234375,6023.8193359375,708471,0.0,0.0
2024-10-09,6158.64990234375,6185.0,6070.0498046875,6097.25,5919.78857421875,551094,0.0,0.0
2024-10-10,6127.0,6159.85009765625,5980.0498046875,6002.14990234375,5827.4560546875,287475,0.0,0.0
2024-10-11,6030.5498046875,6039.5,5961.10009765625,5978.5,5804.49462890625,94953,0.0,0.0
2024-10-14,6005.10009765625,6024.2998046875,5900.0,5978.0498046875,5804.0576171875,219597,0.0,0.0
2024-10-15,6016.35009765625,6082.9501953125,5986.9501953125,6068.7001953125,5892.0693359375,426219,0.0,0.0
2024-10-16,6065.0,6114.0,6021.14990234375,6090.10009765625,5912.8466796875,276677,0.0,0.0
2024-10-17,6090.10009765625,6095.89990234375,5966.25,5988.5,5814.20361328125,188121,0.0,0.0
2024-10-18,5984.9501953125,5998.0,5870.0,5887.2001953125,5715.8525390625,354901,0.0,0.0
2024-10-21,5887.2001953125,5895.5,5762.60009765625,5778.2998046875,5610.12158203125,296733,0.0,0.0
2024-10-22,5787.39990234375,5804.0,5711.7998046875,5727.0,5560.31494140625,320607,0.0,0.0
2024-10-23,5698.60009765625,5797.60009765625,5690.0498046875,5748.85009765625,5581.52880859375,123095,0.0,0.0
2024-10-24,5750.85009765625,5780.5,5601.60009765625,5612.39990234375,5449.05029296875,269803,0.0,0.0
2024-10-25,5612.39990234375,5706.4501953125,5610.0,5669.39990234375,5504.39111328125,176680,0.0,0.0
2024-10-28,5677.0,5779.0,5669.39990234375,5722.2998046875,5555.7509765625,131887,0.0,0.0
2024-10-29,5730.7998046875,5759.89990234375,5611.0498046875,5667.5,5502.54638671875,204751,0.0,0.0
2024-10-30,5666.60009765625,5799.0,5641.60009765625,5782.5,5614.19921875,218180,0.0,0.0
2024-10-31,5779.0,5781.0,5708.0,5726.89990234375,5560.21728515625,208893,0.0,0.0
2024-11-01,5768.5498046875,5768.5498046875,5652.0498046875,5693.0498046875,5527.3525390625,31706,0.0,0.0
2024-11-04,5685.0,5698.9501953125,5541.85009765625,5625.2001953125,5461.47802734375,249780,0.0,0.0
2024-11-05,5634.14990234375,5669.0,5584.5498046875,5605.10009765625,5441.962890625,185870,0.0,0.0
2024-11-06,5636.2998046875,5719.0,5608.0498046875,5694.89990234375,5529.14892578125,233799,0.0,0.0
2024-11-07,5710.0,5713.7001953125,5606.0,5688.89990234375,5523.3232421875,284538,0.0,0.0
2024-11-08,5682.2001953125,5792.85009765625,5641.5498046875,5747.14990234375,5579.8779296875,306281,0.0,0.0
2024-11-11,5801.64990234375,5902.14990234375,5401.14990234375,5434.64990234375,5276.4736328125,804824,0.0,0.0
2024-11-12,5420.0,5426.89990234375,5005.0,5027.5498046875,4881.2216796875,2441209,0.0,0.0
2024-11-13,5009.0,5087.60009765625,4938.4501953125,5046.5,4899.62060546875,928244,0.0,0.0
2024-11-14,5046.5,5050.5,4901.0,4915.60009765625,4772.53076171875,479979,0.0,0.0
2024-11-18,4970.0,4970.0,4791.64990234375,4911.35009765625,4768.404296875,439087,0.0,0.0
2024-11-19,4924.9501953125,4951.35009765625,4878.60009765625,4892.7001953125,4750.29736328125,436205,0.0,0.0
2024-11-21,4875.0,4885.0,4746.89990234375,4803.35009765625,4663.5478515625,1036549,0.0,0.0
2024-11-22,4789.0498046875,4871.0,4765.60009765625,4848.35009765625,4707.23828125,410476,0.0,0.0
2024-11-25,4905.0,4980.0,4874.0,4903.9501953125,4761.2197265625,722912,0.0,0.0
2024-11-26,4903.9501953125,5030.2998046875,4892.9501953125,5013.60009765625,4867.67822265625,314200,0.0,0.0
2024-11-27,5013.60009765625,5025.0,4941.0,4984.14990234375,4839.08544921875,255840,0.0,0.0
2024-11-28,4986.60009765625,5012.5498046875,4891.14990234375,4923.64990234375,4780.34619140625,321308,0.0,0.0
2024-11-29,4880.0,4955.9501953125,4880.0,4941.14990234375,4797.3369140625,212644,0.0,0.0
2024-12-02,4930.5,4959.0,4866.2001953125,4907.25,4764.42333984375,314800,0.0,0.0
2024-12-03,4899.5498046875,4919.7998046875,4875.85009765625,4909.60009765625,4766.705078125,289449,0.0,0.0
2024-12-04,4916.4501953125,4973.89990234375,4841.0,4851.5498046875,4710.3447265625,392107,0.0,0.0
2024-12-05,4860.0,4893.0,4805.60009765625,4872.0,4730.19921875,526114,0.0,0.0
2024-12-06,4872.0,4906.7001953125,4840.0,4870.85009765625,4729.08349609375,236965,0.0,0.0
2024-12-09,4844.9501953125,4855.89990234375,4750.0498046875,4793.0,4653.4990234375,467154,0.0,0.0
2024-12-10,4799.85009765625,4829.9501953125,4783.0498046875,4787.25,4647.916015625,264213,0.0,0.0
2024-12-11,4808.0,4915.0,4793.25,4889.5,4747.1904296875,358246,0.0,0.0
2024-12-12,4900.0,4908.9501953125,4810.0,4828.35009765625,4687.8203125,406271,0.0,0.0
2024-12-13,4824.0,4863.10009765625,4773.0,4850.10009765625,4708.93701171875,284721,0.0,0.0
2024-12-16,4869.0,4869.0,4790.0,4846.5,4705.44189453125,208757,0.0,0.0
2024-12-17,4816.5,4839.89990234375,4765.14990234375,4776.75,4637.72216796875,312523,0.0,0.0
2024-12-18,4775.0,4798.89990234375,4752.5498046875,4782.64990234375,4643.44970703125,228821,0.0,0.0
2024-12-19,4750.0,4803.7998046875,4725.64990234375,4785.75,4646.4599609375,247805,0.0,0.0
2024-12-20,4790.0,4807.5,4680.5,4698.10009765625,4561.36083984375,363168,0.0,0.0
2024-12-23,4705.0,4735.0,4663.7998046875,4704.35009765625,4567.42919921875,332554,0.0,0.0
2024-12-24,4702.0498046875,4766.5498046875,4690.0498046875,4744.10009765625,4606.0224609375,227672,0.0,0.0
2024-12-26,4754.89990234375,4797.10009765625,4708.0,4761.64990234375,4623.0615234375,398117,0.0,0.0
2024-12-27,4776.0,4807.35009765625,4738.4501953125,4769.2998046875,4630.48828125,131505,0.0,0.0
2024-12-30,4759.7001953125,4818.0,4738.0,4799.4501953125,4659.76123046875,271403,0.0,0.0
2024-12-31,4795.0,4795.0,4741.2001953125,4762.75,4624.12890625,255918,0.0,0.0
2025-01-01,4752.2001953125,4819.7001953125,4752.2001953125,4794.75,4655.1982421875,87260,0.0,0.0
2025-01-02,4790.0498046875,4806.9501953125,4723.10009765625,4787.7998046875,4648.4501953125,402766,0.0,0.0
2025-01-03,4800.0,4859.4501953125,4785.75,4834.10009765625,4693.40283203125,341848,0.0,0.0
2025-01-06,4873.5,4873.5,4773.2998046875,4791.25,4651.7998046875,619930,0.0,0.0
2025-01-07,4804.9501953125,4885.7998046875,4804.9501953125,4832.25,4691.6064453125,450200,0.0,0.0
2025-01-08,4850.0,4871.89990234375,4760.14990234375,4859.89990234375,4718.45166015625,371105,0.0,0.0
2025-01-09,4860.5498046875,5050.0,4840.0498046875,4926.2998046875,4782.9189453125,832814,0.0,0.0
2025-01-10,4928.5,4958.39990234375,4881.64990234375,4939.2001953125,4795.44384765625,305669,0.0,0.0
2025-01-13,4922.2001953125,4997.89990234375,4906.0,4927.0498046875,4783.64697265625,448698,0.0,0.0
2025-01-14,4948.9501953125,4950.0,4850.10009765625,4862.39990234375,4720.87890625,283367,0.0,0.0
2025-01-15,4871.0,4937.2001953125,4804.10009765625,4877.0,4735.05419921875,242422,0.0,0.0
2025-01-16,4886.0498046875,4900.0,4743.10009765625,4844.5498046875,4703.54833984375,454269,0.0,0.0
2025-01-17,4846.10009765625,4923.5,4815.7001953125,4854.39990234375,4713.11181640625,492847,0.0,0.0
2025-01-20,4860.0,4908.0,4836.64990234375,4885.39990234375,4743.20947265625,155962,0.0,0.0
2025-01-21,4885.39990234375,4944.14990234375,4850.10009765625,4903.85009765625,4761.12255859375,377457,0.0,0.0
2025-01-22,4930.0,4975.2001953125,4883.2001953125,4956.7001953125,4812.4345703125,460132,0.0,0.0
2025-01-23,4944.14990234375,5042.9501953125,4883.2001953125,5012.60009765625,4866.70703125,361082,0.0,0.0
2025-01-24,5037.7001953125,5108.0,5013.14990234375,5101.5498046875,4953.068359375,509954,0.0,0.0
2025-01-27,5103.64990234375,5215.0,5103.0498046875,5176.25,5025.59423828125,937878,0.0,0.0
2025-01-28,5181.14990234375,5216.25,5018.2001953125,5060.75,4913.4560546875,456912,0.0,0.0
2025-01-29,5100.0,5100.0,4991.0,5037.0498046875,4890.44580078125,298533,0.0,0.0
2025-01-30,5037.10009765625,5105.0,5034.9501953125,5075.35009765625,4927.630859375,354016,0.0,0.0
2025-01-31,5104.0,5170.0,5040.10009765625,5129.64990234375,4980.3505859375,316771,0.0,0.0
2025-02-01,5160.0,5379.0,5051.0,5201.35009765625,5049.9638671875,634040,0.0,0.0
2025-02-03,5232.60009765625,5232.60009765625,5015.0,5105.5498046875,4956.95166015625,517520,0.0,0.0
2025-02-04,5118.0,5118.0,4990.2998046875,5028.35009765625,4881.9990234375,434664,0.0,0.0
2025-02-05,5058.0,5058.0,4924.35009765625,4932.64990234375,4789.08447265625,384948,0.0,0.0
2025-02-06,4932.10009765625,4978.7998046875,4906.0498046875,4956.0498046875,4811.80322265625,466931,0.0,0.0
2025-02-07,5010.0,5075.39990234375,4844.0,4870.5,4728.7431640625,701024,0.0,0.0
2025-02-10,4915.0,5009.0,4877.0,4909.64990234375,4766.75390625,625074,0.0,0.0
2025-02-11,4910.9501953125,4939.5498046875,4854.0,4904.0498046875,4761.31640625,279638,0.0,0.0
2025-02-12,4899.0498046875,4932.9501953125,4843.5498046875,4918.2998046875,4775.15185546875,336331,0.0,0.0
2025-02-13,4915.9501953125,4950.75,4867.25,4888.7001953125,4746.41357421875,341650,0.0,0.0
2025-02-14,4891.7001953125,4955.0,4873.75,4939.64990234375,4795.88037109375,489241,0.0,0.0
2025-02-17,4934.5,4969.0,4911.89990234375,4963.7001953125,4819.23095703125,275352,0.0,0.0
2025-02-18,4963.7001953125,4967.0498046875,4859.39990234375,4891.2001953125,4748.84130859375,314216,0.0,0.0
2025-02-19,4881.0,4899.0,4812.35009765625,4837.5,4696.70361328125,215919,0.0,0.0
2025-02-20,4819.0,4847.0,4792.0,4832.39990234375,4691.751953125,319761,0.0,0.0
2025-02-21,4850.0,4850.2001953125,4783.5498046875,4831.89990234375,4691.2666015625,334003,0.0,0.0
2025-02-24,4750.0,4829.5,4702.0,4804.2998046875,4664.4697265625,259886,0.0,0.0
2025-02-25,4785.89990234375,4853.7001953125,4760.0,4798.0498046875,4658.4013671875,479647,0.0,0.0
2025-02-27,4798.0498046875,4860.7001953125,4766.5,4782.7998046875,4643.59521484375,386556,0.0,0.0
2025-02-28,4782.7998046875,4786.4501953125,4553.7998046875,4595.4501953125,4461.69921875,676501,0.0,0.0
2025-03-03,4595.4501953125,4672.0,4548.14990234375,4596.60009765625,4462.81494140625,412033,0.0,0.0
2025-03-04,4530.0498046875,4581.0,4506.0,4575.2001953125,4442.0380859375,321501,0.0,0.0
2025-03-05,4579.89990234375,4735.2001953125,4560.0,4722.14990234375,4584.7109375,350741,0.0,0.0
2025-03-06,4725.0,4799.89990234375,4654.64990234375,4702.5498046875,4565.68115234375,460852,0.0,0.0
2025-03-07,4690.0,4765.0,4660.0,4748.25,4610.0517578125,191644,0.0,0.0
2025-03-10,4749.0,4823.9501953125,4710.0498046875,4737.7001953125,4599.80859375,290019,0.0,0.0
2025-03-11,4720.0,4795.0,4711.5498046875,4762.0498046875,4623.44970703125,147357,0.0,0.0
2025-03-12,4769.89990234375,4801.5,4712.39990234375,4792.0498046875,4652.576171875,223033,0.0,0.0
2025-03-13,4790.0,4838.0,4712.7998046875,4728.25,4590.63330078125,284758,0.0,0.0
2025-03-17,4600.0,4743.0498046875,4600.0,4674.89990234375,4538.83642578125,322411,0.0,0.0
2025-03-18,4695.65,4782.9,4682.7,4768.3,4538.83642578125,242447,0.0,0.0
2025-03-19,4797.0,4797.0,4673.2998046875,4707.10009765625,4570.09912109375,469240,0.0,0.0
2025-03-20,4741.89990234375,4840.0,4715.0,4831.10009765625,4690.490234375,265168,0.0,0.0
2025-03-21,4840.0,4853.14990234375,4786.5498046875,4814.0,4673.8876953125,304441,0.0,0.0
2025-03-24,4816.39990234375,4832.7998046875,4770.25,4796.85009765625,4657.23681640625,173845,0.0,0.0
2025-03-25,4792.0,4865.0,4738.60009765625,4845.2001953125,4704.1796875,422209,0.0,0.0
2025-03-26,4846.89990234375,4876.60009765625,4794.0498046875,4849.7001953125,4708.548828125,453242,0.0,0.0
2025-03-27,4830.0,4925.39990234375,4780.0498046875,4841.2001953125,4700.2958984375,6750074,0.0,0.0
2025-03-28,4861.9501953125,5028.64990234375,4861.9501953125,4936.89990234375,4793.21044921875,415586,0.0,0.0
2025-04-01,4890.10009765625,4965.0,4882.5498046875,4900.7998046875,4758.1611328125,557968,0.0,0.0
2025-04-02,4905.7998046875,5055.0,4900.7998046875,5037.39990234375,4890.78515625,459267,0.0,0.0
2025-04-03,4990.0498046875,5090.0,4982.0,5073.4501953125,4925.7861328125,339959,0.0,0.0
2025-04-04,5033.4501953125,5150.0,4977.85009765625,5023.39990234375,4877.19287109375,722283,0.0,0.0
2025-04-07,4622.0,5072.0,4605.0498046875,5055.85009765625,4908.69873046875,841464,0.0,0.0
2025-04-08,5062.4501953125,5188.10009765625,5038.64990234375,5179.35009765625,5028.60400390625,303185,0.0,0.0
2025-04-09,5149.5,5352.10009765625,5149.5,5339.4501953125,5184.044921875,549745,0.0,0.0
2025-04-11,5400.75,5400.75,5306.5,5350.2001953125,5194.48193359375,304650,0.0,0.0
2025-04-15,5428.89990234375,5432.0,5309.0,5391.2998046875,5234.38525390625,446075,0.0,0.0
2025-04-16,5350.5,5442.0,5350.5,5416.2001953125,5258.560546875,215423,0.0,0.0
2025-04-17,5420.0,5469.2998046875,5396.7998046875,5454.60009765625,5295.8427734375,186873,0.0,0.0
2025-04-21,5480.5,5480.5,5370.0,5393.2001953125,5236.23046875,201975,0.0,0.0
2025-04-22,5440.0,5485.0,5384.0,5435.5,5277.298828125,286928,0.0,0.0
2025-04-23,5435.5,5549.0,5406.2998046875,5544.2998046875,5382.93212890625,266881,0.0,0.0
2025-04-24,5550.0,5622.7001953125,5427.7001953125,5461.89990234375,5302.9306640625,339754,0.0,0.0
2025-04-25,5462.10009765625,5521.0,5362.0,5420.5,5262.7353515625,244513,0.0,0.0
2025-04-28,5413.0,5481.7998046875,5403.2998046875,5428.7998046875,5270.7939453125,107666,0.0,0.0
2025-04-29,5428.7998046875,5535.0,5405.5,5468.2998046875,5309.14404296875,294207,0.0,0.0
2025-04-30,5484.0,5546.7998046875,5386.10009765625,5438.89990234375,5280.599609375,284371,0.0,0.0
2025-05-02,5380.0,5407.0,5276.5,5301.0,5146.71337890625,262909,0.0,0.0
2025-05-05,5319.0,5380.0,5310.0,5359.0,5203.025390625,97149,0.0,0.0
2025-05-06,5350.0,5415.5,5311.0,5393.5,5236.521484375,175899,0.0,0.0
2025-05-07,5361.0,5395.0,5318.5,5351.0,5195.25830078125,168716,0.0,0.0
2025-05-08,5351.0,5480.0,5314.5,5391.0,5234.09423828125,265391,0.0,0.0
2025-05-09,5374.5,5503.5,5354.5,5436.0,5277.7841796875,476782,0.0,0.0
2025-05-12,5540.0,5621.5,5415.0,5608.5,5445.263671875,192712,0.0,0.0
2025-05-13,5629.5,5640.0,5462.0,5485.0,5325.3583984375,366566,0.0,0.0
2025-05-14,5456.0,5585.5,5437.5,5484.0,5324.38720703125,389963,0.0,0.0
2025-05-15,5509.0,5529.5,5457.5,5465.0,5305.9404296875,462518,0.0,0.0
2025-05-16,5472.0,5527.0,5452.5,5501.5,5341.3779296875,154274,0.0,0.0
2025-05-19,5501.5,5547.5,5460.0,5519.5,5358.85400390625,147864,0.0,0.0
2025-05-20,5518.0,5550.0,5420.0,5428.0,5270.01708984375,275067,0.0,0.0
2025-05-21,5435.0,5534.0,5416.5,5493.5,5333.61083984375,166304,0.0,0.0
2025-05-22,5493.5,5495.5,5415.0,5437.5,5279.24072265625,211388,0.0,0.0
2025-05-23,5459.0,5499.0,5406.0,5486.5,5326.814453125,100229,0.0,0.0
2025-05-26,5500.0,5547.5,5489.0,5525.0,5364.19384765625,140009,0.0,0.0
2025-05-27,5525.0,5540.0,5475.0,5496.5,5336.5234375,166840,0.0,0.0
2025-05-28,5495.0,5505.5,5410.0,5473.0,5313.70751953125,321303,0.0,0.0
2025-05-29,5502.0,5533.5,5452.5,5495.5,5335.552734375,201350,0.0,0.0
2025-05-30,5495.5,5532.0,5437.5,5510.5,5350.11572265625,401901,0.0,0.0
2025-06-02,5515.0,5722.0,5511.5,5605.0,5441.86572265625,625172,0.0,0.0
2025-06-03,5605.0,5639.0,5545.5,5575.5,5413.22412109375,166545,0.0,0.0
2025-06-04,5580.0,5595.0,5520.5,5542.0,5380.69921875,334358,0.0,0.0
2025-06-05,5542.0,5611.0,5520.5,5600.0,5437.0107421875,218004,0.0,0.0
2025-06-06,5606.5,5645.5,5555.0,5607.5,5444.29248046875,152475,0.0,0.0
2025-06-09,5639.0,5721.0,5588.5,5697.0,5531.1875,174499,0.0,0.0
2025-06-10,5731.0,5731.0,5657.0,5667.0,5502.06103515625,456712,0.0,0.0
2025-06-11,5660.0,5700.0,5634.0,5650.0,5485.55615234375,138866,0.0,0.0
2025-06-12,5698.0,5698.0,5560.0,5569.5,5407.3984375,305696,0.0,0.0
2025-06-13,5509.0,5593.5,5425.0,5570.0,5407.88427734375,324985,0.0,0.0
2025-06-16,5552.0,5572.0,5514.5,5560.5,5398.66064453125,239006,0.0,0.0
2025-06-17,5550.0,5597.0,5530.0,5568.5,5406.42822265625,277917,0.0,0.0
2025-06-18,5575.0,5619.5,5545.0,5572.5,5410.3115234375,220971,0.0,0.0
2025-06-19,5587.0,5609.5,5522.5,5558.0,5396.2333984375,114523,0.0,0.0
2025-06-20,5564.0,5600.0,5511.0,5587.0,5424.3896484375,395396,0.0,0.0
2025-06-23,5551.0,5589.0,5450.5,5569.5,5407.3984375,221233,0.0,0.0
2025-06-24,5600.0,5638.0,5555.5,5617.0,5453.51611328125,183157,0.0,0.0
2025-06-25,5630.0,5734.5,5610.5,5708.0,5541.86767578125,282474,0.0,0.0
2025-06-26,5725.0,5840.0,5710.0,5828.0,5658.375,456290,0.0,0.0
2025-06-27,5849.0,5849.0,5748.0,5794.5,5625.849609375,350140,0.0,0.0
2025-06-30,5800.0,5860.0,5761.0,5851.0,5680.70556640625,257865,0.0,0.0
2025-07-01,5865.0,5869.5,5721.0,5743.5,5576.33447265625,178343,0.0,0.0
2025-07-02,5747.5,5832.5,5677.5,5790.0,5621.48095703125,300622,0.0,0.0
2025-07-03,5799.5,5887.5,5781.0,5794.5,5625.849609375,224236,0.0,0.0
2025-07-04,5819.5,5844.0,5756.5,5771.5,5603.51953125,145106,0.0,0.0
2025-07-07,5800.0,5899.5,5788.0,5884.0,5712.7451171875,259829,0.0,0.0
2025-07-08,5890.0,5922.0,5811.5,5839.0,5669.05517578125,423998,0.0,0.0
2025-07-09,5858.0,5900.0,5813.5,5882.0,5710.80322265625,232000,0.0,0.0
2025-07-10,5905.0,5930.5,5850.5,5878.0,5706.91943359375,191446,0.0,0.0
2025-07-11,5878.0,5904.5,5717.0,5758.5,5590.89794921875,175941,0.0,0.0
2025-07-14,5767.0,5808.5,5744.0,5778.0,5609.83056640625,218865,0.0,0.0
2025-07-15,5800.0,5820.0,5762.0,5785.5,5617.1123046875,164143,0.0,0.0
2025-07-16,5785.5,5829.0,5736.0,5786.5,5618.08251953125,261589,0.0,0.0
2025-07-17,5792.5,5860.0,5785.5,5807.5,5638.4716796875,196555,0.0,0.0
2025-07-18,5807.5,5820.0,5726.0,5735.5,5568.56689453125,196043,0.0,0.0
2025-07-21,5735.0,5741.0,5669.0,5681.5,5516.13916015625,329167,0.0,0.0
2025-07-22,5695.5,5738.5,5634.0,5708.5,5542.35302734375,235846,0.0,0.0
2025-07-23,5737.0,5757.0,5670.0,5719.5,5553.03271484375,246735,0.0,0.0
2025-07-24,5724.5,5751.5,5651.5,5673.0,5507.88623046875,229097,0.0,0.0
2025-07-25,5673.0,5698.0,5570.0,5594.0,5431.185546875,233003,0.0,0.0
2025-07-28,5596.5,5669.0,5571.0,5624.5,5460.7978515625,173142,0.0,0.0
2025-07-29,5601.5,5655.0,5572.0,5626.0,5462.25390625,363002,0.0,0.0
2025-07-30,5627.0,5758.5,5627.0,5747.0,5579.732421875,176798,0.0,0.0
2025-07-31,5746.0,5825.0,5719.5,5771.0,5603.0341796875,344973,0.0,0.0
2025-08-01,5799.5,5899.0,5776.5,5798.0,5629.24853515625,244870,0.0,0.0
2025-08-04,5752.5,5802.0,5714.0,5787.0,5692.19970703125,189672,75.0,0.0
2025-08-05,5795.0,5795.0,5610.5,5635.5,5543.181640625,380387,0.0,0.0
2025-08-06,5599.5,5625.0,5371.0,5402.5,5313.99853515625,1123534,0.0,0.0
2025-08-07,5380.5,5560.0,5380.5,5476.5,5386.78662109375,795974,0.0,0.0
2025-08-08,5479.5,5503.0,5380.0,5387.0,5298.75244140625,551451,0.0,0.0
2025-08-11,5361.0,5400.0,5310.5,5381.5,5293.3427734375,598841,0.0,0.0
2025-08-12,5390.5,5390.5,5317.5,5338.0,5250.55517578125,323204,0.0,0.0
2025-08-13,5363.5,5393.0,5299.0,5375.5,5287.44091796875,388683,0.0,0.0
2025-08-14,5395.0,5398.5,5298.0,5302.5,5215.63671875,215308,0.0,0.0
2025-08-18,5400.0,5667.0,5400.0,5439.0,5349.90087890625,509058,0.0,0.0
2025-08-19,5446.0,5513.0,5399.0,5499.0,5408.91796875,153026,0.0,0.0
2025-08-20,5482.0,5734.5,5475.5,5701.0,5607.60888671875,453573,0.0,0.0
2025-08-21,5701.0,5711.5,5586.0,5597.5,5505.80419921875,273141,0.0,0.0
2025-08-22,5622.0,5667.5,5525.5,5545.5,5454.65625,269981,0.0,0.0
2025-08-25,5565.5,5608.5,5545.0,5550.5,5459.57421875,145718,0.0,0.0
2025-08-26,5574.5,5794.5,5574.5,5765.5,5671.05224609375,1307463,0.0,0.0
2025-08-28,5765.5,5780.0,5702.5,5721.0,5627.28125,379247,0.0,0.0
2025-08-29,5671.0,5893.5,5671.0,5824.0,5728.59375,699161,0.0,0.0
2025-09-01,5838.5,5873.0,5779.0,5846.5,5750.72509765625,210421,0.0,0.0
2025-09-02,5840.0,5920.5,5823.0,5891.5,5794.98779296875,492611,0.0,0.0
2025-09-03,5891.0,5928.5,5865.0,5908.0,5811.2177734375,399664,0.0,0.0
2025-09-04,6201.0,6336.0,6053.5,6083.0,5983.35107421875,1385580,0.0,0.0
2025-09-05,6066.0,6104.5,5998.5,6076.0,5976.4658203125,352302,0.0,0.0
2025-09-08,6117.5,6178.0,6065.0,6115.5,6015.318359375,250083,0.0,0.0
2025-09-09,6116.0,6165.0,6088.0,6142.5,6041.87646484375,216456,0.0,0.0
2025-09-10,6144.5,6238.5,6117.0,6199.0,6097.45068359375,346491,0.0,0.0
2025-09-11,6180.0,6319.5,6150.0,6300.5,6197.2880859375,406083,0.0,0.0
2025-09-12,6276.0,6285.5,6207.0,6247.0,6144.66455078125,212051,0.0,0.0
2025-09-15,6250.0,6270.0,6202.5,6212.0,6110.23779296875,166253,0.0,0.0
2025-09-16,6219.5,6225.0,6180.0,6202.5,6100.8935546875,261236,0.0,0.0
2025-09-17,6202.5,6205.0,6035.0,6097.5,5997.61328125,713445,0.0,0.0
2025-09-18,6105.0,6129.0,6062.0,6100.5,6000.564453125,267540,0.0,0.0
2025-09-19,6105.5,6110.0,6048.0,6069.5,5970.072265625,345995,0.0,0.0
2025-09-22,6075.0,6108.0,6025.0,6056.5,5957.28515625,394394,0.0,0.0
2025-09-23,6066.5,6069.5,5927.0,5934.0,5836.7919921875,333112,0.0,0.0
2025-09-24,5935.0,6050.0,5905.5,5970.5,5872.69384765625,360372,0.0,0.0
2025-09-25,5970.5,6036.0,5939.5,5953.5,5855.97216796875,374676,0.0,0.0
2025-09-26,5955.0,5980.5,5900.0,5920.5,5823.51318359375,189383,0.0,0.0
2025-09-29,5900.0,5990.0,5841.0,5929.0,5831.87353515625,259852,0.0,0.0
2025-09-30,5953.0,6031.0,5917.5,5991.0,5892.85791015625,298070,0.0,0.0
2025-10-01,5960.5,6018.0,5904.0,5966.5,5868.75927734375,324111,0.0,0.0
2025-10-03,5965.0,6014.0,5931.5,5992.5,5894.33349609375,268735,0.0,0.0
2025-10-06,6015.5,6034.0,5957.5,6011.0,5912.5302734375,197199,0.0,0.0
2025-10-07,6012.0,6036.0,5867.0,5887.0,5790.5615234375,240923,0.0,0.0
2025-10-08,5855.0,5902.0,5801.5,5836.0,5740.39697265625,239639,0.0,0.0
2025-10-09,5836.0,5893.0,5795.5,5876.0,5779.74169921875,231585,0.0,0.0
2025-10-10,5874.5,5920.0,5858.5,5871.5,5775.3154296875,228395,0.0,0.0
2025-10-13,5871.5,5953.0,5848.0,5862.0,5765.97119140625,238217,0.0,0.0
2025-10-14,5869.0,5885.0,5794.0,5800.5,5705.478515625,176227,0.0,0.0
2025-10-15,5815.0,5880.5,5782.0,5857.5,5761.544921875,221062,0.0,0.0
2025-10-16,5876.0,6040.5,5858.0,6025.5,5926.79296875,364305,0.0,0.0
2025-10-17,6037.0,6149.0,5994.0,6083.0,5983.35107421875,392965,0.0,0.0
2025-10-20,6124.0,6148.0,6062.5,6070.0,5970.56396484375,181283,0.0,0.0
2025-10-21,6108.0,6108.0,6050.0,6075.0,5975.48193359375,9159,0.0,0.0
2025-10-23,6075.0,6145.0,6049.0,6068.0,5968.5966796875,255605,0.0,0.0
2025-10-24,6068.0,6069.5,5987.0,6053.0,5953.84228515625,82081,0.0,0.0
2025-10-27,6053.0,6053.0,5811.5,5912.0,5815.15234375,433152,0.0,0.0
2025-10-28,5939.0,5939.0,5806.5,5861.0,5764.98779296875,392984,0.0,0.0
2025-10-29,5894.0,5906.0,5840.0,5852.5,5756.626953125,119742,0.0,0.0
2025-10-30,5850.0,5869.5,5792.0,5859.5,5763.51220703125,258697,0.0,0.0
2025-10-31,5878.0,5905.0,5825.0,5836.5,5740.88916015625,264794,0.0,0.0
2025-11-03,5834.0,5899.5,5775.0,5820.5,5725.15087890625,279737,0.0,0.0
2025-11-04,5820.5,5920.0,5805.0,5892.5,5795.9716796875,363441,0.0,0.0
2025-11-06,6186.0,6191.5,5993.5,6013.5,5914.9892578125,1038063,0.0,0.0
2025-11-07,5970.0,6169.5,5913.5,6157.5,6056.63037109375,715809,0.0,0.0
2025-11-10,6190.0,6261.5,6121.5,6133.5,6033.02392578125,395489,0.0,0.0
2025-11-11,5950.0,5965.0,5723.0,5950.5,5853.021484375,2154927,0.0,0.0
2025-11-12,5950.5,5970.0,5841.0,5880.0,5783.67626953125,609987,0.0,0.0
2025-11-13,5902.0,5918.0,5835.5,5851.5,5755.64306640625,361321,0.0,0.0
2025-11-14,5851.0,5851.0,5750.0,5803.5,5708.4296875,415356,0.0,0.0
2025-11-17,5803.5,5850.0,5782.0,5830.5,5734.9873046875,332821,0.0,0.0
2025-11-18,5818.0,5862.0,5805.5,5840.0,5744.33154296875,262201,0.0,0.0
2025-11-19,5850.0,5882.5,5804.5,5874.5,5778.2666015625,280409,0.0,0.0
2025-11-20,5882.0,5900.0,5763.5,5819.0,5723.67578125,641980,0.0,0.0
2025-11-21,5816.0,5855.0,5764.5,5813.0,5717.77392578125,320317,0.0,0.0
2025-11-24,5815.0,5849.0,5785.0,5815.5,5720.23291015625,696665,0.0,0.0
2025-11-25,5815.5,5878.0,5790.0,5867.0,5770.88916015625,309271,0.0,0.0
2025-11-26,5865.0,5904.5,5843.0,5880.5,5784.16845703125,157291,0.0,0.0
2025-11-27,5890.5,5900.0,5815.5,5826.5,5731.052734375,156675,0.0,0.0
2025-11-28,5826.5,5852.0,5795.0,5846.0,5750.2333984375,220417,0.0,0.0
2025-12-01,5825.0,5856.0,5800.0,5813.5,5718.265625,199275,0.0,0.0
2025-12-02,5792.0,5894.0,5792.0,5875.5,5779.25,290994,0.0,0.0
2025-12-03,5908.0,5908.0,5812.0,5824.5,5729.08544921875,308053,0.0,0.0
2025-12-04,5840.0,5882.5,5824.5,5876.5,5780.23388671875,239085,0.0,0.0
2025-12-05,5855.0,5974.0,5838.5,5961.0,5863.349609375,244408,0.0,0.0
2025-12-08,5961.0,5985.0,5825.0,5847.5,5751.708984375,185407,0.0,0.0
2025-12-09,5850.0,5893.0,5780.0,5884.0,5787.61083984375,174714,0.0,0.0
2025-12-10,5904.0,5966.0,5812.0,5828.5,5733.02001953125,329466,0.0,0.0
2025-12-11,5840.0,5895.0,5813.0,5847.0,5751.216796875,115481,0.0,0.0
2025-12-12,5848.0,5925.5,5830.0,5915.5,5818.5947265625,202721,0.0,0.0
2025-12-15,5915.5,6055.0,5857.0,6038.0,5939.087890625,244119,0.0,0.0
2025-12-16,6059.5,6145.0,6032.0,6066.0,5966.62939453125,284337,0.0,0.0
2025-12-17,6060.0,6116.0,6051.0,6096.0,5996.13818359375,298257,0.0,0.0
2025-12-18,6132.0,6134.5,6012.5,6040.5,5941.54736328125,199067,0.0,0.0
2025-12-19,6020.0,6116.0,5992.5,6103.0,6003.0234375,179450,0.0,0.0
2025-12-22,6102.5,6102.5,6066.0,6083.0,5983.35107421875,206588,0.0,0.0
2025-12-23,6083.0,6119.0,6030.0,6061.0,5961.71142578125,216840,0.0,0.0
2025-12-24,6065.0,6078.0,6004.0,6030.0,5931.21923828125,97580,0.0,0.0
2025-12-26,6006.5,6069.5,6002.0,6032.5,5933.67822265625,65992,0.0,0.0
2025-12-29,6039.0,6065.5,6005.0,6041.5,5942.53076171875,103209,0.0,0.0
2025-12-30,6045.0,6045.5,5980.0,6013.0,5914.49755859375,205456,0.0,0.0
2025-12-31,6013.0,6070.0,5995.0,6031.0,5932.20263671875,179577,0.0,0.0
2026-01-01,6031.0,6063.0,5992.0,6009.5,5911.05517578125,138484,0.0,0.0
2026-01-02,6009.5,6033.0,5941.5,5984.5,5886.46435546875,265702,0.0,0.0
2026-01-05,5970.0,6092.0,5930.5,6026.5,5927.7763671875,468880,0.0,0.0
2026-01-06,6040.0,6142.5,5948.5,6129.5,6029.08935546875,300112,0.0,0.0
2026-01-07,6200.0,6271.0,6157.5,6185.0,6083.68017578125,437361,0.0,0.0
2026-01-08,6155.0,6158.5,5945.5,6033.5,5934.66162109375,641813,0.0,0.0
2026-01-09,6033.5,6106.5,5930.0,5977.5,5879.5791015625,139764,0.0,0.0
2026-01-12,5977.5,6000.5,5905.0,5943.5,5846.13623046875,228799,0.0,0.0
2026-01-13,5930.0,5970.0,5896.0,5918.0,5821.0537109375,327794,0.0,0.0
2026-01-14,5893.5,5945.5,5868.0,5906.5,5809.7421875,307200,0.0,0.0
2026-01-16,5875.0,5944.0,5862.0,5898.5,5801.87353515625,453904,0.0,0.0
2026-01-19,5898.5,5970.0,5879.0,5943.5,5846.13623046875,145915,0.0,0.0
2026-01-20,5943.5,5994.5,5862.0,5884.0,5787.61083984375,350070,0.0,0.0
2026-01-21,5870.0,5899.0,5787.0,5802.5,5707.44580078125,662863,0.0,0.0
2026-01-22,5850.0,5975.0,5819.0,5932.0,5834.82470703125,435081,0.0,0.0
2026-01-23,5950.0,5964.0,5813.5,5835.0,5739.41357421875,142248,0.0,0.0
2026-01-27,5839.0,5925.0,5805.0,5886.0,5789.578125,1044402,0.0,0.0
2026-01-28,5924.0,5924.0,5680.0,5748.5,5654.33056640625,442618,0.0,0.0
2026-01-29,5711.5,5733.0,5693.0,5723.0,5629.24853515625,343244,0.0,0.0
2026-01-30,5723.0,5887.5,5710.5,5860.5,5764.49609375,806045,0.0,0.0
2026-02-02,5733.0,5899.0,5697.5,5888.5,5792.037109375,279213,0.0,0.0
2026-02-03,5920.0,5975.5,5821.0,5882.0,5785.6435546875,349825,0.0,0.0
2026-02-04,5899.5,5965.0,5855.0,5879.0,5782.69287109375,160343,0.0,0.0
2026-02-05,5855.0,5946.5,5844.5,5870.5,5774.33203125,275290,0.0,0.0
2026-02-06,5870.0,5917.0,5805.0,5911.0,5814.16845703125,186858,0.0,0.0
2026-02-09,5900.5,5915.5,5792.5,5843.0,5747.28271484375,331118,0.0,0.0
2026-02-10,5874.0,5893.5,5847.0,5873.5,5777.28271484375,276901,0.0,0.0
2026-02-11,6000.0,6156.0,5973.5,6019.0,5920.3994140625,771051,0.0,0.0
2026-02-12,6057.0,6148.0,6020.0,6102.0,6002.03955078125,455997,0.0,0.0
2026-02-13,6080.0,6098.5,5968.0,5980.5,5882.5302734375,159821,0.0,0.0
2026-02-16,5980.0,6134.0,5964.5,6106.0,6005.97412109375,255274,0.0,0.0
2026-02-17,6106.0,6154.5,6066.5,6145.5,6044.8271484375,164220,0.0,0.0
2026-02-18,6161.0,6190.0,6116.0,6176.0,6074.82763671875,193569,0.0,0.0
2026-02-19,6170.0,6198.0,6093.5,6108.5,6008.43310546875,127940,0.0,0.0
2026-02-20,6109.0,6137.5,6066.5,6098.5,5998.59716796875,388361,0.0,0.0
2026-02-23,6136.0,6150.0,6042.0,6122.5,6022.2041015625,225252,0.0,0.0
2026-02-24,6083.0,6173.5,6065.5,6162.5,6061.548828125,193510,0.0,0.0
2026-02-25,6170.0,6208.5,6140.0,6158.0,6057.12255859375,253773,0.0,0.0
2026-02-26,6158.0,6187.0,6070.0,6137.0,6036.46630859375,245317,0.0,0.0
2026-02-27,6135.5,6142.5,5975.0,6002.5,5904.16943359375,350612,0.0,0.0
2026-03-02,5866.0,6001.0,5866.0,5959.0,5861.38232421875,185417,0.0,0.0
2026-03-04,5901.5,5924.0,5845.5,5889.5,5793.02099609375,293377,0.0,0.0
2026-03-05,5899.0,5997.5,5851.0,5963.0,5865.31689453125,211179,0.0,0.0
2026-03-06,5948.0,6013.0,5926.5,5983.0,5884.9892578125,348722,0.0,0.0
2026-03-09,5930.0,5932.5,5815.5,5890.0,5793.5126953125,245594,0.0,0.0
2026-03-10,5911.0,5995.0,5911.0,5968.0,5870.23486328125,283327,0.0,0.0
2026-03-11,5981.0,5995.0,5900.0,5921.5,5824.49658203125,298621,0.0,0.0
2026-03-12,5910.0,5910.0,5713.0,5787.0,5692.19970703125,996754,0.0,0.0
2026-03-13,5750.0,5881.0,5727.0,5808.5,5713.34765625,738522,0.0,0.0
2026-03-16,5808.5,5872.5,5764.5,5842.0,5746.298828125,350827,0.0,0.0
2026-03-17,5849.0,5868.5,5801.5,5857.5,5761.544921875,260165,0.0,0.0
2026-03-18,5860.5,5914.0,5842.0,5885.0,5788.5947265625,301564,0.0,0.0
2026-03-19,5799.0,5852.0,5642.5,5673.5,5580.55908203125,234382,0.0,0.0
2026-03-20,5735.0,5749.5,5592.0,5618.5,5526.4599609375,462806,0.0,0.0
2026-03-23,5590.0,5590.5,5475.5,5490.0,5400.0654296875,316325,0.0,0.0
2026-03-24,5590.0,5600.0,5404.5,5513.5,5423.18017578125,542905,0.0,0.0
2026-03-25,5536.5,5737.5,5536.5,5647.0,5554.4931640625,342559,0.0,0.0
2026-03-27,5600.0,5627.0,5483.0,5500.0,5409.9013671875,378825,0.0,0.0
2026-03-30,5480.0,5533.0,5364.5,5423.0,5334.16259765625,783793,0.0,0.0
2026-04-01,5520.0,5538.0,5433.5,5474.0,5384.3271484375,252740,0.0,0.0
2026-04-02,5460.0,5471.0,5351.5,5442.0,5352.8515625,444248,0.0,0.0
2026-04-06,5420.0,5548.0,5402.0,5535.0,5444.328125,228390,0.0,0.0
2026-04-07,5493.0,5552.5,5384.0,5542.0,5451.21337890625,204113,0.0,0.0
2026-04-08,5698.5,5698.5,5556.0,5594.5,5502.853515625,482250,0.0,0.0
2026-04-09,5620.0,5659.5,5430.5,5475.0,5385.31103515625,624921,0.0,0.0
2026-04-10,5500.0,5570.0,5405.0,5557.5,5466.45947265625,339513,0.0,0.0
2026-04-13,5526.5,5613.0,5444.0,5589.0,5497.443359375,350782,0.0,0.0
2026-04-15,5670.0,5724.0,5600.5,5654.5,5561.87060546875,542939,0.0,0.0
2026-04-16,5640.0,5705.5,5534.5,5586.0,5494.49267578125,455115,0.0,0.0
2026-04-17,5601.5,5750.0,5568.5,5735.5,5641.54345703125,345936,0.0,0.0
2026-04-20,5736.0,5762.5,5640.5,5700.0,5606.625,610941,0.0,0.0
2026-04-21,5715.0,5864.5,5685.0,5837.5,5741.87255859375,270416,0.0,0.0
2026-04-22,5874.0,5924.0,5716.5,5729.5,5635.6416015625,550506,0.0,0.0
2026-04-23,5724.0,5728.0,5640.5,5671.5,5578.591796875,408915,0.0,0.0
2026-04-24,5707.5,5753.5,5665.5,5730.5,5636.62548828125,470926,0.0,0.0
2026-04-27,5750.0,5804.0,5689.0,5717.5,5623.83837890625,658091,0.0,0.0
2026-04-28,5723.0,5735.0,5641.0,5662.0,5569.24755859375,249233,0.0,0.0
2026-04-29,5674.0,5734.5,5665.0,5709.0,5615.4775390625,363567,0.0,0.0
2026-04-30,5720.0,5752.0,5644.0,5726.0,5632.19921875,269033,0.0,0.0
2026-05-04,5730.0,5821.5,5715.0,5792.5,5697.60986328125,328011,0.0,0.0
2026-05-05,5775.0,5842.5,5734.5,5834.5,5738.921875,710839,0.0,0.0
2026-05-06,5878.0,5880.0,5764.0,5783.0,5688.265625,438886,0.0,0.0
2026-05-07,5798.0,5891.5,5733.5,5814.0,5718.7578125,490345,0.0,0.0
2026-05-08,5634.0,5654.0,5503.0,5520.0,5429.57373046875,3173832,0.0,0.0
2026-05-11,5505.5,5508.0,5395.0,5410.5,5321.86767578125,668220,0.0,0.0
2026-05-12,5403.5,5425.0,5315.0,5334.0,5246.62060546875,655043,0.0,0.0
2026-05-13,5345.0,5383.5,5279.5,5336.0,5248.587890625,405228,0.0,0.0
2026-05-14,5343.5,5397.0,5310.0,5372.5,5284.490234375,340218,0.0,0.0
2026-05-15,5372.5,5420.0,5365.0,5406.0,5317.44140625,151714,0.0,0.0
2026-05-18,5385.5,5399.0,5289.5,5380.5,5292.35888671875,374914,0.0,0.0
2026-05-19,5375.0,5470.5,5375.0,5416.5,5327.76904296875,271643,0.0,0.0
2026-05-20,5380.0,5390.5,5321.5,5344.5,5256.94873046875,462006,0.0,0.0
2026-05-21,5361.5,5373.0,5292.0,5333.0,5245.63720703125,485793,0.0,0.0
2026-05-22,5341.0,5358.5,5298.0,5331.5,5244.16162109375,498183,0.0,0.0
2026-05-25,5370.0,5370.0,5309.5,5327.0,5239.7353515625,284971,0.0,0.0
2026-05-26,5356.0,5356.0,5311.0,5338.0,5250.55517578125,193734,0.0,0.0
2026-05-27,5330.0,5352.5,5301.0,5335.5,5248.09619140625,195454,0.0,0.0
2026-05-29,5335.5,5350.0,5164.5,5204.5,5119.2421875,1697949,0.0,0.0
2026-06-01,5208.0,5230.0,5122.0,5157.5,5073.01220703125,341856,0.0,0.0
2026-06-02,5120.5,5148.0,5075.0,5117.0,5033.17578125,458858,0.0,0.0
2026-06-03,5130.0,5142.5,5050.0,5064.0,4981.0439453125,334445,0.0,0.0
2026-06-04,5051.5,5119.5,5035.0,5090.0,5006.61767578125,300651,0.0,0.0
2026-06-05,5095.0,5135.0,5071.0,5120.5,5036.6181640625,159398,0.0,0.0
2026-06-08,5094.0,5103.5,5036.5,5078.5,4995.30615234375,247859,0.0,0.0
2026-06-09,5079.5,5125.0,5063.5,5107.5,5023.8310546875,277222,0.0,0.0
2026-06-10,5110.0,5232.0,5103.5,5171.0,5086.291015625,322498,0.0,0.0
2026-06-11,5160.0,5190.5,5096.5,5113.0,5029.2412109375,295275,0.0,0.0
2026-06-12,5128.5,5178.5,5115.0,5165.5,5080.880859375,242017,0.0,0.0
2026-06-15,5250.0,5258.0,5180.0,5199.5,5114.32421875,226798,0.0,0.0
2026-06-16,5199.5,5232.5,5169.5,5217.5,5132.029296875,195644,0.0,0.0
2026-06-17,5220.0,5239.0,5191.0,5232.0,5146.29150390625,270826,0.0,0.0
2026-06-18,5230.5,5250.0,5192.5,5245.0,5159.07861328125,391567,0.0,0.0
2026-06-19,5211.0,5240.0,5180.0,5195.0,5109.89794921875,273184,0.0,0.0
2026-06-22,5205.0,5230.0,5186.5,5217.5,5132.029296875,261961,0.0,0.0
2026-06-23,5217.5,5275.5,5196.0,5241.0,5155.14404296875,220646,0.0,0.0
2026-06-24,5219.5,5291.0,5217.0,5262.5,5176.2919921875,286835,0.0,0.0
2026-06-25,5262.5,5298.5,5207.0,5237.0,5151.2099609375,193478,0.0,0.0
2026-06-29,5233.0,5244.0,5085.0,5102.0,5018.42138671875,472081,0.0,0.0
2026-06-30,5112.0,5176.0,5075.5,5146.5,5062.1923828125,326609,0.0,0.0
2026-07-01,5146.5,5276.0,5115.0,5262.0,5175.80029296875,475937,0.0,0.0
2026-07-02,5287.0,5393.0,5262.0,5374.0,5285.96533203125,374142,0.0,0.0
2026-07-03,5409.5,5448.0,5368.0,5379.0,5290.8837890625,226125,0.0,0.0
2026-07-06,5379.0,5464.0,5366.0,5454.5,5365.14697265625,180876,0.0,0.0
2026-07-07,5454.0,5483.5,5418.5,5447.0,5357.76953125,109487,0.0,0.0
2026-07-08,5410.0,5470.0,5276.0,5315.5,5228.423828125,233635,0.0,0.0
2026-07-09,5326.0,5388.5,5326.0,5361.5,5273.67041015625,174108,0.0,0.0
2026-07-10,5390.0,5405.0,5323.0,5353.0,5265.3095703125,143224,0.0,0.0
2026-07-13,5335.5,5368.5,5290.5,5348.5,5260.88330078125,132632,0.0,0.0
2026-07-14,5244.0,5347.5,5235.5,5283.5,5196.9482421875,326899,0.0,0.0
2026-07-15,5311.5,5345.0,5274.0,5315.5,5228.423828125,208524,0.0,0.0
2026-07-16,5311.0,5367.0,5294.0,5310.5,5223.505859375,219782,0.0,0.0
2026-07-17,5312.0,5418.0,5299.0,5412.5,5323.8349609375,199477,0.0,0.0
2026-07-20,5412.5,5485.5,5391.5,5470.0,5380.39306640625,227434,0.0,0.0
2026-07-21,5466.0,5497.0,5435.0,5482.0,5392.1962890625,158603,0.0,0.0
2026-07-22,5478.5,5529.0,5443.5,5485.5,5395.63916015625,156506,0.0,0.0
2026-07-23,5475.0,5524.0,5365.5,5388.0,5299.736328125,284275,0.0,0.0
2026-07-24,5383.0,5450.0,5316.5,5379.5,5291.37548828125,208047,0.0,0.0
2026-07-27,5399.5,5436.5,5343.0,5384.5,5296.29345703125,238867,0.0,0.0
2026-07-28,5380.0,5510.0,5380.0,5478.5,5388.75341796875,340199,0.0,0.0
2026-07-29,5499.5,5582.0,5488.5,5517.5,5427.11474609375,356551,0.0,0.0
2026-07-30,5528.0,5562.0,5482.5,5524.5,5434.0,258715,0.0,0.0
2026-07-31,5445.0,5460.0,5364.0,5416.5,5416.5,428290,90.5,0.0
2026-08-03,5422.0,5531.0,5401.0,5531.0,5531.0,201410,0.0,0.0
2026-08-04,5502.0,5503.5,5393.5,5478.0,5478.0,272040,0.0,0.0
2026-08-05,5461.0,5488.0,5406.0,5440.0,5440.0,409191,0.0,0.0
2026-08-06,5440.0,5475.0,5363.5,5404.0,5404.0,342179,0.0,0.0
2026-08-07,5502.5,5660.0,5500.0,5510.0,5510.0,1342849,0.0,0.0
2026-08-10,5512.5,5643.5,5512.5,5623.5,5623.5,327625,0.0,0.0
2026-08-11,5650.0,5652.0,5598.0,5598.0,5598.0,332689,0.0,0.0
2026-08-12,5598.0,5645.5,5560.0,5645.5,5645.5,257865,0.0,0.0
2026-08-13,5624.0,5689.5,5585.0,5615.0,5615.0,215340,0.0,0.0
2026-08-14,5614.5,5630.0,5550.0,5558.0,5558.0,246713,0.0,0.0
2026-08-17,5546.0,5588.5,5495.5,5521.0,5521.0,189361,0.0,0.0
2026-08-18,5543.5,5561.0,5490.0,5495.0,5495.0,281420,0.0,0.0
2026-08-19,5495.0,5550.0,5453.0,5453.0,5453.0,251106,0.0,0.0
2026-08-20,5454.5,5555.0,5454.5,5548.0,5548.0,200063,0.0,0.0
2026-08-21,5527.5,5533.0,5342.0,5365.0,5365.0,704494,0.0,0.0
2026-08-24,5385.0,5385.0,5285.0,5311.0,5311.0,260158,0.0,0.0
2026-08-25,5310.5,5382.5,5286.0,5382.5,5382.5,361146,0.0,0.0
2026-08-26,5370.0,5388.5,5310.0,5310.0,5310.0,119636,0.0,0.0
2026-08-27,5315.0,5360.5,5277.5,5298.0,5298.0,222346,0.0,0.0
2026-08-28,5298.0,5355.0,5276.5,5308.5,5308.5,246611,0.0,0.0
2026-08-31,5302.0,5302.0,5216.0,5250.0,5250.0,334255,0.0,0.0
2026-09-01,5230.0,5256.0,5145.5,5187.0,5187.0,235479,0.0,0.0
2026-09-02,5135.0,5172.0,5046.0,5154.0,5154.0,325672,0.0,0.0
2026-09-03,5131.5,5146.0,5079.0,5130.0,5130.0,225559,0.0,0.0
2026-09-04,5155.0,5160.5,5089.5,5101.5,5101.5,269673,0.0,0.0
2026-09-07,5126.0,5126.0,5005.5,5042.5,5042.5,307760,0.0,0.0
2026-09-08,5036.0,5091.5,5012.0,5064.0,5064.0,280231,0.0,0.0
2026-09-09,5064.0,5113.0,5023.0,5090.0,5090.0,190380,0.0,0.0
2026-09-10,5108.0,5108.0,4997.0,5009.0,5009.0,263129,0.0,0.0
