date,open,high,low,close,adj_close,volume,dividends,stock_splits
2021-01-29,86.0,86.46666717529297,82.86666870117188,83.53333282470703,66.12490844726562,33971523,0.0,0.0
2021-02-01,82.83333587646484,86.0,82.83333587646484,84.93333435058594,67.23314666748047,26058949,0.0,0.0
2021-02-02,85.93333435058594,88.13333129882812,85.83333587646484,86.46666717529297,68.44695281982422,24691153,0.0,0.0
2021-02-03,86.66666412353516,88.30000305175781,86.19999694824219,86.96666717529297,68.84273529052734,27508782,0.0,0.0
2021-02-04,87.33333587646484,90.16666412353516,86.83333587646484,87.13333129882812,68.97466278076172,36515719,0.0,0.0
2021-02-05,88.13333129882812,88.46666717529297,85.0,85.46666717529297,67.65534973144531,24708759,0.0,0.0
2021-02-08,86.5999984741211,89.53333282470703,86.0999984741211,87.5999984741211,69.34407806396484,41634937,0.0,0.0
2021-02-09,88.0,88.96666717529297,87.13333129882812,87.36666870117188,69.15937805175781,22848123,0.0,0.0
2021-02-10,88.26666259765625,89.33333587646484,87.19999694824219,89.06666564941406,70.50508880615234,43526124,0.0,0.0
2021-02-11,89.26666259765625,92.0,88.73332977294922,90.96666717529295,72.0091323852539,68614404,0.0,0.0
2021-02-12,91.3000030517578,91.5,88.23332977294922,88.5999984741211,70.13567352294922,20971080,0.0,0.0
2021-02-15,89.30000305175781,90.26666259765624,87.9000015258789,89.19999694824219,70.61064147949219,25271722,0.0,0.0
2021-02-16,89.46666717529297,90.16666412353516,88.33333587646484,88.73332977294922,70.24122619628906,22841383,0.0,0.0
2021-02-17,88.33333587646484,91.3000030517578,88.0,89.5999984741211,70.92728424072266,32423616,0.0,0.0
2021-02-18,92.63333129882812,98.53333282470705,92.0,95.4000015258789,75.51856231689453,172072992,0.0,0.0
2021-02-19,95.96666717529295,99.63333129882812,95.66666412353516,96.93333435058594,76.73233795166016,104480796,0.0,0.0
2021-02-22,96.66666412353516,97.0,94.66666412353516,95.1999969482422,75.36024475097656,30914005,0.0,0.0
2021-02-23,95.4000015258789,99.16666412353516,95.4000015258789,98.23332977294922,77.76142883300781,45379051,0.0,0.0
2021-02-24,98.36666870117188,98.73332977294922,95.26666259765624,97.63333129882812,77.28646087646484,32315163,0.0,0.0
2021-02-25,98.63333129882812,101.86666870117188,97.46666717529295,100.53333282470705,79.58209991455078,58101687,0.0,0.0
2021-02-26,99.96666717529295,99.96666717529295,93.5999984741211,94.53333282470705,74.83251953125,56187516,0.0,0.0
2021-03-01,96.06666564941406,97.0999984741211,95.0,96.33333587646484,76.25740051269531,25289113,0.0,0.0
2021-03-02,96.96666717529295,97.93333435058594,95.73332977294922,96.53333282470705,76.41570281982422,25249303,0.0,0.0
2021-03-03,97.3000030517578,98.33333587646484,96.5,97.96666717529295,77.55033874511719,24425679,0.0,0.0
2021-03-04,97.0,97.9000015258789,95.56666564941406,96.3000030517578,76.23100280761719,24878889,0.0,0.0
2021-03-05,96.23332977294922,100.0,96.23332977294922,98.0999984741211,77.6558837890625,51476011,0.0,0.0
2021-03-08,98.93333435058594,105.3000030517578,98.33333587646484,102.76666259765624,81.35000610351562,94604086,0.0,0.0
2021-03-09,103.26666259765624,103.26666259765624,98.9000015258789,99.36666870117188,78.65856170654297,30716043,0.0,0.0
2021-03-10,99.83333587646484,100.5999984741211,98.06666564941406,98.46666717529295,77.94612884521484,32017675,0.0,0.0
2021-03-12,100.33333587646484,101.63333129882812,97.0999984741211,97.9000015258789,77.49756622314453,23323801,0.0,0.0
2021-03-15,98.53333282470705,98.53333282470705,94.36666870117188,95.6999969482422,75.75603485107422,33737184,0.0,0.0
2021-03-16,96.0,97.0999984741211,94.63333129882812,95.5,75.59770965576172,22843108,0.0,0.0
2021-03-17,96.0,97.0,91.5,92.26666259765624,73.0382080078125,23420679,0.0,0.0
2021-03-18,92.73332977294922,94.53333282470705,88.26666259765625,90.06666564941406,71.29670715332031,26944941,0.0,0.0
2021-03-19,90.63333129882812,93.5,85.86666870117188,92.33333587646484,73.09099578857422,63397212,0.0,0.0
2021-03-22,93.33333587646484,93.33333587646484,90.23332977294922,91.1999969482422,73.52094268798828,25674943,1.666667,0.0
2021-03-23,91.33333587646484,92.1999969482422,89.16666412353516,89.5999984741211,72.2311019897461,21115888,0.0,0.0
2021-03-24,88.4000015258789,89.30000305175781,86.69999694824219,87.33333587646484,70.40381622314453,21688359,0.0,0.0
2021-03-25,87.36666870117188,88.5999984741211,84.96666717529297,85.33333587646484,68.7915267944336,30227956,0.0,0.0
2021-03-26,86.83333587646484,88.53333282470703,85.76666259765625,87.86666870117188,70.83377838134766,24132462,0.0,0.0
2021-03-30,89.26666259765625,91.5,87.19999694824219,88.23332977294922,71.12934875488281,107787562,0.0,0.0
2021-03-31,89.26666259765625,91.86666870117188,88.80000305175781,90.33333587646484,72.82228088378906,47196391,0.0,0.0
2021-04-01,90.83333587646484,93.96666717529295,90.13333129882812,93.43333435058594,75.32134246826172,28242048,0.0,0.0
2021-04-05,92.66666412353516,92.96666717529295,89.69999694824219,89.96666717529297,72.52668762207031,19137969,0.0,0.0
2021-04-06,91.13333129882812,91.33333587646484,89.4000015258789,89.69999694824219,72.31170654296875,13039233,0.0,0.0
2021-04-07,90.86666870117188,94.56666564941406,90.86666870117188,92.43333435058594,74.51519012451172,49814551,0.0,0.0
2021-04-08,94.0,94.0,91.83333587646484,92.36666870117188,74.4614486694336,20390359,0.0,0.0
2021-04-09,92.43333435058594,93.66666412353516,92.16666412353516,92.53333282470705,74.59580993652344,12520753,0.0,0.0
2021-04-12,89.5999984741211,90.43333435058594,87.03333282470703,88.5,71.3443374633789,23915031,0.0,0.0
2021-04-13,89.33333587646484,93.26666259765624,89.26666259765625,92.5999984741211,74.64954376220703,29176507,0.0,0.0
2021-04-15,91.0,94.36666870117188,90.96666717529295,93.73332977294922,75.56317901611328,21462112,0.0,0.0
2021-04-16,93.96666717529295,94.93333435058594,92.83333587646484,93.06666564941406,75.02574157714844,17054697,0.0,0.0
2021-04-19,90.0,91.93333435058594,89.03333282470703,90.93333435058594,73.30595397949219,17736906,0.0,0.0
2021-04-20,92.13333129882812,93.16666412353516,89.0,89.5999984741211,72.2311019897461,28390069,0.0,0.0
2021-04-22,88.66666412353516,89.46666717529297,86.96666717529297,88.66666412353516,71.47869110107422,15984199,0.0,0.0
2021-04-23,87.86666870117188,89.33333587646484,85.66666412353516,86.26666259765625,69.5439224243164,35660049,0.0,0.0
2021-04-26,87.13333129882812,88.0,86.5,86.66666412353516,69.86639404296875,9030549,0.0,0.0
2021-04-27,86.66666412353516,88.53333282470703,86.66666412353516,87.69999694824219,70.69940948486328,17735046,0.0,0.0
2021-04-28,88.33333587646484,89.33333587646484,88.0,88.9000015258789,71.66678619384766,10324981,0.0,0.0
2021-04-29,89.80000305175781,90.93333435058594,88.86666870117188,89.86666870117188,72.44608306884766,13927243,0.0,0.0
2021-04-30,88.96666717529297,94.3000030517578,88.19999694824219,91.46666717529295,73.73591613769531,32024217,0.0,0.0
2021-05-03,90.73332977294922,92.13333129882812,89.76666259765625,91.66666412353516,73.89714050292969,11181586,0.0,0.0
2021-05-04,92.33333587646484,97.0999984741211,91.56666564941406,95.83333587646484,77.25611114501953,46779609,0.0,0.0
2021-05-05,98.1999969482422,99.23332977294922,95.33333587646484,96.6999969482422,77.95476531982422,32885070,0.0,0.0
2021-05-06,97.26666259765624,101.23332977294922,97.06666564941406,100.76666259765624,81.23310852050781,39768303,0.0,0.0
2021-05-07,100.86666870117188,101.76666259765624,99.13333129882812,100.16666412353516,80.74942016601562,28393536,0.0,0.0
2021-05-10,100.16666412353516,103.66666412353516,100.16666412353516,103.03333282470705,83.06037902832031,24594211,0.0,0.0
2021-05-11,102.0,109.0,101.46666717529295,107.93333435058594,87.0105209350586,53661036,0.0,0.0
2021-05-12,108.4000015258789,110.5,105.8000030517578,107.36666870117188,86.55370330810547,39969171,0.0,0.0
2021-05-14,107.66666412353516,107.83333587646484,101.43333435058594,101.8000030517578,82.0661392211914,31277709,0.0,0.0
2021-05-17,102.66666412353516,103.1999969482422,100.23332977294922,102.0999984741211,82.30797576904297,21743668,0.0,0.0
2021-05-18,103.33333587646484,105.33333587646484,101.66666412353516,101.86666870117188,82.11988830566406,21403944,0.0,0.0
2021-05-19,101.86666870117188,103.03333282470705,100.86666870117188,101.86666870117188,82.11988830566406,13490071,0.0,0.0
2021-05-20,101.3000030517578,101.53333282470705,97.83333587646484,98.23332977294922,79.19086456298828,22357680,0.0,0.0
2021-05-21,98.4000015258789,100.3000030517578,96.86666870117188,97.16666412353516,78.33097839355469,25575448,0.0,0.0
2021-05-24,97.66666412353516,101.73332977294922,97.26666259765624,101.13333129882812,81.5287094116211,23611546,0.0,0.0
2021-05-25,102.4000015258789,103.83333587646484,101.13333129882812,103.4000015258789,83.35598754882812,39346974,0.0,0.0
2021-05-26,103.33333587646484,103.86666870117188,101.13333129882812,101.4000015258789,81.74366760253906,13011952,0.0,0.0
2021-05-27,101.5,103.33333587646484,100.36666870117188,101.86666870117188,82.11988830566406,22522069,0.0,0.0
2021-05-28,102.13333129882812,104.93333435058594,101.36666870117188,101.96666717529295,82.20049285888672,23036859,0.0,0.0
2021-05-31,102.66666412353516,107.5999984741211,102.13333129882812,106.63333129882812,85.9625244140625,72157479,0.0,0.0
2021-06-01,107.06666564941406,107.83333587646484,105.33333587646484,106.96666717529295,86.23123931884766,21191044,0.0,0.0
2021-06-02,108.26666259765624,108.96666717529295,105.0999984741211,105.9000015258789,85.3713607788086,21189259,0.0,0.0
2021-06-03,106.53333282470705,108.16666412353516,105.8000030517578,107.36666870117188,86.55370330810547,17615073,0.0,0.0
2021-06-04,107.53333282470705,109.83333587646484,106.86666870117188,108.0,87.06427001953125,20177104,0.0,0.0
2021-06-07,108.33333587646484,113.26666259765624,108.0,112.23332977294922,90.47696685791016,49836346,0.0,0.0
2021-06-08,112.13333129882812,113.1999969482422,110.0,111.86666870117188,90.18138122558594,25042431,0.0,0.0
2021-06-09,113.33333587646484,113.53333282470705,105.53333282470705,108.26666259765624,87.27922821044922,62295735,0.0,0.0
2021-06-10,109.66666412353516,110.66666412353516,107.0,109.0,87.87042236328125,35289424,0.0,0.0
2021-06-11,110.0,111.83333587646484,107.46666717529295,109.16666412353516,88.00476837158203,35738218,0.0,0.0
2021-06-14,109.5999984741211,109.73332977294922,106.73332977294922,108.76666259765624,87.68230438232422,25594012,0.0,0.0
2021-06-15,109.66666412353516,110.8000030517578,108.36666870117188,108.66666412353516,87.60169219970703,21552793,0.0,0.0
2021-06-16,108.86666870117188,110.5,107.46666717529295,107.83333587646484,86.9299087524414,18742569,0.0,0.0
2021-06-17,107.66666412353516,109.0999984741211,105.8000030517578,107.0,86.25811767578125,15169980,0.0,0.0
2021-06-18,107.5,107.96666717529295,101.73332977294922,103.36666870117188,83.32910919189453,27276078,0.0,0.0
2021-06-21,102.0,104.0999984741211,100.83333587646484,103.5,83.43659210205078,20233188,0.0,0.0
2021-06-22,104.66666412353516,105.8000030517578,103.26666259765624,103.53333282470705,83.46346282958984,11793544,0.0,0.0
2021-06-23,104.66666412353516,104.66666412353516,101.8000030517578,102.23332977294922,82.41545867919922,12285874,0.0,0.0
2021-06-24,102.5999984741211,103.3000030517578,101.16666412353516,101.5,81.82430267333984,12256840,0.0,0.0
2021-06-25,102.0,103.13333129882812,101.5,102.06666564941406,82.2811050415039,9826611,0.0,0.0
2021-06-28,103.06666564941406,103.43333435058594,101.46666717529295,102.23332977294922,82.41545867919922,10817572,0.0,0.0
2021-06-29,102.3000030517578,102.5,100.9000015258789,101.33333587646484,81.68993377685547,9614037,0.0,0.0
2021-06-30,101.36666870117188,101.6999969482422,99.5,99.76666259765624,80.42696380615234,15773007,0.0,0.0
2021-07-01,100.46666717529295,102.5,100.0,102.0,82.22736358642578,18541380,0.0,0.0
2021-07-02,102.63333129882812,102.63333129882812,100.66666412353516,100.86666870117188,81.31372833251953,11203966,0.0,0.0
2021-07-05,101.53333282470705,102.43333435058594,101.03333282470705,101.43333435058594,81.77055358886719,9413395,0.0,0.0
2021-07-06,101.8000030517578,103.4000015258789,99.1999969482422,100.23332977294922,80.80316162109375,19510194,0.0,0.0
2021-07-07,99.86666870117188,101.4000015258789,99.03333282470705,99.96666717529295,80.58819580078125,12318030,0.0,0.0
2021-07-08,99.9000015258789,100.73332977294922,98.96666717529295,99.13333129882812,79.9164047241211,12805605,0.0,0.0
2021-07-09,99.13333129882812,99.36666870117188,98.0,98.0999984741211,79.08338165283203,10268650,0.0,0.0
2021-07-12,99.0,99.46666717529295,97.66666412353516,97.83333587646484,78.86841583251953,14658186,0.0,0.0
2021-07-13,98.76666259765624,100.93333435058594,98.33333587646484,99.1999969482422,79.97013854980469,21299175,0.0,0.0
2021-07-14,98.66666412353516,99.96666717529295,98.13333129882812,98.56666564941406,79.45957946777344,9304242,0.0,0.0
2021-07-15,99.26666259765624,99.26666259765624,95.93333435058594,96.26666259765624,77.60543060302734,19727857,0.0,0.0
2021-07-16,96.66666412353516,96.8000030517578,95.33333587646484,96.53333282470705,77.8204116821289,16989651,0.0,0.0
2021-07-19,96.53333282470705,98.66666412353516,95.86666870117188,96.23332977294922,77.57855987548828,19776231,0.0,0.0
2021-07-20,96.26666259765624,96.66666412353516,93.83333587646484,94.9000015258789,76.50370025634766,13439010,0.0,0.0
2021-07-22,96.4000015258789,96.8000030517578,94.46666717529295,95.86666870117188,77.2829818725586,17509659,0.0,0.0
2021-07-23,96.0,96.66666412353516,94.66666412353516,94.93333435058594,76.53056335449219,11050608,0.0,0.0
2021-07-26,94.66666412353516,94.73332977294922,93.13333129882812,94.23332977294922,75.96626281738281,13892751,0.0,0.0
2021-07-27,94.56666564941406,94.66666412353516,92.36666870117188,92.6999969482422,74.73015594482422,13121917,0.0,0.0
2021-07-28,93.26666259765624,93.26666259765624,91.06666564941406,91.9000015258789,74.08525848388672,13732599,0.0,0.0
2021-07-29,92.5999984741211,93.06666564941406,91.3000030517578,91.66666412353516,73.89714050292969,10445511,0.0,0.0
2021-07-30,92.0,94.53333282470705,91.5,93.03333282470705,74.9988784790039,21627378,0.0,0.0
2021-08-02,93.96666717529295,95.53333282470705,92.9000015258789,95.23332977294922,76.77239990234375,11319531,0.0,0.0
2021-08-03,95.96666717529295,96.0999984741211,94.56666564941406,95.53333282470705,77.01426696777344,13360672,0.0,0.0
2021-08-04,96.16666412353516,97.46666717529295,94.56666564941406,94.93333435058594,76.53056335449219,14392776,0.0,0.0
2021-08-05,95.33333587646484,97.06666564941406,93.53333282470705,95.26666259765624,76.79927825927734,29264226,0.0,0.0
2021-08-06,98.0,102.63333129882812,96.5999984741211,99.16666412353516,79.94326782226562,95269251,0.0,0.0
2021-08-09,100.13333129882812,100.33333587646484,96.8000030517578,97.1999969482422,78.35783386230469,16898479,0.0,0.0
2021-08-10,97.26666259765624,98.76666259765624,95.86666870117188,96.56666564941406,77.84728240966797,22428588,0.0,0.0
2021-08-11,97.0,99.0,96.16666412353516,98.0999984741211,79.08338165283203,16947189,0.0,0.0
2021-08-12,98.5,100.66666412353516,97.6999969482422,100.43333435058594,80.96439361572266,23069728,0.0,0.0
2021-08-13,100.66666412353516,101.26666259765624,98.33333587646484,98.93333435058594,79.75517272949219,15121327,0.0,0.0
2021-08-16,98.96666717529295,99.5,98.33333587646484,99.0,79.80890655517578,7275816,0.0,0.0
2021-08-17,98.96666717529295,99.46666717529295,96.56666564941406,98.0,79.00274658203125,8829298,0.0,0.0
2021-08-18,98.13333129882812,98.53333282470705,96.6999969482422,97.06666564941406,78.2503433227539,6614773,0.0,0.0
2021-08-20,93.33333587646484,96.26666259765624,93.33333587646484,93.56666564941406,75.42882537841797,21531570,0.0,0.0
2021-08-23,95.06666564941406,96.06666564941406,93.33333587646484,93.86666870117188,75.67066955566406,11996193,0.0,0.0
2021-08-24,94.66666412353516,98.66666412353516,94.63333129882812,96.96666717529295,78.16973876953125,31872112,0.0,0.0
2021-08-25,97.73332977294922,98.33333587646484,96.0,96.5999984741211,77.8741455078125,11509722,0.0,0.0
2021-08-26,96.5999984741211,96.86666870117188,94.26666259765624,95.0999984741211,76.66492462158203,14629591,0.0,0.0
2021-08-27,95.53333282470705,96.8000030517578,94.66666412353516,95.66666412353516,77.12173461914062,18811386,0.0,0.0
2021-08-30,95.56666564941406,97.8000030517578,95.56666564941406,97.33333587646484,78.46533203125,18467458,0.0,0.0
2021-08-31,97.3000030517578,98.43333435058594,95.86666870117188,97.43333435058594,78.54594421386719,21014754,0.0,0.0
2021-09-01,98.0,98.83333587646484,96.33333587646484,96.53333282470705,77.8204116821289,16225903,0.0,0.0
2021-09-02,97.26666259765624,98.16666412353516,96.0999984741211,96.73332977294922,77.98162841796875,13093312,0.0,0.0
2021-09-03,97.33333587646484,99.56666564941406,96.73332977294922,98.26666259765624,79.21772766113281,21378195,0.0,0.0
2021-09-06,99.33333587646484,99.73332977294922,97.66666412353516,97.93333435058594,78.94902038574219,11086869,0.0,0.0
2021-09-07,97.93333435058594,98.4000015258789,96.0,96.13333129882812,77.4979476928711,9302749,0.0,0.0
2021-09-08,96.66666412353516,97.66666412353516,96.0,96.73332977294922,77.98162841796875,12718144,0.0,0.0
2021-09-09,96.63333129882812,99.16666412353516,96.33333587646484,96.76666259765624,78.00850677490234,18027484,0.0,0.0
2021-09-13,97.3000030517578,97.53333282470705,96.3000030517578,97.26666259765624,78.41156768798828,10928922,0.0,0.0
2021-09-14,98.13333129882812,104.43333435058594,98.13333129882812,104.0,83.83966827392578,54475924,0.0,0.0
2021-09-15,104.0,106.5,103.53333282470705,104.76666259765624,84.45771789550781,29863693,0.0,0.0
2021-09-16,104.66666412353516,105.46666717529295,104.0,104.76666259765624,84.45771789550781,17459850,0.0,0.0
2021-09-17,104.56666564941406,106.23332977294922,102.16666412353516,102.73332977294922,82.81854248046875,28818694,0.0,0.0
2021-09-20,101.33333587646484,103.06666564941406,99.03333282470705,99.86666870117188,80.5075912475586,8997673,0.0,0.0
2021-09-21,99.86666870117188,101.33333587646484,96.66666412353516,100.0,80.61505126953125,12995049,0.0,0.0
2021-09-22,100.5999984741211,101.43333435058594,99.5999984741211,100.0,80.61505126953125,17163750,0.0,0.0
2021-09-23,101.36666870117188,103.76666259765624,100.76666259765624,101.93333435058594,82.17361450195312,22708315,0.0,0.0
2021-09-24,102.66666412353516,103.1999969482422,99.03333282470705,101.73332977294922,82.01239776611328,23447479,0.0,0.0
2021-09-27,103.33333587646484,104.66666412353516,101.33333587646484,103.0,83.03350067138672,31471288,0.0,0.0
2021-09-28,102.83333587646484,107.5999984741211,102.03333282470705,106.33333587646484,85.7206802368164,49434681,0.0,0.0
2021-09-29,105.3000030517578,107.66666412353516,102.83333587646484,104.1999969482422,84.00090026855469,32460355,0.0,0.0
2021-09-30,105.96666717529295,106.53333282470705,103.4000015258789,105.9000015258789,85.3713607788086,31218057,0.0,0.0
2021-10-01,106.8000030517578,110.8000030517578,105.03333282470705,108.76666259765624,87.68230438232422,68705115,0.0,0.0
2021-10-04,109.5999984741211,109.86666870117188,107.33333587646484,107.6999969482422,86.82242584228516,13440394,0.0,0.0
2021-10-05,107.73332977294922,112.26666259765624,107.6999969482422,109.8000030517578,88.51535034179688,37808565,0.0,0.0
2021-10-06,110.0,114.1999969482422,109.33333587646484,110.93333435058594,89.42897033691406,54857979,0.0,0.0
2021-10-07,112.03333282470705,112.33333587646484,105.93333435058594,106.43333435058594,85.8012924194336,28643079,0.0,0.0
2021-10-08,107.53333282470705,108.5999984741211,105.0999984741211,105.43333435058594,84.99514770507812,17590875,0.0,0.0
2021-10-11,105.93333435058594,107.13333129882812,105.66666412353516,105.83333587646484,85.31761932373047,9531361,0.0,0.0
2021-10-12,105.96666717529295,106.36666870117188,104.6999969482422,105.3000030517578,84.88766479492188,18012067,0.0,0.0
2021-10-13,105.53333282470705,107.33333587646484,105.4000015258789,106.0,85.45196533203125,14951839,0.0,0.0
2021-10-14,106.66666412353516,109.13333129882812,106.33333587646484,106.6999969482422,86.01626586914062,23311758,0.0,0.0
2021-10-18,107.33333587646484,109.1999969482422,107.23332977294922,107.56666564941406,86.71493530273438,25302591,0.0,0.0
2021-10-19,107.86666870117188,108.4000015258789,103.23332977294922,103.83333587646484,83.705322265625,11178493,0.0,0.0
2021-10-20,103.33333587646484,103.46666717529295,100.13333129882812,101.06666564941406,81.4749526977539,12791211,0.0,0.0
2021-10-21,102.06666564941406,103.26666259765624,99.06666564941406,99.8000030517578,80.45384216308594,25111639,0.0,0.0
2021-10-22,101.66666412353516,102.5999984741211,99.16666412353516,100.33333587646484,80.88378143310547,13604868,0.0,0.0
2021-10-25,101.03333282470705,101.23332977294922,97.4000015258789,98.83333587646484,79.67455291748047,10413771,0.0,0.0
2021-10-26,99.23332977294922,101.66666412353516,99.23332977294922,101.33333587646484,81.68993377685547,11325540,0.0,0.0
2021-10-27,101.43333435058594,102.3000030517578,99.56666564941406,99.83333587646484,80.480712890625,17954121,0.0,0.0
2021-10-28,100.33333587646484,100.66666412353516,97.46666717529295,98.3000030517578,79.2446060180664,14810112,0.0,0.0
2021-10-29,97.76666259765624,104.16666412353516,97.0,99.23332977294922,79.99701690673828,42520734,0.0,0.0
2021-11-01,101.66666412353516,103.1999969482422,99.33333587646484,100.13333129882812,80.7225570678711,24821902,0.0,0.0
2021-11-02,100.46666717529295,103.16666412353516,100.23332977294922,100.63333129882812,81.12561798095703,22232334,0.0,0.0
2021-11-03,101.23332977294922,103.0,100.0,100.36666870117188,80.91063690185547,23762697,0.0,0.0
2021-11-04,100.86666870117188,101.33333587646484,100.66666412353516,101.0,81.42120361328125,1334935,0.0,0.0
2021-11-08,101.66666412353516,102.0999984741211,100.4000015258789,101.26666259765624,81.63618469238281,27469462,0.0,0.0
2021-11-09,101.33333587646484,101.8000030517578,100.13333129882812,100.43333435058594,80.96439361572266,16457853,0.0,0.0
2021-11-10,100.43333435058594,102.06666564941406,99.73332977294922,101.4000015258789,81.74366760253906,28379137,0.0,0.0
2021-11-11,101.33333587646484,101.8000030517578,99.33333587646484,99.66666412353516,80.34635162353516,16867800,0.0,0.0
2021-11-12,100.0999984741211,100.26666259765624,98.33333587646484,98.66666412353516,79.5401840209961,10517026,0.0,0.0
2021-11-15,98.56666564941406,99.33333587646484,97.73332977294922,98.03333282470705,79.02963256835938,10850394,0.0,0.0
2021-11-16,98.0999984741211,99.0,96.66666412353516,97.06666564941406,78.2503433227539,8684095,0.0,0.0
2021-11-17,96.9000015258789,97.76666259765624,96.33333587646484,96.66666412353516,77.9278793334961,5816481,0.0,0.0
2021-11-18,97.03333282470705,97.03333282470705,93.56666564941406,93.96666717529295,75.75128936767578,15334431,0.0,0.0
2021-11-22,94.0,94.33333587646484,90.83333587646484,91.53333282470705,73.78965759277344,14125108,0.0,0.0
2021-11-23,90.73332977294922,92.83333587646484,90.6999969482422,92.33333587646484,74.4345703125,13845207,0.0,0.0
2021-11-24,92.66666412353516,95.46666717529295,92.66666412353516,93.46666717529295,75.34820556640625,13653798,0.0,0.0
2021-11-25,93.83333587646484,94.8000030517578,92.1999969482422,94.36666870117188,76.07374572753906,15096982,0.0,0.0
2021-11-26,93.33333587646484,93.56666564941406,88.69999694824219,89.06666564941406,71.80113983154297,15749431,0.0,0.0
2021-11-29,89.06666564941406,89.06666564941406,86.30000305175781,86.9000015258789,70.05448150634766,16883688,0.0,0.0
2021-11-30,86.76666259765625,89.80000305175781,85.96666717529297,86.53333282470703,69.75890350341797,18842749,0.0,0.0
2021-12-01,87.4000015258789,88.86666870117188,85.16666412353516,87.03333282470703,70.16197204589844,20438737,0.0,0.0
2021-12-02,87.06666564941406,88.4000015258789,86.73332977294922,87.76666259765625,70.7531509399414,11993058,0.0,0.0
2021-12-03,88.0999984741211,89.19999694824219,87.69999694824219,88.16666412353516,71.07561492919922,21972160,0.0,0.0
2021-12-06,88.30000305175781,88.33333587646484,84.56666564941406,85.9000015258789,69.24833679199219,37230048,0.0,0.0
2021-12-07,86.53333282470703,88.93333435058594,86.4000015258789,88.36666870117188,71.23684692382812,10273959,0.0,0.0
2021-12-08,89.0,90.66666412353516,87.69999694824219,89.13333129882812,71.8548812866211,12704800,0.0,0.0
2021-12-09,89.66666412353516,89.76666259765625,88.43333435058594,89.5,72.15047454833984,9177496,0.0,0.0
2021-12-10,89.5,90.5999984741211,88.96666717529297,90.3000030517578,72.79539489746094,9226884,0.0,0.0
2021-12-13,91.1999969482422,91.5,88.66666412353516,88.9000015258789,71.66678619384766,11789575,0.0,0.0
2021-12-14,88.5,90.66666412353516,88.0,90.1999969482422,72.71479034423828,19527363,0.0,0.0
2021-12-15,89.96666717529297,90.23332977294922,87.80000305175781,88.0,70.94125366210938,9433017,0.0,0.0
2021-12-16,88.33333587646484,88.56666564941406,85.83333587646484,86.36666870117188,69.62454223632812,20402434,0.0,0.0
2021-12-17,86.66666412353516,86.80000305175781,85.0999984741211,86.33333587646484,69.59767150878906,29791119,0.0,0.0
2021-12-20,86.33333587646484,87.13333129882812,83.46666717529297,83.96666717529297,67.68978118896484,19809883,0.0,0.0
2021-12-21,84.66666412353516,86.36666870117188,83.83333587646484,86.0,69.32896423339844,11009583,0.0,0.0
2021-12-22,86.5999984741211,87.13333129882812,85.80000305175781,86.80000305175781,69.973876953125,8446630,0.0,0.0
2021-12-23,87.23332977294922,88.93333435058594,87.0999984741211,88.56666564941406,71.39808654785156,14736444,0.0,0.0
2021-12-24,89.4000015258789,89.43333435058594,86.46666717529297,87.23332977294922,70.32321166992188,12075364,0.0,0.0
2021-12-27,87.23332977294922,87.26666259765625,85.93333435058594,87.03333282470703,70.16197204589844,10079781,0.0,0.0
2021-12-28,87.76666259765625,88.93333435058594,87.4000015258789,88.69999694824219,71.50555419921875,10441480,0.0,0.0
2021-12-29,88.56666564941406,89.0,87.4000015258789,88.16666412353516,71.07561492919922,10156587,0.0,0.0
2021-12-30,85.80000305175781,86.36666870117188,85.0,85.0999984741211,70.74309539794922,17955094,2.666667,0.0
2021-12-31,85.33333587646484,86.5999984741211,85.33333587646484,86.13333129882812,71.60209655761719,6240936,0.0,0.0
2022-01-03,86.33333587646484,87.73332977294922,86.19999694824219,87.63333129882812,72.84902954101562,6717087,0.0,0.0
2022-01-04,88.30000305175781,89.46666717529297,87.76666259765625,88.53333282470703,73.59720611572266,10529581,0.0,0.0
2022-01-05,89.30000305175781,91.0,88.36666870117188,90.6999969482422,75.39834594726562,18244765,0.0,0.0
2022-01-06,90.73332977294922,92.73332977294922,89.4000015258789,92.56666564941406,76.95008087158203,19398843,0.0,0.0
2022-01-07,92.96666717529295,93.33333587646484,91.76666259765624,93.03333282470705,77.33802795410156,11267464,0.0,0.0
2022-01-10,93.33333587646484,95.33333587646484,93.3000030517578,95.0999984741211,79.0560302734375,12153643,0.0,0.0
2022-01-11,95.16666412353516,95.63333129882812,94.0999984741211,94.53333282470705,78.58496856689453,10066720,0.0,0.0
2022-01-12,94.83333587646484,96.0,94.56666564941406,95.73332977294922,79.58253479003906,7171141,0.0,0.0
2022-01-13,95.8000030517578,96.9000015258789,95.16666412353516,96.63333129882812,80.33068084716797,10180855,0.0,0.0
2022-01-14,96.26666259765624,97.06666564941406,95.46666717529295,96.1999969482422,79.97045135498047,6295374,0.0,0.0
2022-01-17,94.36666870117188,96.86666870117188,93.83333587646484,96.46666717529295,80.192138671875,12524406,0.0,0.0
2022-01-18,96.4000015258789,97.33333587646484,94.63333129882812,95.26666259765624,79.19458770751953,13774521,0.0,0.0
2022-01-19,95.06666564941406,99.0,94.93333435058594,98.63333129882812,81.9932632446289,29895144,0.0,0.0
2022-01-20,98.4000015258789,99.0,97.5,98.23332977294922,81.66075897216797,9383230,0.0,0.0
2022-01-21,97.63333129882812,97.86666870117188,94.23332977294922,95.5999984741211,79.4716796875,12161757,0.0,0.0
2022-01-24,94.6999969482422,95.8000030517578,92.46666717529295,93.9000015258789,78.0584945678711,15752490,0.0,0.0
2022-01-25,92.5,96.0999984741211,92.06666564941406,95.83333587646484,79.66565704345703,16582789,0.0,0.0
2022-01-27,94.66666412353516,96.03333282470705,93.96666717529295,94.1999969482422,78.30786895751953,18465921,0.0,0.0
2022-01-28,94.76666259765624,97.46666717529295,94.1999969482422,94.53333282470705,78.58496856689453,13390612,0.0,0.0
2022-01-31,95.33333587646484,96.63333129882812,94.96666717529295,96.1999969482422,79.97045135498047,7778208,0.0,0.0
2022-02-01,96.66666412353516,98.66666412353516,96.0999984741211,98.33333587646484,81.74388885498047,15361881,0.0,0.0
2022-02-02,99.0,99.16666412353516,96.93333435058594,97.13333129882812,80.746337890625,10444488,0.0,0.0
2022-02-03,96.66666412353516,99.53333282470705,96.66666412353516,98.26666259765624,81.68846130371094,24145317,0.0,0.0
2022-02-04,99.83333587646484,101.3000030517578,97.43333435058594,97.6999969482422,81.21739959716797,28158331,0.0,0.0
2022-02-07,98.3000030517578,99.26666259765624,97.5999984741211,98.83333587646484,82.15953826904297,12239946,0.0,0.0
2022-02-08,98.9000015258789,99.1999969482422,94.86666870117188,96.1999969482422,79.97045135498047,18082866,0.0,0.0
2022-02-09,96.66666412353516,97.06666564941406,94.86666870117188,95.3000030517578,79.22229766845703,11447532,0.0,0.0
2022-02-10,95.5999984741211,95.63333129882812,93.56666564941406,94.4000015258789,78.47413635253906,30568632,0.0,0.0
2022-02-11,93.8000030517578,95.16666412353516,93.33333587646484,93.76666259765624,77.94763946533203,11599657,0.0,0.0
2022-02-14,92.66666412353516,93.8000030517578,90.86666870117188,91.6999969482422,76.22964477539062,12593280,0.0,0.0
2022-02-15,92.1999969482422,93.13333129882812,89.43333435058594,92.83333587646484,77.17176818847656,9896463,0.0,0.0
2022-02-16,92.9000015258789,94.13333129882812,92.5,92.9000015258789,77.22718811035156,7104208,0.0,0.0
2022-02-17,93.6999969482422,94.9000015258789,92.6999969482422,93.1999969482422,77.47657012939453,9550596,0.0,0.0
2022-02-18,93.33333587646484,94.26666259765624,92.23332977294922,93.9000015258789,78.0584945678711,9216444,0.0,0.0
2022-02-21,93.5999984741211,93.6999969482422,90.46666717529295,90.86666870117188,75.5368881225586,7842079,0.0,0.0
2022-02-22,88.06666564941406,90.33333587646484,88.03333282470703,89.69999694824219,74.56704711914062,16870429,0.0,0.0
2022-02-23,90.03333282470703,93.26666259765624,90.0,92.16666412353516,76.6175765991211,16949706,0.0,0.0
2022-02-24,89.33333587646484,90.76666259765624,85.73332977294922,86.5,71.90691375732422,20102259,0.0,0.0
2022-02-25,87.33333587646484,90.3000030517578,87.33333587646484,89.86666870117188,74.70560455322266,9361903,0.0,0.0
2022-02-28,90.0,97.83333587646484,89.23332977294922,96.56666564941406,80.2752685546875,41879932,0.0,0.0
2022-03-02,97.33333587646484,103.1999969482422,97.0,101.6999969482422,84.54257202148438,51656592,0.0,0.0
2022-03-03,103.16666412353516,106.53333282470705,102.06666564941406,106.0,88.11713409423828,43969119,0.0,0.0
2022-03-04,106.0,106.66666412353516,103.23332977294922,103.63333129882812,86.14974212646484,27599464,0.0,0.0
2022-03-07,104.1999969482422,109.33333587646484,103.46666717529295,107.76666259765624,89.58576202392578,49852981,0.0,0.0
2022-03-08,107.76666259765624,108.8000030517578,104.4000015258789,104.93333435058594,87.23043060302734,27506886,0.0,0.0
2022-03-09,105.43333435058594,106.0,102.26666259765624,103.0,85.62325286865234,19095226,0.0,0.0
2022-03-10,101.33333587646484,101.53333282470705,97.83333587646484,98.33333587646484,81.74388885498047,38037085,0.0,0.0
2022-03-11,98.66666412353516,102.73332977294922,98.66666412353516,101.5999984741211,84.4594497680664,26918119,0.0,0.0
2022-03-14,102.5999984741211,104.26666259765624,100.5999984741211,101.56666564941406,84.4317398071289,26780125,0.0,0.0
2022-03-15,101.06666564941406,101.26666259765624,97.8000030517578,98.96666717529295,82.27037811279297,30786711,0.0,0.0
2022-03-16,99.8000030517578,101.86666870117188,98.66666412353516,101.5999984741211,84.4594497680664,22874641,0.0,0.0
2022-03-17,102.16666412353516,102.76666259765624,100.4000015258789,100.86666870117188,83.84983825683594,27066381,0.0,0.0
2022-03-21,98.16666412353516,98.46666717529295,96.0,96.1999969482422,82.70355224609375,28588611,3.333333,0.0
2022-03-22,96.66666412353516,97.43333435058594,95.13333129882812,95.63333129882812,82.21639251708984,19226274,0.0,0.0
2022-03-23,96.0999984741211,97.46666717529295,95.4000015258789,95.73332977294922,82.30236053466797,21618523,0.0,0.0
2022-03-24,96.0999984741211,98.56666564941406,96.03333282470705,98.06666564941406,84.30833435058594,17833026,0.0,0.0
2022-03-25,98.33333587646484,99.0999984741211,97.73332977294922,98.43333435058594,84.62356567382812,15487354,0.0,0.0
2022-03-28,101.33333587646484,102.23332977294922,100.16666412353516,101.4000015258789,87.17401885986328,41821984,0.0,0.0
2022-03-29,102.13333129882812,102.33333587646484,100.33333587646484,101.76666259765624,87.48924255371094,15687570,0.0,0.0
2022-03-30,102.33333587646484,102.86666870117188,101.26666259765624,102.3000030517578,87.94776153564453,14933176,0.0,0.0
2022-03-31,103.1999969482422,104.83333587646484,101.9000015258789,103.76666259765624,89.20865631103516,43637698,0.0,0.0
2022-04-01,104.66666412353516,108.26666259765624,103.9000015258789,108.03333282470705,92.87672424316406,26125590,0.0,0.0
2022-04-04,109.06666564941406,109.5999984741211,107.53333282470705,107.8000030517578,92.6761245727539,17226963,0.0,0.0
2022-04-05,108.56666564941406,109.0,106.76666259765624,107.16666412353516,92.13164520263672,17312992,0.0,0.0
2022-04-06,106.53333282470705,108.83333587646484,105.9000015258789,108.23332977294922,93.04866790771484,10617483,0.0,0.0
2022-04-07,108.3000030517578,108.96666717529295,106.13333129882812,107.13333129882812,92.10298919677734,11665852,0.0,0.0
2022-04-08,107.56666564941406,108.5,106.76666259765624,108.0999984741211,92.93402862548828,10835868,0.0,0.0
2022-04-11,108.66666412353516,110.5999984741211,108.36666870117188,109.73332977294922,94.33822631835938,17773953,0.0,0.0
2022-04-12,110.3000030517578,112.46666717529295,109.63333129882812,111.13333129882812,95.54180145263672,42080380,0.0,0.0
2022-04-13,111.96666717529295,113.0,111.33333587646484,112.43333435058594,96.65943145751952,16484244,0.0,0.0
2022-04-18,111.43333435058594,113.86666870117188,111.33333587646484,111.96666717529295,96.25822448730467,24478446,0.0,0.0
2022-04-19,112.93333435058594,115.66666412353516,112.23332977294922,113.33333587646484,97.4331512451172,42103258,0.0,0.0
2022-04-20,114.3000030517578,114.3000030517578,109.06666564941406,110.4000015258789,94.91136932373048,26439088,0.0,0.0
2022-04-21,109.33333587646484,110.16666412353516,107.0,109.33333587646484,93.9943389892578,26070097,0.0,0.0
2022-04-22,108.66666412353516,110.46666717529295,108.26666259765624,109.46666717529295,94.10896301269533,10841299,0.0,0.0
2022-04-25,107.93333435058594,108.56666564941406,104.0,105.23332977294922,90.46954345703124,26466789,0.0,0.0
2022-04-26,106.4000015258789,106.5999984741211,103.33333587646484,104.6999969482422,90.01103210449219,23229772,0.0,0.0
2022-04-27,103.93333435058594,104.9000015258789,103.0,103.76666259765624,89.20865631103516,21439446,0.0,0.0
2022-04-28,105.33333587646484,105.9000015258789,104.4000015258789,105.1999969482422,90.4408950805664,17426662,0.0,0.0
2022-04-29,105.66666412353516,107.56666564941406,105.53333282470705,106.0999984741211,91.2146224975586,19011850,0.0,0.0
2022-05-02,105.43333435058594,106.43333435058594,104.4000015258789,105.03333282470705,90.297607421875,9307420,0.0,0.0
2022-05-04,104.66666412353516,106.73332977294922,104.0,105.03333282470705,90.297607421875,15067609,0.0,0.0
2022-05-05,106.0,109.0,105.73332977294922,107.56666564941406,92.4755401611328,19248847,0.0,0.0
2022-05-06,105.73332977294922,107.33333587646484,104.93333435058594,106.8000030517578,91.81641387939452,11865471,0.0,0.0
2022-05-09,105.33333587646484,106.63333129882812,103.66666412353516,104.06666564941406,89.46656036376953,10668991,0.0,0.0
2022-05-10,103.3000030517578,104.63333129882812,98.66666412353516,99.26666259765624,85.33998107910156,20527045,0.0,0.0
2022-05-11,99.3000030517578,102.0999984741211,98.96666717529295,100.43333435058594,86.34296417236328,16623364,0.0,0.0
2022-05-12,100.23332977294922,101.1999969482422,98.66666412353516,100.1999969482422,86.14237213134766,14025940,0.0,0.0
2022-05-13,100.6999969482422,101.86666870117188,97.83333587646484,98.53333282470705,84.70952606201172,11376351,0.0,0.0
2022-05-16,99.3000030517578,100.76666259765624,98.5999984741211,100.46666717529295,86.37162017822266,6032104,0.0,0.0
2022-05-17,101.86666870117188,103.06666564941406,100.73332977294922,102.8000030517578,88.37760162353516,9515223,0.0,0.0
2022-05-18,103.16666412353516,103.83333587646484,101.96666717529295,102.43333435058594,88.0623779296875,11161104,0.0,0.0
2022-05-19,100.66666412353516,102.93333435058594,99.83333587646484,102.5,88.11969757080078,10548978,0.0,0.0
2022-05-20,103.03333282470705,104.76666259765624,102.83333587646484,104.1999969482422,89.58118438720703,8769070,0.0,0.0
2022-05-23,103.33333587646484,104.0,101.8000030517578,102.13333129882812,87.80445861816406,8706325,0.0,0.0
2022-05-24,102.56666564941406,103.33333587646484,100.66666412353516,101.33333587646484,87.11671447753906,10262602,0.0,0.0
2022-05-25,101.5,102.66666412353516,100.6999969482422,101.4000015258789,87.17401885986328,12431466,0.0,0.0
2022-05-26,101.63333129882812,102.26666259765624,98.8000030517578,100.8000030517578,86.65819549560547,11919162,0.0,0.0
2022-05-27,101.53333282470705,101.66666412353516,94.8000030517578,95.1999969482422,81.8438491821289,17134840,0.0,0.0
2022-05-30,96.6999969482422,97.33333587646484,94.33333587646484,95.83333587646484,82.3883285522461,15258349,0.0,0.0
2022-05-31,96.16666412353516,101.4000015258789,95.66666412353516,98.13333129882812,84.36565399169922,44252818,0.0,0.0
2022-06-01,98.3000030517578,99.73332977294922,98.0,99.33333587646484,85.39730072021484,16916865,0.0,0.0
2022-06-02,99.36666870117188,100.23332977294922,98.66666412353516,99.43333435058594,85.48326873779297,10290948,0.0,0.0
2022-06-03,100.0,100.8000030517578,98.13333129882812,98.4000015258789,84.59490203857422,8321058,0.0,0.0
2022-06-06,97.4000015258789,99.96666717529295,97.33333587646484,98.76666259765624,84.91012573242188,7615440,0.0,0.0
2022-06-07,98.93333435058594,102.13333129882812,98.83333587646484,100.66666412353516,86.54357147216797,19132638,0.0,0.0
2022-06-08,101.43333435058594,103.06666564941406,100.66666412353516,101.63333129882812,87.37460327148438,15511416,0.0,0.0
2022-06-09,101.0,103.46666717529295,100.6999969482422,101.03333282470705,86.85879516601562,10734990,0.0,0.0
2022-06-10,101.3000030517578,102.0,98.93333435058594,99.4000015258789,85.4546127319336,9311254,0.0,0.0
2022-06-13,98.66666412353516,98.66666412353516,95.73332977294922,97.53333282470705,83.8498306274414,12132084,0.0,0.0
2022-06-14,97.06666564941406,99.66666412353516,96.8000030517578,97.96666717529295,84.22236633300781,7573116,0.0,0.0
2022-06-15,99.73332977294922,101.26666259765624,97.36666870117188,98.36666870117188,84.56624603271484,16896789,0.0,0.0
2022-06-16,99.3000030517578,99.5999984741211,93.36666870117188,93.66666412353516,80.525634765625,14733385,0.0,0.0
2022-06-17,92.66666412353516,94.96666717529295,90.8000030517578,92.63333129882812,79.63727569580078,25102788,0.0,0.0
2022-06-20,93.3000030517578,93.3000030517578,86.0,87.43333435058594,75.16681671142578,17061658,0.0,0.0
2022-06-21,89.33333587646484,91.33333587646484,87.66666412353516,90.9000015258789,78.14712524414062,14231107,0.0,0.0
2022-06-22,89.66666412353516,89.93333435058594,86.9000015258789,89.06666564941406,76.57099151611328,19244923,0.0,0.0
2022-06-23,88.66666412353516,90.83333587646484,87.33333587646484,87.80000305175781,75.48204040527344,20161450,0.0,0.0
2022-06-24,89.33333587646484,89.33333587646484,87.16666412353516,88.30000305175781,75.91190338134766,12164283,0.0,0.0
2022-06-27,89.33333587646484,90.06666564941406,88.16666412353516,89.76666259765625,77.17278289794922,10260453,0.0,0.0
2022-06-28,89.26666259765625,91.46666717529295,89.16666412353516,91.26666259765624,78.46234130859375,9907093,0.0,0.0
2022-06-29,90.46666717529295,93.3000030517578,90.33333587646484,92.83333587646484,79.8092269897461,14882062,0.0,0.0
2022-06-30,92.5999984741211,93.5999984741211,89.83333587646484,90.13333129882812,77.48802185058594,14776534,0.0,0.0
2022-07-01,89.4000015258789,90.93333435058594,87.33333587646484,88.23332977294922,75.85457611083984,15116436,0.0,0.0
2022-07-04,87.33333587646484,89.56666564941406,87.30000305175781,89.03333282470703,76.5423355102539,6503989,0.0,0.0
2022-07-05,89.23332977294922,90.5999984741211,88.86666870117188,89.19999694824219,76.68563079833984,6013528,0.0,0.0
2022-07-06,89.0,89.46666717529297,86.36666870117188,89.03333282470703,76.5423355102539,12987415,0.0,0.0
2022-07-07,89.46666717529297,91.3000030517578,89.46666717529297,91.1999969482422,78.40503692626953,7963336,0.0,0.0
2022-07-08,94.26666259765624,94.26666259765624,90.6999969482422,91.5,78.6629409790039,10036582,0.0,0.0
2022-07-11,91.5,93.0,90.76666259765624,92.4000015258789,79.43668365478516,13317447,0.0,0.0
2022-07-12,92.0,93.46666717529295,91.06666564941406,92.66666412353516,79.66593933105469,9670797,0.0,0.0
2022-07-13,93.3000030517578,93.3000030517578,90.9000015258789,91.66666412353516,78.80622863769531,13899456,0.0,0.0
2022-07-14,91.83333587646484,93.23332977294922,91.66666412353516,92.86666870117188,79.8378677368164,9560767,0.0,0.0
2022-07-15,93.03333282470705,94.5,92.9000015258789,93.63333129882812,80.49697875976562,10049224,0.0,0.0
2022-07-18,93.8000030517578,96.33333587646484,93.8000030517578,96.06666564941406,82.58892822265625,6755344,0.0,0.0
2022-07-19,95.93333435058594,96.66666412353516,91.53333282470705,93.5,80.38235473632812,12022441,0.0,0.0
2022-07-20,96.06666564941406,98.26666259765624,94.0,94.36666870117188,81.12742614746094,21701412,0.0,0.0
2022-07-21,94.53333282470705,96.3000030517578,94.4000015258789,95.93333435058594,82.47430419921875,8781738,0.0,0.0
2022-07-22,96.4000015258789,96.83333587646484,93.93333435058594,94.4000015258789,81.15608978271484,12390337,0.0,0.0
2022-07-25,96.53333282470705,98.33333587646484,95.1999969482422,98.0,84.25100708007812,20317410,0.0,0.0
2022-07-26,98.16666412353516,98.16666412353516,95.76666259765624,95.96666717529295,82.5029525756836,12998664,0.0,0.0
2022-07-27,96.33333587646484,98.26666259765624,95.53333282470705,97.83333587646484,84.10774230957031,10419007,0.0,0.0
2022-07-28,98.5,98.5999984741211,96.86666870117188,97.3000030517578,83.64923858642578,8473834,0.0,0.0
2022-07-29,98.1999969482422,98.56666564941406,97.4000015258789,97.73332977294922,84.02175903320312,7014877,0.0,0.0
2022-08-01,97.73332977294922,99.1999969482422,97.6999969482422,98.1999969482422,85.00279235839844,10328928,0.666667,0.0
2022-08-02,97.9000015258789,98.43333435058594,93.93333435058594,94.33333587646484,81.65576934814453,27076266,0.0,0.0
2022-08-03,94.9000015258789,94.93333435058594,92.0,93.86666870117188,81.2518081665039,19315218,0.0,0.0
2022-08-04,93.86666870117188,94.8000030517578,92.23332977294922,93.4000015258789,80.84786987304688,32498244,0.0,0.0
2022-08-05,93.26666259765624,93.26666259765624,88.33333587646484,88.5999984741211,76.69295501708984,65529649,0.0,0.0
2022-08-08,89.33333587646484,89.5999984741211,88.56666564941406,88.9000015258789,76.95263671875,20840541,0.0,0.0
2022-08-10,88.9000015258789,89.16666412353516,86.5999984741211,87.19999694824219,75.48108673095703,33311005,0.0,0.0
2022-08-11,88.0,88.0999984741211,85.63333129882812,85.76666259765625,74.24038696289062,38551380,0.0,0.0
2022-08-12,86.13333129882812,87.86666870117188,85.66666412353516,87.66666412353516,75.88504791259766,29145945,0.0,0.0
2022-08-16,88.30000305175781,90.16666412353516,87.46666717529297,90.06666564941406,77.96250915527344,25540356,0.0,0.0
2022-08-17,90.3000030517578,90.86666870117188,89.69999694824219,89.96666717529297,77.87594604492188,18559593,0.0,0.0
2022-08-18,90.16666412353516,90.66666412353516,89.80000305175781,90.4000015258789,78.25103759765625,16228315,0.0,0.0
2022-08-19,90.53333282470705,90.93333435058594,88.56666564941406,88.76666259765625,76.83721160888672,15787270,0.0,0.0
2022-08-22,87.43333435058594,87.80000305175781,85.4000015258789,86.23332977294922,74.64433288574219,24640419,0.0,0.0
2022-08-23,85.86666870117188,88.4000015258789,85.5999984741211,88.19999694824219,76.34669494628906,16980100,0.0,0.0
2022-08-24,87.56666564941406,88.36666870117188,87.06666564941406,88.06666564941406,76.23129272460938,17466696,0.0,0.0
2022-08-25,88.26666259765625,89.43333435058594,88.19999694824219,88.43333435058594,76.54866790771484,13795335,0.0,0.0
2022-08-26,89.4000015258789,90.93333435058594,89.0,89.69999694824219,77.6451187133789,17163393,0.0,0.0
2022-08-29,88.86666870117188,89.5,88.0,89.30000305175781,77.29887390136719,13597173,0.0,0.0
2022-08-30,90.1999969482422,91.3000030517578,90.0,90.73332977294922,78.5395736694336,16684747,0.0,0.0
2022-09-01,90.96666717529295,91.53333282470705,90.16666412353516,90.9000015258789,78.68384552001953,18915690,0.0,0.0
2022-09-02,91.4000015258789,91.53333282470705,89.86666870117188,90.1999969482422,78.07791137695312,17306892,0.0,0.0
2022-09-05,90.66666412353516,91.5,89.4000015258789,91.16666412353516,78.91468048095703,19224678,0.0,0.0
2022-09-06,92.5,93.3499984741211,91.1999969482422,93.0500030517578,80.54490661621094,28296817,0.0,1.5
2022-09-07,93.4000015258789,93.8499984741211,92.4000015258789,92.8000030517578,80.32850646972656,10690240,0.0,0.0
2022-09-08,93.3000030517578,93.75,92.4000015258789,92.5500030517578,80.11210632324219,7180648,0.0,0.0
2022-09-09,92.6999969482422,92.9499969482422,92.1999969482422,92.4000015258789,79.98226165771484,5597228,0.0,0.0
2022-09-12,92.6999969482422,93.0999984741211,92.3499984741211,92.75,80.28521728515625,6581257,0.0,0.0
2022-09-13,92.9499969482422,93.4000015258789,92.0999984741211,92.3000030517578,79.89570617675781,7045689,0.0,0.0
2022-09-14,91.5999984741211,92.25,91.3000030517578,91.6999969482422,79.37633514404297,6872183,0.0,0.0
2022-09-15,91.8499984741211,93.1999969482422,91.0999984741211,91.1999969482422,78.94352722167969,8970450,0.0,0.0
2022-09-16,91.0999984741211,93.0,90.1999969482422,91.9000015258789,79.54945373535156,18170179,0.0,0.0
2022-09-19,92.1500015258789,92.25,89.80000305175781,90.0,77.9048080444336,8372178,0.0,0.0
2022-09-20,90.4000015258789,91.3499984741211,90.0999984741211,90.9000015258789,78.68384552001953,6639747,0.0,0.0
2022-09-21,90.6999969482422,90.9499969482422,88.55000305175781,89.0,77.0391845703125,13740141,0.0,0.0
2022-09-22,88.80000305175781,88.9000015258789,87.1500015258789,88.25,76.38998413085938,13003243,0.0,0.0
2022-09-23,88.0,88.5,85.69999694824219,86.0,74.44236755371094,8632586,0.0,0.0
2022-09-26,85.6500015258789,85.94999694824219,83.0,84.8499984741211,73.44691467285156,15119710,0.0,0.0
2022-09-27,86.0,86.5,83.6500015258789,86.25,74.65876770019531,10752213,0.0,0.0
2022-09-28,85.6500015258789,86.30000305175781,84.44999694824219,85.69999694824219,74.18268585205078,12068829,0.0,0.0
2022-09-29,86.0,86.75,85.25,85.9000015258789,74.35579681396484,12673874,0.0,0.0
2022-09-30,85.25,87.25,85.0,87.05000305175781,75.35124969482422,11829278,0.0,0.0
2022-10-03,87.94999694824219,87.94999694824219,84.5,85.1500015258789,73.70659637451172,14508849,0.0,0.0
2022-10-04,86.0999984741211,87.80000305175781,85.5,87.25,75.52437591552734,10340686,0.0,0.0
2022-10-06,87.5999984741211,88.1500015258789,87.0,87.55000305175781,75.7840576171875,10663228,0.0,0.0
2022-10-07,87.55000305175781,87.6500015258789,86.05000305175781,86.8499984741211,75.17813110351562,12478992,0.0,0.0
2022-10-10,85.5,89.5,85.5,89.19999694824219,77.21231079101562,11158338,0.0,0.0
2022-10-11,89.0999984741211,89.0999984741211,86.0,86.19999694824219,74.615478515625,13259938,0.0,0.0
2022-10-12,86.25,86.6500015258789,85.0999984741211,86.3499984741211,74.74532318115234,11033418,0.0,0.0
2022-10-13,86.6500015258789,87.19999694824219,85.25,85.44999694824219,73.96627807617188,6397554,0.0,0.0
2022-10-14,86.30000305175781,86.80000305175781,85.05000305175781,85.0999984741211,73.66331481933594,6931298,0.0,0.0
2022-10-17,85.0999984741211,85.6500015258789,84.3499984741211,85.05000305175781,73.62003326416016,9373705,0.0,0.0
2022-10-18,85.5,85.9000015258789,84.9000015258789,85.0,73.57675170898438,8035885,0.0,0.0
2022-10-19,85.44999694824219,85.80000305175781,84.5,84.80000305175781,73.40363311767578,7157063,0.0,0.0
2022-10-20,84.5999984741211,87.80000305175781,84.1500015258789,87.44999694824219,75.6974868774414,17120292,0.0,0.0
2022-10-21,87.44999694824219,88.0999984741211,86.25,86.44999694824219,74.83187866210938,7929074,0.0,0.0
2022-10-24,87.30000305175781,87.30000305175781,86.5,86.80000305175781,75.13484954833984,869107,0.0,0.0
2022-10-25,86.80000305175781,87.55000305175781,85.9000015258789,86.55000305175781,74.91845703125,7086629,0.0,0.0
2022-10-27,86.6500015258789,88.3499984741211,85.80000305175781,88.05000305175781,76.21686553955078,12203430,0.0,0.0
2022-10-28,88.4000015258789,90.25,87.8499984741211,90.05000305175781,77.94807434082031,20036187,0.0,0.0
2022-10-31,90.5500030517578,91.5,90.1999969482422,91.3000030517578,79.03009033203125,12658201,0.0,0.0
2022-11-01,91.5,91.9000015258789,90.8000030517578,91.4000015258789,79.11665344238281,7632156,0.0,0.0
2022-11-02,91.4000015258789,91.5999984741211,91.0,91.3000030517578,79.03009033203125,7390466,0.0,0.0
2022-11-03,91.0,91.1999969482422,90.1999969482422,90.5500030517578,78.38088989257812,12821695,0.0,0.0
2022-11-04,91.0,91.3499984741211,88.0999984741211,88.55000305175781,76.64967346191406,13339109,0.0,0.0
2022-11-07,88.55000305175781,90.8000030517578,88.0,90.5500030517578,78.38088989257812,13463366,0.0,0.0
2022-11-09,90.5,90.5500030517578,88.25,88.5999984741211,76.69295501708984,12172444,0.0,0.0
2022-11-10,88.5,89.19999694824219,87.94999694824219,88.19999694824219,76.34669494628906,6898707,0.0,0.0
2022-11-11,89.0,89.3499984741211,88.05000305175781,88.8499984741211,76.90935516357422,8365138,0.0,0.0
2022-11-14,88.5999984741211,88.6500015258789,87.9000015258789,88.0999984741211,76.26014709472656,7996003,0.0,0.0
2022-11-15,88.0999984741211,90.0,88.05000305175781,89.9000015258789,77.8182373046875,8247787,0.0,0.0
2022-11-16,90.0,91.25,89.25,90.5,78.33760070800781,10223428,0.0,0.0
2022-11-17,90.5,90.9000015258789,89.3499984741211,90.1500015258789,78.03463745117188,4925266,0.0,0.0
2022-11-18,90.6500015258789,91.5500030517578,89.80000305175781,90.3000030517578,78.16448211669922,14475534,0.0,0.0
2022-11-21,90.3000030517578,90.6500015258789,89.5,89.6500015258789,77.60183715820312,7845740,0.0,0.0
2022-11-22,90.4000015258789,91.25,89.5,91.0999984741211,78.85697174072266,18535213,0.0,0.0
2022-11-23,91.4000015258789,91.4000015258789,90.0,90.8000030517578,78.5972900390625,8624491,0.0,0.0
2022-11-24,90.9000015258789,92.4499969482422,90.75,92.0999984741211,79.72257232666016,14011196,0.0,0.0
2022-11-25,92.5,93.8499984741211,91.75,93.25,80.718017578125,12249200,0.0,0.0
2022-11-28,93.3000030517578,93.8000030517578,92.4499969482422,92.75,80.28521728515625,11371642,0.0,0.0
2022-11-29,93.0,94.6500015258789,92.0500030517578,94.1500015258789,81.4970703125,18484964,0.0,0.0
2022-11-30,94.5,94.9499969482422,93.8000030517578,94.75,82.01644897460938,18501717,0.0,0.0
2022-12-01,95.25,95.4000015258789,93.5,93.6500015258789,81.06428527832031,9433858,0.0,0.0
2022-12-02,94.0,94.1500015258789,93.0500030517578,93.1999969482422,80.67475128173828,9494016,0.0,0.0
2022-12-05,93.5,93.9000015258789,92.6500015258789,93.1500015258789,80.6314697265625,15148621,0.0,0.0
2022-12-06,93.5,93.5,92.1999969482422,93.0,80.50161743164062,9031442,0.0,0.0
2022-12-07,92.8000030517578,94.0500030517578,92.8000030517578,93.25,80.718017578125,11134858,0.0,0.0
2022-12-08,93.25,93.4499969482422,92.4499969482422,92.5500030517578,80.11210632324219,10614975,0.0,0.0
2022-12-09,93.0500030517578,93.5999984741211,90.3000030517578,90.8499984741211,78.64056396484375,15835417,0.0,0.0
2022-12-12,91.0999984741211,93.4000015258789,90.1999969482422,92.8000030517578,80.32850646972656,15920076,0.0,0.0
2022-12-13,93.1500015258789,94.0,92.6999969482422,93.25,80.718017578125,11215454,0.0,0.0
2022-12-14,93.25,96.3000030517578,93.1500015258789,96.0,83.09844970703125,22598875,0.0,0.0
2022-12-15,96.1500015258789,98.4000015258789,95.4499969482422,97.3499984741211,84.26702880859375,28006772,0.0,0.0
2022-12-16,97.1999969482422,100.1999969482422,96.5999984741211,96.75,83.74766540527344,35484499,0.0,0.0
2022-12-19,97.1500015258789,97.9499969482422,95.9000015258789,97.4000015258789,84.31031036376953,13524731,0.0,0.0
2022-12-20,97.0,98.1999969482422,96.0,97.9000015258789,84.74311065673828,11062080,0.0,0.0
2022-12-21,98.1999969482422,98.5,94.5,95.0999984741211,82.31939697265625,14279180,0.0,0.0
2022-12-22,95.1500015258789,96.0,92.8000030517578,94.1500015258789,81.4970703125,12024065,0.0,0.0
2022-12-23,93.0,93.6500015258789,91.0,91.5500030517578,79.24649047851562,22444602,0.0,0.0
2022-12-26,91.5,94.5999984741211,90.6500015258789,94.4000015258789,81.71347045898438,8024641,0.0,0.0
2022-12-27,94.9000015258789,95.3000030517578,93.75,95.0,82.23284149169922,6330028,0.0,0.0
2022-12-28,94.8000030517578,96.3499984741211,94.25,95.8000030517578,82.92533874511719,9873070,0.0,0.0
2022-12-29,95.0999984741211,96.3499984741211,94.75,95.9499969482422,83.05517578125,10702585,0.0,0.0
2022-12-30,96.8000030517578,97.3000030517578,95.8499984741211,96.0500030517578,83.14173889160156,7280552,0.0,0.0
2023-01-02,96.5,96.8000030517578,95.5,96.5999984741211,83.61781311035156,9433822,0.0,0.0
2023-01-03,96.6999969482422,97.4000015258789,96.4000015258789,96.8000030517578,83.79094696044922,6053619,0.0,0.0
2023-01-04,97.0999984741211,97.5999984741211,95.1500015258789,95.4000015258789,82.57908630371094,9398653,0.0,0.0
2023-01-05,95.9000015258789,97.5,95.1500015258789,97.3499984741211,84.26702880859375,12382060,0.0,0.0
2023-01-06,97.6999969482422,98.75,96.8499984741211,97.25,84.18046569824219,14032853,0.0,0.0
2023-01-09,97.9499969482422,98.9499969482422,97.8499984741211,98.4499969482422,85.21919250488281,12464665,0.0,0.0
2023-01-10,98.0,98.9499969482422,97.5,98.0999984741211,84.91622924804688,9211811,0.0,0.0
2023-01-11,98.0999984741211,98.5,97.0,97.3000030517578,84.22374725341797,9737047,0.0,0.0
2023-01-12,97.5,97.8000030517578,96.6999969482422,96.8000030517578,83.79094696044922,7831578,0.0,0.0
2023-01-13,96.0999984741211,97.3000030517578,95.25,96.0999984741211,83.18501281738281,9641316,0.0,0.0
2023-01-16,96.4000015258789,97.0999984741211,95.8000030517578,96.9000015258789,83.87750244140625,4621698,0.0,0.0
2023-01-17,96.9499969482422,97.6999969482422,96.75,97.4499969482422,84.35357666015625,7321828,0.0,0.0
2023-01-18,97.4499969482422,97.8000030517578,96.9000015258789,97.25,84.18046569824219,9417195,0.0,0.0
2023-01-19,97.75,97.9000015258789,96.75,97.5999984741211,84.48342895507812,6384333,0.0,0.0
2023-01-20,97.5999984741211,99.1999969482422,97.4000015258789,99.0,85.69528198242188,13615997,0.0,0.0
2023-01-23,100.0,102.8499984741211,99.5999984741211,102.25,88.50849914550781,28390308,0.0,0.0
2023-01-24,102.75,102.75,101.5999984741211,102.0,88.29210662841797,8583670,0.0,0.0
2023-01-25,102.0,102.0,99.5500030517578,100.9000015258789,87.33993530273438,12007717,0.0,0.0
2023-01-27,101.6999969482422,102.6500015258789,97.9000015258789,99.1500015258789,85.82511901855469,13064056,0.0,0.0
2023-01-30,99.25,99.9000015258789,91.8499984741211,94.9499969482422,82.1895523071289,29985336,0.0,0.0
2023-01-31,94.0,97.8000030517578,94.0,95.1500015258789,82.36267852783203,24892166,0.0,0.0
2023-02-01,95.5,98.0,95.0,96.0500030517578,83.14173889160156,19042474,0.0,0.0
2023-02-02,95.5,96.4000015258789,93.4499969482422,93.9000015258789,81.28067779541016,17726153,0.0,0.0
2023-02-03,94.25,94.3000030517578,91.0500030517578,92.8000030517578,80.32850646972656,18191035,0.0,0.0
2023-02-06,92.9000015258789,95.0999984741211,92.1999969482422,94.8499984741211,82.10299682617188,14907237,0.0,0.0
2023-02-07,95.0,96.25,94.5,96.0,83.09844970703125,8686792,0.0,0.0
2023-02-08,96.0,96.4000015258789,95.0500030517578,95.8000030517578,82.92533874511719,5763070,0.0,0.0
2023-02-09,96.3000030517578,96.3000030517578,94.6999969482422,95.8499984741211,82.96861267089844,6065233,0.0,0.0
2023-02-10,95.8499984741211,96.25,94.8499984741211,95.8499984741211,82.96861267089844,9527603,0.0,0.0
2023-02-13,95.8499984741211,96.5,95.3499984741211,95.75,82.88204956054688,5275322,0.0,0.0
2023-02-14,95.8000030517578,96.0500030517578,94.3000030517578,95.4000015258789,82.57908630371094,7505908,0.0,0.0
2023-02-15,95.3000030517578,95.6500015258789,94.5,95.3000030517578,82.4925308227539,6887911,0.0,0.0
2023-02-16,95.5,96.25,95.3499984741211,95.9499969482422,83.05517578125,5800257,0.0,0.0
2023-02-17,95.75,96.8499984741211,95.25,96.0,83.09844970703125,19937435,0.0,0.0
2023-02-20,96.4000015258789,96.4000015258789,95.3000030517578,95.6999969482422,82.8387680053711,12837565,0.0,0.0
2023-02-21,96.3499984741211,96.3499984741211,95.0500030517578,95.3000030517578,82.4925308227539,8240973,0.0,0.0
2023-02-22,94.9499969482422,96.0,93.1500015258789,95.5500030517578,82.70892333984375,9721273,0.0,0.0
2023-02-23,97.0500030517578,99.1500015258789,96.25,98.0500030517578,84.87294006347656,38462809,0.0,0.0
2023-02-24,98.5,103.9499969482422,98.25,103.4499969482422,89.5472412109375,45176952,0.0,0.0
2023-02-27,103.8499984741211,106.1999969482422,103.1500015258789,104.1500015258789,90.15316772460938,27802826,0.0,0.0
2023-02-28,104.1500015258789,104.1999969482422,102.3000030517578,102.6500015258789,88.85475158691406,17617907,0.0,0.0
2023-03-01,102.1999969482422,103.5500030517578,102.1500015258789,103.4000015258789,89.50395965576172,7012524,0.0,0.0
2023-03-02,103.1500015258789,103.9499969482422,102.4499969482422,103.0500030517578,89.20098876953125,9586771,0.0,0.0
2023-03-03,104.6500015258789,106.5999984741211,104.0500030517578,105.25,91.10533142089844,27232148,0.0,0.0
2023-03-06,106.0,109.5,105.75,109.0500030517578,94.3946533203125,35771465,0.0,0.0
2023-03-08,109.6999969482422,112.8000030517578,109.3499984741211,111.25,96.29899597167967,27568928,0.0,0.0
2023-03-09,111.4499969482422,111.8000030517578,108.4000015258789,108.6500015258789,94.04840087890624,16240893,0.0,0.0
2023-03-10,108.0,111.5999984741211,107.8000030517578,111.0500030517578,96.12586975097656,24574077,0.0,0.0
2023-03-13,112.0,112.4499969482422,109.8499984741211,110.1999969482422,95.39009857177734,24579514,0.0,0.0
2023-03-14,111.0500030517578,111.3000030517578,109.4000015258789,110.0,95.21697235107422,23328812,0.0,0.0
2023-03-15,111.4000015258789,111.5,108.75,109.0500030517578,94.3946533203125,14237757,0.0,0.0
2023-03-16,109.4000015258789,112.1500015258789,107.8000030517578,109.5500030517578,94.82746124267578,26757814,0.0,0.0
2023-03-17,110.1500015258789,111.6999969482422,109.4000015258789,110.1500015258789,95.3468246459961,21251193,0.0,0.0
2023-03-20,110.1500015258789,111.3000030517578,108.8499984741211,109.8000030517578,95.04386138916016,23234444,0.0,0.0
2023-03-21,106.0,107.5999984741211,104.4000015258789,105.0999984741211,94.4150161743164,26605735,4.0,0.0
2023-03-22,105.5,107.8499984741211,102.9000015258789,105.4000015258789,94.6845245361328,36125531,0.0,0.0
2023-03-23,105.25,105.6500015258789,101.9000015258789,105.0999984741211,94.4150161743164,16318256,0.0,0.0
2023-03-24,104.9000015258789,105.5999984741211,102.9499969482422,103.5,92.97767639160156,10924642,0.0,0.0
2023-03-27,102.75,104.25,102.3499984741211,103.9000015258789,93.33702087402344,9550049,0.0,0.0
2023-03-28,103.9000015258789,104.5,103.25,104.1500015258789,93.56159973144533,7814715,0.0,0.0
2023-03-29,104.1500015258789,106.1999969482422,104.0,105.5,94.77435302734376,10745581,0.0,0.0
2023-03-31,105.75,107.0,104.8499984741211,105.1500015258789,94.4599380493164,15641500,0.0,0.0
2023-04-03,105.4499969482422,106.9499969482422,104.9000015258789,105.4499969482422,94.72943878173828,11147157,0.0,0.0
2023-04-05,105.75,106.1999969482422,104.3000030517578,105.4000015258789,94.6845245361328,6305668,0.0,0.0
2023-04-06,105.0500030517578,105.75,104.3000030517578,105.4499969482422,94.72943878173828,7249613,0.0,0.0
2023-04-10,106.0,106.9499969482422,105.3499984741211,105.9499969482422,95.17860412597656,8306845,0.0,0.0
2023-04-11,106.0,107.0999984741211,105.5500030517578,106.0500030517578,95.26844024658205,8331690,0.0,0.0
2023-04-12,106.0500030517578,108.8499984741211,105.8000030517578,108.5999984741211,97.55918884277344,14151790,0.0,0.0
2023-04-13,111.0,111.0,107.0999984741211,108.1500015258789,97.15494537353516,15062407,0.0,0.0
2023-04-17,108.1500015258789,110.5999984741211,107.5500030517578,110.0999984741211,98.90670776367188,11580594,0.0,0.0
2023-04-18,109.3000030517578,110.5999984741211,109.0500030517578,109.5,98.3676986694336,9664860,0.0,0.0
2023-04-19,109.0,109.9499969482422,107.6999969482422,108.25,97.2447738647461,8205988,0.0,0.0
2023-04-20,109.0,109.4499969482422,108.25,108.6999969482422,97.64901733398438,12345494,0.0,0.0
2023-04-21,108.5999984741211,109.1999969482422,107.8499984741211,108.3499984741211,97.3346176147461,5402376,0.0,0.0
2023-04-24,108.4000015258789,109.5999984741211,108.4000015258789,109.3000030517578,98.1880340576172,6760713,0.0,0.0
2023-04-25,109.8499984741211,110.1999969482422,108.75,109.1999969482422,98.0981903076172,8661439,0.0,0.0
2023-04-26,109.3000030517578,110.5,108.5999984741211,110.1999969482422,98.99652862548828,7305825,0.0,0.0
2023-04-27,110.0999984741211,110.0999984741211,108.8000030517578,109.3000030517578,98.1880340576172,8349269,0.0,0.0
2023-04-28,109.0999984741211,109.4000015258789,105.0500030517578,107.3000030517578,96.391357421875,19307001,0.0,0.0
2023-05-02,108.0,108.5500030517578,107.25,108.3000030517578,97.2896957397461,7263913,0.0,0.0
2023-05-03,108.1500015258789,109.0,107.5,108.0,97.02018737792967,6687032,0.0,0.0
2023-05-04,108.0,108.1999969482422,106.3499984741211,107.1500015258789,96.2566146850586,7617969,0.0,0.0
2023-05-05,107.3499984741211,108.5,107.0500030517578,107.6500015258789,96.70578002929688,4948142,0.0,0.0
2023-05-08,107.6999969482422,108.0999984741211,107.0,107.4499969482422,96.52610778808594,4868763,0.0,0.0
2023-05-09,107.4499969482422,108.25,106.5500030517578,106.9499969482422,96.07693481445312,11885359,0.0,0.0
2023-05-10,106.9000015258789,109.0999984741211,106.25,109.0,97.91851806640624,7172451,0.0,0.0
2023-05-11,109.8499984741211,110.1999969482422,108.5,109.3499984741211,98.23294830322266,7784358,0.0,0.0
2023-05-12,109.0,109.3499984741211,107.5500030517578,108.0500030517578,97.06510925292967,5177796,0.0,0.0
2023-05-15,108.0,111.9499969482422,108.0,111.75,100.38895416259766,10713993,0.0,0.0
2023-05-16,112.8499984741211,113.9499969482422,111.5,111.6999969482422,100.34403228759766,18937352,0.0,0.0
2023-05-17,112.3499984741211,112.5,109.6500015258789,110.0,98.81686401367188,5634267,0.0,0.0
2023-05-18,110.6500015258789,110.8499984741211,104.8000030517578,106.1999969482422,95.4031982421875,24715468,0.0,0.0
2023-05-19,104.8000030517578,105.6999969482422,102.9499969482422,104.8499984741211,94.19043731689452,15968522,0.0,0.0
2023-05-22,105.0,106.9000015258789,104.1999969482422,106.3499984741211,95.5379409790039,11338813,0.0,0.0
2023-05-23,106.8000030517578,108.5,106.0,107.5,96.5710220336914,8713781,0.0,0.0
2023-05-24,107.3499984741211,108.1999969482422,106.8000030517578,107.6999969482422,96.75069427490234,6366074,0.0,0.0
2023-05-25,107.75,108.1999969482422,107.3000030517578,107.8000030517578,96.84052276611328,4719281,0.0,0.0
2023-05-26,108.0,109.0,106.0999984741211,106.3499984741211,95.5379409790039,6943806,0.0,0.0
2023-05-29,106.9000015258789,106.9000015258789,105.5999984741211,106.25,95.44810485839844,8058796,0.0,0.0
2023-05-30,106.3000030517578,106.5500030517578,105.1999969482422,105.9499969482422,95.17860412597656,7204247,0.0,0.0
2023-05-31,105.9000015258789,105.9499969482422,104.5,104.8000030517578,94.14552307128906,10176487,0.0,0.0
2023-06-01,104.4499969482422,105.8499984741211,103.5,105.3499984741211,94.6396026611328,9465271,0.0,0.0
2023-06-02,105.8000030517578,106.1500015258789,104.4000015258789,104.5999984741211,93.96585083007812,9624201,0.0,0.0
2023-06-05,105.0,105.1999969482422,104.0999984741211,104.4499969482422,93.8311004638672,5284220,0.0,0.0
2023-06-06,104.8000030517578,105.1999969482422,104.3000030517578,104.6999969482422,94.05567932128906,5394343,0.0,0.0
2023-06-07,105.0,106.0,104.5,105.5999984741211,94.86418914794922,8674853,0.0,0.0
2023-06-08,105.9499969482422,106.0,104.5999984741211,104.75,94.1006088256836,7433762,0.0,0.0
2023-06-09,104.8000030517578,106.0,104.25,104.9000015258789,94.23535919189452,5451500,0.0,0.0
2023-06-12,105.0,105.9499969482422,104.5500030517578,105.1999969482422,94.5048599243164,7078498,0.0,0.0
2023-06-13,105.9499969482422,107.1500015258789,105.3000030517578,107.0500030517578,96.16677856445312,11662296,0.0,0.0
2023-06-14,107.5500030517578,108.0,107.0,107.1999969482422,96.30152130126952,6930665,0.0,0.0
2023-06-15,107.1999969482422,107.4499969482422,106.1500015258789,107.1500015258789,96.2566146850586,5385018,0.0,0.0
2023-06-16,107.1999969482422,108.0,106.25,107.5,96.5710220336914,8119111,0.0,0.0
2023-06-19,107.8499984741211,108.4000015258789,106.6999969482422,108.0,97.02018737792967,4126281,0.0,0.0
2023-06-20,107.9000015258789,108.6999969482422,106.75,108.25,97.2447738647461,11218628,0.0,0.0
2023-06-21,108.25,108.4000015258789,106.5,106.6999969482422,95.85235595703124,13138208,0.0,0.0
2023-06-22,106.6999969482422,107.0,104.0,104.4499969482422,93.8311004638672,16244574,0.0,0.0
2023-06-23,104.3499984741211,105.4000015258789,103.3000030517578,105.0500030517578,94.37010955810548,7880417,0.0,0.0
2023-06-26,104.5,105.1999969482422,103.6999969482422,104.8000030517578,94.14552307128906,9225360,0.0,0.0
2023-06-27,104.8000030517578,105.0500030517578,104.0999984741211,104.3000030517578,93.69635772705078,9909567,0.0,0.0
2023-06-28,104.6999969482422,104.8499984741211,103.5,103.8000030517578,93.2471923828125,14246542,0.0,0.0
2023-06-30,103.9499969482422,105.3000030517578,103.75,105.0500030517578,94.37010955810548,16108372,0.0,0.0
2023-07-03,105.5,106.5999984741211,104.6999969482422,106.4499969482422,95.62776947021484,22772148,0.0,0.0
2023-07-04,107.0,107.1500015258789,105.9000015258789,106.5500030517578,95.71760559082033,9292916,0.0,0.0
2023-07-05,106.5999984741211,107.5500030517578,106.1500015258789,107.4000015258789,96.48118591308594,10903523,0.0,0.0
2023-07-06,107.3499984741211,111.4000015258789,106.0999984741211,110.8000030517578,99.5355453491211,29145409,0.0,0.0
2023-07-07,109.5999984741211,112.0999984741211,109.1500015258789,110.6999969482422,99.44569396972656,15022279,0.0,0.0
2023-07-10,111.0,111.3499984741211,108.3000030517578,108.9499969482422,97.87361145019533,8710335,0.0,0.0
2023-07-11,108.9499969482422,109.5999984741211,107.6500015258789,109.3000030517578,98.1880340576172,10380385,0.0,0.0
2023-07-12,109.0,111.1500015258789,108.9499969482422,110.5999984741211,99.3558578491211,9851130,0.0,0.0
2023-07-13,110.5999984741211,111.1999969482422,107.8499984741211,108.0999984741211,97.11002349853516,8440163,0.0,0.0
2023-07-14,108.1999969482422,110.5999984741211,107.5,110.0,98.81686401367188,10678733,0.0,0.0
2023-07-17,110.0,110.25,108.4499969482422,108.5999984741211,97.55918884277344,7839246,0.0,0.0
2023-07-18,108.9499969482422,109.1500015258789,108.3499984741211,108.9000015258789,97.82870483398438,6013243,0.0,0.0
2023-07-19,108.9000015258789,110.9000015258789,108.8499984741211,109.5,98.3676986694336,9938960,0.0,0.0
2023-07-20,109.9000015258789,111.6500015258789,109.5999984741211,110.4499969482422,99.22110748291016,10500380,0.0,0.0
2023-07-21,110.3000030517578,112.3000030517578,109.6500015258789,111.5,100.16436767578124,11702513,0.0,0.0
2023-07-24,112.1999969482422,114.0,111.5500030517578,112.0500030517578,100.658447265625,13872167,0.0,0.0
2023-07-25,112.6999969482422,117.0,112.1999969482422,116.4000015258789,104.5662078857422,23574611,0.0,0.0
2023-07-26,117.1999969482422,118.0500030517578,115.8000030517578,116.0500030517578,104.25179290771484,17962594,0.0,0.0
2023-07-27,116.8000030517578,117.8000030517578,115.5999984741211,116.5999984741211,104.74588012695312,13286670,0.0,0.0
2023-07-28,116.8000030517578,118.25,116.0999984741211,117.5,105.55438232421876,21875385,0.0,0.0
2023-07-31,120.3499984741211,122.9499969482422,118.0,119.0999984741211,106.99169921875,64986613,0.0,0.0
2023-08-01,119.0999984741211,122.3499984741211,117.1999969482422,120.3499984741211,108.11463928222656,32978003,0.0,0.0
2023-08-02,120.4000015258789,120.6999969482422,115.0999984741211,116.3499984741211,104.5212860107422,27870281,0.0,0.0
2023-08-03,116.3499984741211,116.8499984741211,114.75,115.5500030517578,103.80261993408205,13891020,0.0,0.0
2023-08-04,116.4499969482422,116.9000015258789,114.1999969482422,115.3000030517578,103.57804107666016,11230403,0.0,0.0
2023-08-07,116.0,116.5500030517578,114.0999984741211,114.25,102.6347885131836,11480767,0.0,0.0
2023-08-08,114.3000030517578,116.6999969482422,114.0999984741211,116.4000015258789,104.5662078857422,16636302,0.0,0.0
2023-08-09,116.9499969482422,118.1500015258789,115.5999984741211,117.9000015258789,105.9137191772461,11556651,0.0,0.0
2023-08-10,118.5999984741211,119.0999984741211,117.0500030517578,117.5999984741211,105.64421081542967,13140800,0.0,0.0
2023-08-11,118.0500030517578,118.3000030517578,115.4000015258789,115.6999969482422,103.93737030029295,10818126,0.0,0.0
2023-08-14,115.8000030517578,115.9499969482422,112.25,112.8499984741211,101.37712097167967,10233977,0.0,0.0
2023-08-16,112.8499984741211,114.4499969482422,111.8499984741211,114.1500015258789,102.5449676513672,5958441,0.0,0.0
2023-08-17,114.0,114.6500015258789,113.0,113.3499984741211,101.82628631591795,5708751,0.0,0.0
2023-08-18,113.9000015258789,114.0999984741211,111.5,112.5999984741211,101.15252685546876,8626445,0.0,0.0
2023-08-21,112.8000030517578,114.75,112.3499984741211,114.4000015258789,102.76954650878906,6394425,0.0,0.0
2023-08-22,114.5500030517578,117.4000015258789,114.3499984741211,117.0500030517578,105.15013122558594,9410569,0.0,0.0
2023-08-23,117.3499984741211,118.6999969482422,116.25,117.75,105.77896118164062,14990033,0.0,0.0
2023-08-24,118.4499969482422,119.1999969482422,117.5,118.0,106.00354766845705,17273849,0.0,0.0
2023-08-25,114.0,117.5,114.0,116.5,104.65603637695312,10944286,0.0,0.0
2023-08-28,116.3000030517578,118.1999969482422,116.1999969482422,117.3499984741211,105.41961669921876,7734363,0.0,0.0
2023-08-29,117.5500030517578,117.9000015258789,116.6500015258789,117.1999969482422,105.2848663330078,8257230,0.0,0.0
2023-08-30,117.25,118.0999984741211,115.8000030517578,116.0999984741211,104.29670715332033,8868451,0.0,0.0
2023-08-31,116.0,116.75,114.75,115.0,103.30854034423828,12626049,0.0,0.0
2023-09-01,117.0,122.3000030517578,115.5500030517578,121.3499984741211,109.0129623413086,31991938,0.0,0.0
2023-09-04,122.6999969482422,123.75,121.5,122.6999969482422,110.2257080078125,19622564,0.0,0.0
2023-09-05,123.5,127.0999984741211,121.3000030517578,123.4000015258789,110.85455322265624,41671778,0.0,0.0
2023-09-06,123.0,125.9000015258789,123.0,124.5999984741211,111.93254089355467,20234630,0.0,0.0
2023-09-07,125.0999984741211,127.4000015258789,124.8000030517578,126.0500030517578,113.23514556884766,19840679,0.0,0.0
2023-09-08,127.25,128.85000610351562,125.9000015258789,128.0500030517578,115.03180694580078,20210938,0.0,0.0
2023-09-11,128.9499969482422,129.5500030517578,126.8000030517578,128.5,115.4360580444336,13773356,0.0,0.0
2023-09-12,129.0,129.4499969482422,121.8499984741211,122.25,109.82147216796876,18056666,0.0,0.0
2023-09-13,123.0999984741211,124.8499984741211,120.8000030517578,124.25,111.61814880371094,10650872,0.0,0.0
2023-09-14,124.9499969482422,126.8000030517578,123.5999984741211,125.9000015258789,113.1003875732422,12308230,0.0,0.0
2023-09-15,126.8000030517578,127.0,123.5,123.8499984741211,111.25879669189452,27553333,0.0,0.0
2023-09-18,124.4000015258789,124.5500030517578,122.8000030517578,123.5,110.94438934326172,13376212,0.0,0.0
2023-09-20,124.0999984741211,125.8000030517578,122.9499969482422,123.5500030517578,110.98931121826172,20993004,0.0,0.0
2023-09-21,123.75,125.3000030517578,120.9499969482422,121.1999969482422,108.87821197509766,11814520,0.0,0.0
2023-09-22,121.5999984741211,123.0999984741211,121.5,121.6500015258789,109.282470703125,7745864,0.0,0.0
2023-09-25,121.8000030517578,122.8000030517578,120.0,122.4000015258789,109.95621490478516,11052731,0.0,0.0
2023-09-26,122.3499984741211,123.4000015258789,121.3499984741211,121.5500030517578,109.19263458251952,7023846,0.0,0.0
2023-09-27,121.9499969482422,122.4499969482422,120.8000030517578,121.1999969482422,108.87821197509766,6490723,0.0,0.0
2023-09-28,121.9499969482422,122.6999969482422,121.0,121.4499969482422,109.10279083251952,9719776,0.0,0.0
2023-09-29,122.6500015258789,125.0,122.3000030517578,124.4000015258789,111.75289154052734,14505102,0.0,0.0
2023-10-03,124.4000015258789,126.0500030517578,123.5999984741211,124.0,111.3935546875,13140786,0.0,0.0
2023-10-04,124.0,124.0999984741211,120.1500015258789,121.3499984741211,109.0129623413086,9753480,0.0,0.0
2023-10-05,121.8000030517578,123.5,121.8000030517578,123.0,110.4952163696289,13906951,0.0,0.0
2023-10-06,123.8000030517578,125.1500015258789,122.5500030517578,124.5999984741211,111.93254089355467,12431715,0.0,0.0
2023-10-09,122.4000015258789,122.9000015258789,120.9000015258789,121.8000030517578,109.41722869873048,11378558,0.0,0.0
2023-10-10,122.0,123.4000015258789,121.8499984741211,122.9000015258789,110.40538787841795,9862213,0.0,0.0
2023-10-11,123.25,124.6999969482422,123.0500030517578,123.5500030517578,110.98931121826172,13202599,0.0,0.0
2023-10-12,123.5500030517578,130.39999389648438,123.5500030517578,129.35000610351562,116.19965362548828,44500591,0.0,0.0
2023-10-13,128.89999389648438,132.14999389648438,128.0,128.25,115.2114715576172,32376316,0.0,0.0
2023-10-16,128.39999389648438,130.85000610351562,128.1999969482422,129.9499969482422,116.7386474609375,22411704,0.0,0.0
2023-10-17,130.1999969482422,132.4499969482422,130.1999969482422,131.39999389648438,118.04122924804688,29711623,0.0,0.0
2023-10-18,131.4499969482422,132.4499969482422,130.0500030517578,131.0,117.68190002441406,22761267,0.0,0.0
2023-10-19,130.0,131.0500030517578,129.0,129.3000030517578,116.1547393798828,12766650,0.0,0.0
2023-10-20,129.0,129.3000030517578,123.25,125.0500030517578,112.33680725097656,23340295,0.0,0.0
2023-10-23,125.0,125.4000015258789,119.8000030517578,120.8000030517578,108.51889038085938,17027808,0.0,0.0
2023-10-25,121.5500030517578,121.8000030517578,117.9499969482422,119.6999969482422,107.53070831298828,9531434,0.0,0.0
2023-10-26,118.0,119.25,116.8499984741211,118.5,106.45270538330078,13170505,0.0,0.0
2023-10-27,119.3000030517578,120.3000030517578,118.0,118.25,106.2281265258789,9937564,0.0,0.0
2023-10-30,118.75,119.75,116.9499969482422,118.6999969482422,106.6323699951172,7895004,0.0,0.0
2023-10-31,119.0500030517578,121.4000015258789,116.1500015258789,119.5,107.35104370117188,33212394,0.0,0.0
2023-11-01,120.4000015258789,121.4499969482422,117.4000015258789,117.5999984741211,105.64421081542967,15959172,0.0,0.0
2023-11-02,119.0999984741211,122.3000030517578,118.75,122.0500030517578,109.6417999267578,17644988,0.0,0.0
2023-11-03,122.6999969482422,124.1999969482422,122.0999984741211,123.75,111.1689682006836,12062935,0.0,0.0
2023-11-06,124.6999969482422,125.0,123.0500030517578,123.4000015258789,110.85455322265624,6377850,0.0,0.0
2023-11-07,123.6500015258789,125.8000030517578,122.9000015258789,125.0500030517578,112.33680725097656,7013652,0.0,0.0
2023-11-08,125.75,125.8499984741211,124.0,124.6500015258789,111.97747802734376,7605770,0.0,0.0
2023-11-09,125.0,125.0,123.3000030517578,124.1500015258789,111.52830505371094,7332564,0.0,0.0
2023-11-10,123.9000015258789,125.9000015258789,123.1999969482422,125.5999984741211,112.83088684082033,6880677,0.0,0.0
2023-11-13,126.5,127.3000030517578,125.3499984741211,126.0500030517578,113.23514556884766,5965121,0.0,0.0
2023-11-15,127.3000030517578,129.0500030517578,126.5500030517578,126.8499984741211,113.9538116455078,14489745,0.0,0.0
2023-11-16,126.9000015258789,127.8000030517578,126.0500030517578,126.4000015258789,113.54956817626952,6392633,0.0,0.0
2023-11-17,125.4499969482422,127.1500015258789,124.8000030517578,126.25,113.41481018066406,9122291,0.0,0.0
2023-11-20,125.6500015258789,126.4499969482422,124.1500015258789,124.5500030517578,111.88764190673828,5930799,0.0,0.0
2023-11-21,124.5999984741211,125.4000015258789,124.1500015258789,124.9499969482422,112.2469711303711,5289551,0.0,0.0
2023-11-22,125.0500030517578,125.4499969482422,122.9000015258789,123.8000030517578,111.21389770507812,7738964,0.0,0.0
2023-11-23,124.0500030517578,125.9000015258789,123.6999969482422,124.9499969482422,112.2469711303711,7039867,0.0,0.0
2023-11-24,125.0999984741211,125.6999969482422,123.9000015258789,124.5,111.8427276611328,7037545,0.0,0.0
2023-11-28,124.5500030517578,126.4499969482422,123.6500015258789,125.3000030517578,112.56138610839844,19955790,0.0,0.0
2023-11-29,125.1999969482422,127.0,125.1999969482422,125.9000015258789,113.1003875732422,17797816,0.0,0.0
2023-11-30,125.8499984741211,134.1999969482422,125.3000030517578,131.89999389648438,118.49040222167967,82083861,0.0,0.0
2023-12-01,134.0,137.35000610351562,132.35000610351562,136.0500030517578,122.2184829711914,53660727,0.0,0.0
2023-12-04,139.0,145.10000610351562,138.0,141.89999389648438,127.47373962402344,66257632,0.0,0.0
2023-12-05,142.85000610351562,143.39999389648438,139.5,140.35000610351562,126.08133697509766,25099887,0.0,0.0
2023-12-06,141.14999389648438,142.60000610351562,138.8000030517578,140.60000610351562,126.30592346191406,18752200,0.0,0.0
2023-12-07,140.60000610351562,143.6999969482422,140.0500030517578,142.0500030517578,127.60850524902344,18456707,0.0,0.0
2023-12-08,142.85000610351562,144.8000030517578,137.35000610351562,140.35000610351562,126.08133697509766,18995777,0.0,0.0
2023-12-11,140.0500030517578,143.10000610351562,139.75,141.0500030517578,126.7101593017578,11044633,0.0,0.0
2023-12-12,141.0500030517578,141.60000610351562,138.0,138.75,124.64400482177734,9881478,0.0,0.0
2023-12-13,139.0500030517578,142.0,138.5,141.0500030517578,126.7101593017578,17529522,0.0,0.0
2023-12-14,142.0,147.39999389648438,141.64999389648438,145.5500030517578,130.752685546875,38595458,0.0,0.0
2023-12-15,147.0,149.14999389648438,145.0,145.85000610351562,131.02218627929688,28383880,0.0,0.0
2023-12-18,146.0,147.5,144.5,145.0500030517578,130.3035125732422,10775891,0.0,0.0
2023-12-19,146.10000610351562,146.85000610351562,142.85000610351562,144.39999389648438,129.71957397460938,16040169,0.0,0.0
2023-12-20,145.5,148.0,136.4499969482422,137.75,123.74566650390624,24177947,0.0,0.0
2023-12-21,135.14999389648438,141.0,134.85000610351562,140.6999969482422,126.39575958251952,16747435,0.0,0.0
2023-12-22,142.0,153.14999389648438,141.10000610351562,151.5,136.09774780273438,84784192,0.0,0.0
2023-12-26,152.4499969482422,157.6999969482422,151.39999389648438,154.0,138.34361267089844,44403657,0.0,0.0
2023-12-27,154.9499969482422,155.39999389648438,150.75,151.85000610351562,136.41220092773438,15311946,0.0,0.0
2023-12-28,152.4499969482422,158.85000610351562,151.64999389648438,157.10000610351562,141.1284637451172,37181228,0.0,0.0
2023-12-29,159.75,164.3000030517578,158.0500030517578,162.10000610351562,145.62013244628906,57370272,0.0,0.0
2024-01-01,163.6999969482422,169.35000610351562,162.64999389648438,166.1999969482422,149.30331420898438,40952729,0.0,0.0
2024-01-02,167.10000610351562,167.60000610351562,158.10000610351562,164.0500030517578,147.37188720703125,40801901,0.0,0.0
2024-01-03,164.0,164.39999389648438,160.75,162.14999389648438,145.6650390625,22338899,0.0,0.0
2024-01-04,162.3000030517578,165.6999969482422,162.25,163.14999389648438,146.56336975097656,16795469,0.0,0.0
2024-01-05,166.0,167.10000610351562,161.89999389648438,163.64999389648438,147.0125274658203,36182162,0.0,0.0
2024-01-08,165.35000610351562,165.35000610351562,160.3000030517578,160.6999969482422,144.36245727539062,16705187,0.0,0.0
2024-01-09,161.89999389648438,162.75,159.6999969482422,161.0500030517578,144.67686462402344,21668343,0.0,0.0
2024-01-10,160.89999389648438,161.39999389648438,157.6999969482422,160.0,143.73362731933594,21435177,0.0,0.0
2024-01-11,159.8000030517578,161.10000610351562,155.85000610351562,159.0500030517578,142.8802032470703,37761286,0.0,0.0
2024-01-12,160.8000030517578,164.85000610351562,159.39999389648438,162.39999389648438,145.88963317871094,31798366,0.0,0.0
2024-01-15,163.6999969482422,166.8000030517578,161.5,165.1999969482422,148.40496826171875,26896883,0.0,0.0
2024-01-16,165.35000610351562,168.1999969482422,162.85000610351562,166.89999389648438,149.93211364746094,33401828,0.0,0.0
2024-01-17,165.5,169.0,163.60000610351562,164.10000610351562,147.4167938232422,31113706,0.0,0.0
2024-01-18,164.10000610351562,165.14999389648438,157.75,163.5500030517578,146.92271423339844,20299367,0.0,0.0
2024-01-19,165.0500030517578,169.1999969482422,164.39999389648438,168.3000030517578,151.18980407714844,21251240,0.0,0.0
2024-01-23,168.0,168.3000030517578,155.75,157.1999969482422,141.21826171875,30341132,0.0,0.0
2024-01-24,158.6999969482422,165.10000610351562,156.1999969482422,164.5500030517578,147.821044921875,18968981,0.0,0.0
2024-01-25,166.0,167.14999389648438,164.5500030517578,165.39999389648438,148.58462524414062,16725897,0.0,0.0
2024-01-29,167.9499969482422,174.6999969482422,165.5,171.75,154.28904724121094,58433818,0.0,0.0
2024-01-30,175.0,177.0,171.5,172.0,154.51364135742188,57303068,0.0,0.0
2024-01-31,173.0,174.5,170.35000610351562,172.60000610351562,155.05264282226562,29140358,0.0,0.0
2024-02-01,174.0,175.5,171.3000030517578,173.6999969482422,156.04080200195312,31663125,0.0,0.0
2024-02-02,175.89999389648438,180.0,175.10000610351562,177.89999389648438,159.8137969970703,41748419,0.0,0.0
2024-02-05,180.0,186.5,177.9499969482422,181.6000061035156,163.13766479492188,57505480,0.0,0.0
2024-02-06,178.5,183.0,175.6999969482422,181.5500030517578,168.18649291992188,33761541,5.5,0.0
2024-02-07,182.75,185.3999938964844,178.25,178.9499969482422,165.77786254882812,31684715,0.0,0.0
2024-02-08,180.9499969482422,182.1999969482422,178.0,179.6999969482422,166.47267150878906,19018617,0.0,0.0
2024-02-09,179.89999389648438,180.10000610351562,168.14999389648438,173.10000610351562,160.3584747314453,36193339,0.0,0.0
2024-02-12,173.10000610351562,174.6999969482422,167.5,168.8000030517578,156.375,18334992,0.0,0.0
2024-02-13,169.3000030517578,172.3000030517578,166.35000610351562,170.35000610351562,157.81089782714844,13204257,0.0,0.0
2024-02-14,169.0,176.75,167.25,176.25,163.276611328125,15132347,0.0,0.0
2024-02-15,177.0,186.5,175.64999389648438,184.25,170.687744140625,43688826,0.0,0.0
2024-02-16,185.3999938964844,185.6499938964844,181.75,182.6000061035156,169.15921020507812,19961823,0.0,0.0
2024-02-19,183.0,187.8500061035156,182.1499938964844,183.8500061035156,170.3171844482422,19606057,0.0,0.0
2024-02-20,183.5,186.0,182.5500030517578,184.0,170.45614624023438,11867776,0.0,0.0
2024-02-21,184.6999969482422,185.4499969482422,179.3000030517578,180.3000030517578,167.02850341796875,13671880,0.0,0.0
2024-02-22,181.0,183.1999969482422,177.6999969482422,182.25,168.8349609375,11766044,0.0,0.0
2024-02-23,183.0,183.1000061035156,179.10000610351562,179.89999389648438,166.65792846679688,8219010,0.0,0.0
2024-02-26,180.0,183.5,177.6999969482422,182.1000061035156,168.69601440429688,14909208,0.0,0.0
2024-02-27,182.0,183.25,178.85000610351562,180.5,167.21377563476562,9486385,0.0,0.0
2024-02-28,180.8500061035156,181.8000030517578,176.64999389648438,179.35000610351562,166.14842224121094,12659946,0.0,0.0
2024-02-29,178.75,183.8999938964844,176.3000030517578,182.25,168.8349609375,19475687,0.0,0.0
2024-03-01,184.9499969482422,185.9499969482422,182.1999969482422,184.1499938964844,170.5950927734375,17823470,0.0,0.0
2024-03-04,186.0,192.8999938964844,185.0,190.8500061035156,176.80194091796875,52923468,0.0,0.0
2024-03-05,192.5,196.3500061035156,191.3000030517578,194.1000061035156,179.81271362304688,26849239,0.0,0.0
2024-03-06,194.0500030517578,194.1000061035156,185.6499938964844,190.4499969482422,176.43136596679688,20285523,0.0,0.0
2024-03-07,191.1499938964844,192.4499969482422,187.6000061035156,188.5500030517578,174.67124938964844,7718111,0.0,0.0
2024-03-11,188.0,188.0,181.9499969482422,183.25,169.76136779785156,14087639,0.0,0.0
2024-03-12,183.25,184.6000061035156,178.6999969482422,179.89999389648438,166.65792846679688,16435560,0.0,0.0
2024-03-13,179.89999389648438,180.1499938964844,166.3000030517578,168.6999969482422,156.28233337402344,22832224,0.0,0.0
2024-03-14,168.0,176.60000610351562,166.0500030517578,176.10000610351562,163.1376495361328,22996586,0.0,0.0
2024-03-15,176.60000610351562,176.64999389648438,165.5500030517578,173.8000030517578,161.0069580078125,42241333,0.0,0.0
2024-03-18,174.5,178.0,173.14999389648438,175.89999389648438,162.95237731933594,10899780,0.0,0.0
2024-03-19,175.85000610351562,176.5,172.39999389648438,172.9499969482422,160.21951293945312,9713217,0.0,0.0
2024-03-20,173.0,174.85000610351562,168.6999969482422,174.0,161.19223022460938,8692031,0.0,0.0
2024-03-21,175.10000610351562,177.3000030517578,173.8000030517578,175.0500030517578,162.16493225097656,13773426,0.0,0.0
2024-03-22,175.0,176.0,172.8000030517578,174.10000610351562,161.28488159179688,12396239,0.0,0.0
2024-03-26,174.10000610351562,181.25,172.0500030517578,180.5,167.21377563476562,22741278,0.0,0.0
2024-03-27,182.8500061035156,183.6999969482422,179.64999389648438,180.3000030517578,167.02850341796875,13833150,0.0,0.0
2024-03-28,181.3500061035156,182.3999938964844,179.64999389648438,181.0500030517578,167.72329711914062,10519502,0.0,0.0
2024-04-01,181.3999938964844,184.5,180.6999969482422,182.3500061035156,168.9276123046875,8712471,0.0,0.0
2024-04-02,183.0,184.3000030517578,177.5,183.3000030517578,169.80767822265625,17194544,0.0,0.0
2024-04-03,184.0,191.75,182.3999938964844,189.1000061035156,175.18075561523438,40868454,0.0,0.0
2024-04-04,190.4499969482422,190.4499969482422,184.8500061035156,186.5,172.77210998535156,16507602,0.0,0.0
2024-04-05,186.1999969482422,191.4499969482422,184.3000030517578,190.75,176.7093048095703,15022150,0.0,0.0
2024-04-08,191.0500030517578,201.8500061035156,191.0500030517578,200.75,185.9732208251953,56272730,0.0,0.0
2024-04-09,203.0,206.8999938964844,200.4499969482422,203.8500061035156,188.84503173828125,37997348,0.0,0.0
2024-04-10,204.5,209.8999938964844,201.6000061035156,202.1999969482422,187.3164825439453,27923078,0.0,0.0
2024-04-12,204.0,205.0,199.3500061035156,201.1000061035156,186.2974395751953,30179782,0.0,0.0
2024-04-15,197.0,208.6000061035156,196.6000061035156,203.6999969482422,188.70606994628903,44962181,0.0,0.0
2024-04-16,203.0,210.1000061035156,201.1000061035156,205.8500061035156,190.69781494140625,31636637,0.0,0.0
2024-04-18,208.0,213.6499938964844,202.25,203.5500030517578,188.567123413086,30645258,0.0,0.0
2024-04-19,203.0,204.0,197.25,201.9499969482422,187.0848846435547,22533995,0.0,0.0
2024-04-22,204.5,204.5,195.9499969482422,198.75,184.1204376220703,36002648,0.0,0.0
2024-04-23,201.0,202.5500030517578,198.5,199.6499938964844,184.9541778564453,13558545,0.0,0.0
2024-04-24,200.8999938964844,208.8000030517578,199.1999969482422,207.3999938964844,192.1337127685547,31299709,0.0,0.0
2024-04-25,207.3000030517578,209.0,206.1000061035156,208.0,192.68955993652344,12365830,0.0,0.0
2024-04-26,208.8999938964844,211.6999969482422,207.3000030517578,208.0500030517578,192.7358856201172,13324638,0.0,0.0
2024-04-29,208.8999938964844,211.1000061035156,207.5500030517578,209.5500030517578,194.12545776367188,10194865,0.0,0.0
2024-04-30,209.9499969482422,212.25,208.6499938964844,209.1000061035156,193.70860290527344,17217978,0.0,0.0
2024-05-02,209.0,210.1499938964844,201.6999969482422,205.0500030517578,189.95669555664065,17430514,0.0,0.0
2024-05-03,207.0,208.5,200.6499938964844,203.8000030517578,188.7987365722656,15781876,0.0,0.0
2024-05-06,204.5,204.5,196.1000061035156,197.8000030517578,183.2403564453125,25048200,0.0,0.0
2024-05-07,198.25,198.8500061035156,191.5500030517578,192.75,178.56207275390625,15026421,0.0,0.0
2024-05-08,195.0,201.75,193.8000030517578,201.1499938964844,186.34378051757807,23505647,0.0,0.0
2024-05-09,201.8500061035156,203.3000030517578,192.3999938964844,193.3000030517578,179.07159423828125,19166975,0.0,0.0
2024-05-10,195.0,196.5,189.1999969482422,192.5500030517578,178.37681579589844,14080312,0.0,0.0
2024-05-13,192.5500030517578,193.6999969482422,187.3500061035156,192.9499969482422,178.74734497070312,12436159,0.0,0.0
2024-05-14,193.4499969482422,200.8999938964844,193.1999969482422,200.0500030517578,185.32473754882807,15962440,0.0,0.0
2024-05-15,201.1000061035156,202.8500061035156,198.5,200.75,185.9732208251953,12338883,0.0,0.0
2024-05-16,201.5500030517578,202.75,191.0,195.4499969482422,181.06332397460932,32045529,0.0,0.0
2024-05-17,195.8999938964844,205.3000030517578,195.1499938964844,203.8999938964844,188.891342163086,30620083,0.0,0.0
2024-05-21,208.6999969482422,211.3000030517578,203.75,204.1999969482422,189.1692657470703,34640241,0.0,0.0
2024-05-22,206.6000061035156,206.6000061035156,198.25,200.75,185.9732208251953,36029532,0.0,0.0
2024-05-23,202.0,203.25,199.5500030517578,200.4499969482422,185.6952972412109,30667689,0.0,0.0
2024-05-24,201.0,206.8500061035156,199.1499938964844,204.4499969482422,189.40087890625,23963389,0.0,0.0
2024-05-27,206.75,207.1499938964844,200.5,202.4499969482422,187.548080444336,15755998,0.0,0.0
2024-05-28,203.3999938964844,203.5500030517578,198.3999938964844,200.5,185.7416229248047,11658134,0.0,0.0
2024-05-29,198.5,201.3000030517578,198.0500030517578,200.6999969482422,185.9268951416016,11373374,0.0,0.0
2024-05-30,201.0,203.1499938964844,197.8999938964844,199.3999938964844,184.7225646972656,16892576,0.0,0.0
2024-05-31,200.8500061035156,205.1499938964844,200.0,204.3000030517578,189.26193237304688,45410243,0.0,0.0
2024-06-03,217.0,233.1999969482422,211.1499938964844,230.8000030517578,213.8112945556641,106239940,0.0,0.0
2024-06-04,230.4499969482422,230.4499969482422,173.5,190.3000030517578,176.29241943359375,144638353,0.0,0.0
2024-06-05,198.1000061035156,198.3000030517578,182.9499969482422,195.1499938964844,180.7854156494141,49797002,0.0,0.0
2024-06-06,201.0,210.8500061035156,199.1000061035156,207.8999938964844,192.596908569336,41316996,0.0,0.0
2024-06-07,211.1999969482422,214.3999938964844,207.8999938964844,212.6999969482422,197.0435943603516,31816743,0.0,0.0
2024-06-10,214.3999938964844,217.69000244140625,205.88999938964844,208.17999267578125,192.85630798339844,38291847,0.0,0.0
2024-06-11,208.1999969482422,214.25,205.92999267578125,212.8600006103516,197.1918334960937,58491135,0.0,0.0
2024-06-12,216.0,220.25,214.44000244140625,216.9199981689453,200.9529571533203,37632644,0.0,0.0
2024-06-13,219.0500030517578,220.1999969482422,214.2700042724609,219.8300018310547,203.64878845214844,26308017,0.0,0.0
2024-06-14,219.8999938964844,225.5,219.1100006103516,221.8300018310547,205.50157165527344,32311984,0.0,0.0
2024-06-18,223.8000030517578,224.3999938964844,220.1499938964844,222.259994506836,205.89991760253903,18556534,0.0,0.0
2024-06-19,222.259994506836,222.8500061035156,215.6999969482422,216.27999877929688,200.360092163086,20546373,0.0,0.0
2024-06-20,217.8999938964844,221.5,215.16000366210932,218.6000061035156,202.5093231201172,18495221,0.0,0.0
2024-06-21,219.8000030517578,219.8000030517578,214.0,214.759994506836,198.95196533203125,16928662,0.0,0.0
2024-06-24,212.8999938964844,213.3300018310547,208.5500030517578,212.6499938964844,196.99728393554688,23293709,0.0,0.0
2024-06-25,214.3000030517578,215.5,211.6100006103516,213.1499938964844,197.46047973632807,12615853,0.0,0.0
2024-06-26,211.6999969482422,215.16000366210932,209.52999877929688,213.42999267578125,197.7198638916016,18166674,0.0,0.0
2024-06-27,214.5,218.4600067138672,213.4499969482422,217.9499969482422,201.9071502685547,24218669,0.0,0.0
2024-06-28,218.3000030517578,223.1499938964844,217.8999938964844,219.5500030517578,203.38937377929688,25103775,0.0,0.0
2024-07-01,220.25,224.0,219.5500030517578,222.5500030517578,206.1685791015625,20094833,0.0,0.0
2024-07-02,223.6499938964844,226.0,219.8000030517578,221.6699981689453,205.3533477783203,23734457,0.0,0.0
2024-07-03,222.0,222.8500061035156,219.1499938964844,220.13999938964844,203.9359588623047,11406984,0.0,0.0
2024-07-04,221.0,221.7899932861328,217.27999877929688,219.16000366210932,203.0280914306641,15067769,0.0,0.0
2024-07-05,219.1499938964844,223.9499969482422,217.5399932861328,222.9600067138672,206.54837036132807,20660843,0.0,0.0
2024-07-08,223.5,231.44000244140625,221.2700042724609,230.4900054931641,213.52413940429688,28199193,0.0,0.0
2024-07-09,232.8699951171875,234.1000061035156,228.0,229.1100006103516,212.2456817626953,24236853,0.0,0.0
2024-07-10,229.8800048828125,231.75,219.8600006103516,229.22999572753903,212.3568572998047,18643698,0.0,0.0
2024-07-11,229.8999938964844,230.75,226.0,229.3999938964844,212.51434326171875,15939530,0.0,0.0
2024-07-12,229.6999969482422,233.8000030517578,224.6999969482422,228.7100067138672,211.87515258789065,26631708,0.0,0.0
2024-07-15,229.6000061035156,238.0,228.08999633789065,237.16000366210932,219.70315551757807,32695974,0.0,0.0
2024-07-16,238.1999969482422,239.1100006103516,233.0,233.41000366210932,216.22918701171875,19213934,0.0,0.0
2024-07-18,233.509994506836,233.8699951171875,227.759994506836,228.8600006103516,212.0140991210937,14554717,0.0,0.0
2024-07-19,228.8600006103516,228.8600006103516,219.0200042724609,219.759994506836,203.5839233398437,17266945,0.0,0.0
2024-07-22,217.8000030517578,226.4499969482422,216.16000366210932,222.8699951171875,206.4650115966797,14249258,0.0,0.0
2024-07-23,225.8999938964844,225.8999938964844,209.1499938964844,219.7899932861328,203.6117248535156,18437981,0.0,0.0
2024-07-24,219.0,225.0,218.1000061035156,223.6699981689453,207.2061309814453,10123727,0.0,0.0
2024-07-25,222.0,229.7899932861328,218.97000122070312,228.3999938964844,211.5879669189453,21033610,0.0,0.0
2024-07-26,230.0,232.6199951171875,229.2400054931641,230.63999938964844,213.6630706787109,16686103,0.0,0.0
2024-07-29,231.5,234.1699981689453,230.0,231.8699951171875,214.8025360107422,12472241,0.0,0.0
2024-07-30,233.6999969482422,236.3999938964844,231.8999938964844,233.75,216.54415893554688,18713036,0.0,0.0
2024-07-31,241.0,246.3000030517578,238.4600067138672,240.97000122070312,223.23269653320312,87632493,0.0,0.0
2024-08-01,242.9499969482422,243.9499969482422,237.1199951171875,239.0,221.40773010253903,21967072,0.0,0.0
2024-08-02,236.38999938964844,239.5,232.1000061035156,237.009994506836,219.56417846679688,14930829,0.0,0.0
2024-08-05,230.0,230.77999877929688,221.0,224.57000732421875,208.03988647460932,18627263,0.0,0.0
2024-08-06,225.9900054931641,230.5599975585937,222.3999938964844,223.3999938964844,206.9559936523437,14389267,0.0,0.0
2024-08-07,227.1100006103516,234.0800018310547,225.6000061035156,233.5200042724609,216.3311004638672,16963242,0.0,0.0
2024-08-08,232.0,232.22999572753903,226.6699981689453,227.3099975585937,210.57818603515625,13656192,0.0,0.0
2024-08-09,231.6999969482422,231.6999969482422,227.0,227.3800048828125,210.64303588867188,9460718,0.0,0.0
2024-08-12,226.47999572753903,234.8999938964844,225.3600006103516,231.8999938964844,214.830322265625,20362324,0.0,0.0
2024-08-13,233.2899932861328,234.1000061035156,226.1000061035156,227.16000366210932,210.43923950195312,12565171,0.0,0.0
2024-08-14,228.3000030517578,229.8699951171875,225.07000732421875,226.66000366210932,209.9760284423828,12489039,0.0,0.0
2024-08-16,228.27999877929688,233.0,226.63999938964844,232.5500030517578,215.4324951171875,10347738,0.0,0.0
2024-08-19,234.0,239.6000061035156,233.52999877929688,238.92999267578125,221.3428649902344,19004338,0.0,0.0
2024-08-20,240.0,241.6499938964844,236.1199951171875,236.72000122070312,219.2955322265625,13957013,0.0,0.0
2024-08-21,238.0,238.7899932861328,235.3500061035156,236.1499938964844,218.7675018310547,7715949,0.0,0.0
2024-08-22,237.1499938964844,237.5,233.5,234.07000732421875,216.84060668945312,10788298,0.0,0.0
2024-08-23,234.6000061035156,235.2899932861328,228.8500061035156,229.47000122070312,212.57920837402344,11234936,0.0,0.0
2024-08-26,231.1999969482422,235.8999938964844,229.8500061035156,235.25,217.93374633789065,13276274,0.0,0.0
2024-08-27,235.0,237.8000030517578,234.1000061035156,236.5200042724609,219.1102600097656,11974901,0.0,0.0
2024-08-28,237.5,238.0,234.16000366210932,235.47000122070312,218.13754272460932,11745870,0.0,0.0
2024-08-29,234.0500030517578,235.17999267578125,228.69000244140625,231.91000366210932,214.839584350586,14620812,0.0,0.0
2024-08-30,232.509994506836,239.3300018310547,232.509994506836,237.69000244140625,220.19415283203125,23605945,0.0,0.0
2024-09-02,238.6499938964844,240.2899932861328,233.3800048828125,234.0599975585937,216.8313446044922,11344611,0.0,0.0
2024-09-03,235.0,235.7700042724609,231.1499938964844,232.52999877929688,215.41395568847656,11468711,0.0,0.0
2024-09-04,229.08999633789065,231.44000244140625,227.97000122070312,229.97000122070312,213.0424041748047,10067531,0.0,0.0
2024-09-05,231.6999969482422,231.8000030517578,226.91000366210932,228.1199951171875,211.3285675048828,12026014,0.0,0.0
2024-09-06,227.8999938964844,228.4199981689453,221.9499969482422,222.82000732421875,206.418701171875,12081433,0.0,0.0
2024-09-09,222.1000061035156,223.0,215.8000030517578,217.75,201.72189331054688,11247785,0.0,0.0
2024-09-10,219.3999938964844,221.83999633789065,217.58999633789065,219.92999267578125,203.74139404296875,10945760,0.0,0.0
2024-09-11,220.0800018310547,221.259994506836,215.0,217.19000244140625,201.2031097412109,12709020,0.0,0.0
2024-09-12,218.1999969482422,220.97000122070312,217.6100006103516,220.63999938964844,204.399154663086,9267929,0.0,0.0
2024-09-13,220.63999938964844,221.7400054931641,218.19000244140625,218.8699951171875,202.75942993164065,8023988,0.0,0.0
2024-09-16,220.0,220.5500030517578,217.0,217.8300018310547,201.7959899902344,6528370,0.0,0.0
2024-09-17,218.67999267578125,221.4499969482422,217.8699951171875,219.72999572753903,203.5561370849609,7453731,0.0,0.0
2024-09-18,219.72000122070312,221.13999938964844,216.0200042724609,217.94000244140625,201.8979034423828,9639142,0.0,0.0
2024-09-19,219.0,219.4499969482422,208.6199951171875,210.9199981689453,195.3946228027344,22834523,0.0,0.0
2024-09-20,211.9199981689453,214.2400054931641,209.8699951171875,212.16000366210932,196.54335021972656,29582243,0.0,0.0
2024-09-23,213.0,220.9499969482422,211.6300048828125,220.3300018310547,204.1119842529297,17538036,0.0,0.0
2024-09-24,220.1999969482422,223.6999969482422,219.58999633789065,222.67999267578125,206.2889862060547,13952725,0.0,0.0
2024-09-25,222.63999938964844,226.0,222.0599975585937,225.58999633789065,208.9847869873047,14897710,0.0,0.0
2024-09-26,226.9499969482422,231.1100006103516,224.8699951171875,230.57000732421875,213.5982360839844,25633119,0.0,0.0
2024-09-27,234.0,237.8999938964844,232.0,236.97999572753903,219.53640747070312,31529491,0.0,0.0
2024-09-30,234.0,245.0,230.6499938964844,240.2899932861328,222.60275268554688,29251437,0.0,0.0
2024-10-01,240.1999969482422,244.5,239.009994506836,239.759994506836,222.1117553710937,14256684,0.0,0.0
2024-10-03,232.13999938964844,243.9900054931641,232.13999938964844,240.3000030517578,222.6120147705078,22452808,0.0,0.0
2024-10-04,241.4499969482422,241.9900054931641,229.2400054931641,230.19000244140625,213.2461853027344,20561689,0.0,0.0
2024-10-07,232.0,234.25,222.0500030517578,223.94000244140625,207.4562530517578,15437600,0.0,0.0
2024-10-08,222.22000122070312,227.3600006103516,221.0800018310547,224.75,208.2066345214844,9387045,0.0,0.0
2024-10-09,225.25,226.6300048828125,222.1499938964844,222.5599975585937,206.1778259277344,9953771,0.0,0.0
2024-10-10,224.0,229.47000122070312,223.5800018310547,225.6199951171875,209.01258850097656,10108642,0.0,0.0
2024-10-11,226.0,230.5,225.4199981689453,229.3999938964844,212.51434326171875,12660791,0.0,0.0
2024-10-14,229.3999938964844,231.6000061035156,227.1499938964844,230.6699981689453,213.6908721923828,12947771,0.0,0.0
2024-10-15,230.1300048828125,233.8999938964844,228.32000732421875,231.22999572753903,214.2096405029297,16946397,0.0,0.0
2024-10-16,230.52999877929688,234.5,229.7100067138672,231.8600006103516,214.7932891845703,14363208,0.0,0.0
2024-10-17,229.3500061035156,230.1300048828125,220.88999938964844,222.0200042724609,205.67758178710932,15315848,0.0,0.0
2024-10-18,222.0,222.17999267578125,217.3500061035156,221.42999267578125,205.1309967041016,10150771,0.0,0.0
2024-10-21,223.0,223.5500030517578,218.6000061035156,219.6499938964844,203.4820098876953,8211751,0.0,0.0
2024-10-22,218.2100067138672,219.5399932861328,211.3500061035156,212.1300048828125,196.5155487060547,12878742,0.0,0.0
2024-10-23,210.72000122070312,215.33999633789065,208.1000061035156,211.47000122070312,195.9041290283203,7866079,0.0,0.0
2024-10-24,211.25,213.69000244140625,210.0,210.44000244140625,194.949935913086,6846772,0.0,0.0
2024-10-25,210.5,211.1000061035156,202.44000244140625,206.0800018310547,190.910888671875,10268644,0.0,0.0
2024-10-28,205.0,209.27999877929688,203.57000732421875,206.8500061035156,191.6242218017578,12266987,0.0,0.0
2024-10-29,205.6499938964844,207.5500030517578,200.19000244140625,205.1199951171875,190.0215606689453,12717208,0.0,0.0
2024-10-30,204.16000366210932,206.8500061035156,202.3300018310547,203.72999572753903,188.73385620117188,8970199,0.0,0.0
2024-10-31,203.0,203.9600067138672,199.509994506836,199.9900054931641,185.2691650390625,12812568,0.0,0.0
2024-11-01,199.9900054931641,201.8999938964844,198.0500030517578,200.16000366210932,185.42665100097656,2606575,0.0,0.0
2024-11-04,200.1699981689453,200.3099975585937,194.759994506836,196.19000244140625,181.74888610839844,10478575,0.0,0.0
2024-11-05,195.8000030517578,196.9900054931641,191.6999969482422,196.41000366210932,181.9526824951172,17109329,0.0,0.0
2024-11-06,201.0,209.9900054931641,201.0,208.9199981689453,193.54185485839844,40549292,0.0,0.0
2024-11-07,209.3000030517578,216.47000122070312,208.0,210.42999267578125,194.940673828125,21951907,0.0,0.0
2024-11-08,210.0,210.0,203.82000732421875,204.1699981689453,189.1414794921875,13570458,0.0,0.0
2024-11-11,202.0,206.1999969482422,201.8000030517578,202.92999267578125,187.9927520751953,8551604,0.0,0.0
2024-11-12,203.0,205.1999969482422,193.5,194.1499938964844,179.8590087890625,17295996,0.0,0.0
2024-11-13,193.8999938964844,194.6999969482422,188.9499969482422,189.47000122070312,175.52352905273438,12112022,0.0,0.0
2024-11-14,189.509994506836,192.0,187.92999267578125,188.88999938964844,174.9862060546875,12252336,0.0,0.0
2024-11-18,190.0,190.8500061035156,184.6199951171875,185.4600067138672,171.80868530273438,14792702,0.0,0.0
2024-11-19,185.63999938964844,189.5,185.63999938964844,186.67999267578125,172.9388885498047,9668218,0.0,0.0
2024-11-21,187.1100006103516,190.25,180.4199981689453,188.3000030517578,174.43963623046875,17368997,0.0,0.0
2024-11-22,189.58999633789065,193.6199951171875,188.16000366210932,192.6100006103516,178.43238830566406,8159852,0.0,0.0
2024-11-25,197.3999938964844,201.1999969482422,196.8300018310547,199.19000244140625,184.528060913086,21024516,0.0,0.0
2024-11-26,199.19000244140625,199.9199981689453,193.0200042724609,193.97000122070312,179.69227600097656,10102404,0.0,0.0
2024-11-27,194.6000061035156,195.5,192.5,194.8800048828125,180.5352935791016,8033396,0.0,0.0
2024-11-28,194.8999938964844,199.25,193.6499938964844,196.6999969482422,182.2213287353516,15723274,0.0,0.0
2024-11-29,197.6999969482422,200.5599975585937,196.4499969482422,199.4600067138672,184.77818298339844,12489971,0.0,0.0
2024-12-02,198.3999938964844,199.1999969482422,197.0,198.5399932861328,183.9259033203125,8234055,0.0,0.0
2024-12-03,199.5,201.19000244140625,199.0,199.9900054931641,185.2691650390625,8800984,0.0,0.0
2024-12-04,201.6000061035156,208.02999877929688,201.3699951171875,206.72999572753903,191.51304626464844,14841619,0.0,0.0
2024-12-05,208.4499969482422,209.6999969482422,205.5500030517578,208.8699951171875,193.4955139160156,12412144,0.0,0.0
2024-12-06,208.8699951171875,213.3999938964844,208.509994506836,210.41000366210932,194.92218017578125,14026104,0.0,0.0
2024-12-09,210.3999938964844,211.8999938964844,208.2100067138672,208.6699981689453,193.31024169921875,7980018,0.0,0.0
2024-12-10,208.8000030517578,209.94000244140625,206.8800048828125,207.5399932861328,192.263412475586,7239820,0.0,0.0
2024-12-11,206.5,207.82000732421875,205.0,205.82000732421875,190.67002868652344,6858258,0.0,0.0
2024-12-12,205.3000030517578,207.6000061035156,204.41000366210932,205.22000122070312,190.1141967773437,5419304,0.0,0.0
2024-12-13,205.0,205.6000061035156,199.83999633789065,204.8999938964844,189.81773376464844,4879404,0.0,0.0
2024-12-16,204.75,205.0,201.3699951171875,203.82000732421875,188.81724548339844,10337056,0.0,0.0
2024-12-17,203.0,205.0,198.1100006103516,199.57000732421875,184.8800811767578,10164638,0.0,0.0
2024-12-18,198.0,199.3600006103516,193.0,193.5399932861328,179.2939453125,13124279,0.0,0.0
2024-12-19,189.1000061035156,197.0,188.72999572753903,193.6199951171875,179.36802673339844,13972934,0.0,0.0
2024-12-20,194.009994506836,199.77999877929688,191.72000122070312,192.4199981689453,178.25634765625,25818265,0.0,0.0
2024-12-23,194.1999969482422,198.19000244140625,191.6300048828125,193.97000122070312,179.69227600097656,20954043,0.0,0.0
2024-12-24,193.97000122070312,201.4900054931641,193.8600006103516,198.0599975585937,183.4812164306641,22726193,0.0,0.0
2024-12-26,198.6000061035156,200.7100067138672,196.5,197.6300048828125,183.08287048339844,9338804,0.0,0.0
2024-12-27,196.9900054931641,197.72999572753903,192.1100006103516,192.5,178.3304901123047,8010778,0.0,0.0
2024-12-30,193.0,193.82000732421875,187.5,188.7400054931641,174.8472442626953,24223648,0.0,0.0
2024-12-31,188.3500061035156,192.13999938964844,187.3500061035156,190.97999572753903,176.92236328125,8397949,0.0,0.0
2025-01-01,191.02999877929688,191.6000061035156,189.02999877929688,191.08999633789065,177.02426147460938,3721986,0.0,0.0
2025-01-02,191.0,191.8800048828125,187.5599975585937,191.1000061035156,177.0335235595703,9157431,0.0,0.0
2025-01-03,191.69000244140625,193.759994506836,189.7400054931641,191.08999633789065,177.02426147460938,16593190,0.0,0.0
2025-01-06,191.38999938964844,191.3999938964844,183.8000030517578,184.6699981689453,171.0768280029297,20865981,0.0,0.0
2025-01-07,186.3099975585937,189.27999877929688,183.9600067138672,186.0599975585937,172.36451721191406,14521936,0.0,0.0
2025-01-08,187.0,191.6699981689453,186.9900054931641,190.5800018310547,176.55181884765625,14658568,0.0,0.0
2025-01-09,190.3999938964844,190.8699951171875,182.3300018310547,183.0200042724609,169.5482940673828,14447702,0.0,0.0
2025-01-10,183.5,184.8699951171875,177.75,179.5800018310547,166.3614959716797,11987426,0.0,0.0
2025-01-13,175.17999267578125,178.75999450683594,171.64999389648438,172.14999389648438,159.4783935546875,12564130,0.0,0.0
2025-01-14,173.19000244140625,178.1999969482422,173.10000610351562,175.9600067138672,163.00796508789062,16272268,0.0,0.0
2025-01-15,177.14999389648438,179.99000549316406,175.77000427246094,177.94000244140625,164.84222412109375,11373283,0.0,0.0
2025-01-16,181.9499969482422,182.3000030517578,178.0500030517578,180.5200042724609,167.23231506347656,6929944,0.0,0.0
2025-01-17,179.60000610351562,182.7899932861328,179.44000244140625,180.9499969482422,167.63064575195312,5519645,0.0,0.0
2025-01-20,180.9499969482422,182.8999938964844,179.1199951171875,182.0599975585937,168.65896606445312,5329580,0.0,0.0
2025-01-21,181.8099975585937,183.6000061035156,179.3000030517578,179.91000366210938,166.66720581054688,6654450,0.0,0.0
2025-01-22,179.27000427246094,180.6199951171875,172.25,176.4600067138672,163.47116088867188,9583003,0.0,0.0
2025-01-23,175.1999969482422,180.2899932861328,175.1999969482422,179.66000366210938,166.43560791015625,7865833,0.0,0.0
2025-01-24,178.80999755859375,180.08999633789062,175.33999633789062,175.83999633789062,162.8967742919922,6235286,0.0,0.0
2025-01-27,173.0,174.10000610351562,166.6999969482422,167.64999389648438,155.30963134765625,22215768,0.0,0.0
2025-01-28,166.75,170.19000244140625,163.35000610351562,166.1300048828125,153.90151977539062,18592348,0.0,0.0
2025-01-29,166.35000610351562,168.1999969482422,164.41000366210938,165.22000122070312,153.0585174560547,16409375,0.0,0.0
2025-01-30,165.35000610351562,172.99000549316406,165.35000610351562,167.11000061035156,154.80938720703125,30173614,0.0,0.0
2025-01-31,169.25,178.8699951171875,167.14999389648438,177.1199951171875,164.0825653076172,36650691,0.0,0.0
2025-02-01,178.94000244140625,180.5,174.5,175.60000610351562,162.67445373535156,14451252,0.0,0.0
2025-02-03,176.0,177.17999267578125,173.07000732421875,174.33999633789062,161.5072021484375,17456702,0.0,0.0
2025-02-04,176.0,178.4499969482422,175.0,178.0,164.89779663085938,12517209,0.0,0.0
2025-02-05,180.11000061035156,180.94000244140625,178.35000610351562,179.5,166.28738403320312,12940845,0.0,0.0
2025-02-06,180.0,180.8699951171875,176.5,178.41000366210938,165.27761840820312,14963364,0.0,0.0
2025-02-07,171.0,173.39999389648438,170.10000610351562,171.0500030517578,164.45079040527344,12418542,6.5,0.0
2025-02-10,171.0500030517578,171.63999938964844,167.5,168.10000610351562,161.61460876464844,11546697,0.0,0.0
2025-02-11,167.10000610351562,167.72999572753906,160.72999572753906,161.69000244140625,155.451904296875,19520499,0.0,0.0
2025-02-12,160.10000610351562,161.14999389648438,155.50999450683594,159.75999450683594,153.5963592529297,20114096,0.0,0.0
2025-02-13,159.35000610351562,164.7899932861328,159.35000610351562,162.3300018310547,156.0672149658203,12193757,0.0,0.0
2025-02-14,162.50999450683594,165.3000030517578,160.75,162.2899932861328,156.02874755859375,18449659,0.0,0.0
2025-02-17,160.30999755859375,161.4199981689453,157.75999450683594,160.1699981689453,153.9905548095703,14124277,0.0,0.0
2025-02-18,160.1699981689453,164.75,157.60000610351562,164.07000732421875,157.74008178710938,13591407,0.0,0.0
2025-02-19,162.2100067138672,164.75999450683594,161.64999389648438,163.52999877929688,157.22091674804688,9842304,0.0,0.0
2025-02-20,162.10000610351562,167.42999267578125,161.61000061035156,167.13999938964844,160.691650390625,10110659,0.0,0.0
2025-02-21,166.89999389648438,168.49000549316406,163.08999633789062,164.2100067138672,157.87469482421875,10215346,0.0,0.0
2025-02-24,161.5,165.69000244140625,160.6999969482422,164.5800018310547,158.2304229736328,7411226,0.0,0.0
2025-02-25,164.0,165.55999755859375,160.5,160.74000549316406,154.53855895996094,6520927,0.0,0.0
2025-02-27,160.0,161.94000244140625,157.47000122070312,159.3699951171875,153.22142028808594,8836252,0.0,0.0
2025-02-28,158.99000549316406,158.99000549316406,153.64999389648438,156.0399932861328,150.01988220214844,24910367,0.0,0.0
2025-03-03,156.0399932861328,159.0,153.30999755859375,154.0500030517578,148.10667419433594,21947511,0.0,0.0
2025-03-04,153.0,153.89999389648438,150.52000427246094,153.1699981689453,147.2606201171875,11758879,0.0,0.0
2025-03-05,153.5,159.25,153.35000610351562,158.9499969482422,152.81761169433594,11875941,0.0,0.0
2025-03-06,160.6999969482422,162.6199951171875,159.00999450683594,161.4600067138672,155.2307891845703,9112943,0.0,0.0
2025-03-07,161.41000366210938,161.94000244140625,157.39999389648438,158.13999938964844,152.0388641357422,12554271,0.0,0.0
2025-03-10,158.0,160.25,154.1999969482422,155.13999938964844,149.15460205078125,12901373,0.0,0.0
2025-03-11,154.4499969482422,157.3000030517578,153.0,156.77999877929688,150.73133850097656,8510794,0.0,0.0
2025-03-12,157.39999389648438,161.64999389648438,157.3000030517578,159.1999969482422,153.0579833984375,12855790,0.0,0.0
2025-03-13,159.4600067138672,161.3000030517578,157.7100067138672,157.9600067138672,151.86582946777344,9241718,0.0,0.0
2025-03-17,157.88999938964844,159.1999969482422,156.41000366210938,156.5800018310547,150.53904724121094,9745451,0.0,0.0
2025-03-18,157.6,164.25,157.1,163.0,150.53904724121094,12630804,0.0,0.0
2025-03-19,163.0,166.6199951171875,162.6199951171875,165.9600067138672,159.5571746826172,11002564,0.0,0.0
2025-03-20,167.07000732421875,169.3800048828125,164.64999389648438,168.4600067138672,161.96072387695312,10268944,0.0,0.0
2025-03-21,168.4499969482422,177.3300018310547,168.39999389648438,175.0500030517578,168.29647827148438,33864565,0.0,0.0
2025-03-24,178.75999450683594,186.3999938964844,178.1999969482422,181.27999877929688,174.28611755371094,33972530,0.0,0.0
2025-03-25,183.0,183.3099975585937,177.0,177.6999969482422,170.84423828125,15135251,0.0,0.0
2025-03-26,177.0,179.5,173.4199981689453,174.07000732421875,167.3542938232422,15788440,0.0,0.0
2025-03-27,172.89999389648438,182.25,172.1999969482422,181.5599975585937,174.55532836914062,23986738,0.0,0.0
2025-03-28,181.9900054931641,184.9499969482422,180.8099975585937,183.0399932861328,175.9781951904297,22871476,0.0,0.0
2025-04-01,181.58999633789065,186.9499969482422,179.6699981689453,186.32000732421875,179.13168334960938,16373953,0.0,0.0
2025-04-02,184.0500030517578,186.8999938964844,183.1000061035156,184.0599975585937,176.9588623046875,13488498,0.0,0.0
2025-04-03,182.0599975585937,185.5,180.57000732421875,183.6300048828125,176.5454559326172,10999215,0.0,0.0
2025-04-04,183.1999969482422,184.8999938964844,175.0,176.61000061035156,169.79627990722656,12870074,0.0,0.0
2025-04-07,159.8000030517578,171.6999969482422,159.61000061035156,169.02999877929688,162.5087127685547,14675014,0.0,0.0
2025-04-08,174.4199981689453,177.42999267578125,169.69000244140625,172.57000732421875,165.91217041015625,11262619,0.0,0.0
2025-04-09,172.8000030517578,173.57000732421875,167.4199981689453,168.86000061035156,162.3452911376953,8093175,0.0,0.0
2025-04-11,173.02000427246094,173.3699951171875,169.30999755859375,171.7100067138672,165.08534240722656,11757223,0.0,0.0
2025-04-15,176.69000244140625,180.759994506836,174.8800048828125,178.99000549316406,172.08445739746094,15842566,0.0,0.0
2025-04-16,178.0,185.0,176.30999755859375,184.6999969482422,177.5741729736328,20404245,0.0,0.0
2025-04-17,184.6999969482422,188.6999969482422,183.8099975585937,186.9900054931641,179.77581787109375,19477011,0.0,0.0
2025-04-21,190.5,197.0,188.58999633789065,195.32000732421875,187.7844696044922,31364829,0.0,0.0
2025-04-22,196.1100006103516,196.6999969482422,192.7899932861328,193.2400054931641,185.78469848632807,15312211,0.0,0.0
2025-04-23,194.2899932861328,194.8000030517578,189.8999938964844,193.5,186.03466796875,8545702,0.0,0.0
2025-04-24,192.2100067138672,194.27999877929688,191.8999938964844,193.2400054931641,185.78469848632807,12332917,0.0,0.0
2025-04-25,193.0,194.6699981689453,184.8800048828125,186.7400054931641,179.53546142578125,9791154,0.0,0.0
2025-04-28,185.9900054931641,191.1000061035156,185.83999633789065,189.32000732421875,182.01593017578125,8332481,0.0,0.0
2025-04-29,189.3699951171875,193.19000244140625,188.8999938964844,189.6000061035156,182.28512573242188,6147630,0.0,0.0
2025-04-30,189.1499938964844,192.3000030517578,187.41000366210932,189.08999633789065,181.7947998046875,11049144,0.0,0.0
2025-05-02,190.0,192.6000061035156,187.72999572753903,188.4199981689453,181.1506500244141,6381498,0.0,0.0
2025-05-05,189.5399932861328,193.1000061035156,187.2700042724609,191.19000244140625,183.8137969970703,11170518,0.0,0.0
2025-05-06,192.0,192.1199951171875,184.88999938964844,186.41000366210932,179.21820068359375,6179703,0.0,0.0
2025-05-07,183.0,190.3000030517578,183.0,189.22999572753903,181.9293975830078,7734600,0.0,0.0
2025-05-08,188.5200042724609,191.3800048828125,182.47999572753903,184.2700042724609,177.16075134277344,10327093,0.0,0.0
2025-05-09,178.75999450683594,182.8999938964844,178.60000610351562,181.6000061035156,174.59378051757812,13961118,0.0,0.0
2025-05-12,187.33999633789065,189.1300048828125,186.0399932861328,187.8000030517578,180.55458068847656,12160088,0.0,0.0
2025-05-13,188.72999572753903,189.5200042724609,183.1000061035156,183.8300018310547,176.73773193359375,18769044,0.0,0.0
2025-05-14,185.0,187.83999633789065,183.009994506836,185.92999267578125,178.75669860839844,13578551,0.0,0.0
2025-05-15,186.5,186.5,182.8500061035156,185.0200042724609,177.88182067871094,14364503,0.0,0.0
2025-05-16,184.9499969482422,187.5,184.3800048828125,186.27999877929688,179.0932159423828,17089599,0.0,0.0
2025-05-19,187.38999938964844,190.9499969482422,186.3000030517578,189.47999572753903,182.16973876953125,14465387,0.0,0.0
2025-05-20,190.38999938964844,194.0,188.8999938964844,191.1000061035156,183.72726440429688,21788836,0.0,0.0
2025-05-21,191.3999938964844,191.5,187.5,190.63999938964844,183.2849884033203,10013046,0.0,0.0
2025-05-22,189.75,193.0,189.2100067138672,192.6100006103516,185.1790008544922,10157103,0.0,0.0
2025-05-23,192.91000366210932,193.9900054931641,190.07000732421875,191.27999877929688,183.9003143310547,9709796,0.0,0.0
2025-05-26,192.0,194.66000366210932,191.9600067138672,193.1499938964844,185.6981506347656,7364228,0.0,0.0
2025-05-27,193.0,194.3000030517578,190.6100006103516,193.97999572753903,186.49612426757807,9676557,0.0,0.0
2025-05-28,194.0,197.27999877929688,193.1100006103516,194.33999633789065,186.8422393798828,11799541,0.0,0.0
2025-05-29,193.75,194.57000732421875,190.8600006103516,191.75,184.3521728515625,15154707,0.0,0.0
2025-05-30,192.0,193.0,188.9600067138672,189.8000030517578,182.4774169921875,26351115,0.0,0.0
2025-06-02,189.8000030517578,192.25,188.3099975585937,191.7100067138672,184.3137359619141,8101618,0.0,0.0
2025-06-03,191.75,194.8699951171875,191.2700042724609,191.91000366210932,184.50601196289065,10598180,0.0,0.0
2025-06-04,191.8999938964844,193.0,186.3000030517578,189.5200042724609,182.20822143554688,17603834,0.0,0.0
2025-06-05,190.69000244140625,192.8699951171875,189.5,190.6199951171875,183.2657623291016,7467344,0.0,0.0
2025-06-06,190.6199951171875,191.8800048828125,189.72000122070312,191.1499938964844,183.7753143310547,6637216,0.0,0.0
2025-06-09,191.5,194.8000030517578,191.38999938964844,193.63999938964844,186.1692657470703,7485555,0.0,0.0
2025-06-10,195.0,197.5,192.75,195.6699981689453,188.12094116210932,11402867,0.0,0.0
2025-06-11,197.009994506836,200.6000061035156,196.3000030517578,200.08999633789065,192.37042236328125,24303718,0.0,0.0
2025-06-12,202.3999938964844,202.7899932861328,191.759994506836,192.17999267578125,184.7655792236328,27331751,0.0,0.0
2025-06-13,190.0,192.52999877929688,185.1699981689453,191.33999633789065,183.95797729492188,15290087,0.0,0.0
2025-06-16,192.5,192.6499938964844,188.5,191.6300048828125,184.23681640625,7728599,0.0,0.0
2025-06-17,191.6300048828125,192.5,188.8000030517578,190.47000122070312,183.1215667724609,8847687,0.0,0.0
2025-06-18,188.6100006103516,190.3999938964844,185.1999969482422,185.72000122070312,178.55482482910156,11903224,0.0,0.0
2025-06-19,185.5,186.4600067138672,179.5,180.41000366210932,173.44969177246094,18702293,0.0,0.0
2025-06-20,180.1499938964844,182.6199951171875,179.4199981689453,181.8500061035156,174.83413696289062,18520686,0.0,0.0
2025-06-23,180.0,185.16000366210932,179.85000610351562,184.759994506836,177.63185119628906,11308631,0.0,0.0
2025-06-24,186.0599975585937,187.88999938964844,185.1100006103516,185.4900054931641,178.3336944580078,7404157,0.0,0.0
2025-06-25,187.38999938964844,187.38999938964844,183.6100006103516,183.97999572753903,176.88194274902344,8112854,0.0,0.0
2025-06-26,184.6199951171875,187.1999969482422,183.83999633789065,186.7899932861328,179.58352661132812,12858332,0.0,0.0
2025-06-27,187.6999969482422,191.6100006103516,187.1100006103516,191.0200042724609,183.65036010742188,13050123,0.0,0.0
2025-06-30,192.0,192.4499969482422,189.25,190.83999633789065,183.477279663086,9866638,0.0,0.0
2025-07-01,191.1000061035156,191.32000732421875,188.0,189.6199951171875,182.30435180664065,8969214,0.0,0.0
2025-07-02,190.4600067138672,191.9900054931641,188.1499938964844,190.759994506836,183.40036010742188,13834006,0.0,0.0
2025-07-03,191.3099975585937,193.5200042724609,190.759994506836,192.7400054931641,185.30398559570312,14497014,0.0,0.0
2025-07-04,192.7400054931641,195.19000244140625,191.6499938964844,193.41000366210932,185.94813537597656,11748872,0.0,0.0
2025-07-07,193.5,195.3000030517578,192.72000122070312,193.1499938964844,185.6981506347656,10135456,0.0,0.0
2025-07-08,193.1000061035156,195.4499969482422,192.17999267578125,192.6300048828125,185.1982269287109,10024889,0.0,0.0
2025-07-09,192.6999969482422,192.6999969482422,184.6999969482422,185.02999877929688,177.89144897460938,27312219,0.0,0.0
2025-07-10,187.0,187.0,184.1000061035156,185.6699981689453,178.50674438476562,13016217,0.0,0.0
2025-07-11,185.3000030517578,185.3000030517578,181.5500030517578,181.88999938964844,174.87258911132812,13793909,0.0,0.0
2025-07-14,181.88999938964844,184.3999938964844,180.11000061035156,183.63999938964844,176.55506896972656,15937447,0.0,0.0
2025-07-15,182.32000732421875,184.9900054931641,182.32000732421875,184.7100067138672,177.5837860107422,7678880,0.0,0.0
2025-07-16,184.69000244140625,185.17999267578125,183.3999938964844,184.3300018310547,177.2184600830078,8484342,0.0,0.0
2025-07-17,184.759994506836,186.1000061035156,184.1000061035156,185.2899932861328,178.1414031982422,7030843,0.0,0.0
2025-07-18,185.0,186.0399932861328,183.1000061035156,185.22999572753903,178.08370971679688,7725761,0.0,0.0
2025-07-21,184.6000061035156,185.0200042724609,183.3800048828125,184.1199951171875,177.0165557861328,5533832,0.0,0.0
2025-07-22,184.1999969482422,184.8500061035156,183.259994506836,184.02999877929688,176.93002319335938,6991724,0.0,0.0
2025-07-23,184.0,186.6000061035156,183.9600067138672,186.38999938964844,179.19895935058594,7798034,0.0,0.0
2025-07-24,186.5800018310547,188.88999938964844,186.5800018310547,187.97000122070312,180.718017578125,11684679,0.0,0.0
2025-07-25,187.1300048828125,187.8300018310547,183.08999633789065,183.509994506836,176.43008422851562,10429865,0.0,0.0
2025-07-28,183.509994506836,185.6199951171875,179.5500030517578,180.6300048828125,173.66119384765625,11229894,0.0,0.0
2025-07-29,179.3000030517578,185.33999633789065,178.1999969482422,182.97999572753903,175.9205322265625,13852750,0.0,0.0
2025-07-30,182.9900054931641,183.07000732421875,179.89999389648438,180.57000732421875,173.603515625,8784760,0.0,0.0
2025-07-31,178.0,178.91000366210938,177.36000061035156,177.67999267578125,170.82501220703125,7939221,0.0,0.0
2025-08-01,177.6699981689453,177.67999267578125,173.85000610351562,174.38999938964844,167.66192626953125,12964065,0.0,0.0
2025-08-04,173.6999969482422,175.3699951171875,172.5,174.5399932861328,168.77394104003906,9781181,1.0,0.0
2025-08-05,174.5399932861328,174.89999389648438,170.6999969482422,171.33999633789062,165.67965698242188,14688223,0.0,0.0
2025-08-06,171.88999938964844,172.0,169.32000732421875,169.91000366210938,164.29690551757812,16492438,0.0,0.0
2025-08-07,169.66000366210938,169.85000610351562,167.25,169.49000549316406,163.89077758789062,13072513,0.0,0.0
2025-08-08,169.42999267578125,172.0,168.3000030517578,171.14999389648438,165.4959259033203,15908370,0.0,0.0
2025-08-11,171.14999389648438,173.22999572753906,170.10000610351562,173.02000427246094,167.3041534423828,5576496,0.0,0.0
2025-08-12,173.0,175.24000549316406,172.47999572753906,174.3000030517578,168.54188537597656,7141744,0.0,0.0
2025-08-13,174.1999969482422,174.75999450683594,172.3000030517578,173.36000061035156,167.63291931152344,6019021,0.0,0.0
2025-08-14,173.05999755859375,174.83999633789062,172.8699951171875,173.92999267578125,168.18409729003906,8864011,0.0,0.0
2025-08-18,174.0,174.50999450683594,172.36000061035156,173.66000366210938,167.9230194091797,6363956,0.0,0.0
2025-08-19,173.39999389648438,176.3000030517578,173.39999389648438,174.88999938964844,169.1123809814453,6732317,0.0,0.0
2025-08-20,175.16000366210938,179.38999938964844,174.88999938964844,178.1199951171875,172.2356719970703,10610680,0.0,0.0
2025-08-21,178.75,178.8800048828125,177.1199951171875,177.77000427246094,171.89723205566406,7252426,0.0,0.0
2025-08-22,177.61000061035156,177.94000244140625,176.0500030517578,176.80999755859375,170.9689483642578,6424964,0.0,0.0
2025-08-25,176.82000732421875,176.86000061035156,175.05999755859375,175.89999389648438,170.08900451660156,8324913,0.0,0.0
2025-08-26,174.3300018310547,175.8699951171875,171.0,171.63999938964844,165.96974182128906,9987523,0.0,0.0
2025-08-28,171.63999938964844,172.39999389648438,169.55999755859375,171.22000122070312,165.56362915039062,8495627,0.0,0.0
2025-08-29,170.17999267578125,174.0,170.05999755859375,173.07000732421875,167.35250854492188,8823629,0.0,0.0
2025-09-01,173.1199951171875,176.16000366210938,172.86000061035156,175.94000244140625,170.127685546875,6770507,0.0,0.0
2025-09-02,176.0500030517578,180.4499969482422,175.72000122070312,179.2899932861328,173.3670196533203,8668666,0.0,0.0
2025-09-03,180.38999938964844,181.3500061035156,176.94000244140625,178.02000427246094,172.1389923095703,6209706,0.0,0.0
2025-09-04,178.58999633789062,178.75,174.0,174.66000366210938,168.88998413085938,9769773,0.0,0.0
2025-09-05,174.6699981689453,175.22000122070312,172.61000061035156,173.97000122070312,168.2227783203125,7598903,0.0,0.0
2025-09-08,173.97000122070312,174.5,172.02999877929688,172.3699951171875,166.67562866210938,5686270,0.0,0.0
2025-09-09,172.38999938964844,173.63999938964844,171.6999969482422,172.9600067138672,167.24615478515625,8186535,0.0,0.0
2025-09-10,173.39999389648438,174.77999877929688,173.10000610351562,173.89999389648438,168.1550750732422,7050241,0.0,0.0
2025-09-11,175.89999389648438,179.77999877929688,175.3000030517578,179.00999450683594,173.0962677001953,13059152,0.0,0.0
2025-09-12,180.5,183.8000030517578,178.10000610351562,178.5500030517578,172.65147399902344,19079692,0.0,0.0
2025-09-15,179.0,180.57000732421875,177.66000366210938,179.92999267578125,173.98587036132812,4509947,0.0,0.0
2025-09-16,180.6999969482422,182.5,179.25,182.2400054931641,176.21957397460938,6383724,0.0,0.0
2025-09-17,182.2400054931641,182.9900054931641,180.6999969482422,181.6000061035156,175.6007080078125,4834786,0.0,0.0
2025-09-18,182.0,182.97999572753903,180.25,180.9499969482422,174.97218322753906,5872596,0.0,0.0
2025-09-19,181.1000061035156,182.0500030517578,180.5,181.6499938964844,175.6490478515625,6567199,0.0,0.0
2025-09-22,181.6000061035156,182.3600006103516,179.85000610351562,180.9499969482422,174.97218322753906,5333007,0.0,0.0
2025-09-23,181.1000061035156,181.6999969482422,178.14999389648438,178.66000366210938,172.75782775878906,6368313,0.0,0.0
2025-09-24,178.6999969482422,179.0,175.66000366210938,175.91000366210938,170.09869384765625,10054492,0.0,0.0
2025-09-25,176.0,177.66000366210938,174.0,174.4199981689453,168.6579132080078,8858607,0.0,0.0
2025-09-26,174.30999755859375,174.5500030517578,171.3000030517578,172.02000427246094,166.33718872070312,8760356,0.0,0.0
2025-09-29,172.77999877929688,177.10000610351562,171.89999389648438,176.49000549316406,170.65953063964844,12460294,0.0,0.0
2025-09-30,176.5,177.32000732421875,175.5,176.2899932861328,170.46612548828125,9899684,0.0,0.0
2025-10-01,175.6999969482422,176.49000549316406,173.75,174.55999755859375,168.79327392578125,6383909,0.0,0.0
2025-10-03,174.72000122070312,177.75,174.47999572753906,177.36000061035156,171.5007781982422,7695671,0.0,0.0
2025-10-06,175.32000732421875,178.16000366210938,175.32000732421875,176.6199951171875,170.78521728515625,5015866,0.0,0.0
2025-10-07,176.61000061035156,180.2400054931641,176.5399932861328,179.89999389648438,173.9568634033203,8793661,0.0,0.0
2025-10-08,180.8300018310547,181.3000030517578,177.1300048828125,177.52000427246094,171.65550231933594,9739699,0.0,0.0
2025-10-09,177.52000427246094,179.17999267578125,177.52000427246094,178.4499969482422,172.5547637939453,5696104,0.0,0.0
2025-10-10,178.3000030517578,181.0,178.3000030517578,179.2100067138672,173.2896728515625,12004977,0.0,0.0
2025-10-13,178.8000030517578,180.6999969482422,176.38999938964844,180.3300018310547,174.37266540527344,11256078,0.0,0.0
2025-10-14,180.3300018310547,183.5,173.47000122070312,175.3699951171875,169.57652282714844,13393866,0.0,0.0
2025-10-15,176.0800018310547,178.49000549316406,175.6199951171875,177.3699951171875,171.5104522705078,10456218,0.0,0.0
2025-10-16,177.3699951171875,180.8000030517578,177.10000610351562,179.1699981689453,173.2509765625,11918586,0.0,0.0
2025-10-17,179.2100067138672,179.2100067138672,176.02000427246094,177.60000610351562,171.73284912109375,10653158,0.0,0.0
2025-10-20,179.1999969482422,179.75,177.97999572753906,178.4199981689453,172.52577209472656,5945439,0.0,0.0
2025-10-21,178.82000732421875,179.0,177.9499969482422,178.38999938964844,172.4967498779297,550754,0.0,0.0
2025-10-23,178.88999938964844,181.3699951171875,178.39999389648438,180.0800018310547,174.1309356689453,6890426,0.0,0.0
2025-10-24,179.89999389648438,182.3999938964844,179.60000610351562,181.0200042724609,175.0398712158203,14617812,0.0,0.0
2025-10-27,181.0500030517578,181.5,179.5,180.1699981689453,174.21795654296875,7633630,0.0,0.0
2025-10-28,180.1699981689453,180.9499969482422,177.4600067138672,178.4600067138672,172.564453125,4486173,0.0,0.0
2025-10-29,179.0,186.44000244140625,178.75,184.63999938964844,178.540283203125,16216434,0.0,0.0
2025-10-30,186.0,186.1000061035156,182.32000732421875,183.08999633789065,177.04148864746094,10890893,0.0,0.0
2025-10-31,183.38999938964844,185.8999938964844,181.3000030517578,182.759994506836,176.72238159179688,12162645,0.0,0.0
2025-11-03,182.44000244140625,184.44000244140625,177.83999633789062,183.69000244140625,177.62167358398438,11050075,0.0,0.0
2025-11-04,183.97999572753903,184.4900054931641,180.75,181.6199951171875,175.62005615234375,11320462,0.0,0.0
2025-11-06,182.8000030517578,182.8000030517578,178.64999389648438,178.97999572753906,173.0672607421875,8609714,0.0,0.0
2025-11-07,178.3000030517578,181.42999267578125,177.16000366210938,180.47000122070312,174.50804138183594,5863620,0.0,0.0
2025-11-10,179.60000610351562,182.25,179.60000610351562,181.5200042724609,175.5233612060547,6801002,0.0,0.0
2025-11-11,181.3999938964844,182.69000244140625,179.75999450683594,182.33999633789065,176.31625366210938,4352265,0.0,0.0
2025-11-12,182.509994506836,183.44000244140625,181.75,182.4499969482422,176.42262268066406,9245014,0.0,0.0
2025-11-13,182.4499969482422,185.3699951171875,182.17999267578125,183.6699981689453,177.60232543945312,8521444,0.0,0.0
2025-11-14,183.0,184.02999877929688,182.07000732421875,183.41000366210932,177.35092163085938,5496277,0.0,0.0
2025-11-17,182.8999938964844,185.6300048828125,182.5500030517578,185.3000030517578,179.17848205566406,6749568,0.0,0.0
2025-11-18,186.4900054931641,186.4900054931641,183.009994506836,184.3099975585937,178.22117614746094,6258414,0.0,0.0
2025-11-19,184.3999938964844,184.8800048828125,183.3000030517578,184.0500030517578,177.96978759765625,3032584,0.0,0.0
2025-11-20,184.17999267578125,185.1699981689453,183.0200042724609,184.3099975585937,178.22117614746094,6809330,0.0,0.0
2025-11-21,184.0,184.77999877929688,181.69000244140625,182.9900054931641,176.94480895996094,8936258,0.0,0.0
2025-11-24,182.1100006103516,183.6100006103516,180.00999450683594,181.08999633789065,175.10755920410156,13399523,0.0,0.0
2025-11-25,181.08999633789065,182.1499938964844,179.5,180.22000122070312,174.26629638671875,5775748,0.0,0.0
2025-11-26,180.10000610351562,185.5800018310547,180.0,185.16000366210932,179.04310607910156,7831961,0.0,0.0
2025-11-27,185.1999969482422,186.8699951171875,183.1199951171875,183.8000030517578,177.72804260253906,3082841,0.0,0.0
2025-11-28,172.22000122070312,176.39999389648438,171.8000030517578,176.08999633789062,170.27273559570312,60244650,0.0,0.0
2025-12-01,177.0,177.42999267578125,174.83999633789062,175.41000366210938,169.61520385742188,14586098,0.0,0.0
2025-12-02,175.2100067138672,176.66000366210938,174.5,175.0,169.21875,6840703,0.0,0.0
2025-12-03,175.0500030517578,175.5,169.6999969482422,170.27000427246094,164.64500427246094,19784622,0.0,0.0
2025-12-04,170.99000549316406,171.8699951171875,169.75,170.6300048828125,164.9931182861328,7624463,0.0,0.0
2025-12-05,171.0,171.60000610351562,169.52999877929688,169.97999572753906,164.3645782470703,5577375,0.0,0.0
2025-12-08,169.97999572753906,170.4199981689453,165.49000549316406,166.80999755859375,161.29931640625,10883405,0.0,0.0
2025-12-09,165.4199981689453,168.6199951171875,164.22000122070312,167.88999938964844,162.3436279296875,12988637,0.0,0.0
2025-12-10,167.97999572753906,169.89999389648438,167.35000610351562,168.02000427246094,162.46932983398438,6217163,0.0,0.0
2025-12-11,168.02000427246094,170.44000244140625,167.72999572753906,168.9499969482422,163.3686065673828,4976531,0.0,0.0
2025-12-12,170.0,174.2899932861328,169.3000030517578,170.7100067138672,165.0704803466797,18497271,0.0,0.0
2025-12-15,170.64999389648438,170.64999389648438,168.75999450683594,169.86000061035156,164.24855041503906,6675122,0.0,0.0
2025-12-16,169.77999877929688,169.77999877929688,167.42999267578125,168.32000732421875,162.75942993164062,7581502,0.0,0.0
2025-12-17,169.10000610351562,170.5,168.0,169.07000732421875,163.48464965820312,3369805,0.0,0.0
2025-12-18,168.60000610351562,169.49000549316406,166.89999389648438,167.5500030517578,162.01486206054688,3743055,0.0,0.0
2025-12-19,167.61000061035156,170.24000549316406,167.61000061035156,169.75999450683594,164.15184020996094,8766941,0.0,0.0
2025-12-22,170.00999450683594,172.22999572753906,169.3000030517578,171.72000122070312,166.04710388183594,4118436,0.0,0.0
2025-12-23,171.50999450683594,172.6999969482422,171.1300048828125,172.0399932861328,166.3565216064453,3548499,0.0,0.0
2025-12-24,173.0,173.80999755859375,170.74000549316406,171.0,165.35089111328125,4467016,0.0,0.0
2025-12-26,170.99000549316406,171.97999572753906,170.3800048828125,171.02000427246094,165.3702392578125,1942413,0.0,0.0
2025-12-29,171.0,171.5,169.9199981689453,170.4199981689453,164.79005432128906,2857519,0.0,0.0
2025-12-30,170.35000610351562,171.0,169.75999450683594,170.6300048828125,164.9931182861328,4526325,0.0,0.0
2025-12-31,170.6999969482422,172.6999969482422,170.6999969482422,172.16000366210938,166.4725799560547,6139095,0.0,0.0
2026-01-01,172.0,172.5,171.0399932861328,171.77000427246094,166.095458984375,2897460,0.0,0.0
2026-01-02,171.5500030517578,176.07000732421875,171.5500030517578,175.3800048828125,169.58619689941406,13698712,0.0,0.0
2026-01-05,175.39999389648438,175.89999389648438,172.35000610351562,173.0500030517578,167.3331756591797,7405173,0.0,0.0
2026-01-06,173.0,173.0,168.85000610351562,169.38999938964844,163.7940673828125,8771407,0.0,0.0
2026-01-07,169.39999389648438,170.13999938964844,167.60000610351562,168.47999572753906,162.9141387939453,7890426,0.0,0.0
2026-01-08,168.02999877929688,168.4199981689453,163.0500030517578,163.52999877929688,158.12765502929688,9689093,0.0,0.0
2026-01-09,163.49000549316406,165.41000366210938,163.10000610351562,164.36000061035156,158.9302520751953,7540855,0.0,0.0
2026-01-12,163.99000549316406,167.10000610351562,161.89999389648438,166.5500030517578,161.0478973388672,8511255,0.0,0.0
2026-01-13,167.3800048828125,168.1999969482422,164.08999633789062,165.25999450683594,159.80050659179688,7864353,0.0,0.0
2026-01-14,164.99000549316406,166.5500030517578,164.25,165.1699981689453,159.71348571777344,12730825,0.0,0.0
2026-01-16,164.39999389648438,166.25,163.47999572753906,164.24000549316406,158.814208984375,20549276,0.0,0.0
2026-01-19,164.24000549316406,165.66000366210938,163.58999633789062,164.72000122070312,159.27835083007812,4566527,0.0,0.0
2026-01-20,164.0,164.61000061035156,160.6300048828125,161.2100067138672,155.88430786132812,6841149,0.0,0.0
2026-01-21,161.2100067138672,165.25999450683594,159.7899932861328,162.67999267578125,157.30572509765625,16082935,0.0,0.0
2026-01-22,163.69000244140625,164.6199951171875,162.41000366210938,163.57000732421875,158.16635131835938,12111105,0.0,0.0
2026-01-23,165.0,165.0399932861328,160.0,160.80999755859375,155.4975128173828,8178368,0.0,0.0
2026-01-27,160.80999755859375,161.39999389648438,158.36000061035156,159.97999572753906,154.6949462890625,20808770,0.0,0.0
2026-01-28,161.10000610351562,168.6699981689453,161.10000610351562,168.13999938964844,162.58535766601562,11194053,0.0,0.0
2026-01-29,168.14999389648438,171.9499969482422,165.75,167.3800048828125,161.85049438476562,15216722,0.0,0.0
2026-01-30,167.35000610351562,168.10000610351562,165.2100067138672,167.2899932861328,161.76344299316406,15845745,0.0,0.0
2026-02-02,162.69000244140625,162.69000244140625,157.8000030517578,160.38999938964844,155.09140014648438,17376481,0.0,0.0
2026-02-03,165.39999389648438,166.49000549316406,161.39999389648438,162.8000030517578,157.42178344726562,32679436,0.0,0.0
2026-02-04,163.69000244140625,165.8000030517578,162.8000030517578,165.41000366210938,159.945556640625,15626744,0.0,0.0
2026-02-05,161.52000427246094,161.60000610351562,159.41000366210938,160.17999267578125,159.71621704101562,13323350,5.0,0.0
2026-02-06,160.0,163.6199951171875,159.02999877929688,162.99000549316406,162.51809692382812,15057595,0.0,0.0
2026-02-09,163.1999969482422,164.24000549316406,162.5,163.63999938964844,163.16619873046875,14553493,0.0,0.0
2026-02-10,163.7899932861328,167.1199951171875,163.6999969482422,164.5500030517578,164.07357788085938,14629394,0.0,0.0
2026-02-11,164.63999938964844,164.63999938964844,161.8000030517578,163.47000122070312,162.9967041015625,8859790,0.0,0.0
2026-02-12,163.0,164.5,162.0399932861328,163.72000122070312,163.2459716796875,13190080,0.0,0.0
2026-02-13,162.39999389648438,163.3300018310547,161.1199951171875,161.69000244140625,161.2218475341797,8523271,0.0,0.0
2026-02-16,161.67999267578125,165.10000610351562,161.3000030517578,164.82000732421875,164.34278869628906,10223455,0.0,0.0
2026-02-17,164.1999969482422,165.89999389648438,163.86000061035156,165.75,165.2700958251953,8756094,0.0,0.0
2026-02-18,166.5,169.2899932861328,165.58999633789062,167.30999755859375,166.82557678222656,11790520,0.0,0.0
2026-02-19,167.30999755859375,169.36000061035156,165.85000610351562,166.8800048828125,166.39683532714844,17067659,0.0,0.0
2026-02-20,166.00999450683594,170.0,165.8000030517578,168.47000122070312,167.9822235107422,14668133,0.0,0.0
2026-02-23,168.8000030517578,169.3000030517578,166.47000122070312,167.1300048828125,166.64610290527344,7494561,0.0,0.0
2026-02-24,165.60000610351562,168.58999633789062,165.60000610351562,167.86000061035156,167.37399291992188,8809408,0.0,0.0
2026-02-25,168.0,170.30999755859375,167.75,170.0,169.50778198242188,10027465,0.0,0.0
2026-02-26,170.5,171.1999969482422,168.41000366210938,169.9600067138672,169.46791076660156,13026917,0.0,0.0
2026-02-27,169.4499969482422,171.4600067138672,167.6699981689453,169.52999877929688,169.03915405273438,17164115,0.0,0.0
2026-03-02,165.5,167.9600067138672,163.5,165.07000732421875,164.59207153320312,17268287,0.0,0.0
2026-03-04,160.0,160.52999877929688,154.0,154.61000061035156,154.162353515625,30080625,0.0,0.0
2026-03-05,155.49000549316406,157.86000061035156,154.41000366210938,156.72999572753906,156.2761993408203,18400202,0.0,0.0
2026-03-06,155.89999389648438,157.8000030517578,153.64999389648438,155.7100067138672,155.25917053222656,14633439,0.0,0.0
2026-03-09,152.0,152.0,146.41000366210938,148.97999572753906,148.54864501953125,20704576,0.0,0.0
2026-03-10,151.0,152.5,149.25,150.2899932861328,149.85484313964844,20823909,0.0,0.0
2026-03-11,151.38999938964844,154.89999389648438,147.32000732421875,147.97000122070312,147.5415802001953,23526066,0.0,0.0
2026-03-12,147.0,153.92999267578125,144.6699981689453,152.35000610351562,151.90890502929688,16072499,0.0,0.0
2026-03-13,152.5,153.2899932861328,147.4499969482422,147.77999877929688,147.3521270751953,11388686,0.0,0.0
2026-03-16,149.0,150.2899932861328,144.5,146.05999755859375,145.63710021972656,10325467,0.0,0.0
2026-03-17,147.0,148.3800048828125,145.5500030517578,147.7100067138672,147.28233337402344,13154638,0.0,0.0
2026-03-18,148.49000549316406,151.6300048828125,147.55999755859375,150.9499969482422,150.512939453125,10219424,0.0,0.0
2026-03-19,148.97000122070312,148.97000122070312,143.8000030517578,144.27000427246094,143.852294921875,10509747,0.0,0.0
2026-03-20,146.02000427246094,147.35000610351562,142.44000244140625,142.8699951171875,142.45632934570312,21738634,0.0,0.0
2026-03-23,141.22999572753906,142.10000610351562,134.36000061035156,135.39999389648438,135.00796508789062,16552069,0.0,0.0
2026-03-24,139.0,139.8800048828125,134.60000610351562,137.6699981689453,137.27139282226562,22824139,0.0,0.0
2026-03-25,139.8000030517578,140.85000610351562,138.3000030517578,139.1999969482422,138.79696655273438,17031700,0.0,0.0
2026-03-27,139.0,139.72000122070312,136.55999755859375,137.19000244140625,136.79278564453125,18663640,0.0,0.0
2026-03-30,135.88999938964844,140.25,135.0,137.7100067138672,137.31129455566406,21810845,0.0,0.0
2026-04-01,141.39999389648438,142.72999572753906,139.41000366210938,140.6699981689453,140.26271057128906,15145719,0.0,0.0
2026-04-02,138.9499969482422,142.0,137.5,141.72999572753906,141.31964111328125,15268069,0.0,0.0
2026-04-06,141.72999572753906,143.6300048828125,140.1699981689453,143.13999938964844,142.72555541992188,11466136,0.0,0.0
2026-04-07,143.0,145.77999877929688,141.00999450683594,145.3800048828125,144.95907592773438,15413074,0.0,0.0
2026-04-08,152.7100067138672,156.5,151.27999877929688,153.3000030517578,152.85614013671875,21095009,0.0,0.0
2026-04-09,153.3000030517578,154.6999969482422,151.24000549316406,152.22000122070312,151.77926635742188,10066115,0.0,0.0
2026-04-10,153.49000549316406,154.97999572753906,151.91000366210938,154.0800018310547,153.63388061523438,14099404,0.0,0.0
2026-04-13,148.5,154.3000030517578,148.5,153.7100067138672,153.2649688720703,15551444,0.0,0.0
2026-04-15,157.0,157.10000610351562,155.16000366210938,156.1199951171875,155.66796875,13040725,0.0,0.0
2026-04-16,157.9600067138672,159.2899932861328,156.6699981689453,158.9199981689453,158.45986938476562,9582628,0.0,0.0
2026-04-17,160.0,160.0,157.25,157.82000732421875,157.36306762695312,13015627,0.0,0.0
2026-04-20,157.9199981689453,158.89999389648438,156.02000427246094,157.6999969482422,157.24339294433594,5864225,0.0,0.0
2026-04-21,157.6999969482422,162.5,157.6999969482422,160.77000427246094,160.3045196533203,13146924,0.0,0.0
2026-04-22,160.89999389648438,166.8000030517578,160.64999389648438,166.1199951171875,165.63902282714844,14769257,0.0,0.0
2026-04-23,166.0,167.88999938964844,164.02000427246094,164.9600067138672,164.48239135742188,13410932,0.0,0.0
2026-04-24,165.9600067138672,166.3000030517578,163.35000610351562,165.61000061035156,165.13050842285156,9362530,0.0,0.0
2026-04-27,166.8000030517578,167.77999877929688,164.89999389648438,165.74000549316406,165.2601318359375,18132384,0.0,0.0
2026-04-28,165.88999938964844,167.22000122070312,165.05999755859375,165.67999267578125,165.20028686523438,6106987,0.0,0.0
2026-04-29,166.5399932861328,167.9600067138672,164.57000732421875,165.66000366210938,165.18035888671875,8164580,0.0,0.0
2026-04-30,164.67999267578125,164.67999267578125,161.30999755859375,163.22999572753906,162.75738525390625,7518096,0.0,0.0
2026-05-04,165.3000030517578,167.49000549316406,164.13999938964844,164.47999572753906,164.00376892089844,8799974,0.0,0.0
2026-05-05,164.8000030517578,165.8000030517578,162.5,163.6999969482422,163.2260284423828,14543449,0.0,0.0
2026-05-06,164.24000549316406,165.9499969482422,163.75,165.67999267578125,165.20028686523438,4397644,0.0,0.0
2026-05-07,165.89999389648438,167.85000610351562,165.89999389648438,167.25999450683594,166.7757110595703,5313543,0.0,0.0
2026-05-08,167.39999389648438,168.08999633789062,165.89999389648438,166.49000549316406,166.00796508789062,3887936,0.0,0.0
2026-05-11,165.60000610351562,165.60000610351562,162.2100067138672,162.50999450683594,162.0394744873047,3743808,0.0,0.0
2026-05-12,161.00999450683594,162.7899932861328,159.6999969482422,160.35000610351562,159.8857421875,9681167,0.0,0.0
2026-05-13,160.0,164.80999755859375,159.10000610351562,163.30999755859375,162.837158203125,8542104,0.0,0.0
2026-05-14,164.25,165.89999389648438,159.39999389648438,162.61000061035156,162.13919067382812,7848939,0.0,0.0
2026-05-15,162.6699981689453,163.39999389648438,161.05999755859375,162.1300048828125,161.66058349609375,7062872,0.0,0.0
2026-05-18,160.64999389648438,161.0,157.63999938964844,160.22000122070312,159.756103515625,13238998,0.0,0.0
2026-05-19,160.32000732421875,161.3000030517578,155.17999267578125,156.1199951171875,155.66796875,17108046,0.0,0.0
2026-05-20,155.83999633789062,156.0,151.7100067138672,155.63999938964844,155.18936157226562,11539253,0.0,0.0
2026-05-21,156.5,157.5399932861328,154.89999389648438,155.89999389648438,155.4486083984375,11448733,0.0,0.0
2026-05-22,153.0,162.6999969482422,151.41000366210938,160.77000427246094,160.3045196533203,19157978,0.0,0.0
2026-05-25,162.9199981689453,170.6999969482422,162.6999969482422,168.6699981689453,168.181640625,36426464,0.0,0.0
2026-05-26,167.8000030517578,169.82000732421875,166.3000030517578,167.6300048828125,167.1446533203125,16425185,0.0,0.0
2026-05-27,167.2100067138672,169.64999389648438,167.2100067138672,169.0,168.51068115234375,5523561,0.0,0.0
2026-05-29,170.0,170.0,163.39999389648438,164.50999450683594,164.03367614746094,26119462,0.0,0.0
2026-06-01,164.50999450683594,166.0800018310547,163.24000549316406,163.74000549316406,163.2659149169922,7915622,0.0,0.0
2026-06-02,162.99000549316406,165.47000122070312,161.17999267578125,164.8300018310547,164.35276794433594,9458223,0.0,0.0
2026-06-03,164.0,164.82000732421875,162.72000122070312,163.86000061035156,163.3855743408203,4684045,0.0,0.0
2026-06-04,161.5399932861328,168.14999389648438,161.5399932861328,167.5500030517578,167.06488037109375,11510123,0.0,0.0
2026-06-05,168.0,170.1300048828125,166.60000610351562,167.39999389648438,166.91531372070312,8047086,0.0,0.0
2026-06-08,166.02000427246094,170.14999389648438,165.10000610351562,168.60000610351562,168.11184692382812,8999902,0.0,0.0
2026-06-09,169.0,169.13999938964844,165.55999755859375,167.58999633789062,167.10476684570312,5976753,0.0,0.0
2026-06-10,166.6199951171875,169.8000030517578,166.25,168.00999450683594,167.52354431152344,11363717,0.0,0.0
2026-06-11,167.89999389648438,167.89999389648438,165.00999450683594,166.08999633789062,165.60910034179688,10176344,0.0,0.0
2026-06-12,167.00999450683594,171.1999969482422,166.6699981689453,170.5,170.00634765625,7288989,0.0,0.0
2026-06-15,173.00999450683594,177.2100067138672,172.11000061035156,175.41000366210938,174.90213012695312,18354141,0.0,0.0
2026-06-16,176.4499969482422,178.1999969482422,175.0,176.08999633789062,175.5801544189453,8941189,0.0,0.0
2026-06-17,176.32000732421875,177.10000610351562,174.50999450683594,175.02999877929688,174.52322387695312,4400943,0.0,0.0
2026-06-18,175.77999877929688,177.0,173.50999450683594,176.44000244140625,175.9291534423828,6440199,0.0,0.0
2026-06-19,176.0,176.4199981689453,173.10000610351562,173.89999389648438,173.396484375,11093745,0.0,0.0
2026-06-22,174.14999389648438,178.47000122070312,174.14999389648438,177.3000030517578,176.78665161132812,7613714,0.0,0.0
2026-06-23,177.3000030517578,177.52000427246094,173.25,173.83999633789062,173.336669921875,7418809,0.0,0.0
2026-06-24,174.25,175.69000244140625,173.61000061035156,174.92999267578125,174.4235076904297,6006860,0.0,0.0
2026-06-25,175.10000610351562,176.49000549316406,172.2899932861328,172.85000610351562,172.34954833984375,9847241,0.0,0.0
2026-06-29,172.85000610351562,173.8800048828125,170.00999450683594,172.22000122070312,171.7213592529297,5931749,0.0,0.0
2026-06-30,172.9499969482422,175.61000061035156,172.2100067138672,173.4600067138672,172.95777893066406,10139334,0.0,0.0
2026-07-01,172.8000030517578,175.0,172.39999389648438,174.5,173.99476623535156,4990189,0.0,0.0
2026-07-02,174.5,175.0,172.91000366210938,174.2899932861328,173.7853546142578,3376923,0.0,0.0
2026-07-03,174.32000732421875,175.88999938964844,173.6999969482422,174.14999389648438,173.64576721191406,4618256,0.0,0.0
2026-07-06,174.02000427246094,176.42999267578125,173.99000549316406,175.02999877929688,174.52322387695312,2759355,0.0,0.0
2026-07-07,175.0500030517578,175.55999755859375,173.52000427246094,174.00999450683594,173.5061798095703,6166046,0.0,0.0
2026-07-08,173.0500030517578,174.77000427246094,167.9600067138672,169.24000549316406,168.75,11211397,0.0,0.0
2026-07-09,169.0,172.2899932861328,168.5399932861328,170.1999969482422,169.70721435546875,10798380,0.0,0.0
2026-07-10,171.0,174.47000122070312,171.0,173.72999572753906,173.22698974609375,3236963,0.0,0.0
2026-07-13,172.83999633789062,173.39999389648438,170.52999877929688,173.1199951171875,172.61874389648438,3261762,0.0,0.0
2026-07-14,172.3000030517578,172.89999389648438,170.9499969482422,171.50999450683594,171.01341247558594,5005945,0.0,0.0
2026-07-15,170.80999755859375,174.9499969482422,170.5,173.14999389648438,172.64866638183594,5667626,0.0,0.0
2026-07-16,172.89999389648438,175.72999572753906,171.0,171.7100067138672,171.2128448486328,9023749,0.0,0.0
2026-07-17,171.64999389648438,171.97000122070312,169.47000122070312,171.1999969482422,170.70431518554688,9642263,0.0,0.0
2026-07-20,171.19000244140625,173.55999755859375,169.6999969482422,173.00999450683594,172.50906372070312,4986847,0.0,0.0
2026-07-21,172.72000122070312,176.1999969482422,172.52000427246094,173.99000549316406,173.48623657226562,4648262,0.0,0.0
2026-07-22,174.8000030517578,174.8800048828125,172.10000610351562,173.00999450683594,172.50906372070312,9198076,0.0,0.0
2026-07-23,172.75,173.1199951171875,170.94000244140625,171.99000549316406,171.49203491210938,4749811,0.0,0.0
2026-07-24,171.13999938964844,171.17999267578125,167.27000427246094,170.02000427246094,169.52774047851562,5814293,0.0,0.0
2026-07-27,170.11000061035156,174.88999938964844,170.11000061035156,174.22999572753906,173.7255401611328,10641180,0.0,0.0
2026-07-28,173.8699951171875,176.99000549316406,172.6300048828125,175.14999389648438,174.6428680419922,17050693,0.0,0.0
2026-07-29,175.5,176.0,173.5,175.1199951171875,174.6129608154297,8274629,0.0,0.0
2026-07-30,175.1199951171875,175.85000610351562,173.0,173.63999938964844,173.1372528076172,5628241,0.0,0.0
2026-07-31,174.4499969482422,182.2100067138672,173.5,181.44000244140625,180.9146728515625,38893443,0.0,0.0
2026-08-03,182.1000061035156,182.3800048828125,172.14999389648438,174.3000030517578,173.79534912109375,37607447,0.0,0.0
2026-08-04,174.25,177.22000122070312,173.16000366210938,175.0,174.49331665039062,18131149,0.0,0.0
2026-08-05,176.0,177.25,173.25,176.9600067138672,176.44764709472656,13429251,0.0,0.0
2026-08-06,176.22000122070312,177.6999969482422,174.8300018310547,176.39999389648438,175.88925170898438,14800641,0.0,0.0
2026-08-07,175.80999755859375,176.27999877929688,171.88999938964844,173.6300048828125,173.12728881835938,7005144,0.0,0.0
2026-08-10,173.49000549316406,173.49000549316406,170.02000427246094,172.5,172.00054931640625,9148494,0.0,0.0
2026-08-11,172.0,175.33999633789062,171.11000061035156,175.33999633789062,174.8323211669922,15482707,0.0,0.0
2026-08-12,175.33999633789062,177.9499969482422,173.3000030517578,177.9499969482422,177.4347686767578,8976408,0.0,0.0
2026-08-13,176.0,176.3000030517578,174.47999572753906,175.89999389648438,175.3907012939453,8723437,0.0,0.0
2026-08-14,175.39999389648438,175.39999389648438,173.4499969482422,174.89999389648438,174.3936004638672,4645490,0.0,0.0
2026-08-17,173.7100067138672,173.7899932861328,171.85000610351562,172.10000610351562,171.60171508789062,4132699,0.0,0.0
2026-08-18,172.1999969482422,173.5500030517578,171.6199951171875,173.5,172.99765014648438,6079875,0.0,0.0
2026-08-19,172.60000610351562,174.02000427246094,170.6999969482422,172.5,172.00054931640625,8840419,0.0,0.0
2026-08-20,172.5,173.58999633789062,172.05999755859375,172.5,172.00054931640625,3895715,0.0,0.0
2026-08-21,172.25999450683594,173.24000549316406,171.61000061035156,172.0,171.5019989013672,6509887,0.0,0.0
2026-08-24,172.0,173.7899932861328,172.0,173.75,173.24693298339844,4514359,0.0,0.0
2026-08-25,173.0,176.2899932861328,172.38999938964844,175.5,174.9918670654297,7837508,0.0,0.0
2026-08-26,174.99000549316406,176.25999450683594,174.08999633789062,174.49000549316406,173.98480224609375,5863526,0.0,0.0
2026-08-27,174.4499969482422,174.83999633789062,171.0,172.44000244140625,171.94073486328125,4745650,0.0,0.0
2026-08-28,171.6999969482422,172.44000244140625,170.11000061035156,171.10000610351562,170.6046142578125,8706458,0.0,0.0
2026-08-31,172.1999969482422,177.5,170.3300018310547,177.5,176.98606872558594,13012294,0.0,0.0
2026-09-01,173.41000366210938,174.38999938964844,172.07000732421875,172.69000244140625,172.19000244140625,8008794,0.0,0.0
2026-09-02,172.60000610351562,173.60000610351562,171.02000427246094,173.0,173.0,5580510,0.5,0.0
2026-09-03,173.19000244140625,174.6699981689453,172.00999450683594,174.6699981689453,174.6699981689453,6327095,0.0,0.0
2026-09-04,174.27000427246094,174.27000427246094,171.9199981689453,173.39999389648438,173.39999389648438,3878219,0.0,0.0
2026-09-07,173.39999389648438,177.3000030517578,172.8000030517578,176.0,176.0,9910348,0.0,0.0
2026-09-08,175.08999633789062,176.1999969482422,173.83999633789062,175.08999633789062,175.08999633789062,4347861,0.0,0.0
2026-09-09,173.6999969482422,175.58999633789062,173.61000061035156,174.89999389648438,174.89999389648438,4342968,0.0,0.0
2026-09-10,174.0,176.5,173.25,174.49000549316406,174.49000549316406,4397343,0.0,0.0
