date,open,high,low,close,adj_close,volume,dividends,stock_splits
2021-01-29,1560.0,1644.199951171875,1534.0,1547.75,1545.138916015625,2558849.0,0.0,0.0
2021-02-01,1561.0,1660.0,1557.25,1640.0,1637.2332763671875,1647758.0,0.0,0.0
2021-02-02,1653.6500244140625,1671.550048828125,1597.199951171875,1630.0,1627.2501220703125,1056437.0,0.0,0.0
2021-02-03,1645.9000244140625,1663.8499755859375,1618.050048828125,1621.699951171875,1618.964111328125,729638.0,0.0,0.0
2021-02-04,1615.0,1680.0,1605.550048828125,1672.3499755859375,1669.5286865234375,1155073.0,0.0,0.0
2021-02-05,1692.8499755859375,1732.4000244140625,1667.5,1680.8499755859375,1678.0142822265625,1716622.0,0.0,0.0
2021-02-08,1682.0,1743.9000244140625,1680.8499755859375,1695.949951171875,1693.0887451171875,1232332.0,0.0,0.0
2021-02-09,1700.0,1708.0,1652.699951171875,1662.050048828125,1659.24609375,614345.0,0.0,0.0
2021-02-10,1681.9000244140625,1691.1500244140625,1615.0,1623.6500244140625,1620.910888671875,1657187.0,0.0,0.0
2021-02-11,1630.0,1648.949951171875,1604.050048828125,1630.3499755859375,1627.5994873046875,828472.0,0.0,0.0
2021-02-12,1695.0,1701.0999755859375,1616.0,1643.1500244140625,1640.3779296875,2402673.0,0.0,0.0
2021-02-15,1649.0,1657.5,1632.5,1642.550048828125,1639.7789306640625,525619.0,0.0,0.0
2021-02-16,1646.550048828125,1646.550048828125,1596.1500244140625,1610.449951171875,1607.7330322265625,929036.0,0.0,0.0
2021-02-17,1609.449951171875,1628.8499755859375,1577.199951171875,1610.050048828125,1607.3338623046875,1192359.0,0.0,0.0
2021-02-18,1613.0,1621.949951171875,1578.5999755859375,1592.4000244140625,1589.713623046875,1108617.0,0.0,0.0
2021-02-19,1595.0,1608.449951171875,1545.050048828125,1565.800048828125,1563.158447265625,855393.0,0.0,0.0
2021-02-22,1565.050048828125,1565.800048828125,1502.300048828125,1512.25,1509.69873046875,1074104.0,0.0,0.0
2021-02-23,1511.0,1541.199951171875,1506.050048828125,1530.449951171875,1527.8680419921875,1062743.0,0.0,0.0
2021-02-24,1531.0,1635.0,1531.0,1621.0,1618.2652587890625,1579112.0,0.0,0.0
2021-02-25,1621.550048828125,1669.949951171875,1619.550048828125,1660.199951171875,1657.399169921875,1344545.0,0.0,0.0
2021-02-26,1638.0,1654.550048828125,1606.300048828125,1619.949951171875,1617.217041015625,1160739.0,0.0,0.0
2021-03-01,1621.0,1685.0,1620.050048828125,1674.699951171875,1671.8746337890625,1088141.0,0.0,0.0
2021-03-02,1675.0,1698.9000244140625,1667.0,1691.4000244140625,1688.5465087890625,907278.0,0.0,0.0
2021-03-03,1704.0,1823.8499755859373,1700.25,1782.5999755859375,1779.5926513671875,2461629.0,0.0,0.0
2021-03-04,1751.0,1819.449951171875,1736.5,1798.9000244140625,1795.865234375,1733743.0,0.0,0.0
2021-03-05,1770.0,1787.6500244140625,1733.0,1742.0,1739.0611572265625,1056152.0,0.0,0.0
2021-03-08,1744.699951171875,1744.699951171875,1696.1500244140625,1707.9000244140625,1705.0186767578125,1651023.0,0.0,0.0
2021-03-09,1707.9000244140625,1727.449951171875,1659.0,1688.699951171875,1685.85107421875,1272447.0,0.0,0.0
2021-03-10,1700.0,1707.699951171875,1678.050048828125,1684.550048828125,1681.7081298828125,417598.0,0.0,0.0
2021-03-12,1687.9000244140625,1705.0,1657.3499755859375,1663.949951171875,1661.142822265625,530235.0,0.0,0.0
2021-03-15,1668.0,1686.0,1630.0999755859375,1661.949951171875,1659.1461181640625,815004.0,0.0,0.0
2021-03-16,1646.0,1701.4000244140625,1635.0999755859375,1682.0999755859375,1679.26220703125,1126523.0,0.0,0.0
2021-03-17,1682.0,1718.0,1671.050048828125,1695.550048828125,1692.6895751953125,1629064.0,0.0,0.0
2021-03-18,1680.0,1730.0,1680.0,1719.949951171875,1717.04833984375,1836379.0,0.0,0.0
2021-03-19,1712.0,1730.0,1651.0,1663.5999755859375,1660.79345703125,1381719.0,0.0,0.0
2021-03-22,1663.5999755859375,1727.8499755859375,1626.25,1713.8499755859375,1710.9586181640625,2226951.0,0.0,0.0
2021-03-23,1700.0,1782.0,1700.0,1773.449951171875,1770.4580078125,2790975.0,0.0,0.0
2021-03-24,1744.0,1768.9000244140625,1725.800048828125,1734.25,1731.32421875,1288016.0,0.0,0.0
2021-03-25,1727.0,1742.0,1650.0,1663.550048828125,1660.7435302734375,1428198.0,0.0,0.0
2021-03-26,1654.0,1676.3499755859375,1600.0,1613.0,1610.27880859375,1262754.0,0.0,0.0
2021-03-30,1602.0,1629.699951171875,1575.199951171875,1585.4000244140625,1582.725341796875,1229662.0,0.0,0.0
2021-03-31,1585.0,1655.0,1579.800048828125,1631.949951171875,1629.19677734375,1283008.0,0.0,0.0
2021-04-01,1631.9000244140625,1640.0,1601.4000244140625,1616.5999755859375,1613.8726806640625,663120.0,0.0,0.0
2021-04-05,1601.0,1609.9000244140625,1525.0,1552.699951171875,1550.0804443359375,1714868.0,0.0,0.0
2021-04-06,1564.0,1590.800048828125,1546.550048828125,1577.5999755859375,1574.9384765625,1069917.0,0.0,0.0
2021-04-07,1590.0,1612.0,1581.5999755859375,1599.6500244140625,1596.9512939453125,860357.0,0.0,0.0
2021-04-08,1596.699951171875,1648.949951171875,1595.6500244140625,1640.75,1637.98193359375,812682.0,0.0,0.0
2021-04-09,1621.550048828125,1663.699951171875,1608.0,1646.949951171875,1644.1715087890625,624303.0,0.0,0.0
2021-04-12,1609.949951171875,1612.949951171875,1529.199951171875,1593.800048828125,1591.1112060546875,1367498.0,0.0,0.0
2021-04-13,1594.0,1639.5999755859375,1593.800048828125,1605.75,1603.041015625,1096901.0,0.0,0.0
2021-04-15,1575.0,1619.949951171875,1565.5999755859375,1609.8499755859375,1607.134033203125,847017.0,0.0,0.0
2021-04-16,1604.0,1616.449951171875,1576.4000244140625,1582.9000244140625,1580.2296142578125,546565.0,0.0,0.0
2021-04-19,1535.0,1558.0,1516.550048828125,1527.9000244140625,1525.3223876953125,971452.0,0.0,0.0
2021-04-20,1520.9000244140625,1585.8499755859375,1503.0,1554.300048828125,1551.6778564453125,1964923.0,0.0,0.0
2021-04-22,1520.0,1565.0,1520.0,1541.300048828125,1538.6998291015625,619438.0,0.0,0.0
2021-04-23,1549.300048828125,1549.300048828125,1505.25,1541.8499755859375,1539.248779296875,646250.0,0.0,0.0
2021-04-26,1545.0,1585.0,1545.0,1573.050048828125,1570.396240234375,565955.0,0.0,0.0
2021-04-27,1576.0,1650.0,1565.0,1640.5,1637.732421875,1017757.0,0.0,0.0
2021-04-28,1640.0999755859375,1656.4000244140625,1633.0999755859375,1647.550048828125,1644.7705078125,553525.0,0.0,0.0
2021-04-29,1649.9000244140625,1664.0,1638.199951171875,1655.8499755859375,1653.0565185546875,516705.0,0.0,0.0
2021-04-30,1632.0,1679.800048828125,1632.0,1643.4000244140625,1640.6275634765625,753681.0,0.0,0.0
2021-05-03,1620.0,1674.800048828125,1612.199951171875,1666.25,1663.43896484375,519292.0,0.0,0.0
2021-05-04,1685.0,1685.0,1615.699951171875,1621.949951171875,1619.213623046875,484049.0,0.0,0.0
2021-05-05,1633.0,1664.0,1596.5999755859375,1649.3499755859375,1646.5673828125,767445.0,0.0,0.0
2021-05-06,1637.800048828125,1683.0,1637.800048828125,1662.949951171875,1660.14453125,646315.0,0.0,0.0
2021-05-07,1673.0,1681.949951171875,1625.300048828125,1640.5999755859375,1637.8321533203125,568355.0,0.0,0.0
2021-05-10,1646.0,1685.0,1643.050048828125,1677.699951171875,1674.86962890625,525536.0,0.0,0.0
2021-05-11,1670.0,1712.5999755859375,1664.6500244140625,1674.949951171875,1672.124267578125,1161037.0,0.0,0.0
2021-05-12,1679.9000244140625,1694.0999755859375,1658.5,1680.9000244140625,1678.064208984375,413106.0,0.0,0.0
2021-05-14,1695.0,1715.0,1680.0,1694.75,1691.890869140625,731403.0,0.0,0.0
2021-05-17,1694.0,1709.050048828125,1670.0,1703.75,1700.875732421875,347534.0,0.0,0.0
2021-05-18,1710.0,1724.8499755859375,1692.699951171875,1714.699951171875,1711.80712890625,524717.0,0.0,0.0
2021-05-19,1724.9000244140625,1725.0,1679.050048828125,1689.5999755859375,1686.74951171875,527228.0,0.0,0.0
2021-05-20,1683.0,1694.4000244140625,1657.0,1669.5999755859375,1666.7833251953125,550260.0,0.0,0.0
2021-05-21,1661.0,1704.050048828125,1661.0,1692.5,1689.6446533203125,512802.0,0.0,0.0
2021-05-24,1697.5,1708.800048828125,1674.0,1683.0999755859375,1680.260498046875,427968.0,0.0,0.0
2021-05-25,1695.699951171875,1736.300048828125,1672.25,1719.0999755859375,1716.1998291015625,1097806.0,0.0,0.0
2021-05-26,1735.0,1748.699951171875,1710.0,1724.1500244140625,1721.2413330078125,617840.0,0.0,0.0
2021-05-27,1724.800048828125,1747.9000244140625,1704.4000244140625,1740.699951171875,1737.7633056640625,730539.0,0.0,0.0
2021-05-28,1745.550048828125,1794.9000244140625,1720.050048828125,1776.0999755859375,1773.1036376953125,1013747.0,0.0,0.0
2021-05-31,1792.0,1831.1500244140625,1732.0,1758.9000244140625,1755.9326171875,1491987.0,0.0,0.0
2021-06-01,1761.5,1777.949951171875,1738.0,1745.699951171875,1742.7548828125,438074.0,0.0,0.0
2021-06-02,1735.0,1774.8499755859375,1728.449951171875,1764.6500244140625,1761.6729736328125,429246.0,0.0,0.0
2021-06-03,1772.0999755859375,1784.6500244140625,1749.9000244140625,1764.5999755859375,1761.623046875,449007.0,0.0,0.0
2021-06-04,1770.0,1780.0,1747.800048828125,1754.449951171875,1751.4901123046875,423366.0,0.0,0.0
2021-06-07,1754.449951171875,1850.050048828125,1742.75,1755.449951171875,1752.4884033203125,2648012.0,0.0,0.0
2021-06-08,1769.5,1795.0,1759.300048828125,1784.300048828125,1781.289794921875,1268201.0,0.0,0.0
2021-06-09,1786.050048828125,1859.5999755859373,1781.0,1793.050048828125,1790.0250244140625,1902195.0,0.0,0.0
2021-06-10,1801.0,1812.8499755859373,1771.5,1787.449951171875,1784.4344482421875,650874.0,0.0,0.0
2021-06-11,1805.0,1811.0999755859373,1778.050048828125,1791.6500244140625,1788.62744140625,605765.0,0.0,0.0
2021-06-14,1800.0,1801.0999755859375,1765.449951171875,1776.4000244140625,1773.4031982421875,328593.0,0.0,0.0
2021-06-15,1778.0,1799.0,1778.0,1789.699951171875,1786.6806640625,370508.0,0.0,0.0
2021-06-16,1780.0,1783.449951171875,1728.0,1733.699951171875,1730.775146484375,893431.0,0.0,0.0
2021-06-17,1701.0999755859375,1738.300048828125,1695.699951171875,1707.5,1704.619384765625,835755.0,0.0,0.0
2021-06-18,1708.0,1716.25,1665.0999755859375,1702.699951171875,1699.827392578125,477005.0,0.0,0.0
2021-06-21,1690.0,1725.0,1676.050048828125,1719.0,1716.0999755859375,519407.0,0.0,0.0
2021-06-22,1720.0,1737.949951171875,1707.5,1717.449951171875,1714.552490234375,491436.0,0.0,0.0
2021-06-23,1723.0,1743.5999755859375,1702.0999755859375,1708.8499755859375,1705.967041015625,574750.0,0.0,0.0
2021-06-24,1724.0,1733.449951171875,1684.050048828125,1690.1500244140625,1687.2987060546875,653570.0,0.0,0.0
2021-06-25,1695.0,1732.449951171875,1692.0,1728.199951171875,1725.284423828125,513349.0,0.0,0.0
2021-06-28,1734.0,1747.449951171875,1720.050048828125,1729.5999755859375,1726.6820068359375,290011.0,0.0,0.0
2021-06-29,1731.8499755859375,1752.949951171875,1722.0,1729.25,1726.3326416015625,354016.0,0.0,0.0
2021-06-30,1731.449951171875,1745.0,1709.0999755859375,1716.949951171875,1714.0533447265625,281540.0,0.0,0.0
2021-07-01,1717.0,1747.0,1717.0,1742.5999755859375,1739.66015625,310710.0,0.0,0.0
2021-07-02,1742.5999755859375,1742.5999755859375,1708.1500244140625,1719.949951171875,1717.04833984375,440453.0,0.0,0.0
2021-07-05,1729.0,1760.0,1720.0,1755.949951171875,1752.987548828125,545078.0,0.0,0.0
2021-07-06,1780.0,1810.0,1759.0,1768.6500244140625,1765.666259765625,1458817.0,0.0,0.0
2021-07-07,1769.0,1813.6500244140625,1769.0,1809.5,1806.447265625,695752.0,0.0,0.0
2021-07-08,1820.0,1843.300048828125,1805.5,1821.949951171875,1818.876220703125,841105.0,0.0,0.0
2021-07-09,1821.800048828125,1838.0,1802.0999755859373,1809.300048828125,1806.2476806640625,482765.0,0.0,0.0
2021-07-12,1829.9000244140625,1829.9000244140625,1800.300048828125,1812.5,1809.4422607421875,314517.0,0.0,0.0
2021-07-13,1820.0,1829.0,1802.0,1824.449951171875,1821.3720703125,272846.0,0.0,0.0
2021-07-14,1823.0,1828.5999755859373,1810.0999755859373,1822.550048828125,1819.475341796875,543340.0,0.0,0.0
2021-07-15,1822.550048828125,1860.0,1816.0,1824.6500244140625,1821.57177734375,758999.0,0.0,0.0
2021-07-16,1822.0,1822.0,1802.0,1809.050048828125,1805.998046875,236121.0,0.0,0.0
2021-07-19,1800.0,1800.0,1760.1500244140625,1765.9000244140625,1762.9208984375,526822.0,0.0,0.0
2021-07-20,1761.0,1765.9000244140625,1670.0,1673.949951171875,1671.1258544921875,1196682.0,0.0,0.0
2021-07-22,1697.0,1697.0,1657.0,1694.1500244140625,1691.2918701171875,798942.0,0.0,0.0
2021-07-23,1694.1500244140625,1750.9000244140625,1680.0,1727.0999755859375,1724.186279296875,1108929.0,0.0,0.0
2021-07-26,1727.0,1763.949951171875,1721.0,1740.300048828125,1737.3641357421875,743650.0,0.0,0.0
2021-07-27,1731.050048828125,1749.699951171875,1691.8499755859375,1704.8499755859375,1701.9737548828125,612943.0,0.0,0.0
2021-07-28,1681.0,1699.75,1626.449951171875,1667.449951171875,1664.6368408203125,2844402.0,0.0,0.0
2021-07-29,1675.0,1678.199951171875,1640.300048828125,1653.199951171875,1650.410888671875,551479.0,0.0,0.0
2021-07-30,1666.0,1674.5,1637.050048828125,1647.3499755859375,1644.57080078125,451139.0,0.0,0.0
2021-08-02,1657.0,1674.9000244140625,1650.0,1663.1500244140625,1660.34423828125,211863.0,0.0,0.0
2021-08-03,1669.5,1692.0,1639.0,1678.75,1675.9178466796875,552933.0,0.0,0.0
2021-08-04,1679.4000244140625,1694.699951171875,1656.449951171875,1662.550048828125,1659.7452392578125,318769.0,0.0,0.0
2021-08-05,1669.949951171875,1669.949951171875,1640.0,1648.949951171875,1646.1680908203125,309824.0,0.0,0.0
2021-08-06,1658.75,1661.949951171875,1641.1500244140625,1646.5,1643.7222900390625,292430.0,0.0,0.0
2021-08-09,1646.5,1676.8499755859375,1629.0,1662.800048828125,1659.994873046875,764977.0,0.0,0.0
2021-08-10,1652.0,1676.0,1629.0,1638.75,1635.9853515625,248451.0,0.0,0.0
2021-08-11,1650.0,1656.5999755859375,1616.199951171875,1640.8499755859375,1638.081787109375,351235.0,0.0,0.0
2021-08-12,1643.0,1678.9000244140625,1637.0,1669.300048828125,1666.48388671875,307770.0,0.0,0.0
2021-08-13,1690.0,1720.0,1653.0999755859375,1676.5999755859375,1673.771484375,1380674.0,0.0,0.0
2021-08-16,1677.0,1704.8499755859375,1661.4000244140625,1692.4000244140625,1689.544921875,357010.0,0.0,0.0
2021-08-17,1685.0,1717.949951171875,1680.0,1705.550048828125,1702.6727294921875,775310.0,0.0,0.0
2021-08-18,1706.0,1714.550048828125,1691.0999755859375,1697.449951171875,1694.5863037109375,412379.0,0.0,0.0
2021-08-20,1697.449951171875,1723.050048828125,1648.949951171875,1658.5,1655.7020263671875,852318.0,0.0,0.0
2021-08-23,1656.0,1687.9000244140625,1630.0,1671.449951171875,1668.630126953125,484938.0,0.0,0.0
2021-08-24,1679.0,1696.0,1654.0,1692.5,1689.6446533203125,272693.0,0.0,0.0
2021-08-25,1698.0,1742.449951171875,1692.4000244140625,1717.0,1714.1033935546875,853633.0,0.0,0.0
2021-08-26,1729.449951171875,1761.0,1718.0,1747.800048828125,1744.8514404296875,781715.0,0.0,0.0
2021-08-27,1759.3499755859375,1783.0,1734.550048828125,1776.8499755859375,1773.852294921875,602056.0,0.0,0.0
2021-08-30,1789.0,1827.0,1775.0,1819.25,1816.1807861328125,603866.0,0.0,0.0
2021-08-31,1830.0,1924.050048828125,1807.050048828125,1904.1500244140625,1900.9376220703125,1684036.0,0.0,0.0
2021-09-01,1906.0,1934.9000244140625,1894.9000244140625,1916.0,1912.767578125,687249.0,0.0,0.0
2021-09-02,1919.0,1954.0,1898.0,1944.050048828125,1940.7703857421875,585550.0,0.0,0.0
2021-09-03,1944.699951171875,1986.5,1927.0999755859373,1965.6500244140625,1962.3338623046875,734991.0,0.0,0.0
2021-09-06,1984.5,1985.0,1955.0,1968.699951171875,1965.378662109375,598181.0,0.0,0.0
2021-09-07,1984.0999755859373,1985.0,1927.949951171875,1950.6500244140625,1947.359130859375,649759.0,0.0,0.0
2021-09-08,1958.0,1959.449951171875,1924.550048828125,1950.6500244140625,1947.359130859375,367903.0,0.0,0.0
2021-09-09,1941.0,1955.949951171875,1904.9000244140625,1911.5999755859373,1908.375,633432.0,0.0,0.0
2021-09-13,1921.699951171875,1922.050048828125,1865.0,1897.699951171875,1894.4984130859373,716996.0,0.0,0.0
2021-09-14,1895.0,1948.949951171875,1893.449951171875,1943.0,1939.7220458984373,639673.0,0.0,0.0
2021-09-15,1954.0,2023.0999755859373,1935.0,1977.449951171875,1974.1138916015625,1030513.0,0.0,0.0
2021-09-16,1988.0,1999.0,1957.0,1979.8499755859373,1976.5098876953125,513545.0,0.0,0.0
2021-09-17,1995.0,2273.949951171875,1983.550048828125,2196.050048828125,2192.34521484375,8384566.0,0.0,0.0
2021-09-20,2196.050048828125,2204.5,2141.25,2169.5,2165.83984375,2860263.0,0.0,0.0
2021-09-21,2175.0,2249.550048828125,2140.199951171875,2236.25,2232.477294921875,2496310.0,0.0,0.0
2021-09-22,2255.0,2307.14990234375,2180.10009765625,2188.300048828125,2184.6083984375,2111974.0,0.0,0.0
2021-09-23,2204.0,2246.0,2195.699951171875,2216.5,2212.7607421875,1442660.0,0.0,0.0
2021-09-24,2217.0,2221.89990234375,2114.5,2138.699951171875,2135.091796875,871505.0,0.0,0.0
2021-09-27,2157.0,2170.199951171875,2057.89990234375,2082.10009765625,2078.58740234375,901244.0,0.0,0.0
2021-09-28,2065.0,2065.0,1985.4000244140625,2023.050048828125,2019.6370849609373,995262.0,0.0,0.0
2021-09-29,2023.050048828125,2057.89990234375,2000.050048828125,2009.300048828125,2005.9102783203125,693658.0,0.0,0.0
2021-09-30,2027.25,2040.449951171875,1983.8499755859373,2021.699951171875,2018.2891845703125,683725.0,0.0,0.0
2021-10-01,2010.0,2030.0,1958.199951171875,1976.050048828125,1972.71630859375,820838.0,0.0,0.0
2021-10-04,1980.0,2012.800048828125,1954.0999755859373,1993.1500244140625,1989.7874755859373,424271.0,0.0,0.0
2021-10-05,1977.0,2010.800048828125,1962.0,1971.050048828125,1967.7247314453125,337980.0,0.0,0.0
2021-10-06,1985.550048828125,1987.449951171875,1920.0,1929.300048828125,1926.045166015625,499906.0,0.0,0.0
2021-10-07,1936.3499755859373,1988.5999755859373,1936.3499755859373,1947.699951171875,1944.4140625,518119.0,0.0,0.0
2021-10-08,1967.0,1988.5,1917.8499755859373,1962.5,1959.189208984375,815674.0,0.0,0.0
2021-10-11,1948.9000244140625,2136.0,1930.0,2048.199951171875,2044.7445068359373,2311543.0,0.0,0.0
2021-10-12,2065.199951171875,2084.60009765625,2010.5999755859373,2040.300048828125,2036.85791015625,850605.0,0.0,0.0
2021-10-13,2140.0,2140.0,2010.3499755859373,2017.550048828125,2014.1463623046875,1540619.0,0.0,0.0
2021-10-14,2020.0,2087.0,2015.550048828125,2073.199951171875,2069.702392578125,628438.0,0.0,0.0
2021-10-18,2093.0,2098.89990234375,2045.0,2052.85009765625,2049.38671875,434290.0,0.0,0.0
2021-10-19,2080.0,2084.85009765625,2004.75,2016.550048828125,2013.1480712890625,386825.0,0.0,0.0
2021-10-20,2022.0,2073.89990234375,1986.5999755859373,2011.949951171875,2008.5556640625,682880.0,0.0,0.0
2021-10-21,2032.050048828125,2057.550048828125,1993.0,2043.5,2040.052490234375,696012.0,0.0,0.0
2021-10-22,2044.5,2065.0,2001.1500244140625,2018.699951171875,2015.2943115234373,360974.0,0.0,0.0
2021-10-25,2030.0,2067.75,1962.1500244140625,1996.050048828125,1992.6826171875,859034.0,0.0,0.0
2021-10-26,2006.5999755859373,2030.0,1989.300048828125,2021.199951171875,2017.7900390625,234685.0,0.0,0.0
2021-10-27,2030.0,2079.0,2002.0,2010.25,2006.858642578125,759257.0,0.0,0.0
2021-10-28,2020.800048828125,2058.0,1976.199951171875,1997.949951171875,1994.579345703125,612492.0,0.0,0.0
2021-10-29,2000.0,2189.699951171875,1850.0,2175.199951171875,2171.5302734375,5299099.0,0.0,0.0
2021-11-01,2168.0,2205.0,2129.14990234375,2179.300048828125,2175.62353515625,984882.0,0.0,0.0
2021-11-02,2165.10009765625,2226.39990234375,2161.0,2178.75,2175.07421875,571371.0,0.0,0.0
2021-11-03,2176.0,2197.10009765625,2134.10009765625,2164.449951171875,2160.79833984375,329832.0,0.0,0.0
2021-11-04,2170.0,2192.0,2164.0,2170.949951171875,2167.287353515625,51064.0,0.0,0.0
2021-11-08,2175.0,2235.0,2145.800048828125,2161.949951171875,2158.302734375,622515.0,0.0,0.0
2021-11-09,2169.0,2202.5,2143.550048828125,2155.199951171875,2151.56396484375,734072.0,0.0,0.0
2021-11-10,2159.0,2199.89990234375,2130.0,2136.85009765625,2133.2451171875,783646.0,0.0,0.0
2021-11-11,2145.0,2198.0,2126.550048828125,2147.449951171875,2143.8271484375,1105941.0,0.0,0.0
2021-11-12,2164.0,2324.949951171875,2160.0,2306.25,2302.359130859375,4162955.0,0.0,0.0
2021-11-15,2310.0,2355.0,2285.050048828125,2346.64990234375,2342.69091796875,1313934.0,0.0,0.0
2021-11-16,2349.949951171875,2380.0,2325.35009765625,2364.39990234375,2360.4111328125,830737.0,0.0,0.0
2021-11-17,2363.0,2369.89990234375,2308.10009765625,2332.0,2328.06591796875,438454.0,0.0,0.0
2021-11-18,2343.64990234375,2357.949951171875,2240.800048828125,2251.14990234375,2247.35205078125,524409.0,0.0,0.0
2021-11-22,2260.300048828125,2273.949951171875,2128.0,2162.800048828125,2159.1513671875,838797.0,0.0,0.0
2021-11-23,2163.0,2193.39990234375,2122.050048828125,2179.449951171875,2175.773193359375,584703.0,0.0,0.0
2021-11-24,2190.89990234375,2203.0,2123.0,2141.75,2138.13671875,476843.0,0.0,0.0
2021-11-25,2134.10009765625,2140.0,2060.0,2071.60009765625,2068.105224609375,943511.0,0.0,0.0
2021-11-26,1991.199951171875,1999.9000244140625,1870.8499755859373,1888.0999755859373,1884.9146728515625,2819594.0,0.0,0.0
2021-11-29,1870.0,1945.0,1812.25,1894.5,1891.3038330078125,2315808.0,0.0,0.0
2021-11-30,1901.0,1968.0,1891.1500244140625,1905.050048828125,1901.836181640625,2430528.0,0.0,0.0
2021-12-01,1907.9000244140625,1960.949951171875,1853.5,1902.800048828125,1899.5899658203125,1712409.0,0.0,0.0
2021-12-02,1861.3499755859373,1935.0,1861.3499755859373,1912.050048828125,1908.8243408203125,879202.0,0.0,0.0
2021-12-03,1913.0,1979.0,1871.0,1875.6500244140625,1872.4857177734373,1109110.0,0.0,0.0
2021-12-06,1878.0999755859373,1911.9000244140625,1848.0,1859.050048828125,1855.9136962890625,729396.0,0.0,0.0
2021-12-07,1899.050048828125,1964.0,1895.199951171875,1945.25,1941.96826171875,2025528.0,0.0,0.0
2021-12-08,1972.0,1997.449951171875,1951.25,1986.800048828125,1983.4482421875,805233.0,0.0,0.0
2021-12-09,1997.300048828125,2028.949951171875,1974.0,2019.5,2016.093017578125,987230.0,0.0,0.0
2021-12-10,1992.0,2026.5,1982.1500244140625,1997.5999755859373,1994.22998046875,743526.0,0.0,0.0
2021-12-13,2018.0,2020.0,1991.949951171875,2010.300048828125,2006.9085693359373,519616.0,0.0,0.0
2021-12-14,1990.0,2025.0,1961.050048828125,1977.5,1974.163818359375,932488.0,0.0,0.0
2021-12-15,1971.0,2018.949951171875,1956.550048828125,1962.800048828125,1959.4886474609373,468818.0,0.0,0.0
2021-12-16,1985.9000244140625,1994.3499755859373,1948.550048828125,1965.5999755859373,1962.283935546875,484056.0,0.0,0.0
2021-12-17,1957.0,1993.949951171875,1942.0,1955.4000244140625,1952.1011962890625,922125.0,0.0,0.0
2021-12-20,1941.75,1941.75,1795.1500244140625,1818.4000244140625,1815.332275390625,769021.0,0.0,0.0
2021-12-21,1837.0,1858.1500244140625,1771.0,1838.449951171875,1835.348388671875,1165324.0,0.0,0.0
2021-12-22,1840.0,1929.800048828125,1840.0,1915.550048828125,1912.318359375,1071632.0,0.0,0.0
2021-12-23,1922.0,1980.0,1922.0,1969.6500244140625,1966.3271484375,1012553.0,0.0,0.0
2021-12-24,1989.0,1990.0,1947.0999755859373,1967.5999755859373,1964.280517578125,679232.0,0.0,0.0
2021-12-27,1942.0,2011.949951171875,1925.050048828125,2002.75,1999.3712158203125,796381.0,0.0,0.0
2021-12-28,2009.800048828125,2066.0,1990.0,2000.949951171875,1997.57421875,803912.0,0.0,0.0
2021-12-29,1990.0,2017.9000244140625,1970.0999755859373,2008.1500244140625,2004.76220703125,483618.0,0.0,0.0
2021-12-30,2007.0,2007.0,1974.0,1979.550048828125,1976.21044921875,449008.0,0.0,0.0
2021-12-31,1990.0,2025.0,1981.800048828125,2017.550048828125,2014.1463623046875,417284.0,0.0,0.0
2022-01-03,2001.0,2024.800048828125,1935.0,2014.0,2010.602294921875,1313054.0,0.0,0.0
2022-01-04,2014.0,2060.0,2002.5,2041.699951171875,2038.2554931640625,787910.0,0.0,0.0
2022-01-05,2015.0,2027.949951171875,1965.0,1977.75,1974.4134521484373,903873.0,0.0,0.0
2022-01-06,1955.0,1990.9000244140625,1940.1500244140625,1960.1500244140625,1956.8431396484373,1064170.0,0.0,0.0
2022-01-07,1979.4000244140625,2018.75,1970.0,2005.449951171875,2002.066650390625,1430111.0,0.0,0.0
2022-01-10,1977.0,2066.85009765625,1977.0,2055.10009765625,2051.633056640625,1307846.0,0.0,0.0
2022-01-11,2040.0,2115.0,2025.3499755859373,2035.550048828125,2032.115966796875,1461780.0,0.0,0.0
2022-01-12,2057.60009765625,2100.0,2040.699951171875,2089.0,2085.475830078125,725042.0,0.0,0.0
2022-01-13,2096.0,2160.89990234375,2091.10009765625,2144.89990234375,2141.28125,1194980.0,0.0,0.0
2022-01-14,2121.35009765625,2169.0,2121.35009765625,2165.449951171875,2161.796630859375,628330.0,0.0,0.0
2022-01-17,2165.449951171875,2173.39990234375,2136.0,2165.25,2161.59716796875,443336.0,0.0,0.0
2022-01-18,2168.0,2183.0,2097.050048828125,2112.25,2108.6865234375,819354.0,0.0,0.0
2022-01-19,2122.25,2123.0,2057.60009765625,2079.5,2075.99169921875,459357.0,0.0,0.0
2022-01-20,2085.0,2107.199951171875,2053.89990234375,2091.75,2088.22119140625,409415.0,0.0,0.0
2022-01-21,2087.60009765625,2127.699951171875,2070.0,2084.35009765625,2080.833740234375,708173.0,0.0,0.0
2022-01-24,2089.0,2089.0,1970.8499755859373,1992.199951171875,1988.8389892578125,459730.0,0.0,0.0
2022-01-25,1985.0999755859373,2024.0,1955.5999755859373,1966.699951171875,1963.382080078125,705168.0,0.0,0.0
2022-01-27,1925.0,1935.0,1838.0,1862.5999755859373,1859.4576416015625,1484512.0,0.0,0.0
2022-01-28,1869.0,1901.25,1826.0,1856.6500244140625,1853.517822265625,1843563.0,0.0,0.0
2022-01-31,1865.0,1898.9000244140625,1835.0999755859373,1856.8499755859373,1853.7174072265625,814981.0,0.0,0.0
2022-02-01,1867.0999755859373,1962.0,1864.050048828125,1950.9000244140625,1947.6087646484373,1050461.0,0.0,0.0
2022-02-02,1960.0,1979.949951171875,1938.050048828125,1947.550048828125,1944.264404296875,318185.0,0.0,0.0
2022-02-03,1959.4000244140625,1959.4000244140625,1920.0,1941.5,1938.224609375,258633.0,0.0,0.0
2022-02-04,1950.6500244140625,2005.0,1937.050048828125,1974.3499755859373,1971.0191650390625,946376.0,0.0,0.0
2022-02-07,2005.0,2187.050048828125,1985.0,2170.10009765625,2166.43896484375,4481201.0,0.0,0.0
2022-02-08,2165.0,2235.0,2155.0,2182.60009765625,2178.91796875,2280188.0,0.0,0.0
2022-02-09,2190.0,2263.0,2180.10009765625,2253.800048828125,2249.997802734375,1079814.0,0.0,0.0
2022-02-10,2250.5,2282.10009765625,2195.10009765625,2236.75,2232.9765625,1182724.0,0.0,0.0
2022-02-11,2208.199951171875,2282.0,2201.10009765625,2264.949951171875,2261.12890625,1317813.0,0.0,0.0
2022-02-14,2170.0,2228.5,2082.75,2092.300048828125,2088.770263671875,1288158.0,0.0,0.0
2022-02-15,2125.0,2198.949951171875,2071.550048828125,2190.60009765625,2186.904541015625,1091103.0,0.0,0.0
2022-02-16,2195.0,2223.39990234375,2152.10009765625,2170.949951171875,2167.287353515625,796340.0,0.0,0.0
2022-02-17,2197.949951171875,2244.0,2130.0,2156.64990234375,2153.011474609375,1442010.0,0.0,0.0
2022-02-18,2149.0,2168.0,2091.0,2116.60009765625,2113.029296875,951796.0,0.0,0.0
2022-02-21,2085.050048828125,2096.14990234375,2025.199951171875,2086.550048828125,2083.030029296875,1964631.0,0.0,0.0
2022-02-22,1996.0,2078.800048828125,1996.0,2066.050048828125,2062.564453125,999361.0,0.0,0.0
2022-02-23,2085.0,2095.0,2030.449951171875,2039.4000244140625,2035.95947265625,720061.0,0.0,0.0
2022-02-24,1975.0,1988.0,1800.0,1830.550048828125,1827.4617919921875,2400153.0,0.0,0.0
2022-02-25,1900.0,1977.300048828125,1870.050048828125,1918.25,1915.0137939453125,1612923.0,0.0,0.0
2022-02-28,1870.0,1894.0,1840.0,1874.9000244140625,1871.7369384765625,1586689.0,0.0,0.0
2022-03-02,1836.0,1865.0,1786.8499755859375,1805.050048828125,1802.0048828125,1602449.0,0.0,0.0
2022-03-03,1801.0,1803.8499755859373,1721.0999755859375,1729.949951171875,1727.031494140625,1741377.0,0.0,0.0
2022-03-04,1720.0,1742.300048828125,1634.0,1724.199951171875,1721.2911376953125,2922485.0,0.0,0.0
2022-03-07,1668.0,1668.0,1594.1500244140625,1617.0,1614.2720947265625,1586234.0,0.0,0.0
2022-03-08,1600.0,1614.949951171875,1555.0999755859375,1598.800048828125,1596.102783203125,1559479.0,0.0,0.0
2022-03-09,1658.0,1754.8499755859375,1658.0,1709.0999755859375,1706.2166748046875,5596423.0,0.0,0.0
2022-03-10,1800.0,1824.5999755859373,1753.4000244140625,1789.449951171875,1786.4310302734375,2787796.0,0.0,0.0
2022-03-11,1780.0,1839.0,1761.699951171875,1820.800048828125,1817.728271484375,1619561.0,0.0,0.0
2022-03-14,1823.0,1849.800048828125,1806.300048828125,1838.800048828125,1835.6978759765625,818803.0,0.0,0.0
2022-03-15,1872.0,1883.4000244140625,1820.6500244140625,1832.550048828125,1829.45849609375,965034.0,0.0,0.0
2022-03-16,1866.0,1923.75,1866.0,1899.800048828125,1896.594970703125,1552404.0,0.0,0.0
2022-03-17,1930.0,1944.0,1883.050048828125,1897.050048828125,1893.849609375,1295677.0,0.0,0.0
2022-03-21,1882.0,1895.0,1809.550048828125,1814.050048828125,1810.9896240234373,715151.0,0.0,0.0
2022-03-22,1810.0,1851.5,1762.25,1836.25,1833.152099609375,990082.0,0.0,0.0
2022-03-23,1845.0,1855.0,1812.050048828125,1832.800048828125,1829.7080078125,628556.0,0.0,0.0
2022-03-24,1800.0,1870.9000244140625,1796.4000244140625,1863.0999755859373,1859.956787109375,770859.0,0.0,0.0
2022-03-25,1875.0,1954.050048828125,1871.0,1940.550048828125,1937.2762451171875,2367298.0,0.0,0.0
2022-03-28,1963.9000244140625,1996.0,1940.0,1964.300048828125,1960.9862060546875,1586405.0,0.0,0.0
2022-03-29,1992.0,2019.800048828125,1950.0999755859373,1963.1500244140625,1959.838134765625,1176404.0,0.0,0.0
2022-03-30,1983.1500244140625,2011.75,1966.199951171875,1989.3499755859373,1985.993896484375,786916.0,0.0,0.0
2022-03-31,1990.3499755859373,2020.0,1990.3499755859373,2014.1500244140625,2010.7520751953125,991862.0,0.0,0.0
2022-04-01,2017.5,2033.949951171875,1963.0,1998.5999755859373,1995.228271484375,1057578.0,0.0,0.0
2022-04-04,2000.0,2025.0,1995.0,2014.550048828125,2011.1513671875,553033.0,0.0,0.0
2022-04-05,2006.800048828125,2023.5,1975.6500244140625,1986.4000244140625,1983.048828125,933228.0,0.0,0.0
2022-04-06,1987.699951171875,2004.0,1972.0,1979.25,1975.910888671875,392851.0,0.0,0.0
2022-04-07,1987.0,1991.199951171875,1968.050048828125,1980.4000244140625,1977.0589599609373,444888.0,0.0,0.0
2022-04-08,2000.0,2029.5,1992.0,2000.1500244140625,1996.775634765625,1007511.0,0.0,0.0
2022-04-11,2005.0,2038.9000244140625,1984.050048828125,1991.550048828125,1988.190185546875,650549.0,0.0,0.0
2022-04-12,2001.8499755859373,2001.8499755859373,1922.8499755859373,1932.8499755859373,1929.589111328125,693537.0,0.0,0.0
2022-04-13,1944.449951171875,1948.949951171875,1890.0,1899.199951171875,1895.995849609375,476689.0,0.0,0.0
2022-04-18,1885.0,1892.449951171875,1830.25,1884.9000244140625,1881.7200927734373,570705.0,0.0,0.0
2022-04-19,1899.0,1926.699951171875,1843.25,1869.550048828125,1866.39599609375,356096.0,0.0,0.0
2022-04-20,1890.0,1906.5,1867.199951171875,1896.3499755859373,1893.1507568359373,445449.0,0.0,0.0
2022-04-21,1906.0,1951.0,1894.0,1938.449951171875,1935.1796875,417188.0,0.0,0.0
2022-04-22,1925.0,1945.0,1905.199951171875,1916.0999755859373,1912.867431640625,448347.0,0.0,0.0
2022-04-25,1880.0999755859373,1899.0,1855.0,1864.9000244140625,1861.7537841796875,548420.0,0.0,0.0
2022-04-26,1890.0,1890.0,1853.550048828125,1870.199951171875,1867.0447998046875,240122.0,0.0,0.0
2022-04-27,1852.0,1854.75,1782.0,1791.300048828125,1788.278076171875,701836.0,0.0,0.0
2022-04-28,1826.0,1873.199951171875,1795.449951171875,1858.5999755859373,1855.4644775390625,767167.0,0.0,0.0
2022-04-29,1872.0,1885.0,1851.5,1858.0999755859373,1854.9652099609373,408066.0,0.0,0.0
2022-05-02,1818.949951171875,1875.0,1818.9000244140625,1866.8499755859373,1863.7005615234373,271403.0,0.0,0.0
2022-05-04,1863.9000244140625,1866.800048828125,1795.0,1801.75,1798.7103271484375,316292.0,0.0,0.0
2022-05-05,1817.0,1825.0,1770.0999755859375,1781.9000244140625,1778.8939208984375,311876.0,0.0,0.0
2022-05-06,1750.0,1774.5,1723.4000244140625,1745.3499755859375,1742.405517578125,409633.0,0.0,0.0
2022-05-09,1745.0,1745.0,1683.050048828125,1717.300048828125,1714.40283203125,389574.0,0.0,0.0
2022-05-10,1712.9000244140625,1762.0,1687.199951171875,1693.4000244140625,1690.543212890625,324348.0,0.0,0.0
2022-05-11,1698.0,1712.0,1640.449951171875,1678.9000244140625,1676.067626953125,504697.0,0.0,0.0
2022-05-12,1670.0,1670.0,1615.0,1631.25,1628.498046875,371011.0,0.0,0.0
2022-05-13,1644.9000244140625,1689.8499755859375,1616.0,1624.800048828125,1622.0589599609375,422044.0,0.0,0.0
2022-05-16,1644.0,1666.0,1607.5999755859375,1654.5999755859375,1651.80859375,498742.0,0.0,0.0
2022-05-17,1662.0,1691.800048828125,1630.0,1680.8499755859375,1678.0142822265625,567445.0,0.0,0.0
2022-05-18,1690.0,1760.75,1686.199951171875,1696.4000244140625,1693.5380859375,1379451.0,0.0,0.0
2022-05-19,1652.0,1685.949951171875,1574.300048828125,1661.699951171875,1658.8966064453125,406789.0,0.0,0.0
2022-05-20,1685.0,1697.0,1645.050048828125,1664.199951171875,1661.392333984375,464240.0,0.0,0.0
2022-05-23,1676.0,1733.4000244140625,1670.0999755859375,1725.199951171875,1722.2894287109375,921302.0,0.0,0.0
2022-05-24,1732.5,1741.449951171875,1653.050048828125,1683.0,1680.16064453125,591584.0,0.0,0.0
2022-05-25,1689.0,1698.949951171875,1626.0,1645.6500244140625,1642.873779296875,557933.0,0.0,0.0
2022-05-26,1665.199951171875,1836.0,1665.199951171875,1816.199951171875,1813.135986328125,3255118.0,0.0,0.0
2022-05-27,1816.199951171875,1842.8499755859373,1797.5,1821.8499755859373,1818.7763671875,1030081.0,0.0,0.0
2022-05-30,1821.8499755859373,1835.0,1787.699951171875,1808.9000244140625,1805.8482666015625,620207.0,0.0,0.0
2022-05-31,1810.0,1849.449951171875,1785.5999755859375,1838.550048828125,1835.4483642578125,987688.0,0.0,0.0
2022-06-01,1865.949951171875,1880.0,1816.0999755859373,1825.550048828125,1822.47021484375,558609.0,0.0,0.0
2022-06-02,1825.550048828125,1856.5,1814.800048828125,1828.550048828125,1825.4652099609373,492271.0,0.0,0.0
2022-06-03,1844.0,1847.0,1809.550048828125,1812.5999755859373,1809.5419921875,411462.0,0.0,0.0
2022-06-06,1790.0,1825.5999755859373,1786.050048828125,1819.800048828125,1816.72998046875,308050.0,0.0,0.0
2022-06-07,1814.0,1827.75,1795.050048828125,1820.6500244140625,1817.5784912109373,237334.0,0.0,0.0
2022-06-08,1820.0,1838.5,1781.1500244140625,1802.5,1799.4591064453125,711054.0,0.0,0.0
2022-06-09,1790.0,1808.0,1763.550048828125,1793.550048828125,1790.5242919921875,315997.0,0.0,0.0
2022-06-10,1770.0999755859375,1820.0,1770.0999755859375,1808.9000244140625,1805.8482666015625,507818.0,0.0,0.0
2022-06-13,1780.25,1799.75,1722.6500244140625,1755.800048828125,1752.837890625,420743.0,0.0,0.0
2022-06-14,1735.0,1770.0,1730.550048828125,1742.9000244140625,1739.959716796875,306321.0,0.0,0.0
2022-06-15,1742.9000244140625,1761.8499755859375,1732.1500244140625,1735.5,1732.5721435546875,245913.0,0.0,0.0
2022-06-16,1729.0999755859375,1746.0,1629.550048828125,1649.199951171875,1646.417724609375,1482360.0,0.0,0.0
2022-06-17,1648.0,1653.949951171875,1599.0,1631.949951171875,1629.19677734375,1008746.0,0.0,0.0
2022-06-20,1647.3499755859375,1678.300048828125,1511.75,1549.300048828125,1546.686279296875,1954116.0,0.0,0.0
2022-06-21,1586.0,1634.9000244140625,1557.550048828125,1627.5999755859375,1624.8541259765625,1298081.0,0.0,0.0
2022-06-22,1600.0,1670.0,1590.4000244140625,1646.8499755859375,1644.0716552734375,920897.0,0.0,0.0
2022-06-23,1660.6500244140625,1667.3499755859375,1598.550048828125,1621.5,1618.764404296875,992947.0,0.0,0.0
2022-06-24,1646.4000244140625,1646.4000244140625,1603.0,1630.75,1627.9989013671875,464612.0,0.0,0.0
2022-06-27,1650.949951171875,1655.949951171875,1618.75,1625.1500244140625,1622.4083251953125,497514.0,0.0,0.0
2022-06-28,1605.0,1646.550048828125,1571.75,1637.9000244140625,1635.1368408203125,1172518.0,0.0,0.0
2022-06-29,1620.0,1638.699951171875,1604.0,1615.199951171875,1612.4749755859375,747275.0,0.0,0.0
2022-06-30,1611.0,1628.5,1597.550048828125,1606.199951171875,1603.490234375,868721.0,0.0,0.0
2022-07-01,1610.550048828125,1667.0,1591.5999755859375,1650.4000244140625,1647.61572265625,692564.0,0.0,0.0
2022-07-04,1623.25,1654.0,1587.550048828125,1648.75,1645.968505859375,934321.0,0.0,0.0
2022-07-05,1640.050048828125,1670.0,1619.199951171875,1629.449951171875,1626.700927734375,498699.0,0.0,0.0
2022-07-06,1645.9000244140625,1690.0,1622.1500244140625,1662.1500244140625,1659.345947265625,1422886.0,0.0,0.0
2022-07-07,1684.300048828125,1696.1500244140625,1653.5999755859375,1692.0,1689.1455078125,793404.0,0.0,0.0
2022-07-08,1681.0999755859375,1690.5,1643.5,1677.9000244140625,1675.0693359375,786294.0,0.0,0.0
2022-07-11,1650.0,1705.699951171875,1648.0,1694.6500244140625,1691.791015625,511612.0,0.0,0.0
2022-07-12,1696.6500244140625,1711.800048828125,1679.3499755859375,1693.449951171875,1690.593017578125,483227.0,0.0,0.0
2022-07-13,1730.0,1760.0,1714.5999755859375,1737.699951171875,1734.768310546875,1592742.0,0.0,0.0
2022-07-14,1733.5,1775.0,1728.1500244140625,1761.0,1758.029052734375,389255.0,0.0,0.0
2022-07-15,1772.0,1790.0,1753.199951171875,1785.8499755859375,1782.837158203125,317909.0,0.0,0.0
2022-07-18,1801.0,1808.949951171875,1785.0,1801.1500244140625,1798.1114501953125,304257.0,0.0,0.0
2022-07-19,1787.3499755859375,1795.800048828125,1770.300048828125,1776.6500244140625,1773.6527099609375,397131.0,0.0,0.0
2022-07-20,1804.949951171875,1805.0,1761.550048828125,1766.4000244140625,1763.4200439453125,320599.0,0.0,0.0
2022-07-21,1766.9000244140625,1830.0,1766.9000244140625,1826.0,1822.91943359375,436256.0,0.0,0.0
2022-07-22,1828.699951171875,1836.5,1805.050048828125,1815.449951171875,1812.38720703125,433565.0,0.0,0.0
2022-07-25,1815.0,1824.5999755859373,1795.800048828125,1816.4000244140625,1813.335693359375,217342.0,0.0,0.0
2022-07-26,1806.0,1809.800048828125,1762.4000244140625,1779.6500244140625,1776.647705078125,331090.0,0.0,0.0
2022-07-27,1777.0,1784.5999755859375,1751.550048828125,1772.0999755859375,1769.1103515625,540921.0,0.0,0.0
2022-07-28,1794.0,1848.4000244140625,1787.050048828125,1843.0,1839.8907470703125,777228.0,0.0,0.0
2022-07-29,1855.0,1892.9000244140625,1848.0,1867.949951171875,1864.798583984375,785199.0,0.0,0.0
2022-08-01,1893.0,1897.0,1870.0,1891.4000244140625,1888.2091064453125,408960.0,0.0,0.0
2022-08-02,1900.0,1949.0,1874.0999755859373,1944.6500244140625,1941.3692626953125,699094.0,0.0,0.0
2022-08-03,1954.0,1990.4000244140625,1916.6500244140625,1976.6500244140625,1973.3153076171875,863499.0,0.0,0.0
2022-08-04,2014.0,2014.0,1918.5999755859373,1986.0999755859373,1982.749267578125,1878817.0,0.0,0.0
2022-08-05,1991.0,2103.949951171875,1985.199951171875,2080.89990234375,2077.389404296875,2194620.0,0.0,0.0
2022-08-08,2085.0,2085.0,2055.25,2067.199951171875,2063.71240234375,511464.0,0.0,0.0
2022-08-10,2061.0,2066.800048828125,2022.25,2038.300048828125,2034.861328125,328575.0,0.0,0.0
2022-08-11,2081.89990234375,2084.60009765625,2012.5,2019.800048828125,2016.392578125,813952.0,0.0,0.0
2022-08-12,2025.0,2027.5,2002.0,2014.1500244140625,2010.7520751953125,279338.0,0.0,0.0
2022-08-16,2049.0,2074.800048828125,2032.0,2069.14990234375,2065.6591796875,558344.0,0.0,0.0
2022-08-17,2088.0,2088.0,2040.9000244140625,2050.550048828125,2047.0906982421875,400670.0,0.0,0.0
2022-08-18,2034.0,2043.550048828125,2003.0,2022.0,2018.5887451171875,413211.0,0.0,0.0
2022-08-19,2003.300048828125,2013.3499755859373,1950.0,1970.300048828125,1966.97607421875,910803.0,0.0,0.0
2022-08-22,1980.550048828125,2000.0,1940.199951171875,1968.75,1965.4285888671875,502683.0,0.0,0.0
2022-08-23,1932.0,2011.800048828125,1932.0,2004.5,2001.1182861328125,723276.0,0.0,0.0
2022-08-24,1980.0,2009.0,1960.4000244140625,1970.699951171875,1967.375244140625,664666.0,0.0,0.0
2022-08-25,1970.699951171875,1992.5999755859373,1963.550048828125,1973.800048828125,1970.4700927734373,344550.0,0.0,0.0
2022-08-26,1975.0,1995.550048828125,1965.050048828125,1974.699951171875,1971.3685302734373,254212.0,0.0,0.0
2022-08-29,1950.0,1983.449951171875,1946.0,1959.199951171875,1955.8946533203125,448732.0,0.0,0.0
2022-08-30,1960.0,2023.0,1960.0,2016.800048828125,2013.3975830078125,739182.0,0.0,0.0
2022-09-01,2018.0,2048.0,2005.5,2038.3499755859373,2034.9111328125,439898.0,0.0,0.0
2022-09-02,2044.949951171875,2064.0,2020.0,2029.4000244140625,2025.976318359375,397345.0,0.0,0.0
2022-09-05,2035.0,2049.89990234375,2011.5,2019.9000244140625,2016.4923095703125,207310.0,0.0,0.0
2022-09-06,2030.0,2033.25,2013.0,2021.4000244140625,2017.9898681640625,235605.0,0.0,0.0
2022-09-07,2028.0999755859373,2067.550048828125,1945.0,1977.699951171875,1974.363525390625,914065.0,0.0,0.0
2022-09-08,1926.0,1978.0,1885.0,1940.6500244140625,1937.3760986328125,24596666.0,0.0,0.0
2022-09-09,1959.800048828125,1959.800048828125,1925.800048828125,1933.300048828125,1930.0384521484373,1279304.0,0.0,0.0
2022-09-12,1938.0,1950.0999755859373,1918.9000244140625,1927.25,1923.9986572265625,635908.0,0.0,0.0
2022-09-13,1931.0,1942.0,1921.25,1930.25,1926.9935302734373,910985.0,0.0,0.0
2022-09-14,1907.0,1931.800048828125,1896.0999755859373,1905.050048828125,1901.836181640625,423379.0,0.0,0.0
2022-09-15,1914.5999755859373,1920.5,1887.300048828125,1902.0999755859373,1898.8909912109373,638241.0,0.0,0.0
2022-09-16,1911.0,1928.0,1824.9000244140625,1836.050048828125,1832.9525146484373,980903.0,0.0,0.0
2022-09-19,1845.25,1845.949951171875,1812.0,1838.550048828125,1835.4483642578125,518856.0,0.0,0.0
2022-09-20,1847.75,1924.0,1846.5999755859373,1905.6500244140625,1902.43505859375,1113254.0,0.0,0.0
2022-09-21,1906.0,1917.1500244140625,1872.050048828125,1877.550048828125,1874.382568359375,491778.0,0.0,0.0
2022-09-22,1885.0,1912.0,1860.550048828125,1876.800048828125,1873.6337890625,518678.0,0.0,0.0
2022-09-23,1877.0,1894.550048828125,1830.0,1844.25,1841.138671875,493102.0,0.0,0.0
2022-09-26,1848.0,1856.300048828125,1802.6500244140625,1839.25,1836.1470947265625,696800.0,0.0,0.0
2022-09-27,1849.0,1868.800048828125,1816.0,1845.1500244140625,1842.037109375,473796.0,0.0,0.0
2022-09-28,1833.8499755859373,1852.0,1811.0,1819.699951171875,1816.6300048828125,418863.0,0.0,0.0
2022-09-29,1828.800048828125,1844.949951171875,1807.050048828125,1827.300048828125,1824.21728515625,370229.0,0.0,0.0
2022-09-30,1830.0,1871.8499755859373,1803.199951171875,1855.300048828125,1852.1700439453125,507332.0,0.0,0.0
2022-10-03,1874.0,1874.0,1783.0,1796.8499755859375,1793.818603515625,732261.0,0.0,0.0
2022-10-04,1840.0,1869.5,1830.0999755859373,1851.75,1848.6259765625,830556.0,0.0,0.0
2022-10-06,1873.5,1876.0,1808.050048828125,1816.300048828125,1813.23583984375,684009.0,0.0,0.0
2022-10-07,1820.0,1820.0,1750.6500244140625,1794.0999755859375,1791.0732421875,1470158.0,0.0,0.0
2022-10-10,1762.699951171875,1784.449951171875,1735.0999755859375,1775.550048828125,1772.5545654296875,531321.0,0.0,0.0
2022-10-11,1777.0,1796.25,1760.050048828125,1769.949951171875,1766.9639892578125,629472.0,0.0,0.0
2022-10-12,1778.6500244140625,1778.6500244140625,1732.3499755859375,1747.199951171875,1744.2523193359375,717715.0,0.0,0.0
2022-10-13,1747.199951171875,1782.0,1722.949951171875,1736.1500244140625,1733.2210693359375,447044.0,0.0,0.0
2022-10-14,1765.0,1772.550048828125,1743.0,1751.949951171875,1748.994384765625,540291.0,0.0,0.0
2022-10-17,1740.0,1756.25,1728.0,1745.0,1742.05615234375,480719.0,0.0,0.0
2022-10-18,1751.0,1786.550048828125,1749.1500244140625,1781.0,1777.995361328125,375593.0,0.0,0.0
2022-10-19,1789.949951171875,1799.3499755859375,1775.0,1781.199951171875,1778.1949462890625,357081.0,0.0,0.0
2022-10-20,1765.0,1805.0,1761.449951171875,1784.300048828125,1781.289794921875,445735.0,0.0,0.0
2022-10-21,1793.25,1795.800048828125,1765.800048828125,1779.0999755859375,1776.0985107421875,307651.0,0.0,0.0
2022-10-24,1800.0,1800.0,1781.0,1793.4000244140625,1790.37451171875,64226.0,0.0,0.0
2022-10-25,1798.0,1801.949951171875,1762.0,1768.5999755859375,1765.6162109375,492471.0,0.0,0.0
2022-10-27,1779.949951171875,1781.1500244140625,1737.5999755859375,1741.25,1738.3123779296875,611156.0,0.0,0.0
2022-10-28,1749.5,1768.0,1741.550048828125,1762.300048828125,1759.326904296875,404541.0,0.0,0.0
2022-10-31,1769.0,1790.0,1763.0999755859375,1781.699951171875,1778.694091796875,462834.0,0.0,0.0
2022-11-01,1777.0,1827.75,1773.6500244140625,1820.699951171875,1817.6282958984373,572111.0,0.0,0.0
2022-11-02,1818.800048828125,1836.5,1785.5999755859375,1805.5,1802.4539794921875,504628.0,0.0,0.0
2022-11-03,1800.0,1817.1500244140625,1788.25,1803.199951171875,1800.1578369140625,206322.0,0.0,0.0
2022-11-04,1809.800048828125,1817.4000244140625,1790.0,1798.0,1794.9666748046875,422417.0,0.0,0.0
2022-11-07,1768.0,1817.949951171875,1768.0,1778.050048828125,1775.0504150390625,1277160.0,0.0,0.0
2022-11-09,1780.0,1784.8499755859375,1676.0,1718.75,1715.850341796875,1765811.0,0.0,0.0
2022-11-10,1725.550048828125,1729.449951171875,1697.550048828125,1710.4000244140625,1707.5145263671875,527241.0,0.0,0.0
2022-11-11,1719.0,1769.199951171875,1695.5999755859375,1766.0999755859375,1763.1204833984375,727988.0,0.0,0.0
2022-11-14,1766.0999755859375,1780.0,1757.0999755859375,1775.75,1772.7542724609375,215093.0,0.0,0.0
2022-11-15,1784.6500244140625,1800.0,1770.25,1792.949951171875,1789.9251708984375,382601.0,0.0,0.0
2022-11-16,1801.949951171875,1813.0,1760.1500244140625,1770.9000244140625,1767.9124755859375,660124.0,0.0,0.0
2022-11-17,1770.9000244140625,1772.25,1741.0,1748.6500244140625,1745.699951171875,239383.0,0.0,0.0
2022-11-18,1758.0,1796.0,1750.0,1782.949951171875,1779.9420166015625,725512.0,0.0,0.0
2022-11-21,1788.949951171875,1809.0,1766.0999755859375,1792.449951171875,1789.426025390625,376851.0,0.0,0.0
2022-11-22,1801.3499755859375,1829.300048828125,1788.949951171875,1818.949951171875,1815.88134765625,612018.0,0.0,0.0
2022-11-23,1828.0,1897.9000244140625,1825.699951171875,1893.3499755859373,1890.15576171875,2277315.0,0.0,0.0
2022-11-24,1910.0,1968.0,1888.0,1897.300048828125,1894.0992431640625,2102042.0,0.0,0.0
2022-11-25,1910.0,1912.949951171875,1876.0,1906.949951171875,1903.7327880859373,355530.0,0.0,0.0
2022-11-28,1916.5,1952.0,1906.0999755859373,1913.300048828125,1910.072265625,819638.0,0.0,0.0
2022-11-29,1925.0,1940.0,1901.0,1911.3499755859373,1908.12548828125,567704.0,0.0,0.0
2022-11-30,1900.0,1941.6500244140625,1888.5999755859373,1937.449951171875,1934.181396484375,749904.0,0.0,0.0
2022-12-01,1955.0,1955.5,1932.1500244140625,1944.1500244140625,1940.8701171875,453065.0,0.0,0.0
2022-12-02,1936.949951171875,1952.8499755859373,1912.0999755859373,1916.5,1913.2667236328125,383481.0,0.0,0.0
2022-12-05,1915.0,1934.449951171875,1906.25,1919.050048828125,1915.8125,298145.0,0.0,0.0
2022-12-06,1923.25,1950.0,1916.050048828125,1932.8499755859373,1929.589111328125,475367.0,0.0,0.0
2022-12-07,1945.25,2008.75,1940.449951171875,1973.1500244140625,1969.8211669921875,1759557.0,0.0,0.0
2022-12-08,1978.0,2025.0,1968.1500244140625,2019.25,2015.8433837890625,1038461.0,0.0,0.0
2022-12-09,2029.949951171875,2030.0,1988.1500244140625,1992.050048828125,1988.6893310546875,617265.0,0.0,0.0
2022-12-12,2002.5,2060.0,1995.0,2053.949951171875,2050.48486328125,1503825.0,0.0,0.0
2022-12-13,2052.949951171875,2052.949951171875,2020.5,2030.449951171875,2027.0245361328125,519818.0,0.0,0.0
2022-12-14,2038.0,2041.5999755859373,2011.0,2015.699951171875,2012.29931640625,300111.0,0.0,0.0
2022-12-15,2014.949951171875,2025.4000244140625,1998.0,2015.0,2011.6005859375,304652.0,0.0,0.0
2022-12-16,2017.949951171875,2028.949951171875,1955.550048828125,1962.4000244140625,1959.08935546875,461827.0,0.0,0.0
2022-12-19,1965.0,2032.449951171875,1945.300048828125,2027.0999755859373,2023.68017578125,463961.0,0.0,0.0
2022-12-20,2034.9000244140625,2100.0,2007.050048828125,2063.800048828125,2060.318359375,1740107.0,0.0,0.0
2022-12-21,2070.949951171875,2084.300048828125,1983.0,2016.25,2012.8485107421875,1206297.0,0.0,0.0
2022-12-22,1985.9000244140625,2015.949951171875,1958.25,1977.0999755859373,1973.7645263671875,1088470.0,0.0,0.0
2022-12-23,1951.0,1959.949951171875,1893.9000244140625,1914.25,1911.0205078125,1193836.0,0.0,0.0
2022-12-26,1910.0,1963.0,1895.25,1958.300048828125,1954.996337890625,232709.0,0.0,0.0
2022-12-27,1963.0,2034.5,1962.0,2027.75,2024.3291015625,650703.0,0.0,0.0
2022-12-28,2019.9000244140625,2053.449951171875,2008.550048828125,2015.199951171875,2011.8001708984373,552390.0,0.0,0.0
2022-12-29,2005.0,2026.699951171875,1986.0,2015.6500244140625,2012.24951171875,508658.0,0.0,0.0
2022-12-30,2040.0,2047.3499755859373,2001.1500244140625,2007.699951171875,2004.3128662109373,371770.0,0.0,0.0
2023-01-02,2013.0,2050.0,2007.0999755859373,2042.75,2039.3038330078125,203965.0,0.0,0.0
2023-01-03,2029.0,2049.949951171875,2022.0,2040.949951171875,2037.5067138671875,321613.0,0.0,0.0
2023-01-04,2048.0,2056.550048828125,1990.4000244140625,2003.0999755859373,1999.720703125,427181.0,0.0,0.0
2023-01-05,2023.949951171875,2041.449951171875,2015.0,2037.550048828125,2034.112548828125,849893.0,0.0,0.0
2023-01-06,2039.0,2048.0,2002.0,2020.0,2016.5921630859373,361483.0,0.0,0.0
2023-01-09,2024.0,2037.949951171875,2006.0,2024.199951171875,2020.7850341796875,223959.0,0.0,0.0
2023-01-10,2024.199951171875,2072.199951171875,2018.25,2044.1500244140625,2040.701416015625,1133162.0,0.0,0.0
2023-01-11,2044.1500244140625,2118.800048828125,2037.0,2107.35009765625,2103.794921875,988453.0,0.0,0.0
2023-01-12,2114.949951171875,2127.85009765625,2090.0,2105.050048828125,2101.498779296875,1010301.0,0.0,0.0
2023-01-13,2100.60009765625,2120.85009765625,2097.550048828125,2117.39990234375,2113.82763671875,349581.0,0.0,0.0
2023-01-16,2116.949951171875,2141.60009765625,2083.85009765625,2100.14990234375,2096.60693359375,763655.0,0.0,0.0
2023-01-17,2110.699951171875,2129.89990234375,2068.050048828125,2081.25,2077.73876953125,453194.0,0.0,0.0
2023-01-18,2086.0,2106.64990234375,2080.0,2084.25,2080.73388671875,488684.0,0.0,0.0
2023-01-19,2080.0,2128.0,2075.0,2122.800048828125,2119.21875,611765.0,0.0,0.0
2023-01-20,2129.550048828125,2165.0,2086.89990234375,2099.85009765625,2096.3076171875,924550.0,0.0,0.0
2023-01-23,2110.0,2131.35009765625,2094.75,2121.800048828125,2118.220458984375,212199.0,0.0,0.0
2023-01-24,2119.0,2130.800048828125,2091.5,2102.35009765625,2098.80322265625,208212.0,0.0,0.0
2023-01-25,2103.0,2120.0,2070.0,2109.25,2105.691650390625,847403.0,0.0,0.0
2023-01-27,2109.0,2109.35009765625,2070.0,2094.050048828125,2090.517333984375,631918.0,0.0,0.0
2023-01-30,2090.0,2110.75,2060.0,2083.75,2080.234619140625,1191976.0,0.0,0.0
2023-01-31,2090.0,2135.0,2085.800048828125,2124.25,2120.666259765625,548748.0,0.0,0.0
2023-02-01,2120.25,2146.75,2062.800048828125,2084.89990234375,2081.382568359375,807503.0,0.0,0.0
2023-02-02,2090.0,2130.60009765625,2060.699951171875,2124.85009765625,2121.265380859375,759436.0,0.0,0.0
2023-02-03,2135.5,2160.0,2079.550048828125,2097.699951171875,2094.1611328125,596525.0,0.0,0.0
2023-02-06,2180.0,2180.0,2043.449951171875,2071.550048828125,2068.05517578125,2308032.0,0.0,0.0
2023-02-07,2070.0,2102.699951171875,2006.6500244140625,2025.4000244140625,2021.9830322265625,1319373.0,0.0,0.0
2023-02-08,2025.4000244140625,2056.949951171875,2020.3499755859373,2040.199951171875,2036.758056640625,397784.0,0.0,0.0
2023-02-09,2040.199951171875,2065.0,2035.050048828125,2039.699951171875,2036.2589111328125,464624.0,0.0,0.0
2023-02-10,2048.0,2054.0,2035.0,2043.5,2040.052490234375,181307.0,0.0,0.0
2023-02-13,2042.0,2056.85009765625,2035.8499755859373,2048.550048828125,2045.093994140625,420872.0,0.0,0.0
2023-02-14,2057.0,2057.0,2025.0,2036.800048828125,2033.3638916015625,339630.0,0.0,0.0
2023-02-15,2032.0,2036.4000244140625,1968.550048828125,1986.050048828125,1982.699462890625,1465671.0,0.0,0.0
2023-02-16,1922.050048828125,1940.0,1890.0,1897.25,1894.0491943359373,6360784.0,0.0,0.0
2023-02-17,1898.949951171875,1898.949951171875,1875.9000244140625,1882.199951171875,1879.0245361328125,1098641.0,0.0,0.0
2023-02-20,1885.949951171875,1891.949951171875,1860.3499755859373,1881.75,1878.575439453125,1747492.0,0.0,0.0
2023-02-21,1895.0,1897.8499755859373,1848.0,1853.1500244140625,1850.023681640625,1002468.0,0.0,0.0
2023-02-22,1857.0,1860.0,1820.0,1834.8499755859373,1831.7545166015625,1095395.0,0.0,0.0
2023-02-23,1831.0999755859373,1871.9000244140625,1820.0,1865.0,1861.8536376953125,923512.0,0.0,0.0
2023-02-24,1865.0,1876.0999755859373,1843.25,1853.25,1850.12353515625,322247.0,0.0,0.0
2023-02-27,1839.0,1845.949951171875,1816.0,1838.050048828125,1834.94921875,708346.0,0.0,0.0
2023-02-28,1839.699951171875,1864.699951171875,1835.300048828125,1856.3499755859373,1853.21826171875,458233.0,0.0,0.0
2023-03-01,1868.949951171875,1868.949951171875,1831.449951171875,1843.699951171875,1840.5894775390625,416942.0,0.0,0.0
2023-03-02,1845.9000244140625,1876.5,1837.1500244140625,1853.4000244140625,1850.273193359375,395347.0,0.0,0.0
2023-03-03,1862.699951171875,1875.0,1850.0,1865.1500244140625,1862.00341796875,272832.0,0.0,0.0
2023-03-06,1875.0,1877.800048828125,1851.0,1855.75,1852.6192626953125,273649.0,0.0,0.0
2023-03-08,1860.0,1905.050048828125,1853.300048828125,1901.800048828125,1898.5916748046875,969908.0,0.0,0.0
2023-03-09,1911.300048828125,1911.300048828125,1864.0,1867.050048828125,1863.9002685546875,369301.0,0.0,0.0
2023-03-10,1869.949951171875,1893.449951171875,1850.0999755859373,1889.800048828125,1886.61181640625,336656.0,0.0,0.0
2023-03-13,1889.949951171875,1890.0,1845.050048828125,1858.9000244140625,1855.763916015625,144555.0,0.0,0.0
2023-03-14,1850.0,1869.9000244140625,1846.699951171875,1862.75,1859.607421875,348163.0,0.0,0.0
2023-03-15,1879.0,1891.949951171875,1858.550048828125,1867.25,1864.099853515625,317609.0,0.0,0.0
2023-03-16,1873.0,1882.800048828125,1842.4000244140625,1865.3499755859373,1862.2030029296875,377044.0,0.0,0.0
2023-03-17,1868.3499755859373,1890.0,1848.050048828125,1856.3499755859373,1853.21826171875,447591.0,0.0,0.0
2023-03-20,1858.0,1866.0999755859373,1827.0,1857.75,1854.6158447265625,489457.0,0.0,0.0
2023-03-21,1884.949951171875,1919.0,1865.6500244140625,1874.5999755859373,1871.4373779296875,408947.0,0.0,0.0
2023-03-22,1894.0,1896.550048828125,1881.0,1888.75,1885.5635986328125,269461.0,0.0,0.0
2023-03-23,1888.949951171875,1919.949951171875,1888.949951171875,1908.949951171875,1905.7294921875,738568.0,0.0,0.0
2023-03-24,1910.0,1919.0,1860.0,1865.199951171875,1862.05322265625,338567.0,0.0,0.0
2023-03-27,1867.1500244140625,1880.050048828125,1826.050048828125,1834.300048828125,1831.2054443359373,382151.0,0.0,0.0
2023-03-28,1842.0,1843.5,1810.6500244140625,1825.199951171875,1822.1207275390625,746374.0,0.0,0.0
2023-03-29,1818.050048828125,1840.0,1810.800048828125,1825.3499755859373,1822.2705078125,633537.0,0.0,0.0
2023-03-31,1834.5,1916.199951171875,1833.0,1910.6500244140625,1907.4266357421875,1498501.0,0.0,0.0
2023-04-03,1900.0,1903.949951171875,1861.0,1900.0,1896.7945556640625,346577.0,0.0,0.0
2023-04-05,1890.0,1933.300048828125,1884.4000244140625,1927.75,1924.497802734375,439816.0,0.0,0.0
2023-04-06,1933.800048828125,1939.699951171875,1902.0,1911.949951171875,1908.724365234375,419500.0,0.0,0.0
2023-04-10,1913.25,1922.449951171875,1896.6500244140625,1902.0999755859373,1898.8909912109373,178590.0,0.0,0.0
2023-04-11,1906.5,1922.949951171875,1876.5,1879.050048828125,1875.8800048828125,320625.0,0.0,0.0
2023-04-12,1880.0,1884.800048828125,1864.550048828125,1880.050048828125,1876.8782958984373,294063.0,0.0,0.0
2023-04-13,1889.0,1899.0,1873.5,1879.3499755859373,1876.179443359375,223972.0,0.0,0.0
2023-04-17,1890.0,1940.0,1882.8499755859373,1937.0,1933.732177734375,700514.0,0.0,0.0
2023-04-18,1947.0,1970.0,1936.3499755859373,1960.0,1956.693359375,566126.0,0.0,0.0
2023-04-19,1950.0,1980.0,1950.0,1968.8499755859373,1965.5284423828125,554013.0,0.0,0.0
2023-04-20,1967.800048828125,1994.699951171875,1962.5,1990.3499755859373,1986.9921875,391997.0,0.0,0.0
2023-04-21,1999.0,1999.949951171875,1971.1500244140625,1987.6500244140625,1984.2967529296875,201671.0,0.0,0.0
2023-04-24,2000.0,2000.0,1975.050048828125,1991.949951171875,1988.5894775390625,169783.0,0.0,0.0
2023-04-25,1975.0,1997.699951171875,1975.0,1992.699951171875,1989.338134765625,153686.0,0.0,0.0
2023-04-26,1990.0,2021.449951171875,1979.1500244140625,2017.550048828125,2014.1463623046875,473999.0,0.0,0.0
2023-04-27,2024.0,2033.050048828125,2010.199951171875,2021.050048828125,2017.640380859375,317706.0,0.0,0.0
2023-04-28,2027.699951171875,2037.449951171875,2007.199951171875,2020.949951171875,2017.54052734375,579273.0,0.0,0.0
2023-05-02,2031.0,2087.89990234375,2022.0,2067.39990234375,2063.912109375,850179.0,0.0,0.0
2023-05-03,2145.0,2236.949951171875,2145.0,2164.10009765625,2160.44921875,4126517.0,0.0,0.0
2023-05-04,2176.949951171875,2180.0,2130.300048828125,2163.60009765625,2159.949951171875,581130.0,0.0,0.0
2023-05-05,2169.0,2172.89990234375,2149.39990234375,2158.85009765625,2155.2080078125,304849.0,0.0,0.0
2023-05-08,2170.0,2210.0,2161.0,2199.85009765625,2196.138916015625,752671.0,0.0,0.0
2023-05-09,2213.0,2223.85009765625,2198.0,2207.85009765625,2204.125244140625,393517.0,0.0,0.0
2023-05-10,2224.89990234375,2230.64990234375,2203.300048828125,2223.64990234375,2219.8984375,430542.0,0.0,0.0
2023-05-11,2233.0,2257.35009765625,2225.0,2251.449951171875,2247.651611328125,458136.0,0.0,0.0
2023-05-12,2300.050048828125,2304.75,2228.699951171875,2234.60009765625,2230.830322265625,718138.0,0.0,0.0
2023-05-15,2240.0,2256.949951171875,2222.39990234375,2251.39990234375,2247.6015625,290376.0,0.0,0.0
2023-05-16,2250.0,2295.0,2245.75,2281.0,2277.15185546875,477303.0,0.0,0.0
2023-05-17,2293.85009765625,2307.0,2268.0,2300.199951171875,2296.3193359375,516811.0,0.0,0.0
2023-05-18,2313.89990234375,2332.949951171875,2255.300048828125,2264.64990234375,2260.829345703125,827802.0,0.0,0.0
2023-05-19,2300.0,2302.449951171875,2230.5,2266.800048828125,2262.975830078125,1606656.0,0.0,0.0
2023-05-22,2264.949951171875,2299.050048828125,2255.0,2290.050048828125,2286.1865234375,528624.0,0.0,0.0
2023-05-23,2290.050048828125,2299.0,2258.050048828125,2277.199951171875,2273.358154296875,635920.0,0.0,0.0
2023-05-24,2277.949951171875,2303.75,2260.050048828125,2269.0,2265.172119140625,1205803.0,0.0,0.0
2023-05-25,2280.64990234375,2316.300048828125,2259.35009765625,2305.699951171875,2301.81005859375,1391561.0,0.0,0.0
2023-05-26,2305.64990234375,2327.0,2292.949951171875,2323.35009765625,2319.430419921875,625438.0,0.0,0.0
2023-05-29,2327.60009765625,2352.85009765625,2315.39990234375,2321.199951171875,2317.283935546875,644870.0,0.0,0.0
2023-05-30,2335.0,2413.75,2323.0,2371.39990234375,2367.399169921875,1581691.0,0.0,0.0
2023-05-31,2372.39990234375,2394.0,2316.699951171875,2372.5,2368.49755859375,3931180.0,0.0,0.0
2023-06-01,2372.5,2372.5,2335.75,2343.800048828125,2339.845947265625,431516.0,0.0,0.0
2023-06-02,2348.85009765625,2389.85009765625,2345.699951171875,2385.75,2381.72509765625,685037.0,0.0,0.0
2023-06-05,2393.0,2418.5,2376.0,2402.75,2398.696533203125,880388.0,0.0,0.0
2023-06-06,2410.0,2413.5,2383.25,2410.39990234375,2406.33349609375,286207.0,0.0,0.0
2023-06-07,2411.0,2438.699951171875,2402.14990234375,2419.89990234375,2415.8173828125,256312.0,0.0,0.0
2023-06-08,2432.0,2468.550048828125,2415.60009765625,2447.050048828125,2442.921875,627078.0,0.0,0.0
2023-06-09,2447.0,2488.0,2439.89990234375,2462.75,2458.59521484375,512036.0,0.0,0.0
2023-06-12,2485.0,2485.0,2377.0,2410.949951171875,2406.882568359375,1070310.0,0.0,0.0
2023-06-13,2411.0,2416.949951171875,2331.10009765625,2340.0,2336.05224609375,2035531.0,0.0,0.0
2023-06-14,2365.0,2368.85009765625,2346.10009765625,2356.0,2352.025390625,737180.0,0.0,0.0
2023-06-15,2380.0,2420.0,2370.0,2414.10009765625,2410.02734375,1126186.0,0.0,0.0
2023-06-16,2434.949951171875,2450.550048828125,2415.60009765625,2429.5,2425.4013671875,707941.0,0.0,0.0
2023-06-19,2445.0,2450.0,2420.550048828125,2432.300048828125,2428.196533203125,359751.0,0.0,0.0
2023-06-20,2490.0,2490.0,2428.85009765625,2437.75,2433.637451171875,1276432.0,0.0,0.0
2023-06-21,2450.0,2474.800048828125,2430.0,2470.300048828125,2466.132568359375,716072.0,0.0,0.0
2023-06-22,2478.949951171875,2482.5,2455.64990234375,2476.949951171875,2472.771240234375,472856.0,0.0,0.0
2023-06-23,2480.0,2508.949951171875,2462.0,2475.050048828125,2470.87451171875,748652.0,0.0,0.0
2023-06-26,2452.0,2480.0,2444.85009765625,2464.85009765625,2460.69189453125,536769.0,0.0,0.0
2023-06-27,2477.0,2544.449951171875,2469.0,2529.75,2525.482177734375,1985055.0,0.0,0.0
2023-06-28,2544.0,2635.14990234375,2532.60009765625,2621.10009765625,2616.67822265625,1917308.0,0.0,0.0
2023-06-30,2643.0,2658.300048828125,2608.050048828125,2626.89990234375,2622.46826171875,1098881.0,0.0,0.0
2023-07-03,2626.0,2661.550048828125,2613.39990234375,2638.199951171875,2633.749267578125,542790.0,0.0,0.0
2023-07-04,2638.199951171875,2643.300048828125,2585.199951171875,2593.699951171875,2589.32421875,602465.0,0.0,0.0
2023-07-05,2605.0,2669.699951171875,2605.0,2654.60009765625,2650.12158203125,628970.0,0.0,0.0
2023-07-06,2667.35009765625,2705.949951171875,2646.449951171875,2698.550048828125,2693.99755859375,482391.0,0.0,0.0
2023-07-07,2714.0,2714.89990234375,2622.0,2631.050048828125,2626.611328125,481899.0,0.0,0.0
2023-07-10,2641.0,2695.0,2619.85009765625,2671.60009765625,2667.093017578125,610910.0,0.0,0.0
2023-07-11,2670.0,2715.0,2666.0,2703.75,2699.188720703125,525593.0,0.0,0.0
2023-07-12,2720.0,2745.10009765625,2705.14990234375,2725.550048828125,2720.951904296875,725554.0,0.0,0.0
2023-07-13,2730.050048828125,2740.0,2664.85009765625,2686.39990234375,2681.867919921875,457858.0,0.0,0.0
2023-07-14,2700.0,2703.75,2617.35009765625,2657.949951171875,2653.4658203125,512467.0,0.0,0.0
2023-07-17,2650.0,2688.35009765625,2642.800048828125,2677.449951171875,2672.932861328125,264029.0,0.0,0.0
2023-07-18,2677.0,2693.0,2645.050048828125,2653.050048828125,2648.57421875,345789.0,0.0,0.0
2023-07-19,2655.0,2706.949951171875,2655.0,2700.5,2695.944091796875,619288.0,0.0,0.0
2023-07-20,2710.050048828125,2735.0,2685.0,2730.64990234375,2726.043212890625,478630.0,0.0,0.0
2023-07-21,2724.050048828125,2724.050048828125,2667.699951171875,2678.64990234375,2674.130859375,305614.0,0.0,0.0
2023-07-24,2668.050048828125,2703.89990234375,2650.64990234375,2670.64990234375,2666.144287109375,235716.0,0.0,0.0
2023-07-25,2675.0,2676.050048828125,2557.550048828125,2584.39990234375,2580.039794921875,1044638.0,0.0,0.0
2023-07-26,2590.0,2606.10009765625,2531.35009765625,2539.85009765625,2535.565185546875,1047212.0,0.0,0.0
2023-07-27,2539.0,2568.0,2506.449951171875,2549.85009765625,2545.54833984375,1224458.0,0.0,0.0
2023-07-28,2561.0,2645.75,2535.60009765625,2617.0,2612.5849609375,1243697.0,0.0,0.0
2023-07-31,2614.949951171875,2650.0,2587.199951171875,2592.89990234375,2588.525634765625,563930.0,0.0,0.0
2023-08-01,2589.0,2610.0,2528.10009765625,2570.75,2566.4130859375,1292753.0,0.0,0.0
2023-08-02,2570.75,2592.0,2522.14990234375,2565.300048828125,2560.97216796875,791943.0,0.0,0.0
2023-08-03,2574.0,2574.0,2430.10009765625,2447.75,2443.62060546875,3539409.0,0.0,0.0
2023-08-04,2465.10009765625,2520.0,2451.0,2512.89990234375,2508.660400390625,1068401.0,0.0,0.0
2023-08-07,2529.35009765625,2550.0,2472.050048828125,2528.449951171875,2524.184326171875,592210.0,0.0,0.0
2023-08-08,2545.0,2565.0,2516.14990234375,2560.10009765625,2555.781005859375,750887.0,0.0,0.0
2023-08-09,2560.10009765625,2593.949951171875,2550.25,2587.550048828125,2583.184814453125,537738.0,0.0,0.0
2023-08-10,2586.0,2599.0,2541.39990234375,2550.35009765625,2546.047607421875,527423.0,0.0,0.0
2023-08-11,2556.800048828125,2564.14990234375,2510.0,2515.89990234375,2511.655517578125,453278.0,0.0,0.0
2023-08-14,2515.949951171875,2571.89990234375,2480.0,2549.10009765625,2544.799560546875,474072.0,0.0,0.0
2023-08-16,2468.0,2480.0,2432.050048828125,2458.64990234375,2454.501953125,12656820.0,0.0,0.0
2023-08-17,2458.64990234375,2481.550048828125,2446.449951171875,2459.75,2455.600341796875,1259895.0,0.0,0.0
2023-08-18,2450.0,2471.39990234375,2405.0,2454.300048828125,2450.159423828125,2310869.0,0.0,0.0
2023-08-21,2458.800048828125,2463.699951171875,2431.699951171875,2449.64990234375,2445.517333984375,595109.0,0.0,0.0
2023-08-22,2444.75,2479.199951171875,2436.699951171875,2473.199951171875,2469.027587890625,950180.0,0.0,0.0
2023-08-23,2489.0,2505.5,2479.25,2497.449951171875,2493.236572265625,1045094.0,0.0,0.0
2023-08-24,2515.949951171875,2516.39990234375,2475.5,2482.64990234375,2478.461669921875,649167.0,0.0,0.0
2023-08-25,2470.449951171875,2492.39990234375,2450.949951171875,2458.14990234375,2454.0029296875,716506.0,0.0,0.0
2023-08-28,2479.10009765625,2490.85009765625,2458.949951171875,2482.64990234375,2478.461669921875,257414.0,0.0,0.0
2023-08-29,2500.0,2510.5,2475.550048828125,2485.39990234375,2481.206787109375,615712.0,0.0,0.0
2023-08-30,2483.050048828125,2483.050048828125,2412.300048828125,2454.89990234375,2450.75830078125,1387562.0,0.0,0.0
2023-08-31,2464.89990234375,2464.89990234375,2425.0,2435.0,2430.89208984375,886676.0,0.0,0.0
2023-09-01,2429.949951171875,2445.25,2403.0,2438.89990234375,2434.785400390625,562991.0,0.0,0.0
2023-09-04,2461.699951171875,2472.949951171875,2430.0,2455.35009765625,2451.207763671875,541048.0,0.0,0.0
2023-09-05,2477.949951171875,2490.0,2440.35009765625,2450.050048828125,2445.916748046875,578274.0,0.0,0.0
2023-09-06,2460.0,2473.0,2440.0,2461.89990234375,2457.74658203125,822724.0,0.0,0.0
2023-09-07,2461.0,2473.75,2441.0,2446.60009765625,2442.47265625,368692.0,0.0,0.0
2023-09-08,2470.0,2509.0,2449.5,2473.5,2469.3271484375,797367.0,0.0,0.0
2023-09-11,2490.0,2508.85009765625,2477.14990234375,2500.85009765625,2496.631103515625,675723.0,0.0,0.0
2023-09-12,2510.0,2515.0,2464.10009765625,2493.14990234375,2488.94384765625,968871.0,0.0,0.0
2023-09-13,2458.0,2482.0,2435.050048828125,2447.300048828125,2443.17138671875,1188056.0,0.0,0.0
2023-09-14,2459.800048828125,2482.0,2436.800048828125,2464.64990234375,2460.491943359375,1249199.0,0.0,0.0
2023-09-15,2463.0,2465.800048828125,2383.0,2391.449951171875,2387.41552734375,2527706.0,0.0,0.0
2023-09-18,2405.0,2415.0,2390.0,2400.550048828125,2396.500244140625,590695.0,0.0,0.0
2023-09-20,2379.050048828125,2419.60009765625,2365.050048828125,2401.89990234375,2397.84765625,1613294.0,0.0,0.0
2023-09-21,2404.0,2412.0,2378.300048828125,2387.14990234375,2383.12255859375,714106.0,0.0,0.0
2023-09-22,2401.0,2407.449951171875,2346.050048828125,2355.550048828125,2351.576171875,702509.0,0.0,0.0
2023-09-25,2360.0,2385.0,2350.050048828125,2378.800048828125,2374.786865234375,363097.0,0.0,0.0
2023-09-26,2385.0,2411.949951171875,2362.550048828125,2404.449951171875,2400.3935546875,660787.0,0.0,0.0
2023-09-27,2400.0,2409.949951171875,2381.449951171875,2388.14990234375,2384.12109375,849017.0,0.0,0.0
2023-09-28,2373.050048828125,2394.449951171875,2333.35009765625,2342.35009765625,2338.3984375,740050.0,0.0,0.0
2023-09-29,2350.0,2387.14990234375,2343.050048828125,2381.199951171875,2377.182861328125,755086.0,0.0,0.0
2023-10-03,2385.0,2428.699951171875,2367.050048828125,2419.75,2415.667724609375,633840.0,0.0,0.0
2023-10-04,2414.949951171875,2422.0,2377.0,2385.0,2380.976318359375,542952.0,0.0,0.0
2023-10-05,2420.0,2479.0,2400.300048828125,2473.39990234375,2469.22705078125,1263799.0,0.0,0.0
2023-10-06,2555.0,2568.949951171875,2502.10009765625,2535.5,2531.222412109375,1931108.0,0.0,0.0
2023-10-09,2498.050048828125,2500.0,2440.300048828125,2473.5,2469.3271484375,782723.0,0.0,0.0
2023-10-10,2490.89990234375,2515.0,2473.25,2510.300048828125,2506.06494140625,395079.0,0.0,0.0
2023-10-11,2521.0,2550.0,2510.0,2533.14990234375,2528.87646484375,714427.0,0.0,0.0
2023-10-12,2526.0,2614.949951171875,2526.0,2582.10009765625,2577.743896484375,1127349.0,0.0,0.0
2023-10-13,2570.0,2629.75,2570.0,2607.5,2603.10107421875,1302788.0,0.0,0.0
2023-10-16,2603.050048828125,2604.0,2576.0,2593.550048828125,2589.174560546875,390919.0,0.0,0.0
2023-10-17,2605.0,2608.85009765625,2586.5,2599.35009765625,2594.96484375,359291.0,0.0,0.0
2023-10-18,2592.0,2595.0,2562.050048828125,2571.550048828125,2567.211669921875,648088.0,0.0,0.0
2023-10-19,2559.35009765625,2559.35009765625,2515.550048828125,2527.5,2523.236083984375,965483.0,0.0,0.0
2023-10-20,2520.0,2527.550048828125,2430.0,2439.050048828125,2434.935302734375,1385743.0,0.0,0.0
2023-10-23,2445.0,2455.0,2388.85009765625,2390.949951171875,2386.916259765625,885829.0,0.0,0.0
2023-10-25,2420.949951171875,2482.0,2410.699951171875,2428.949951171875,2424.852294921875,916854.0,0.0,0.0
2023-10-26,2427.60009765625,2428.949951171875,2393.0,2412.199951171875,2408.13037109375,755290.0,0.0,0.0
2023-10-27,2421.0,2479.949951171875,2421.0,2471.25,2467.080810546875,371457.0,0.0,0.0
2023-10-30,2471.199951171875,2504.050048828125,2445.0,2495.050048828125,2490.8408203125,631220.0,0.0,0.0
2023-10-31,2501.949951171875,2520.0,2445.5,2453.85009765625,2449.71044921875,359950.0,0.0,0.0
2023-11-01,2463.0,2472.85009765625,2414.75,2418.800048828125,2414.719482421875,342997.0,0.0,0.0
2023-11-02,2440.0,2498.449951171875,2422.60009765625,2490.89990234375,2486.697509765625,567144.0,0.0,0.0
2023-11-03,2500.0,2540.0,2472.550048828125,2509.199951171875,2504.966796875,644154.0,0.0,0.0
2023-11-06,2499.949951171875,2580.0,2486.25,2559.300048828125,2554.982421875,1169751.0,0.0,0.0
2023-11-07,2563.5,2590.0,2549.0,2585.550048828125,2581.18798828125,320134.0,0.0,0.0
2023-11-08,2562.0,2599.14990234375,2546.10009765625,2577.35009765625,2573.001953125,901525.0,0.0,0.0
2023-11-09,2580.0,2608.949951171875,2571.699951171875,2580.39990234375,2576.046630859375,380551.0,0.0,0.0
2023-11-10,2572.0,2573.75,2493.0,2501.75,2497.529541015625,1354595.0,0.0,0.0
2023-11-13,2525.0,2543.449951171875,2500.0,2540.699951171875,2536.41357421875,281628.0,0.0,0.0
2023-11-15,2565.0,2565.0,2534.85009765625,2543.35009765625,2539.059326171875,778846.0,0.0,0.0
2023-11-16,2548.949951171875,2579.449951171875,2524.199951171875,2567.199951171875,2562.868896484375,589877.0,0.0,0.0
2023-11-17,2591.0,2660.0,2571.449951171875,2606.550048828125,2602.152587890625,1263161.0,0.0,0.0
2023-11-20,2612.0,2648.25,2590.199951171875,2631.25,2626.81103515625,418954.0,0.0,0.0
2023-11-21,2618.0,2639.800048828125,2594.050048828125,2625.85009765625,2621.420166015625,359401.0,0.0,0.0
2023-11-22,2645.0,2660.75,2594.050048828125,2604.35009765625,2599.95654296875,476632.0,0.0,0.0
2023-11-23,2590.0,2615.5,2581.39990234375,2606.050048828125,2601.653564453125,634974.0,0.0,0.0
2023-11-24,2596.0,2619.949951171875,2562.300048828125,2568.35009765625,2564.01708984375,423377.0,0.0,0.0
2023-11-28,2588.300048828125,2650.0,2575.0,2642.449951171875,2637.991943359375,429852.0,0.0,0.0
2023-11-29,2657.0,2696.14990234375,2645.75,2689.550048828125,2685.0126953125,750576.0,0.0,0.0
2023-11-30,2690.0,2713.449951171875,2665.0,2705.35009765625,2700.7861328125,775685.0,0.0,0.0
2023-12-01,2705.35009765625,2754.949951171875,2705.35009765625,2744.949951171875,2740.319091796875,734476.0,0.0,0.0
2023-12-04,2795.0,2859.89990234375,2780.800048828125,2820.25,2815.4921875,664340.0,0.0,0.0
2023-12-05,2825.0,2858.949951171875,2783.0,2836.10009765625,2831.3154296875,465521.0,0.0,0.0
2023-12-06,2877.0,2890.949951171875,2830.0,2872.14990234375,2867.304443359375,574140.0,0.0,0.0
2023-12-07,2900.550048828125,2966.0,2870.0,2878.35009765625,2873.494140625,1133420.0,0.0,0.0
2023-12-08,2900.0,2938.800048828125,2873.64990234375,2897.949951171875,2893.06103515625,818640.0,0.0,0.0
2023-12-11,2917.0,2954.449951171875,2898.0,2925.550048828125,2920.614501953125,779909.0,0.0,0.0
2023-12-12,2930.0,2951.949951171875,2901.0,2926.449951171875,2921.512939453125,651347.0,0.0,0.0
2023-12-13,2963.949951171875,3007.0,2953.0,2981.14990234375,2976.12060546875,1415518.0,0.0,0.0
2023-12-14,3000.0,3003.199951171875,2957.0,2980.199951171875,2975.172119140625,679553.0,0.0,0.0
2023-12-15,2985.0,2990.0,2902.14990234375,2914.39990234375,2909.483154296875,1958780.0,0.0,0.0
2023-12-18,2927.0,2980.0,2911.5,2975.550048828125,2970.530029296875,540022.0,0.0,0.0
2023-12-19,2974.0,3006.89990234375,2946.64990234375,2984.64990234375,2979.61474609375,555103.0,0.0,0.0
2023-12-20,3000.0,3009.0,2844.699951171875,2859.35009765625,2854.526123046875,1057629.0,0.0,0.0
2023-12-21,2848.39990234375,2894.949951171875,2819.550048828125,2882.699951171875,2877.836669921875,575343.0,0.0,0.0
2023-12-22,2900.0,2913.39990234375,2847.35009765625,2871.39990234375,2866.5556640625,534098.0,0.0,0.0
2023-12-26,2881.0,2938.300048828125,2864.0,2921.10009765625,2916.172119140625,707097.0,0.0,0.0
2023-12-27,2930.0,2948.199951171875,2913.64990234375,2927.5,2922.561279296875,516482.0,0.0,0.0
2023-12-28,2941.0,2947.949951171875,2900.60009765625,2927.0,2922.06201171875,1094620.0,0.0,0.0
2023-12-29,2935.10009765625,2975.0,2925.10009765625,2967.10009765625,2962.094482421875,501880.0,0.0,0.0
2024-01-01,3000.0,3049.949951171875,2970.0,2978.5,2973.47509765625,615820.0,0.0,0.0
2024-01-02,2980.0,2989.89990234375,2918.60009765625,2925.699951171875,2920.76416015625,439889.0,0.0,0.0
2024-01-03,2933.89990234375,3000.0,2929.35009765625,2990.449951171875,2985.405029296875,655799.0,0.0,0.0
2024-01-04,2995.050048828125,3005.75,2966.0,2995.85009765625,2990.7958984375,416938.0,0.0,0.0
2024-01-05,3008.39990234375,3025.0,2945.550048828125,2954.949951171875,2949.96484375,715186.0,0.0,0.0
2024-01-08,2970.0,2991.949951171875,2942.75,2952.25,2947.269287109375,451446.0,0.0,0.0
2024-01-09,2992.949951171875,3042.0,2975.0,3012.89990234375,3007.81689453125,831003.0,0.0,0.0
2024-01-10,3012.89990234375,3090.0,2973.449951171875,3082.14990234375,3076.9501953125,839629.0,0.0,0.0
2024-01-11,3094.800048828125,3094.800048828125,3027.25,3052.0,3046.85107421875,891708.0,0.0,0.0
2024-01-12,3056.050048828125,3086.35009765625,3031.0,3072.60009765625,3067.41650390625,583998.0,0.0,0.0
2024-01-15,3074.10009765625,3128.300048828125,3071.25,3119.5,3114.2373046875,638566.0,0.0,0.0
2024-01-16,3079.0,3132.0,3045.0,3051.60009765625,3046.451904296875,568486.0,0.0,0.0
2024-01-17,3000.0,3083.300048828125,2995.10009765625,3058.75,3053.58984375,771661.0,0.0,0.0
2024-01-18,3025.800048828125,3072.89990234375,3013.949951171875,3052.60009765625,3047.4501953125,925829.0,0.0,0.0
2024-01-19,3068.60009765625,3112.14990234375,3017.85009765625,3029.550048828125,3024.43896484375,586989.0,0.0,0.0
2024-01-23,3068.0,3068.0,2900.0,2911.800048828125,2906.8876953125,1061598.0,0.0,0.0
2024-01-24,2939.949951171875,2949.949951171875,2895.39990234375,2910.14990234375,2905.240234375,1244427.0,0.0,0.0
2024-01-25,2910.550048828125,2922.550048828125,2847.0,2863.050048828125,2858.219970703125,1096039.0,0.0,0.0
2024-01-29,2889.89990234375,2921.39990234375,2851.75,2896.0,2891.1142578125,1539851.0,0.0,0.0
2024-01-30,2919.0,2966.75,2910.0,2929.0,2924.05859375,1253067.0,0.0,0.0
2024-01-31,2940.0,2969.949951171875,2912.0,2961.35009765625,2956.354248046875,1571722.0,0.0,0.0
2024-02-01,2982.0,3081.89990234375,2972.10009765625,3066.60009765625,3061.426513671875,1610034.0,0.0,0.0
2024-02-02,3099.949951171875,3150.0,3072.39990234375,3127.10009765625,3121.824462890625,1104594.0,0.0,0.0
2024-02-05,3225.050048828125,3300.0,3154.550048828125,3171.14990234375,3165.800048828125,3430174.0,0.0,0.0
2024-02-06,3190.050048828125,3191.10009765625,3070.75,3137.85009765625,3132.556396484375,1007663.0,0.0,0.0
2024-02-07,3169.0,3189.0,3106.5,3114.550048828125,3109.295654296875,636345.0,0.0,0.0
2024-02-08,3140.0,3168.550048828125,3115.0,3132.39990234375,3127.115478515625,762163.0,0.0,0.0
2024-02-09,3130.0,3157.5,2984.199951171875,3105.949951171875,3100.7099609375,1667210.0,0.0,0.0
2024-02-12,3123.0,3130.550048828125,3052.800048828125,3063.0,3057.83251953125,410580.0,0.0,0.0
2024-02-13,3050.0,3073.800048828125,3006.050048828125,3041.449951171875,3036.31884765625,414063.0,0.0,0.0
2024-02-14,3049.89990234375,3099.550048828125,3011.699951171875,3094.300048828125,3089.079833984375,347614.0,0.0,0.0
2024-02-15,3128.699951171875,3128.699951171875,3021.25,3028.85009765625,3023.740234375,544154.0,0.0,0.0
2024-02-16,3064.800048828125,3064.800048828125,3010.5,3045.300048828125,3040.16259765625,727944.0,0.0,0.0
2024-02-19,3062.0,3088.5,3040.25,3068.050048828125,3062.8740234375,547439.0,0.0,0.0
2024-02-20,3080.0,3136.35009765625,3053.89990234375,3114.89990234375,3109.64501953125,745295.0,0.0,0.0
2024-02-21,3135.0,3135.0,3083.0,3095.64990234375,3090.427490234375,481341.0,0.0,0.0
2024-02-22,3110.0,3134.14990234375,3082.64990234375,3128.300048828125,3123.0224609375,397181.0,0.0,0.0
2024-02-23,3142.0,3215.35009765625,3136.10009765625,3179.0,3173.636962890625,873751.0,0.0,0.0
2024-02-26,3198.0,3201.949951171875,3135.25,3184.050048828125,3178.678466796875,417096.0,0.0,0.0
2024-02-27,3190.0,3198.75,3153.050048828125,3183.0,3177.630126953125,460969.0,0.0,0.0
2024-02-28,3190.0,3202.050048828125,3098.050048828125,3125.89990234375,3120.62646484375,506498.0,0.0,0.0
2024-02-29,3134.39990234375,3169.5,3079.0,3155.35009765625,3150.02685546875,3097349.0,0.0,0.0
2024-03-01,3155.39990234375,3171.75,3130.300048828125,3157.35009765625,3152.0234375,210443.0,0.0,0.0
2024-03-04,3174.0,3202.800048828125,3153.300048828125,3171.10009765625,3165.750244140625,484126.0,0.0,0.0
2024-03-05,3171.14990234375,3215.0,3152.14990234375,3186.39990234375,3181.024169921875,341136.0,0.0,0.0
2024-03-06,3196.89990234375,3196.89990234375,3026.0,3069.800048828125,3064.62109375,1168268.0,0.0,0.0
2024-03-07,3083.0,3126.699951171875,3081.0,3105.699951171875,3100.46044921875,340788.0,0.0,0.0
2024-03-11,3033.050048828125,3262.0,3020.0,3218.550048828125,3213.1201171875,9136024.0,0.0,0.0
2024-03-12,3220.949951171875,3317.0,3197.39990234375,3242.949951171875,3237.47900390625,3251109.0,0.0,0.0
2024-03-13,3242.0,3258.5,3090.10009765625,3112.550048828125,3107.299072265625,2053050.0,0.0,0.0
2024-03-14,3110.0,3187.25,3079.35009765625,3176.60009765625,3171.240966796875,1379775.0,0.0,0.0
2024-03-15,3176.60009765625,3215.89990234375,3135.0,3203.10009765625,3197.6962890625,2268294.0,0.0,0.0
2024-03-18,3200.0,3255.75,3160.0,3249.199951171875,3243.718505859375,890781.0,0.0,0.0
2024-03-19,3260.0,3342.0,3223.050048828125,3233.0,3227.545654296875,3389294.0,0.0,0.0
2024-03-20,3234.050048828125,3260.0,3180.89990234375,3213.64990234375,3208.228271484375,1147219.0,0.0,0.0
2024-03-21,3258.449951171875,3297.39990234375,3245.0,3290.14990234375,3284.599365234375,727852.0,0.0,0.0
2024-03-22,3300.0,3327.050048828125,3266.800048828125,3286.800048828125,3281.255126953125,681688.0,0.0,0.0
2024-03-26,3324.0,3507.949951171875,3302.35009765625,3492.050048828125,3486.15869140625,2463948.0,0.0,0.0
2024-03-27,3514.949951171875,3561.550048828125,3471.60009765625,3546.64990234375,3540.66650390625,1246756.0,0.0,0.0
2024-03-28,3546.0,3573.800048828125,3516.0,3548.64990234375,3542.6630859375,1102586.0,0.0,0.0
2024-04-01,3569.949951171875,3606.199951171875,3525.25,3548.949951171875,3542.962646484375,756301.0,0.0,0.0
2024-04-02,3615.0,3645.0,3550.5,3567.800048828125,3561.781005859375,936798.0,0.0,0.0
2024-04-03,3522.0,3563.699951171875,3480.0,3490.85009765625,3484.9609375,992280.0,0.0,0.0
2024-04-04,3525.0,3525.0,3460.0,3484.050048828125,3478.17236328125,628441.0,0.0,0.0
2024-04-05,3515.0,3518.5,3462.0,3499.550048828125,3493.646240234375,702689.0,0.0,0.0
2024-04-08,3548.0,3612.0,3504.89990234375,3599.800048828125,3593.72705078125,792454.0,0.0,0.0
2024-04-09,3614.0,3651.0,3572.75,3634.0,3627.869140625,667654.0,0.0,0.0
2024-04-10,3679.699951171875,3812.85009765625,3672.10009765625,3795.300048828125,3788.897216796875,2692686.0,0.0,0.0
2024-04-12,3830.0,3830.449951171875,3670.14990234375,3693.25,3687.019287109375,2751797.0,0.0,0.0
2024-04-15,3670.300048828125,3693.25,3552.0,3595.64990234375,3589.583740234375,1767191.0,0.0,0.0
2024-04-16,3589.699951171875,3636.75,3512.89990234375,3570.050048828125,3564.027099609375,701956.0,0.0,0.0
2024-04-18,3647.0,3677.5,3573.25,3590.10009765625,3584.04345703125,962322.0,0.0,0.0
2024-04-19,3505.050048828125,3598.0,3441.050048828125,3560.199951171875,3554.193603515625,1244645.0,0.0,0.0
2024-04-22,3620.050048828125,3739.949951171875,3616.89990234375,3727.0,3720.71240234375,1274812.0,0.0,0.0
2024-04-23,3722.050048828125,3733.449951171875,3673.0,3702.550048828125,3696.3037109375,518205.0,0.0,0.0
2024-04-24,3719.89990234375,3766.35009765625,3705.0,3742.199951171875,3735.88671875,589705.0,0.0,0.0
2024-04-25,3739.949951171875,3829.0,3727.14990234375,3812.550048828125,3806.1181640625,634457.0,0.0,0.0
2024-04-26,3858.0,3972.0,3835.0,3935.35009765625,3928.7109375,1760839.0,0.0,0.0
2024-04-29,4001.0,4009.949951171875,3875.0,3927.699951171875,3921.07373046875,701974.0,0.0,0.0
2024-04-30,3955.0,3996.0,3940.39990234375,3982.300048828125,3975.581787109375,1044306.0,0.0,0.0
2024-05-02,4019.0,4122.89990234375,3970.10009765625,4108.25,4101.3193359375,1197616.0,0.0,0.0
2024-05-03,4167.0498046875,4179.10009765625,3998.0,4019.25,4012.46923828125,1134070.0,0.0,0.0
2024-05-06,4050.949951171875,4055.0,3938.0,3998.25,3991.504638671875,539618.0,0.0,0.0
2024-05-07,3998.300048828125,4039.949951171875,3915.550048828125,3948.64990234375,3941.98828125,730464.0,0.0,0.0
2024-05-08,3964.0,4094.39990234375,3929.050048828125,4075.64990234375,4068.774169921875,946627.0,0.0,0.0
2024-05-09,4094.949951171875,4124.35009765625,4028.89990234375,4045.35009765625,4038.525390625,795242.0,0.0,0.0
2024-05-10,4045.0,4045.35009765625,3990.75,4019.199951171875,4012.41943359375,694961.0,0.0,0.0
2024-05-13,4006.10009765625,4090.0,3980.050048828125,4082.0,4075.113525390625,321881.0,0.0,0.0
2024-05-14,4117.85009765625,4174.0,4082.699951171875,4147.35009765625,4140.353515625,682523.0,0.0,0.0
2024-05-15,4163.64990234375,4314.39990234375,4134.60009765625,4295.5,4288.25341796875,854988.0,0.0,0.0
2024-05-16,4290.0,4333.9501953125,4262.0,4290.39990234375,4283.16162109375,587188.0,0.0,0.0
2024-05-17,4302.5498046875,4391.85009765625,4296.5498046875,4366.2998046875,4358.93359375,770169.0,0.0,0.0
2024-05-21,4342.4501953125,4365.0498046875,4279.14990234375,4315.5,4308.2197265625,1035962.0,0.0,0.0
2024-05-22,4337.4501953125,4407.5,4284.0,4355.75,4348.40185546875,746320.0,0.0,0.0
2024-05-23,4388.0,4438.89990234375,4320.0,4400.5,4393.076171875,1290154.0,0.0,0.0
2024-05-24,4520.0,4529.0,4242.0,4256.5,4249.31884765625,4290541.0,0.0,0.0
2024-05-27,4260.0,4298.0,4206.2998046875,4252.9501953125,4245.775390625,1064775.0,0.0,0.0
2024-05-28,4252.0498046875,4266.14990234375,4156.0,4197.0498046875,4189.96923828125,540184.0,0.0,0.0
2024-05-29,4185.0,4185.0,4005.300048828125,4027.550048828125,4020.75537109375,1877700.0,0.0,0.0
2024-05-30,4040.050048828125,4197.89990234375,4040.050048828125,4162.2001953125,4155.17822265625,2191200.0,0.0,0.0
2024-05-31,4189.9501953125,4217.7998046875,4106.39990234375,4189.0498046875,4181.98291015625,1839602.0,0.0,0.0
2024-06-03,4324.0,4324.0,4230.10009765625,4298.0498046875,4290.798828125,775065.0,0.0,0.0
2024-06-04,4340.0,4340.0,3868.25,4073.199951171875,4066.328369140625,1977245.0,0.0,0.0
2024-06-05,4120.0,4363.7998046875,4030.0,4348.5,4341.1640625,1729894.0,0.0,0.0
2024-06-06,4350.0498046875,4357.0,4260.0,4301.0,4293.744140625,1087088.0,0.0,0.0
2024-06-07,4355.0,4411.0,4320.2001953125,4373.2001953125,4365.822265625,2066566.0,0.0,0.0
2024-06-10,4398.0,4609.7998046875,4385.5,4566.60009765625,4558.89599609375,2022024.0,0.0,0.0
2024-06-11,4400.0,4474.2998046875,4361.0,4369.5,4362.12841796875,4381077.0,0.0,0.0
2024-06-12,4390.0498046875,4393.7001953125,4284.10009765625,4300.39990234375,4293.14501953125,2488000.0,0.0,0.0
2024-06-13,4348.0,4348.39990234375,4230.0,4302.64990234375,4295.39111328125,4510241.0,0.0,0.0
2024-06-14,4334.0,4334.0,4260.25,4270.39990234375,4263.1953125,1243397.0,0.0,0.0
2024-06-18,4300.0,4328.7998046875,4280.0,4302.25,4294.99169921875,1160966.0,0.0,0.0
2024-06-19,4308.0,4325.0,4214.2001953125,4228.0,4220.8671875,1285543.0,0.0,0.0
2024-06-20,4225.0,4262.60009765625,4186.0,4229.25,4222.115234375,1449293.0,0.0,0.0
2024-06-21,4235.14990234375,4315.75,4216.7998046875,4310.14990234375,4302.87841796875,1798803.0,0.0,0.0
2024-06-24,4302.25,4346.64990234375,4264.75,4315.64990234375,4308.369140625,1058926.0,0.0,0.0
2024-06-25,4336.0,4340.0,4227.0498046875,4233.5,4226.35791015625,1512109.0,0.0,0.0
2024-06-26,4241.2001953125,4267.7998046875,4212.5,4225.89990234375,4218.7705078125,792643.0,0.0,0.0
2024-06-27,4220.10009765625,4236.85009765625,4150.0,4221.64990234375,4214.52783203125,1336815.0,0.0,0.0
2024-06-28,4231.0,4264.9501953125,4217.4501953125,4228.25,4221.11669921875,805457.0,0.0,0.0
2024-07-01,4276.35009765625,4281.4501953125,4212.64990234375,4222.14990234375,4215.02685546875,1761756.0,0.0,0.0
2024-07-02,4234.9501953125,4283.10009765625,4225.5,4249.10009765625,4241.931640625,1070473.0,0.0,0.0
2024-07-03,4275.0,4285.39990234375,4245.60009765625,4279.0,4271.78125,598290.0,0.0,0.0
2024-07-04,4279.0,4324.0,4267.0498046875,4288.75,4281.5146484375,669475.0,0.0,0.0
2024-07-05,4300.0,4345.0,4288.75,4322.89990234375,4315.60693359375,576448.0,0.0,0.0
2024-07-08,4323.5498046875,4324.7998046875,4228.60009765625,4237.9501953125,4230.80078125,385991.0,0.0,0.0
2024-07-09,4240.0,4319.0,4220.4501953125,4305.10009765625,4297.83740234375,433465.0,0.0,0.0
2024-07-10,4314.0,4314.0,4165.39990234375,4281.25,4274.02734375,559022.0,0.0,0.0
2024-07-11,4295.0,4330.0,4280.2001953125,4320.39990234375,4313.111328125,710193.0,0.0,0.0
2024-07-12,4335.0,4368.89990234375,4285.0,4331.64990234375,4324.34228515625,1056812.0,0.0,0.0
2024-07-15,4333.0,4424.89990234375,4320.2001953125,4385.85009765625,4378.451171875,1596638.0,0.0,0.0
2024-07-16,4444.0,4452.2998046875,4391.0,4431.10009765625,4423.62451171875,709083.0,0.0,0.0
2024-07-18,4409.10009765625,4444.0,4365.0,4417.25,4409.7978515625,822843.0,0.0,0.0
2024-07-19,4401.0,4416.0,4250.2001953125,4281.39990234375,4274.1767578125,727696.0,0.0,0.0
2024-07-22,4288.7998046875,4355.0,4250.5498046875,4336.5498046875,4329.23388671875,603718.0,0.0,0.0
2024-07-23,4339.2001953125,4369.89990234375,4171.0498046875,4315.39990234375,4308.11962890625,722279.0,0.0,0.0
2024-07-24,4315.0,4396.25,4296.25,4375.7998046875,4368.41748046875,648265.0,0.0,0.0
2024-07-25,4350.0,4467.64990234375,4335.2001953125,4432.2001953125,4424.72265625,1133699.0,0.0,0.0
2024-07-26,4442.60009765625,4510.0,4415.5,4493.39990234375,4485.8193359375,1008958.0,0.0,0.0
2024-07-29,4478.0,4479.0,4273.2001953125,4439.2998046875,4431.810546875,1950730.0,0.0,0.0
2024-07-30,4487.0,4527.85009765625,4430.0498046875,4474.0,4466.4521484375,998970.0,0.0,0.0
2024-07-31,4473.9501953125,4512.0,4450.5498046875,4472.2001953125,4464.6552734375,778444.0,0.0,0.0
2024-08-01,4432.0,4468.60009765625,4373.39990234375,4404.2998046875,4396.86962890625,792851.0,0.0,0.0
2024-08-02,4355.0,4407.7998046875,4301.4501953125,4312.5,4305.224609375,675767.0,0.0,0.0
2024-08-05,4280.0,4300.0,4162.9501953125,4220.39990234375,4213.27978515625,903676.0,0.0,0.0
2024-08-06,4300.5498046875,4337.14990234375,4250.0,4261.4501953125,4254.2607421875,992747.0,0.0,0.0
2024-08-07,4348.0,4348.0,4278.5498046875,4317.89990234375,4310.615234375,477082.0,0.0,0.0
2024-08-08,4318.10009765625,4335.0,4241.0,4256.9501953125,4249.7685546875,374911.0,0.0,0.0
2024-08-09,4305.0,4318.0,4273.64990234375,4290.2001953125,4282.96240234375,503538.0,0.0,0.0
2024-08-12,4270.0,4287.5,4225.5498046875,4251.64990234375,4244.47705078125,1736347.0,0.0,0.0
2024-08-13,4269.7001953125,4319.85009765625,4219.4501953125,4227.39990234375,4220.26806640625,508342.0,0.0,0.0
2024-08-14,4239.0,4259.0,4197.2001953125,4209.89990234375,4202.79736328125,627078.0,0.0,0.0
2024-08-16,4240.0,4289.89990234375,4200.0,4277.7001953125,4270.4833984375,727461.0,0.0,0.0
2024-08-19,4299.7998046875,4324.89990234375,4206.14990234375,4231.9501953125,4224.810546875,1548752.0,0.0,0.0
2024-08-20,4254.7001953125,4318.25,4230.0,4302.0498046875,4294.7919921875,798389.0,0.0,0.0
2024-08-21,4310.0,4352.0,4280.5498046875,4299.85009765625,4292.59619140625,605150.0,0.0,0.0
2024-08-22,4400.0,4490.0,4376.0,4483.14990234375,4475.58642578125,2341452.0,0.0,0.0
2024-08-23,4493.0,4722.0,4470.14990234375,4710.4501953125,4702.50341796875,3390956.0,0.0,0.0
2024-08-26,4718.0,4743.7998046875,4602.2001953125,4720.10009765625,4712.13720703125,1147478.0,0.0,0.0
2024-08-27,4700.0,4755.9501953125,4661.2998046875,4746.75,4738.7421875,1051934.0,0.0,0.0
2024-08-28,4775.0,4943.7998046875,4730.0,4859.85009765625,4851.6513671875,1955254.0,0.0,0.0
2024-08-29,4731.10009765625,4879.7998046875,4721.2001953125,4759.85009765625,4751.81982421875,6958538.0,0.0,0.0
2024-08-30,4783.0,4869.0,4777.0498046875,4830.0,4821.8515625,2120523.0,0.0,0.0
2024-09-02,4894.7001953125,4908.4501953125,4768.2998046875,4793.0498046875,4784.9638671875,1273990.0,0.0,0.0
2024-09-03,4796.0498046875,4829.0,4775.0498046875,4813.39990234375,4805.279296875,1351206.0,0.0,0.0
2024-09-04,4820.0,4864.89990234375,4780.0,4815.0,4806.876953125,1569180.0,0.0,0.0
2024-09-05,4835.0,4855.7001953125,4801.5498046875,4828.5498046875,4820.40380859375,1042127.0,0.0,0.0
2024-09-06,4877.0,4884.89990234375,4760.0,4783.7001953125,4775.6298828125,971127.0,0.0,0.0
2024-09-09,4780.0,4825.4501953125,4718.39990234375,4808.5,4800.3876953125,1083107.0,0.0,0.0
2024-09-10,4815.0498046875,4844.9501953125,4760.2998046875,4831.85009765625,4823.69873046875,636042.0,0.0,0.0
2024-09-11,4869.9501953125,4923.35009765625,4847.2001953125,4900.39990234375,4892.1328125,1630528.0,0.0,0.0
2024-09-12,4958.5,5035.0,4925.0,4994.64990234375,4986.2236328125,1714854.0,0.0,0.0
2024-09-13,5012.0,5012.0,4929.0,4942.35009765625,4934.01220703125,656466.0,0.0,0.0
2024-09-16,4980.0,4993.0,4935.2001953125,4947.10009765625,4938.75390625,455240.0,0.0,0.0
2024-09-17,4953.0,4969.2998046875,4910.2001953125,4933.75,4925.4267578125,587354.0,0.0,0.0
2024-09-18,4934.0,4957.85009765625,4887.5,4924.64990234375,4916.341796875,545644.0,0.0,0.0
2024-09-19,4935.0,4975.9501953125,4814.4501953125,4873.5498046875,4865.328125,930127.0,0.0,0.0
2024-09-20,4845.0,4916.60009765625,4782.0,4903.64990234375,4895.37744140625,1361564.0,0.0,0.0
2024-09-23,4934.89990234375,4949.9501953125,4900.0,4930.35009765625,4922.0322265625,490477.0,0.0,0.0
2024-09-24,4939.89990234375,4945.0,4783.89990234375,4827.10009765625,4818.95654296875,1344873.0,0.0,0.0
2024-09-25,4810.0,4824.89990234375,4757.60009765625,4782.2001953125,4774.13232421875,766857.0,0.0,0.0
2024-09-26,4800.0,4876.9501953125,4780.75,4867.5498046875,4859.337890625,608615.0,0.0,0.0
2024-09-27,4895.9501953125,4957.0,4870.64990234375,4945.7001953125,4937.3564453125,1102149.0,0.0,0.0
2024-09-30,4902.0,4960.0,4779.35009765625,4787.4501953125,4779.37353515625,1477169.0,0.0,0.0
2024-10-01,4824.0,4915.0,4802.0,4905.25,4896.974609375,806651.0,0.0,0.0
2024-10-03,4821.0,4865.0,4655.0498046875,4716.85009765625,4708.892578125,1209060.0,0.0,0.0
2024-10-04,4651.0,4713.39990234375,4590.0498046875,4609.35009765625,4601.57373046875,1208848.0,0.0,0.0
2024-10-07,4605.0,4649.0,4455.39990234375,4485.2001953125,4477.63330078125,1121745.0,0.0,0.0
2024-10-08,4492.0498046875,4627.39990234375,4430.2998046875,4602.9501953125,4595.1845703125,1298237.0,0.0,0.0
2024-10-09,4658.25,4789.14990234375,4640.0,4708.2998046875,4700.3564453125,1382163.0,0.0,0.0
2024-10-10,4734.0,4754.25,4656.0498046875,4665.14990234375,4657.27978515625,519523.0,0.0,0.0
2024-10-11,4660.64990234375,4703.0,4613.7998046875,4693.4501953125,4685.5322265625,418673.0,0.0,0.0
2024-10-14,4703.0,4705.0,4626.10009765625,4678.9501953125,4671.056640625,534572.0,0.0,0.0
2024-10-15,4764.9501953125,4777.7001953125,4701.0,4756.4501953125,4748.42578125,1774742.0,0.0,0.0
2024-10-16,4745.14990234375,4788.0,4683.39990234375,4699.85009765625,4691.92138671875,1788208.0,0.0,0.0
2024-10-17,4707.2998046875,4725.0,4613.4501953125,4624.0,4616.19921875,420382.0,0.0,0.0
2024-10-18,4600.0,4697.0,4573.60009765625,4663.0498046875,4655.18310546875,624908.0,0.0,0.0
2024-10-21,4701.0,4707.14990234375,4570.35009765625,4591.0,4583.2548828125,848568.0,0.0,0.0
2024-10-22,4595.0,4619.9501953125,4495.0,4524.39990234375,4516.76708984375,589153.0,0.0,0.0
2024-10-23,4499.5,4568.2998046875,4477.5498046875,4520.0,4512.37451171875,612802.0,0.0,0.0
2024-10-24,4551.60009765625,4579.60009765625,4494.10009765625,4519.85009765625,4512.22509765625,722355.0,0.0,0.0
2024-10-25,4546.2001953125,4558.4501953125,4315.0,4366.10009765625,4358.734375,1328953.0,0.0,0.0
2024-10-28,4200.0,4200.0,3780.0,4015.449951171875,4008.67578125,9138963.0,0.0,0.0
2024-10-29,4027.699951171875,4060.050048828125,3975.35009765625,4026.75,4019.956787109375,1406204.0,0.0,0.0
2024-10-30,4005.050048828125,4119.2998046875,3991.050048828125,4057.699951171875,4050.8544921875,1159067.0,0.0,0.0
2024-10-31,4063.0,4086.949951171875,4010.050048828125,4052.5,4045.663330078125,866950.0,0.0,0.0
2024-11-01,4050.0,4099.7001953125,4050.0,4069.550048828125,4062.6845703125,79727.0,0.0,0.0
2024-11-04,4069.550048828125,4075.0,3874.0,3963.10009765625,3956.4140625,1120004.0,0.0,0.0
2024-11-05,3970.89990234375,3975.0,3892.0,3940.85009765625,3934.20166015625,1050031.0,0.0,0.0
2024-11-06,3945.0,4080.0,3920.10009765625,4061.949951171875,4055.09716796875,1106076.0,0.0,0.0
2024-11-07,4073.0,4090.5,3980.0,3995.75,3989.009033203125,885454.0,0.0,0.0
2024-11-08,3990.10009765625,4068.14990234375,3960.75,4002.949951171875,3996.19677734375,411058.0,0.0,0.0
2024-11-11,4003.0,4047.699951171875,3970.25,4011.60009765625,4004.832275390625,231599.0,0.0,0.0
2024-11-12,4020.0,4040.64990234375,3895.0,3912.89990234375,3906.298583984375,822043.0,0.0,0.0
2024-11-13,3894.0,3906.199951171875,3830.0,3848.800048828125,3842.306884765625,692857.0,0.0,0.0
2024-11-14,3864.0,3919.89990234375,3838.949951171875,3891.199951171875,3884.63525390625,583377.0,0.0,0.0
2024-11-18,3950.0,4014.449951171875,3907.050048828125,3976.300048828125,3969.591796875,754253.0,0.0,0.0
2024-11-19,4002.0,4114.0,3982.050048828125,4045.89990234375,4039.07421875,940659.0,0.0,0.0
2024-11-21,4045.0,4089.449951171875,4001.199951171875,4069.800048828125,4062.93408203125,701807.0,0.0,0.0
2024-11-22,4074.0,4153.85009765625,4052.25,4142.64990234375,4135.6611328125,966107.0,0.0,0.0
2024-11-25,4204.0,4263.10009765625,4155.0,4244.5,4237.33935546875,1329034.0,0.0,0.0
2024-11-26,4274.5,4292.0,4213.2001953125,4229.60009765625,4222.46435546875,751363.0,0.0,0.0
2024-11-27,4237.60009765625,4290.0,4170.9501953125,4267.89990234375,4260.69970703125,403134.0,0.0,0.0
2024-11-28,4312.0,4386.39990234375,4289.85009765625,4352.64990234375,4345.306640625,1478829.0,0.0,0.0
2024-11-29,4359.5498046875,4400.0,4326.2998046875,4378.89990234375,4371.5126953125,873325.0,0.0,0.0
2024-12-02,4382.5,4433.2001953125,4352.75,4409.25,4401.8115234375,525558.0,0.0,0.0
2024-12-03,4450.0,4455.5498046875,4390.0,4405.5,4398.06787109375,659008.0,0.0,0.0
2024-12-04,4424.0,4444.5,4357.25,4370.85009765625,4363.47607421875,720797.0,0.0,0.0
2024-12-05,4369.0,4382.9501953125,4315.5,4368.5498046875,4361.1796875,732476.0,0.0,0.0
2024-12-06,4388.0,4505.0,4376.14990234375,4469.2001953125,4461.66064453125,546985.0,0.0,0.0
2024-12-09,4470.5,4509.0,4470.5,4489.4501953125,4481.87646484375,537952.0,0.0,0.0
2024-12-10,4475.0,4501.0,4454.89990234375,4477.0,4469.447265625,651287.0,0.0,0.0
2024-12-11,4453.0498046875,4489.64990234375,4452.5498046875,4465.5498046875,4458.01611328125,261785.0,0.0,0.0
2024-12-12,4423.2001953125,4483.14990234375,4405.60009765625,4464.35009765625,4456.818359375,930994.0,0.0,0.0
2024-12-13,4459.89990234375,4459.89990234375,4380.0,4432.89990234375,4425.42138671875,401395.0,0.0,0.0
2024-12-16,4434.10009765625,4458.39990234375,4380.0,4406.75,4399.3154296875,391652.0,0.0,0.0
2024-12-17,4410.4501953125,4444.14990234375,4370.0,4386.7998046875,4379.39892578125,616363.0,0.0,0.0
2024-12-18,4386.7998046875,4414.7998046875,4354.0498046875,4390.35009765625,4382.943359375,543593.0,0.0,0.0
2024-12-19,4255.25,4444.0,4255.25,4434.0498046875,4426.5693359375,486361.0,0.0,0.0
2024-12-20,4467.0,4488.0,4193.35009765625,4395.60009765625,4388.1845703125,876328.0,0.0,0.0
2024-12-23,4468.9501953125,4494.9501953125,4425.14990234375,4439.9501953125,4432.4599609375,552061.0,0.0,0.0
2024-12-24,4480.0,4667.89990234375,4435.0,4612.25,4604.46875,1570584.0,0.0,0.0
2024-12-26,4652.9501953125,4736.39990234375,4572.10009765625,4725.0,4717.02880859375,1316409.0,0.0,0.0
2024-12-27,4725.0,4740.0,4665.39990234375,4681.9501953125,4674.05126953125,701112.0,0.0,0.0
2024-12-30,4678.85009765625,4678.85009765625,4578.75,4597.5498046875,4589.79345703125,1105001.0,0.0,0.0
2024-12-31,4594.0,4629.7001953125,4545.0498046875,4554.25,4546.56689453125,685310.0,0.0,0.0
2025-01-01,4581.60009765625,4635.0,4552.0,4595.7001953125,4587.94677734375,425992.0,0.0,0.0
2025-01-02,4605.0,4630.0,4529.14990234375,4537.75,4530.0947265625,892469.0,0.0,0.0
2025-01-03,4563.9501953125,4563.9501953125,4440.0,4466.2001953125,4458.66552734375,702022.0,0.0,0.0
2025-01-06,4466.0,4483.89990234375,4233.0,4266.9501953125,4259.75146484375,828533.0,0.0,0.0
2025-01-07,4300.0,4356.0,4285.10009765625,4328.60009765625,4321.29736328125,584163.0,0.0,0.0
2025-01-08,4352.2998046875,4352.2998046875,4226.9501953125,4262.14990234375,4254.95947265625,727751.0,0.0,0.0
2025-01-09,4278.0,4307.4501953125,4234.89990234375,4260.5498046875,4253.36181640625,516365.0,0.0,0.0
2025-01-10,4259.0,4299.0,4195.25,4228.7998046875,4221.66552734375,772259.0,0.0,0.0
2025-01-13,4100.0,4129.9501953125,3952.0,4001.39990234375,3994.6494140625,2144483.0,0.0,0.0
2025-01-14,3961.050048828125,4025.550048828125,3950.0,3995.0,3988.26025390625,1163662.0,0.0,0.0
2025-01-15,4053.60009765625,4153.7001953125,3995.10009765625,4066.0,4059.140380859375,784809.0,0.0,0.0
2025-01-16,4090.0,4143.60009765625,4075.25,4111.75,4104.8134765625,569356.0,0.0,0.0
2025-01-17,4100.0,4136.0,4068.14990234375,4090.199951171875,4083.299560546875,302579.0,0.0,0.0
2025-01-20,4117.0,4166.25,4090.199951171875,4114.2998046875,4107.35888671875,532179.0,0.0,0.0
2025-01-21,4130.0,4139.9501953125,3985.050048828125,4009.800048828125,4003.035400390625,1419661.0,0.0,0.0
2025-01-22,4030.0,4094.64990234375,3945.0,4011.5,4004.732421875,1055656.0,0.0,0.0
2025-01-23,3989.050048828125,4193.0498046875,3988.949951171875,4134.7998046875,4127.82421875,1213108.0,0.0,0.0
2025-01-24,4162.10009765625,4269.7998046875,4126.0498046875,4161.7998046875,4154.77880859375,1481820.0,0.0,0.0
2025-01-27,4135.5498046875,4238.10009765625,4056.39990234375,4175.75,4168.705078125,1360996.0,0.0,0.0
2025-01-28,4207.7001953125,4301.0,4182.7998046875,4282.5,4275.275390625,691200.0,0.0,0.0
2025-01-29,4287.4501953125,4309.0,4230.0,4293.89990234375,4286.65576171875,344762.0,0.0,0.0
2025-01-30,4293.10009765625,4353.89990234375,4183.4501953125,4227.75,4220.61767578125,571581.0,0.0,0.0
2025-01-31,4227.75,4344.85009765625,4218.0498046875,4324.35009765625,4317.0546875,519645.0,0.0,0.0
2025-02-01,4340.0,4516.9501953125,4285.7001953125,4492.39990234375,4484.82080078125,642870.0,0.0,0.0
2025-02-03,4482.9501953125,4498.9501953125,4337.5,4393.7001953125,4386.28759765625,787814.0,0.0,0.0
2025-02-04,4403.5498046875,4420.0,4292.89990234375,4345.2001953125,4337.86962890625,727129.0,0.0,0.0
2025-02-05,4369.9501953125,4429.9501953125,4361.4501953125,4415.39990234375,4407.95068359375,670519.0,0.0,0.0
2025-02-06,4505.0,4505.0,4364.7998046875,4394.85009765625,4387.435546875,587111.0,0.0,0.0
2025-02-07,4425.0,4455.0,4336.0,4364.5498046875,4357.1865234375,1091319.0,0.0,0.0
2025-02-10,4364.60009765625,4380.0,4290.0,4325.14990234375,4317.85302734375,1026383.0,0.0,0.0
2025-02-11,4325.14990234375,4390.0,4275.0,4316.85009765625,4309.5673828125,997718.0,0.0,0.0
2025-02-12,4316.85009765625,4359.0,4200.0,4337.5,4330.1826171875,685035.0,0.0,0.0
2025-02-13,4341.35009765625,4400.0,4327.5,4364.85009765625,4357.486328125,839061.0,0.0,0.0
2025-02-14,4367.0,4383.0,4206.7001953125,4223.2998046875,4216.1748046875,821919.0,0.0,0.0
2025-02-17,4176.0,4315.0,4157.85009765625,4303.0,4295.74072265625,435501.0,0.0,0.0
2025-02-18,4300.0,4355.0,4255.0,4345.5498046875,4338.21875,415081.0,0.0,0.0
2025-02-19,4336.0,4410.0,4325.25,4399.89990234375,4392.47705078125,596622.0,0.0,0.0
2025-02-20,4396.39990234375,4525.39990234375,4366.89990234375,4501.4501953125,4493.85595703125,940390.0,0.0,0.0
2025-02-21,4500.0,4545.0,4480.0,4510.75,4503.14013671875,505647.0,0.0,0.0
2025-02-24,4502.0,4574.0,4495.64990234375,4536.0,4528.34765625,739113.0,0.0,0.0
2025-02-25,4540.0,4558.89990234375,4415.0,4427.4501953125,4419.98095703125,547833.0,0.0,0.0
2025-02-27,4443.5,4499.0,4418.0,4443.39990234375,4435.90380859375,591554.0,0.0,0.0
2025-02-28,4469.89990234375,4525.0,4403.2998046875,4477.2998046875,4469.74658203125,2126278.0,0.0,0.0
2025-03-03,4478.9501953125,4492.5498046875,4267.5498046875,4464.7001953125,4457.16796875,802730.0,0.0,0.0
2025-03-04,4434.64990234375,4611.0,4417.64990234375,4598.7001953125,4590.94189453125,825683.0,0.0,0.0
2025-03-05,4620.0,4722.10009765625,4608.10009765625,4698.10009765625,4690.17431640625,1344602.0,0.0,0.0
2025-03-06,4750.64990234375,4782.4501953125,4659.0498046875,4762.39990234375,4754.36572265625,1390376.0,0.0,0.0
2025-03-07,4796.0,4815.64990234375,4645.9501953125,4657.5498046875,4649.6923828125,843155.0,0.0,0.0
2025-03-10,4666.0,4706.7001953125,4605.0,4627.5498046875,4619.74267578125,534997.0,0.0,0.0
2025-03-11,4602.2998046875,4675.0,4567.7998046875,4651.4501953125,4643.60302734375,812720.0,0.0,0.0
2025-03-12,4669.9501953125,4743.14990234375,4639.7001953125,4729.2001953125,4721.2216796875,1122703.0,0.0,0.0
2025-03-13,4740.0,4744.5498046875,4670.85009765625,4700.85009765625,4692.91943359375,553796.0,0.0,0.0
2025-03-17,4710.0,4794.9501953125,4710.0,4780.4501953125,4772.38525390625,1030205.0,0.0,0.0
2025-03-18,4792.45,4824.8,4717.25,4806.25,4772.38525390625,779629.0,0.0,0.0
2025-03-19,4811.0,5052.75,4790.0,4980.5498046875,4972.1474609375,2103310.0,0.0,0.0
2025-03-20,5040.0,5190.35009765625,5005.4501953125,5086.75,5078.16845703125,1825431.0,0.0,0.0
2025-03-21,5072.0,5114.7998046875,5018.5498046875,5044.0498046875,5035.5400390625,897795.0,0.0,0.0
2025-03-24,5055.2998046875,5077.4501953125,4956.2998046875,4970.35009765625,4961.96484375,766222.0,0.0,0.0
2025-03-25,5011.0,5032.14990234375,4958.0498046875,5006.7001953125,4998.25341796875,818364.0,0.0,0.0
2025-03-26,5020.0,5075.0,4975.0,5025.14990234375,5016.67236328125,736014.0,0.0,0.0
2025-03-27,4975.0,5149.0,4975.0,5127.7998046875,5119.14892578125,940051.0,0.0,0.0
2025-03-28,5149.89990234375,5176.7998046875,5051.7998046875,5115.35009765625,5106.72021484375,951945.0,0.0,0.0
2025-04-01,5100.0,5132.9501953125,4991.64990234375,5028.0,5019.517578125,793792.0,0.0,0.0
2025-04-02,5028.0,5082.75,5000.0,5068.25,5059.69970703125,418272.0,0.0,0.0
2025-04-03,4999.5,5085.0,4966.89990234375,5003.60009765625,4995.15869140625,950156.0,0.0,0.0
2025-04-04,5055.9501953125,5150.0,5045.0,5098.89990234375,5090.2978515625,1413600.0,0.0,0.0
2025-04-07,4750.0,5016.14990234375,4634.60009765625,4988.7001953125,4980.2841796875,1786910.0,0.0,0.0
2025-04-08,5108.0,5201.0,5026.2998046875,5157.0498046875,5148.349609375,1232399.0,0.0,0.0
2025-04-09,5145.5,5265.0,5145.5,5193.75,5184.98779296875,1128920.0,0.0,0.0
2025-04-11,5214.89990234375,5234.35009765625,5115.0,5151.10009765625,5142.41015625,1131912.0,0.0,0.0
2025-04-15,5320.0,5347.0,5201.0,5256.0,5247.1328125,1567359.0,0.0,0.0
2025-04-16,5260.0,5285.0,5200.5,5244.5,5235.65234375,1012248.0,0.0,0.0
2025-04-17,5244.0,5400.0,5178.5,5366.0,5356.947265625,1172355.0,0.0,0.0
2025-04-21,5394.0,5517.5,5351.0,5496.5,5487.22705078125,844886.0,0.0,0.0
2025-04-22,5502.0,5649.0,5451.0,5534.0,5524.6640625,1045582.0,0.0,0.0
2025-04-23,5540.0,5570.0,5485.0,5558.5,5549.12255859375,1454342.0,0.0,0.0
2025-04-24,5560.0,5575.0,5470.5,5520.5,5511.1865234375,852761.0,0.0,0.0
2025-04-25,5480.5,5522.0,5193.0,5313.5,5304.53564453125,1913262.0,0.0,0.0
2025-04-28,5254.0,5379.0,5220.0,5341.0,5331.9892578125,1162878.0,0.0,0.0
2025-04-29,5380.0,5446.5,5215.5,5264.0,5255.119140625,761297.0,0.0,0.0
2025-04-30,5262.0,5320.5,5206.5,5249.5,5240.64404296875,881119.0,0.0,0.0
2025-05-02,5230.0,5386.5,5218.0,5321.5,5312.5224609375,560286.0,0.0,0.0
2025-05-05,5420.0,5592.0,5412.5,5531.5,5522.16796875,1049781.0,0.0,0.0
2025-05-06,5555.5,5569.5,5299.0,5322.0,5313.021484375,872819.0,0.0,0.0
2025-05-07,5206.0,5361.5,5157.0,5296.5,5287.564453125,1565403.0,0.0,0.0
2025-05-08,5310.0,5368.0,5075.0,5146.0,5137.318359375,1756653.0,0.0,0.0
2025-05-09,4972.0,5123.5,4891.5,5101.0,5092.39453125,2112896.0,0.0,0.0
2025-05-12,5421.5,5597.0,5413.0,5476.5,5467.2607421875,2240163.0,0.0,0.0
2025-05-13,5501.0,5545.0,5468.0,5521.0,5511.68603515625,1117587.0,0.0,0.0
2025-05-14,5525.0,5535.0,5420.0,5451.5,5442.30322265625,933189.0,0.0,0.0
2025-05-15,5421.0,5595.0,5410.0,5589.0,5579.5712890625,701995.0,0.0,0.0
2025-05-16,5599.0,5633.0,5544.5,5562.5,5553.11572265625,433634.0,0.0,0.0
2025-05-19,5560.0,5665.5,5544.0,5574.5,5565.095703125,953693.0,0.0,0.0
2025-05-20,5591.0,5608.0,5432.0,5442.0,5432.81884765625,666863.0,0.0,0.0
2025-05-21,5461.0,5482.5,5390.0,5461.5,5452.2861328125,597496.0,0.0,0.0
2025-05-22,5465.0,5565.0,5329.5,5503.0,5493.71630859375,2271953.0,0.0,0.0
2025-05-23,5520.0,5545.0,5435.5,5521.0,5511.68603515625,544144.0,0.0,0.0
2025-05-26,5530.0,5562.0,5410.5,5420.0,5410.85595703125,556606.0,0.0,0.0
2025-05-27,5270.0,5328.0,5230.5,5313.5,5304.53564453125,28753330.0,0.0,0.0
2025-05-28,5336.0,5355.0,5294.0,5330.5,5321.50732421875,1090832.0,0.0,0.0
2025-05-29,5330.5,5344.0,5271.5,5322.0,5313.021484375,1713578.0,0.0,0.0
2025-05-30,5306.0,5393.5,5306.0,5330.0,5321.0078125,1743945.0,0.0,0.0
2025-06-02,5350.0,5370.0,5280.0,5333.0,5324.0029296875,1172879.0,0.0,0.0
2025-06-03,5359.0,5458.5,5344.5,5383.5,5374.41796875,1239471.0,0.0,0.0
2025-06-04,5383.5,5428.0,5361.5,5416.0,5406.86279296875,932116.0,0.0,0.0
2025-06-05,5464.0,5506.0,5421.5,5482.0,5472.75146484375,1119642.0,0.0,0.0
2025-06-06,5480.0,5492.0,5445.0,5480.5,5471.25390625,447731.0,0.0,0.0
2025-06-09,5510.0,5709.0,5510.0,5695.0,5685.39208984375,1386071.0,0.0,0.0
2025-06-10,5705.0,5729.0,5571.0,5599.0,5589.55419921875,1124088.0,0.0,0.0
2025-06-11,5606.5,5652.5,5581.0,5631.0,5621.5,1217882.0,0.0,0.0
2025-06-12,5598.0,5626.0,5418.0,5476.5,5467.2607421875,1444586.0,0.0,0.0
2025-06-13,5200.0,5318.0,5176.0,5262.0,5253.12255859375,3340182.0,0.0,0.0
2025-06-16,5280.0,5404.5,5244.0,5382.5,5373.41943359375,1208296.0,0.0,0.0
2025-06-17,5380.0,5388.5,5281.0,5310.5,5301.541015625,821905.0,0.0,0.0
2025-06-18,5308.0,5334.5,5258.5,5273.0,5264.10400390625,603006.0,0.0,0.0
2025-06-19,5281.5,5328.0,5233.0,5271.0,5262.107421875,621641.0,0.0,0.0
2025-06-20,5255.5,5408.0,5241.5,5390.0,5380.90673828125,1218340.0,0.0,0.0
2025-06-23,5319.0,5484.5,5315.0,5467.0,5457.77685546875,922620.0,0.0,0.0
2025-06-24,5631.5,5700.5,5570.0,5606.5,5597.04150390625,1450372.0,0.0,0.0
2025-06-25,5674.5,5690.0,5563.0,5639.0,5629.48681640625,962393.0,0.0,0.0
2025-06-26,5692.0,5722.0,5642.5,5691.5,5681.89794921875,1374904.0,0.0,0.0
2025-06-27,5690.0,5843.5,5675.0,5816.0,5806.18798828125,2751255.0,0.0,0.0
2025-06-30,5840.0,5997.0,5820.0,5976.5,5966.41748046875,2392470.0,0.0,0.0
2025-07-01,5962.5,6018.0,5928.0,5965.0,5954.9365234375,1289620.0,0.0,0.0
2025-07-02,5901.0,5991.5,5886.5,5956.0,5945.9521484375,1388532.0,0.0,0.0
2025-07-03,5956.0,5967.5,5750.0,5766.0,5756.2724609375,1144838.0,0.0,0.0
2025-07-04,5789.5,5825.0,5737.5,5753.0,5743.29443359375,345735.0,0.0,0.0
2025-07-07,5756.5,5792.0,5731.0,5748.0,5738.302734375,385469.0,0.0,0.0
2025-07-08,5749.5,5808.0,5739.5,5802.0,5792.2119140625,512178.0,0.0,0.0
2025-07-09,5815.0,5864.0,5791.0,5852.0,5842.12744140625,1655274.0,0.0,0.0
2025-07-10,5925.0,5936.0,5831.5,5840.0,5830.1474609375,716153.0,0.0,0.0
2025-07-11,5866.0,5939.0,5839.0,5917.5,5907.51708984375,1332425.0,0.0,0.0
2025-07-14,5917.0,5960.0,5887.5,5940.5,5930.47802734375,979832.0,0.0,0.0
2025-07-15,5950.0,5964.5,5907.5,5930.5,5920.4951171875,787926.0,0.0,0.0
2025-07-16,5919.5,5958.5,5865.5,5950.0,5939.9619140625,842097.0,0.0,0.0
2025-07-17,5931.0,5958.0,5770.0,5796.5,5786.72119140625,1351389.0,0.0,0.0
2025-07-18,5818.0,5869.0,5790.0,5861.0,5851.1123046875,789730.0,0.0,0.0
2025-07-21,5900.0,5910.0,5820.0,5878.0,5868.08349609375,491974.0,0.0,0.0
2025-07-22,5900.0,5959.5,5871.0,5948.0,5937.96533203125,514262.0,0.0,0.0
2025-07-23,5925.0,5957.0,5815.0,5897.0,5887.05126953125,585120.0,0.0,0.0
2025-07-24,5840.0,5933.0,5825.5,5844.0,5834.14111328125,343255.0,0.0,0.0
2025-07-25,5815.0,5857.0,5760.5,5803.0,5793.2099609375,877612.0,0.0,0.0
2025-07-28,5771.0,5870.5,5745.0,5762.0,5752.279296875,506105.0,0.0,0.0
2025-07-29,5725.5,5795.0,5703.0,5756.0,5746.28955078125,634249.0,0.0,0.0
2025-07-30,5800.0,5805.5,5698.0,5740.0,5730.31640625,1217558.0,0.0,0.0
2025-07-31,5625.0,5930.5,5606.5,5910.5,5900.52880859375,2572409.0,0.0,0.0
2025-08-01,5870.0,5913.5,5780.5,5788.5,5778.734375,523408.0,0.0,0.0
2025-08-04,5800.0,5817.0,5742.0,5780.5,5770.748046875,545636.0,0.0,0.0
2025-08-05,5765.5,5802.0,5706.0,5781.5,5771.74609375,929923.0,0.0,0.0
2025-08-06,5800.0,5916.0,5781.5,5893.5,5883.55712890625,980678.0,0.0,0.0
2025-08-07,5893.5,5907.0,5793.5,5859.0,5849.11572265625,483125.0,0.0,0.0
2025-08-08,5848.5,5865.0,5761.0,5769.5,5759.7666015625,345649.0,0.0,0.0
2025-08-11,5742.0,5905.0,5734.5,5878.5,5868.58251953125,799984.0,0.0,0.0
2025-08-12,5825.0,5962.5,5824.0,5927.5,5917.5,883247.0,0.0,0.0
2025-08-13,5886.0,5993.0,5886.0,5969.5,5969.5,510227.0,10.0,0.0
2025-08-14,5978.0,6055.0,5955.5,6002.5,6002.5,767646.0,0.0,0.0
2025-08-18,6009.0,6232.5,6009.0,6096.5,6096.5,1148778.0,0.0,0.0
2025-08-19,6060.0,6129.0,6021.0,6055.5,6055.5,499624.0,0.0,0.0
2025-08-20,6050.0,6173.5,6026.5,6155.5,6155.5,501673.0,0.0,0.0
2025-08-21,6100.0,6125.0,6010.0,6099.0,6099.0,689343.0,0.0,0.0
2025-08-22,6099.0,6145.0,6072.5,6086.5,6086.5,596200.0,0.0,0.0
2025-08-25,6149.5,6149.5,6028.5,6116.0,6116.0,478863.0,0.0,0.0
2025-08-26,6100.0,6101.5,6017.0,6050.0,6050.0,920406.0,0.0,0.0
2025-08-28,5875.0,5875.0,5709.5,5727.0,5727.0,18614885.0,0.0,0.0
2025-08-29,5715.0,5739.0,5610.0,5646.0,5646.0,1628751.0,0.0,0.0
2025-09-01,5629.5,5710.0,5582.0,5670.0,5670.0,1708748.0,0.0,0.0
2025-09-02,5679.0,5690.0,5646.5,5665.5,5665.5,579446.0,0.0,0.0
2025-09-03,5660.5,5747.5,5660.5,5740.0,5740.0,801254.0,0.0,0.0
2025-09-04,5780.0,5794.0,5686.0,5695.0,5695.0,658347.0,0.0,0.0
2025-09-05,5705.0,5710.0,5637.0,5670.0,5670.0,820854.0,0.0,0.0
2025-09-08,5681.0,5739.5,5660.0,5696.5,5696.5,603400.0,0.0,0.0
2025-09-09,5670.0,5706.5,5608.0,5637.5,5637.5,549536.0,0.0,0.0
2025-09-10,5665.0,5679.0,5602.5,5619.0,5619.0,740160.0,0.0,0.0
2025-09-11,5560.0,5683.0,5540.5,5667.0,5667.0,675142.0,0.0,0.0
2025-09-12,5699.0,5778.5,5668.5,5727.5,5727.5,918969.0,0.0,0.0
2025-09-15,5758.0,5760.5,5718.5,5728.5,5728.5,359796.0,0.0,0.0
2025-09-16,5691.0,5745.5,5691.0,5727.5,5727.5,651834.0,0.0,0.0
2025-09-17,5749.0,5759.5,5720.0,5746.5,5746.5,429255.0,0.0,0.0
2025-09-18,5740.0,5763.5,5705.5,5715.5,5715.5,460346.0,0.0,0.0
2025-09-19,5758.0,5758.0,5648.5,5679.0,5679.0,750086.0,0.0,0.0
2025-09-22,5698.5,5769.0,5682.0,5747.5,5747.5,449815.0,0.0,0.0
2025-09-23,5765.0,5812.5,5716.0,5732.0,5732.0,662077.0,0.0,0.0
2025-09-24,5745.0,5757.5,5663.0,5686.0,5686.0,690321.0,0.0,0.0
2025-09-25,5690.0,5717.0,5644.5,5674.5,5674.5,572155.0,0.0,0.0
2025-09-26,5679.0,5700.0,5531.5,5561.0,5561.0,896954.0,0.0,0.0
2025-09-29,5575.0,5785.5,5501.0,5707.0,5707.0,13795988.0,0.0,0.0
2025-09-30,5551.0,5655.5,5526.0,5594.5,5594.5,1425301.0,0.0,0.0
2025-10-01,5568.0,5625.5,5526.0,5606.0,5606.0,795729.0,0.0,0.0
2025-10-03,5602.0,5690.0,5602.0,5657.0,5657.0,856525.0,0.0,0.0
2025-10-06,5659.5,5706.0,5604.5,5694.5,5694.5,632790.0,0.0,0.0
2025-10-07,5675.0,5693.5,5610.5,5664.0,5664.0,471217.0,0.0,0.0
2025-10-08,5637.5,5683.5,5625.0,5635.0,5635.0,386534.0,0.0,0.0
2025-10-09,5656.0,5744.0,5624.5,5724.5,5724.5,668462.0,0.0,0.0
2025-10-10,5721.0,5770.0,5706.0,5735.0,5735.0,426462.0,0.0,0.0
2025-10-13,5758.0,5824.0,5712.5,5787.5,5787.5,669754.0,0.0,0.0
2025-10-14,5778.0,5799.5,5740.5,5759.0,5759.0,535051.0,0.0,0.0
2025-10-15,5780.0,5872.5,5775.5,5860.5,5860.5,734165.0,0.0,0.0
2025-10-16,5895.5,5921.0,5853.0,5881.0,5881.0,533386.0,0.0,0.0
2025-10-17,5875.0,5930.5,5838.0,5848.0,5848.0,582184.0,0.0,0.0
2025-10-20,5890.0,5944.0,5878.0,5934.0,5934.0,401435.0,0.0,0.0
2025-10-21,5950.0,5950.0,5904.5,5913.0,5913.0,35982.0,0.0,0.0
2025-10-23,5941.0,5945.0,5772.0,5789.0,5789.0,577925.0,0.0,0.0
2025-10-24,5800.0,5804.5,5694.5,5779.0,5779.0,562338.0,0.0,0.0
2025-10-27,5801.0,5872.0,5797.0,5835.0,5835.0,473915.0,0.0,0.0
2025-10-28,5807.0,5834.5,5743.5,5809.0,5809.0,950434.0,0.0,0.0
2025-10-29,5815.5,5839.5,5763.5,5813.0,5813.0,659529.0,0.0,0.0
2025-10-30,5815.0,5840.5,5709.0,5725.0,5725.0,907522.0,0.0,0.0
2025-10-31,5729.0,5730.0,5602.0,5625.0,5625.0,1168861.0,0.0,0.0
2025-11-03,5625.0,5704.5,5615.0,5695.5,5695.5,615829.0,0.0,0.0
2025-11-04,5696.0,5699.5,5581.5,5637.0,5637.0,644454.0,0.0,0.0
2025-11-06,5750.0,5833.5,5679.5,5693.0,5693.0,2249415.0,0.0,0.0
2025-11-07,5689.5,5689.5,5569.0,5583.5,5583.5,795267.0,0.0,0.0
2025-11-10,5604.0,5640.0,5541.0,5588.5,5588.5,983156.0,0.0,0.0
2025-11-11,5624.0,5799.5,5597.0,5782.5,5782.5,959131.0,0.0,0.0
2025-11-12,5790.0,5824.5,5752.0,5795.5,5795.5,695865.0,0.0,0.0
2025-11-13,5838.0,5938.0,5811.0,5905.5,5905.5,1250921.0,0.0,0.0
2025-11-14,5900.0,5935.0,5864.0,5908.5,5908.5,643970.0,0.0,0.0
2025-11-17,5900.0,5905.0,5839.5,5873.0,5873.0,608336.0,0.0,0.0
2025-11-18,5876.0,5888.5,5733.5,5739.5,5739.5,906483.0,0.0,0.0
2025-11-19,5712.0,5773.0,5674.0,5758.5,5758.5,784194.0,0.0,0.0
2025-11-20,5761.5,5836.0,5750.0,5785.5,5785.5,429193.0,0.0,0.0
2025-11-21,5785.0,5873.5,5755.0,5843.5,5843.5,410054.0,0.0,0.0
2025-11-24,5953.0,5970.0,5785.0,5805.5,5805.5,1224537.0,0.0,0.0
2025-11-25,5805.5,5805.5,5750.0,5775.0,5775.0,478426.0,0.0,0.0
2025-11-26,5799.0,5923.0,5781.0,5913.0,5913.0,520063.0,0.0,0.0
2025-11-27,5913.0,5959.0,5886.5,5919.0,5919.0,472382.0,0.0,0.0
2025-11-28,5922.0,5936.5,5885.0,5901.5,5901.5,273162.0,0.0,0.0
2025-12-01,5890.0,5916.5,5763.0,5794.0,5794.0,586223.0,0.0,0.0
2025-12-02,5792.0,5805.5,5680.0,5697.5,5697.5,1179053.0,0.0,0.0
2025-12-03,5675.0,5694.0,5570.5,5595.5,5595.5,1062464.0,0.0,0.0
2025-12-04,5520.0,5573.0,5397.0,5436.5,5436.5,4118078.0,0.0,0.0
2025-12-05,5406.0,5475.0,5265.0,5370.5,5370.5,6700523.0,0.0,0.0
2025-12-08,5110.0,5202.5,4842.5,4923.5,4923.5,15824857.0,0.0,0.0
2025-12-09,4901.0,5017.0,4817.0,4967.5,4967.5,10230467.0,0.0,0.0
2025-12-10,4999.5,4999.5,4788.5,4805.5,4805.5,7127760.0,0.0,0.0
2025-12-11,4650.0,4848.5,4645.0,4819.0,4819.0,6526881.0,0.0,0.0
2025-12-12,4830.0,4898.0,4811.5,4860.5,4860.5,3379049.0,0.0,0.0
2025-12-15,4900.0,5014.0,4864.5,4965.5,4965.5,4014614.0,0.0,0.0
2025-12-16,4990.0,5002.0,4951.5,4974.0,4974.0,2389083.0,0.0,0.0
2025-12-17,4999.0,5009.0,4944.5,4980.5,4980.5,1600991.0,0.0,0.0
2025-12-18,4977.0,5140.0,4957.0,5115.5,5115.5,4260902.0,0.0,0.0
2025-12-19,5123.0,5166.5,5103.5,5153.5,5153.5,9087607.0,0.0,0.0
2025-12-22,5100.0,5184.0,5100.0,5145.5,5145.5,1513801.0,0.0,0.0
2025-12-23,5148.0,5172.0,5132.0,5157.0,5157.0,968910.0,0.0,0.0
2025-12-24,5155.0,5168.0,5047.5,5081.5,5081.5,980384.0,0.0,0.0
2025-12-26,5081.5,5098.0,5031.0,5074.0,5074.0,585777.0,0.0,0.0
2025-12-29,5073.5,5099.0,5065.0,5085.5,5085.5,581866.0,0.0,0.0
2025-12-30,5070.0,5074.5,4989.0,5018.0,5018.0,1306997.0,0.0,0.0
2025-12-31,5000.0,5064.5,4976.5,5059.5,5059.5,908946.0,0.0,0.0
2026-01-01,5081.0,5175.0,5062.5,5110.5,5110.5,744719.0,0.0,0.0
2026-01-02,5119.0,5136.0,5095.0,5106.0,5106.0,464130.0,0.0,0.0
2026-01-05,5106.0,5140.0,5075.0,5102.5,5102.5,634271.0,0.0,0.0
2026-01-06,5100.0,5140.5,4990.0,5002.5,5002.5,856866.0,0.0,0.0
2026-01-07,5010.0,5045.0,4919.0,4951.0,4951.0,1157501.0,0.0,0.0
2026-01-08,4959.0,4992.5,4893.5,4906.5,4906.5,1303022.0,0.0,0.0
2026-01-09,4924.0,4924.0,4833.0,4844.0,4844.0,1257421.0,0.0,0.0
2026-01-12,4814.5,4869.0,4771.0,4850.0,4850.0,691685.0,0.0,0.0
2026-01-13,4832.5,4848.5,4725.0,4759.5,4759.5,1339651.0,0.0,0.0
2026-01-14,4730.0,4756.5,4701.0,4733.0,4733.0,1059301.0,0.0,0.0
2026-01-16,4700.0,4757.5,4700.0,4740.0,4740.0,1079566.0,0.0,0.0
2026-01-19,4764.5,4952.5,4764.5,4941.5,4941.5,2171150.0,0.0,0.0
2026-01-20,4941.5,4941.5,4775.0,4790.0,4790.0,681597.0,0.0,0.0
2026-01-21,4784.5,4952.0,4750.0,4857.5,4857.5,1740395.0,0.0,0.0
2026-01-22,4905.0,4932.5,4880.0,4909.0,4909.0,1281956.0,0.0,0.0
2026-01-23,4878.0,4878.0,4686.5,4704.5,4704.5,3668328.0,0.0,0.0
2026-01-27,4700.0,4784.0,4643.5,4769.0,4769.0,1255311.0,0.0,0.0
2026-01-28,4777.0,4794.5,4707.0,4749.0,4749.0,1075513.0,0.0,0.0
2026-01-29,4749.0,4749.0,4585.5,4621.0,4621.0,1751127.0,0.0,0.0
2026-01-30,4580.0,4661.0,4551.0,4596.5,4596.5,1567278.0,0.0,0.0
2026-02-02,4610.0,4699.5,4582.7998046875,4687.0,4687.0,1309113.0,0.0,0.0
2026-02-03,4950.0,5007.7998046875,4834.5,4946.2001953125,4946.2001953125,2915322.0,0.0,0.0
2026-02-04,4945.0,4977.60009765625,4897.2001953125,4960.7001953125,4960.7001953125,1026215.0,0.0,0.0
2026-02-05,4845.0,4939.89990234375,4780.2998046875,4932.2001953125,4932.2001953125,1189049.0,0.0,0.0
2026-02-06,4911.0,4931.2998046875,4870.0,4909.39990234375,4909.39990234375,463970.0,0.0,0.0
2026-02-09,4895.0,4978.10009765625,4888.7001953125,4964.10009765625,4964.10009765625,538869.0,0.0,0.0
2026-02-10,4950.0,4996.0,4929.0,4960.39990234375,4960.39990234375,1115549.0,0.0,0.0
2026-02-11,4990.0,5056.0,4945.60009765625,5013.7998046875,5013.7998046875,527542.0,0.0,0.0
2026-02-12,4999.89990234375,4999.89990234375,4930.7001953125,4982.7998046875,4982.7998046875,971327.0,0.0,0.0
2026-02-13,4966.0,4988.0,4900.60009765625,4929.2001953125,4929.2001953125,232702.0,0.0,0.0
2026-02-16,4929.0,4976.2998046875,4903.0,4940.7998046875,4940.7998046875,425143.0,0.0,0.0
2026-02-17,4970.0,5008.2001953125,4937.5,4977.0,4977.0,263838.0,0.0,0.0
2026-02-18,4974.10009765625,4999.39990234375,4960.60009765625,4980.39990234375,4980.39990234375,201866.0,0.0,0.0
2026-02-19,4939.0,4939.0,4790.10009765625,4815.10009765625,4815.10009765625,1546005.0,0.0,0.0
2026-02-20,4785.0,4880.0,4783.89990234375,4854.60009765625,4854.60009765625,819782.0,0.0,0.0
2026-02-23,4850.0,4871.7001953125,4821.0,4862.2001953125,4862.2001953125,321229.0,0.0,0.0
2026-02-24,4812.0,4862.2001953125,4806.0,4850.2998046875,4850.2998046875,406380.0,0.0,0.0
2026-02-25,4855.0,4974.89990234375,4850.2998046875,4947.39990234375,4947.39990234375,831769.0,0.0,0.0
2026-02-26,4975.0,4976.2998046875,4899.89990234375,4933.5,4933.5,467220.0,0.0,0.0
2026-02-27,4890.0,4920.0,4792.0,4827.2001953125,4827.2001953125,1199332.0,0.0,0.0
2026-03-02,4500.0,4664.89990234375,4500.0,4520.39990234375,4520.39990234375,3465274.0,0.0,0.0
2026-03-04,4409.5,4431.0,4293.0,4392.89990234375,4392.89990234375,2807222.0,0.0,0.0
2026-03-05,4389.2998046875,4558.89990234375,4318.0,4512.7998046875,4512.7998046875,2629784.0,0.0,0.0
2026-03-06,4424.7001953125,4465.0,4375.5,4404.10009765625,4404.10009765625,1640372.0,0.0,0.0
2026-03-09,4199.89990234375,4255.5,4035.0,4236.7001953125,4236.7001953125,4271926.0,0.0,0.0
2026-03-10,4410.0,4473.7001953125,4341.60009765625,4380.39990234375,4380.39990234375,2579968.0,0.0,0.0
2026-03-11,4366.0,4512.89990234375,4338.7001953125,4350.7001953125,4350.7001953125,2647380.0,0.0,0.0
2026-03-12,4263.60009765625,4297.5,4194.10009765625,4251.7001953125,4251.7001953125,1595719.0,0.0,0.0
2026-03-13,4226.0,4234.0,4130.0,4158.2001953125,4158.2001953125,1848484.0,0.0,0.0
2026-03-16,4105.0,4270.0,4093.89990234375,4222.10009765625,4222.10009765625,1792860.0,0.0,0.0
2026-03-17,4246.0,4306.0,4208.7001953125,4287.89990234375,4287.89990234375,1076802.0,0.0,0.0
2026-03-18,4290.0,4417.5,4290.0,4360.60009765625,4360.60009765625,1505698.0,0.0,0.0
2026-03-19,4320.0,4320.0,4145.0,4154.2998046875,4154.2998046875,1501959.0,0.0,0.0
2026-03-20,4185.0,4247.0,4135.0,4149.10009765625,4149.10009765625,1888215.0,0.0,0.0
2026-03-23,4069.800048828125,4103.89990234375,3895.199951171875,3945.300048828125,3945.300048828125,2919605.0,0.0,0.0
2026-03-24,4065.0,4168.39990234375,4021.0,4150.7998046875,4150.7998046875,2152981.0,0.0,0.0
2026-03-25,4219.89990234375,4317.89990234375,4181.0,4294.7001953125,4294.7001953125,2206366.0,0.0,0.0
2026-03-27,4251.0,4251.0,4091.60009765625,4099.5,4099.5,1693708.0,0.0,0.0
2026-03-30,4030.0,4092.199951171875,3930.60009765625,3943.5,3943.5,2450995.0,0.0,0.0
2026-04-01,4063.800048828125,4332.7001953125,4063.800048828125,4180.7998046875,4180.7998046875,4361610.0,0.0,0.0
2026-04-02,4070.0,4211.39990234375,3970.0,4193.5,4193.5,2222700.0,0.0,0.0
2026-04-06,4180.0,4328.7001953125,4087.300048828125,4312.5,4312.5,1802863.0,0.0,0.0
2026-04-07,4230.0,4289.39990234375,4180.0,4268.7998046875,4268.7998046875,1488156.0,0.0,0.0
2026-04-08,4600.0,4744.0,4560.39990234375,4615.5,4615.5,5538528.0,0.0,0.0
2026-04-09,4565.0,4597.5,4433.7001953125,4449.10009765625,4449.10009765625,1904534.0,0.0,0.0
2026-04-10,4490.0,4578.0,4460.0,4554.2001953125,4554.2001953125,1296004.0,0.0,0.0
2026-04-13,4330.0,4460.0,4325.0,4427.2001953125,4427.2001953125,1662563.0,0.0,0.0
2026-04-15,4624.0,4659.0,4575.7001953125,4638.0,4638.0,1623094.0,0.0,0.0
2026-04-16,4699.89990234375,4703.60009765625,4598.0,4608.7001953125,4608.7001953125,1474798.0,0.0,0.0
2026-04-17,4620.10009765625,4648.10009765625,4572.7001953125,4638.39990234375,4638.39990234375,762531.0,0.0,0.0
2026-04-20,4635.0,4698.0,4576.7001953125,4678.2001953125,4678.2001953125,1026819.0,0.0,0.0
2026-04-21,4681.10009765625,4748.2998046875,4676.2001953125,4693.10009765625,4693.10009765625,850836.0,0.0,0.0
2026-04-22,4674.7998046875,4713.2998046875,4599.89990234375,4640.89990234375,4640.89990234375,1082869.0,0.0,0.0
2026-04-23,4549.7001953125,4589.0,4510.0,4556.0,4556.0,1024694.0,0.0,0.0
2026-04-24,4566.10009765625,4598.7998046875,4507.0,4523.10009765625,4523.10009765625,731221.0,0.0,0.0
2026-04-27,4522.2001953125,4584.2998046875,4507.0,4561.2001953125,4561.2001953125,833925.0,0.0,0.0
2026-04-28,4514.7998046875,4547.89990234375,4421.0,4442.39990234375,4442.39990234375,1261879.0,0.0,0.0
2026-04-29,4442.39990234375,4507.2998046875,4335.10009765625,4345.2001953125,4345.2001953125,1695800.0,0.0,0.0
2026-04-30,4250.0,4313.0,4172.7998046875,4295.2998046875,4295.2998046875,2010221.0,0.0,0.0
2026-05-04,4349.0,4387.2998046875,4235.2998046875,4262.39990234375,4262.39990234375,1047968.0,0.0,0.0
2026-05-05,4225.0,4285.0,4196.2998046875,4238.39990234375,4238.39990234375,1239988.0,0.0,0.0
2026-05-06,4320.0,4565.60009765625,4315.60009765625,4520.2001953125,4520.2001953125,2657960.0,0.0,0.0
2026-05-07,4530.0,4560.0,4455.10009765625,4506.89990234375,4506.89990234375,1723948.0,0.0,0.0
2026-05-08,4488.0,4545.7998046875,4465.7001953125,4522.7001953125,4522.7001953125,827316.0,0.0,0.0
2026-05-11,4430.0,4432.2998046875,4276.60009765625,4299.39990234375,4299.39990234375,1791551.0,0.0,0.0
2026-05-12,4297.10009765625,4309.10009765625,4187.7001953125,4201.7001953125,4201.7001953125,758162.0,0.0,0.0
2026-05-13,4205.39990234375,4283.60009765625,4146.2998046875,4255.7998046875,4255.7998046875,1018804.0,0.0,0.0
2026-05-14,4261.89990234375,4313.0,4193.60009765625,4280.5,4280.5,743734.0,0.0,0.0
2026-05-15,4293.0,4359.0,4277.0,4314.89990234375,4314.89990234375,713589.0,0.0,0.0
2026-05-18,4268.10009765625,4293.89990234375,4226.0,4275.7001953125,4275.7001953125,524880.0,0.0,0.0
2026-05-19,4279.0,4319.0,4224.2998046875,4230.2998046875,4230.2998046875,577738.0,0.0,0.0
2026-05-20,4178.0,4284.0,4178.0,4264.60009765625,4264.60009765625,760291.0,0.0,0.0
2026-05-21,4305.0,4452.2001953125,4305.0,4403.0,4403.0,1656192.0,0.0,0.0
2026-05-22,4425.10009765625,4460.0,4399.60009765625,4438.60009765625,4438.60009765625,675234.0,0.0,0.0
2026-05-25,4524.10009765625,4538.0,4438.7001953125,4501.89990234375,4501.89990234375,2493013.0,0.0,0.0
2026-05-26,4500.0,4510.5,4440.0,4480.7998046875,4480.7998046875,759683.0,0.0,0.0
2026-05-27,4480.0,4593.2001953125,4429.89990234375,4570.0,4570.0,1369227.0,0.0,0.0
2026-05-29,4550.0,4555.0,4381.2001953125,4405.0,4405.0,1359472.0,0.0,0.0
2026-06-01,4525.0,4633.89990234375,4445.7998046875,4453.2998046875,4453.2998046875,1665946.0,0.0,0.0
2026-06-02,4420.0,4480.2001953125,4389.2001953125,4466.10009765625,4466.10009765625,1093115.0,0.0,0.0
2026-06-03,4440.10009765625,4565.0,4390.0,4512.10009765625,4512.10009765625,808155.0,0.0,0.0
2026-06-04,4500.0,4537.0,4460.7001953125,4508.7998046875,4508.7998046875,565503.0,0.0,0.0
2026-06-05,4492.0,4517.7998046875,4442.39990234375,4481.2998046875,4481.2998046875,788870.0,0.0,0.0
2026-06-08,4424.89990234375,4434.0,4350.0,4359.7001953125,4359.7001953125,827136.0,0.0,0.0
2026-06-09,4375.0,4547.89990234375,4375.0,4537.60009765625,4537.60009765625,1000203.0,0.0,0.0
2026-06-10,4511.0,4579.5,4504.5,4524.89990234375,4524.89990234375,540246.0,0.0,0.0
2026-06-11,4481.0,4550.0,4470.0,4502.39990234375,4502.39990234375,600900.0,0.0,0.0
2026-06-12,4599.0,4725.0,4561.7001953125,4709.7001953125,4709.7001953125,2530474.0,0.0,0.0
2026-06-15,4820.0,4941.5,4810.10009765625,4880.39990234375,4880.39990234375,2365057.0,0.0,0.0
2026-06-16,4905.0,4920.0,4814.39990234375,4840.0,4840.0,849705.0,0.0,0.0
2026-06-17,4876.39990234375,4899.0,4840.0,4878.39990234375,4878.39990234375,871600.0,0.0,0.0
2026-06-18,4895.0,5022.0,4877.0,5011.7998046875,5011.7998046875,1129087.0,0.0,0.0
2026-06-19,5011.7998046875,5035.0,4968.0,5021.5,5021.5,1070918.0,0.0,0.0
2026-06-22,5015.0,5057.39990234375,4966.39990234375,5021.10009765625,5021.10009765625,857309.0,0.0,0.0
2026-06-23,5040.0,5040.0,4945.89990234375,4961.39990234375,4961.39990234375,584474.0,0.0,0.0
2026-06-24,4990.0,5230.0,4967.10009765625,5207.2001953125,5207.2001953125,2145122.0,0.0,0.0
2026-06-25,5265.0,5464.89990234375,5265.0,5450.0,5450.0,5145228.0,0.0,0.0
2026-06-29,5400.89990234375,5422.5,5301.0,5315.2001953125,5315.2001953125,2860034.0,0.0,0.0
2026-06-30,5320.0,5409.5,5318.39990234375,5368.39990234375,5368.39990234375,1064890.0,0.0,0.0
2026-07-01,5349.5,5412.0,5329.0,5399.0,5399.0,668810.0,0.0,0.0
2026-07-02,5421.0,5464.0,5392.0,5444.0,5444.0,990986.0,0.0,0.0
2026-07-03,5459.5,5476.5,5385.0,5426.5,5426.5,504610.0,0.0,0.0
2026-07-06,5413.0,5439.0,5389.5,5408.5,5408.5,287276.0,0.0,0.0
2026-07-07,5399.0,5430.0,5345.0,5395.0,5395.0,511111.0,0.0,0.0
2026-07-08,5266.5,5319.5,5094.0,5124.0,5124.0,2044081.0,0.0,0.0
2026-07-09,5124.0,5244.0,5105.0,5229.5,5229.5,1176927.0,0.0,0.0
2026-07-10,5260.0,5363.0,5260.0,5312.0,5312.0,458026.0,0.0,0.0
2026-07-13,5175.0,5248.0,5141.5,5229.5,5229.5,659838.0,0.0,0.0
2026-07-14,5119.0,5131.5,5064.5,5108.0,5108.0,1504890.0,0.0,0.0
2026-07-15,5125.0,5226.5,5125.0,5171.0,5171.0,737971.0,0.0,0.0
2026-07-16,5179.5,5280.0,5176.0,5265.5,5265.5,996192.0,0.0,0.0
2026-07-17,5265.5,5307.0,5225.0,5248.5,5248.5,609593.0,0.0,0.0
2026-07-20,5189.5,5261.5,5120.5,5229.0,5229.0,1230583.0,0.0,0.0
2026-07-21,5249.0,5325.0,5234.0,5305.0,5305.0,920977.0,0.0,0.0
2026-07-22,5225.5,5225.5,5100.0,5117.0,5117.0,1652164.0,0.0,0.0
2026-07-23,5065.0,5135.0,4972.5,5023.5,5023.5,1110738.0,0.0,0.0
2026-07-24,4950.0,5009.0,4886.0,4985.0,4985.0,2880861.0,0.0,0.0
2026-07-27,5111.0,5242.5,5095.0,5230.0,5230.0,1731299.0,0.0,0.0
2026-07-28,5255.0,5282.0,5218.0,5270.5,5270.5,512549.0,0.0,0.0
2026-07-29,5280.0,5300.0,5205.0,5276.5,5276.5,668162.0,0.0,0.0
2026-07-30,5210.0,5258.0,5194.0,5230.5,5230.5,549497.0,0.0,0.0
2026-07-31,5260.0,5282.0,5137.5,5171.0,5171.0,462900.0,0.0,0.0
2026-08-03,5300.0,5402.0,5276.0,5400.0,5400.0,990927.0,0.0,0.0
2026-08-04,5400.0,5429.0,5297.5,5358.0,5358.0,618644.0,0.0,0.0
2026-08-05,5460.0,5508.0,5367.0,5400.0,5400.0,1052626.0,0.0,0.0
2026-08-06,5400.5,5424.0,5315.0,5318.5,5318.5,486230.0,0.0,0.0
2026-08-07,5284.0,5367.5,5281.0,5333.0,5333.0,432283.0,0.0,0.0
2026-08-10,5305.0,5355.0,5297.0,5333.5,5333.5,351196.0,0.0,0.0
2026-08-11,5330.0,5330.0,5217.5,5284.0,5284.0,517989.0,0.0,0.0
2026-08-12,5266.5,5333.0,5228.0,5333.0,5333.0,215913.0,0.0,0.0
2026-08-13,5334.0,5370.0,5281.5,5370.0,5370.0,234000.0,0.0,0.0
2026-08-14,5370.0,5370.0,5310.0,5310.0,5310.0,184350.0,0.0,0.0
2026-08-17,5271.0,5332.5,5262.5,5275.5,5275.5,321441.0,0.0,0.0
2026-08-18,5220.0,5238.0,5138.0,5220.0,5220.0,554778.0,0.0,0.0
2026-08-19,5189.5,5218.0,5149.5,5193.0,5193.0,372642.0,0.0,0.0
2026-08-20,5235.0,5235.0,5152.0,5165.0,5165.0,380687.0,0.0,0.0
2026-08-21,5155.0,5172.5,5055.5,5110.0,5110.0,1115342.0,0.0,0.0
2026-08-24,5100.0,5170.0,5088.0,5115.0,5115.0,593388.0,0.0,0.0
2026-08-25,5088.0,5227.5,5080.5,5218.0,5218.0,333283.0,0.0,0.0
2026-08-26,5275.0,5280.0,5221.5,5250.5,5250.5,584644.0,0.0,0.0
2026-08-27,5255.0,5258.5,5178.0,5189.0,5189.0,352677.0,0.0,0.0
2026-08-28,5199.0,5200.5,5137.5,5166.0,5166.0,257496.0,0.0,0.0
2026-08-31,5130.0,5234.0,5056.5,5234.0,5234.0,559798.0,0.0,0.0
2026-09-01,5065.0,5106.5,5010.0,5052.0,5052.0,788457.0,0.0,0.0
2026-09-02,4957.0,5020.0,4908.5,5020.0,5020.0,1437991.0,0.0,0.0
2026-09-03,5035.0,5047.0,4925.0,4980.0,4980.0,801486.0,0.0,0.0
2026-09-04,4980.0,5035.0,4977.0,4977.0,4977.0,394117.0,0.0,0.0
2026-09-07,4950.0,5008.0,4944.0,5001.0,,354874.0,,
2026-09-08,4971.0,5022.5,4952.0,5000.0,5000.0,435589.0,0.0,0.0
2026-09-09,4950.0,5009.0,4950.0,4975.0,4975.0,443075.0,0.0,0.0
2026-09-10,4964.5,4966.0,4877.0,4945.0,4945.0,813491.0,0.0,0.0
