date,open,high,low,close,adj_close,volume,dividends,stock_splits
2021-01-29,200.81597900390625,201.05670166015625,194.8459014892578,195.7125244140625,151.7998504638672,24679902,0.0,0.0
2021-02-01,196.4347076416016,209.86737060546875,194.31629943847656,207.9415435791016,161.28504943847656,59968324,0.0,0.0
2021-02-02,211.8413543701172,215.2115631103516,208.95260620117188,210.1081085205078,162.96546936035156,50324035,0.0,0.0
2021-02-03,213.2857208251953,213.7671813964844,207.7008209228516,208.71188354492188,161.8825225830078,55709225,0.0,0.0
2021-02-04,208.0859832763672,222.81858825683597,207.98968505859372,221.42236328125,171.74110412597656,109894300,0.0,0.0
2021-02-05,223.540771484375,229.9923095703125,218.82249450683597,225.6591796875,175.0272979736328,130323308,0.0,0.0
2021-02-08,228.6923675537109,229.2219696044922,222.91488647460935,224.45553588867188,174.09371948242188,43093963,0.0,0.0
2021-02-09,225.89991760253903,230.32933044433597,219.7372589111328,220.5075836181641,171.03160095214844,73377134,0.0,0.0
2021-02-10,220.5075836181641,222.5297088623047,214.82638549804688,219.11135864257807,169.94863891601562,49104142,0.0,0.0
2021-02-11,220.5075836181641,220.7964630126953,216.17446899414065,218.0521545410156,169.12705993652344,45311749,0.0,0.0
2021-02-12,217.37811279296875,217.37811279296875,207.79710388183597,209.38592529296875,162.40533447265625,114826417,0.0,0.0
2021-02-15,210.3488311767578,212.8042755126953,209.4340667724609,210.49327087402344,163.2642059326172,33000365,0.0,0.0
2021-02-16,210.9265899658203,213.57460021972656,209.1933441162109,210.15625,163.00282287597656,30271502,0.0,0.0
2021-02-17,209.5303497314453,210.3006896972656,208.5193023681641,209.6747894287109,162.62937927246094,20615018,0.0,0.0
2021-02-18,210.1081085205078,212.41909790039065,209.81922912597656,210.73399353027344,163.450927734375,24997592,0.0,0.0
2021-02-19,210.73399353027344,210.7821502685547,206.06385803222656,207.9415435791016,161.28504943847656,29208388,0.0,0.0
2021-02-22,204.13803100585935,204.13803100585935,198.36053466796875,199.37159729003903,158.4478759765625,53531490,5.0,0.0
2021-02-23,200.286376953125,202.74180603027344,199.32345581054688,200.767822265625,159.5574951171875,27703323,0.0,0.0
2021-02-24,201.3455810546875,202.0196228027344,198.8419952392578,201.10484313964844,159.82533264160156,13667471,0.0,0.0
2021-02-25,201.73074340820312,203.36770629882807,201.05670166015625,201.3937225341797,160.05491638183594,26953713,0.0,0.0
2021-02-26,199.56417846679688,200.286376953125,195.47178649902344,196.29026794433597,155.99900817871094,45101885,0.0,0.0
2021-03-01,197.8309326171875,200.04563903808597,196.48284912109372,199.22715759277344,158.33306884765625,16850430,0.0,0.0
2021-03-02,199.32345581054688,202.98252868652344,198.8419952392578,202.11590576171875,160.62889099121094,26590262,0.0,0.0
2021-03-03,204.13803100585935,204.13803100585935,201.05670166015625,202.1640625,160.66714477539062,21648963,0.0,0.0
2021-03-04,201.05670166015625,203.4639892578125,199.9011993408203,201.9233245849609,160.47579956054688,25858155,0.0,0.0
2021-03-05,200.286376953125,202.2122039794922,199.5160369873047,200.81597900390625,159.5957489013672,17990773,0.0,0.0
2021-03-08,201.9233245849609,202.98252868652344,199.99749755859372,200.286376953125,159.1748809814453,23874105,0.0,0.0
2021-03-09,200.9604034423828,201.97146606445312,197.15689086914065,200.09378051757807,159.0218505859375,23463213,0.0,0.0
2021-03-10,201.3455810546875,201.44186401367188,198.1679534912109,198.8419952392578,158.02696228027344,20358192,0.0,0.0
2021-03-12,200.286376953125,200.286376953125,195.9532470703125,197.5902099609375,157.0321502685547,31973696,0.0,0.0
2021-03-15,198.2161102294922,198.36053466796875,194.12371826171875,197.8309326171875,157.2234344482422,42699297,0.0,0.0
2021-03-16,198.74571228027344,201.1529998779297,197.34947204589844,200.14193725585935,159.06007385253906,50641203,0.0,0.0
2021-03-17,204.3306121826172,205.9675750732422,200.81597900390625,202.7899475097656,161.16455078125,81604999,0.0,0.0
2021-03-18,205.1009521484375,210.9747314453125,204.04173278808597,209.57850646972656,166.55967712402344,95536034,0.0,0.0
2021-03-19,210.87843322753903,217.7632751464844,207.55638122558597,214.68194580078125,170.61557006835938,139352860,0.0,0.0
2021-03-22,215.0189666748047,218.00401306152344,213.2857208251953,217.6188507080078,172.94961547851562,47823778,0.0,0.0
2021-03-23,216.6559295654297,219.64096069335935,213.0931396484375,213.9597625732422,170.04159545898438,43165463,0.0,0.0
2021-03-24,212.8042755126953,214.5375213623047,207.2675018310547,207.9415435791016,165.25872802734375,28672557,0.0,0.0
2021-03-25,207.1712188720703,207.9415435791016,201.2974395751953,203.75286865234372,161.92984008789062,42248040,0.0,0.0
2021-03-26,206.3045959472656,206.49717712402344,202.5492248535156,203.07882690429688,161.39414978027344,27083832,0.0,0.0
2021-03-30,205.3416748046875,207.0267791748047,202.5973663330078,206.5934600830078,164.1873321533203,28862387,0.0,0.0
2021-03-31,206.1120147705078,211.1673126220703,204.81207275390625,210.39698791503903,167.21014404296875,37890481,0.0,0.0
2021-04-01,211.8413543701172,212.41909790039065,209.24148559570312,211.88949584960935,168.3962860107422,30182056,0.0,0.0
2021-04-05,209.5303497314453,211.8413543701172,202.69366455078125,204.66763305664065,162.65682983398438,32586507,0.0,0.0
2021-04-06,205.87127685546875,206.9786376953125,202.3566436767578,204.7639312744141,162.7333526611328,26663018,0.0,0.0
2021-04-07,204.81207275390625,207.2193603515625,204.57135009765625,205.87127685546875,163.6134033203125,15790468,0.0,0.0
2021-04-08,206.88233947753903,208.0859832763672,204.95651245117188,205.3416748046875,163.19248962402344,14660557,0.0,0.0
2021-04-09,205.82313537597656,207.9415435791016,204.66763305664065,205.19723510742188,163.0777130126953,16994483,0.0,0.0
2021-04-12,202.2122039794922,203.17510986328125,197.3976287841797,197.68649291992188,157.10867309570312,35840817,0.0,0.0
2021-04-13,199.32345581054688,201.9233245849609,198.36053466796875,200.9604034423828,159.71055603027344,21027436,0.0,0.0
2021-04-15,201.2492828369141,202.6455078125,198.36053466796875,199.0345764160156,158.1800079345703,18205903,0.0,0.0
2021-04-16,200.286376953125,201.49002075195312,198.8419952392578,200.23822021484372,159.13658142089844,13824608,0.0,0.0
2021-04-19,197.3976287841797,198.4568328857422,196.1939849853516,197.97537231445312,157.33824157714844,16400507,0.0,0.0
2021-04-20,198.55311584472656,199.32345581054688,194.99034118652344,196.00140380859372,155.76947021484375,22187707,0.0,0.0
2021-04-22,194.5088806152344,198.6494140625,193.11265563964844,198.2642517089844,157.5677947998047,24030915,0.0,0.0
2021-04-23,196.67544555664065,199.32345581054688,196.67544555664065,197.73464965820312,157.1469268798828,20381213,0.0,0.0
2021-04-26,198.1679534912109,199.08273315429688,197.10874938964844,197.68649291992188,157.10867309570312,20652091,0.0,0.0
2021-04-27,197.68649291992188,199.2753143310547,197.44577026367188,197.7827911376953,157.18519592285156,11885588,0.0,0.0
2021-04-28,198.36053466796875,198.8419952392578,197.68649291992188,197.87908935546875,157.26171875,13197445,0.0,0.0
2021-04-29,199.4197540283203,199.85305786132807,196.48284912109372,196.7235870361328,156.3433837890625,13601150,0.0,0.0
2021-04-30,196.3384246826172,198.07167053222656,194.5088806152344,195.0866241455078,155.04241943359375,17130954,0.0,0.0
2021-05-03,193.7385406494141,194.36444091796875,192.5830535888672,193.4978179931641,153.7797393798828,21405441,0.0,0.0
2021-05-04,193.7385406494141,194.8459014892578,191.7164306640625,192.1978759765625,152.7466278076172,18962501,0.0,0.0
2021-05-05,193.97927856445312,194.5088806152344,192.10159301757807,193.9311370849609,154.1241455078125,14396547,0.0,0.0
2021-05-06,194.7977600097656,198.31239318847656,194.60516357421875,195.23106384277344,155.15724182128906,14872429,0.0,0.0
2021-05-07,195.42364501953125,198.7938537597656,195.42364501953125,197.73464965820312,157.1469268798828,20213092,0.0,0.0
2021-05-10,199.4678955078125,199.7567596435547,197.3976287841797,197.9272308349609,157.29994201660156,16922951,0.0,0.0
2021-05-11,196.3384246826172,198.8419952392578,196.1939849853516,196.4347076416016,156.1138153076172,14277000,0.0,0.0
2021-05-12,196.3384246826172,197.6383514404297,195.32736206054688,195.7125244140625,155.5398406982422,17174525,0.0,0.0
2021-05-14,197.3976287841797,205.2935333251953,196.4347076416016,204.37875366210935,162.42723083496094,64021335,0.0,0.0
2021-05-17,208.7600250244141,208.95260620117188,203.80101013183597,204.7157745361328,162.69505310058594,39465392,0.0,0.0
2021-05-18,206.16015625,206.64161682128903,201.87518310546875,202.2603454589844,160.74363708496094,31653409,0.0,0.0
2021-05-19,202.2603454589844,203.56028747558597,199.85305786132807,200.04563903808597,158.98355102539062,25345241,0.0,0.0
2021-05-20,200.7196807861328,201.5381622314453,199.13087463378903,199.32345581054688,158.40960693359375,21688686,0.0,0.0
2021-05-21,199.9011993408203,202.06776428222656,199.7086181640625,201.2974395751953,159.97842407226562,23509878,0.0,0.0
2021-05-24,201.73074340820312,204.1861724853516,200.04563903808597,203.6565704345703,161.85330200195312,29977506,0.0,0.0
2021-05-25,205.1009521484375,205.48611450195312,202.4529266357422,203.07882690429688,161.39414978027344,26310600,0.0,0.0
2021-05-26,203.9454498291016,204.57135009765625,202.50108337402344,202.7899475097656,161.16455078125,18253046,0.0,0.0
2021-05-27,203.17510986328125,206.2082977294922,202.50108337402344,203.31954956054688,161.58544921875,49385674,0.0,0.0
2021-05-28,204.61949157714844,205.5823974609375,203.7047271728516,205.0046539306641,162.92465209960938,26583388,0.0,0.0
2021-05-31,207.0267791748047,209.81922912597656,206.4490203857422,208.56744384765625,165.75611877441406,75852502,0.0,0.0
2021-06-01,209.91552734375,211.26361083984372,206.3045959472656,207.2675018310547,164.72300720214844,40247686,0.0,0.0
2021-06-02,202.69366455078125,204.57135009765625,200.86412048339844,201.2492828369141,159.9401092529297,100377464,0.0,0.0
2021-06-03,202.93438720703125,202.93438720703125,200.9604034423828,201.2974395751953,159.97842407226562,48454441,0.0,0.0
2021-06-04,201.73074340820312,201.9233245849609,200.286376953125,201.0085601806641,159.74884033203125,31286264,0.0,0.0
2021-06-07,202.5973663330078,204.523193359375,202.40478515625,203.60842895507807,161.8150177001953,32643869,0.0,0.0
2021-06-08,204.3306121826172,206.3045959472656,203.36770629882807,205.72683715820312,163.49859619140625,22080199,0.0,0.0
2021-06-09,206.06385803222656,206.7860412597656,203.6565704345703,204.61949157714844,162.61854553222656,25846432,0.0,0.0
2021-06-10,200.9604034423828,203.56028747558597,199.80491638183597,201.5381622314453,164.80076599121094,31902690,5.75,0.0
2021-06-11,202.50108337402344,202.6455078125,200.04563903808597,200.1900787353516,163.69842529296875,22249404,0.0,0.0
2021-06-14,200.23822021484372,200.7196807861328,197.5902099609375,199.61233520507807,163.2259979248047,18358717,0.0,0.0
2021-06-15,199.85305786132807,200.67153930664065,199.32345581054688,199.37159729003903,163.02914428710938,15426377,0.0,0.0
2021-06-16,199.37159729003903,201.5863037109375,199.37159729003903,200.14193725585935,163.6590576171875,20878518,0.0,0.0
2021-06-17,199.2753143310547,200.286376953125,197.3976287841797,198.0235137939453,161.92677307128906,22304032,0.0,0.0
2021-06-18,198.36053466796875,198.7938537597656,194.99034118652344,196.9643096923828,161.0606689453125,24475206,0.0,0.0
2021-06-21,195.56808471679688,198.36053466796875,194.89404296875,196.86802673339844,160.98191833496094,19809308,0.0,0.0
2021-06-22,198.4568328857422,198.6012725830078,196.771728515625,197.4939117431641,161.4937286376953,18737552,0.0,0.0
2021-06-23,198.0235137939453,198.2161102294922,196.04954528808597,196.38656616210935,160.58822631835938,13059519,0.0,0.0
2021-06-24,196.86802673339844,197.06060791015625,195.0384826660156,195.7125244140625,160.03704833984375,23299321,0.0,0.0
2021-06-25,196.4347076416016,197.97537231445312,196.1939849853516,197.44577026367188,161.45436096191406,14411660,0.0,0.0
2021-06-28,198.2642517089844,198.2642517089844,195.80880737304688,196.04954528808597,160.31265258789062,15190488,0.0,0.0
2021-06-29,196.04954528808597,197.68649291992188,195.61622619628903,195.7606658935547,160.07643127441406,13839294,0.0,0.0
2021-06-30,196.7235870361328,196.8198699951172,195.0384826660156,195.18292236328125,159.60398864746094,16556397,0.0,0.0
2021-07-01,195.37550354003903,196.24212646484372,194.6533203125,195.47178649902344,159.84022521972656,10583793,0.0,0.0
2021-07-02,195.7606658935547,196.1458282470703,194.7496032714844,194.89404296875,159.36776733398438,13187847,0.0,0.0
2021-07-05,195.47178649902344,196.531005859375,195.18292236328125,196.09768676757807,160.3520050048828,10642939,0.0,0.0
2021-07-06,195.7125244140625,196.24212646484372,194.7496032714844,194.99034118652344,159.44650268554688,11515716,0.0,0.0
2021-07-07,194.99034118652344,197.5902099609375,194.7977600097656,196.1939849853516,160.43077087402344,18568033,0.0,0.0
2021-07-08,195.9532470703125,196.91616821289065,194.31629943847656,194.5088806152344,159.05282592773438,21730892,0.0,0.0
2021-07-09,194.5088806152344,194.8459014892578,193.44967651367188,193.8829803466797,158.54103088378906,12289809,0.0,0.0
2021-07-12,194.5088806152344,195.0384826660156,193.4978179931641,193.6422576904297,158.3441619873047,13589278,0.0,0.0
2021-07-13,194.5088806152344,194.7014617919922,193.8829803466797,194.36444091796875,158.93472290039062,11247522,0.0,0.0
2021-07-14,194.36444091796875,197.5420684814453,194.22000122070312,196.531005859375,160.70632934570312,21269167,0.0,0.0
2021-07-15,196.8198699951172,200.767822265625,195.37550354003903,198.6012725830078,162.3992462158203,29963443,0.0,0.0
2021-07-16,199.99749755859372,201.87518310546875,199.5160369873047,200.1900787353516,163.69842529296875,30137464,0.0,0.0
2021-07-19,199.13087463378903,201.73074340820312,198.6975555419922,200.04563903808597,163.58030700683594,17099088,0.0,0.0
2021-07-20,200.4789581298828,201.5381622314453,198.74571228027344,199.13087463378903,162.83229064941406,24567907,0.0,0.0
2021-07-22,199.32345581054688,200.527099609375,198.2161102294922,199.32345581054688,162.98976135253906,19016769,0.0,0.0
2021-07-23,199.32345581054688,205.6786956787109,198.8419952392578,204.523193359375,167.24166870117188,46241640,0.0,0.0
2021-07-26,206.06385803222656,207.36380004882807,202.98252868652344,203.31954956054688,166.25743103027344,49084040,0.0,0.0
2021-07-27,204.13803100585935,205.1009521484375,200.23822021484372,200.91226196289065,164.2889862060547,25378089,0.0,0.0
2021-07-28,200.5752410888672,202.2122039794922,199.7567596435547,201.3455810546875,164.64329528808594,15304399,0.0,0.0
2021-07-29,201.3455810546875,202.40478515625,198.0235137939453,198.40869140625,162.24176025390625,16204679,0.0,0.0
2021-07-30,198.4568328857422,199.4197540283203,197.0124664306641,197.34947204589844,161.3756103515625,15515733,0.0,0.0
2021-08-02,198.7938537597656,199.80491638183597,197.8309326171875,199.61233520507807,163.2259979248047,10046707,0.0,0.0
2021-08-03,199.80491638183597,203.07882690429688,198.7938537597656,202.11590576171875,165.27320861816406,19179805,0.0,0.0
2021-08-04,203.07882690429688,203.2714080810547,200.38265991210935,200.86412048339844,164.24960327148438,11421835,0.0,0.0
2021-08-05,200.86412048339844,208.71188354492188,199.22715759277344,207.2675018310547,169.4857177734375,48995450,0.0,0.0
2021-08-06,207.4119415283203,207.98968505859372,204.7157745361328,206.3045959472656,168.6983642578125,24489836,0.0,0.0
2021-08-09,207.0267791748047,209.0970458984375,204.81207275390625,205.87127685546875,168.34400939941406,21142199,0.0,0.0
2021-08-10,206.06385803222656,206.49717712402344,200.81597900390625,202.06776428222656,165.2338409423828,18855165,0.0,0.0
2021-08-11,202.06776428222656,202.7899475097656,199.7567596435547,200.91226196289065,164.2889862060547,16012451,0.0,0.0
2021-08-12,202.4529266357422,206.2564392089844,200.62339782714844,201.1529998779297,164.4857940673828,28758718,0.0,0.0
2021-08-13,202.06776428222656,204.42691040039065,201.44186401367188,203.60842895507807,166.49368286132812,19576945,0.0,0.0
2021-08-16,203.56028747558597,205.3416748046875,202.69366455078125,203.07882690429688,166.0606231689453,11621038,0.0,0.0
2021-08-17,202.98252868652344,203.6565704345703,201.05670166015625,201.44186401367188,164.72201538085938,8161139,0.0,0.0
2021-08-18,201.82704162597656,203.6565704345703,200.62339782714844,201.20114135742188,164.5251922607422,11149120,0.0,0.0
2021-08-20,199.32345581054688,202.88624572753903,199.0345764160156,201.1529998779297,164.4857940673828,20168965,0.0,0.0
2021-08-23,201.73074340820312,202.40478515625,198.36053466796875,198.6494140625,162.43858337402344,10319044,0.0,0.0
2021-08-24,199.32345581054688,199.32345581054688,197.10874938964844,198.11981201171875,162.00550842285156,12971124,0.0,0.0
2021-08-25,198.74571228027344,200.1900787353516,198.36053466796875,198.74571228027344,162.51734924316406,10994627,0.0,0.0
2021-08-26,198.74571228027344,199.17901611328125,196.771728515625,197.0124664306641,161.10003662109375,15407558,0.0,0.0
2021-08-27,197.3976287841797,199.17901611328125,197.30133056640625,198.2642517089844,162.1236572265625,10879860,0.0,0.0
2021-08-30,198.36053466796875,200.4789581298828,198.36053466796875,200.286376953125,163.77716064453125,12550267,0.0,0.0
2021-08-31,200.3345184326172,203.75286865234372,199.56417846679688,203.4639892578125,166.37554931640625,26802390,0.0,0.0
2021-09-01,203.17510986328125,204.42691040039065,201.5381622314453,201.73074340820312,164.958251953125,16867486,0.0,0.0
2021-09-02,201.2492828369141,203.6565704345703,201.2492828369141,201.97146606445312,165.15509033203125,14872714,0.0,0.0
2021-09-03,201.97146606445312,203.4158477783203,201.97146606445312,202.7899475097656,165.82437133789062,10622796,0.0,0.0
2021-09-06,203.17510986328125,203.36770629882807,201.2974395751953,201.5381622314453,164.80076599121094,11041632,0.0,0.0
2021-09-07,203.07882690429688,206.40087890625,202.3566436767578,203.89730834960935,166.72987365722656,38933378,0.0,0.0
2021-09-08,204.37875366210935,205.1009521484375,201.9233245849609,203.4158477783203,166.33619689941406,17897021,0.0,0.0
2021-09-09,203.2232666015625,205.9675750732422,202.74180603027344,204.7639312744141,167.4385223388672,19784972,0.0,0.0
2021-09-13,205.4379730224609,207.1712188720703,203.9454498291016,206.2082977294922,168.61959838867188,16661794,0.0,0.0
2021-09-14,206.93048095703125,209.1933441162109,206.2564392089844,208.0859832763672,170.15501403808594,20377545,0.0,0.0
2021-09-15,209.0489044189453,209.1451873779297,207.31565856933597,207.98968505859372,170.0762939453125,21028598,0.0,0.0
2021-09-16,208.9044647216797,224.9851531982422,208.278564453125,222.19268798828125,181.69029235839844,154986538,0.0,0.0
2021-09-17,224.3592529296875,228.49978637695312,220.6038818359375,222.57786560058597,182.0052490234375,82563658,0.0,0.0
2021-09-20,222.4334259033203,230.4737701416016,221.7112274169922,225.08143615722656,184.05245971679688,73101936,0.0,0.0
2021-09-21,226.2369384765625,233.45880126953125,223.1074676513672,232.5440368652344,190.15472412109372,58854434,0.0,0.0
2021-09-22,234.4698638916016,236.6845703125,231.7736968994141,234.4698638916016,191.72950744628903,54648494,0.0,0.0
2021-09-23,235.9142303466797,236.4919891357422,232.7366180419922,233.50694274902344,190.94212341308597,22630330,0.0,0.0
2021-09-24,234.95132446289065,234.95132446289065,228.88494873046875,229.60714721679688,187.7532196044922,25779310,0.0,0.0
2021-09-27,230.90707397460935,232.8810577392578,226.76654052734372,229.84786987304688,187.9500274658203,23772123,0.0,0.0
2021-09-28,230.9552154541016,232.64031982421875,227.536865234375,228.93310546875,187.2020263671875,16319138,0.0,0.0
2021-09-29,227.2480010986328,232.4477386474609,226.9591217041016,229.27012634277344,187.4776306152344,16045073,0.0,0.0
2021-09-30,231.0033721923828,231.4848175048828,226.52581787109372,227.39244079589844,185.9422149658203,16987893,0.0,0.0
2021-10-01,226.4776611328125,228.21090698242188,224.2629547119141,226.62210083007807,185.3122711181641,16570661,0.0,0.0
2021-10-04,227.2480010986328,229.51084899902344,226.6702423095703,227.82574462890625,186.2965087890625,11098123,0.0,0.0
2021-10-05,227.63316345214844,228.64422607421875,225.8036193847656,225.99620056152344,184.80047607421875,9578825,0.0,0.0
2021-10-06,226.09249877929688,227.63316345214844,222.0482482910156,222.6741485595703,182.083984375,18179336,0.0,0.0
2021-10-07,224.3592529296875,226.2369384765625,223.68521118164065,224.3111114501953,183.4225311279297,10770973,0.0,0.0
2021-10-08,226.0443572998047,226.09249877929688,222.62600708007807,223.1074676513672,182.43829345703125,10114327,0.0,0.0
2021-10-11,223.39633178710935,230.61819458007807,223.1074676513672,229.2219696044922,187.43821716308597,22000303,0.0,0.0
2021-10-12,229.75157165527344,233.9884033203125,229.173828125,232.3514404296875,189.99725341796875,30347455,0.0,0.0
2021-10-13,233.5550994873047,241.59542846679688,231.2440948486328,239.9584808349609,196.2176513671875,52091422,0.0,0.0
2021-10-14,243.85829162597656,252.1393585205078,241.0658264160156,247.0359039306641,202.00494384765625,88696178,0.0,0.0
2021-10-18,251.3208770751953,255.4614105224609,247.8062438964844,252.8134002685547,206.7292938232422,62614961,0.0,0.0
2021-10-19,251.7060394287109,252.8134002685547,235.9623870849609,236.8290100097656,193.6586151123047,61336411,0.0,0.0
2021-10-20,236.8290100097656,239.2844390869141,233.3625030517578,237.45489501953125,194.17041015625,49663940,0.0,0.0
2021-10-21,238.802978515625,239.13999938964844,234.08470153808597,235.6253662109375,192.6743927001953,23385990,0.0,0.0
2021-10-22,235.6253662109375,236.6845703125,225.0332946777344,227.82574462890625,186.2965087890625,36905793,0.0,0.0
2021-10-25,225.41845703125,227.87388610839844,221.95196533203125,224.74441528320312,183.77685546875,23194065,0.0,0.0
2021-10-26,225.41845703125,230.13674926757807,223.97409057617188,227.9220428466797,186.37527465820312,19663381,0.0,0.0
2021-10-27,231.34039306640625,232.3514404296875,227.44058227539065,229.60714721679688,187.7532196044922,26909428,0.0,0.0
2021-10-28,226.38137817382807,227.19985961914065,215.8374481201172,216.75222778320312,177.24154663085938,48064941,0.0,0.0
2021-10-29,216.6559295654297,219.785400390625,214.0560607910156,214.9226837158203,175.74551391601562,27668175,0.0,0.0
2021-11-01,215.8374481201172,219.11135864257807,214.24864196777344,218.43731689453125,178.6194610595703,24090945,0.0,0.0
2021-11-02,219.544677734375,220.74832153320312,216.17446899414065,217.23367309570312,177.63523864746094,14896284,0.0,0.0
2021-11-03,217.6188507080078,218.43731689453125,213.47830200195312,214.20050048828125,175.15493774414062,18530527,0.0,0.0
2021-11-04,216.5114898681641,218.87063598632807,215.6930084228516,218.14845275878903,178.3832550048828,7295341,0.0,0.0
2021-11-08,221.1816253662109,222.14454650878903,217.32997131347656,221.2779235839844,180.94227600097656,21051238,0.0,0.0
2021-11-09,221.32606506347656,222.33712768554688,219.40023803710935,220.2668609619141,180.11550903320312,11964518,0.0,0.0
2021-11-10,219.01507568359372,224.21481323242188,218.7743377685547,222.2889862060547,181.76904296875,13948380,0.0,0.0
2021-11-11,221.8556671142578,222.91488647460935,220.07427978515625,221.4705047607422,181.09976196289065,8448263,0.0,0.0
2021-11-12,222.62600708007807,225.2740173339844,220.6520233154297,224.2629547119141,183.38319396972656,12312123,0.0,0.0
2021-11-15,225.2740173339844,230.13674926757807,224.45553588867188,229.27012634277344,187.4776306152344,40247848,0.0,0.0
2021-11-16,230.1848907470703,230.76263427734372,226.2850799560547,226.7183990478516,185.3910217285156,15241184,0.0,0.0
2021-11-17,227.2480010986328,236.15496826171875,226.91098022460935,230.61819458007807,188.5799560546875,48496295,0.0,0.0
2021-11-18,231.0996551513672,233.9884033203125,227.536865234375,228.6923675537109,187.0051727294922,21005037,0.0,0.0
2021-11-22,229.07752990722656,231.82183837890625,221.0372009277344,222.33712768554688,181.8083953857422,23443628,0.0,0.0
2021-11-23,220.6520233154297,224.07037353515625,220.6520233154297,223.01116943359372,182.3595733642578,13950744,0.0,0.0
2021-11-24,223.82965087890625,224.07037353515625,218.5336151123047,219.25579833984372,179.2887420654297,14684422,0.0,0.0
2021-11-25,218.58175659179688,223.5889129638672,217.37811279296875,222.7222900390625,182.12335205078125,24825493,0.0,0.0
2021-11-26,220.4113006591797,221.5186462402344,214.82638549804688,215.6930084228516,176.37539672851562,28067913,0.0,0.0
2021-11-29,213.7671813964844,215.35598754882807,212.033935546875,213.2857208251953,174.4069366455078,22985358,0.0,0.0
2021-11-30,213.7671813964844,216.8485107421875,211.8413543701172,212.94869995117188,174.13133239746094,24408641,0.0,0.0
2021-12-01,213.7671813964844,215.0189666748047,212.41909790039065,213.6708984375,174.7218780517578,13496307,0.0,0.0
2021-12-02,213.6708984375,217.7632751464844,213.0931396484375,217.08924865722656,177.51712036132812,16517389,0.0,0.0
2021-12-03,216.6559295654297,217.8114318847656,213.14129638671875,213.4301605224609,174.5250244140625,14325920,0.0,0.0
2021-12-06,213.4301605224609,213.9597625732422,209.4340667724609,209.81922912597656,171.57232666015625,13644352,0.0,0.0
2021-12-07,210.7821502685547,213.7190399169922,210.0118103027344,212.46725463867188,173.73764038085938,9246755,0.0,0.0
2021-12-08,212.8042755126953,217.2818298339844,212.8042755126953,216.6077880859375,177.12342834472656,10241656,0.0,0.0
2021-12-09,214.7301025390625,227.68130493164065,214.7301025390625,226.6702423095703,185.3516540527344,39714672,0.0,0.0
2021-12-10,227.44058227539065,230.08859252929688,225.08143615722656,227.3442840576172,185.9028167724609,36517117,0.0,0.0
2021-12-13,229.173828125,229.89601135253903,225.4665985107422,225.89991760253903,184.7217559814453,22903720,0.0,0.0
2021-12-14,226.2850799560547,228.3072052001953,219.11135864257807,220.12242126464844,179.99740600585938,38953007,0.0,0.0
2021-12-15,221.4705047607422,223.5889129638672,215.11526489257807,215.7411651611328,176.41476440429688,35987634,0.0,0.0
2021-12-16,217.6188507080078,217.7632751464844,212.61167907714844,214.63380432128903,175.50926208496094,25131188,0.0,0.0
2021-12-17,214.5375213623047,214.58566284179688,208.71188354492188,209.86737060546875,171.6116943359375,30827201,0.0,0.0
2021-12-20,208.2304229736328,208.2304229736328,202.0196228027344,204.523193359375,167.24166870117188,38778895,0.0,0.0
2021-12-21,206.06385803222656,207.4600830078125,203.2232666015625,204.61949157714844,167.3204345703125,20142586,0.0,0.0
2021-12-22,206.06385803222656,206.2564392089844,203.2714080810547,204.13803100585935,166.92672729492188,17903428,0.0,0.0
2021-12-23,205.9675750732422,210.3488311767578,205.2935333251953,209.24148559570312,171.0998992919922,23065082,0.0,0.0
2021-12-24,209.91552734375,212.274658203125,208.42300415039065,209.91552734375,171.6510772705078,17220191,0.0,0.0
2021-12-27,210.3006896972656,210.3488311767578,207.65267944335935,209.48220825195312,171.29672241210938,8467106,0.0,0.0
2021-12-28,209.91552734375,212.41909790039065,209.91552734375,211.88949584960935,173.2652130126953,12014352,0.0,0.0
2021-12-29,211.8413543701172,212.13023376464844,208.278564453125,208.71188354492188,170.66683959960938,11923119,0.0,0.0
2021-12-30,208.56744384765625,209.81922912597656,207.50823974609372,207.98968505859372,170.0762939453125,10116360,0.0,0.0
2021-12-31,208.8563232421875,210.68585205078125,208.13412475585935,209.9636688232422,171.69039916992188,7875890,0.0,0.0
2022-01-03,209.9636688232422,211.6969146728516,209.0007476806641,210.9747314453125,172.51719665527344,8064567,0.0,0.0
2022-01-04,211.35989379882807,213.47830200195312,210.9265899658203,212.0820770263672,173.42269897460938,9398805,0.0,0.0
2022-01-05,211.50433349609372,213.2857208251953,210.5414123535156,212.37095642089844,173.6588897705078,11663111,0.0,0.0
2022-01-06,210.87843322753903,212.2265167236328,210.1081085205078,210.58956909179688,172.2022247314453,9295303,0.0,0.0
2022-01-07,211.64877319335935,212.46725463867188,209.4340667724609,210.3006896972656,171.9660186767578,9196075,0.0,0.0
2022-01-10,211.74505615234372,216.36705017089844,210.7821502685547,215.0189666748047,175.82424926757812,16451394,0.0,0.0
2022-01-11,215.06712341308597,215.93374633789065,212.99685668945312,213.7190399169922,174.76126098632812,8329596,0.0,0.0
2022-01-12,214.24864196777344,215.35598754882807,213.38201904296875,214.48936462402344,175.39117431640625,13665682,0.0,0.0
2022-01-13,215.5967254638672,217.42626953125,214.48936462402344,215.64486694335935,176.33602905273438,11944029,0.0,0.0
2022-01-14,215.64486694335935,216.46334838867188,214.0560607910156,214.34494018554688,175.2730712890625,10976796,0.0,0.0
2022-01-17,214.34494018554688,217.23367309570312,213.14129638671875,216.2707672119141,176.84783935546875,12792728,0.0,0.0
2022-01-18,216.2707672119141,218.87063598632807,212.13023376464844,212.56353759765625,173.81637573242188,14948456,0.0,0.0
2022-01-19,212.56353759765625,214.15234375,210.58956909179688,212.17837524414065,173.50143432617188,11915686,0.0,0.0
2022-01-20,212.37095642089844,213.91162109375,209.91552734375,210.63771057128903,172.24159240722656,17997322,0.0,0.0
2022-01-21,210.39698791503903,212.32281494140625,207.98968505859372,209.0007476806641,170.90304565429688,17225050,0.0,0.0
2022-01-24,209.0007476806641,209.6747894287109,203.07882690429688,203.9454498291016,166.76925659179688,18023332,0.0,0.0
2022-01-25,204.13803100585935,206.73789978027344,201.7788848876953,206.3527374267578,168.73773193359375,19028606,0.0,0.0
2022-01-27,203.4158477783203,207.50823974609372,203.2714080810547,206.64161682128903,168.97393798828125,24041247,0.0,0.0
2022-01-28,207.12306213378903,211.11917114257807,207.12306213378903,209.5303497314453,171.3361053466797,15865353,0.0,0.0
2022-01-31,210.39698791503903,212.56353759765625,209.0489044189453,212.033935546875,173.38333129882812,15618203,0.0,0.0
2022-02-01,212.8042755126953,220.31500244140625,211.0228729248047,219.30393981933597,179.32810974121094,44871108,0.0,0.0
2022-02-02,221.4705047607422,224.64813232421875,220.5075836181641,223.540771484375,182.7926177978516,42714702,0.0,0.0
2022-02-03,223.540771484375,226.4776611328125,223.2037506103516,225.75547790527344,184.6036376953125,28918394,0.0,0.0
2022-02-04,228.4516448974609,229.65528869628903,222.9630279541016,225.6110382080078,184.4855194091797,58889867,0.0,0.0
2022-02-07,225.3221740722656,226.0443572998047,220.0261383056641,221.6630859375,181.25721740722656,25101983,0.0,0.0
2022-02-08,221.75938415527344,223.68521118164065,220.5557403564453,222.6741485595703,182.083984375,16825239,0.0,0.0
2022-02-09,223.68521118164065,224.3592529296875,220.2668609619141,221.6149444580078,181.2178497314453,12351873,0.0,0.0
2022-02-10,220.21871948242188,224.74441528320312,219.30393981933597,223.63706970214844,182.87136840820312,20317032,0.0,0.0
2022-02-11,223.39633178710935,224.64813232421875,221.2779235839844,223.82965087890625,183.0288543701172,18793513,0.0,0.0
2022-02-14,217.6188507080078,217.6188507080078,210.39698791503903,211.31175231933597,176.94302368164062,23621214,5.25,0.0
2022-02-15,212.8042755126953,215.2115631103516,210.44512939453125,214.7301025390625,179.805419921875,13371177,0.0,0.0
2022-02-16,215.50042724609372,216.36705017089844,213.62274169921875,214.48936462402344,179.60382080078125,11664158,0.0,0.0
2022-02-17,214.7782440185547,216.030029296875,212.6598358154297,214.39308166503903,179.52320861816406,14564261,0.0,0.0
2022-02-18,214.39308166503903,215.1634063720703,213.2857208251953,213.6708984375,178.91848754882812,9004891,0.0,0.0
2022-02-21,212.13023376464844,213.0931396484375,209.0970458984375,209.91552734375,175.77391052246094,16750193,0.0,0.0
2022-02-22,207.0267791748047,208.8563232421875,205.1009521484375,206.88233947753903,173.23403930664062,26741024,0.0,0.0
2022-02-23,208.7600250244141,209.4340667724609,207.07492065429688,207.9415435791016,174.1209716796875,11438476,0.0,0.0
2022-02-24,202.2122039794922,205.3898162841797,199.32345581054688,200.767822265625,168.11402893066406,42933709,0.0,0.0
2022-02-25,203.6565704345703,208.4711456298828,202.74180603027344,206.0157165527344,172.5083770751953,24543858,0.0,0.0
2022-02-28,205.2935333251953,208.42300415039065,202.98252868652344,207.8452606201172,174.0403594970703,20806226,0.0,0.0
2022-03-02,206.4490203857422,208.56744384765625,204.57135009765625,207.31565856933597,173.59690856933594,20039140,0.0,0.0
2022-03-03,208.037841796875,212.033935546875,207.98968505859372,211.26361083984372,176.90272521972656,29631546,0.0,0.0
2022-03-04,209.62664794921875,218.9669189453125,208.95260620117188,217.13739013671875,181.82118225097656,69409780,0.0,0.0
2022-03-07,213.7671813964844,218.58175659179688,211.93765258789065,216.6077880859375,181.37771606445312,47001716,0.0,0.0
2022-03-08,215.5967254638672,219.9779815673828,215.4522857666016,218.4854736328125,182.94998168945312,37424203,0.0,0.0
2022-03-09,219.25579833984372,222.81858825683597,217.7151336669922,220.74832153320312,184.84478759765625,43923809,0.0,0.0
2022-03-10,222.4334259033203,223.87779235839844,219.40023803710935,223.39633178710935,187.06211853027344,37523806,0.0,0.0
2022-03-11,223.300048828125,228.3072052001953,221.6149444580078,227.58502197265625,190.56956481933597,43305144,0.0,0.0
2022-03-14,227.4887237548828,230.57005310058597,226.57395935058597,230.13674926757807,192.70623779296875,36465969,0.0,0.0
2022-03-15,230.13674926757807,232.4477386474609,227.15170288085935,229.0293884277344,191.77899169921875,34269168,0.0,0.0
2022-03-16,231.0996551513672,233.9884033203125,230.2330322265625,233.60324096679688,195.6089324951172,22462538,0.0,0.0
2022-03-17,236.15496826171875,236.2994079589844,233.69952392578125,235.8179473876953,197.46343994140625,35541798,0.0,0.0
2022-03-21,236.7808532714844,238.562255859375,234.7587432861328,235.43276977539065,197.1409149169922,29052540,0.0,0.0
2022-03-22,235.48092651367188,241.4510040283203,234.51800537109372,240.4880828857422,201.37399291992188,38368305,0.0,0.0
2022-03-23,242.12503051757807,244.2915954589844,239.2844390869141,242.65464782714844,203.18817138671875,42051087,0.0,0.0
2022-03-24,242.6064910888672,246.98776245117188,242.12503051757807,245.39895629882807,205.4861297607422,39712133,0.0,0.0
2022-03-25,245.83226013183597,246.2655792236328,240.00662231445312,243.9545745849609,204.27667236328125,30412482,0.0,0.0
2022-03-28,244.5804748535156,248.43212890625,243.1842498779297,247.51736450195312,207.2600250244141,25876007,0.0,0.0
2022-03-29,247.51736450195312,247.9506683349609,244.33973693847656,245.15821838378903,205.2845764160156,18820674,0.0,0.0
2022-03-30,245.63967895507807,246.89146423339844,239.4288787841797,239.9584808349609,200.9305419921875,18281803,0.0,0.0
2022-03-31,240.34364318847656,244.91749572753903,240.2473602294922,241.35470581054688,202.0996551513672,26644916,0.0,0.0
2022-04-01,240.7288055419922,245.88040161132807,239.5733184814453,243.90643310546875,204.2363739013672,14856664,0.0,0.0
2022-04-04,243.7138519287109,248.3358459472656,241.78802490234372,245.9766998291016,205.96990966796875,16520039,0.0,0.0
2022-04-05,246.554443359375,252.1393585205078,245.63967895507807,249.82835388183597,209.19512939453125,28230046,0.0,0.0
2022-04-06,247.9506683349609,253.58372497558597,247.75808715820312,249.9727935791016,209.31607055664065,20352716,0.0,0.0
2022-04-07,248.43212890625,252.47637939453125,246.313720703125,247.1322021484375,206.9374847412109,16679649,0.0,0.0
2022-04-08,248.43212890625,258.8797607421875,246.5063018798828,257.86871337890625,215.92774963378903,39283623,0.0,0.0
2022-04-11,258.7834777832031,263.0202941894531,256.1354675292969,257.579833984375,215.68585205078125,47924937,0.0,0.0
2022-04-12,257.0020751953125,258.68719482421875,253.34300231933597,254.97994995117188,213.5088348388672,24460888,0.0,0.0
2022-04-13,255.4614105224609,260.5648498535156,253.8726043701172,259.5538024902344,217.33876037597656,22239115,0.0,0.0
2022-04-18,258.061279296875,262.3944091796875,257.339111328125,260.0834045410156,217.78224182128903,25339139,0.0,0.0
2022-04-19,261.9129333496094,262.3944091796875,249.2024688720703,251.85047912597656,210.88836669921875,24280577,0.0,0.0
2022-04-20,253.15042114257807,255.60585021972656,247.9988250732422,249.92465209960935,209.27574157714844,25454589,0.0,0.0
2022-04-21,250.069091796875,254.64292907714844,249.9727935791016,250.74313354492188,209.9611053466797,24313956,0.0,0.0
2022-04-22,250.3579559326172,253.2467041015625,248.96173095703125,251.41717529296875,210.52554321289065,16274820,0.0,0.0
2022-04-25,249.2024688720703,249.39505004882807,243.13609313964844,245.78411865234372,205.8086853027344,25140992,0.0,0.0
2022-04-26,247.08404541015625,251.0319976806641,246.7470245361328,249.34690856933597,208.7919769287109,21327644,0.0,0.0
2022-04-27,246.69888305664065,248.91358947753903,246.2655792236328,247.9506683349609,207.62283325195312,17219401,0.0,0.0
2022-04-28,249.8765106201172,253.92074584960935,248.5765686035156,251.41717529296875,210.52554321289065,28999835,0.0,0.0
2022-04-29,253.2467041015625,253.2467041015625,248.91358947753903,249.92465209960935,209.27574157714844,21206335,0.0,0.0
2022-05-02,248.43212890625,254.6910858154297,247.51736450195312,253.39114379882807,212.17843627929688,19696250,0.0,0.0
2022-05-04,254.20962524414065,256.18359375,249.0098876953125,250.1172332763672,209.43702697753903,26951488,0.0,0.0
2022-05-05,252.28379821777344,255.36512756347656,250.74313354492188,252.3319396972656,211.29150390625,18623544,0.0,0.0
2022-05-06,249.39505004882807,257.4353942871094,249.2987518310547,256.7613525390625,215.00050354003903,35818441,0.0,0.0
2022-05-09,256.2799072265625,256.2799072265625,250.8875732421875,253.1985626220703,212.01719665527344,22228031,0.0,0.0
2022-05-10,252.28379821777344,256.9057922363281,249.4913330078125,250.1172332763672,209.43702697753903,18727774,0.0,0.0
2022-05-11,249.39505004882807,252.47637939453125,242.41390991210935,246.16928100585935,206.13119506835935,18012072,0.0,0.0
2022-05-12,245.5433807373047,246.89146423339844,239.91033935546875,243.52127075195312,203.9138641357422,20816708,0.0,0.0
2022-05-13,245.4952392578125,251.1764373779297,245.0619354248047,249.0098876953125,208.50978088378903,12380764,0.0,0.0
2022-05-16,250.309814453125,250.309814453125,243.6175537109375,244.6767578125,204.88140869140625,8502159,0.0,0.0
2022-05-17,245.5433807373047,255.65399169921875,245.35079956054688,254.8836669921875,213.42822265625,18483427,0.0,0.0
2022-05-18,256.1354675292969,257.86871337890625,253.39114379882807,256.9057922363281,215.1214599609375,20978307,0.0,0.0
2022-05-19,252.86154174804688,268.8940734863281,252.86154174804688,265.4275817871094,222.2572326660156,81302807,0.0,0.0
2022-05-20,266.7275085449219,271.8791198730469,266.7275085449219,269.61627197265625,225.7646331787109,33617466,0.0,0.0
2022-05-23,269.61627197265625,270.0495910644531,262.92401123046875,264.3202209472656,221.3299560546875,22535903,0.0,0.0
2022-05-24,264.8016967773437,264.8016967773437,259.98712158203125,260.8056030273437,218.38699340820312,16146766,0.0,0.0
2022-05-25,262.8277282714844,263.74249267578125,260.46856689453125,262.58697509765625,219.87864685058597,15877459,0.0,0.0
2022-05-26,258.302001953125,258.302001953125,254.065185546875,256.8095092773437,220.2839508056641,19129574,6.25,0.0
2022-05-27,259.0242004394531,260.6611633300781,255.2206878662109,259.216796875,222.34884643554688,13986762,0.0,0.0
2022-05-30,260.46856689453125,260.9500427246094,257.6761169433594,259.0723571777344,222.2249755859375,12274291,0.0,0.0
2022-05-31,259.0723571777344,264.3202209472656,256.5206298828125,260.6130065917969,223.5464630126953,24102167,0.0,0.0
2022-06-01,260.6130065917969,263.93505859375,260.1796875,261.7685241699219,224.53765869140625,15265925,0.0,0.0
2022-06-02,260.6611633300781,264.2720947265625,257.9168395996094,263.3573303222656,225.90049743652344,14789457,0.0,0.0
2022-06-03,264.8016967773437,265.4757385253906,261.5277709960937,262.58697509765625,225.23971557617188,12968807,0.0,0.0
2022-06-06,262.2981262207031,265.572021484375,259.6982421875,264.6091003417969,226.9742126464844,11345943,0.0,0.0
2022-06-07,263.0684509277344,264.8016967773437,262.1536865234375,263.74249267578125,226.2308654785156,11245578,0.0,0.0
2022-06-08,263.7906188964844,264.22393798828125,256.3280334472656,257.9649963378906,221.2751007080078,14915091,0.0,0.0
2022-06-09,257.86871337890625,261.62408447265625,255.8947296142578,260.8056030273437,223.71170043945312,10239939,0.0,0.0
2022-06-10,259.0723571777344,260.9500427246094,258.7834777832031,260.1315612792969,223.1334991455078,8693455,0.0,0.0
2022-06-13,256.5206298828125,259.1204833984375,253.2467041015625,254.8355255126953,218.5907287597656,11519902,0.0,0.0
2022-06-14,253.4392852783203,257.5316772460937,253.29486083984372,255.60585021972656,219.25148010253903,7708043,0.0,0.0
2022-06-15,256.1354675292969,257.3872375488281,253.29486083984372,253.6318817138672,217.5582733154297,5254329,0.0,0.0
2022-06-16,257.0983581542969,257.9649963378906,249.8765106201172,251.0319976806641,215.3281707763672,14843837,0.0,0.0
2022-06-17,249.39505004882807,254.35406494140625,248.96173095703125,253.53558349609372,217.47564697265625,17296080,0.0,0.0
2022-06-20,253.53558349609372,256.2799072265625,251.65789794921875,254.3059234619141,218.13645935058597,17738981,0.0,0.0
2022-06-21,255.17254638671875,260.8056030273437,254.3059234619141,259.8908386230469,222.9270477294922,14417711,0.0,0.0
2022-06-22,257.0983581542969,260.2760009765625,255.0762481689453,255.4614105224609,219.12759399414065,11756920,0.0,0.0
2022-06-23,255.65399169921875,257.339111328125,252.66896057128903,255.65399169921875,219.2927703857422,9416459,0.0,0.0
2022-06-24,256.23175048828125,258.3983154296875,255.36512756347656,255.9910125732422,219.5818634033203,7283228,0.0,0.0
2022-06-27,257.0983581542969,260.6130065917969,256.6169128417969,259.93896484375,222.9683074951172,8487729,0.0,0.0
2022-06-28,258.92791748046875,262.1536865234375,258.59088134765625,261.7685241699219,224.53765869140625,11673046,0.0,0.0
2022-06-29,259.2649230957031,264.8016967773437,259.16864013671875,263.8869323730469,226.3547515869141,16635367,0.0,0.0
2022-06-30,263.7906188964844,264.5128173828125,261.9129333496094,263.3573303222656,225.90049743652344,20003893,0.0,0.0
2022-07-01,263.3573303222656,274.43084716796875,261.1426086425781,273.8049621582031,234.86216735839844,36520000,0.0,0.0
2022-07-04,275.0567321777344,282.42303466796875,274.2382507324219,281.074951171875,241.09814453125,41417701,0.0,0.0
2022-07-05,282.1341552734375,282.1341552734375,275.1530456542969,276.2603759765625,236.96836853027344,19283789,0.0,0.0
2022-07-06,275.49005126953125,279.24542236328125,274.7197265625,278.5713806152344,238.95069885253903,18997440,0.0,0.0
2022-07-07,280.2083435058594,282.2785949707031,277.8010559082031,281.12310791015625,241.1394805908203,14326277,0.0,0.0
2022-07-08,282.0378723144531,283.5303955078125,279.6305847167969,282.18231201171875,242.04803466796875,11538313,0.0,0.0
2022-07-11,282.1341552734375,285.93768310546875,281.2193908691406,284.0599975585937,243.65866088867188,12828405,0.0,0.0
2022-07-12,282.1341552734375,284.3970031738281,280.1120300292969,281.8453063964844,241.75897216796875,14616684,0.0,0.0
2022-07-13,282.1341552734375,283.8674011230469,281.8453063964844,283.1452331542969,242.87396240234372,9634877,0.0,0.0
2022-07-14,283.3859558105469,285.35992431640625,278.42694091796875,280.0639038085937,240.23092651367188,13930984,0.0,0.0
2022-07-15,281.1712646484375,283.0970764160156,278.76397705078125,282.66375732421875,242.46096801757807,11450042,0.0,0.0
2022-07-18,284.0599975585937,285.3117980957031,282.8563537597656,284.348876953125,243.9064178466797,11751684,0.0,0.0
2022-07-19,284.0599975585937,284.63775634765625,281.8453063964844,283.6748352050781,243.3282623291016,9542292,0.0,0.0
2022-07-20,283.9637145996094,288.39312744140625,282.7119140625,287.1413269042969,246.3017425537109,16397373,0.0,0.0
2022-07-21,287.9116516113281,290.99298095703125,286.94873046875,288.4412536621094,247.41677856445312,16660697,0.0,0.0
2022-07-22,288.87457275390625,291.2818603515625,287.0450439453125,289.4041748046875,248.2427673339844,10351425,0.0,0.0
2022-07-25,287.9116516113281,291.7151794433594,287.7190856933594,289.93377685546875,248.69700622558597,11050533,0.0,0.0
2022-07-26,289.8374938964844,292.4855041503906,289.3078918457031,291.23370361328125,249.8120574951172,10114261,0.0,0.0
2022-07-27,291.6188659667969,293.68914794921875,289.45233154296875,292.87066650390625,251.21617126464844,9706094,0.0,0.0
2022-07-28,293.5928649902344,293.8817443847656,291.1855773925781,292.1966247558594,250.6380157470703,11256515,0.0,0.0
2022-07-29,293.68914794921875,294.5557861328125,290.17449951171875,291.8114624023437,250.30763244628903,17584873,0.0,0.0
2022-08-01,292.7262268066406,297.3482360839844,291.859619140625,296.096435546875,253.9831695556641,16501510,0.0,0.0
2022-08-02,298.50372314453125,304.9071044921875,296.7704772949219,298.45556640625,256.0067749023437,40483892,0.0,0.0
2022-08-03,299.370361328125,299.370361328125,292.38922119140625,296.7223205566406,254.52001953125,18376724,0.0,0.0
2022-08-04,296.577880859375,298.8407592773437,295.7594299316406,298.02227783203125,255.6350860595703,16514348,0.0,0.0
2022-08-05,298.02227783203125,300.2369689941406,297.6371154785156,299.3222045898437,256.75018310546875,10477269,0.0,0.0
2022-08-08,299.4184875488281,302.3072509765625,298.5518798828125,301.5368957519531,258.6498413085937,8627072,0.0,0.0
2022-08-10,301.5368957519531,302.4516906738281,299.2259216308594,299.6592102050781,257.0391540527344,9267241,0.0,0.0
2022-08-11,301.3924560546875,301.8257751464844,293.97802734375,294.8927917480469,252.95071411132807,11305242,0.0,0.0
2022-08-12,294.8927917480469,297.92596435546875,293.20770263671875,297.10748291015625,254.8503875732422,6669853,0.0,0.0
2022-08-16,297.10748291015625,299.9480895996094,297.10748291015625,299.0333251953125,256.5023498535156,8941455,0.0,0.0
2022-08-17,300.14068603515625,301.6332092285156,299.4666442871094,300.95916748046875,258.1542663574219,8283028,0.0,0.0
2022-08-18,301.3924560546875,304.2812194824219,301.0072937011719,303.9441833496094,260.7147827148437,10264507,0.0,0.0
2022-08-19,304.4256591796875,304.4256591796875,299.6592102050781,300.4295654296875,257.6999816894531,10823811,0.0,0.0
2022-08-22,299.6592102050781,305.244140625,299.4666442871094,302.74053955078125,259.6822814941406,11793184,0.0,0.0
2022-08-23,301.3443298339844,304.2812194824219,300.5258483886719,304.1849365234375,260.9212646484375,9698555,0.0,0.0
2022-08-24,304.0404968261719,307.603271484375,301.44061279296875,302.4516906738281,259.4344787597656,11783894,0.0,0.0
2022-08-25,303.7516174316406,304.6663818359375,300.0444030761719,300.7665710449219,257.9891052246094,8057930,0.0,0.0
2022-08-26,303.0775756835937,303.7034606933594,300.4295654296875,301.2961730957031,258.4433288574219,7224507,0.0,0.0
2022-08-29,298.50372314453125,303.2701416015625,297.3963623046875,301.9220886230469,258.9802551269531,11798961,0.0,0.0
2022-08-30,302.5960998535156,309.48095703125,302.5960998535156,308.6143493652344,264.7206420898437,18516092,0.0,0.0
2022-09-01,307.65142822265625,309.96240234375,304.2812194824219,305.8218688964844,262.32537841796875,13765474,0.0,0.0
2022-09-02,306.8810729980469,312.22528076171875,306.25518798828125,311.1660461425781,266.909423828125,26750910,0.0,0.0
2022-09-05,312.94744873046875,317.3768615722656,311.7438049316406,316.6546630859375,271.617431640625,18144801,0.0,0.0
2022-09-06,317.76202392578125,317.76202392578125,314.2955322265625,315.0177307128906,270.2133178710937,12431779,0.0,0.0
2022-09-07,313.9103698730469,316.12506103515625,313.18817138671875,314.00665283203125,269.3460388183594,8397233,0.0,0.0
2022-09-08,316.7991027832031,318.3397827148437,315.354736328125,317.6657409667969,272.48468017578125,11331350,0.0,0.0
2022-09-09,318.3397827148437,320.93963623046875,317.76202392578125,318.2434997558594,272.9803161621094,9770432,0.0,0.0
2022-09-12,319.6878662109375,320.0730285644531,317.76202392578125,318.628662109375,273.3106689453125,9048240,0.0,0.0
2022-09-13,319.39898681640625,322.5765991210937,318.3397827148437,321.9988708496094,276.2015075683594,10925371,0.0,0.0
2022-09-14,318.7249450683594,326.4282531738281,318.6767883300781,322.91363525390625,276.9862365722656,12739464,0.0,0.0
2022-09-15,323.9246826171875,324.55059814453125,320.5544738769531,321.7099914550781,275.9537658691406,8742900,0.0,0.0
2022-09-16,320.0248718261719,322.1914367675781,317.47314453125,319.0138244628906,273.6410522460937,12973988,0.0,0.0
2022-09-19,316.8954162597656,324.4061584472656,316.8954162597656,323.15435791015625,277.1926574707031,14918717,0.0,0.0
2022-09-20,326.1875305175781,327.0060119628906,322.5765991210937,323.5395202636719,277.5230712890625,9892945,0.0,0.0
2022-09-21,323.5395202636719,332.3983459472656,323.0580749511719,328.3059387207031,281.6115417480469,21800547,0.0,0.0
2022-09-22,328.3540954589844,335.8166809082031,328.2578125,332.25390625,284.9980163574219,25111230,0.0,0.0
2022-09-23,334.613037109375,336.5870361328125,330.5688171386719,333.5538330078125,286.113037109375,23718397,0.0,0.0
2022-09-26,332.0613098144531,333.1205139160156,319.4471435546875,320.265625,274.7148132324219,16829922,0.0,0.0
2022-09-27,322.5765991210937,326.9578857421875,321.6136779785156,322.4321594238281,276.5732116699219,10375837,0.0,0.0
2022-09-28,319.63970947265625,320.93963623046875,312.2734069824219,312.8993225097656,268.3962097167969,16151900,0.0,0.0
2022-09-29,316.7991027832031,322.4803161621094,315.595458984375,320.69891357421875,275.08648681640625,18985406,0.0,0.0
2022-09-30,320.69891357421875,323.2987976074219,317.9064636230469,319.88043212890625,274.3843994140625,12906555,0.0,0.0
2022-10-03,320.5544738769531,320.6507873535156,311.2623596191406,312.36968994140625,267.9419250488281,9462192,0.0,0.0
2022-10-04,316.51025390625,321.6136779785156,315.8362121582031,320.50634765625,274.9212951660156,9142294,0.0,0.0
2022-10-06,322.5765991210937,326.7171325683594,320.21746826171875,324.1654052734375,278.0599670410156,23091432,0.0,0.0
2022-10-07,324.3098449707031,324.3580017089844,319.0138244628906,321.7099914550781,275.9537658691406,10910698,0.0,0.0
2022-10-10,317.76202392578125,319.15826416015625,313.9585266113281,315.6917724609375,270.7914733886719,9750594,0.0,0.0
2022-10-11,316.7991027832031,318.1953430175781,313.0437316894531,314.1992492675781,269.5112609863281,11018577,0.0,0.0
2022-10-12,315.7880554199219,319.15826416015625,312.70672607421875,317.8583068847656,272.6498718261719,10735673,0.0,0.0
2022-10-13,317.7138977050781,319.0138244628906,315.8362121582031,316.46209716796875,271.45220947265625,7546587,0.0,0.0
2022-10-14,319.97674560546875,321.51739501953125,318.5805053710937,319.7841491699219,274.3017883300781,6672357,0.0,0.0
2022-10-17,318.8212280273437,322.3358764648437,317.3768615722656,319.9285888671875,274.4257202148437,7195922,0.0,0.0
2022-10-18,321.5655517578125,328.3540954589844,321.1803894042969,327.6800537109375,281.0746765136719,21691854,0.0,0.0
2022-10-19,330.376220703125,334.5649108886719,327.1986083984375,333.5057067871094,286.07177734375,16923690,0.0,0.0
2022-10-20,334.131591796875,337.93511962890625,332.01318359375,336.7314758300781,288.8387756347656,19186222,0.0,0.0
2022-10-21,340.1016540527344,340.1016540527344,331.72430419921875,332.78350830078125,285.4522705078125,28426343,0.0,0.0
2022-10-24,336.00927734375,336.7314758300781,334.131591796875,334.8056335449219,287.18682861328125,3292671,0.0,0.0
2022-10-25,336.49072265625,336.53887939453125,330.90582275390625,333.4575500488281,286.030517578125,17906260,0.0,0.0
2022-10-27,333.7945556640625,335.4315185546875,331.0984191894531,332.9761047363281,285.6175231933594,19273344,0.0,0.0
2022-10-28,334.66119384765625,335.6722412109375,332.30206298828125,332.9761047363281,285.6175231933594,13572499,0.0,0.0
2022-10-31,335.0945129394531,337.5018005371094,331.96502685546875,335.7685546875,288.01275634765625,14358449,0.0,0.0
2022-11-01,336.29815673828125,337.5018005371094,334.3241882324219,336.53887939453125,288.67352294921875,20422565,0.0,0.0
2022-11-02,335.5759582519531,343.0385437011719,335.5759582519531,341.4978942871094,292.92724609375,17427813,0.0,0.0
2022-11-03,340.8720092773437,345.2051086425781,339.9090881347656,340.5831298828125,292.1426086425781,11149636,0.0,0.0
2022-11-04,340.8720092773437,342.7978210449219,339.4276123046875,340.48681640625,292.0599975585937,8709851,0.0,0.0
2022-11-07,341.8348999023437,343.1348571777344,337.02032470703125,340.3905334472656,291.9773864746094,10437370,0.0,0.0
2022-11-09,340.3905334472656,348.04571533203125,340.1016540527344,347.3235168457031,297.92431640625,21404869,0.0,0.0
2022-11-10,345.68658447265625,346.5531921386719,340.9682922363281,342.7978210449219,294.04229736328125,20071989,0.0,0.0
2022-11-11,346.64947509765625,347.56427001953125,341.4978942871094,343.1348571777344,294.33135986328125,11372654,0.0,0.0
2022-11-14,343.1348571777344,343.71258544921875,333.7464294433594,334.3241882324219,286.7738342285156,18319254,0.0,0.0
2022-11-15,336.00927734375,336.00927734375,326.5726928710937,332.4465026855469,285.1632385253906,16046491,0.0,0.0
2022-11-16,332.8797912597656,333.9871520996094,328.97998046875,331.3391418457031,284.2133483886719,7897812,0.0,0.0
2022-11-17,331.3391418457031,334.5649108886719,329.894775390625,330.9539794921875,283.8829650878906,10379179,0.0,0.0
2022-11-18,330.9539794921875,331.96502685546875,327.1986083984375,328.4022521972656,281.6941223144531,8140173,0.0,0.0
2022-11-21,326.5245666503906,327.39117431640625,321.9988708496094,324.69500732421875,278.5141906738281,9553090,0.0,0.0
2022-11-22,324.50244140625,328.3540954589844,323.2506408691406,327.63189697265625,281.03338623046875,6746019,0.0,0.0
2022-11-23,329.3170166015625,329.3170166015625,324.98388671875,327.1986083984375,280.6617431640625,8067471,0.0,0.0
2022-11-24,327.1986083984375,329.7984619140625,325.03204345703125,328.1133728027344,281.4464111328125,8454385,0.0,0.0
2022-11-25,328.3540954589844,329.2207336425781,325.27276611328125,327.6800537109375,281.0746765136719,7200274,0.0,0.0
2022-11-28,327.39117431640625,329.0762939453125,326.1875305175781,327.4393310546875,280.8681945800781,10284123,0.0,0.0
2022-11-29,327.39117431640625,332.20574951171875,327.39117431640625,329.6058959960937,282.72662353515625,10582296,0.0,0.0
2022-11-30,328.5948181152344,331.38726806640625,326.4282531738281,327.39117431640625,280.826904296875,23425220,0.0,0.0
2022-12-01,329.02813720703125,329.02813720703125,324.3098449707031,326.9578857421875,280.45526123046875,17270904,0.0,0.0
2022-12-02,326.7652893066406,328.1615295410156,324.26171875,324.6468811035156,278.47296142578125,8711914,0.0,0.0
2022-12-05,325.1283264160156,326.2838439941406,321.75811767578125,324.26171875,278.1425476074219,10090597,0.0,0.0
2022-12-06,321.7099914550781,325.6579284667969,321.7099914550781,324.79132080078125,278.5968322753906,6571118,0.0,0.0
2022-12-07,325.9468078613281,328.8355407714844,324.1654052734375,327.48748779296875,280.9095458984375,10191144,0.0,0.0
2022-12-08,327.5837707519531,329.4614562988281,324.98388671875,325.8505249023437,279.50537109375,6439244,0.0,0.0
2022-12-09,327.15045166015625,329.7984619140625,325.4653625488281,328.7392578125,281.9832458496094,8445424,0.0,0.0
2022-12-12,328.3540954589844,331.24285888671875,327.48748779296875,330.4725036621094,283.469970703125,11646572,0.0,0.0
2022-12-13,331.72430419921875,333.1686706542969,329.7021789550781,332.78350830078125,285.4522705078125,11105261,0.0,0.0
2022-12-14,333.1686706542969,334.4685974121094,331.0021057128906,332.5909118652344,285.287109375,7664099,0.0,0.0
2022-12-15,331.96502685546875,333.26495361328125,325.4653625488281,326.2838439941406,279.8770751953125,8469001,0.0,0.0
2022-12-16,324.98388671875,326.3319702148437,319.0138244628906,322.67291259765625,276.7797241210937,12907968,0.0,0.0
2022-12-19,324.3098449707031,329.6540222167969,322.91363525390625,327.8726501464844,281.2398986816406,8113695,0.0,0.0
2022-12-20,327.4393310546875,328.3059387207031,324.26171875,327.5356140136719,280.9508361816406,5693354,0.0,0.0
2022-12-21,328.3540954589844,328.5948181152344,322.0951538085937,322.7210388183594,276.82098388671875,7316532,0.0,0.0
2022-12-22,323.2025146484375,324.8876037597656,317.6657409667969,320.1211853027344,274.5909423828125,6838031,0.0,0.0
2022-12-23,318.628662109375,319.5915832519531,313.28448486328125,314.5844116210937,269.84161376953125,10461859,0.0,0.0
2022-12-26,314.3918151855469,322.67291259765625,313.4289245605469,322.1914367675781,276.36669921875,9934633,0.0,0.0
2022-12-27,323.15435791015625,323.9246826171875,317.9064636230469,320.79522705078125,275.1690979003906,6986433,0.0,0.0
2022-12-28,320.50634765625,322.5765991210937,319.2063903808594,321.9988708496094,276.2015075683594,8035558,0.0,0.0
2022-12-29,321.9507141113281,323.2987976074219,319.2545471191406,322.91363525390625,276.9862365722656,8417520,0.0,0.0
2022-12-30,322.9617614746094,324.26171875,318.2434997558594,319.2545471191406,273.8475341796875,7228324,0.0,0.0
2023-01-02,318.628662109375,321.6136779785156,317.4250183105469,320.50634765625,274.9212951660156,6181118,0.0,0.0
2023-01-03,319.2063903808594,320.98779296875,318.00274658203125,318.8212280273437,273.475830078125,6228015,0.0,0.0
2023-01-04,319.5434265136719,320.1693115234375,313.9103698730469,314.873291015625,270.08941650390625,6947412,0.0,0.0
2023-01-05,316.46209716796875,321.51739501953125,316.0287780761719,321.0840759277344,275.4168701171875,8486143,0.0,0.0
2023-01-06,322.2877197265625,325.03204345703125,320.7470703125,322.624755859375,276.7384338378906,8603181,0.0,0.0
2023-01-09,324.45428466796875,328.6429748535156,323.6839599609375,325.51348876953125,279.2162780761719,11027747,0.0,0.0
2023-01-10,325.3690490722656,325.8505249023437,320.21746826171875,321.03594970703125,275.3755798339844,7217255,0.0,0.0
2023-01-11,322.67291259765625,322.67291259765625,319.0138244628906,319.4952697753906,274.0539855957031,4760847,0.0,0.0
2023-01-12,321.03594970703125,321.228515625,315.9324951171875,317.6175842285156,272.4433898925781,6894087,0.0,0.0
2023-01-13,317.6175842285156,319.9285888671875,314.2955322265625,316.5583801269531,271.53485107421875,14967746,0.0,0.0
2023-01-16,318.0990600585937,319.88043212890625,315.40289306640625,317.9546203613281,272.73248291015625,8571826,0.0,0.0
2023-01-17,317.9546203613281,321.1322326660156,316.8954162597656,319.9285888671875,274.4257202148437,14240647,0.0,0.0
2023-01-18,321.6136779785156,324.0691223144531,320.0730285644531,322.2395935058594,276.40802001953125,13039078,0.0,0.0
2023-01-19,321.6136779785156,323.2025146484375,319.350830078125,319.8323059082031,274.3431396484375,8667564,0.0,0.0
2023-01-20,319.6878662109375,322.7691955566406,317.03985595703125,322.1914367675781,276.36669921875,13608325,0.0,0.0
2023-01-23,323.5395202636719,325.6098022460937,320.69891357421875,325.224609375,278.96844482421875,7399204,0.0,0.0
2023-01-24,325.27276611328125,328.1133728027344,325.0802001953125,326.380126953125,279.95965576171875,12776694,0.0,0.0
2023-01-25,326.3319702148437,328.3540954589844,322.8173217773437,326.66900634765625,280.2074584960937,12978859,0.0,0.0
2023-01-27,329.1244201660156,335.9129943847656,328.8355407714844,333.1686706542969,285.7826538085937,21850457,0.0,0.0
2023-01-30,334.0353088378906,338.7054443359375,329.1725769042969,332.01318359375,284.79156494140625,14634225,0.0,0.0
2023-01-31,333.1686706542969,341.8348999023437,328.4022521972656,339.2831726074219,291.02752685546875,17794183,0.0,0.0
2023-02-01,339.9090881347656,352.1380920410156,316.8954162597656,347.99755859375,298.50244140625,67003785,0.0,0.0
2023-02-02,348.1901550292969,370.4335021972656,347.03466796875,364.5597229003906,312.70904541015625,57892084,0.0,0.0
2023-02-03,367.7373352050781,368.0743408203125,358.2044677734375,366.53369140625,314.4022521972656,23153980,0.0,0.0
2023-02-06,368.3150939941406,373.8037109375,365.5226135253906,369.18170166015625,316.6736755371094,26783409,0.0,0.0
2023-02-07,369.66314697265625,369.66314697265625,354.7861328125,359.4081115722656,308.2901611328125,21438758,0.0,0.0
2023-02-08,360.85247802734375,363.3079223632813,357.7711486816406,361.6228332519531,310.1898498535156,10821785,0.0,0.0
2023-02-09,360.1303100585937,365.9078063964844,358.3489074707031,360.37103271484375,309.1160888671875,12318006,0.0,0.0
2023-02-10,358.3970642089844,362.9708862304688,356.5675048828125,357.5785827636719,306.7207946777344,10674456,0.0,0.0
2023-02-13,359.1673889160156,361.2376403808594,356.27862548828125,360.3228759765625,309.0748291015625,10282470,0.0,0.0
2023-02-14,361.0932312011719,373.2741088867188,359.8895568847656,372.11859130859375,319.1927795410156,30246745,0.0,0.0
2023-02-15,367.5928955078125,368.652099609375,364.5115661621094,368.0262145996094,320.8559265136719,12679568,6.0,0.0
2023-02-16,367.8336181640625,370.9631042480469,366.8706970214844,368.36322021484375,321.1497497558594,10151755,0.0,0.0
2023-02-17,366.9188537597656,370.2890625,365.18560791015625,369.18170166015625,321.8633728027344,7967611,0.0,0.0
2023-02-20,370.4335021972656,373.1296691894531,367.1595764160156,369.8075866699219,322.40899658203125,8105569,0.0,0.0
2023-02-21,370.7223815917969,371.5889892578125,367.5447387695313,368.0743408203125,320.8978881835937,8577674,0.0,0.0
2023-02-22,367.8336181640625,370.6260681152344,365.9078063964844,369.6150207519531,322.2411499023437,9306194,0.0,0.0
2023-02-23,370.1927795410156,379.38861083984375,368.892822265625,373.2259521484375,325.38922119140625,19555814,0.0,0.0
2023-02-24,374.5740356445313,374.5740356445313,366.8706970214844,370.8186645507813,323.2904968261719,13407431,0.0,0.0
2023-02-27,370.8186645507813,372.4556274414063,364.0782470703125,368.0262145996094,320.8559265136719,8455904,0.0,0.0
2023-02-28,368.3150939941406,370.0001831054688,361.0932312011719,362.7301635742188,316.2387390136719,16997837,0.0,0.0
2023-03-01,360.37103271484375,366.29296875,359.7451477050781,364.656005859375,317.9176940917969,8065784,0.0,0.0
2023-03-02,365.4263305664063,365.66705322265625,360.8043518066406,361.6228332519531,315.2732849121094,5212922,0.0,0.0
2023-03-03,363.01904296875,371.1075439453125,362.1524353027344,370.6742248535156,323.1645812988281,8495772,0.0,0.0
2023-03-06,371.5889892578125,377.9442443847656,370.9631042480469,373.7555541992188,325.85089111328125,11126980,0.0,0.0
2023-03-08,373.6111145019531,378.5701293945313,370.8186645507813,377.8479309082031,329.41876220703125,9261146,0.0,0.0
2023-03-09,377.55908203125,379.0034484863281,371.3482666015625,373.1296691894531,325.3052673339844,10005328,0.0,0.0
2023-03-10,372.6000671386719,375.7295227050781,369.2779846191406,373.6111145019531,325.7250061035156,8684320,0.0,0.0
2023-03-13,374.7666015625,376.403564453125,368.3150939941406,369.4224243164063,322.0732116699219,9130473,0.0,0.0
2023-03-14,371.39642333984375,372.11859130859375,363.2116394042969,365.6189270019531,318.7572021484375,10623744,0.0,0.0
2023-03-15,366.8706970214844,370.04833984375,363.9819641113281,365.3300476074219,318.5053405761719,8748113,0.0,0.0
2023-03-16,366.4855346679688,368.170654296875,362.8746032714844,367.3040161132813,320.2262878417969,16315136,0.0,0.0
2023-03-17,370.7223815917969,370.7223815917969,355.9416198730469,361.6228332519531,315.2732849121094,50787703,0.0,0.0
2023-03-20,359.4562683105469,365.2818908691406,358.2044677734375,364.7522888183594,318.00164794921875,10512002,0.0,0.0
2023-03-21,364.7522888183594,364.7522888183594,360.1784362792969,362.9708862304688,316.4485778808594,12057999,0.0,0.0
2023-03-22,362.9708862304688,364.8004455566406,360.3228759765625,363.7412414550781,317.1202087402344,4958761,0.0,0.0
2023-03-23,363.01904296875,368.5558166503906,360.5154724121094,366.53369140625,319.5547180175781,10127917,0.0,0.0
2023-03-24,367.3521728515625,368.7965393066406,363.9819641113281,364.656005859375,317.9176940917969,10317108,0.0,0.0
2023-03-27,363.9338073730469,370.1446228027344,362.3931579589844,366.1003723144531,319.17694091796875,11232922,0.0,0.0
2023-03-28,366.1003723144531,368.170654296875,364.12640380859375,365.66705322265625,318.7991638183594,9523719,0.0,0.0
2023-03-29,366.1003723144531,369.7594604492188,363.1634826660156,368.5558166503906,321.31768798828125,10551626,0.0,0.0
2023-03-31,367.8336181640625,370.2409057617188,365.9078063964844,369.2779846191406,321.947265625,9877493,0.0,0.0
2023-04-03,369.7594604492188,369.7594604492188,364.4634094238281,364.84857177734375,318.0855712890625,7331070,0.0,0.0
2023-04-05,364.84857177734375,372.69635009765625,364.84857177734375,372.0704650878906,324.3818359375,12055499,0.0,0.0
2023-04-06,372.3111877441406,375.8258056640625,369.9520263671875,372.9852294921875,325.1793518066406,13394394,0.0,0.0
2023-04-10,372.9852294921875,375.5369567871094,370.4816284179688,374.1407165527344,326.186767578125,7044256,0.0,0.0
2023-04-11,374.1407165527344,383.3365478515625,373.6111145019531,381.3144226074219,332.4410095214844,18939829,0.0,0.0
2023-04-12,382.9995422363281,383.0476989746094,377.55908203125,378.9552917480469,330.3842163085937,10122932,0.0,0.0
2023-04-13,380.8329772949219,381.8921813964844,379.0997314453125,380.9292602539063,332.1051940917969,6292395,0.0,0.0
2023-04-17,378.3294067382813,387.0919189453125,378.3294067382813,385.310546875,335.9249572753906,11466474,0.0,0.0
2023-04-18,385.1661071777344,387.0919189453125,382.27734375,383.7217102050781,334.53973388671875,9860308,0.0,0.0
2023-04-19,381.3625793457031,386.4660339355469,381.3144226074219,383.9624633789063,334.7496337890625,10119480,0.0,0.0
2023-04-20,385.1661071777344,387.71783447265625,382.9513854980469,385.4549865722656,336.0509033203125,6924577,0.0,0.0
2023-04-21,385.4549865722656,393.8323364257813,384.2513427734375,393.1101379394531,342.724853515625,14801099,0.0,0.0
2023-04-24,394.7952575683594,394.7952575683594,389.2103271484375,393.54345703125,343.10260009765625,6212135,0.0,0.0
2023-04-25,393.54345703125,398.2135925292969,392.2916564941406,396.2877807617188,345.4952087402344,9180650,0.0,0.0
2023-04-26,396.7210693359375,397.6839904785156,393.8804931640625,396.9618225097656,346.08282470703125,7914219,0.0,0.0
2023-04-27,396.9136657714844,401.92083740234375,395.7581787109375,400.57275390625,349.2309265136719,13100076,0.0,0.0
2023-04-28,402.4985656738281,412.3684387207031,398.3580322265625,409.7685852050781,357.2481689453125,13208557,0.0,0.0
2023-05-02,410.201904296875,411.164794921875,405.5798950195313,408.7093811035156,356.32470703125,10648421,0.0,0.0
2023-05-03,408.2760620117188,412.6091918945313,406.39837646484375,411.3092346191406,358.59136962890625,7607609,0.0,0.0
2023-05-04,409.5278625488281,411.164794921875,408.2760620117188,408.8538208007813,356.4506225585937,8292456,0.0,0.0
2023-05-05,410.15374755859375,415.8830871582031,408.6130981445313,412.8499145507813,359.9345092773437,12890455,0.0,0.0
2023-05-08,415.0164794921875,417.3756103515625,413.42767333984375,415.4497680664063,362.201171875,7522610,0.0,0.0
2023-05-09,416.7497253417969,417.0867309570313,405.8687744140625,408.0834655761719,355.7790222167969,10377820,0.0,0.0
2023-05-10,408.2279052734375,410.5389099121094,406.5428161621094,409.5759887695313,357.0802001953125,10130159,0.0,0.0
2023-05-11,411.4055480957031,411.5499877929688,403.3652038574219,404.8095703125,352.9247436523437,16597954,0.0,0.0
2023-05-12,404.8095703125,407.0242614746094,400.6208801269531,404.8577270507813,352.9667358398437,11564770,0.0,0.0
2023-05-15,404.4244079589844,412.8017578125,403.5096435546875,411.9351501464844,359.13702392578125,9503538,0.0,0.0
2023-05-16,414.0535583496094,414.0535583496094,407.7946166992188,408.2279052734375,355.90496826171875,8302077,0.0,0.0
2023-05-17,408.4205017089844,413.04248046875,406.927978515625,411.7425537109375,358.9691162109375,9844782,0.0,0.0
2023-05-18,414.0535583496094,416.4126892089844,402.5948791503906,404.1355285644531,352.3371276855469,24919291,0.0,0.0
2023-05-19,405.3391723632813,407.4094543457031,396.0951843261719,404.2799682617188,352.4630432128906,26759905,0.0,0.0
2023-05-22,406.3020935058594,409.9611511230469,403.5577697753906,408.9982604980469,356.5765686035156,16015615,0.0,0.0
2023-05-23,410.201904296875,415.20904541015625,408.4686584472656,413.2350769042969,360.2703552246094,9068926,0.0,0.0
2023-05-24,412.4165954589844,418.6274108886719,411.164794921875,417.42376708984375,363.9221496582031,11921823,0.0,0.0
2023-05-25,420.7458190917969,426.0418395996094,418.675537109375,424.7900695800781,370.3443298339844,18905572,0.0,0.0
2023-05-26,426.9566040039063,428.2565612792969,423.2012634277344,427.1492004394531,372.4010620117188,13496209,0.0,0.0
2023-05-29,428.4972839355469,435.0451049804688,427.6306457519531,432.4452209472656,377.018310546875,20589822,0.0,0.0
2023-05-30,424.6456298828125,434.7080993652344,424.6456298828125,433.215576171875,386.1734619140625,19627897,9.5,0.0
2023-05-31,432.6378173828125,435.2377014160156,426.0418395996094,428.9787292480469,382.3966674804688,14821960,0.0,0.0
2023-06-01,430.4231262207031,430.4231262207031,422.71978759765625,423.3938293457031,377.418212890625,9142172,0.0,0.0
2023-06-02,423.6827087402344,428.4010009765625,423.4901123046875,426.9566040039063,380.5940856933594,9558309,0.0,0.0
2023-06-05,428.4972839355469,430.2786865234375,423.7789916992188,424.30859375,378.2336120605469,7427630,0.0,0.0
2023-06-06,424.4530334472656,427.1492004394531,424.06787109375,426.3788757324219,380.0791015625,6703067,0.0,0.0
2023-06-07,427.5343627929688,429.1231689453125,426.3307189941406,427.4862365722656,381.0662231445313,7833952,0.0,0.0
2023-06-08,429.17132568359375,429.219482421875,425.5122375488281,426.4751586914063,380.1649475097656,7294955,0.0,0.0
2023-06-09,419.0125732421875,428.2084045410156,419.0125732421875,422.190185546875,376.3452758789063,7329661,0.0,0.0
2023-06-12,423.6827087402344,424.5974731445313,417.7607727050781,420.7458190917969,375.0577697753906,9054977,0.0,0.0
2023-06-13,424.6456298828125,429.8453674316406,422.0457458496094,428.8824462890625,382.3108520507813,16732376,0.0,0.0
2023-06-14,429.700927734375,431.1452941894531,427.2936401367188,428.0158386230469,381.5382995605469,9039402,0.0,0.0
2023-06-15,428.4972839355469,432.1082153320313,428.2565612792969,431.4823303222656,384.6283874511719,7787525,0.0,0.0
2023-06-16,432.3489379882813,438.7041931152344,431.2897338867188,436.2969055175781,388.9201354980469,12181426,0.0,0.0
2023-06-19,437.8857116699219,438.9930725097656,435.4784240722656,436.7783508300781,389.3493347167969,4350517,0.0,0.0
2023-06-20,437.933837890625,437.933837890625,433.456298828125,436.0561828613281,388.70556640625,4644353,0.0,0.0
2023-06-21,435.2377014160156,437.3561096191406,428.5454406738281,430.4712524414063,383.7271423339844,6292873,0.0,0.0
2023-06-22,431.3860168457031,432.974853515625,429.3157653808594,431.0490112304688,384.24212646484375,6892713,0.0,0.0
2023-06-23,430.9045715332031,431.0490112304688,426.2825927734375,428.2565612792969,381.7528991699219,6325479,0.0,0.0
2023-06-26,430.3268127441406,434.6599426269531,427.5343627929688,429.17132568359375,382.5683288574219,5688287,0.0,0.0
2023-06-27,429.5564880371094,430.6156921386719,426.71588134765625,428.5935668945313,382.0533142089844,5052984,0.0,0.0
2023-06-28,428.4972839355469,433.8896179199219,428.0158386230469,432.68597412109375,385.7013549804688,12548096,0.0,0.0
2023-06-30,433.3118591308594,435.1895446777344,430.0379333496094,434.8525390625,387.6326599121094,9456776,0.0,0.0
2023-07-03,434.8525390625,448.67034912109375,433.3600158691406,446.0704956054688,397.6324157714844,11111199,0.0,0.0
2023-07-04,447.7555847167969,450.6443481445313,442.7484436035156,449.0555114746094,400.2933349609375,8022597,0.0,0.0
2023-07-05,449.0555114746094,462.8252258300781,447.08154296875,457.4810180664063,407.8039245605469,16878943,0.0,0.0
2023-07-06,459.6475830078125,459.69573974609375,453.0516357421875,456.3255310058594,406.7738952636719,9835812,0.0,0.0
2023-07-07,455.45892333984375,457.8662109375,450.2591552734375,451.0295104980469,402.052978515625,7605499,0.0,0.0
2023-07-10,452.5701599121094,453.4367980957031,446.5037841796875,448.5740661621094,399.8641662597656,6772454,0.0,0.0
2023-07-11,448.718505859375,456.951416015625,448.718505859375,455.6033630371094,406.1301879882813,8783282,0.0,0.0
2023-07-12,460.0327453613281,460.0327453613281,453.0034790039063,454.7848815917969,405.4005737304688,12816220,0.0,0.0
2023-07-13,456.3255310058594,459.0698547363281,453.5330810546875,454.4960021972656,405.1430358886719,8214385,0.0,0.0
2023-07-14,455.45892333984375,457.3847351074219,453.8700866699219,455.3626098632813,405.9155578613281,5277090,0.0,0.0
2023-07-17,456.9032897949219,458.1550598144531,453.1479187011719,454.8330078125,405.4434509277344,6325310,0.0,0.0
2023-07-18,455.0256042480469,456.6144104003906,453.5330810546875,454.9774475097656,405.57220458984375,5558415,0.0,0.0
2023-07-19,455.2181701660156,462.6326293945313,450.7406311035156,461.0919799804688,411.0227661132813,14401395,0.0,0.0
2023-07-20,462.10302734375,475.3912658691406,458.6365356445313,473.8987426757813,422.4388427734375,21030102,0.0,0.0
2023-07-21,473.5617065429688,479.242919921875,468.9397277832031,472.26177978515625,420.9796752929688,14510084,0.0,0.0
2023-07-24,475.1505126953125,481.1687622070313,450.7887573242188,453.8700866699219,404.5850830078125,40477929,0.0,0.0
2023-07-25,450.5480346679688,451.1257934570313,438.5115966796875,445.1557312011719,396.8170166015625,45211370,0.0,0.0
2023-07-26,447.6593017578125,455.45892333984375,444.91497802734375,454.7367248535156,405.3576354980469,18842179,0.0,0.0
2023-07-27,456.8070068359375,457.5291748046875,444.0002136230469,447.8037414550781,399.177490234375,14528232,0.0,0.0
2023-07-28,450.35546875,452.0405578613281,446.2149353027344,451.07763671875,402.0959167480469,10362522,0.0,0.0
2023-07-31,451.6072387695313,452.2812805175781,446.3112182617188,448.42962646484375,399.7353820800781,8510403,0.0,0.0
2023-08-01,448.718505859375,451.4627990722656,446.60009765625,447.5630187988281,398.962890625,6686176,0.0,0.0
2023-08-02,447.3704223632813,447.5630187988281,441.0151672363281,443.0372924804688,394.9285888671875,10715605,0.0,0.0
2023-08-03,443.0372924804688,446.5519409179688,437.452392578125,439.1375122070313,391.4522705078125,11026824,0.0,0.0
2023-08-04,439.3782348632813,444.2890930175781,437.40423583984375,438.0782775878906,390.5080871582031,7097614,0.0,0.0
2023-08-07,437.25982666015625,439.6189575195313,434.22662353515625,438.0301513671875,390.4652099609375,9513953,0.0,0.0
2023-08-08,440.0522766113281,440.0522766113281,434.3229064941406,435.57470703125,388.2763671875,6638681,0.0,0.0
2023-08-09,435.57470703125,442.8447265625,430.3268127441406,441.6410827636719,393.68402099609375,10134166,0.0,0.0
2023-08-10,441.8818054199219,442.2669677734375,432.3489379882813,434.9969482421875,387.7613830566406,13702317,0.0,0.0
2023-08-11,437.0672302246094,437.0672302246094,428.2565612792969,432.1082153320313,385.186279296875,12028396,0.0,0.0
2023-08-14,432.1082153320313,434.5155029296875,428.5454406738281,432.5415344238281,385.5725708007813,7854074,0.0,0.0
2023-08-16,434.2747802734375,440.43743896484375,431.57861328125,433.5525817871094,386.4738464355469,15494896,0.0,0.0
2023-08-17,433.3118591308594,433.3118591308594,423.6827087402344,424.6456298828125,378.5340576171875,16896158,0.0,0.0
2023-08-18,424.6456298828125,426.9084777832031,422.23834228515625,425.2715148925781,379.0919799804688,20068497,0.0,0.0
2023-08-21,425.6085510253906,431.8674926757813,424.9826354980469,431.1934509277344,384.3709106445313,9940689,0.0,0.0
2023-08-22,432.3489379882813,438.2708740234375,430.4231262207031,437.40423583984375,389.9072570800781,10234488,0.0,0.0
2023-08-23,438.7041931152344,438.7523193359375,431.9637756347656,433.74517822265625,386.6455078125,8770272,0.0,0.0
2023-08-24,433.8896179199219,436.68206787109375,432.6378173828125,434.1784973144531,387.0317687988281,6322751,0.0,0.0
2023-08-25,434.1784973144531,434.2747802734375,425.65667724609375,426.9084777832031,380.5512390136719,9628041,0.0,0.0
2023-08-28,428.4972839355469,430.2786865234375,424.6456298828125,425.0307922363281,378.8774108886719,7176903,0.0,0.0
2023-08-29,426.5233154296875,427.5343627929688,422.9123840332031,423.7789916992188,377.7615661621094,9845106,0.0,0.0
2023-08-30,424.6456298828125,427.5343627929688,424.1641540527344,426.3788757324219,380.0791015625,7648569,0.0,0.0
2023-08-31,426.5714416503906,428.4010009765625,419.9273376464844,423.3938293457031,377.418212890625,20666732,0.0,0.0
2023-09-01,423.6827087402344,428.4972839355469,422.0457458496094,424.6937561035156,378.5769958496094,11879159,0.0,0.0
2023-09-04,426.9084777832031,426.9084777832031,420.4569396972656,421.2754211425781,375.52978515625,14128562,0.0,0.0
2023-09-05,422.6235046386719,428.0158386230469,422.23834228515625,426.6677551269531,380.3366088867188,8701612,0.0,0.0
2023-09-06,427.4862365722656,431.8674926757813,425.6085510253906,430.8564147949219,384.0704345703125,13358433,0.0,0.0
2023-09-07,432.1563720703125,432.3489379882813,428.1121215820313,429.3639221191406,382.739990234375,8401953,0.0,0.0
2023-09-08,431.2897338867188,431.2897338867188,425.464111328125,426.23443603515625,379.9503173828125,10322317,0.0,0.0
2023-09-11,429.460205078125,431.4823303222656,426.23443603515625,430.6156921386719,383.8558654785156,9679540,0.0,0.0
2023-09-12,432.2526550292969,437.452392578125,429.0750427246094,434.4192199707031,387.2463684082031,14961276,0.0,0.0
2023-09-13,435.4302673339844,440.0522766113281,434.3710632324219,436.68206787109375,389.2635192871094,12268130,0.0,0.0
2023-09-14,438.9930725097656,438.9930725097656,430.5675659179688,433.2637023925781,386.2162780761719,14986708,0.0,0.0
2023-09-15,431.4341735839844,435.333984375,430.4231262207031,431.7230529785156,384.8429870605469,15657801,0.0,0.0
2023-09-18,431.7230529785156,437.16351318359375,429.65277099609375,435.2858276367188,388.0188293457031,8513132,0.0,0.0
2023-09-20,434.9488220214844,438.22271728515625,432.8785400390625,436.1524658203125,388.7914123535156,10343224,0.0,0.0
2023-09-21,436.0080261230469,436.7301940917969,428.0158386230469,430.9045715332031,384.1133728027344,11132308,0.0,0.0
2023-09-22,430.9045715332031,431.7712097167969,425.8492736816406,426.6677551269531,380.3366088867188,7795399,0.0,0.0
2023-09-25,426.6677551269531,428.3046875,422.0939025878906,426.186279296875,379.9074096679688,6005673,0.0,0.0
2023-09-26,427.1492004394531,428.0158386230469,423.3938293457031,426.0418395996094,379.7786865234375,5533023,0.0,0.0
2023-09-27,426.0418395996094,433.1192626953125,422.5272216796875,432.4933776855469,385.5296325683594,10894817,0.0,0.0
2023-09-28,433.2637023925781,433.2637023925781,423.2975463867188,424.4049072265625,378.3194885253906,10610213,0.0,0.0
2023-09-29,425.6085510253906,429.0750427246094,422.9123840332031,427.9195251464844,381.4524536132813,8474326,0.0,0.0
2023-10-03,424.6456298828125,426.4751586914063,422.9605102539063,423.4419860839844,377.4611511230469,7770032,0.0,0.0
2023-10-04,423.4419860839844,425.3196716308594,417.2311706542969,419.9273376464844,374.3280944824219,13912656,0.0,0.0
2023-10-05,423.6827087402344,424.1641540527344,418.9162902832031,419.8791809082031,374.28521728515625,10416552,0.0,0.0
2023-10-06,421.6124267578125,427.1492004394531,420.4569396972656,425.7529602050781,379.5211486816406,8742804,0.0,0.0
2023-10-09,424.5974731445313,426.7640380859375,421.0346984863281,424.1160278320313,378.06201171875,5827256,0.0,0.0
2023-10-10,424.1160278320313,428.3528442382813,424.1160278320313,427.9195251464844,381.4524536132813,5207891,0.0,0.0
2023-10-11,430.6156921386719,432.7822570800781,428.3046875,431.6267700195313,384.7571411132813,7946195,0.0,0.0
2023-10-12,432.974853515625,435.7191467285156,429.6046447753906,433.9859008789063,386.8601379394531,12227957,0.0,0.0
2023-10-13,433.16741943359375,435.0451049804688,430.4231262207031,431.7230529785156,384.8429870605469,7926432,0.0,0.0
2023-10-16,431.3860168457031,434.2747802734375,429.65277099609375,432.3008117675781,385.3580017089844,4377288,0.0,0.0
2023-10-17,433.1192626953125,437.6449890136719,432.3489379882813,436.6339111328125,389.2205505371094,7203352,0.0,0.0
2023-10-18,437.40423583984375,441.207763671875,434.2747802734375,434.9006652832031,387.6755676269531,7160492,0.0,0.0
2023-10-19,433.0711364746094,438.0301513671875,430.2786865234375,433.697021484375,386.60260009765625,9830006,0.0,0.0
2023-10-20,428.4972839355469,432.3489379882813,421.1309814453125,422.0457458496094,376.2165222167969,13521824,0.0,0.0
2023-10-23,421.7568664550781,423.6345520019531,417.0386047363281,419.7347412109375,374.156494140625,7555671,0.0,0.0
2023-10-25,420.6976623535156,421.7568664550781,411.21295166015625,416.6534118652344,371.4096984863281,11308597,0.0,0.0
2023-10-26,413.6202392578125,420.4087829589844,413.6202392578125,418.24224853515625,372.8259887695313,19525305,0.0,0.0
2023-10-27,418.24224853515625,420.6013793945313,416.1719665527344,417.66448974609375,372.3110046386719,13638258,0.0,0.0
2023-10-30,418.434814453125,420.9383850097656,412.4647521972656,414.4868774414063,369.47845458984375,7911426,0.0,0.0
2023-10-31,414.0535583496094,417.2793273925781,412.0314331054688,412.5128784179688,367.7187805175781,8952141,0.0,0.0
2023-11-01,414.0535583496094,415.1127624511719,409.7204284667969,412.2240295410156,367.4613342285156,8297973,0.0,0.0
2023-11-02,414.1017150878906,416.6534118652344,412.7536315917969,415.1609191894531,370.0793151855469,8465990,0.0,0.0
2023-11-03,416.7497253417969,418.2903747558594,415.1127624511719,417.1830139160156,371.8818359375,14334179,0.0,0.0
2023-11-06,417.42376708984375,420.6013793945313,416.5090026855469,419.20513916015625,373.6843872070313,7589690,0.0,0.0
2023-11-07,418.7718505859375,418.7718505859375,416.1238098144531,416.6534118652344,371.4096984863281,5321353,0.0,0.0
2023-11-08,417.0867309570313,421.2754211425781,416.2682495117188,420.7458190917969,375.0577697753906,7248663,0.0,0.0
2023-11-09,421.5643005371094,421.7568664550781,417.8089294433594,418.2903747558594,372.8689270019531,8085620,0.0,0.0
2023-11-10,418.2903747558594,421.7568664550781,416.4608459472656,420.3606567382813,374.7143859863281,4236307,0.0,0.0
2023-11-13,422.14202880859375,422.14202880859375,418.8681335449219,419.8310546875,374.2423400878906,3888975,0.0,0.0
2023-11-15,421.8531799316406,426.0899963378906,421.2754211425781,425.5603942871094,379.3494873046875,7722827,0.0,0.0
2023-11-16,425.5603942871094,428.0158386230469,421.3717041015625,422.3827819824219,376.5169372558594,11276031,0.0,0.0
2023-11-17,422.9605102539063,425.1270751953125,422.0457458496094,422.9605102539063,377.0319213867188,6911592,0.0,0.0
2023-11-20,423.5382690429688,423.9715881347656,418.3866882324219,420.6013793945313,374.9289855957031,4502356,0.0,0.0
2023-11-21,420.9383850097656,423.0086669921875,419.3495788574219,420.07177734375,374.4569091796875,6228803,0.0,0.0
2023-11-22,420.7939758300781,424.06787109375,418.675537109375,423.3938293457031,377.418212890625,5074887,0.0,0.0
2023-11-23,424.5974731445313,425.8492736816406,421.9976196289063,424.0197143554688,377.9761047363281,6611803,0.0,0.0
2023-11-24,424.6456298828125,425.8492736816406,420.6495361328125,421.5643005371094,375.7873229980469,7084608,0.0,0.0
2023-11-28,421.7568664550781,422.71978759765625,418.7718505859375,419.1088562011719,373.5985412597656,9082513,0.0,0.0
2023-11-29,419.8310546875,422.23834228515625,418.0496520996094,420.9865417480469,375.2723388671875,14316126,0.0,0.0
2023-11-30,420.5050964355469,422.190185546875,418.3866882324219,419.6384582519531,374.0706176757813,15710110,0.0,0.0
2023-12-01,421.66058349609375,434.22662353515625,421.17913818359375,433.1192626953125,386.0875244140625,20081576,0.0,0.0
2023-12-04,438.1264343261719,439.4745178222656,434.2747802734375,437.211669921875,389.735595703125,13293194,0.0,0.0
2023-12-05,438.1264343261719,440.8226013183594,433.40814208984375,434.9969482421875,387.7613830566406,12603697,0.0,0.0
2023-12-06,437.0672302246094,447.2741394042969,435.333984375,446.0704956054688,397.6324157714844,21203900,0.0,0.0
2023-12-07,447.5148620605469,447.5630187988281,440.43743896484375,441.1114807128906,393.2119140625,11746535,0.0,0.0
2023-12-08,442.8928527832031,444.481689453125,431.8674926757813,432.4933776855469,385.5296325683594,19386851,0.0,0.0
2023-12-11,434.7562255859375,436.7783508300781,432.6378173828125,435.6709899902344,388.3622131347656,6854157,0.0,0.0
2023-12-12,437.3561096191406,442.9410095214844,435.57470703125,436.2969055175781,388.9201354980469,10549319,0.0,0.0
2023-12-13,439.3782348632813,441.8336486816406,436.2969055175781,438.7523193359375,391.1089782714844,11718443,0.0,0.0
2023-12-14,442.9410095214844,443.9039306640625,432.7822570800781,443.0372924804688,394.9285888671875,14924265,0.0,0.0
2023-12-15,444.7705383300781,445.7816162109375,438.1264343261719,441.207763671875,393.2977600097656,16397959,0.0,0.0
2023-12-18,438.1264343261719,439.08935546875,433.64886474609375,434.9006652832031,387.6755676269531,12490839,0.0,0.0
2023-12-19,436.5376281738281,441.0151672363281,435.2858276367188,439.1856384277344,391.4952087402344,10664235,0.0,0.0
2023-12-20,441.9780883789063,442.21881103515625,432.6378173828125,434.2747802734375,387.11761474609375,10766954,0.0,0.0
2023-12-21,432.3489379882813,436.92279052734375,427.9676818847656,434.7080993652344,387.50390625,11584223,0.0,0.0
2023-12-22,436.2005920410156,438.9930725097656,433.8414611816406,438.3190307617188,390.72271728515625,11450973,0.0,0.0
2023-12-26,439.1375122070313,441.8818054199219,437.8375549316406,439.5226745605469,391.7956848144531,6097422,0.0,0.0
2023-12-27,440.0522766113281,441.4966430664063,436.92279052734375,440.1485595703125,392.3535461425781,7833901,0.0,0.0
2023-12-28,440.2448425292969,447.4667053222656,439.1856384277344,446.8889770507813,398.3620910644531,21493169,0.0,0.0
2023-12-29,446.8889770507813,450.5480346679688,444.2409362792969,444.963134765625,396.6453247070313,13384631,0.0,0.0
2024-01-01,446.3112182617188,452.5220336914063,445.4927368164063,450.6924743652344,401.7525329589844,9706230,0.0,0.0
2024-01-02,452.5701599121094,453.8700866699219,446.4075012207031,452.9071960449219,403.7267456054688,10924918,0.0,0.0
2024-01-03,452.8108825683594,462.8733520507813,451.94427490234375,459.5513000488281,409.6493835449219,24961710,0.0,0.0
2024-01-04,462.1993103027344,463.5955505371094,456.6144104003906,458.7328186035156,408.9197998046875,12240910,0.0,0.0
2024-01-05,461.62158203125,461.62158203125,454.4960021972656,456.3736877441406,406.81683349609375,9564086,0.0,0.0
2024-01-08,457.3847351074219,457.8662109375,447.322265625,448.237060546875,399.5637512207031,8311403,0.0,0.0
2024-01-09,450.1628723144531,452.5220336914063,446.4556579589844,447.322265625,398.7483215332031,5916180,0.0,0.0
2024-01-10,447.322265625,449.4407043457031,442.9891662597656,446.1186218261719,397.6753540039063,6123200,0.0,0.0
2024-01-11,446.8889770507813,449.24810791015625,444.0002136230469,445.4927368164063,397.1174621582031,6786448,0.0,0.0
2024-01-12,446.0704956054688,450.35546875,443.2780456542969,449.3925476074219,400.5937805175781,9714589,0.0,0.0
2024-01-15,452.5701599121094,453.0516357421875,448.8147888183594,450.2591552734375,401.36627197265625,7167978,0.0,0.0
2024-01-16,450.4517517089844,457.3847351074219,447.0334167480469,454.7848815917969,405.4005737304688,12531058,0.0,0.0
2024-01-17,453.9182434082031,459.3105773925781,447.94818115234375,449.2962646484375,400.5079345703125,11536527,0.0,0.0
2024-01-18,447.9963073730469,450.4999084472656,437.693115234375,448.237060546875,399.5637512207031,9495938,0.0,0.0
2024-01-19,451.1739501953125,455.45892333984375,449.1036682128906,454.0145263671875,404.7138366699219,12673308,0.0,0.0
2024-01-23,456.18109130859375,456.18109130859375,439.4745178222656,442.2669677734375,394.241943359375,8728196,0.0,0.0
2024-01-24,443.0372924804688,450.0665893554688,441.1114807128906,446.4075012207031,397.932861328125,22459072,0.0,0.0
2024-01-25,446.359375,447.7074279785156,435.333984375,438.7523193359375,391.1089782714844,20435547,0.0,0.0
2024-01-29,438.9930725097656,440.2929992675781,430.9045715332031,433.1192626953125,386.0875244140625,18557346,0.0,0.0
2024-01-30,430.4231262207031,436.8746337890625,421.17913818359375,421.8050231933594,376.0019226074219,45190319,0.0,0.0
2024-01-31,423.6827087402344,426.0899963378906,422.430908203125,425.17523193359375,379.0061645507813,20648695,0.0,0.0
2024-02-01,425.6085510253906,431.1452941894531,423.0086669921875,426.4751586914063,380.1649475097656,19903526,0.0,0.0
2024-02-02,428.4972839355469,430.6156921386719,423.2012634277344,423.7789916992188,377.7615661621094,17816750,0.0,0.0
2024-02-05,425.6085510253906,427.1973571777344,420.3606567382813,421.8050231933594,376.0019226074219,12505666,0.0,0.0
2024-02-06,423.6827087402344,424.54931640625,413.5720825195313,415.4016418457031,370.2938537597656,19487043,0.0,0.0
2024-02-07,418.8681335449219,418.8681335449219,414.8238830566406,415.7868041992188,370.63720703125,13376903,0.0,0.0
2024-02-08,413.0906372070313,413.1869201660156,393.4471740722656,399.176513671875,361.260986328125,50039587,6.25,0.0
2024-02-09,394.89154052734375,408.4686584472656,393.4471740722656,400.0912780761719,362.0888671875,33527317,0.0,0.0
2024-02-12,402.0652465820313,402.4985656738281,390.9917297363281,391.7620544433594,354.55078125,11326971,0.0,0.0
2024-02-13,391.8102111816406,395.5655822753906,388.3437194824219,391.665771484375,354.4636535644531,16207766,0.0,0.0
2024-02-14,390.943603515625,396.9618225097656,389.4029235839844,396.2877807617188,358.6466369628906,12618012,0.0,0.0
2024-02-15,397.6839904785156,399.176513671875,388.19927978515625,388.9214782714844,351.98004150390625,21169031,0.0,0.0
2024-02-16,389.9806823730469,394.3619384765625,384.5883483886719,389.5955200195313,352.5900573730469,38963810,0.0,0.0
2024-02-19,389.9806823730469,397.4432678222656,389.5955200195313,394.0730590820313,356.64227294921875,17602580,0.0,0.0
2024-02-20,395.22857666015625,395.22857666015625,389.306640625,391.0398864746094,353.8972473144531,14626643,0.0,0.0
2024-02-21,391.906494140625,394.89154052734375,386.4178771972656,388.3918762207031,351.5007629394531,20162369,0.0,0.0
2024-02-22,391.8102111816406,399.7542724609375,388.4881591796875,399.0802307128906,361.173828125,19321180,0.0,0.0
2024-02-23,400.4764404296875,400.4764404296875,395.2767028808594,396.1433410644531,358.51593017578125,11576964,0.0,0.0
2024-02-26,395.8544616699219,397.7321472167969,392.19537353515625,394.0249328613281,356.5987243652344,8289561,0.0,0.0
2024-02-27,394.7952575683594,397.4432678222656,393.3990173339844,395.902587890625,358.29803466796875,8083518,0.0,0.0
2024-02-28,395.902587890625,397.05810546875,391.71392822265625,393.1582946777344,355.8143920898437,8949664,0.0,0.0
2024-02-29,393.8323364257813,395.8063049316406,389.4992065429688,391.2324523925781,354.07147216796875,15468800,0.0,0.0
2024-03-01,393.7360534667969,397.8284301757813,392.3879699707031,394.3137817382813,356.8601379394531,12873024,0.0,0.0
2024-03-04,396.9618225097656,397.6358642578125,393.302734375,393.9286193847656,356.5115966796875,7103794,0.0,0.0
2024-03-05,394.4582214355469,396.1433410644531,388.9696044921875,391.0880126953125,353.9407653808594,10108373,0.0,0.0
2024-03-06,391.425048828125,394.7471008300781,385.8401489257813,392.7249755859375,355.4222717285156,11534613,0.0,0.0
2024-03-07,392.7249755859375,399.5616760253906,388.68072509765625,398.2135925292969,360.3895568847656,23907135,0.0,0.0
2024-03-11,401.3430786132813,402.7874450683594,392.8694152832031,394.2174987792969,356.7730407714844,18298683,0.0,0.0
2024-03-12,391.425048828125,391.425048828125,384.5401916503906,389.4510803222656,352.4593505859375,36226074,0.0,0.0
2024-03-13,418.8681335449219,421.7568664550781,405.5317687988281,406.7835388183594,368.1454162597656,105525827,0.0,0.0
2024-03-14,406.3020935058594,409.7204284667969,402.4985656738281,404.0873718261719,365.7054138183594,31949569,0.0,0.0
2024-03-15,401.7282409667969,412.6573181152344,399.8505554199219,403.5577697753906,365.2261047363281,76074975,0.0,0.0
2024-03-18,403.4614868164063,405.0984497070313,401.4393615722656,401.9689636230469,363.7882080078125,16547358,0.0,0.0
2024-03-19,402.4985656738281,403.9910888671875,393.54345703125,394.3619384765625,356.9036865234375,21803126,0.0,0.0
2024-03-20,394.7952575683594,401.1986389160156,394.3619384765625,400.2838745117188,362.2632141113281,20364534,0.0,0.0
2024-03-21,403.4614868164063,406.3502197265625,400.7653198242188,405.6280517578125,367.0997314453125,19968509,0.0,0.0
2024-03-22,405.6280517578125,413.7165222167969,405.6280517578125,412.7054748535156,373.50494384765625,40358503,0.0,0.0
2024-03-26,409.7685852050781,413.2832336425781,409.7685852050781,411.7907104492188,372.6770324707031,10669833,0.0,0.0
2024-03-27,411.164794921875,412.9943542480469,410.63519287109375,412.1277160644531,372.9820556640625,12698464,0.0,0.0
2024-03-28,412.1277160644531,417.1830139160156,411.164794921875,412.4647521972656,373.28704833984375,29009002,0.0,0.0
2024-04-01,413.1869201660156,415.3534851074219,409.9611511230469,410.8759460449219,371.8491516113281,9743648,0.0,0.0
2024-04-02,412.8017578125,412.8017578125,408.8538208007813,410.0574645996094,371.1084289550781,9194659,0.0,0.0
2024-04-03,410.201904296875,412.8980712890625,405.3873291015625,409.4315490722656,370.5419616699219,13152268,0.0,0.0
2024-04-04,409.7685852050781,411.5018310546875,404.328125,407.0724182128906,368.4069213867188,19065447,0.0,0.0
2024-04-05,406.8316955566406,415.6905212402344,404.3762512207031,411.6944274902344,372.58990478515625,16768902,0.0,0.0
2024-04-08,412.4165954589844,415.4016418457031,411.8869934082031,413.1869201660156,373.9406127929688,8844633,0.0,0.0
2024-04-09,414.4868774414063,415.4979248046875,409.7685852050781,410.5389099121094,371.5441284179688,6967273,0.0,0.0
2024-04-10,412.4165954589844,421.5643005371094,409.9611511230469,420.7458190917969,380.7815856933594,14547618,0.0,0.0
2024-04-12,418.8681335449219,419.59033203125,412.4165954589844,414.14984130859375,374.8121032714844,18785009,0.0,0.0
2024-04-15,412.1277160644531,413.2350769042969,407.21685791015625,410.1055908203125,371.1519775390625,9083087,0.0,0.0
2024-04-16,407.5538635253906,411.164794921875,407.5057373046875,410.1055908203125,371.1519775390625,10357752,0.0,0.0
2024-04-18,410.201904296875,411.0685119628906,402.16156005859375,403.3170471191406,365.0082702636719,22133191,0.0,0.0
2024-04-19,402.4985656738281,410.442626953125,400.57275390625,408.9982604980469,370.14984130859375,17221280,0.0,0.0
2024-04-22,411.164794921875,411.7425537109375,407.6501770019531,409.5278625488281,370.629150390625,7386048,0.0,0.0
2024-04-23,409.5278625488281,414.5350036621094,409.3352661132813,413.2832336425781,374.02777099609375,12484384,0.0,0.0
2024-04-24,413.3313598632813,414.8238830566406,412.4165954589844,412.9943542480469,373.7663879394531,6070285,0.0,0.0
2024-04-25,415.0164794921875,422.0457458496094,413.0906372070313,421.3235778808594,381.304443359375,30337038,0.0,0.0
2024-04-26,422.9605102539063,426.8603210449219,420.2162170410156,423.6827087402344,383.439453125,15342965,0.0,0.0
2024-04-29,425.6085510253906,426.0418395996094,418.4829711914063,421.949462890625,381.8709106445313,12075706,0.0,0.0
2024-04-30,423.6345520019531,424.1641540527344,418.9644165039063,419.4940185546875,379.6486511230469,12528665,0.0,0.0
2024-05-02,419.8310546875,426.186279296875,418.72369384765625,422.71978759765625,382.5680236816406,24123523,0.0,0.0
2024-05-03,423.7308654785156,423.7308654785156,415.3534851074219,420.2643432617188,380.3458251953125,23786388,0.0,0.0
2024-05-06,421.7568664550781,424.1160278320313,417.2793273925781,418.6274108886719,378.8643798828125,10753860,0.0,0.0
2024-05-07,420.6976623535156,429.460205078125,419.0606994628906,424.0197143554688,383.7444458007813,26969062,0.0,0.0
2024-05-08,424.8863525390625,428.2084045410156,421.949462890625,424.6456298828125,384.3109130859375,10916481,0.0,0.0
2024-05-09,423.7308654785156,425.1270751953125,407.6501770019531,409.3352661132813,370.454833984375,24314298,0.0,0.0
2024-05-10,410.683349609375,420.1680603027344,410.683349609375,417.2793273925781,377.6443176269531,14524604,0.0,0.0
2024-05-13,417.1830139160156,419.3014526367188,413.5720825195313,415.8349609375,376.3371887207031,7584217,0.0,0.0
2024-05-14,414.5350036621094,417.2311706542969,412.6573181152344,413.7646789550781,374.4634704589844,11423749,0.0,0.0
2024-05-15,414.7757263183594,417.1830139160156,410.924072265625,411.9351501464844,372.8077392578125,7856433,0.0,0.0
2024-05-16,414.0535583496094,416.55712890625,407.21685791015625,415.4497680664063,375.9885559082031,23911954,0.0,0.0
2024-05-17,416.3645629882813,421.2754211425781,412.9943542480469,420.1199340820313,380.2151489257813,11894830,0.0,0.0
2024-05-21,419.8310546875,420.8902587890625,417.1348876953125,418.675537109375,378.9079284667969,11175153,0.0,0.0
2024-05-22,421.1309814453125,425.5603942871094,419.2532958984375,423.58642578125,383.3523254394531,11036895,0.0,0.0
2024-05-23,425.0307922363281,428.4010009765625,420.3606567382813,424.9826354980469,384.6159362792969,27244733,0.0,0.0
2024-05-24,424.6456298828125,426.0418395996094,419.1570129394531,420.0236206054688,380.1279602050781,13252938,0.0,0.0
2024-05-27,422.5272216796875,422.6235046386719,414.72760009765625,415.4979248046875,376.0321350097656,12282545,0.0,0.0
2024-05-28,416.07568359375,416.4608459472656,412.3684387207031,413.0906372070313,373.853515625,9668761,0.0,0.0
2024-05-29,409.7204284667969,416.3645629882813,409.7204284667969,414.9683227539063,375.5528564453125,10832067,0.0,0.0
2024-05-30,412.6091918945313,414.9683227539063,406.687255859375,408.1316223144531,369.365478515625,21314885,0.0,0.0
2024-05-31,410.924072265625,413.6202392578125,408.5167846679688,410.63519287109375,371.6312561035156,29300711,0.0,0.0
2024-06-03,417.90521240234375,418.7718505859375,412.7536315917969,414.39056396484375,375.0299377441406,16116836,0.0,0.0
2024-06-04,410.201904296875,410.4907836914063,387.910400390625,399.8023986816406,368.496826171875,47791986,7.5,0.0
2024-06-05,406.3502197265625,419.8310546875,402.5467224121094,414.3424377441406,381.8983154296875,28197030,0.0,0.0
2024-06-06,419.8310546875,421.4679870605469,415.1127624511719,419.2532958984375,386.4246215820313,32318523,0.0,0.0
2024-06-07,415.4016418457031,425.2715148925781,415.1127624511719,422.8642272949219,389.7528076171875,29543660,0.0,0.0
2024-06-10,423.6827087402344,424.6456298828125,419.6866149902344,420.6976623535156,387.75592041015625,11872688,0.0,0.0
2024-06-11,420.7939758300781,421.5643005371094,416.2201232910156,416.9422912597656,384.2946166992188,13158571,0.0,0.0
2024-06-12,414.5831604003906,418.2903747558594,414.2461242675781,416.2682495117188,383.6733703613281,10751658,0.0,0.0
2024-06-13,420.6976623535156,420.6976623535156,413.8128356933594,414.3424377441406,381.8983154296875,9641349,0.0,0.0
2024-06-14,415.0164794921875,415.8830871582031,413.1387939453125,415.1609191894531,382.6527099609375,9572809,0.0,0.0
2024-06-18,416.9422912597656,418.0978088378906,412.3203125,412.8499145507813,380.5226745605469,14641141,0.0,0.0
2024-06-19,414.0535583496094,414.7757263183594,407.3612976074219,407.9390563964844,375.996337890625,11329972,0.0,0.0
2024-06-20,408.32421875,410.683349609375,405.8687744140625,407.6020202636719,375.6856994628906,15147549,0.0,0.0
2024-06-21,409.2389831542969,409.5278625488281,403.0281677246094,404.0392456054688,372.4019165039063,26176371,0.0,0.0
2024-06-24,404.4244079589844,408.2279052734375,404.4244079589844,407.6020202636719,375.6856994628906,9723008,0.0,0.0
2024-06-25,407.3131408691406,408.2760620117188,404.1836853027344,407.6020202636719,375.6856994628906,10655609,0.0,0.0
2024-06-26,407.3131408691406,410.5870666503906,406.39837646484375,408.2279052734375,376.2625732421875,11511714,0.0,0.0
2024-06-27,408.2279052734375,411.4055480957031,405.4836120605469,409.8167419433594,377.7270202636719,38438054,0.0,0.0
2024-06-28,409.7204284667969,412.1277160644531,407.7946166992188,409.1427001953125,377.1057434082031,18554411,0.0,0.0
2024-07-01,410.4907836914063,414.2942810058594,408.9019470214844,413.1387939453125,380.7889404296875,13391362,0.0,0.0
2024-07-02,414.0535583496094,414.679443359375,406.87982177734375,409.7204284667969,377.6382446289063,11177863,0.0,0.0
2024-07-03,410.2981872558594,413.7165222167969,409.7204284667969,412.4165954589844,380.123291015625,7435499,0.0,0.0
2024-07-04,414.0535583496094,415.4979248046875,411.21295166015625,413.1387939453125,380.7889404296875,9478861,0.0,0.0
2024-07-05,413.0906372070313,417.90521240234375,411.7425537109375,417.5682067871094,384.87152099609375,13427543,0.0,0.0
2024-07-08,419.0125732421875,428.06396484375,417.5682067871094,427.1492004394531,393.7023010253906,21311436,0.0,0.0
2024-07-09,431.0008544921875,438.1264343261719,427.5343627929688,435.8154296875,401.6899719238281,27489709,0.0,0.0
2024-07-10,436.8746337890625,438.4634704589844,429.941650390625,434.7080993652344,400.6693115234375,12065662,0.0,0.0
2024-07-11,433.3118591308594,442.4595642089844,432.06005859375,441.6410827636719,407.0594482421875,19556596,0.0,0.0
2024-07-12,441.6410827636719,446.0704956054688,438.9449157714844,442.0262451171875,407.4144287109375,19693114,0.0,0.0
2024-07-15,442.0262451171875,449.1518249511719,440.2448425292969,446.2149353027344,411.2751159667969,16876907,0.0,0.0
2024-07-16,446.2630615234375,449.4407043457031,444.2890930175781,448.2851867675781,413.1832885742188,13497253,0.0,0.0
2024-07-18,445.8297729492188,453.4367980957031,445.4927368164063,452.8108825683594,417.3546142578125,21907158,0.0,0.0
2024-07-19,453.5330810546875,461.62158203125,451.9924011230469,456.951416015625,421.1708984375,25939326,0.0,0.0
2024-07-22,456.9995727539063,461.6697082519531,448.5740661621094,449.24810791015625,414.07080078125,18762384,0.0,0.0
2024-07-23,449.24810791015625,478.95404052734375,449.1036682128906,473.9468688964844,436.8355712890625,56125835,0.0,0.0
2024-07-24,477.60595703125,491.7126770019531,472.4543762207031,475.728271484375,438.47747802734375,43693692,0.0,0.0
2024-07-25,471.8284606933594,477.60595703125,466.6768798828125,471.78033447265625,434.8386840820313,18567567,0.0,0.0
2024-07-26,475.728271484375,487.6202697753906,469.3248901367188,483.5760498046875,445.7107849121094,21534703,0.0,0.0
2024-07-29,486.753662109375,487.4277038574219,475.728271484375,477.6541137695313,440.2525329589844,12978187,0.0,0.0
2024-07-30,477.8948364257813,479.3392028808594,470.5285339355469,471.732177734375,434.7942810058594,13891052,0.0,0.0
2024-07-31,474.1876220703125,479.483642578125,472.3099365234375,476.9800720214844,439.6312561035156,11982586,0.0,0.0
2024-08-01,477.5578002929688,478.3281555175781,472.74322509765625,475.3912658691406,438.1669006347656,12114803,0.0,0.0
2024-08-02,466.8213195800781,480.9280090332031,466.8213195800781,470.96185302734375,434.0842895507813,22141163,0.0,0.0
2024-08-05,462.2474670410156,473.6580200195313,461.7659912109375,467.976806640625,431.3329772949219,25022076,0.0,0.0
2024-08-06,468.217529296875,473.4654235839844,466.09912109375,468.26568603515625,431.5992431640625,14251363,0.0,0.0
2024-08-07,471.8284606933594,477.2207946777344,469.9989318847656,474.3801879882813,437.2349853515625,11320399,0.0,0.0
2024-08-08,475.6801452636719,479.5317993164063,474.2357482910156,476.4023132324219,439.0987548828125,21349889,0.0,0.0
2024-08-09,479.5317993164063,479.5317993164063,474.8135070800781,477.5096740722656,440.1194458007813,9556181,0.0,0.0
2024-08-12,473.7543029785156,481.4576110839844,473.7543029785156,476.25787353515625,438.9656372070313,9425644,0.0,0.0
2024-08-13,477.5578002929688,479.3873596191406,470.1433715820313,471.8284606933594,434.883056640625,8056478,0.0,0.0
2024-08-14,473.7061462402344,480.4947204589844,471.732177734375,473.9468688964844,436.8355712890625,9609981,0.0,0.0
2024-08-16,476.1615905761719,485.5018615722656,474.3801879882813,484.0093383789063,446.1101684570313,13643352,0.0,0.0
2024-08-19,486.0314636230469,490.4127197265625,481.0724487304688,482.8538513183594,445.0451049804688,10591508,0.0,0.0
2024-08-20,482.4205322265625,484.7315368652344,479.242919921875,480.3021240234375,442.6931762695313,6888634,0.0,0.0
2024-08-21,481.4576110839844,490.1238708496094,480.5428466796875,486.6573791503906,448.55084228515625,8801221,0.0,0.0
2024-08-22,489.0165100097656,489.6423950195313,482.8538513183594,485.8388977050781,447.7964172363281,8686423,0.0,0.0
2024-08-23,486.3203430175781,488.1498718261719,481.4094848632813,487.0425415039063,448.9058227539063,8195369,0.0,0.0
2024-08-26,487.235107421875,489.1609497070313,483.3834533691406,486.94622802734375,448.8170471191406,8126402,0.0,0.0
2024-08-27,488.7276306152344,488.7757873535156,481.4576110839844,482.0353698730469,444.2907409667969,8260450,0.0,0.0
2024-08-28,481.8427734375,483.6723327636719,478.0874328613281,478.8577575683594,441.3619079589844,8081932,0.0,0.0
2024-08-29,479.5317993164063,488.8720703125,478.9058837890625,486.3684997558594,448.2845764160156,19389694,0.0,0.0
2024-08-30,483.3352966308594,490.268310546875,481.6502075195313,483.28717041015625,445.4445190429688,15523349,0.0,0.0
2024-09-02,485.3092956542969,493.8792419433594,484.63525390625,491.1349182128906,452.6777648925781,16497266,0.0,0.0
2024-09-03,491.1349182128906,496.8161315917969,489.0646667480469,490.509033203125,452.1008911132813,12481552,0.0,0.0
2024-09-04,481.4576110839844,491.1349182128906,481.4094848632813,487.5721435546875,449.39398193359375,8739052,0.0,0.0
2024-09-05,489.4979553222656,492.9163208007813,488.2461853027344,492.2422790527344,453.6984252929688,11318636,0.0,0.0
2024-09-06,493.0126037597656,493.0126037597656,478.71331787109375,483.0945739746094,445.2669982910156,14245025,0.0,0.0
2024-09-09,483.3834533691406,493.6384887695313,481.7946472167969,492.7718811035156,454.1865539550781,14265060,0.0,0.0
2024-09-10,492.9163208007813,495.9013366699219,489.8831176757813,494.5532836914063,455.8284606933594,11332248,0.0,0.0
2024-09-11,493.97552490234375,500.2344665527344,492.9644470214844,495.27545166015625,456.49407958984375,15497555,0.0,0.0
2024-09-12,495.9976501464844,501.1973876953125,489.6905517578125,500.2344665527344,461.0647888183594,19085324,0.0,0.0
2024-09-13,500.2344665527344,500.7159118652344,493.0126037597656,494.79400634765625,456.0503234863281,9165077,0.0,0.0
2024-09-16,496.7679748535156,497.8271789550781,490.79791259765625,492.14599609375,453.6096801757813,7821668,0.0,0.0
2024-09-17,492.0978393554688,494.505126953125,487.475830078125,488.9202270507813,450.636474609375,10889862,0.0,0.0
2024-09-18,489.0165100097656,493.3977661132813,486.3684997558594,488.5350341796875,450.2814636230469,5638729,0.0,0.0
2024-09-19,491.0867614746094,495.7087707519531,488.6794738769531,489.4016723632813,451.0802307128906,14461616,0.0,0.0
2024-09-20,493.0126037597656,498.1642150878906,489.1609497070313,495.3236083984375,456.5384521484375,24725118,0.0,0.0
2024-09-23,496.3346557617188,500.1863098144531,494.5532836914063,497.7790222167969,458.8016052246094,8105508,0.0,0.0
2024-09-24,497.8271789550781,498.5975036621094,495.0828857421875,496.14208984375,457.2928466796875,7015487,0.0,0.0
2024-09-25,496.3828125,500.0419006347656,493.3014831542969,498.3567810058594,459.3341369628906,8802667,0.0,0.0
2024-09-26,498.45306396484375,504.3268737792969,497.8271789550781,503.3639526367188,463.9492492675781,16086557,0.0,0.0
2024-09-27,500.9566650390625,508.9006958007813,500.9566650390625,503.3157958984375,463.9048156738281,17916386,0.0,0.0
2024-09-30,501.2936706542969,504.9046020507813,494.986572265625,498.9345397949219,459.8666687011719,10936940,0.0,0.0
2024-10-01,498.9345397949219,500.4751892089844,494.9384460449219,497.0568542480469,458.135986328125,5285319,0.0,0.0
2024-10-03,489.6905517578125,496.5753784179688,489.2572326660156,493.73480224609375,455.0740661621094,16481353,0.0,0.0
2024-10-04,491.0867614746094,498.1642150878906,482.95013427734375,484.8759765625,446.9089050292969,18930962,0.0,0.0
2024-10-07,488.1980285644531,495.8532104492188,487.9573059082031,491.27935791015625,452.8108825683594,17114457,0.0,0.0
2024-10-08,491.0867614746094,493.5422058105469,487.235107421875,489.11279296875,450.81396484375,9868331,0.0,0.0
2024-10-09,490.8941955566406,490.8941955566406,472.3580627441406,473.4654235839844,436.3918151855469,24874940,0.0,0.0
2024-10-10,476.9800720214844,477.2689514160156,471.2988586425781,473.8024597167969,436.7024841308594,13292273,0.0,0.0
2024-10-11,474.71722412109375,475.6319885253906,469.3248901367188,470.09521484375,433.2855224609375,14949380,0.0,0.0
2024-10-14,472.7913818359375,480.4947204589844,470.5285339355469,478.5207214355469,441.0513000488281,6970606,0.0,0.0
2024-10-15,479.5317993164063,480.8798828125,476.1615905761719,480.0614013671875,442.4713134765625,8347216,0.0,0.0
2024-10-16,477.60595703125,480.3502807617188,474.09130859375,474.9097900390625,437.7231140136719,6939430,0.0,0.0
2024-10-17,476.6430358886719,476.6430358886719,469.9026489257813,470.7692565917969,433.9067687988281,7669729,0.0,0.0
2024-10-18,470.6248168945313,473.3209838867188,460.6586608886719,468.6508483886719,431.9542846679688,22616838,0.0,0.0
2024-10-21,468.6508483886719,469.5174865722656,459.6475830078125,465.7139587402344,429.247314453125,7680088,0.0,0.0
2024-10-22,465.7139587402344,470.2878112792969,462.9696350097656,463.93255615234375,427.60540771484375,12772970,0.0,0.0
2024-10-23,463.1622314453125,465.3769226074219,461.7178649902344,462.5363464355469,426.3185424804688,10553961,0.0,0.0
2024-10-24,464.1251525878906,464.5103149414063,452.5701599121094,454.2071228027344,418.6414794921875,13596626,0.0,0.0
2024-10-25,458.1550598144531,475.19866943359375,456.6144104003906,464.4140319824219,428.0491943359375,32154050,0.0,0.0
2024-10-28,464.0769958496094,467.8805236816406,458.34765625,466.1954040527344,429.6910400390625,8946214,0.0,0.0
2024-10-29,467.0138854980469,471.0581359863281,463.45111083984375,469.8544921875,433.0636291503906,7131161,0.0,0.0
2024-10-30,469.8544921875,474.95794677734375,468.458251953125,473.3209838867188,436.2586975097656,6640080,0.0,0.0
2024-10-31,473.7543029785156,474.71722412109375,466.7250061035156,470.6729736328125,433.8180541992188,8111694,0.0,0.0
2024-11-01,472.7913818359375,473.8505859375,471.1544189453125,472.1173400878906,435.1492919921875,1517892,0.0,0.0
2024-11-04,475.1505126953125,475.1505126953125,461.7659912109375,466.6287231445313,430.0904541015625,8754385,0.0,0.0
2024-11-05,465.0399169921875,467.0620422363281,459.2624206542969,462.3919067382813,426.1853942871094,7610046,0.0,0.0
2024-11-06,462.3919067382813,466.4361572265625,460.27349853515625,463.2585144042969,426.9841613769531,11749720,0.0,0.0
2024-11-07,463.8844299316406,464.7991943359375,458.4439392089844,460.17718505859375,424.1440734863281,9267980,0.0,0.0
2024-11-08,460.17718505859375,462.8733520507813,456.9995727539063,460.3216247558594,424.2772216796875,6325023,0.0,0.0
2024-11-11,460.3216247558594,463.6436767578125,456.5181274414063,459.2624206542969,423.3009338378906,5700343,0.0,0.0
2024-11-12,459.8883361816406,460.225341796875,453.6775207519531,455.3144836425781,419.66217041015625,5236095,0.0,0.0
2024-11-13,452.6183166503906,457.0958557128906,450.8850708007813,454.6885681152344,419.0852355957031,11548660,0.0,0.0
2024-11-14,453.7256774902344,455.4107666015625,445.1075744628906,448.67034912109375,413.5382690429688,12087836,0.0,0.0
2024-11-18,448.718505859375,450.4517517089844,444.8668518066406,449.24810791015625,414.07080078125,8448573,0.0,0.0
2024-11-19,450.6443481445313,456.18109130859375,448.959228515625,450.0184326171875,414.7808227539063,7121472,0.0,0.0
2024-11-21,443.9039306640625,446.8408203125,438.5115966796875,440.19671630859375,405.7281494140625,20313155,0.0,0.0
2024-11-22,439.2819213867188,458.8291015625,438.6078796386719,457.0477294921875,421.2596740722656,20214206,0.0,0.0
2024-11-25,461.23638916015625,464.3177185058594,454.8811645507813,459.1179809570313,423.1678161621094,14427013,0.0,0.0
2024-11-26,462.1993103027344,464.75103759765625,456.5181274414063,459.3105773925781,423.3453674316406,6791715,0.0,0.0
2024-11-27,459.7920227050781,462.2956237792969,455.45892333984375,459.2624206542969,423.3009338378906,7339184,0.0,0.0
2024-11-28,459.3105773925781,465.8583984375,453.0997619628906,457.2884521484375,421.4815673828125,14967609,0.0,0.0
2024-11-29,455.6514892578125,461.1401062011719,455.07373046875,459.0698547363281,423.1235046386719,8668142,0.0,0.0
2024-12-02,458.34765625,461.5252685546875,455.8440856933594,459.5031433105469,423.5228576660156,5689595,0.0,0.0
2024-12-03,448.718505859375,455.8440856933594,445.5890197753906,455.0256042480469,419.3959045410156,23073942,0.0,0.0
2024-12-04,456.8070068359375,460.466064453125,449.1036682128906,449.7777099609375,414.5589294433594,13957078,0.0,0.0
2024-12-05,450.2110290527344,455.2181701660156,445.3482971191406,450.1628723144531,414.9139404296875,27432375,0.0,0.0
2024-12-06,452.5701599121094,457.3366088867188,450.35546875,453.6775207519531,418.1533508300781,7842234,0.0,0.0
2024-12-09,454.0145263671875,454.4960021972656,445.7816162109375,447.7074279785156,412.6507568359375,12154116,0.0,0.0
2024-12-10,448.0926208496094,449.1518249511719,445.444580078125,448.18890380859375,413.0945129394531,9163636,0.0,0.0
2024-12-11,449.8739929199219,450.8369140625,447.4667053222656,447.9963073730469,412.9169921875,7005617,0.0,0.0
2024-12-12,448.237060546875,450.5480346679688,442.1225280761719,443.5187683105469,408.79010009765625,13380617,0.0,0.0
2024-12-13,442.9410095214844,456.8070068359375,434.9006652832031,452.5701599121094,417.1327209472656,32976794,0.0,0.0
2024-12-16,452.8108825683594,456.8070068359375,450.6443481445313,452.66644287109375,417.2214965820313,9354160,0.0,0.0
2024-12-17,452.5701599121094,458.1550598144531,445.8778991699219,452.1368408203125,416.7333679199219,20608409,0.0,0.0
2024-12-18,455.1700439453125,456.229248046875,449.5851135253906,453.0516357421875,417.5764770507813,12841386,0.0,0.0
2024-12-19,451.6072387695313,456.75885009765625,448.0444641113281,449.24810791015625,414.07080078125,15161531,0.0,0.0
2024-12-20,449.199951171875,450.11474609375,442.2669677734375,447.4185791015625,412.384521484375,20231570,0.0,0.0
2024-12-23,453.7256774902344,459.984619140625,450.2591552734375,456.6625671386719,420.90472412109375,19562956,0.0,0.0
2024-12-24,457.2884521484375,462.4400329589844,455.1218872070313,460.706787109375,424.6322021484375,12009880,0.0,0.0
2024-12-26,462.7289123535156,463.980712890625,458.34765625,459.2624206542969,423.3009338378906,9188830,0.0,0.0
2024-12-27,461.9585876464844,464.0288696289063,458.34765625,460.8512268066406,424.7653503417969,16906420,0.0,0.0
2024-12-30,462.9215087890625,463.5955505371094,458.34765625,459.3105773925781,423.3453674316406,13578360,0.0,0.0
2024-12-31,460.706787109375,466.6768798828125,456.951416015625,465.7139587402344,429.247314453125,13787501,0.0,0.0
2025-01-01,467.976806640625,468.7952880859375,464.26959228515625,466.0028381347656,429.5136413574219,18931186,0.0,0.0
2025-01-02,467.3509216308594,471.8284606933594,464.4140319824219,470.9136962890625,434.0399169921875,27131131,0.0,0.0
2025-01-03,472.0691833496094,472.7913818359375,462.0548706054688,463.739990234375,427.4279174804688,38500784,0.0,0.0
2025-01-06,455.6000061035156,461.75,441.25,442.6499938964844,407.98931884765625,22009958,0.0,0.0
2025-01-07,445.5,447.6000061035156,440.1499938964844,441.1000061035156,406.5607299804688,14294780,0.0,0.0
2025-01-08,443.0,452.0499877929688,437.1000061035156,449.5499877929688,414.3490295410156,13482926,0.0,0.0
2025-01-09,449.3999938964844,460.6499938964844,446.0499877929688,450.1000061035156,414.8559875488281,19732649,0.0,0.0
2025-01-10,449.9500122070313,452.0,442.5,444.8999938964844,410.0631408691406,9145729,0.0,0.0
2025-01-13,435.0,444.0,435.0,439.0499877929688,404.6712341308594,17799607,0.0,0.0
2025-01-14,441.0,441.5,435.8500061035156,436.6000061035156,402.41302490234375,18048459,0.0,0.0
2025-01-15,436.6000061035156,441.7999877929688,435.3500061035156,437.3500061035156,403.1043395996094,9786805,0.0,0.0
2025-01-16,438.0499877929688,439.4500122070313,431.1000061035156,432.8500061035156,398.9566955566406,15774070,0.0,0.0
2025-01-17,433.0,441.7999877929688,432.5,440.2000122070313,405.731201171875,11270061,0.0,0.0
2025-01-20,439.0,441.2000122070313,436.0,437.7000122070313,403.4269409179688,8742771,0.0,0.0
2025-01-21,438.0,447.0,435.25,437.5499877929688,403.2886657714844,15686500,0.0,0.0
2025-01-22,439.8999938964844,441.9500122070313,436.5499877929688,437.0,402.78173828125,9619648,0.0,0.0
2025-01-23,435.0,441.8500061035156,434.1000061035156,440.2000122070313,405.731201171875,8888248,0.0,0.0
2025-01-24,439.3999938964844,445.0,439.0499877929688,441.6000061035156,407.02154541015625,9665384,0.0,0.0
2025-01-27,440.7999877929688,445.0,436.5499877929688,440.1000061035156,405.6390075683594,10480203,0.0,0.0
2025-01-28,440.0,441.7999877929688,434.5,435.4500122070313,401.3531494140625,20813072,0.0,0.0
2025-01-29,435.9500122070313,437.5,430.1000061035156,433.3500061035156,399.4175720214844,15158510,0.0,0.0
2025-01-30,433.0,438.0,431.4500122070313,436.2000122070313,402.04443359375,22496695,0.0,0.0
2025-01-31,436.5,448.2000122070313,435.1000061035156,447.5,412.4595947265625,13546181,0.0,0.0
2025-02-01,448.0,471.5,439.5499877929688,462.5499877929688,426.33111572265625,30393007,0.0,0.0
2025-02-03,462.0,465.2000122070313,452.2999877929688,454.3500061035156,418.7732238769531,16991730,0.0,0.0
2025-02-04,458.0,460.3500061035156,448.75,455.1499938964844,419.5105285644531,18923681,0.0,0.0
2025-02-05,455.1499938964844,455.8500061035156,446.5,448.1499938964844,413.05865478515625,12836283,0.0,0.0
2025-02-06,450.0,450.0,438.2000122070313,441.1000061035156,406.5607299804688,17469129,0.0,0.0
2025-02-07,440.0,445.5,428.3999938964844,430.8500061035156,397.1133117675781,18875982,0.0,0.0
2025-02-10,427.0,433.2999877929688,426.5,427.2000122070313,393.7491455078125,12227140,0.0,0.0
2025-02-11,428.7999877929688,430.5499877929688,417.5,418.2999877929688,385.5459899902344,14288751,0.0,0.0
2025-02-12,413.1499938964844,413.7999877929688,407.6000061035156,409.8999938964844,383.7671508789063,13884574,6.5,0.0
2025-02-13,409.9500122070313,413.9500122070313,409.0,409.7000122070313,383.5799255371094,12989029,0.0,0.0
2025-02-14,411.75,416.2000122070313,408.3999938964844,410.25,384.0948181152344,14124236,0.0,0.0
2025-02-17,409.7999877929688,411.3999938964844,406.75,408.6000061035156,382.550048828125,11975265,0.0,0.0
2025-02-18,408.0,410.8500061035156,404.0,405.25,379.4136047363281,12998403,0.0,0.0
2025-02-19,404.7999877929688,408.7999877929688,404.5,406.3999938964844,380.49029541015625,7079032,0.0,0.0
2025-02-20,399.9500122070313,403.8999938964844,396.2000122070313,402.0499877929688,376.4176330566406,15355585,0.0,0.0
2025-02-21,402.0499877929688,403.25,399.2000122070313,400.8999938964844,375.3409118652344,8240986,0.0,0.0
2025-02-24,400.0,403.3999938964844,398.75,401.8999938964844,376.2771911621094,7037625,0.0,0.0
2025-02-25,402.0,407.0,400.5,404.8500061035156,379.03912353515625,15760891,0.0,0.0
2025-02-27,404.8500061035156,406.5,399.5,401.6000061035156,375.9963073730469,19051003,0.0,0.0
2025-02-28,399.0,402.5,392.2000122070313,395.0,369.8170776367188,31954776,0.0,0.0
2025-03-03,395.9500122070313,399.0,391.2000122070313,397.4500122070313,372.1109008789063,10702826,0.0,0.0
2025-03-04,395.3999938964844,397.2000122070313,392.8500061035156,394.8500061035156,369.6766357421875,13404774,0.0,0.0
2025-03-05,394.5,412.75,394.5,405.0499877929688,379.226318359375,15665018,0.0,0.0
2025-03-06,409.1499938964844,409.7000122070313,400.5499877929688,405.7000122070313,379.8349304199219,17869996,0.0,0.0
2025-03-07,403.5499877929688,405.8500061035156,401.7000122070313,403.8999938964844,378.1496887207031,11180761,0.0,0.0
2025-03-10,401.0499877929688,406.8500061035156,400.3999938964844,405.0,379.1795349121094,9785018,0.0,0.0
2025-03-11,401.5,408.3999938964844,401.2000122070313,406.2000122070313,380.3030395507813,11099475,0.0,0.0
2025-03-12,406.3999938964844,413.2999877929688,404.0,412.3999938964844,386.1077575683594,13844306,0.0,0.0
2025-03-13,413.0,414.3999938964844,408.2000122070313,412.0499877929688,385.7800598144531,8196569,0.0,0.0
2025-03-17,413.0,416.25,407.0,407.9500122070313,381.9414978027344,5257805,0.0,0.0
2025-03-18,410.0,411.9500122070313,407.75,409.1000061035156,383.0181274414063,13861897,0.0,0.0
2025-03-19,410.0,410.75,402.6000061035156,403.0499877929688,377.3538513183594,12830387,0.0,0.0
2025-03-20,405.0,406.6499938964844,401.8999938964844,403.9500122070313,378.1965026855469,16994037,0.0,0.0
2025-03-21,405.9500122070313,407.5,401.7000122070313,405.5499877929688,379.6944885253906,25302035,0.0,0.0
2025-03-24,407.0,412.8500061035156,405.6000061035156,410.8999938964844,384.7033996582031,14362572,0.0,0.0
2025-03-25,412.0,415.25,408.7000122070313,409.7999877929688,383.6734924316406,20338110,0.0,0.0
2025-03-26,410.2999877929688,411.2000122070313,406.25,407.3500061035156,381.3797302246094,13891436,0.0,0.0
2025-03-27,408.0,410.7000122070313,405.6499938964844,409.4500122070313,383.3458557128906,18642328,0.0,0.0
2025-03-28,410.8999938964844,415.6000061035156,408.1499938964844,409.75,383.626708984375,12981873,0.0,0.0
2025-04-01,409.7999877929688,414.3999938964844,405.6000061035156,406.6499938964844,380.724365234375,15206240,0.0,0.0
2025-04-02,407.0499877929688,410.0,406.0499877929688,409.0499877929688,382.9713134765625,8001323,0.0,0.0
2025-04-03,407.0499877929688,410.2000122070313,406.7000122070313,409.3999938964844,383.2990112304688,7059566,0.0,0.0
2025-04-04,407.5,412.7999877929688,404.5,409.7000122070313,383.5799255371094,18627592,0.0,0.0
2025-04-07,390.1499938964844,408.1000061035156,390.1499938964844,406.0499877929688,380.16259765625,26762866,0.0,0.0
2025-04-08,411.8999938964844,415.7999877929688,407.25,412.5499877929688,386.2481994628906,18600796,0.0,0.0
2025-04-09,413.0,419.0499877929688,411.25,416.2999877929688,389.7591247558594,21785572,0.0,0.0
2025-04-11,420.0,422.4500122070313,417.0,421.5499877929688,394.6743774414063,8939356,0.0,0.0
2025-04-15,429.2000122070313,429.2000122070313,419.0,420.3999938964844,393.59771728515625,11685880,0.0,0.0
2025-04-16,418.0,426.0499877929688,418.0,424.4500122070313,397.3895263671875,13034594,0.0,0.0
2025-04-17,425.0,427.8500061035156,421.5499877929688,427.25,400.0110168457031,22410217,0.0,0.0
2025-04-21,428.0499877929688,429.1000061035156,421.5,422.8500061035156,395.89154052734375,27388236,0.0,0.0
2025-04-22,425.9500122070313,434.7999877929688,423.5499877929688,433.6000061035156,405.9561767578125,32031936,0.0,0.0
2025-04-23,436.2000122070313,437.4500122070313,428.8500061035156,430.8500061035156,403.3815002441406,19566317,0.0,0.0
2025-04-24,431.8500061035156,436.0499877929688,429.2999877929688,430.0499877929688,402.6324768066406,26064089,0.0,0.0
2025-04-25,430.0499877929688,432.7000122070313,423.2999877929688,427.7999877929688,400.5259399414063,22944377,0.0,0.0
2025-04-28,426.6499938964844,430.5,424.75,428.7999877929688,401.462158203125,6287095,0.0,0.0
2025-04-29,428.8999938964844,429.6000061035156,425.0,426.0,398.8406982421875,11189930,0.0,0.0
2025-04-30,427.3999938964844,429.2999877929688,422.0,425.7999877929688,398.6534423828125,10026546,0.0,0.0
2025-05-02,424.1000061035156,431.5,424.1000061035156,429.5,402.1175537109375,9263372,0.0,0.0
2025-05-05,430.25,438.5,429.3500061035156,436.9500122070313,409.0926208496094,11525305,0.0,0.0
2025-05-06,437.5,439.6499938964844,433.0,435.5499877929688,407.7818603515625,15026568,0.0,0.0
2025-05-07,433.3999938964844,435.0,429.7000122070313,431.1499938964844,403.662353515625,9710361,0.0,0.0
2025-05-08,429.0,431.5,423.5499877929688,430.6000061035156,403.1474304199219,19937960,0.0,0.0
2025-05-09,425.9500122070313,429.1499938964844,423.0,423.5499877929688,396.5469055175781,8226512,0.0,0.0
2025-05-12,429.5,436.2000122070313,428.1499938964844,435.5,407.7350463867188,8031891,0.0,0.0
2025-05-13,434.8999938964844,437.9500122070313,425.3500061035156,427.8999938964844,400.61956787109375,14976369,0.0,0.0
2025-05-14,427.1000061035156,431.8500061035156,425.8999938964844,429.1000061035156,401.74310302734375,9557309,0.0,0.0
2025-05-15,429.1000061035156,435.3999938964844,426.0,432.6499938964844,405.0667114257813,24263510,0.0,0.0
2025-05-16,434.8999938964844,436.2000122070313,432.1000061035156,435.7000122070313,407.92230224609375,16402035,0.0,0.0
2025-05-19,435.0,438.5,432.6499938964844,435.3500061035156,407.5946044921875,7543854,0.0,0.0
2025-05-20,437.0,440.7999877929688,432.8999938964844,434.8999938964844,407.17327880859375,9868414,0.0,0.0
2025-05-21,436.6000061035156,438.2000122070313,432.0,433.0,405.3944396972656,5776672,0.0,0.0
2025-05-22,433.0,433.0,422.8999938964844,426.1000061035156,398.934326171875,19451749,0.0,0.0
2025-05-23,434.0,439.0,429.0,436.2999877929688,408.4840393066406,18536884,0.0,0.0
2025-05-26,438.25,443.5499877929688,436.75,442.8999938964844,414.6632690429688,13107662,0.0,0.0
2025-05-27,442.8999938964844,444.2000122070313,430.8500061035156,433.8999938964844,406.237060546875,26986022,0.0,0.0
2025-05-28,417.7000122070313,422.6000061035156,413.0,420.2000122070313,400.65911865234375,431851622,7.85,0.0
2025-05-29,422.0,422.7999877929688,416.6000061035156,418.75,399.2765197753906,21478547,0.0,0.0
2025-05-30,419.1000061035156,420.0499877929688,416.3999938964844,418.0499877929688,398.6090698242188,30656239,0.0,0.0
2025-06-02,418.2999877929688,420.4500122070313,414.5499877929688,419.2999877929688,399.8009338378906,14973380,0.0,0.0
2025-06-03,419.0,421.7000122070313,415.6499938964844,416.9500122070313,397.5602722167969,13216486,0.0,0.0
2025-06-04,417.1499938964844,419.0,415.9500122070313,417.0,397.60791015625,12598933,0.0,0.0
2025-06-05,418.5,420.9500122070313,415.75,419.1000061035156,399.6102600097656,13212523,0.0,0.0
2025-06-06,420.2999877929688,421.2999877929688,419.0,421.0499877929688,401.4695739746094,8774988,0.0,0.0
2025-06-09,422.0,423.6000061035156,420.5,423.0499877929688,403.3765563964844,10473123,0.0,0.0
2025-06-10,424.5,428.5499877929688,423.0499877929688,427.0,407.1428833007813,13041075,0.0,0.0
2025-06-11,428.0,428.1000061035156,424.8500061035156,426.1499938964844,406.3323974609375,20789182,0.0,0.0
2025-06-12,427.0,427.2000122070313,419.5499877929688,421.0,401.421875,18508835,0.0,0.0
2025-06-13,415.0,419.3500061035156,413.5,413.8999938964844,394.6520690917969,17873926,0.0,0.0
2025-06-16,414.9500122070313,418.8999938964844,413.25,418.2000122070313,398.7521362304688,7006629,0.0,0.0
2025-06-17,418.1000061035156,419.0499877929688,415.7000122070313,417.3999938964844,397.98931884765625,9028406,0.0,0.0
2025-06-18,417.0,418.4500122070313,414.8999938964844,415.8999938964844,396.5590515136719,8036215,0.0,0.0
2025-06-19,415.6499938964844,418.25,414.7999877929688,416.0,396.6544189453125,12601006,0.0,0.0
2025-06-20,416.0,419.5,416.0,418.5499877929688,399.0858154296875,13203184,0.0,0.0
2025-06-23,417.0,417.5,411.75,413.8999938964844,394.6520690917969,14839890,0.0,0.0
2025-06-24,416.8999938964844,420.6499938964844,413.75,414.3500061035156,395.0811767578125,16690068,0.0,0.0
2025-06-25,416.3999938964844,418.1499938964844,415.1000061035156,416.3500061035156,396.9881286621094,9946718,0.0,0.0
2025-06-26,417.2000122070313,420.8999938964844,416.25,420.2999877929688,400.7544250488281,13703918,0.0,0.0
2025-06-27,421.0,422.0,417.7999877929688,418.6499938964844,399.1811828613281,21409935,0.0,0.0
2025-06-30,419.7999877929688,420.75,415.7999877929688,416.4500122070313,397.08349609375,12317124,0.0,0.0
2025-07-01,417.0,418.8500061035156,414.8999938964844,415.1000061035156,395.7962646484375,13670465,0.0,0.0
2025-07-02,416.8999938964844,416.8999938964844,411.7000122070313,412.9500122070313,393.7462463378906,15990899,0.0,0.0
2025-07-03,414.0,416.0,411.25,413.3500061035156,394.1276550292969,14185298,0.0,0.0
2025-07-04,414.8999938964844,415.0,411.75,412.5499877929688,393.3648376464844,8256733,0.0,0.0
2025-07-07,413.0,417.2000122070313,412.0,416.1499938964844,396.7974548339844,6845218,0.0,0.0
2025-07-08,416.1499938964844,418.1000061035156,414.6499938964844,417.2000122070313,397.7986450195313,6807192,0.0,0.0
2025-07-09,416.2000122070313,420.2999877929688,415.4500122070313,419.4500122070313,399.9440002441406,9930533,0.0,0.0
2025-07-10,420.2999877929688,420.2999877929688,416.3999938964844,416.8500061035156,397.46490478515625,6220360,0.0,0.0
2025-07-11,417.0,418.0499877929688,415.5,416.7999877929688,397.4172058105469,8578844,0.0,0.0
2025-07-14,417.0499877929688,419.9500122070313,416.5499877929688,419.3999938964844,399.8963012695313,6896989,0.0,0.0
2025-07-15,420.8999938964844,422.3999938964844,419.0,422.1000061035156,402.47076416015625,8532755,0.0,0.0
2025-07-16,422.1000061035156,425.4500122070313,420.2999877929688,424.6000061035156,404.8544921875,9780773,0.0,0.0
2025-07-17,425.7999877929688,425.8999938964844,423.0,423.9500122070313,404.2347106933594,7240795,0.0,0.0
2025-07-18,425.2000122070313,425.2000122070313,420.1000061035156,422.75,403.0905151367188,6730256,0.0,0.0
2025-07-21,422.0,422.75,418.3999938964844,420.1000061035156,400.5637512207031,4822343,0.0,0.0
2025-07-22,420.1000061035156,420.3999938964844,415.2000122070313,416.0,396.6544189453125,9869507,0.0,0.0
2025-07-23,417.1000061035156,417.8999938964844,414.0,414.9500122070313,395.65325927734375,12196187,0.0,0.0
2025-07-24,415.8500061035156,415.8500061035156,409.4500122070313,409.9500122070313,390.8857727050781,9005157,0.0,0.0
2025-07-25,410.0,410.25,407.75,409.3999938964844,390.361328125,5824089,0.0,0.0
2025-07-28,410.7999877929688,410.8500061035156,408.6000061035156,409.8999938964844,390.8381042480469,8123337,0.0,0.0
2025-07-29,410.0,411.3999938964844,408.0,408.4500122070313,389.4555358886719,6811772,0.0,0.0
2025-07-30,409.0,409.2999877929688,405.75,407.6000061035156,388.6450500488281,10915863,0.0,0.0
2025-07-31,405.9500122070313,414.0,405.5499877929688,411.9500122070313,392.7927856445313,19364174,0.0,0.0
2025-08-01,412.3999938964844,419.3500061035156,411.7999877929688,416.4500122070313,397.08349609375,14324065,0.0,0.0
2025-08-04,420.2000122070313,422.5,415.1000061035156,416.8500061035156,397.46490478515625,18352458,0.0,0.0
2025-08-05,417.2000122070313,417.9500122070313,413.0,414.1499938964844,394.8904418945313,8495104,0.0,0.0
2025-08-06,414.1499938964844,415.0,410.5,412.0,392.8404235839844,9080543,0.0,0.0
2025-08-07,412.0,414.75,411.6499938964844,413.6000061035156,394.3660278320313,11514878,0.0,0.0
2025-08-08,413.8999938964844,415.3500061035156,412.9500122070313,414.5,395.2241821289063,9814361,0.0,0.0
2025-08-11,414.5,417.0,414.0,416.8500061035156,397.46490478515625,8514272,0.0,0.0
2025-08-12,417.0,419.7999877929688,415.2999877929688,416.3500061035156,396.9881286621094,13635738,0.0,0.0
2025-08-13,417.2000122070313,417.5,413.6000061035156,414.1000061035156,394.8427734375,10874910,0.0,0.0
2025-08-14,414.25,415.0499877929688,411.0,411.4500122070313,392.3160095214844,9580361,0.0,0.0
2025-08-18,413.0,413.7000122070313,404.8500061035156,406.2999877929688,387.4054870605469,30950814,0.0,0.0
2025-08-19,406.3500061035156,409.3999938964844,404.5,409.1000061035156,390.0752868652344,16681331,0.0,0.0
2025-08-20,409.1000061035156,410.25,405.4500122070313,406.0499877929688,387.1671142578125,18188129,0.0,0.0
2025-08-21,406.0499877929688,406.8500061035156,403.3500061035156,405.5499877929688,386.69036865234375,15028966,0.0,0.0
2025-08-22,406.0,406.5,397.5,398.2999877929688,379.7774963378906,13087624,0.0,0.0
2025-08-25,399.0,400.5499877929688,396.25,399.3500061035156,380.7787170410156,10440286,0.0,0.0
2025-08-26,399.2999877929688,405.3999938964844,398.3999938964844,403.3500061035156,384.59271240234375,13715752,0.0,0.0
2025-08-28,404.5,404.5,400.0,400.8999938964844,382.2566223144531,12471719,0.0,0.0
2025-08-29,402.0,410.4500122070313,401.8999938964844,409.75,390.695068359375,25255050,0.0,0.0
2025-09-01,409.75,410.2000122070313,405.0,405.8500061035156,386.9764404296875,12268090,0.0,0.0
2025-09-02,406.5499877929688,407.8500061035156,404.4500122070313,406.75,387.8345947265625,19808255,0.0,0.0
2025-09-03,408.5,413.25,407.2999877929688,411.75,392.60205078125,12936588,0.0,0.0
2025-09-04,423.9500122070313,427.0,415.0,415.8999938964844,396.5590515136719,27274123,0.0,0.0
2025-09-05,416.8999938964844,417.0,404.3999938964844,407.3500061035156,388.40667724609375,16000675,0.0,0.0
2025-09-08,407.4500122070313,410.5499877929688,406.7999877929688,407.5499877929688,388.5973815917969,7419022,0.0,0.0
2025-09-09,408.5,410.9500122070313,407.3999938964844,410.0499877929688,390.9811096191406,8825896,0.0,0.0
2025-09-10,411.0,413.7000122070313,408.9500122070313,413.0499877929688,393.8415832519531,9252397,0.0,0.0
2025-09-11,413.0499877929688,416.7000122070313,412.4500122070313,415.0499877929688,395.7485961914063,8274406,0.0,0.0
2025-09-12,415.3500061035156,417.0499877929688,412.8500061035156,413.75,394.509033203125,7803379,0.0,0.0
2025-09-15,413.0499877929688,414.2999877929688,411.75,412.6499938964844,393.460205078125,5707331,0.0,0.0
2025-09-16,413.2000122070313,414.3500061035156,412.0,413.1000061035156,393.8892822265625,8239087,0.0,0.0
2025-09-17,413.9500122070313,414.6000061035156,408.0499877929688,409.2999877929688,390.2659606933594,14113882,0.0,0.0
2025-09-18,411.3500061035156,413.0499877929688,410.1000061035156,411.5499877929688,392.4113464355469,15647808,0.0,0.0
2025-09-19,411.5499877929688,412.6000061035156,408.9500122070313,410.6499938964844,391.5531921386719,19505321,0.0,0.0
2025-09-22,410.6499938964844,411.0,406.0499877929688,406.9500122070313,388.0252990722656,8930779,0.0,0.0
2025-09-23,407.1000061035156,408.1000061035156,402.1000061035156,403.2000122070313,384.4496765136719,14936357,0.0,0.0
2025-09-24,403.2000122070313,404.6499938964844,400.7000122070313,401.0,382.3519592285156,12380865,0.0,0.0
2025-09-25,401.4500122070313,403.0,398.0,400.1000061035156,381.4938354492188,22006368,0.0,0.0
2025-09-26,400.1000061035156,405.8999938964844,399.7999877929688,405.1000061035156,386.2612915039063,14414044,0.0,0.0
2025-09-29,406.8999938964844,408.0,403.2000122070313,407.25,388.3113098144531,19717660,0.0,0.0
2025-09-30,406.75,406.75,400.3999938964844,401.5499877929688,382.8763732910156,9465490,0.0,0.0
2025-10-01,402.3500061035156,406.0,399.75,405.6000061035156,386.7380676269531,17643039,0.0,0.0
2025-10-03,404.8999938964844,405.5,402.2999877929688,404.2999877929688,385.4985046386719,16987141,0.0,0.0
2025-10-06,403.0,403.8999938964844,399.7999877929688,400.75,382.1135864257813,13989077,0.0,0.0
2025-10-07,402.5,402.6000061035156,399.5,399.7999877929688,381.2077941894531,12298968,0.0,0.0
2025-10-08,400.0,401.75,398.0,399.75,381.16009521484375,8402463,0.0,0.0
2025-10-09,399.0,401.3999938964844,398.9500122070313,399.8999938964844,381.3031005859375,15656267,0.0,0.0
2025-10-10,400.4500122070313,403.8500061035156,399.5,402.7999877929688,384.0682678222656,15085738,0.0,0.0
2025-10-13,400.0,400.9500122070313,398.5499877929688,399.25,380.683349609375,9508594,0.0,0.0
2025-10-14,400.0,400.8500061035156,396.2000122070313,396.7999877929688,378.3472595214844,10291102,0.0,0.0
2025-10-15,398.0,400.8500061035156,397.25,399.8999938964844,381.3031005859375,16043867,0.0,0.0
2025-10-16,401.0,406.0,399.5499877929688,405.1499938964844,386.3089904785156,22962049,0.0,0.0
2025-10-17,405.3500061035156,413.8500061035156,405.25,412.1499938964844,392.9834289550781,21071344,0.0,0.0
2025-10-20,412.5499877929688,414.8500061035156,411.2999877929688,413.0499877929688,393.8415832519531,13083621,0.0,0.0
2025-10-21,413.5,413.9500122070313,412.3500061035156,412.8500061035156,393.6509094238281,1142130,0.0,0.0
2025-10-23,416.0,420.4500122070313,413.5499877929688,415.9500122070313,396.6067504882813,24305990,0.0,0.0
2025-10-24,415.9500122070313,417.9500122070313,413.4500122070313,416.7999877929688,397.4172058105469,14935678,0.0,0.0
2025-10-27,417.0,422.7000122070313,416.6000061035156,420.6499938964844,401.0881652832031,11603679,0.0,0.0
2025-10-28,420.5,421.6499938964844,415.8999938964844,417.8999938964844,398.466064453125,17163147,0.0,0.0
2025-10-29,418.2000122070313,422.2000122070313,416.0499877929688,421.6000061035156,401.9940185546875,11470661,0.0,0.0
2025-10-30,421.6000061035156,421.7000122070313,416.1499938964844,418.75,399.2765197753906,12938674,0.0,0.0
2025-10-31,420.5,426.3999938964844,418.2000122070313,420.3500061035156,400.8021545410156,18599864,0.0,0.0
2025-11-03,419.9500122070313,421.6499938964844,413.2999877929688,413.9500122070313,394.6997680664063,7635440,0.0,0.0
2025-11-04,414.0,414.5,408.3500061035156,408.8999938964844,389.8845825195313,10085404,0.0,0.0
2025-11-06,410.0,413.2999877929688,406.5499877929688,407.5,388.5496826171875,10095563,0.0,0.0
2025-11-07,406.0499877929688,409.1000061035156,403.1000061035156,404.0499877929688,385.2601318359375,8411611,0.0,0.0
2025-11-10,404.0499877929688,407.1000061035156,403.6499938964844,405.5499877929688,386.69036865234375,6650003,0.0,0.0
2025-11-11,406.0,408.0499877929688,404.6000061035156,406.8500061035156,387.929931640625,12005318,0.0,0.0
2025-11-12,408.0,408.1000061035156,405.5499877929688,407.0,388.0729370117188,7987236,0.0,0.0
2025-11-13,407.0,407.5,404.5,405.7000122070313,386.83343505859375,6617185,0.0,0.0
2025-11-14,404.7000122070313,408.75,400.1000061035156,408.1499938964844,389.1694641113281,64020258,0.0,0.0
2025-11-17,409.75,412.0,406.0,407.1000061035156,388.1683044433594,7855399,0.0,0.0
2025-11-18,408.25,409.7999877929688,404.5499877929688,405.8500061035156,386.9764404296875,7661681,0.0,0.0
2025-11-19,404.8500061035156,405.5499877929688,402.7999877929688,403.5499877929688,384.7833862304688,7882450,0.0,0.0
2025-11-20,403.5499877929688,407.0,403.25,405.4500122070313,386.5950317382813,6693410,0.0,0.0
2025-11-21,405.0,408.5,404.7000122070313,407.8500061035156,388.8834228515625,5808131,0.0,0.0
2025-11-24,408.3999938964844,408.7999877929688,402.8500061035156,403.5499877929688,384.7833862304688,11037491,0.0,0.0
2025-11-25,403.5499877929688,404.5,400.1000061035156,400.7999877929688,382.1612548828125,8199785,0.0,0.0
2025-11-26,401.0,403.9500122070313,400.9500122070313,402.2999877929688,383.5915222167969,11443953,0.0,0.0
2025-11-27,403.5,405.9500122070313,402.1000061035156,404.2999877929688,385.4985046386719,8679529,0.0,0.0
2025-11-28,404.2999877929688,405.0,402.5,404.25,385.4508361816406,6883500,0.0,0.0
2025-12-01,402.7999877929688,405.5,398.2000122070313,404.25,385.4508361816406,13442658,0.0,0.0
2025-12-02,404.25,405.5,400.5,400.9500122070313,382.3043212890625,8093808,0.0,0.0
2025-12-03,401.7000122070313,402.2000122070313,398.8500061035156,400.5,381.875244140625,10772192,0.0,0.0
2025-12-04,400.1000061035156,403.5499877929688,399.0499877929688,403.0499877929688,384.3066101074219,8057989,0.0,0.0
2025-12-05,403.0499877929688,405.3500061035156,402.0,404.9500122070313,386.1182861328125,4419747,0.0,0.0
2025-12-08,404.9500122070313,405.25,400.5499877929688,402.2999877929688,383.5915222167969,6056866,0.0,0.0
2025-12-09,402.0,404.5,400.0,401.0499877929688,382.399658203125,9426717,0.0,0.0
2025-12-10,401.1000061035156,404.3999938964844,401.0,403.1499938964844,384.4019775390625,6969146,0.0,0.0
2025-12-11,403.1499938964844,404.0,401.1000061035156,402.8999938964844,384.1636047363281,6980147,0.0,0.0
2025-12-12,402.8999938964844,404.0,399.8500061035156,400.1000061035156,381.4938354492188,12407516,0.0,0.0
2025-12-15,400.1000061035156,403.3500061035156,399.5,402.2999877929688,383.5915222167969,7756564,0.0,0.0
2025-12-16,401.3999938964844,405.75,401.0499877929688,401.7000122070313,383.0194091796875,12347384,0.0,0.0
2025-12-17,401.0,403.1000061035156,399.1000061035156,399.7999877929688,381.2077941894531,8087490,0.0,0.0
2025-12-18,400.0,401.9500122070313,399.8500061035156,400.3999938964844,381.7798767089844,7227668,0.0,0.0
2025-12-19,400.25,402.6499938964844,400.25,401.0499877929688,382.399658203125,10654835,0.0,0.0
2025-12-22,401.6000061035156,403.6499938964844,401.2000122070313,402.7000122070313,383.9729309082031,6847871,0.0,0.0
2025-12-23,402.5,408.8999938964844,401.7999877929688,407.3500061035156,388.40667724609375,10081997,0.0,0.0
2025-12-24,407.9500122070313,409.5,405.6499938964844,406.6000061035156,387.6915588378906,5777430,0.0,0.0
2025-12-26,406.5,407.1499938964844,403.8500061035156,404.1499938964844,385.3554992675781,3152453,0.0,0.0
2025-12-29,404.1000061035156,404.7999877929688,401.4500122070313,402.6000061035156,383.8775634765625,6647710,0.0,0.0
2025-12-30,403.0,403.4500122070313,400.2999877929688,400.6000061035156,381.9705810546875,12340527,0.0,0.0
2025-12-31,401.1000061035156,403.75,400.8500061035156,403.0,384.2589721679688,9945109,0.0,0.0
2026-01-01,402.7000122070313,402.7000122070313,362.7000122070313,363.8500061035156,346.9295959472656,282626710,0.0,0.0
2026-01-02,360.0,360.0,345.25,350.04998779296875,333.77130126953125,118790358,0.0,0.0
2026-01-05,350.20001220703125,353.95001220703125,346.04998779296875,349.70001220703125,333.4376220703125,48358124,0.0,0.0
2026-01-06,350.25,350.70001220703125,337.75,342.45001220703125,326.5248107910156,72582738,0.0,0.0
2026-01-07,343.0,344.54998779296875,339.29998779296875,341.25,325.3805847167969,29440734,0.0,0.0
2026-01-08,341.5,345.1499938964844,339.04998779296875,340.8999938964844,325.0468444824219,36706319,0.0,0.0
2026-01-09,340.8999938964844,341.0,336.1000061035156,337.1499938964844,321.47125244140625,35193201,0.0,0.0
2026-01-12,338.25,339.5,335.79998779296875,338.3999938964844,322.6631164550781,16156143,0.0,0.0
2026-01-13,339.0,339.5,333.70001220703125,334.70001220703125,319.1351928710937,24922339,0.0,0.0
2026-01-14,336.0,336.0,333.45001220703125,334.75,319.182861328125,14913422,0.0,0.0
2026-01-16,337.5,337.5,328.54998779296875,329.20001220703125,313.8909606933594,30526898,0.0,0.0
2026-01-19,330.0,334.6499938964844,327.29998779296875,333.20001220703125,317.7049255371094,15507440,0.0,0.0
2026-01-20,334.04998779296875,334.5,325.5,326.29998779296875,311.12579345703125,18771011,0.0,0.0
2026-01-21,326.0,329.29998779296875,324.3500061035156,324.75,309.6478881835937,14177965,0.0,0.0
2026-01-22,326.1000061035156,328.70001220703125,321.04998779296875,324.8500061035156,309.7432556152344,18622852,0.0,0.0
2026-01-23,325.54998779296875,326.3999938964844,322.70001220703125,323.3999938964844,308.36065673828125,11950089,0.0,0.0
2026-01-27,323.6000061035156,324.70001220703125,317.8500061035156,318.6499938964844,303.83154296875,47847784,0.0,0.0
2026-01-28,319.95001220703125,323.70001220703125,319.3500061035156,321.1499938964844,306.2153015136719,28400238,0.0,0.0
2026-01-29,322.6000061035156,322.6000061035156,318.04998779296875,318.6000061035156,303.7839050292969,17719420,0.0,0.0
2026-01-30,318.79998779296875,325.1499938964844,316.45001220703125,322.1499938964844,307.1687927246094,41975824,0.0,0.0
2026-02-02,309.45001220703125,315.3999938964844,302.0,314.70001220703125,300.06524658203125,35227572,0.0,0.0
2026-02-03,321.20001220703125,324.75,311.6000061035156,316.6499938964844,301.924560546875,33168353,0.0,0.0
2026-02-04,312.5,314.95001220703125,311.3500061035156,313.8500061035156,305.5264587402344,11196759,6.5,0.0
2026-02-05,313.95001220703125,315.3500061035156,309.29998779296875,310.20001220703125,301.9732666015625,15816704,0.0,0.0
2026-02-06,310.0,327.70001220703125,308.29998779296875,325.79998779296875,317.1595153808594,68057745,0.0,0.0
2026-02-09,327.95001220703125,328.70001220703125,321.6499938964844,322.79998779296875,314.23907470703125,20059198,0.0,0.0
2026-02-10,323.0,323.54998779296875,320.75,321.3999938964844,312.876220703125,11489090,0.0,0.0
2026-02-11,321.95001220703125,322.20001220703125,316.29998779296875,318.25,309.80975341796875,24843366,0.0,0.0
2026-02-12,317.29998779296875,320.3999938964844,316.8999938964844,317.45001220703125,309.0309753417969,13294561,0.0,0.0
2026-02-13,316.0,318.3999938964844,313.25,313.75,305.4291076660156,8730618,0.0,0.0
2026-02-16,313.75,318.25,313.1499938964844,317.95001220703125,309.5177307128906,11693763,0.0,0.0
2026-02-17,318.45001220703125,328.04998779296875,318.1499938964844,325.45001220703125,316.8188171386719,39360672,0.0,0.0
2026-02-18,326.0,332.95001220703125,324.79998779296875,332.45001220703125,323.6331787109375,35473203,0.0,0.0
2026-02-19,334.04998779296875,334.25,325.0,326.0,317.3542175292969,19911747,0.0,0.0
2026-02-20,325.04998779296875,327.8500061035156,325.04998779296875,327.0,318.32769775390625,11282027,0.0,0.0
2026-02-23,327.0,328.1000061035156,324.3999938964844,325.3999938964844,316.7701416015625,13486092,0.0,0.0
2026-02-24,324.0,325.3999938964844,322.04998779296875,323.5,314.9205322265625,13135859,0.0,0.0
2026-02-25,325.5,326.6000061035156,318.1000061035156,319.75,311.2699890136719,13492101,0.0,0.0
2026-02-26,320.0,321.3999938964844,317.6000061035156,318.29998779296875,309.8584289550781,11270119,0.0,0.0
2026-02-27,316.0,317.75,312.6499938964844,313.6000061035156,305.2830810546875,13892595,0.0,0.0
2026-03-02,307.0,315.75,307.0,314.8999938964844,306.548583984375,22194311,0.0,0.0
2026-03-04,310.6000061035156,315.5,310.5,311.95001220703125,303.6768493652344,24165489,0.0,0.0
2026-03-05,312.20001220703125,313.6000061035156,308.20001220703125,311.5,303.23876953125,19938009,0.0,0.0
2026-03-06,310.04998779296875,312.29998779296875,309.20001220703125,309.70001220703125,301.48651123046875,21288269,0.0,0.0
2026-03-09,305.0,307.20001220703125,303.6000061035156,306.0,297.8846435546875,14084931,0.0,0.0
2026-03-10,309.0,310.0,303.75,309.04998779296875,300.8537292480469,18352950,0.0,0.0
2026-03-11,309.04998779296875,310.6499938964844,307.70001220703125,309.0,300.8050842285156,14842485,0.0,0.0
2026-03-12,307.04998779296875,308.0,302.8500061035156,304.1000061035156,296.0350341796875,23319679,0.0,0.0
2026-03-13,304.0,306.0,300.6499938964844,301.45001220703125,293.455322265625,25659996,0.0,0.0
2026-03-16,302.54998779296875,309.45001220703125,302.0,308.25,300.0749816894531,37472204,0.0,0.0
2026-03-17,309.95001220703125,309.95001220703125,304.04998779296875,304.8500061035156,296.76513671875,25649286,0.0,0.0
2026-03-18,305.8999938964844,306.95001220703125,303.5,304.04998779296875,295.986328125,16702554,0.0,0.0
2026-03-19,301.5,305.5,297.1000061035156,298.0,290.0968017578125,17851126,0.0,0.0
2026-03-20,301.04998779296875,308.75,298.1499938964844,299.95001220703125,291.9950866699219,58679529,0.0,0.0
2026-03-23,298.8999938964844,299.0,289.54998779296875,290.45001220703125,282.7470397949219,31788160,0.0,0.0
2026-03-24,295.95001220703125,296.0,288.75,291.25,283.5258178710937,33335721,0.0,0.0
2026-03-25,292.70001220703125,298.5,292.25,295.70001220703125,287.8578186035156,26184716,0.0,0.0
2026-03-27,294.70001220703125,296.8500061035156,291.54998779296875,294.70001220703125,286.88433837890625,22179022,0.0,0.0
2026-03-30,293.6000061035156,294.45001220703125,287.0,287.70001220703125,280.0699768066406,24586921,0.0,0.0
2026-04-01,293.0,294.45001220703125,290.8999938964844,291.70001220703125,283.9638977050781,18604340,0.0,0.0
2026-04-02,290.25,293.6499938964844,288.3999938964844,292.8500061035156,285.0834045410156,18082775,0.0,0.0
2026-04-06,293.0,295.3500061035156,290.25,294.8500061035156,287.0303649902344,18047063,0.0,0.0
2026-04-07,294.1499938964844,299.0,292.75,298.45001220703125,290.5348815917969,26963485,0.0,0.0
2026-04-08,303.8999938964844,304.6000061035156,301.54998779296875,302.45001220703125,294.4288024902344,22310207,0.0,0.0
2026-04-09,301.5,304.3999938964844,301.25,303.0,294.9642028808594,17691477,0.0,0.0
2026-04-10,303.0,305.3999938964844,302.6000061035156,304.25,296.1810607910156,17744386,0.0,0.0
2026-04-13,300.0,301.45001220703125,298.1000061035156,298.6499938964844,290.72955322265625,16522014,0.0,0.0
2026-04-15,300.70001220703125,304.0,300.54998779296875,302.04998779296875,294.0393981933594,18701403,0.0,0.0
2026-04-16,302.95001220703125,305.3500061035156,301.8500061035156,303.3999938964844,295.35357666015625,16512053,0.0,0.0
2026-04-17,303.8500061035156,309.95001220703125,303.8500061035156,306.79998779296875,298.6634216308594,35111203,0.0,0.0
2026-04-20,307.0,307.95001220703125,304.45001220703125,305.0,296.9111633300781,13540471,0.0,0.0
2026-04-21,305.0,311.1000061035156,304.54998779296875,309.6499938964844,301.4378356933594,24411865,0.0,0.0
2026-04-22,310.0,310.54998779296875,305.1000061035156,305.5,297.3978881835937,24500511,0.0,0.0
2026-04-23,304.0,306.3500061035156,303.25,305.29998779296875,297.20318603515625,10701849,0.0,0.0
2026-04-24,306.6499938964844,306.6499938964844,301.1000061035156,301.6000061035156,293.6013488769531,17011704,0.0,0.0
2026-04-27,303.6499938964844,305.6499938964844,302.8500061035156,303.8500061035156,295.7916564941406,14382348,0.0,0.0
2026-04-28,304.3999938964844,305.79998779296875,302.54998779296875,304.45001220703125,296.3757629394531,12907339,0.0,0.0
2026-04-29,305.1000061035156,317.5,305.1000061035156,316.25,307.86279296875,31199038,0.0,0.0
2026-04-30,316.25,317.5,313.29998779296875,314.8999938964844,306.548583984375,11541956,0.0,0.0
2026-05-04,317.8999938964844,317.8999938964844,310.5,311.1000061035156,302.8493957519531,20245091,0.0,0.0
2026-05-05,311.1000061035156,313.70001220703125,309.6499938964844,311.45001220703125,303.19012451171875,26795704,0.0,0.0
2026-05-06,312.79998779296875,313.6000061035156,309.25,310.70001220703125,302.4599914550781,20287609,0.0,0.0
2026-05-07,311.45001220703125,311.6499938964844,307.0,307.3999938964844,299.2474975585937,25718615,0.0,0.0
2026-05-08,308.8999938964844,308.8999938964844,305.70001220703125,307.45001220703125,299.29620361328125,17739844,0.0,0.0
2026-05-11,307.0,308.0,305.1499938964844,305.8500061035156,297.7386169433594,14968661,0.0,0.0
2026-05-12,305.3500061035156,306.25,300.1000061035156,300.70001220703125,292.7252197265625,15968338,0.0,0.0
2026-05-13,302.0,305.79998779296875,301.04998779296875,304.45001220703125,296.3757629394531,13024778,0.0,0.0
2026-05-14,305.0,309.20001220703125,304.8500061035156,307.20001220703125,299.0528259277344,11113377,0.0,0.0
2026-05-15,307.20001220703125,312.04998779296875,306.29998779296875,309.45001220703125,301.2431640625,11954564,0.0,0.0
2026-05-18,309.45001220703125,312.29998779296875,306.5,310.1499938964844,301.924560546875,14422870,0.0,0.0
2026-05-19,311.95001220703125,314.25,308.3500061035156,310.29998779296875,302.0705871582031,17519355,0.0,0.0
2026-05-20,309.0,309.6499938964844,306.20001220703125,307.54998779296875,299.3935241699219,12127920,0.0,0.0
2026-05-21,309.8500061035156,311.29998779296875,305.79998779296875,308.04998779296875,299.8802490234375,21868988,0.0,0.0
2026-05-22,305.8999938964844,307.0,301.0,301.70001220703125,293.6986999511719,30751752,0.0,0.0
2026-05-25,303.95001220703125,305.5,302.3500061035156,303.95001220703125,295.8890075683594,15734247,0.0,0.0
2026-05-26,304.3500061035156,304.3999938964844,301.1000061035156,301.6499938964844,293.6499938964844,37560542,0.0,0.0
2026-05-27,295.6499938964844,296.3500061035156,291.04998779296875,291.95001220703125,291.95001220703125,25446093,8.0,0.0
2026-05-29,292.0,292.3999938964844,285.8999938964844,286.8999938964844,286.8999938964844,31930439,0.0,0.0
2026-06-01,287.79998779296875,288.54998779296875,278.29998779296875,279.6499938964844,279.6499938964844,23477875,0.0,0.0
2026-06-02,279.5,283.6000061035156,277.1000061035156,283.25,283.25,20206131,0.0,0.0
2026-06-03,282.3500061035156,282.3500061035156,275.20001220703125,277.0,277.0,28001438,0.0,0.0
2026-06-04,277.0,280.6499938964844,275.04998779296875,280.29998779296875,280.29998779296875,22017634,0.0,0.0
2026-06-05,280.0,281.3999938964844,277.8500061035156,280.70001220703125,280.70001220703125,16065822,0.0,0.0
2026-06-08,279.0,283.45001220703125,276.95001220703125,279.45001220703125,279.45001220703125,15779677,0.0,0.0
2026-06-09,281.70001220703125,281.70001220703125,277.1499938964844,280.0,280.0,12302522,0.0,0.0
2026-06-10,280.0,285.8500061035156,278.6499938964844,283.6499938964844,283.6499938964844,19823743,0.0,0.0
2026-06-11,283.0,283.25,281.20001220703125,282.3999938964844,282.3999938964844,12603100,0.0,0.0
2026-06-12,283.54998779296875,285.8500061035156,283.0,285.1000061035156,285.1000061035156,12893433,0.0,0.0
2026-06-15,287.0,288.8500061035156,286.70001220703125,287.8999938964844,287.8999938964844,11194950,0.0,0.0
2026-06-16,288.1499938964844,292.1499938964844,287.5,291.6499938964844,291.6499938964844,14467499,0.0,0.0
2026-06-17,291.95001220703125,292.3500061035156,290.0,290.75,290.75,8626353,0.0,0.0
2026-06-18,291.04998779296875,291.8999938964844,288.0,291.1499938964844,291.1499938964844,10409670,0.0,0.0
2026-06-19,289.79998779296875,294.54998779296875,288.3999938964844,292.5,292.5,13874008,0.0,0.0
2026-06-22,292.79998779296875,293.95001220703125,290.04998779296875,291.25,291.25,9947873,0.0,0.0
2026-06-23,291.25,293.1499938964844,289.6499938964844,290.0,290.0,9410364,0.0,0.0
2026-06-24,290.0,291.3999938964844,289.45001220703125,290.3500061035156,290.3500061035156,6218635,0.0,0.0
2026-06-25,290.3500061035156,292.25,289.20001220703125,290.0,290.0,11230239,0.0,0.0
2026-06-29,290.45001220703125,291.8999938964844,289.3500061035156,290.70001220703125,290.70001220703125,10110022,0.0,0.0
2026-06-30,291.5,291.6000061035156,285.5,286.95001220703125,286.95001220703125,18180676,0.0,0.0
2026-07-01,287.8500061035156,291.0,287.1000061035156,290.29998779296875,290.29998779296875,6551425,0.0,0.0
2026-07-02,290.70001220703125,291.0,287.70001220703125,289.8999938964844,289.8999938964844,12722639,0.0,0.0
2026-07-03,291.29998779296875,291.6000061035156,289.0,289.95001220703125,289.95001220703125,6517591,0.0,0.0
2026-07-06,289.95001220703125,290.3999938964844,287.6000061035156,288.25,288.25,27126124,0.0,0.0
2026-07-07,288.29998779296875,290.70001220703125,286.54998779296875,288.75,288.75,18491160,0.0,0.0
2026-07-08,286.8999938964844,287.8500061035156,280.0,280.6499938964844,280.6499938964844,21593793,0.0,0.0
2026-07-09,281.25,284.3999938964844,281.0,282.04998779296875,282.04998779296875,12512120,0.0,0.0
2026-07-10,282.8500061035156,283.6499938964844,280.8500061035156,281.75,281.75,11774274,0.0,0.0
2026-07-13,281.3500061035156,281.5,279.5,279.6499938964844,279.6499938964844,12559492,0.0,0.0
2026-07-14,279.25,280.6499938964844,275.0,275.54998779296875,275.54998779296875,15018851,0.0,0.0
2026-07-15,276.6499938964844,277.70001220703125,275.29998779296875,276.6499938964844,276.6499938964844,8523722,0.0,0.0
2026-07-16,277.0,280.45001220703125,276.0,279.3500061035156,279.3500061035156,11220653,0.0,0.0
2026-07-17,279.3500061035156,281.95001220703125,277.79998779296875,280.70001220703125,280.70001220703125,15215868,0.0,0.0
2026-07-20,280.70001220703125,283.70001220703125,279.5,282.70001220703125,282.70001220703125,9913943,0.0,0.0
2026-07-21,283.0,283.95001220703125,278.79998779296875,281.0,281.0,9858768,0.0,0.0
2026-07-22,280.5,282.20001220703125,278.5,280.79998779296875,280.79998779296875,12995017,0.0,0.0
2026-07-23,279.95001220703125,284.0,279.6499938964844,281.29998779296875,281.29998779296875,21143589,0.0,0.0
2026-07-24,279.54998779296875,284.8500061035156,279.54998779296875,283.45001220703125,283.45001220703125,24954082,0.0,0.0
2026-07-27,287.75,287.8999938964844,285.5,285.8500061035156,285.8500061035156,19312804,0.0,0.0
2026-07-28,284.8999938964844,287.95001220703125,282.29998779296875,284.6499938964844,284.6499938964844,14843878,0.0,0.0
2026-07-29,285.6000061035156,289.04998779296875,284.1499938964844,286.25,286.25,19030590,0.0,0.0
2026-07-30,286.1000061035156,288.3999938964844,283.75,285.04998779296875,285.04998779296875,18283697,0.0,0.0
2026-07-31,285.54998779296875,285.79998779296875,280.04998779296875,281.0,281.0,16833813,0.0,0.0
2026-08-03,284.45001220703125,292.54998779296875,283.0,287.0,287.0,45392755,0.0,0.0
2026-08-04,286.04998779296875,289.0,284.70001220703125,289.0,289.0,12689243,0.0,0.0
2026-08-05,288.25,288.5,285.0,286.95001220703125,286.95001220703125,11771241,0.0,0.0
2026-08-06,285.45001220703125,286.3500061035156,283.70001220703125,285.8999938964844,285.8999938964844,12447629,0.0,0.0
2026-08-07,285.0,286.1000061035156,284.3999938964844,286.1000061035156,286.1000061035156,6128841,0.0,0.0
2026-08-10,286.1000061035156,286.1000061035156,281.3999938964844,282.6499938964844,282.6499938964844,9347929,0.0,0.0
2026-08-11,282.0,282.6000061035156,278.0,279.0,279.0,13053722,0.0,0.0
2026-08-12,279.0,279.54998779296875,275.3999938964844,276.1499938964844,276.1499938964844,12630816,0.0,0.0
2026-08-13,276.20001220703125,278.5,276.04998779296875,278.5,278.5,11335590,0.0,0.0
2026-08-14,278.3500061035156,278.3500061035156,275.95001220703125,278.20001220703125,278.20001220703125,7338537,0.0,0.0
2026-08-17,278.20001220703125,278.20001220703125,273.0,273.04998779296875,273.04998779296875,12795275,0.0,0.0
2026-08-18,273.04998779296875,273.6499938964844,269.1499938964844,270.0,270.0,14561572,0.0,0.0
2026-08-19,270.0,270.95001220703125,265.8500061035156,267.04998779296875,267.04998779296875,13821291,0.0,0.0
2026-08-20,268.20001220703125,271.6499938964844,265.0,271.6499938964844,271.6499938964844,28272797,0.0,0.0
2026-08-21,271.6000061035156,271.6000061035156,269.0,269.3999938964844,269.3999938964844,8312928,0.0,0.0
2026-08-24,270.6000061035156,270.6000061035156,267.0,269.70001220703125,269.70001220703125,8518400,0.0,0.0
2026-08-25,269.70001220703125,271.3999938964844,267.6499938964844,271.3999938964844,271.3999938964844,8414719,0.0,0.0
2026-08-26,271.8500061035156,273.95001220703125,270.25,270.25,270.25,11693367,0.0,0.0
2026-08-27,269.5,271.25,268.0,269.0,269.0,8834890,0.0,0.0
2026-08-28,269.0,269.0,264.79998779296875,266.0,266.0,15200847,0.0,0.0
2026-08-31,266.0,266.54998779296875,255.5,255.5,255.5,24575845,0.0,0.0
2026-09-01,261.5,268.20001220703125,261.5,266.6000061035156,266.6000061035156,31258553,0.0,0.0
2026-09-02,266.0,269.0,262.79998779296875,266.29998779296875,266.29998779296875,14643482,0.0,0.0
2026-09-03,266.5,267.6000061035156,262.3500061035156,263.0,263.0,17813663,0.0,0.0
2026-09-04,264.0,266.25,262.6499938964844,264.1000061035156,264.1000061035156,9519153,0.0,0.0
2026-09-07,264.1000061035156,264.95001220703125,262.95001220703125,263.5,263.5,6688002,0.0,0.0
2026-09-08,263.5,265.8999938964844,262.70001220703125,263.5,263.5,7406617,0.0,0.0
2026-09-09,263.6499938964844,264.5,260.20001220703125,260.79998779296875,260.79998779296875,10065188,0.0,0.0
2026-09-10,261.0,263.8999938964844,259.1000061035156,259.29998779296875,259.29998779296875,17541602,0.0,0.0
