date,open,high,low,close,adj_close,volume,dividends,stock_splits
2021-01-29,92.0,92.5999984741211,88.1500015258789,88.94999694824219,71.14163208007812,36962884,0.0,0.0
2021-02-01,89.3499984741211,92.4000015258789,88.4000015258789,92.0,73.5810317993164,29033297,0.0,0.0
2021-02-02,92.9000015258789,95.3499984741211,92.9000015258789,94.1500015258789,75.3005599975586,29279584,0.0,0.0
2021-02-03,95.0999984741211,98.0999984741211,94.3000030517578,96.9499969482422,77.53997802734375,31420256,0.0,0.0
2021-02-04,97.3000030517578,100.1999969482422,97.0,99.0500030517578,79.21954345703125,39264443,0.0,0.0
2021-02-05,100.4000015258789,102.0,98.1500015258789,99.5,79.57946014404297,54911202,0.0,0.0
2021-02-08,96.1999969482422,100.9499969482422,96.0999984741211,100.3000030517578,80.21929931640625,53737961,0.0,0.0
2021-02-09,100.4000015258789,101.1999969482422,99.5,99.9499969482422,79.93936920166016,28074809,0.0,0.0
2021-02-10,100.0,100.5,98.6500015258789,99.8499984741211,79.8593978881836,19070866,0.0,0.0
2021-02-11,97.9000015258789,97.9000015258789,96.25,97.3000030517578,80.2304458618164,18452535,3.0,0.0
2021-02-12,97.8000030517578,97.9000015258789,94.8000030517578,95.9499969482422,79.11727905273438,21660998,0.0,0.0
2021-02-15,96.4499969482422,96.6999969482422,95.0,95.1999969482422,78.49885559082031,12574055,0.0,0.0
2021-02-16,95.8499984741211,99.1500015258789,95.5,98.0,80.80766296386719,32865663,0.0,0.0
2021-02-17,97.8499984741211,100.1500015258789,97.0,99.3499984741211,81.92081451416016,28774857,0.0,0.0
2021-02-18,99.6999969482422,104.25,99.5500030517578,103.4000015258789,85.26029205322266,50705280,0.0,0.0
2021-02-19,103.6500015258789,106.75,101.4000015258789,104.1999969482422,85.91996765136719,61069583,0.0,0.0
2021-02-22,104.3000030517578,106.3000030517578,101.4000015258789,102.0500030517578,84.14714050292969,30636415,0.0,0.0
2021-02-23,102.1500015258789,104.1500015258789,100.5500030517578,103.4000015258789,85.26029205322266,31233104,0.0,0.0
2021-02-24,104.5,104.6999969482422,102.0999984741211,103.1999969482422,85.09539794921875,16153025,0.0,0.0
2021-02-25,103.5999984741211,110.1999969482422,103.0,108.0,89.05331420898438,68361756,0.0,0.0
2021-02-26,107.0999984741211,110.9499969482422,104.8000030517578,107.3000030517578,88.47613525390625,67331805,0.0,0.0
2021-03-01,109.5,109.8000030517578,107.1500015258789,108.4499969482422,89.42436981201172,27205189,0.0,0.0
2021-03-02,108.4499969482422,113.6999969482422,107.9000015258789,112.5500030517578,92.80510711669922,53649872,0.0,0.0
2021-03-03,114.4499969482422,114.6999969482422,112.0,112.6999969482422,92.92880249023438,31702057,0.0,0.0
2021-03-04,111.5,113.0,110.5,110.8000030517578,91.36212158203124,28057179,0.0,0.0
2021-03-05,111.0,112.3499984741211,108.4000015258789,108.6999969482422,89.63052368164062,24778407,0.0,0.0
2021-03-08,110.6500015258789,113.3000030517578,109.5,110.5500030517578,91.15596771240234,28163362,0.0,0.0
2021-03-09,111.4000015258789,111.8499984741211,107.4499969482422,109.5,90.2901840209961,20611697,0.0,0.0
2021-03-10,110.3499984741211,110.5999984741211,108.9499969482422,109.6500015258789,90.41387176513672,13207045,0.0,0.0
2021-03-12,111.0,112.0999984741211,108.5999984741211,109.0999984741211,89.96035766601562,21763020,0.0,0.0
2021-03-15,109.9499969482422,111.0,107.6999969482422,110.5,91.11474609375,20350674,0.0,0.0
2021-03-16,110.5500030517578,111.4499969482422,109.3000030517578,109.5500030517578,90.33140563964844,15360040,0.0,0.0
2021-03-17,109.6999969482422,109.9000015258789,106.1500015258789,106.5500030517578,87.85769653320312,18850429,0.0,0.0
2021-03-18,107.4000015258789,108.25,103.1999969482422,103.8000030517578,85.59014129638672,20023557,0.0,0.0
2021-03-19,102.3499984741211,109.5500030517578,102.0,108.5,89.4655990600586,72249183,0.0,0.0
2021-03-22,108.8000030517578,110.5500030517578,106.8499984741211,109.8499984741211,90.57876586914062,31980425,0.0,0.0
2021-03-23,110.0,110.1999969482422,108.0999984741211,108.6500015258789,89.58928680419922,14060206,0.0,0.0
2021-03-24,108.0,109.4000015258789,105.5999984741211,106.0,87.40419006347656,15196366,0.0,0.0
2021-03-25,106.0,106.5,102.6500015258789,103.0,84.93048095703125,22543755,0.0,0.0
2021-03-26,105.75,105.75,103.6999969482422,104.1999969482422,85.91996765136719,17402475,0.0,0.0
2021-03-30,105.8499984741211,108.6999969482422,104.5999984741211,107.6999969482422,88.80595397949219,36129962,0.0,0.0
2021-03-31,107.6999969482422,109.0,106.0999984741211,106.5500030517578,87.85769653320312,23063667,0.0,0.0
2021-04-01,107.5,108.75,106.9499969482422,107.9000015258789,88.97085571289062,13753303,0.0,0.0
2021-04-05,107.4000015258789,107.8000030517578,103.75,106.3000030517578,87.65156555175781,15666099,0.0,0.0
2021-04-06,107.75,108.0999984741211,105.8000030517578,106.0500030517578,87.44541931152344,17393454,0.0,0.0
2021-04-07,106.9000015258789,107.3499984741211,105.25,105.4499969482422,86.95066833496094,15692013,0.0,0.0
2021-04-08,106.0,106.4499969482422,104.6999969482422,105.0,86.57962036132812,11394998,0.0,0.0
2021-04-09,105.9499969482422,105.9499969482422,102.4000015258789,102.8000030517578,84.76557159423828,19751417,0.0,0.0
2021-04-12,101.5,101.5,98.0500030517578,99.0500030517578,81.6734390258789,20221362,0.0,0.0
2021-04-13,99.5999984741211,101.1500015258789,99.25,100.5999984741211,82.9515151977539,19192856,0.0,0.0
2021-04-15,101.1999969482422,103.0,99.3000030517578,101.3499984741211,83.5699462890625,13865351,0.0,0.0
2021-04-16,101.9000015258789,102.9000015258789,100.5,102.4499969482422,84.4769515991211,14654851,0.0,0.0
2021-04-19,100.0,100.4000015258789,98.6500015258789,99.0500030517578,81.6734390258789,11652043,0.0,0.0
2021-04-20,99.1999969482422,100.9000015258789,98.1500015258789,99.0500030517578,81.6734390258789,16528675,0.0,0.0
2021-04-22,98.0500030517578,99.75,97.0500030517578,98.9499969482422,81.59098815917969,18614270,0.0,0.0
2021-04-23,98.0,103.0,98.0,102.5500030517578,84.55943298339844,29484794,0.0,0.0
2021-04-26,103.9499969482422,103.9499969482422,100.8499984741211,102.4000015258789,84.43574523925781,24369413,0.0,0.0
2021-04-27,102.0500030517578,103.5500030517578,101.6999969482422,102.0500030517578,84.14714050292969,17763436,0.0,0.0
2021-04-28,102.8499984741211,103.9499969482422,102.1500015258789,103.5999984741211,85.42521667480469,15160578,0.0,0.0
2021-04-29,104.5999984741211,105.0,102.6500015258789,103.0500030517578,84.97171020507812,11588556,0.0,0.0
2021-04-30,102.25,105.6500015258789,102.0500030517578,102.4499969482422,84.4769515991211,15321193,0.0,0.0
2021-05-03,101.4000015258789,104.5999984741211,101.0500030517578,104.25,85.96118927001953,12186212,0.0,0.0
2021-05-04,104.3000030517578,106.0500030517578,103.5,103.75,85.54891204833984,12992684,0.0,0.0
2021-05-05,104.75,105.6500015258789,102.8000030517578,103.9000015258789,85.67259216308594,14956169,0.0,0.0
2021-05-06,105.0,105.0999984741211,102.6500015258789,103.0500030517578,84.97171020507812,13547274,0.0,0.0
2021-05-07,104.0,105.5,103.3499984741211,105.0500030517578,86.62084197998047,13229291,0.0,0.0
2021-05-10,106.0,108.0,105.5999984741211,107.6999969482422,88.80595397949219,23980945,0.0,0.0
2021-05-11,108.0,113.4000015258789,106.6999969482422,112.6999969482422,92.92880249023438,45613487,0.0,0.0
2021-05-12,114.1999969482422,116.75,111.75,113.3000030517578,93.42353057861328,62158914,0.0,0.0
2021-05-14,113.9499969482422,113.9499969482422,110.1500015258789,111.4000015258789,91.85685729980467,16227312,0.0,0.0
2021-05-17,111.1999969482422,112.25,109.9499969482422,111.5500030517578,91.98055267333984,12832920,0.0,0.0
2021-05-18,112.5999984741211,114.1999969482422,111.75,112.0999984741211,92.43405151367188,14892142,0.0,0.0
2021-05-19,113.1500015258789,113.1500015258789,110.9499969482422,111.9499969482422,92.31037139892578,12610425,0.0,0.0
2021-05-20,112.0,112.75,110.9000015258789,111.75,92.14544677734376,10303689,0.0,0.0
2021-05-21,112.3000030517578,113.1500015258789,111.25,112.8499984741211,93.05248260498048,12171685,0.0,0.0
2021-05-24,112.3499984741211,113.9499969482422,112.0500030517578,112.9000015258789,93.09369659423828,11341268,0.0,0.0
2021-05-25,113.9000015258789,114.8499984741211,113.0500030517578,113.3000030517578,93.42353057861328,15289982,0.0,0.0
2021-05-26,114.0,114.0,110.9000015258789,111.0999984741211,91.60945892333984,17466748,0.0,0.0
2021-05-27,111.5999984741211,111.6500015258789,109.3000030517578,110.3000030517578,90.9498291015625,34169451,0.0,0.0
2021-05-28,110.3000030517578,111.0,108.3499984741211,108.9499969482422,89.836669921875,13383166,0.0,0.0
2021-05-31,108.9499969482422,111.3499984741211,107.8000030517578,110.5,91.11474609375,14754293,0.0,0.0
2021-06-01,110.9499969482422,111.4499969482422,109.5,110.1999969482422,90.8673858642578,10271211,0.0,0.0
2021-06-02,110.0999984741211,111.3499984741211,110.0500030517578,111.1500015258789,91.65071105957033,6492771,0.0,0.0
2021-06-03,111.5999984741211,112.1999969482422,110.4499969482422,111.8000030517578,92.18668365478516,12140851,0.0,0.0
2021-06-04,111.5,113.0,111.0500030517578,111.75,92.14544677734376,8930671,0.0,0.0
2021-06-07,112.1500015258789,116.75,112.0,116.4000015258789,95.97969818115234,28407410,0.0,0.0
2021-06-08,117.5,118.5,116.0,116.1999969482422,95.81475830078124,43191813,0.0,0.0
2021-06-09,116.5,121.0,115.8000030517578,118.0999984741211,97.38146209716795,49807823,0.0,0.0
2021-06-10,119.3499984741211,119.9000015258789,117.3000030517578,118.5,97.7112808227539,22144392,0.0,0.0
2021-06-11,118.9000015258789,119.5500030517578,117.5500030517578,118.8000030517578,97.95865631103516,13871562,0.0,0.0
2021-06-14,118.8000030517578,118.9000015258789,116.25,118.1999969482422,97.46390533447266,14179055,0.0,0.0
2021-06-15,118.1999969482422,118.9499969482422,117.5999984741211,117.8000030517578,97.13408660888672,8148417,0.0,0.0
2021-06-16,117.8000030517578,120.5999984741211,116.8499984741211,119.8000030517578,98.78323364257812,21585917,0.0,0.0
2021-06-17,118.1999969482422,120.5999984741211,116.9499969482422,117.4000015258789,96.80426025390624,14466025,0.0,0.0
2021-06-18,117.4000015258789,118.1500015258789,112.9000015258789,113.5500030517578,93.62966918945312,43927941,0.0,0.0
2021-06-21,113.25,118.4499969482422,113.0500030517578,118.0,97.29899597167967,34597018,0.0,0.0
2021-06-22,118.5,118.9000015258789,116.9499969482422,118.3000030517578,97.54637908935548,16712010,0.0,0.0
2021-06-23,118.8499984741211,118.8499984741211,116.9499969482422,117.25,96.68058013916016,12590251,0.0,0.0
2021-06-24,117.1999969482422,118.5,115.6999969482422,118.0,97.29899597167967,14046692,0.0,0.0
2021-06-25,119.0999984741211,119.0999984741211,115.6999969482422,116.0500030517578,95.69110870361328,12768348,0.0,0.0
2021-06-28,116.9000015258789,117.8499984741211,116.0,116.1500015258789,95.77355194091795,10709748,0.0,0.0
2021-06-29,116.25,118.5500030517578,115.4000015258789,117.5999984741211,96.96916198730467,33488455,0.0,0.0
2021-06-30,117.8499984741211,118.4499969482422,116.1500015258789,116.4000015258789,95.97969818115234,16739618,0.0,0.0
2021-07-01,116.8000030517578,117.8000030517578,115.6999969482422,117.3499984741211,96.76305389404295,12479506,0.0,0.0
2021-07-02,117.5500030517578,119.0500030517578,117.0,117.5,96.88671112060548,17215972,0.0,0.0
2021-07-05,117.9000015258789,119.0999984741211,117.25,118.5999984741211,97.79373931884766,16409169,0.0,0.0
2021-07-06,118.0999984741211,118.9499969482422,117.0500030517578,117.6500015258789,97.0103988647461,14979094,0.0,0.0
2021-07-07,117.0500030517578,118.1999969482422,116.8499984741211,117.4499969482422,96.84548950195312,14545289,0.0,0.0
2021-07-08,117.3499984741211,118.6999969482422,117.1999969482422,117.4499969482422,96.84548950195312,12037089,0.0,0.0
2021-07-09,117.0,118.4000015258789,116.25,117.8000030517578,97.13408660888672,9585144,0.0,0.0
2021-07-12,118.0,118.75,117.1500015258789,117.8499984741211,97.17530059814452,7651672,0.0,0.0
2021-07-13,118.1500015258789,122.0,118.0999984741211,119.9000015258789,98.8656768798828,30663035,0.0,0.0
2021-07-14,119.9499969482422,120.9499969482422,119.8000030517578,120.75,99.5665512084961,9539611,0.0,0.0
2021-07-15,120.75,121.1999969482422,119.1999969482422,120.3000030517578,99.19550323486328,11278872,0.0,0.0
2021-07-16,120.1500015258789,120.8000030517578,118.3000030517578,119.0999984741211,98.20602416992188,17198632,0.0,0.0
2021-07-19,119.0999984741211,121.8499984741211,118.5,121.4000015258789,100.10253143310548,14364285,0.0,0.0
2021-07-20,122.0,122.0,118.1999969482422,118.4499969482422,97.6700439453125,11360716,0.0,0.0
2021-07-22,118.75,119.6999969482422,118.5500030517578,119.1999969482422,98.2884750366211,9520328,0.0,0.0
2021-07-23,119.4000015258789,120.0999984741211,118.3000030517578,118.5,97.7112808227539,10442400,0.0,0.0
2021-07-26,118.1999969482422,120.0,118.0500030517578,119.3499984741211,98.41214752197266,5370055,0.0,0.0
2021-07-27,119.3000030517578,119.5999984741211,118.1999969482422,118.8499984741211,97.99989318847656,5280342,0.0,0.0
2021-07-28,119.5500030517578,119.5500030517578,115.8000030517578,116.8000030517578,96.30953216552734,11010096,0.0,0.0
2021-07-29,117.6999969482422,118.25,115.25,116.75,96.26829528808594,11897018,0.0,0.0
2021-07-30,116.9499969482422,119.9499969482422,116.25,118.1999969482422,97.46390533447266,14546264,0.0,0.0
2021-08-02,118.5999984741211,118.75,117.0,117.75,97.09286499023438,11742555,0.0,0.0
2021-08-03,118.5,118.5,116.5,117.6500015258789,97.0103988647461,21122697,0.0,0.0
2021-08-04,118.0500030517578,118.8499984741211,116.5500030517578,117.8499984741211,97.17530059814452,9432176,0.0,0.0
2021-08-05,117.0500030517578,117.8000030517578,115.9499969482422,116.5,96.06214904785156,11045322,0.0,0.0
2021-08-06,116.5,118.6999969482422,116.4499969482422,117.6500015258789,97.0103988647461,8434733,0.0,0.0
2021-08-09,118.5,119.0999984741211,116.5500030517578,116.6999969482422,96.22705841064452,7816050,0.0,0.0
2021-08-10,116.9000015258789,117.1999969482422,113.6500015258789,114.3499984741211,94.2893295288086,9774255,0.0,0.0
2021-08-11,114.6999969482422,117.3000030517578,114.5500030517578,116.9499969482422,96.43319702148438,8056886,0.0,0.0
2021-08-12,116.9499969482422,119.4000015258789,116.5,119.1500015258789,98.24726104736328,8640167,0.0,0.0
2021-08-13,119.4499969482422,119.4499969482422,117.1999969482422,118.25,97.50513458251952,9744939,0.0,0.0
2021-08-16,118.25,119.4000015258789,118.0999984741211,118.8499984741211,97.99989318847656,8768804,0.0,0.0
2021-08-17,119.3499984741211,119.5,116.1999969482422,117.4000015258789,96.80426025390624,8758578,0.0,0.0
2021-08-18,117.4000015258789,118.9000015258789,116.0999984741211,116.5500030517578,96.1033706665039,9357721,0.0,0.0
2021-08-20,116.3000030517578,117.0,113.4499969482422,114.1500015258789,94.12442016601562,11684504,0.0,0.0
2021-08-23,115.5,115.75,112.1999969482422,113.4000015258789,93.5060043334961,6271685,0.0,0.0
2021-08-24,114.1999969482422,116.3000030517578,113.6500015258789,113.9499969482422,93.95948028564452,11791078,0.0,0.0
2021-08-25,114.6999969482422,115.25,113.8000030517578,114.0,94.00072479248048,9491958,0.0,0.0
2021-08-26,114.0999984741211,114.5,111.9499969482422,112.75,92.9700164794922,11668986,0.0,0.0
2021-08-27,112.6999969482422,114.0999984741211,112.0999984741211,113.4000015258789,93.5060043334961,8095717,0.0,0.0
2021-08-30,113.25,115.5,113.25,114.9499969482422,94.78404998779295,9915170,0.0,0.0
2021-08-31,115.25,116.3499984741211,114.6999969482422,115.9499969482422,95.60863494873048,11386659,0.0,0.0
2021-09-01,116.0,116.6999969482422,114.75,115.4000015258789,95.1551284790039,7508413,0.0,0.0
2021-09-02,115.0999984741211,116.6999969482422,115.0,116.5,96.06214904785156,5700524,0.0,0.0
2021-09-03,117.0,117.9000015258789,116.5,117.0,96.47443389892578,9364904,0.0,0.0
2021-09-06,117.6500015258789,117.6500015258789,115.9000015258789,116.4499969482422,96.02091217041016,7005043,0.0,0.0
2021-09-07,116.6999969482422,116.9000015258789,115.25,115.8499984741211,95.52618408203124,7723357,0.0,0.0
2021-09-08,113.8499984741211,114.5999984741211,112.4000015258789,114.0500030517578,96.67047119140624,10508654,3.15,0.0
2021-09-09,113.9499969482422,114.75,113.5,114.5500030517578,97.09427642822266,5757417,0.0,0.0
2021-09-13,114.6500015258789,115.5,114.1500015258789,115.0,97.47569274902344,6322443,0.0,0.0
2021-09-14,115.25,116.1500015258789,114.8000030517578,115.9000015258789,98.23856353759766,7369292,0.0,0.0
2021-09-15,116.0,124.8499984741211,116.0,124.1999969482422,105.27375793457033,48721413,0.0,0.0
2021-09-16,124.5,125.6999969482422,123.0,124.0,105.10423278808594,17684303,0.0,0.0
2021-09-17,124.1500015258789,124.6999969482422,121.5500030517578,123.75,104.89231872558594,15763396,0.0,0.0
2021-09-20,122.5,123.9499969482422,121.8000030517578,122.6999969482422,104.0023193359375,7431359,0.0,0.0
2021-09-21,122.3000030517578,125.4000015258789,122.0999984741211,124.0999984741211,105.1889877319336,8629222,0.0,0.0
2021-09-22,124.5999984741211,127.0,124.0,124.4000015258789,105.44327545166016,11698183,0.0,0.0
2021-09-23,124.8000030517578,127.0,124.6500015258789,126.1999969482422,106.96898651123048,11053966,0.0,0.0
2021-09-24,126.5,126.6999969482422,123.9499969482422,124.25,105.31613159179688,8598140,0.0,0.0
2021-09-27,125.3000030517578,127.8000030517578,124.5,126.8499984741211,107.51993560791016,8490460,0.0,0.0
2021-09-28,127.5,133.64999389648438,127.3499984741211,131.9499969482422,111.8427505493164,35900138,0.0,0.0
2021-09-29,131.39999389648438,144.25,130.60000610351562,140.64999389648438,119.2170181274414,75859390,0.0,0.0
2021-09-30,141.75,143.1999969482422,139.10000610351562,141.85000610351562,120.2341537475586,34614825,0.0,0.0
2021-10-01,140.9499969482422,144.35000610351562,137.6999969482422,139.89999389648438,118.581298828125,22452069,0.0,0.0
2021-10-04,143.4499969482422,149.35000610351562,140.5,145.5500030517578,123.37033081054688,58612212,0.0,0.0
2021-10-05,145.5500030517578,147.85000610351562,144.1999969482422,145.39999389648438,123.24317169189452,24390676,0.0,0.0
2021-10-06,146.4499969482422,147.3000030517578,142.8000030517578,143.3000030517578,121.46320343017578,14421296,0.0,0.0
2021-10-07,144.1999969482422,145.64999389648438,142.25,142.8000030517578,121.03936767578124,10035682,0.0,0.0
2021-10-08,143.5500030517578,143.89999389648438,140.3000030517578,141.10000610351562,119.59844207763672,10686586,0.0,0.0
2021-10-11,142.0,146.75,141.4499969482422,144.8000030517578,122.734619140625,17449923,0.0,0.0
2021-10-12,146.0,146.25,143.8000030517578,144.5500030517578,122.52268981933594,16030831,0.0,0.0
2021-10-13,145.5,147.25,144.6999969482422,146.35000610351562,124.04842376708984,19100941,0.0,0.0
2021-10-14,147.5,150.60000610351562,146.85000610351562,149.39999389648438,126.63361358642578,29263867,0.0,0.0
2021-10-18,151.25,151.6999969482422,148.6999969482422,149.5500030517578,126.76078033447266,25346029,0.0,0.0
2021-10-19,150.9499969482422,152.10000610351562,148.10000610351562,149.64999389648438,126.84554290771484,20234486,0.0,0.0
2021-10-20,150.64999389648438,150.64999389648438,145.3000030517578,146.25,123.96365356445312,16129487,0.0,0.0
2021-10-21,147.6999969482422,148.5500030517578,145.89999389648438,147.89999389648438,125.3622055053711,20818539,0.0,0.0
2021-10-22,147.85000610351562,148.10000610351562,144.0,144.89999389648438,122.81937408447266,11379569,0.0,0.0
2021-10-25,144.6999969482422,146.25,143.14999389648438,143.89999389648438,121.97174072265624,14079380,0.0,0.0
2021-10-26,145.3000030517578,145.64999389648438,142.4499969482422,143.1999969482422,121.37840270996094,16224116,0.0,0.0
2021-10-27,144.0,144.5500030517578,140.85000610351562,141.3000030517578,119.7679672241211,15072448,0.0,0.0
2021-10-28,141.3000030517578,141.85000610351562,136.3000030517578,137.35000610351562,116.41989135742188,19999659,0.0,0.0
2021-10-29,131.0,136.89999389648438,128.5500030517578,132.64999389648438,112.43609619140624,29217522,0.0,0.0
2021-11-01,133.1999969482422,135.3000030517578,130.89999389648438,134.3000030517578,113.83466339111328,10043407,0.0,0.0
2021-11-02,135.0,140.8000030517578,135.0,136.64999389648438,115.82653045654295,21525811,0.0,0.0
2021-11-03,137.9499969482422,138.9499969482422,135.5500030517578,136.75,115.91130828857422,9808728,0.0,0.0
2021-11-04,138.3000030517578,138.3000030517578,136.9499969482422,137.14999389648438,116.2503662109375,1026849,0.0,0.0
2021-11-08,138.6999969482422,140.60000610351562,136.5500030517578,140.3000030517578,118.92035675048828,12765483,0.0,0.0
2021-11-09,140.75,141.39999389648438,138.0500030517578,138.5,117.39464569091795,9556650,0.0,0.0
2021-11-10,138.1999969482422,138.25,136.75,137.39999389648438,116.46226501464844,5479056,0.0,0.0
2021-11-11,137.5,137.75,134.35000610351562,136.64999389648438,115.82653045654295,11418813,0.0,0.0
2021-11-12,138.1999969482422,138.1999969482422,134.64999389648438,136.4499969482422,115.65703582763672,9306659,0.0,0.0
2021-11-15,137.3000030517578,137.64999389648438,136.0,137.14999389648438,116.2503662109375,3991733,0.0,0.0
2021-11-16,137.6999969482422,137.8000030517578,134.0,134.3000030517578,113.83466339111328,5762128,0.0,0.0
2021-11-17,134.0,138.0,134.0,136.4499969482422,115.65703582763672,15264066,0.0,0.0
2021-11-18,136.60000610351562,137.60000610351562,134.75,135.3000030517578,114.68226623535156,9942974,0.0,0.0
2021-11-22,135.0,136.89999389648438,129.6999969482422,130.14999389648438,110.31704711914062,15990636,0.0,0.0
2021-11-23,130.0500030517578,133.75,128.14999389648438,133.5,113.15655517578124,11510010,0.0,0.0
2021-11-24,134.5,137.3000030517578,133.5500030517578,135.35000610351562,114.72466278076172,7570759,0.0,0.0
2021-11-25,135.5,136.6999969482422,132.3000030517578,135.1999969482422,114.5975112915039,13919886,0.0,0.0
2021-11-26,133.1999969482422,134.0500030517578,128.0,128.85000610351562,109.21515655517578,13323593,0.0,0.0
2021-11-29,127.8000030517578,129.35000610351562,125.0500030517578,126.5,107.22325897216795,16077669,0.0,0.0
2021-11-30,127.8000030517578,129.4499969482422,124.6999969482422,127.25,107.85896301269533,22883512,0.0,0.0
2021-12-01,130.0,132.9499969482422,125.8499984741211,127.6999969482422,108.24039459228516,17010938,0.0,0.0
2021-12-02,127.6999969482422,130.3000030517578,126.5999984741211,128.6999969482422,109.08800506591795,12916313,0.0,0.0
2021-12-03,128.6999969482422,130.25,126.4000015258789,127.0,107.6470718383789,12827354,0.0,0.0
2021-12-06,127.0,127.5999984741211,124.0,124.3499984741211,105.40088653564452,8158812,0.0,0.0
2021-12-07,125.0999984741211,126.4000015258789,124.0,125.3499984741211,106.2485122680664,8701301,0.0,0.0
2021-12-08,124.8499984741211,127.6500015258789,124.8499984741211,127.25,107.85896301269533,12093435,0.0,0.0
2021-12-09,127.25,127.6500015258789,125.6500015258789,126.0500030517578,106.84183502197266,11518172,0.0,0.0
2021-12-10,126.0999984741211,126.6999969482422,124.4000015258789,126.1500015258789,106.92659759521484,8389566,0.0,0.0
2021-12-13,127.5999984741211,128.60000610351562,125.5,125.8000030517578,106.62994384765624,13223189,0.0,0.0
2021-12-14,125.0,127.4499969482422,125.0,126.3499984741211,107.09612274169922,11649242,0.0,0.0
2021-12-15,126.1500015258789,128.4499969482422,125.9000015258789,126.6999969482422,107.39279174804688,11916145,0.0,0.0
2021-12-16,127.5500030517578,128.1999969482422,126.25,127.4000015258789,107.9861068725586,10758513,0.0,0.0
2021-12-17,127.4000015258789,127.6999969482422,124.0999984741211,125.5500030517578,106.41803741455078,13041775,0.0,0.0
2021-12-20,124.5,125.4499969482422,119.0999984741211,121.75,103.19709777832033,14185935,0.0,0.0
2021-12-21,123.5500030517578,124.6999969482422,120.8499984741211,122.1999969482422,103.57850646972656,10168470,0.0,0.0
2021-12-22,123.0500030517578,123.9000015258789,121.6500015258789,122.5500030517578,103.87517547607422,7885198,0.0,0.0
2021-12-23,123.0999984741211,125.4000015258789,122.8000030517578,124.5500030517578,105.57042694091795,9836979,0.0,0.0
2021-12-24,124.8000030517578,125.0,120.9000015258789,121.25,102.77327728271484,8509575,0.0,0.0
2021-12-27,121.25,122.1500015258789,120.5999984741211,121.8499984741211,103.28185272216795,5097217,0.0,0.0
2021-12-28,122.0,124.5999984741211,121.9499969482422,124.0999984741211,105.1889877319336,6511374,0.0,0.0
2021-12-29,124.5999984741211,124.75,122.1999969482422,123.1500015258789,104.38373565673828,8960770,0.0,0.0
2021-12-30,123.25,127.8499984741211,122.25,126.9000015258789,107.56231689453124,32394253,0.0,0.0
2021-12-31,126.8000030517578,126.8000030517578,124.0,124.4000015258789,105.44327545166016,9155163,0.0,0.0
2022-01-03,125.4000015258789,126.5500030517578,124.6999969482422,126.0,106.79947662353516,9034081,0.0,0.0
2022-01-04,127.0,133.3000030517578,126.75,132.89999389648438,112.6479949951172,33986738,0.0,0.0
2022-01-05,132.60000610351562,132.85000610351562,130.6999969482422,132.0,111.88514709472656,16122852,0.0,0.0
2022-01-06,132.35000610351562,132.35000610351562,129.3000030517578,130.89999389648438,110.95276641845705,8037648,0.0,0.0
2022-01-07,131.3000030517578,132.1999969482422,129.4499969482422,131.35000610351562,111.33421325683594,8820039,0.0,0.0
2022-01-10,131.9499969482422,132.3000030517578,130.75,131.85000610351562,111.7580108642578,7324926,0.0,0.0
2022-01-11,132.14999389648438,134.0,131.0,132.3000030517578,112.1394271850586,11971883,0.0,0.0
2022-01-12,133.35000610351562,134.1999969482422,132.35000610351562,133.85000610351562,113.45323944091795,10439580,0.0,0.0
2022-01-13,134.39999389648438,136.64999389648438,133.5,134.9499969482422,114.38561248779295,15114699,0.0,0.0
2022-01-14,134.39999389648438,136.14999389648438,133.3000030517578,135.35000610351562,114.72466278076172,9344382,0.0,0.0
2022-01-17,134.64999389648438,137.35000610351562,134.4499969482422,136.60000610351562,115.78417205810548,9803141,0.0,0.0
2022-01-18,136.60000610351562,137.75,134.39999389648438,135.0,114.427978515625,6473378,0.0,0.0
2022-01-19,134.10000610351562,135.3000030517578,132.9499969482422,134.8000030517578,114.25845336914062,21136414,0.0,0.0
2022-01-20,134.5,136.35000610351562,134.14999389648438,134.89999389648438,114.34322357177734,8466412,0.0,0.0
2022-01-21,134.0500030517578,136.10000610351562,132.5500030517578,134.10000610351562,113.66514587402344,12437749,0.0,0.0
2022-01-24,133.0,135.25,131.0,132.60000610351562,112.39371490478516,14284658,0.0,0.0
2022-01-25,131.1999969482422,135.64999389648438,131.0500030517578,135.3000030517578,114.68226623535156,10007486,0.0,0.0
2022-01-27,134.1999969482422,136.0,133.14999389648438,135.0,114.427978515625,18760325,0.0,0.0
2022-01-28,140.0,144.0,138.0,140.14999389648438,118.7931900024414,34009553,0.0,0.0
2022-01-31,142.0,143.39999389648438,138.5500030517578,142.0500030517578,120.40367126464844,27928927,0.0,0.0
2022-02-01,144.0,144.14999389648438,140.4499969482422,141.14999389648438,119.64081573486328,17413984,0.0,0.0
2022-02-02,142.0,142.75,140.75,141.14999389648438,119.64081573486328,10783943,0.0,0.0
2022-02-03,137.5,138.60000610351562,136.3000030517578,136.64999389648438,119.20462799072266,9571728,4.0,0.0
2022-02-04,137.0,137.4499969482422,133.89999389648438,134.1999969482422,117.06741333007812,7213085,0.0,0.0
2022-02-07,134.1999969482422,136.35000610351562,134.1999969482422,135.14999389648438,117.8961410522461,10562489,0.0,0.0
2022-02-08,135.4499969482422,135.64999389648438,132.8000030517578,135.0,117.76528930664062,8721631,0.0,0.0
2022-02-09,135.3000030517578,135.60000610351562,133.85000610351562,135.0500030517578,117.80892181396484,5144026,0.0,0.0
2022-02-10,135.14999389648438,136.85000610351562,134.3000030517578,136.4499969482422,119.03018951416016,6081460,0.0,0.0
2022-02-11,134.4499969482422,137.6999969482422,134.4499969482422,137.14999389648438,119.64083099365234,8426925,0.0,0.0
2022-02-14,134.6999969482422,136.4499969482422,131.8000030517578,132.5,115.58447265625,7705072,0.0,0.0
2022-02-15,132.10000610351562,135.8000030517578,130.64999389648438,135.35000610351562,118.07062530517578,12674466,0.0,0.0
2022-02-16,134.89999389648438,136.6999969482422,132.85000610351562,133.1999969482422,116.1950912475586,12946623,0.0,0.0
2022-02-17,134.5,134.89999389648438,132.4499969482422,132.75,115.80254364013672,5811964,0.0,0.0
2022-02-18,132.75,134.10000610351562,131.89999389648438,132.35000610351562,115.45360565185548,6760078,0.0,0.0
2022-02-21,132.39999389648438,134.14999389648438,131.14999389648438,131.9499969482422,115.10466003417967,12212740,0.0,0.0
2022-02-22,131.0500030517578,132.5,127.9000015258789,132.10000610351562,115.23553466796876,13578566,0.0,0.0
2022-02-23,132.0,133.4499969482422,129.85000610351562,130.1999969482422,113.57808685302734,9263264,0.0,0.0
2022-02-24,127.0,129.0,123.6500015258789,124.4000015258789,108.51854705810548,18045779,0.0,0.0
2022-02-25,125.0,131.0,125.0,130.35000610351562,113.70895385742188,10424521,0.0,0.0
2022-02-28,128.9499969482422,133.9499969482422,128.8000030517578,133.5,116.456787109375,13262687,0.0,0.0
2022-03-02,132.8000030517578,135.0,130.4499969482422,130.9499969482422,114.23234558105467,12587947,0.0,0.0
2022-03-03,132.10000610351562,133.4499969482422,130.25,132.10000610351562,115.23553466796876,15628119,0.0,0.0
2022-03-04,132.0,133.35000610351562,129.75,130.1999969482422,113.57808685302734,15883138,0.0,0.0
2022-03-07,129.0,130.5,126.9000015258789,130.0500030517578,113.44723510742188,14985637,0.0,0.0
2022-03-08,130.5,135.8000030517578,130.5,133.75,116.67485809326172,28572640,0.0,0.0
2022-03-09,133.9499969482422,133.9499969482422,131.10000610351562,131.5,114.7121353149414,14286413,0.0,0.0
2022-03-10,132.89999389648438,135.0,131.9499969482422,132.9499969482422,115.97698974609376,13101323,0.0,0.0
2022-03-11,132.89999389648438,133.39999389648438,131.5,131.9499969482422,115.10466003417967,8669803,0.0,0.0
2022-03-14,131.9499969482422,132.89999389648438,130.75,132.14999389648438,115.27913665771484,5670284,0.0,0.0
2022-03-15,131.3000030517578,132.9499969482422,130.64999389648438,131.0500030517578,114.319580078125,6895190,0.0,0.0
2022-03-16,132.39999389648438,133.0,131.5500030517578,132.75,115.80254364013672,5561866,0.0,0.0
2022-03-17,133.5,134.3000030517578,131.89999389648438,132.89999389648438,115.9333953857422,13995384,0.0,0.0
2022-03-21,132.89999389648438,133.39999389648438,131.6999969482422,132.89999389648438,115.9333953857422,9172207,0.0,0.0
2022-03-22,133.3000030517578,134.14999389648438,131.75,132.85000610351562,115.88978576660156,10343712,0.0,0.0
2022-03-23,132.89999389648438,133.75,132.1999969482422,133.4499969482422,116.41317749023438,11892811,0.0,0.0
2022-03-24,133.5,135.6999969482422,133.35000610351562,135.39999389648438,118.1142120361328,11276181,0.0,0.0
2022-03-25,136.0,136.14999389648438,134.1999969482422,134.75,117.54720306396484,7266868,0.0,0.0
2022-03-28,135.5,135.5,133.8000030517578,134.8000030517578,117.5908203125,7778682,0.0,0.0
2022-03-29,135.0,135.3000030517578,133.89999389648438,134.35000610351562,117.19828033447266,5116935,0.0,0.0
2022-03-30,135.0,135.9499969482422,133.4499969482422,135.3000030517578,118.02699279785156,24047012,0.0,0.0
2022-03-31,134.3000030517578,135.60000610351562,134.3000030517578,135.0,117.76528930664062,11615450,0.0,0.0
2022-04-01,138.0,143.4499969482422,136.8000030517578,142.9499969482422,124.7003936767578,32589741,0.0,0.0
2022-04-04,141.85000610351562,146.0,141.5,144.3000030517578,125.87802124023438,15437496,0.0,0.0
2022-04-05,145.39999389648438,150.60000610351562,144.75,149.10000610351562,130.06521606445312,23958626,0.0,0.0
2022-04-06,150.35000610351562,155.3000030517578,148.3000030517578,153.0,133.4673309326172,52737388,0.0,0.0
2022-04-07,152.9499969482422,158.0,152.1999969482422,153.5,133.9034881591797,37738903,0.0,0.0
2022-04-08,154.89999389648438,154.89999389648438,151.1999969482422,152.0500030517578,132.6386260986328,17585569,0.0,0.0
2022-04-11,152.4499969482422,154.60000610351562,151.85000610351562,153.10000610351562,133.5545654296875,15583159,0.0,0.0
2022-04-12,152.6999969482422,153.60000610351562,150.85000610351562,152.60000610351562,133.11839294433594,11306524,0.0,0.0
2022-04-13,153.0500030517578,156.1999969482422,152.75,153.9499969482422,134.29605102539062,19454061,0.0,0.0
2022-04-18,154.89999389648438,163.75,154.5,163.1999969482422,142.3651580810547,82098517,0.0,0.0
2022-04-19,164.89999389648438,166.35000610351562,159.5,160.64999389648438,140.1407012939453,38522118,0.0,0.0
2022-04-20,162.14999389648438,163.1999969482422,159.0,160.5,140.00985717773438,20047692,0.0,0.0
2022-04-21,161.60000610351562,163.39999389648438,160.35000610351562,162.6999969482422,141.92901611328125,21966151,0.0,0.0
2022-04-22,161.25,163.0,159.85000610351562,160.4499969482422,139.9662322998047,9922564,0.0,0.0
2022-04-25,158.60000610351562,160.89999389648438,155.39999389648438,156.10000610351562,136.17160034179688,12008027,0.0,0.0
2022-04-26,157.60000610351562,158.4499969482422,156.0,157.0,136.95668029785156,11735823,0.0,0.0
2022-04-27,156.8000030517578,159.60000610351562,155.1999969482422,155.64999389648438,135.7790069580078,17873048,0.0,0.0
2022-04-28,158.0,160.10000610351562,155.25,159.6999969482422,139.3119659423828,29123808,0.0,0.0
2022-04-29,160.39999389648438,161.0,155.6999969482422,156.1999969482422,136.25881958007812,28941216,0.0,0.0
2022-05-02,154.60000610351562,158.35000610351562,153.0,157.5,137.39283752441406,13368198,0.0,0.0
2022-05-04,158.0,161.89999389648438,157.3000030517578,158.64999389648438,138.3960418701172,24511385,0.0,0.0
2022-05-05,159.60000610351562,160.75,157.0,158.39999389648438,138.17794799804688,33396072,0.0,0.0
2022-05-06,156.4499969482422,160.35000610351562,156.0500030517578,159.0,138.7013702392578,22604305,0.0,0.0
2022-05-09,158.9499969482422,159.8000030517578,155.9499969482422,159.0,138.7013702392578,22958742,0.0,0.0
2022-05-10,158.9499969482422,161.25,154.5,155.4499969482422,135.6045379638672,20322427,0.0,0.0
2022-05-11,154.0500030517578,156.9499969482422,150.0500030517578,152.5500030517578,133.0747833251953,13794764,0.0,0.0
2022-05-12,151.10000610351562,153.0,148.0,148.5500030517578,129.58547973632812,11818556,0.0,0.0
2022-05-13,150.0,150.0,143.5,144.14999389648438,125.74716186523438,22913410,0.0,0.0
2022-05-16,143.39999389648438,148.89999389648438,141.64999389648438,148.25,129.32374572753906,16286682,0.0,0.0
2022-05-17,147.5,150.75,146.3000030517578,150.5,131.2864990234375,13925542,0.0,0.0
2022-05-18,150.5,150.89999389648438,147.1999969482422,148.5,129.5418243408203,17611218,0.0,0.0
2022-05-19,147.5,148.5500030517578,145.75,148.0,129.10565185546875,11701170,0.0,0.0
2022-05-20,150.9499969482422,150.9499969482422,147.64999389648438,149.60000610351562,130.50140380859375,17841739,0.0,0.0
2022-05-23,154.39999389648438,155.35000610351562,148.39999389648438,150.14999389648438,130.98118591308594,26055890,0.0,0.0
2022-05-24,150.14999389648438,151.85000610351562,146.3000030517578,146.89999389648438,128.14608764648438,16581141,0.0,0.0
2022-05-25,148.39999389648438,153.14999389648438,147.39999389648438,152.64999389648438,133.16201782226562,19926619,0.0,0.0
2022-05-26,153.14999389648438,155.10000610351562,150.60000610351562,154.14999389648438,134.4705047607422,22698086,0.0,0.0
2022-05-27,155.0,155.0,149.5,150.4499969482422,131.24288940429688,10245727,0.0,0.0
2022-05-30,150.0500030517578,152.5,148.8000030517578,150.89999389648438,131.63540649414062,12513990,0.0,0.0
2022-05-31,151.10000610351562,158.0,150.35000610351562,156.0,136.08433532714844,124665699,0.0,0.0
2022-06-01,156.4499969482422,160.1999969482422,156.25,156.8000030517578,136.7822265625,16084988,0.0,0.0
2022-06-02,155.5,159.3000030517578,154.25,159.0500030517578,138.74497985839844,17646975,0.0,0.0
2022-06-03,159.0,159.4499969482422,154.6999969482422,155.0,135.21200561523438,14063328,0.0,0.0
2022-06-06,155.8000030517578,158.64999389648438,154.60000610351562,155.1999969482422,135.38645935058594,18485464,0.0,0.0
2022-06-07,155.1999969482422,157.6999969482422,153.5,157.25,137.1747589111328,14911957,0.0,0.0
2022-06-08,156.10000610351562,159.75,156.10000610351562,157.0500030517578,137.0002899169922,16416591,0.0,0.0
2022-06-09,155.3000030517578,158.0,154.6999969482422,155.14999389648438,135.34283447265625,13821409,0.0,0.0
2022-06-10,154.10000610351562,156.60000610351562,154.0,155.25,135.43008422851562,7908849,0.0,0.0
2022-06-13,154.0,154.89999389648438,147.75,148.89999389648438,129.89077758789062,19208167,0.0,0.0
2022-06-14,148.89999389648438,152.4499969482422,148.89999389648438,151.39999389648438,132.07156372070312,17034328,0.0,0.0
2022-06-15,152.5500030517578,153.6999969482422,147.5500030517578,148.14999389648438,129.23651123046875,15172295,0.0,0.0
2022-06-16,150.10000610351562,150.14999389648438,142.0,142.9499969482422,124.7003936767578,18494040,0.0,0.0
2022-06-17,141.10000610351562,144.4499969482422,139.5500030517578,140.4499969482422,122.51950073242188,21387729,0.0,0.0
2022-06-20,140.4499969482422,141.39999389648438,135.0,137.25,119.72806549072266,16578770,0.0,0.0
2022-06-21,138.1999969482422,141.25,137.75,139.9499969482422,122.08335876464844,51398446,0.0,0.0
2022-06-22,139.9499969482422,139.9499969482422,136.5500030517578,137.64999389648438,120.07697296142578,8317317,0.0,0.0
2022-06-23,137.89999389648438,139.14999389648438,135.64999389648438,136.5,119.07380676269533,11257409,0.0,0.0
2022-06-24,137.89999389648438,137.89999389648438,134.9499969482422,136.60000610351562,119.1610336303711,21879039,0.0,0.0
2022-06-27,137.25,139.0500030517578,136.75,138.5,120.8184814453125,12872030,0.0,0.0
2022-06-28,138.5,139.3000030517578,137.14999389648438,138.60000610351562,120.9057159423828,14272044,0.0,0.0
2022-06-29,137.8000030517578,143.10000610351562,136.8000030517578,141.75,123.65357971191406,53487394,0.0,0.0
2022-06-30,142.3000030517578,143.9499969482422,141.14999389648438,142.89999389648438,124.65673065185548,19270932,0.0,0.0
2022-07-01,142.0,143.1999969482422,139.75,140.64999389648438,122.69400024414062,9592229,0.0,0.0
2022-07-04,139.35000610351562,142.1999969482422,139.35000610351562,141.39999389648438,123.34825134277344,17526429,0.0,0.0
2022-07-05,141.39999389648438,144.25,140.1999969482422,140.85000610351562,122.8684539794922,11370649,0.0,0.0
2022-07-06,141.5,142.0,136.10000610351562,138.9499969482422,121.21101379394533,15929985,0.0,0.0
2022-07-07,140.0,142.75,139.5,140.4499969482422,122.51950073242188,18144208,0.0,0.0
2022-07-08,141.0,144.1999969482422,141.0,143.6999969482422,125.3545913696289,15375888,0.0,0.0
2022-07-11,144.0,147.0,143.60000610351562,144.8000030517578,126.31419372558594,16779135,0.0,0.0
2022-07-12,144.0500030517578,148.10000610351562,144.0500030517578,147.10000610351562,128.32057189941406,19138561,0.0,0.0
2022-07-13,147.75,149.35000610351562,147.5,148.60000610351562,129.62904357910156,13644449,0.0,0.0
2022-07-14,149.0,149.3000030517578,147.0,148.3000030517578,129.36737060546875,9775869,0.0,0.0
2022-07-15,148.4499969482422,150.14999389648438,148.14999389648438,149.75,130.63223266601562,11518139,0.0,0.0
2022-07-18,151.39999389648438,151.5500030517578,149.3000030517578,149.8000030517578,130.67587280273438,8286352,0.0,0.0
2022-07-19,149.8000030517578,151.1999969482422,149.25,150.75,131.5045928955078,6798359,0.0,0.0
2022-07-20,152.10000610351562,152.25,150.14999389648438,150.5500030517578,131.33010864257812,7271345,0.0,0.0
2022-07-21,151.0,151.25,150.0,150.85000610351562,131.5918426513672,7521568,0.0,0.0
2022-07-22,151.0,151.39999389648438,148.14999389648438,148.9499969482422,129.93438720703125,6800124,0.0,0.0
2022-07-25,149.1999969482422,150.4499969482422,147.35000610351562,150.10000610351562,130.9375457763672,7996687,0.0,0.0
2022-07-26,150.0,150.9499969482422,149.14999389648438,150.0,130.85035705566406,5774871,0.0,0.0
2022-07-27,149.5500030517578,150.5500030517578,149.0500030517578,149.6999969482422,130.588623046875,5403197,0.0,0.0
2022-07-28,150.0500030517578,150.9499969482422,149.0500030517578,150.35000610351562,131.15567016601562,6030744,0.0,0.0
2022-07-29,150.9499969482422,154.4499969482422,150.4499969482422,152.9499969482422,133.42373657226562,11771461,0.0,0.0
2022-08-01,152.89999389648438,157.6999969482422,151.0,156.5,136.5205078125,14221965,0.0,0.0
2022-08-02,157.10000610351562,160.10000610351562,156.5500030517578,159.5500030517578,139.18113708496094,18278835,0.0,0.0
2022-08-03,160.0500030517578,160.9499969482422,157.1999969482422,159.64999389648438,139.2683563232422,10147608,0.0,0.0
2022-08-04,159.6999969482422,160.5,153.0500030517578,154.6999969482422,134.9503173828125,15754128,0.0,0.0
2022-08-05,154.39999389648438,157.14999389648438,153.0,155.60000610351562,135.7354278564453,33864055,0.0,0.0
2022-08-08,155.5,160.0,154.9499969482422,159.39999389648438,139.05029296875,16964235,0.0,0.0
2022-08-10,156.89999389648438,157.14999389648438,155.0,155.75,138.47238159179688,14055597,3.0,0.0
2022-08-11,156.1999969482422,156.85000610351562,152.85000610351562,153.64999389648438,136.6053466796875,15810624,0.0,0.0
2022-08-12,153.6999969482422,159.0,152.60000610351562,158.5,140.9173583984375,17998843,0.0,0.0
2022-08-16,159.0,159.8000030517578,156.9499969482422,158.75,141.13958740234375,8309725,0.0,0.0
2022-08-17,159.0,163.64999389648438,159.0,161.4499969482422,143.5400848388672,19674110,0.0,0.0
2022-08-18,161.4499969482422,162.64999389648438,159.89999389648438,160.8000030517578,142.96218872070312,9585888,0.0,0.0
2022-08-19,161.0500030517578,161.64999389648438,157.14999389648438,157.75,140.25051879882812,9599472,0.0,0.0
2022-08-22,157.3000030517578,158.9499969482422,156.0,156.5,139.1392059326172,11400211,0.0,0.0
2022-08-23,156.4499969482422,159.1999969482422,155.64999389648438,158.64999389648438,141.05064392089844,14362373,0.0,0.0
2022-08-24,158.89999389648438,163.0,158.0,160.8000030517578,142.96218872070312,20602844,0.0,0.0
2022-08-25,161.35000610351562,161.9499969482422,158.4499969482422,158.89999389648438,141.27293395996094,12889454,0.0,0.0
2022-08-26,159.0,164.6999969482422,158.89999389648438,163.39999389648438,145.27377319335938,30724938,0.0,0.0
2022-08-29,161.8000030517578,163.39999389648438,160.6999969482422,160.9499969482422,143.09555053710938,10928330,0.0,0.0
2022-08-30,161.8000030517578,165.4499969482422,161.5500030517578,164.0,145.8072052001953,24663153,0.0,0.0
2022-09-01,161.5,164.25,160.3000030517578,160.6999969482422,142.87326049804688,14554158,0.0,0.0
2022-09-02,163.0,166.39999389648438,161.25,161.8000030517578,143.85128784179688,25106698,0.0,0.0
2022-09-05,162.60000610351562,165.10000610351562,162.1999969482422,164.5,146.25173950195312,15226001,0.0,0.0
2022-09-06,165.8000030517578,168.85000610351562,164.8000030517578,168.4499969482422,149.76358032226562,27866331,0.0,0.0
2022-09-07,168.5,170.14999389648438,166.64999389648438,167.3000030517578,148.74114990234375,19415892,0.0,0.0
2022-09-08,168.0,169.1999969482422,165.9499969482422,166.8000030517578,148.29661560058594,11595205,0.0,0.0
2022-09-09,167.64999389648438,169.35000610351562,165.9499969482422,166.60000610351562,148.11878967285156,16415150,0.0,0.0
2022-09-12,167.4499969482422,168.10000610351562,165.5,166.39999389648438,147.94097900390625,15469466,0.0,0.0
2022-09-13,166.9499969482422,168.9499969482422,165.64999389648438,167.39999389648438,148.83004760742188,15644741,0.0,0.0
2022-09-14,165.0,173.0500030517578,165.0,172.35000610351562,153.23094177246094,38751148,0.0,0.0
2022-09-15,174.39999389648438,176.14999389648438,172.64999389648438,175.10000610351562,155.67588806152344,29483891,0.0,0.0
2022-09-16,173.9499969482422,174.6999969482422,171.3000030517578,172.8000030517578,153.6309814453125,26126152,0.0,0.0
2022-09-19,173.5,174.10000610351562,170.5500030517578,171.0,152.0306854248047,13304030,0.0,0.0
2022-09-20,171.89999389648438,173.14999389648438,170.89999389648438,171.89999389648438,152.83084106445312,15395199,0.0,0.0
2022-09-21,171.0,172.0500030517578,168.14999389648438,168.60000610351562,149.8969268798828,7370283,0.0,0.0
2022-09-22,167.0,169.64999389648438,166.85000610351562,168.64999389648438,149.9413604736328,7447846,0.0,0.0
2022-09-23,167.14999389648438,168.5,162.64999389648438,163.9499969482422,145.76272583007812,12264388,0.0,0.0
2022-09-26,162.4499969482422,163.85000610351562,156.60000610351562,158.60000610351562,141.0062255859375,21951865,0.0,0.0
2022-09-27,159.39999389648438,161.64999389648438,157.5,159.0,141.36187744140625,8367800,0.0,0.0
2022-09-28,157.8000030517578,159.4499969482422,155.0,157.9499969482422,140.42832946777344,14261815,0.0,0.0
2022-09-29,158.75,161.6999969482422,158.0,159.5500030517578,141.85084533691406,17623352,0.0,0.0
2022-09-30,160.0,161.5500030517578,157.39999389648438,159.64999389648438,141.93975830078125,12015533,0.0,0.0
2022-10-03,159.85000610351562,164.10000610351562,158.9499969482422,160.35000610351562,142.56210327148438,10528629,0.0,0.0
2022-10-04,161.9499969482422,164.0,161.35000610351562,162.5500030517578,144.51805114746094,9013773,0.0,0.0
2022-10-06,164.25,165.10000610351562,162.39999389648438,162.89999389648438,144.8292236328125,6456408,0.0,0.0
2022-10-07,163.10000610351562,164.85000610351562,161.35000610351562,164.3000030517578,146.0739288330078,8825983,0.0,0.0
2022-10-10,162.6999969482422,165.60000610351562,161.85000610351562,163.9499969482422,145.76272583007812,10484521,0.0,0.0
2022-10-11,164.39999389648438,164.39999389648438,160.3000030517578,161.0500030517578,143.18446350097656,13805741,0.0,0.0
2022-10-12,161.89999389648438,165.3000030517578,161.14999389648438,165.0,146.6962890625,12496248,0.0,0.0
2022-10-13,164.85000610351562,166.8000030517578,164.25,164.75,146.47401428222656,9447511,0.0,0.0
2022-10-14,166.25,167.5,164.85000610351562,165.10000610351562,146.78518676757812,9588164,0.0,0.0
2022-10-17,165.10000610351562,169.0500030517578,164.0,168.4499969482422,149.76358032226562,13426449,0.0,0.0
2022-10-18,168.9499969482422,169.4499969482422,166.39999389648438,166.9499969482422,148.42994689941406,20635735,0.0,0.0
2022-10-19,166.5,168.10000610351562,163.85000610351562,164.0500030517578,145.8516845703125,6947654,0.0,0.0
2022-10-20,164.0,167.89999389648438,161.5,166.9499969482422,148.42994689941406,12020720,0.0,0.0
2022-10-21,167.5,168.4499969482422,164.5,165.0500030517578,146.74072265625,7414335,0.0,0.0
2022-10-24,166.9499969482422,167.9499969482422,166.25,166.9499969482422,148.42994689941406,685185,0.0,0.0
2022-10-25,167.4499969482422,169.6999969482422,165.4499969482422,169.35000610351562,150.56373596191406,8131380,0.0,0.0
2022-10-27,169.89999389648438,171.5,167.5500030517578,170.64999389648438,151.71951293945312,16225577,0.0,0.0
2022-10-28,170.64999389648438,174.6999969482422,169.89999389648438,174.0500030517578,154.74234008789062,16185760,0.0,0.0
2022-10-31,169.89999389648438,174.0,169.0500030517578,173.10000610351562,153.89772033691406,24233760,0.0,0.0
2022-11-01,174.0,182.9499969482422,173.5,181.8000030517578,161.6326141357422,41101936,0.0,0.0
2022-11-02,181.8999938964844,182.6999969482422,180.0,180.9499969482422,160.87689208984375,22146420,0.0,0.0
2022-11-03,179.35000610351562,181.8500061035156,177.25,178.14999389648438,158.3874969482422,16719953,0.0,0.0
2022-11-04,179.0500030517578,179.5,176.35000610351562,176.9499969482422,157.32064819335938,14881752,0.0,0.0
2022-11-07,177.85000610351562,179.5,174.85000610351562,175.85000610351562,156.34266662597656,12799401,0.0,0.0
2022-11-09,177.75,177.75,172.25,173.39999389648438,154.16444396972656,14929008,0.0,0.0
2022-11-10,173.5,174.1999969482422,170.5500030517578,172.10000610351562,153.00868225097656,10668583,0.0,0.0
2022-11-11,173.0,173.60000610351562,169.64999389648438,171.4499969482422,152.4307861328125,16963169,0.0,0.0
2022-11-14,172.35000610351562,173.39999389648438,171.10000610351562,171.4499969482422,152.4307861328125,10224241,0.0,0.0
2022-11-15,172.3000030517578,174.14999389648438,171.39999389648438,172.10000610351562,153.00868225097656,13899999,0.0,0.0
2022-11-16,172.10000610351562,172.9499969482422,169.14999389648438,169.9499969482422,151.09715270996094,9781274,0.0,0.0
2022-11-17,169.9499969482422,170.8000030517578,167.5,168.3000030517578,149.6302032470703,12778124,0.0,0.0
2022-11-18,168.5500030517578,169.0500030517578,165.10000610351562,165.85000610351562,147.4519805908203,11134908,0.0,0.0
2022-11-21,165.0,166.1999969482422,164.14999389648438,164.39999389648438,146.16281127929688,12788632,0.0,0.0
2022-11-22,165.25,167.5,164.85000610351562,167.0500030517578,148.51885986328125,15198091,0.0,0.0
2022-11-23,167.85000610351562,168.25,166.25,168.0500030517578,149.40792846679688,12004998,0.0,0.0
2022-11-24,168.6999969482422,170.0,167.60000610351562,169.5,150.6970672607422,10986350,0.0,0.0
2022-11-25,170.25,171.25,168.60000610351562,169.75,150.91932678222656,12358833,0.0,0.0
2022-11-28,170.0,171.89999389648438,169.39999389648438,170.39999389648438,151.49725341796875,5471921,0.0,0.0
2022-11-29,171.0,171.60000610351562,169.0500030517578,170.14999389648438,151.27496337890625,7693168,0.0,0.0
2022-11-30,170.10000610351562,172.85000610351562,169.75,172.1999969482422,153.0975799560547,9133076,0.0,0.0
2022-12-01,173.5,173.64999389648438,170.85000610351562,172.1999969482422,153.0975799560547,9214914,0.0,0.0
2022-12-02,172.39999389648438,172.85000610351562,171.14999389648438,172.14999389648438,153.05311584472656,6376672,0.0,0.0
2022-12-05,173.0500030517578,175.64999389648438,171.39999389648438,175.14999389648438,155.72030639648438,9861212,0.0,0.0
2022-12-06,175.60000610351562,176.0,173.85000610351562,175.1999969482422,155.76478576660156,7008295,0.0,0.0
2022-12-07,174.10000610351562,175.0,171.3000030517578,171.85000610351562,152.78639221191406,7718718,0.0,0.0
2022-12-08,171.85000610351562,172.4499969482422,170.0,170.35000610351562,151.45278930664062,4225180,0.0,0.0
2022-12-09,171.1999969482422,171.75,168.0,169.5,150.6970672607422,6174919,0.0,0.0
2022-12-12,170.0,170.0,167.5500030517578,168.89999389648438,150.16363525390625,7153044,0.0,0.0
2022-12-13,169.75,170.0,168.0500030517578,169.1999969482422,150.43035888671875,5166993,0.0,0.0
2022-12-14,169.9499969482422,173.6999969482422,169.4499969482422,171.60000610351562,152.56414794921875,8562333,0.0,0.0
2022-12-15,172.0,174.0500030517578,171.6999969482422,172.10000610351562,153.00868225097656,10644546,0.0,0.0
2022-12-16,171.89999389648438,173.10000610351562,169.0500030517578,169.8000030517578,150.9637908935547,9433166,0.0,0.0
2022-12-19,169.8000030517578,172.25,169.5,171.8000030517578,152.741943359375,7706855,0.0,0.0
2022-12-20,171.14999389648438,171.4499969482422,168.5500030517578,169.75,150.91932678222656,7387632,0.0,0.0
2022-12-21,170.0,171.0500030517578,166.60000610351562,167.9499969482422,149.3190155029297,8454254,0.0,0.0
2022-12-22,168.5,168.64999389648438,164.5500030517578,165.89999389648438,147.49642944335938,6979001,0.0,0.0
2022-12-23,164.3000030517578,166.35000610351562,162.35000610351562,163.0,144.91810607910156,5313321,0.0,0.0
2022-12-26,162.0,167.75,161.89999389648438,165.64999389648438,147.27413940429688,8321609,0.0,0.0
2022-12-27,167.0,168.1999969482422,164.5500030517578,165.1999969482422,146.8740997314453,9244387,0.0,0.0
2022-12-28,165.0,167.60000610351562,164.8000030517578,165.85000610351562,147.4519805908203,9652984,0.0,0.0
2022-12-29,165.0,167.39999389648438,164.0,166.75,148.2521514892578,19571340,0.0,0.0
2022-12-30,166.75,167.8000030517578,166.0,166.4499969482422,147.98541259765625,8626291,0.0,0.0
2023-01-02,167.0500030517578,168.5500030517578,166.39999389648438,168.0,149.3634796142578,7322962,0.0,0.0
2023-01-03,168.0,169.1999969482422,166.8000030517578,167.60000610351562,149.0078887939453,9629995,0.0,0.0
2023-01-04,167.85000610351562,168.5,164.6999969482422,166.60000610351562,148.11878967285156,11995082,0.0,0.0
2023-01-05,168.0,170.35000610351562,167.14999389648438,169.89999389648438,151.05270385742188,18887530,0.0,0.0
2023-01-06,170.4499969482422,172.14999389648438,168.5500030517578,169.0,150.2525634765625,13216749,0.0,0.0
2023-01-09,170.25,171.0,169.4499969482422,170.39999389648438,151.49725341796875,6012344,0.0,0.0
2023-01-10,170.39999389648438,170.6999969482422,167.14999389648438,167.9499969482422,149.3190155029297,7557693,0.0,0.0
2023-01-11,168.4499969482422,168.8000030517578,165.5,166.0500030517578,147.62977600097656,8463293,0.0,0.0
2023-01-12,166.89999389648438,167.1999969482422,165.5500030517578,165.9499969482422,147.5408935546875,7628932,0.0,0.0
2023-01-13,166.1999969482422,168.14999389648438,165.5,167.8000030517578,149.18565368652344,5090393,0.0,0.0
2023-01-16,168.64999389648438,168.64999389648438,164.64999389648438,165.9499969482422,147.5408935546875,10321015,0.0,0.0
2023-01-17,166.60000610351562,168.1999969482422,165.8000030517578,167.6999969482422,149.0967559814453,13015434,0.0,0.0
2023-01-18,167.5,169.6999969482422,167.10000610351562,169.4499969482422,150.6526336669922,5536057,0.0,0.0
2023-01-19,170.39999389648438,170.39999389648438,167.3000030517578,168.6999969482422,149.98585510253906,6812613,0.0,0.0
2023-01-20,169.89999389648438,169.89999389648438,167.64999389648438,168.6999969482422,149.98585510253906,8545359,0.0,0.0
2023-01-23,169.39999389648438,169.5,166.0,166.85000610351562,148.341064453125,7787735,0.0,0.0
2023-01-24,167.1999969482422,167.5500030517578,165.39999389648438,166.0500030517578,147.62977600097656,7033092,0.0,0.0
2023-01-25,166.0,166.60000610351562,164.39999389648438,165.89999389648438,147.49642944335938,9257370,0.0,0.0
2023-01-27,166.25,167.0500030517578,164.0,166.3000030517578,147.85206604003906,13756671,0.0,0.0
2023-01-30,167.60000610351562,172.25,167.10000610351562,168.85000610351562,150.11917114257812,30768122,0.0,0.0
2023-01-31,169.85000610351562,172.64999389648438,167.35000610351562,171.14999389648438,152.1640625,24990701,0.0,0.0
2023-02-01,172.25,173.8000030517578,167.1999969482422,170.0,151.1416015625,13878016,0.0,0.0
2023-02-02,170.0,170.85000610351562,165.5,166.89999389648438,148.38548278808594,19898080,0.0,0.0
2023-02-03,164.5,166.4499969482422,162.5500030517578,165.5500030517578,151.03118896484375,11730514,4.25,0.0
2023-02-06,164.5,166.85000610351562,164.0500030517578,166.0500030517578,151.4873046875,7588936,0.0,0.0
2023-02-07,166.5,167.6999969482422,164.3000030517578,165.25,150.75747680664062,8699758,0.0,0.0
2023-02-08,165.60000610351562,165.75,164.10000610351562,165.5,150.98556518554688,8839686,0.0,0.0
2023-02-09,165.9499969482422,166.64999389648438,164.64999389648438,166.0,151.44171142578125,5507650,0.0,0.0
2023-02-10,165.10000610351562,165.8000030517578,164.10000610351562,165.0,150.5294189453125,9468345,0.0,0.0
2023-02-13,165.10000610351562,168.1999969482422,164.8000030517578,167.85000610351562,153.1294708251953,9829152,0.0,0.0
2023-02-14,168.5,168.5,164.85000610351562,166.0500030517578,151.4873046875,12916373,0.0,0.0
2023-02-15,166.0,166.5,164.1999969482422,165.8000030517578,151.2592315673828,11855678,0.0,0.0
2023-02-16,166.0,167.6999969482422,165.60000610351562,167.39999389648438,152.71893310546875,7923121,0.0,0.0
2023-02-17,167.0,169.64999389648438,166.4499969482422,168.0500030517578,153.31192016601562,10182025,0.0,0.0
2023-02-20,167.6999969482422,170.0,167.25,167.89999389648438,153.17507934570312,6679716,0.0,0.0
2023-02-21,169.0500030517578,174.25,169.0500030517578,173.25,158.05587768554688,26883881,0.0,0.0
2023-02-22,172.9499969482422,173.1999969482422,168.5,170.5,155.54705810546875,12225021,0.0,0.0
2023-02-23,170.9499969482422,171.64999389648438,169.0,169.60000610351562,154.7259979248047,11184381,0.0,0.0
2023-02-24,170.25,171.1999969482422,169.39999389648438,171.0,156.0032196044922,8338893,0.0,0.0
2023-02-27,171.14999389648438,173.5,170.5,172.39999389648438,157.28041076660156,17669762,0.0,0.0
2023-02-28,172.8000030517578,173.0,169.85000610351562,170.5,155.54705810546875,19044910,0.0,0.0
2023-03-01,170.9499969482422,173.0500030517578,169.9499969482422,172.25,157.14356994628906,9318790,0.0,0.0
2023-03-02,172.1999969482422,172.1999969482422,170.25,170.8000030517578,155.82073974609375,7725981,0.0,0.0
2023-03-03,172.0,175.0,171.5,172.60000610351562,157.46287536621094,12962719,0.0,0.0
2023-03-06,172.89999389648438,177.5,172.6999969482422,176.8000030517578,161.29452514648438,12402804,0.0,0.0
2023-03-08,175.6999969482422,179.14999389648438,175.4499969482422,178.85000610351562,163.16476440429688,22099710,0.0,0.0
2023-03-09,178.39999389648438,182.1999969482422,178.0,179.4499969482422,163.71214294433594,18874546,0.0,0.0
2023-03-10,178.0,181.0,177.8000030517578,180.75,164.8981170654297,12399692,0.0,0.0
2023-03-13,181.3000030517578,181.5500030517578,179.4499969482422,179.6999969482422,163.94020080566406,13669178,0.0,0.0
2023-03-14,178.64999389648438,181.0,177.1999969482422,177.89999389648438,162.29806518554688,9217542,0.0,0.0
2023-03-15,179.4499969482422,179.5500030517578,177.75,178.1999969482422,162.57177734375,8548173,0.0,0.0
2023-03-16,178.1999969482422,180.0,176.9499969482422,179.60000610351562,163.84898376464844,9405016,0.0,0.0
2023-03-17,181.6999969482422,181.6999969482422,175.89999389648438,176.9499969482422,161.431396484375,47276890,0.0,0.0
2023-03-20,177.5500030517578,177.5500030517578,174.9499969482422,176.0,160.564697265625,5627841,0.0,0.0
2023-03-21,176.85000610351562,177.5500030517578,175.3000030517578,177.10000610351562,161.5682373046875,12894327,0.0,0.0
2023-03-22,177.8000030517578,177.8000030517578,173.8000030517578,174.35000610351562,159.05943298339844,7893205,0.0,0.0
2023-03-23,174.0500030517578,175.85000610351562,173.6999969482422,174.60000610351562,159.28750610351562,5759884,0.0,0.0
2023-03-24,175.1999969482422,175.1999969482422,172.35000610351562,172.6999969482422,157.5541229248047,4977283,0.0,0.0
2023-03-27,172.64999389648438,173.9499969482422,170.6999969482422,171.25,156.2312774658203,12077986,0.0,0.0
2023-03-28,171.35000610351562,173.0,170.5,172.0,156.91551208496094,8750986,0.0,0.0
2023-03-29,172.64999389648438,175.39999389648438,171.6999969482422,174.0,158.74008178710938,20272070,0.0,0.0
2023-03-31,174.8000030517578,177.25,174.60000610351562,175.10000610351562,159.74366760253906,8125121,0.0,0.0
2023-04-03,175.60000610351562,178.10000610351562,175.4499969482422,177.8000030517578,162.20684814453125,9098662,0.0,0.0
2023-04-05,178.3000030517578,178.3000030517578,175.14999389648438,175.89999389648438,160.47348022460938,10829323,0.0,0.0
2023-04-06,176.39999389648438,176.60000610351562,174.85000610351562,175.1999969482422,159.83486938476562,7159274,0.0,0.0
2023-04-10,175.85000610351562,178.0,175.1999969482422,177.60000610351562,162.02439880371094,10968456,0.0,0.0
2023-04-11,178.10000610351562,179.75,176.5500030517578,178.10000610351562,162.4805450439453,9208605,0.0,0.0
2023-04-12,178.0,178.3000030517578,175.3000030517578,175.8000030517578,160.3822479248047,7591360,0.0,0.0
2023-04-13,176.0,176.10000610351562,172.3000030517578,173.0500030517578,157.8734130859375,9944382,0.0,0.0
2023-04-17,172.35000610351562,173.9499969482422,169.25,169.60000610351562,154.7259979248047,17401126,0.0,0.0
2023-04-18,170.0,170.75,169.0,170.10000610351562,155.18211364746094,16199789,0.0,0.0
2023-04-19,168.75,169.9499969482422,166.8000030517578,167.10000610351562,152.44525146484375,16314641,0.0,0.0
2023-04-20,167.10000610351562,170.1999969482422,166.8000030517578,169.6999969482422,154.8171844482422,15498083,0.0,0.0
2023-04-21,169.64999389648438,169.9499969482422,168.39999389648438,169.6999969482422,154.8171844482422,6672391,0.0,0.0
2023-04-24,168.5,171.25,168.1999969482422,170.9499969482422,155.95758056640625,8088991,0.0,0.0
2023-04-25,171.3000030517578,172.4499969482422,170.35000610351562,171.10000610351562,156.09445190429688,9175412,0.0,0.0
2023-04-26,171.10000610351562,171.6999969482422,169.5,169.85000610351562,154.95407104492188,9032416,0.0,0.0
2023-04-27,170.0,171.35000610351562,168.8000030517578,170.9499969482422,155.95758056640625,9054900,0.0,0.0
2023-04-28,171.89999389648438,172.5,169.60000610351562,172.0,156.91551208496094,21552892,0.0,0.0
2023-05-02,172.64999389648438,176.0,172.5500030517578,175.60000610351562,160.1997833251953,8893428,0.0,0.0
2023-05-03,175.60000610351562,178.64999389648438,175.10000610351562,176.35000610351562,160.88397216796875,11194149,0.0,0.0
2023-05-04,176.4499969482422,177.4499969482422,174.8000030517578,176.35000610351562,160.88397216796875,4671155,0.0,0.0
2023-05-05,176.35000610351562,176.39999389648438,173.0,174.25,158.9681854248047,5958697,0.0,0.0
2023-05-08,174.8000030517578,177.5500030517578,174.5,177.0500030517578,161.52261352539062,6287186,0.0,0.0
2023-05-09,177.1999969482422,178.64999389648438,175.1999969482422,176.0,160.564697265625,7918748,0.0,0.0
2023-05-10,176.0,177.35000610351562,174.9499969482422,177.0500030517578,161.52261352539062,6231734,0.0,0.0
2023-05-11,177.60000610351562,180.0,176.9499969482422,179.5500030517578,163.80335998535156,12125975,0.0,0.0
2023-05-12,179.10000610351562,179.25,174.5,174.9499969482422,159.60679626464844,8920297,0.0,0.0
2023-05-15,174.0,176.75,173.85000610351562,175.9499969482422,160.5190887451172,7980565,0.0,0.0
2023-05-16,176.89999389648438,178.0,175.5,177.4499969482422,161.8875274658203,7874923,0.0,0.0
2023-05-17,177.4499969482422,177.85000610351562,175.0500030517578,176.0,160.564697265625,6639494,0.0,0.0
2023-05-18,177.0,177.6999969482422,174.64999389648438,175.10000610351562,159.74366760253906,6921939,0.0,0.0
2023-05-19,175.0,175.35000610351562,172.9499969482422,173.3000030517578,158.1014862060547,6657753,0.0,0.0
2023-05-22,173.3000030517578,177.0500030517578,173.14999389648438,174.10000610351562,158.8313446044922,13339834,0.0,0.0
2023-05-23,174.9499969482422,175.64999389648438,172.8000030517578,174.14999389648438,158.87693786621094,8359389,0.0,0.0
2023-05-24,174.0,175.3000030517578,173.4499969482422,174.9499969482422,159.60679626464844,8507023,0.0,0.0
2023-05-25,174.9499969482422,175.5500030517578,173.39999389648438,174.5,159.1962432861328,7986243,0.0,0.0
2023-05-26,175.0,177.25,174.10000610351562,174.5,159.1962432861328,6926193,0.0,0.0
2023-05-29,174.9499969482422,177.8000030517578,174.8000030517578,176.3000030517578,160.83839416503906,9943211,0.0,0.0
2023-05-30,177.0,178.0,175.60000610351562,176.8000030517578,161.29452514648438,9727639,0.0,0.0
2023-05-31,177.0,177.0,171.9499969482422,173.85000610351562,158.60325622558594,41785992,0.0,0.0
2023-06-01,173.60000610351562,174.6999969482422,171.85000610351562,174.39999389648438,159.10501098632812,11602551,0.0,0.0
2023-06-02,175.89999389648438,175.89999389648438,173.39999389648438,174.5500030517578,159.2418670654297,7262018,0.0,0.0
2023-06-05,175.8000030517578,176.1999969482422,173.5500030517578,174.10000610351562,158.8313446044922,12239684,0.0,0.0
2023-06-06,174.5,175.75,173.5500030517578,175.39999389648438,160.01730346679688,4889564,0.0,0.0
2023-06-07,175.9499969482422,178.0,175.39999389648438,177.35000610351562,161.7963409423828,6270083,0.0,0.0
2023-06-08,178.75,184.3500061035156,178.10000610351562,182.0500030517578,166.08412170410156,27382635,0.0,0.0
2023-06-09,184.0,184.25,180.5500030517578,182.8000030517578,166.76834106445312,10235269,0.0,0.0
2023-06-12,182.8000030517578,186.4499969482422,182.6499938964844,185.6999969482422,169.4140167236328,17450400,0.0,0.0
2023-06-13,186.0,186.6499938964844,185.0,185.3500061035156,169.09471130371094,8332566,0.0,0.0
2023-06-14,185.3500061035156,188.3999938964844,185.3500061035156,187.1999969482422,170.78244018554688,15061573,0.0,0.0
2023-06-15,187.0,187.3000030517578,185.3500061035156,186.6999969482422,170.32630920410156,9840499,0.0,0.0
2023-06-16,186.8999938964844,188.6999969482422,186.0500030517578,188.1999969482422,171.6947784423828,8562558,0.0,0.0
2023-06-19,188.1999969482422,188.1999969482422,185.1999969482422,185.8500061035156,169.5508575439453,5363723,0.0,0.0
2023-06-20,186.0,188.0,184.5500030517578,187.5,171.05613708496094,6035600,0.0,0.0
2023-06-21,187.5,188.6999969482422,186.5,187.5,171.05613708496094,5906854,0.0,0.0
2023-06-22,187.5,187.9499969482422,183.3500061035156,184.5,168.3192596435547,6683123,0.0,0.0
2023-06-23,184.5500030517578,187.5,183.75,186.6999969482422,170.32630920410156,15255365,0.0,0.0
2023-06-26,187.3999938964844,187.3999938964844,184.4499969482422,184.8999938964844,168.6841583251953,7231775,0.0,0.0
2023-06-27,184.8999938964844,186.9499969482422,184.8000030517578,186.0500030517578,169.73333740234375,6787438,0.0,0.0
2023-06-28,186.0500030517578,190.6000061035156,185.3000030517578,189.1000061035156,172.51583862304688,32476741,0.0,0.0
2023-06-30,188.1000061035156,191.6499938964844,188.0,189.1499938964844,172.56143188476562,9579059,0.0,0.0
2023-07-03,190.0,192.6000061035156,188.6999969482422,191.25,174.47726440429688,7352149,0.0,0.0
2023-07-04,191.1000061035156,194.8000030517578,189.0,194.0500030517578,177.03170776367188,13258826,0.0,0.0
2023-07-05,194.0,194.75,192.3500061035156,193.3999938964844,176.43870544433594,6558910,0.0,0.0
2023-07-06,193.5,197.1499938964844,192.75,196.75,179.49490356445312,16276609,0.0,0.0
2023-07-07,196.75,197.75,192.1499938964844,192.6000061035156,175.7088623046875,12652336,0.0,0.0
2023-07-10,192.6499938964844,193.3500061035156,189.8000030517578,191.5500030517578,174.75096130371094,10238356,0.0,0.0
2023-07-11,192.6499938964844,192.9499969482422,190.8000030517578,192.3999938964844,175.52642822265625,11236383,0.0,0.0
2023-07-12,193.75,194.75,190.25,190.8000030517578,174.06674194335938,9191559,0.0,0.0
2023-07-13,191.8000030517578,191.8000030517578,186.9499969482422,187.8999938964844,171.42105102539062,10612659,0.0,0.0
2023-07-14,187.9499969482422,188.3500061035156,184.75,187.4499969482422,171.01051330566406,12369394,0.0,0.0
2023-07-17,188.4499969482422,188.9499969482422,185.8000030517578,186.5,170.1438446044922,9058800,0.0,0.0
2023-07-18,187.0,189.1499938964844,186.3000030517578,187.3500061035156,170.9193115234375,7177677,0.0,0.0
2023-07-19,191.0,196.6000061035156,190.1999969482422,192.5500030517578,175.66326904296875,31761232,0.0,0.0
2023-07-20,192.6999969482422,194.25,191.8500061035156,192.8999938964844,175.98255920410156,8936996,0.0,0.0
2023-07-21,192.8000030517578,196.3500061035156,192.1000061035156,195.1000061035156,177.9896240234375,11031250,0.0,0.0
2023-07-24,195.5,197.0,192.9499969482422,195.8999938964844,178.71946716308594,9981788,0.0,0.0
2023-07-25,196.5,201.3500061035156,195.8999938964844,200.6499938964844,183.0528717041016,18028061,0.0,0.0
2023-07-26,201.5,202.1499938964844,200.0,201.6000061035156,183.91958618164065,13857423,0.0,0.0
2023-07-27,201.75,203.0,200.6000061035156,201.9499969482422,184.23887634277344,16013422,0.0,0.0
2023-07-28,201.8500061035156,210.4499969482422,199.5,210.0,191.5828857421875,39630520,0.0,0.0
2023-07-31,212.1999969482422,218.9499969482422,209.6499938964844,218.3500061035156,199.2005920410156,43494779,0.0,0.0
2023-08-01,219.5500030517578,226.6499938964844,218.8500061035156,225.1499938964844,205.40419006347656,63510580,0.0,0.0
2023-08-02,225.0500030517578,225.1499938964844,216.8500061035156,219.1000061035156,199.8848114013672,22647784,0.0,0.0
2023-08-03,219.1000061035156,223.6000061035156,217.9499969482422,220.1000061035156,200.797103881836,29868065,0.0,0.0
2023-08-04,221.6999969482422,222.1999969482422,217.6000061035156,217.9499969482422,198.8356475830078,12879897,0.0,0.0
2023-08-07,219.6999969482422,221.3500061035156,217.6499938964844,217.9499969482422,198.8356475830078,12929354,0.0,0.0
2023-08-08,220.3000030517578,220.3999938964844,214.0,217.5500030517578,198.47073364257807,15314866,0.0,0.0
2023-08-09,218.4499969482422,219.6999969482422,216.4499969482422,218.6999969482422,199.51988220214844,12554174,0.0,0.0
2023-08-10,219.1999969482422,220.8500061035156,216.5,217.3999938964844,198.3339080810547,10970619,0.0,0.0
2023-08-11,214.8999938964844,216.5,212.6499938964844,213.0,197.038803100586,7970536,3.0,0.0
2023-08-14,213.3000030517578,214.0,211.8000030517578,213.0,197.038803100586,9283695,0.0,0.0
2023-08-16,212.9499969482422,217.9499969482422,212.0500030517578,217.4499969482422,201.15533447265625,9687712,0.0,0.0
2023-08-17,219.4499969482422,219.8000030517578,215.1499938964844,215.75,199.582748413086,11865239,0.0,0.0
2023-08-18,215.8000030517578,216.6499938964844,213.3000030517578,215.1499938964844,199.02767944335932,14101163,0.0,0.0
2023-08-21,217.1999969482422,219.5500030517578,215.6999969482422,218.8000030517578,202.40415954589844,13336739,0.0,0.0
2023-08-22,219.25,222.3000030517578,218.8500061035156,221.6999969482422,205.0868682861328,16930149,0.0,0.0
2023-08-23,222.8999938964844,222.8999938964844,221.0500030517578,221.6999969482422,205.0868682861328,13507905,0.0,0.0
2023-08-24,222.0,222.3999938964844,219.6499938964844,220.8500061035156,204.30056762695312,11182959,0.0,0.0
2023-08-25,221.8500061035156,221.8500061035156,217.1999969482422,217.8999938964844,201.5716094970703,7413549,0.0,0.0
2023-08-28,217.8999938964844,219.3000030517578,217.1999969482422,218.6999969482422,202.31167602539065,4851793,0.0,0.0
2023-08-29,219.1999969482422,221.75,218.25,221.1000061035156,204.5318298339844,8799235,0.0,0.0
2023-08-30,222.0,222.0,219.75,220.3999938964844,203.8842620849609,5490930,0.0,0.0
2023-08-31,221.6499938964844,221.6499938964844,218.75,220.3000030517578,203.79177856445312,18532999,0.0,0.0
2023-09-01,217.8500061035156,231.6499938964844,216.1499938964844,230.6999969482422,213.4124298095703,29859815,0.0,0.0
2023-09-04,233.6999969482422,236.5,230.5,235.8000030517578,218.1302795410156,21895573,0.0,0.0
2023-09-05,236.8999938964844,236.8999938964844,231.6999969482422,234.6000061035156,217.0202178955078,13952922,0.0,0.0
2023-09-06,235.5,235.8500061035156,228.3999938964844,231.8999938964844,214.52252197265625,14623019,0.0,0.0
2023-09-07,233.0,238.0,229.3500061035156,234.1000061035156,216.55767822265625,30334731,0.0,0.0
2023-09-08,236.0,243.6000061035156,235.0,240.25,222.246826171875,28856420,0.0,0.0
2023-09-11,243.6000061035156,243.8999938964844,238.1499938964844,243.1000061035156,224.88327026367188,22493483,0.0,0.0
2023-09-12,244.1999969482422,244.9499969482422,234.1000061035156,235.1000061035156,217.48275756835932,21174310,0.0,0.0
2023-09-13,236.1000061035156,238.4499969482422,233.1499938964844,237.1499938964844,219.37911987304688,9151928,0.0,0.0
2023-09-14,237.9499969482422,239.1999969482422,235.9499969482422,237.9499969482422,220.11917114257807,7568464,0.0,0.0
2023-09-15,235.6000061035156,239.3000030517578,235.6000061035156,236.1999969482422,218.50030517578125,14098284,0.0,0.0
2023-09-18,237.0,242.1499938964844,236.0500030517578,241.1999969482422,223.1256256103516,11163399,0.0,0.0
2023-09-20,241.5,246.0,240.3500061035156,241.75,223.6343994140625,18936709,0.0,0.0
2023-09-21,240.0500030517578,242.8999938964844,237.1000061035156,238.9499969482422,221.04421997070312,10134737,0.0,0.0
2023-09-22,238.6000061035156,239.3000030517578,236.0,237.9499969482422,220.11917114257807,7209300,0.0,0.0
2023-09-25,239.1499938964844,240.25,237.1499938964844,239.6499938964844,221.69178771972656,8027642,0.0,0.0
2023-09-26,239.75,243.1999969482422,239.0500030517578,240.1999969482422,222.2005615234375,10681642,0.0,0.0
2023-09-27,239.8999938964844,240.5,237.8500061035156,239.3000030517578,221.36802673339844,9679279,0.0,0.0
2023-09-28,239.6000061035156,241.1999969482422,235.6499938964844,237.0500030517578,219.28663635253903,32887087,0.0,0.0
2023-09-29,239.5500030517578,251.5,239.5,245.5500030517578,227.1496734619141,35038887,0.0,0.0
2023-10-03,244.3500061035156,246.6999969482422,240.5500030517578,241.1999969482422,223.1256256103516,14885044,0.0,0.0
2023-10-04,241.0,241.0,231.5,235.1499938964844,217.5290069580078,25424437,0.0,0.0
2023-10-05,237.25,237.3999938964844,232.0500030517578,233.8500061035156,216.326400756836,22472389,0.0,0.0
2023-10-06,234.25,237.5,233.6499938964844,235.5500030517578,217.8990173339844,8825123,0.0,0.0
2023-10-09,233.8500061035156,236.3000030517578,230.5,234.6999969482422,217.1127166748047,10659145,0.0,0.0
2023-10-10,234.8999938964844,236.8500061035156,233.75,235.8999938964844,218.2227783203125,11665907,0.0,0.0
2023-10-11,236.25,239.6999969482422,236.0,238.6999969482422,220.81298828125,14313043,0.0,0.0
2023-10-12,238.9499969482422,242.75,238.6000061035156,241.6000061035156,223.4956512451172,13170027,0.0,0.0
2023-10-13,240.5500030517578,243.8000030517578,239.6000061035156,242.0500030517578,223.9119415283203,11880728,0.0,0.0
2023-10-16,242.8500061035156,245.0,241.0,243.4499969482422,225.2070159912109,6936948,0.0,0.0
2023-10-17,244.8500061035156,247.1999969482422,243.3000030517578,245.9499969482422,227.51968383789065,10084205,0.0,0.0
2023-10-18,245.8999938964844,246.8000030517578,241.6000061035156,242.0,223.8656768798828,6987265,0.0,0.0
2023-10-19,240.1999969482422,241.8000030517578,238.5,239.5,221.55303955078125,11485237,0.0,0.0
2023-10-20,238.9499969482422,242.1499938964844,237.5500030517578,241.0,222.9405975341797,9040953,0.0,0.0
2023-10-23,240.8000030517578,240.8999938964844,235.0,236.5500030517578,218.8240966796875,7058625,0.0,0.0
2023-10-25,236.0,236.3000030517578,228.3500061035156,232.0500030517578,214.6612701416016,23949207,0.0,0.0
2023-10-26,230.8500061035156,233.3000030517578,227.75,231.6499938964844,214.291259765625,17410264,0.0,0.0
2023-10-27,232.0,238.4499969482422,232.0,236.6000061035156,218.870361328125,10519462,0.0,0.0
2023-10-30,237.4499969482422,238.3999938964844,230.6499938964844,234.6000061035156,217.0202178955078,8812268,0.0,0.0
2023-10-31,234.5,237.1999969482422,233.5500030517578,235.8000030517578,218.1302795410156,6583581,0.0,0.0
2023-11-01,236.6999969482422,236.6999969482422,232.1000061035156,232.6000061035156,215.17007446289065,6718059,0.0,0.0
2023-11-02,234.1999969482422,235.6999969482422,233.75,235.25,217.6215057373047,6057787,0.0,0.0
2023-11-03,233.3000030517578,235.25,233.3000030517578,234.3500061035156,218.8824005126953,6825146,2.25,0.0
2023-11-06,235.3500061035156,237.1999969482422,234.5500030517578,235.8500061035156,220.2834014892578,5338605,0.0,0.0
2023-11-07,236.3000030517578,239.5500030517578,235.1999969482422,239.1499938964844,223.3656005859375,7002346,0.0,0.0
2023-11-08,239.8500061035156,240.8999938964844,235.9499969482422,236.6999969482422,221.07730102539065,9777991,0.0,0.0
2023-11-09,237.1999969482422,239.6999969482422,236.0,237.9499969482422,222.24478149414065,13987058,0.0,0.0
2023-11-10,237.8500061035156,243.25,235.8000030517578,242.75,226.7279510498047,9589671,0.0,0.0
2023-11-13,244.9499969482422,250.6000061035156,243.3000030517578,245.6999969482422,229.4832763671875,18792969,0.0,0.0
2023-11-15,248.9499969482422,248.9499969482422,245.9499969482422,247.3000030517578,230.9776763916016,10965645,0.0,0.0
2023-11-16,248.8000030517578,254.25,247.6499938964844,252.3500061035156,235.69435119628903,22145147,0.0,0.0
2023-11-17,253.0,253.1000061035156,251.0,251.6000061035156,234.99386596679688,5618928,0.0,0.0
2023-11-20,251.0,255.3999938964844,250.3000030517578,251.0500030517578,234.4801483154297,6283832,0.0,0.0
2023-11-21,252.6000061035156,252.8000030517578,247.3000030517578,250.0,233.4994354248047,6851869,0.0,0.0
2023-11-22,250.8000030517578,254.0,249.3500061035156,253.6499938964844,236.90855407714844,5275418,0.0,0.0
2023-11-23,254.0,255.6999969482422,251.6999969482422,252.75,236.0679626464844,8200025,0.0,0.0
2023-11-24,253.3000030517578,256.8500061035156,253.0,253.8999938964844,237.1420440673828,7149443,0.0,0.0
2023-11-28,254.8500061035156,258.29998779296875,253.6499938964844,257.54998779296875,240.55113220214844,6151585,0.0,0.0
2023-11-29,259.54998779296875,259.54998779296875,256.1000061035156,258.3999938964844,241.34503173828125,8637363,0.0,0.0
2023-11-30,257.95001220703125,261.6499938964844,256.0,261.29998779296875,244.0536346435547,21687673,0.0,0.0
2023-12-01,262.3500061035156,275.45001220703125,261.75,268.95001220703125,251.19876098632807,29121320,0.0,0.0
2023-12-04,276.0,279.0,273.25,274.79998779296875,256.66259765625,20464526,0.0,0.0
2023-12-05,275.20001220703125,286.54998779296875,272.79998779296875,285.45001220703125,266.6097106933594,18883076,0.0,0.0
2023-12-06,288.0,288.25,278.95001220703125,281.1000061035156,262.5468444824219,13415314,0.0,0.0
2023-12-07,281.8500061035156,288.25,281.29998779296875,283.79998779296875,265.0686340332031,25133786,0.0,0.0
2023-12-08,286.45001220703125,291.8999938964844,281.0,285.04998779296875,266.236083984375,20815064,0.0,0.0
2023-12-11,286.04998779296875,288.5,284.3999938964844,287.29998779296875,268.3375244140625,8071675,0.0,0.0
2023-12-12,287.45001220703125,288.6000061035156,280.8500061035156,283.3999938964844,264.6949768066406,8640883,0.0,0.0
2023-12-13,284.75,294.8999938964844,284.5,294.04998779296875,274.64208984375,23629670,0.0,0.0
2023-12-14,297.75,298.5,293.6000061035156,295.3999938964844,275.9029541015625,24900443,0.0,0.0
2023-12-15,298.0,307.0,295.0,305.1000061035156,284.9627685546875,28843558,0.0,0.0
2023-12-18,306.0,306.54998779296875,301.75,303.20001220703125,283.1882019042969,13307504,0.0,0.0
2023-12-19,305.0,312.5,302.5,309.6499938964844,289.2124328613281,15650536,0.0,0.0
2023-12-20,312.5,313.3500061035156,295.1499938964844,297.6499938964844,278.00445556640625,23497233,0.0,0.0
2023-12-21,295.79998779296875,303.1499938964844,293.20001220703125,301.95001220703125,282.0206604003906,17868637,0.0,0.0
2023-12-22,304.0,308.95001220703125,299.6000061035156,302.79998779296875,282.81451416015625,15207726,0.0,0.0
2023-12-26,306.45001220703125,310.70001220703125,304.6000061035156,309.6000061035156,289.1657409667969,9917180,0.0,0.0
2023-12-27,311.6000061035156,312.25,303.54998779296875,306.04998779296875,285.8499755859375,12630732,0.0,0.0
2023-12-28,309.1000061035156,315.5,307.75,313.8999938964844,293.1819152832031,37591916,0.0,0.0
2023-12-29,314.3500061035156,314.3500061035156,308.1499938964844,311.1499938964844,290.6134338378906,12682889,0.0,0.0
2024-01-01,312.0,313.29998779296875,307.79998779296875,309.75,289.30584716796875,8024960,0.0,0.0
2024-01-02,310.79998779296875,310.79998779296875,302.04998779296875,306.0,285.8033752441406,13506040,0.0,0.0
2024-01-03,307.20001220703125,308.0,303.29998779296875,306.20001220703125,285.9901733398437,14259987,0.0,0.0
2024-01-04,310.8999938964844,321.75,308.6000061035156,317.1000061035156,296.17071533203125,40057506,0.0,0.0
2024-01-05,322.8999938964844,325.6499938964844,312.70001220703125,314.95001220703125,294.1626892089844,27456415,0.0,0.0
2024-01-08,316.45001220703125,318.3500061035156,312.6000061035156,316.45001220703125,295.56365966796875,10136462,0.0,0.0
2024-01-09,317.8500061035156,321.45001220703125,316.04998779296875,319.75,298.6458435058594,12229517,0.0,0.0
2024-01-10,319.6499938964844,319.75,308.0,313.3500061035156,292.668212890625,14455000,0.0,0.0
2024-01-11,314.95001220703125,317.29998779296875,312.3500061035156,312.8999938964844,292.2478942871094,10316319,0.0,0.0
2024-01-12,315.20001220703125,315.29998779296875,309.70001220703125,312.6499938964844,292.014404296875,12341629,0.0,0.0
2024-01-15,314.8999938964844,318.0,309.6000061035156,317.29998779296875,296.3575134277344,9706124,0.0,0.0
2024-01-16,317.25,317.25,310.1499938964844,311.5,290.9403686523437,10162832,0.0,0.0
2024-01-17,309.75,314.1000061035156,307.1000061035156,309.29998779296875,288.8855285644531,13502940,0.0,0.0
2024-01-18,308.95001220703125,311.29998779296875,296.54998779296875,299.29998779296875,279.5455627441406,32481018,0.0,0.0
2024-01-19,303.79998779296875,309.45001220703125,301.70001220703125,308.45001220703125,288.0916442871094,28651237,0.0,0.0
2024-01-23,313.45001220703125,315.29998779296875,300.29998779296875,302.6000061035156,282.6277160644531,21652362,0.0,0.0
2024-01-24,302.95001220703125,310.70001220703125,298.25,308.8500061035156,288.4652709960937,23922028,0.0,0.0
2024-01-25,310.0,317.20001220703125,309.20001220703125,314.75,293.9757995605469,32525422,0.0,0.0
2024-01-29,317.79998779296875,325.75,316.1499938964844,324.54998779296875,303.12896728515625,24694773,0.0,0.0
2024-01-30,321.8500061035156,323.95001220703125,314.5,315.45001220703125,294.6296081542969,20918448,0.0,0.0
2024-01-31,318.54998779296875,320.0,312.6000061035156,317.5,296.5443115234375,20931224,0.0,0.0
2024-02-01,320.04998779296875,326.95001220703125,317.1000061035156,322.0,300.7472839355469,24020951,0.0,0.0
2024-02-02,324.0,333.70001220703125,323.1000061035156,332.5,310.5543212890625,32346639,0.0,0.0
2024-02-05,338.0,341.04998779296875,333.04998779296875,336.1000061035156,313.91668701171875,19651482,0.0,0.0
2024-02-06,336.0,336.0,329.0,334.20001220703125,315.1898803710937,12024661,3.25,0.0
2024-02-07,337.8999938964844,337.8999938964844,329.6499938964844,330.70001220703125,311.8889465332031,8080437,0.0,0.0
2024-02-08,333.95001220703125,335.25,328.0,330.8999938964844,312.0776062011719,17754869,0.0,0.0
2024-02-09,332.95001220703125,335.0,319.6000061035156,324.8999938964844,306.4188842773437,18304439,0.0,0.0
2024-02-12,326.1499938964844,326.70001220703125,314.5,316.1499938964844,298.16656494140625,11714289,0.0,0.0
2024-02-13,318.54998779296875,323.95001220703125,315.8999938964844,321.54998779296875,303.25946044921875,15426888,0.0,0.0
2024-02-14,320.8999938964844,329.3500061035156,318.3500061035156,328.0,309.34259033203125,14085723,0.0,0.0
2024-02-15,331.0,340.8999938964844,330.1499938964844,339.25,319.95263671875,21973316,0.0,0.0
2024-02-16,341.8999938964844,342.95001220703125,336.79998779296875,337.75,318.5379333496094,20307449,0.0,0.0
2024-02-19,340.3999938964844,341.8999938964844,337.5,338.75,319.4810485839844,8496898,0.0,0.0
2024-02-20,340.6000061035156,346.5,337.79998779296875,345.70001220703125,326.03570556640625,19340526,0.0,0.0
2024-02-21,347.0,348.04998779296875,334.70001220703125,336.1000061035156,316.9817810058594,17751633,0.0,0.0
2024-02-22,339.0,340.25,330.6000061035156,339.54998779296875,320.2355651855469,16083122,0.0,0.0
2024-02-23,340.0,340.0,334.8500061035156,337.75,318.5379333496094,9665454,0.0,0.0
2024-02-26,338.0,338.5,334.54998779296875,337.6000061035156,318.3965148925781,7711995,0.0,0.0
2024-02-27,336.1000061035156,338.0,334.1000061035156,336.1000061035156,316.9817810058594,8882923,0.0,0.0
2024-02-28,335.70001220703125,336.5,331.79998779296875,333.29998779296875,314.341064453125,12977628,0.0,0.0
2024-02-29,333.29998779296875,336.0,330.6000061035156,335.6000061035156,316.51025390625,13149469,0.0,0.0
2024-03-01,335.6000061035156,344.3500061035156,335.0,343.5,323.9608459472656,13027254,0.0,0.0
2024-03-04,348.0,358.29998779296875,345.75,353.8500061035156,333.72216796875,38075510,0.0,0.0
2024-03-05,354.8999938964844,359.95001220703125,353.54998779296875,358.25,337.871826171875,15918221,0.0,0.0
2024-03-06,359.45001220703125,359.45001220703125,345.0,351.95001220703125,331.93023681640625,13120921,0.0,0.0
2024-03-07,352.0,353.8999938964844,349.70001220703125,352.20001220703125,332.166015625,9172926,0.0,0.0
2024-03-11,352.25,353.1499938964844,346.70001220703125,347.95001220703125,328.15777587890625,10664917,0.0,0.0
2024-03-12,348.0,349.45001220703125,342.54998779296875,344.75,325.1398010253906,9637912,0.0,0.0
2024-03-13,343.8500061035156,344.5,319.5,322.5,304.1553955078125,23722232,0.0,0.0
2024-03-14,321.04998779296875,326.95001220703125,316.5,321.8500061035156,303.5423889160156,20859127,0.0,0.0
2024-03-15,322.6499938964844,326.04998779296875,305.75,316.29998779296875,298.3080749511719,43285007,0.0,0.0
2024-03-18,317.1000061035156,322.8999938964844,314.95001220703125,317.1499938964844,299.1097106933594,13690352,0.0,0.0
2024-03-19,314.29998779296875,317.8999938964844,310.1000061035156,313.45001220703125,295.6202087402344,13388060,0.0,0.0
2024-03-20,316.0,317.45001220703125,308.29998779296875,313.6499938964844,295.80877685546875,10026655,0.0,0.0
2024-03-21,317.25,326.3500061035156,317.0,325.0,306.51318359375,23370426,0.0,0.0
2024-03-22,324.5,327.25,321.1499938964844,324.75,306.2774353027344,14709219,0.0,0.0
2024-03-26,320.1000061035156,330.29998779296875,320.1000061035156,329.1000061035156,310.3799743652344,11208959,0.0,0.0
2024-03-27,332.0,334.1000061035156,326.29998779296875,331.6000061035156,312.73779296875,45209520,0.0,0.0
2024-03-28,331.8999938964844,340.0,330.29998779296875,335.79998779296875,316.6988830566406,19868037,0.0,0.0
2024-04-01,339.0,344.3999938964844,336.1499938964844,342.3500061035156,322.8763122558594,8580656,0.0,0.0
2024-04-02,343.0,345.6000061035156,340.75,344.79998779296875,325.1869201660156,9745257,0.0,0.0
2024-04-03,344.3500061035156,354.1000061035156,342.0,351.25,331.27001953125,21679943,0.0,0.0
2024-04-04,355.0,362.7000122070313,352.6499938964844,354.6499938964844,334.47662353515625,28962927,0.0,0.0
2024-04-05,356.3999938964844,358.20001220703125,351.54998779296875,354.54998779296875,334.3822937011719,11208130,0.0,0.0
2024-04-08,355.6000061035156,366.0,353.25,363.5,342.8232116699219,11447140,0.0,0.0
2024-04-09,365.0,366.8999938964844,360.3500061035156,362.8999938964844,342.2573547363281,10010148,0.0,0.0
2024-04-10,364.1000061035156,368.3500061035156,361.3500061035156,362.5,341.8800964355469,12886638,0.0,0.0
2024-04-12,362.5,374.5,361.0,361.75,341.1727294921875,30924494,0.0,0.0
2024-04-15,355.5,366.0,352.79998779296875,361.1499938964844,340.6068420410156,18126999,0.0,0.0
2024-04-16,361.0,361.9500122070313,354.6000061035156,359.25,338.81500244140625,15328939,0.0,0.0
2024-04-18,359.54998779296875,361.25,349.20001220703125,351.1499938964844,331.1757202148437,22966560,0.0,0.0
2024-04-19,343.1000061035156,352.3999938964844,343.0,350.54998779296875,330.6098327636719,12867942,0.0,0.0
2024-04-22,355.0,355.0,341.8999938964844,342.8999938964844,323.3949890136719,37382916,0.0,0.0
2024-04-23,346.0,348.6499938964844,344.0,347.1499938964844,327.4032592773437,14651106,0.0,0.0
2024-04-24,349.79998779296875,353.1499938964844,347.29998779296875,351.6499938964844,331.6472473144531,11132307,0.0,0.0
2024-04-25,351.0,360.6000061035156,349.1000061035156,359.20001220703125,338.767822265625,19865014,0.0,0.0
2024-04-26,360.7000122070313,361.3999938964844,355.0,356.0,335.7498474121094,10986589,0.0,0.0
2024-04-29,359.70001220703125,363.6499938964844,356.95001220703125,363.0,342.3516845703125,13652173,0.0,0.0
2024-04-30,364.9500122070313,365.4500122070313,359.29998779296875,363.2000122070313,342.5403137207031,14566548,0.0,0.0
2024-05-02,363.2000122070313,372.6000061035156,363.2000122070313,369.0499877929688,348.0575561523437,27892188,0.0,0.0
2024-05-03,372.2999877929688,380.3999938964844,360.3500061035156,364.9500122070313,344.19073486328125,26844664,0.0,0.0
2024-05-06,367.7999877929688,368.8500061035156,354.3999938964844,356.79998779296875,336.5043029785156,15319437,0.0,0.0
2024-05-07,358.25,358.45001220703125,346.8500061035156,349.1499938964844,329.2894897460937,10028071,0.0,0.0
2024-05-08,345.20001220703125,358.5,345.20001220703125,355.45001220703125,335.23114013671875,9595776,0.0,0.0
2024-05-09,356.5,358.0,344.8500061035156,346.04998779296875,326.3658142089844,9043486,0.0,0.0
2024-05-10,347.6499938964844,356.3500061035156,347.54998779296875,355.5,335.2782897949219,11699095,0.0,0.0
2024-05-13,355.5,356.0,346.5,350.8999938964844,330.93994140625,10691781,0.0,0.0
2024-05-14,350.54998779296875,357.25,350.29998779296875,355.79998779296875,335.56121826171875,10891985,0.0,0.0
2024-05-15,357.5,363.5,356.6499938964844,361.3500061035156,340.7955322265625,8538183,0.0,0.0
2024-05-16,363.8500061035156,363.8500061035156,353.04998779296875,361.4500122070313,340.8898620605469,13114162,0.0,0.0
2024-05-17,362.4500122070313,366.5,360.3500061035156,365.4500122070313,344.6622619628906,8509179,0.0,0.0
2024-05-21,367.0,374.1000061035156,365.3500061035156,372.0,350.8397216796875,10939593,0.0,0.0
2024-05-22,375.0,377.3500061035156,370.6000061035156,373.8500061035156,352.5845031738281,14001806,0.0,0.0
2024-05-23,375.0499877929688,375.6000061035156,369.5,372.2999877929688,351.1226501464844,15370357,0.0,0.0
2024-05-24,373.0,378.1499938964844,368.7000122070313,374.9500122070313,353.6219177246094,13317821,0.0,0.0
2024-05-27,379.9500122070313,380.5,368.0,369.6499938964844,348.62335205078125,21891930,0.0,0.0
2024-05-28,372.6000061035156,373.25,364.1000061035156,365.3999938964844,344.6151733398437,10200096,0.0,0.0
2024-05-29,361.5,366.3500061035156,360.0,364.6000061035156,343.8606262207031,18146672,0.0,0.0
2024-05-30,364.0,364.7999877929688,357.1499938964844,359.70001220703125,339.2393798828125,14425073,0.0,0.0
2024-05-31,363.4500122070313,366.6499938964844,355.5,359.0,338.5792236328125,30515612,0.0,0.0
2024-06-03,385.0,393.2000122070313,373.4500122070313,391.7999877929688,369.5134582519531,39261174,0.0,0.0
2024-06-04,391.8999938964844,391.8999938964844,313.95001220703125,331.25,312.4076843261719,84042244,0.0,0.0
2024-06-05,340.0,342.25,315.29998779296875,341.0,321.6031188964844,46418629,0.0,0.0
2024-06-06,347.79998779296875,359.75,345.0,349.75,329.8553466796875,33171039,0.0,0.0
2024-06-07,352.0,362.0,347.70001220703125,360.6000061035156,340.08819580078125,23930193,0.0,0.0
2024-06-10,365.0,370.1000061035156,361.7999877929688,364.8999938964844,344.1435546875,16072588,0.0,0.0
2024-06-11,368.75,371.9500122070313,364.8999938964844,367.3999938964844,346.5013732910156,11235777,0.0,0.0
2024-06-12,369.5499877929688,374.0,365.3999938964844,371.2999877929688,350.1794738769531,12134524,0.0,0.0
2024-06-13,376.3999938964844,376.3999938964844,367.9500122070313,369.9500122070313,348.9063720703125,11243702,0.0,0.0
2024-06-14,370.0,370.8500061035156,366.1000061035156,368.4500122070313,347.4916687011719,10298434,0.0,0.0
2024-06-18,371.7999877929688,372.25,368.7000122070313,369.6499938964844,348.62335205078125,10228382,0.0,0.0
2024-06-19,369.7999877929688,370.8999938964844,361.5499877929688,362.5,341.8800964355469,8337334,0.0,0.0
2024-06-20,362.5,364.8999938964844,357.04998779296875,357.6499938964844,337.3059387207031,14338604,0.0,0.0
2024-06-21,359.95001220703125,362.9500122070313,356.75,359.79998779296875,339.33367919921875,17931844,0.0,0.0
2024-06-24,357.6000061035156,364.6499938964844,355.54998779296875,362.75,342.11590576171875,9335598,0.0,0.0
2024-06-25,364.25,364.7000122070313,357.75,360.8500061035156,340.323974609375,14983828,0.0,0.0
2024-06-26,363.0,366.8999938964844,359.6499938964844,365.0499877929688,344.2850646972656,15918394,0.0,0.0
2024-06-27,365.0499877929688,381.1000061035156,364.1000061035156,377.1499938964844,355.69677734375,55378829,0.0,0.0
2024-06-28,377.9500122070313,389.5,376.7000122070313,378.3500061035156,356.8285522460937,25141039,0.0,0.0
2024-07-01,381.75,382.0,367.7999877929688,369.75,348.7177124023437,23389211,0.0,0.0
2024-07-02,372.6000061035156,372.6000061035156,365.1499938964844,370.3999938964844,349.3307189941406,13702830,0.0,0.0
2024-07-03,370.5499877929688,374.25,368.6499938964844,372.6499938964844,351.4527587890625,9207317,0.0,0.0
2024-07-04,373.8999938964844,380.8500061035156,371.75,372.9500122070313,351.7356872558594,14916930,0.0,0.0
2024-07-05,374.3500061035156,381.25,371.0,379.7999877929688,358.196044921875,15946104,0.0,0.0
2024-07-08,380.8500061035156,381.25,376.1499938964844,377.4500122070313,355.9797058105469,8898299,0.0,0.0
2024-07-09,379.2000122070313,380.25,375.0499877929688,377.0499877929688,355.6024475097656,8355819,0.0,0.0
2024-07-10,378.7999877929688,383.7999877929688,370.0,381.3999938964844,359.7050170898437,17715196,0.0,0.0
2024-07-11,382.3999938964844,383.2999877929688,374.6000061035156,377.1000061035156,355.64959716796875,19873143,0.0,0.0
2024-07-12,378.9500122070313,379.3999938964844,372.0,377.1499938964844,355.69677734375,16151583,0.0,0.0
2024-07-15,378.6000061035156,388.9500122070313,376.8999938964844,385.6499938964844,363.7132568359375,22951140,0.0,0.0
2024-07-16,386.6499938964844,388.75,380.0,380.4500122070313,358.8090515136719,11893034,0.0,0.0
2024-07-18,382.8999938964844,382.8999938964844,374.2000122070313,377.75,356.2626342773437,15709153,0.0,0.0
2024-07-19,377.75,378.0,362.8999938964844,364.6499938964844,343.90777587890625,13330099,0.0,0.0
2024-07-22,364.75,377.25,362.3500061035156,373.5,352.2543640136719,18715538,0.0,0.0
2024-07-23,376.7000122070313,385.6499938964844,361.5499877929688,382.4500122070313,360.6953125,49882257,0.0,0.0
2024-07-24,384.1000061035156,395.0,381.7000122070313,392.6000061035156,370.2679443359375,36868466,0.0,0.0
2024-07-25,390.9500122070313,396.2999877929688,386.25,392.1499938964844,369.843505859375,25973101,0.0,0.0
2024-07-26,394.9500122070313,399.5,389.7000122070313,396.2999877929688,373.7574462890625,20381410,0.0,0.0
2024-07-29,404.0,408.2999877929688,392.6499938964844,393.8999938964844,371.4939880371094,27751449,0.0,0.0
2024-07-30,397.0,412.7000122070313,397.0,406.9500122070313,383.8016662597656,34447139,0.0,0.0
2024-07-31,409.5,417.3999938964844,408.5499877929688,416.0,392.3368835449219,29727771,0.0,0.0
2024-08-01,419.8999938964844,424.3500061035156,415.6000061035156,423.4500122070313,399.3631286621094,28803487,0.0,0.0
2024-08-02,416.25,426.2999877929688,413.3500061035156,419.7000122070313,395.8264770507813,24233263,0.0,0.0
2024-08-05,407.6499938964844,415.6499938964844,404.6499938964844,413.25,389.7433471679688,42489503,0.0,0.0
2024-08-06,413.25,424.9500122070313,413.25,415.0,391.3937377929688,18230579,0.0,0.0
2024-08-07,421.0,421.0,415.0,416.2999877929688,395.7188415527344,15556736,3.25,0.0
2024-08-08,416.3500061035156,417.0,405.7999877929688,407.7000122070313,387.5440368652344,16447385,0.0,0.0
2024-08-09,413.7999877929688,416.3500061035156,408.2000122070313,410.6499938964844,390.34814453125,10954753,0.0,0.0
2024-08-12,410.0,410.0,400.1000061035156,400.8500061035156,381.0326232910156,26254763,0.0,0.0
2024-08-13,403.0,404.5,395.0,396.2000122070313,376.6125793457031,11355664,0.0,0.0
2024-08-14,398.8999938964844,400.0,393.6499938964844,396.3500061035156,376.755126953125,9424614,0.0,0.0
2024-08-16,398.0499877929688,400.9500122070313,393.2999877929688,398.0499877929688,378.3710632324219,13844122,0.0,0.0
2024-08-19,402.2999877929688,407.5,401.4500122070313,403.1000061035156,383.1714172363281,10677045,0.0,0.0
2024-08-20,404.5499877929688,408.2000122070313,403.1000061035156,406.25,386.1657104492188,10126083,0.0,0.0
2024-08-21,407.5,409.7000122070313,405.2000122070313,408.9500122070313,388.7322387695313,9726854,0.0,0.0
2024-08-22,409.7999877929688,410.0499877929688,402.25,403.3500061035156,383.40911865234375,10445288,0.0,0.0
2024-08-23,403.3500061035156,405.8999938964844,399.5499877929688,401.9500122070313,382.0782775878906,11513586,0.0,0.0
2024-08-26,402.4500122070313,415.9500122070313,401.9500122070313,414.8500061035156,394.3405456542969,13772637,0.0,0.0
2024-08-27,415.5,416.2000122070313,409.1000061035156,409.6499938964844,389.3975830078125,8441188,0.0,0.0
2024-08-28,410.0499877929688,414.3999938964844,407.3500061035156,409.0499877929688,388.8272399902344,15884745,0.0,0.0
2024-08-29,409.0499877929688,412.6000061035156,403.75,409.8999938964844,389.6352233886719,19014705,0.0,0.0
2024-08-30,412.7000122070313,419.2000122070313,411.5,416.2000122070313,395.6237487792969,22633988,0.0,0.0
2024-09-02,417.7999877929688,419.1000061035156,407.7000122070313,410.0,389.7302856445313,11107165,0.0,0.0
2024-09-03,410.5,411.5499877929688,405.6000061035156,406.3999938964844,386.3082580566406,7538160,0.0,0.0
2024-09-04,400.0,408.25,399.8999938964844,405.1000061035156,385.0725402832031,11052003,0.0,0.0
2024-09-05,405.3500061035156,408.3999938964844,401.8500061035156,403.25,383.3139953613281,14246871,0.0,0.0
2024-09-06,403.25,404.6499938964844,392.7000122070313,394.7999877929688,375.28173828125,17956121,0.0,0.0
2024-09-09,391.2000122070313,392.75,385.2999877929688,389.8500061035156,370.5764465332031,12293356,0.0,0.0
2024-09-10,390.1000061035156,399.3999938964844,389.75,396.2999877929688,376.7075805664063,15852309,0.0,0.0
2024-09-11,399.0,399.2999877929688,387.5,389.6499938964844,370.3863525390625,11492592,0.0,0.0
2024-09-12,391.0,406.25,390.6499938964844,404.8500061035156,384.8348693847656,24028069,0.0,0.0
2024-09-13,404.8500061035156,407.2999877929688,399.3500061035156,401.3999938964844,381.5554504394531,12017217,0.0,0.0
2024-09-16,402.4500122070313,412.0,402.0,411.1000061035156,390.7759094238281,11479712,0.0,0.0
2024-09-17,411.8500061035156,417.6499938964844,410.1000061035156,416.2999877929688,395.7188415527344,14432501,0.0,0.0
2024-09-18,418.5,419.75,413.0,414.1499938964844,393.6751098632813,10303840,0.0,0.0
2024-09-19,424.0,431.8500061035156,420.5499877929688,423.9500122070313,402.99066162109375,59601773,0.0,0.0
2024-09-20,428.0499877929688,429.8500061035156,416.5499877929688,423.9500122070313,402.99066162109375,36084164,0.0,0.0
2024-09-23,427.5,430.5,425.0,428.3500061035156,407.1731262207031,14139629,0.0,0.0
2024-09-24,431.4500122070313,431.4500122070313,427.0,428.1000061035156,406.93548583984375,12539885,0.0,0.0
2024-09-25,428.1000061035156,437.0,425.6499938964844,436.1000061035156,414.5399475097656,19443168,0.0,0.0
2024-09-26,437.9500122070313,437.9500122070313,430.5499877929688,434.6000061035156,413.1141052246094,20041825,0.0,0.0
2024-09-27,436.0,442.5,433.5,436.8999938964844,415.3003845214844,53885913,0.0,0.0
2024-09-30,436.8999938964844,448.4500122070313,433.6000061035156,443.2000122070313,421.2889709472656,20903229,0.0,0.0
2024-10-01,446.0,447.75,438.7999877929688,440.1000061035156,418.34222412109375,15984996,0.0,0.0
2024-10-03,432.0,442.5,432.0,435.3500061035156,413.8270568847656,13563784,0.0,0.0
2024-10-04,432.8999938964844,439.3500061035156,426.2999877929688,430.4500122070313,409.1693420410156,18347292,0.0,0.0
2024-10-07,430.6000061035156,433.0,409.0499877929688,415.4500122070313,394.910888671875,23431004,0.0,0.0
2024-10-08,414.0,427.7000122070313,411.2999877929688,420.9500122070313,400.1389465332031,18706355,0.0,0.0
2024-10-09,424.4500122070313,424.75,417.0,418.4500122070313,397.7625427246094,13916492,0.0,0.0
2024-10-10,420.7000122070313,429.8999938964844,420.5,422.7000122070313,401.8024291992188,15866037,0.0,0.0
2024-10-11,423.9500122070313,426.6499938964844,419.6000061035156,422.5,401.6123352050781,8639087,0.0,0.0
2024-10-14,424.6000061035156,426.0,420.0,424.5,403.513427734375,8483177,0.0,0.0
2024-10-15,426.6499938964844,427.2000122070313,423.5499877929688,426.6000061035156,405.5096435546875,9365964,0.0,0.0
2024-10-16,425.2999877929688,429.3999938964844,421.25,424.25,403.27581787109375,6219440,0.0,0.0
2024-10-17,423.6499938964844,425.6000061035156,416.6000061035156,417.75,397.09716796875,11968387,0.0,0.0
2024-10-18,417.7000122070313,425.9500122070313,414.4500122070313,424.9500122070313,403.9411926269531,8828971,0.0,0.0
2024-10-21,426.0499877929688,428.75,419.1000061035156,425.0,403.9887390136719,9139781,0.0,0.0
2024-10-22,422.8500061035156,426.2999877929688,413.4500122070313,415.75,395.1960144042969,14242323,0.0,0.0
2024-10-23,414.0,414.75,401.7000122070313,408.2999877929688,388.11431884765625,22522821,0.0,0.0
2024-10-24,409.25,415.25,406.7999877929688,411.8999938964844,391.5363159179688,9400171,0.0,0.0
2024-10-25,402.5,407.5,391.6000061035156,398.8999938964844,379.1790466308594,19642277,0.0,0.0
2024-10-28,398.8999938964844,406.5,397.7999877929688,403.8999938964844,383.9318542480469,11716022,0.0,0.0
2024-10-29,409.0,414.2999877929688,404.4500122070313,412.1499938964844,391.7740173339844,20284308,0.0,0.0
2024-10-30,414.1499938964844,414.7999877929688,405.7999877929688,408.5,388.3044128417969,12264297,0.0,0.0
2024-10-31,409.0,410.6499938964844,403.5,408.1499938964844,390.3606872558594,12204072,2.5,0.0
2024-11-01,412.0,415.4500122070313,410.3500061035156,411.3500061035156,393.4212646484375,2145479,0.0,0.0
2024-11-04,413.8500061035156,414.2999877929688,393.7000122070313,400.9500122070313,383.474609375,13866505,0.0,0.0
2024-11-05,400.0,404.1000061035156,397.1499938964844,403.1000061035156,385.5308532714844,6665326,0.0,0.0
2024-11-06,406.7000122070313,410.7999877929688,403.1499938964844,408.8999938964844,391.07806396484375,9700643,0.0,0.0
2024-11-07,410.8999938964844,410.8999938964844,402.0,403.7999877929688,386.2003173828125,7589295,0.0,0.0
2024-11-08,403.1499938964844,404.2000122070313,395.5499877929688,397.6499938964844,380.3183898925781,7536509,0.0,0.0
2024-11-11,398.1499938964844,400.8999938964844,391.7999877929688,392.5499877929688,375.440673828125,12243693,0.0,0.0
2024-11-12,393.1499938964844,394.7999877929688,379.0499877929688,380.2999877929688,363.7245788574219,10549517,0.0,0.0
2024-11-13,384.0,387.6000061035156,379.3500061035156,381.3500061035156,364.7288208007813,20602407,0.0,0.0
2024-11-14,380.0499877929688,385.2000122070313,371.3500061035156,372.5,356.2645263671875,15086601,0.0,0.0
2024-11-18,380.0,380.0,362.6499938964844,366.7000122070313,350.7173767089844,16383636,0.0,0.0
2024-11-19,368.0,378.5,365.0499877929688,366.7000122070313,350.7173767089844,17055094,0.0,0.0
2024-11-21,363.7000122070313,364.3500061035156,354.79998779296875,356.1499938964844,340.6271667480469,21276150,0.0,0.0
2024-11-22,357.04998779296875,367.1000061035156,355.70001220703125,365.4500122070313,349.5218200683594,15949254,0.0,0.0
2024-11-25,374.0,377.2000122070313,367.5,368.3999938964844,352.34326171875,18388844,0.0,0.0
2024-11-26,370.0,370.3999938964844,360.25,361.6499938964844,345.8874816894531,11222231,0.0,0.0
2024-11-27,363.7999877929688,371.6000061035156,361.3500061035156,369.2999877929688,353.2040100097656,14225274,0.0,0.0
2024-11-28,369.7000122070313,371.8500061035156,359.6000061035156,362.0499877929688,346.2699890136719,16837860,0.0,0.0
2024-11-29,363.25,365.3999938964844,360.20001220703125,363.6499938964844,347.8002624511719,14280017,0.0,0.0
2024-12-02,363.6499938964844,363.8999938964844,357.0,358.20001220703125,342.5878601074219,12510350,0.0,0.0
2024-12-03,359.0,370.0,358.20001220703125,367.4500122070313,351.4346618652344,14205760,0.0,0.0
2024-12-04,368.9500122070313,375.1499938964844,368.0,372.75,356.503662109375,22035954,0.0,0.0
2024-12-05,372.75,373.9500122070313,364.3999938964844,369.1499938964844,353.0605773925781,18758283,0.0,0.0
2024-12-06,369.4500122070313,371.2000122070313,368.0499877929688,369.5,353.3952941894531,9736086,0.0,0.0
2024-12-09,370.8999938964844,373.2999877929688,367.75,369.8500061035156,353.7300720214844,10878679,0.0,0.0
2024-12-10,369.0,371.2000122070313,366.3999938964844,369.1499938964844,353.0605773925781,7913822,0.0,0.0
2024-12-11,369.25,370.75,364.7000122070313,365.5,349.56964111328125,9998662,0.0,0.0
2024-12-12,366.0,367.0,353.0,355.6000061035156,340.10113525390625,22538216,0.0,0.0
2024-12-13,355.75,358.29998779296875,348.04998779296875,357.1499938964844,341.58355712890625,14269143,0.0,0.0
2024-12-16,357.1499938964844,358.8999938964844,351.70001220703125,352.8999938964844,337.5188293457031,12168143,0.0,0.0
2024-12-17,352.0,353.8500061035156,347.25,349.04998779296875,333.8365783691406,15646176,0.0,0.0
2024-12-18,349.54998779296875,351.0,340.0,341.75,326.8548278808594,14672392,0.0,0.0
2024-12-19,337.0,340.6000061035156,335.04998779296875,337.3999938964844,322.69439697265625,14513129,0.0,0.0
2024-12-20,337.79998779296875,343.8999938964844,331.0,333.25,318.7252502441406,20375797,0.0,0.0
2024-12-23,335.8999938964844,338.25,330.5,333.6499938964844,319.1078491210937,8884187,0.0,0.0
2024-12-24,335.1000061035156,336.8500061035156,331.75,335.29998779296875,320.68585205078125,7755462,0.0,0.0
2024-12-26,335.29998779296875,337.3999938964844,332.25,334.6499938964844,320.0642395019531,9030212,0.0,0.0
2024-12-27,336.6499938964844,340.0,334.20001220703125,335.0,320.39898681640625,9090597,0.0,0.0
2024-12-30,335.0,336.79998779296875,327.3999938964844,331.3999938964844,316.9559020996094,36657549,0.0,0.0
2024-12-31,330.1000061035156,334.6000061035156,326.20001220703125,333.3500061035156,318.8209228515625,8580998,0.0,0.0
2025-01-01,333.0,334.6499938964844,328.79998779296875,333.6499938964844,319.1078491210937,7843971,0.0,0.0
2025-01-02,333.6499938964844,338.6000061035156,330.0,338.0,323.2682189941406,16543382,0.0,0.0
2025-01-03,338.04998779296875,344.5,337.04998779296875,339.8500061035156,325.03759765625,8689629,0.0,0.0
2025-01-06,341.70001220703125,341.70001220703125,326.45001220703125,327.5,313.2259216308594,10538077,0.0,0.0
2025-01-07,327.0,330.3500061035156,325.1000061035156,328.6000061035156,314.2779846191406,13891401,0.0,0.0
2025-01-08,330.5,330.5,321.8500061035156,325.3999938964844,311.2173767089844,8993608,0.0,0.0
2025-01-09,324.04998779296875,325.95001220703125,319.79998779296875,320.3500061035156,306.3875427246094,12403467,0.0,0.0
2025-01-10,320.3500061035156,321.0,307.6000061035156,308.25,294.8148803710937,15941143,0.0,0.0
2025-01-13,301.1000061035156,309.95001220703125,296.8500061035156,298.20001220703125,285.2029113769531,29630336,0.0,0.0
2025-01-14,300.45001220703125,312.70001220703125,300.20001220703125,310.3999938964844,296.87115478515625,22732888,0.0,0.0
2025-01-15,312.54998779296875,324.29998779296875,312.54998779296875,321.3500061035156,307.34393310546875,21894626,0.0,0.0
2025-01-16,324.70001220703125,327.29998779296875,321.6499938964844,325.5,311.31304931640625,14865186,0.0,0.0
2025-01-17,325.29998779296875,329.0,323.3500061035156,326.1499938964844,311.9347229003906,7129232,0.0,0.0
2025-01-20,326.20001220703125,337.0,324.54998779296875,336.04998779296875,321.4032592773437,17991880,0.0,0.0
2025-01-21,337.79998779296875,338.25,323.79998779296875,324.29998779296875,310.1653137207031,12774630,0.0,0.0
2025-01-22,327.0,327.0,317.3500061035156,322.3999938964844,308.3481750488281,11068145,0.0,0.0
2025-01-23,321.0,325.1000061035156,319.54998779296875,323.6499938964844,309.54364013671875,6477347,0.0,0.0
2025-01-24,324.79998779296875,329.8999938964844,322.1000061035156,323.6499938964844,309.54364013671875,7492600,0.0,0.0
2025-01-27,323.6499938964844,325.04998779296875,315.0,322.20001220703125,308.1568603515625,13803855,0.0,0.0
2025-01-28,322.5,323.8500061035156,308.1499938964844,318.25,304.3790588378906,22008929,0.0,0.0
2025-01-29,320.0,322.8999938964844,313.29998779296875,321.25,307.248291015625,16056888,0.0,0.0
2025-01-30,322.25,326.79998779296875,321.1499938964844,323.0,308.92205810546875,10375720,0.0,0.0
2025-01-31,322.45001220703125,326.25,317.54998779296875,324.0,312.29559326171875,13195557,2.5,0.0
2025-02-01,326.04998779296875,330.79998779296875,316.75,317.70001220703125,306.22320556640625,10097627,0.0,0.0
2025-02-03,310.1000061035156,314.04998779296875,304.0,311.25,300.0062255859375,15881217,0.0,0.0
2025-02-04,314.8500061035156,320.45001220703125,310.29998779296875,319.1000061035156,307.57257080078125,12141064,0.0,0.0
2025-02-05,321.0,323.04998779296875,318.3999938964844,319.6000061035156,308.0545654296875,12226722,0.0,0.0
2025-02-06,322.6000061035156,322.70001220703125,311.3999938964844,312.79998779296875,301.50018310546875,13384442,0.0,0.0
2025-02-07,313.5,319.25,312.1000061035156,316.95001220703125,305.5002746582031,8937447,0.0,0.0
2025-02-10,316.5,316.8500061035156,309.0,310.5,299.28326416015625,6806132,0.0,0.0
2025-02-11,312.3500061035156,312.3500061035156,304.1499938964844,305.6000061035156,294.560302734375,13241830,0.0,0.0
2025-02-12,306.20001220703125,307.5,300.0,306.25,295.1867980957031,7616083,0.0,0.0
2025-02-13,306.1499938964844,308.6000061035156,303.1000061035156,306.70001220703125,295.6205749511719,9086906,0.0,0.0
2025-02-14,306.8500061035156,308.25,298.3500061035156,300.3500061035156,289.4999389648437,7446248,0.0,0.0
2025-02-17,297.5,303.20001220703125,292.79998779296875,302.3500061035156,291.4277038574219,6464173,0.0,0.0
2025-02-18,301.1499938964844,312.3999938964844,297.5,311.20001220703125,299.9580078125,15793327,0.0,0.0
2025-02-19,311.20001220703125,316.3500061035156,310.6000061035156,314.79998779296875,303.42791748046875,13079903,0.0,0.0
2025-02-20,312.54998779296875,327.1499938964844,311.5,325.1499938964844,313.404052734375,22888146,0.0,0.0
2025-02-21,323.29998779296875,329.75,321.54998779296875,326.25,314.4643249511719,10809296,0.0,0.0
2025-02-24,322.1000061035156,325.3999938964844,319.45001220703125,320.1000061035156,308.5364990234375,6034113,0.0,0.0
2025-02-25,320.1000061035156,321.5,315.75,318.70001220703125,307.18707275390625,10686112,0.0,0.0
2025-02-27,315.3500061035156,319.29998779296875,314.5,315.70001220703125,304.29541015625,7302366,0.0,0.0
2025-02-28,314.0,315.6499938964844,306.54998779296875,311.45001220703125,300.1989440917969,21127180,0.0,0.0
2025-03-03,311.29998779296875,317.79998779296875,307.70001220703125,314.3999938964844,303.0423583984375,9779703,0.0,0.0
2025-03-04,311.29998779296875,314.8999938964844,308.0,313.75,302.4158935546875,8734999,0.0,0.0
2025-03-05,313.54998779296875,327.29998779296875,313.5,326.20001220703125,314.4161376953125,10493615,0.0,0.0
2025-03-06,329.0,338.79998779296875,323.20001220703125,337.8999938964844,325.6934509277344,26294903,0.0,0.0
2025-03-07,335.8500061035156,338.75,328.70001220703125,329.54998779296875,317.64508056640625,8992315,0.0,0.0
2025-03-10,329.45001220703125,334.95001220703125,326.29998779296875,329.3999938964844,317.50048828125,11383132,0.0,0.0
2025-03-11,327.0,333.25,323.70001220703125,330.29998779296875,318.36798095703125,10299324,0.0,0.0
2025-03-12,331.0,334.79998779296875,326.3999938964844,330.1499938964844,318.2234191894531,6984859,0.0,0.0
2025-03-13,332.0,334.54998779296875,328.45001220703125,331.8999938964844,319.9101867675781,8965150,0.0,0.0
2025-03-17,332.95001220703125,334.5,330.5,331.6499938964844,319.6692199707031,4353561,0.0,0.0
2025-03-18,333.3,337.9,331.35,337.35,319.6692199707031,8580255,0.0,0.0
2025-03-19,339.0,343.8999938964844,336.3500061035156,341.29998779296875,328.9706115722656,30582397,0.0,0.0
2025-03-20,344.70001220703125,344.70001220703125,340.29998779296875,341.75,329.4043884277344,15002119,0.0,0.0
2025-03-21,342.0,353.8500061035156,341.75,351.29998779296875,338.609375,36406837,0.0,0.0
2025-03-24,357.0,368.0,353.6499938964844,366.9500122070313,353.69403076171875,24588471,0.0,0.0
2025-03-25,369.0,371.4500122070313,364.1499938964844,366.9500122070313,353.69403076171875,23189083,0.0,0.0
2025-03-26,366.9500122070313,369.0,353.29998779296875,354.6499938964844,341.8383483886719,18668095,0.0,0.0
2025-03-27,353.8999938964844,364.4500122070313,351.0,360.6499938964844,347.6216125488281,37930538,0.0,0.0
2025-03-28,362.0,364.2999877929688,356.45001220703125,357.6000061035156,344.6817932128906,11327077,0.0,0.0
2025-04-01,352.3500061035156,362.8999938964844,350.8500061035156,352.1499938964844,339.4286499023437,18736320,0.0,0.0
2025-04-02,352.1499938964844,353.45001220703125,347.04998779296875,351.75,339.0431213378906,13593404,0.0,0.0
2025-04-03,351.75,361.3500061035156,351.75,358.8999938964844,345.9348449707031,10317410,0.0,0.0
2025-04-04,358.8500061035156,358.8500061035156,348.54998779296875,350.3999938964844,337.74188232421875,10872963,0.0,0.0
2025-04-07,328.0,351.3999938964844,324.0,349.79998779296875,337.16357421875,18025165,0.0,0.0
2025-04-08,356.8500061035156,358.25,350.0,352.95001220703125,340.1997985839844,17506712,0.0,0.0
2025-04-09,354.0,354.79998779296875,348.20001220703125,349.3500061035156,336.7298278808594,7462119,0.0,0.0
2025-04-11,351.0,361.5,351.0,360.1000061035156,347.0915222167969,11246077,0.0,0.0
2025-04-15,367.0,368.4500122070313,361.5499877929688,362.5,349.40478515625,17497327,0.0,0.0
2025-04-16,362.5,363.0,357.8999938964844,359.29998779296875,346.32037353515625,11541484,0.0,0.0
2025-04-17,359.25,365.4500122070313,357.25,364.0,350.8505859375,12288196,0.0,0.0
2025-04-21,365.7999877929688,368.2000122070313,361.7999877929688,364.5499877929688,351.38067626953125,7375594,0.0,0.0
2025-04-22,367.0499877929688,367.0499877929688,359.70001220703125,360.25,347.2360534667969,12077119,0.0,0.0
2025-04-23,362.9500122070313,364.25,357.8999938964844,363.7999877929688,350.6578369140625,9719205,0.0,0.0
2025-04-24,363.75,366.4500122070313,361.6000061035156,363.2000122070313,350.0795288085937,7491123,0.0,0.0
2025-04-25,363.2000122070313,365.7999877929688,351.1000061035156,356.45001220703125,343.5733337402344,9785640,0.0,0.0
2025-04-28,353.70001220703125,362.8999938964844,353.70001220703125,361.5,348.4408874511719,5315840,0.0,0.0
2025-04-29,364.0,364.3500061035156,354.1000061035156,356.95001220703125,344.0552978515625,9472828,0.0,0.0
2025-04-30,357.0,361.0,352.0,354.54998779296875,341.7419738769531,16739088,0.0,0.0
2025-05-02,354.54998779296875,358.0,347.6000061035156,348.70001220703125,336.1033020019531,8221620,0.0,0.0
2025-05-05,351.0,352.0,345.54998779296875,348.6000061035156,336.0069274902344,9492646,0.0,0.0
2025-05-06,349.0,349.5,340.0,341.79998779296875,329.4525146484375,8904223,0.0,0.0
2025-05-07,338.0,343.70001220703125,337.0,342.04998779296875,329.69354248046875,8465490,0.0,0.0
2025-05-08,341.04998779296875,343.1000061035156,338.3999938964844,340.0,327.7175598144531,14286109,0.0,0.0
2025-05-09,334.20001220703125,338.75,330.6000061035156,334.75,322.6572265625,11322011,0.0,0.0
2025-05-12,340.3999938964844,349.20001220703125,338.1000061035156,348.54998779296875,335.9587097167969,7978210,0.0,0.0
2025-05-13,348.6000061035156,349.79998779296875,340.5,341.5,329.16339111328125,14738980,0.0,0.0
2025-05-14,342.45001220703125,343.8500061035156,337.75,338.54998779296875,326.3199462890625,22485535,0.0,0.0
2025-05-15,339.5,343.75,332.6499938964844,341.95001220703125,329.59716796875,43307763,0.0,0.0
2025-05-16,343.0,347.6000061035156,342.0,343.1000061035156,330.7055969238281,6920351,0.0,0.0
2025-05-19,343.1000061035156,347.70001220703125,342.3999938964844,345.1499938964844,332.6815490722656,6218209,0.0,0.0
2025-05-20,346.8999938964844,349.70001220703125,341.54998779296875,342.6000061035156,330.2236633300781,9986143,0.0,0.0
2025-05-21,342.54998779296875,347.3999938964844,339.8500061035156,346.1499938964844,333.6454162597656,5930972,0.0,0.0
2025-05-22,346.1499938964844,347.0,338.25,341.3999938964844,329.0670471191406,8717514,0.0,0.0
2025-05-23,342.0,344.95001220703125,340.1499938964844,344.6000061035156,332.1513977050781,4045937,0.0,0.0
2025-05-26,351.0,351.20001220703125,342.54998779296875,343.5,331.0911560058594,16655082,0.0,0.0
2025-05-27,344.0,344.5,336.79998779296875,338.54998779296875,326.3199462890625,24937330,0.0,0.0
2025-05-28,338.6000061035156,340.70001220703125,337.1000061035156,340.04998779296875,327.7657470703125,10985957,0.0,0.0
2025-05-29,341.0,342.25,338.04998779296875,339.3500061035156,327.091064453125,15884093,0.0,0.0
2025-05-30,337.5,340.75,332.8500061035156,333.8999938964844,321.83795166015625,19143010,0.0,0.0
2025-06-02,333.8999938964844,334.79998779296875,330.29998779296875,332.54998779296875,320.5367126464844,29479727,0.0,0.0
2025-06-03,333.0,334.75,327.0,328.25,316.3920288085937,14081719,0.0,0.0
2025-06-04,329.0,329.95001220703125,324.8500061035156,329.25,317.3559265136719,15654279,0.0,0.0
2025-06-05,329.20001220703125,331.6000061035156,327.6000061035156,328.6499938964844,316.7776184082031,16270360,0.0,0.0
2025-06-06,329.6499938964844,333.5,329.04998779296875,332.8500061035156,320.8258972167969,11402511,0.0,0.0
2025-06-09,333.8999938964844,337.54998779296875,332.75,337.1000061035156,324.92236328125,19416373,0.0,0.0
2025-06-10,338.79998779296875,340.8999938964844,336.79998779296875,339.20001220703125,326.9465026855469,12061248,0.0,0.0
2025-06-11,341.0,342.6000061035156,337.45001220703125,338.1000061035156,325.88623046875,10807496,0.0,0.0
2025-06-12,338.1499938964844,341.6499938964844,332.6499938964844,333.70001220703125,321.6451721191406,11881618,0.0,0.0
2025-06-13,326.79998779296875,332.8999938964844,326.6000061035156,331.95001220703125,319.9584045410156,11711773,0.0,0.0
2025-06-16,332.0,334.6499938964844,330.6000061035156,333.70001220703125,321.6451721191406,8065112,0.0,0.0
2025-06-17,334.0,336.8999938964844,333.1000061035156,335.20001220703125,323.09100341796875,6796992,0.0,0.0
2025-06-18,335.20001220703125,335.8999938964844,330.75,332.3999938964844,320.3921203613281,17835507,0.0,0.0
2025-06-19,332.3999938964844,333.1499938964844,328.54998779296875,330.04998779296875,318.1269836425781,11610604,0.0,0.0
2025-06-20,330.0,336.0,329.70001220703125,335.20001220703125,323.09100341796875,16592862,0.0,0.0
2025-06-23,333.70001220703125,335.70001220703125,330.3500061035156,332.6000061035156,320.5848999023437,8277787,0.0,0.0
2025-06-24,331.0,331.70001220703125,321.3500061035156,329.95001220703125,318.0306701660156,100814893,0.0,0.0
2025-06-25,331.5,333.70001220703125,329.3999938964844,330.8500061035156,318.89813232421875,17963666,0.0,0.0
2025-06-26,332.3999938964844,337.79998779296875,331.29998779296875,337.1499938964844,324.97052001953125,13754087,0.0,0.0
2025-06-27,338.95001220703125,341.29998779296875,334.45001220703125,338.29998779296875,326.0789794921875,50845169,0.0,0.0
2025-06-30,335.75,337.25,333.6499938964844,334.8999938964844,322.80181884765625,11858890,0.0,0.0
2025-07-01,335.25,335.25,332.1499938964844,332.6000061035156,320.5848999023437,8903292,0.0,0.0
2025-07-02,332.6499938964844,335.6499938964844,331.29998779296875,333.75,321.693359375,11326880,0.0,0.0
2025-07-03,334.6000061035156,336.3500061035156,331.0,334.6000061035156,322.5126953125,15786429,0.0,0.0
2025-07-04,335.70001220703125,336.0,332.25,335.5,323.3801574707031,5899185,0.0,0.0
2025-07-07,335.5,339.0,333.75,337.45001220703125,325.2596740722656,9454556,0.0,0.0
2025-07-08,338.20001220703125,343.8999938964844,337.0,343.20001220703125,330.8020324707031,12092302,0.0,0.0
2025-07-09,343.25,345.6000061035156,342.79998779296875,344.0,331.5730895996094,9079872,0.0,0.0
2025-07-10,344.0,345.0,341.20001220703125,341.45001220703125,329.115234375,6426072,0.0,0.0
2025-07-11,340.5,344.0,339.5,342.70001220703125,330.320068359375,17234194,0.0,0.0
2025-07-14,343.04998779296875,345.0,339.95001220703125,342.1000061035156,329.74176025390625,11516965,0.0,0.0
2025-07-15,343.1499938964844,344.1000061035156,340.95001220703125,342.0,329.64532470703125,8450777,0.0,0.0
2025-07-16,342.0,343.79998779296875,340.79998779296875,342.45001220703125,330.0790710449219,6001484,0.0,0.0
2025-07-17,344.20001220703125,344.5,342.0,342.6499938964844,330.2718505859375,7562006,0.0,0.0
2025-07-18,343.0,343.8999938964844,340.6499938964844,342.1000061035156,329.74176025390625,6370338,0.0,0.0
2025-07-21,342.1000061035156,342.79998779296875,339.29998779296875,341.54998779296875,329.21160888671875,4463318,0.0,0.0
2025-07-22,341.54998779296875,342.6000061035156,340.04998779296875,340.8500061035156,328.5368957519531,4728372,0.0,0.0
2025-07-23,341.79998779296875,344.0,340.95001220703125,343.04998779296875,330.6573791503906,5058422,0.0,0.0
2025-07-24,343.6000061035156,343.6000061035156,336.5,338.8999938964844,326.6573181152344,9098453,0.0,0.0
2025-07-25,338.8999938964844,339.8999938964844,332.54998779296875,333.20001220703125,321.1632385253906,7790739,0.0,0.0
2025-07-28,333.45001220703125,336.6000061035156,330.3500061035156,332.95001220703125,320.9222717285156,4605823,0.0,0.0
2025-07-29,332.0,335.5,328.5,334.6000061035156,322.5126953125,7551356,0.0,0.0
2025-07-30,335.0,342.29998779296875,332.5,338.79998779296875,326.5609436035156,12537358,0.0,0.0
2025-07-31,336.04998779296875,340.1000061035156,333.0,334.25,322.17529296875,8935384,0.0,0.0
2025-08-01,333.0,334.75,330.20001220703125,330.8999938964844,318.9463195800781,7107542,0.0,0.0
2025-08-04,330.8999938964844,333.29998779296875,327.20001220703125,332.0,320.006591796875,8193399,0.0,0.0
2025-08-05,332.45001220703125,334.3500061035156,331.29998779296875,333.6000061035156,321.5487976074219,9855535,0.0,0.0
2025-08-06,333.6000061035156,335.3999938964844,331.6000061035156,332.1000061035156,320.1029968261719,13872826,0.0,0.0
2025-08-07,332.1000061035156,332.45001220703125,328.6499938964844,329.75,317.8378601074219,8731389,0.0,0.0
2025-08-08,330.0,337.5,329.6499938964844,334.75,322.6572265625,11247218,0.0,0.0
2025-08-11,335.0,339.1000061035156,333.95001220703125,336.1499938964844,324.0066833496094,11993280,0.0,0.0
2025-08-12,336.25,341.8500061035156,335.75,340.1000061035156,327.8139953613281,7221182,0.0,0.0
2025-08-13,340.29998779296875,343.0,339.1499938964844,339.95001220703125,327.6694030761719,5417151,0.0,0.0
2025-08-14,339.95001220703125,340.45001220703125,336.29998779296875,339.3500061035156,327.091064453125,5689423,0.0,0.0
2025-08-18,341.45001220703125,341.79998779296875,335.45001220703125,336.04998779296875,323.9102478027344,6511340,0.0,0.0
2025-08-19,338.8999938964844,340.6499938964844,334.1499938964844,335.04998779296875,322.9463806152344,10316115,0.0,0.0
2025-08-20,337.79998779296875,343.3999938964844,336.5,342.0,329.64532470703125,10824544,0.0,0.0
2025-08-21,342.3500061035156,344.3500061035156,336.8999938964844,338.79998779296875,326.5609436035156,11135121,0.0,0.0
2025-08-22,338.5,338.8999938964844,335.5,337.0,324.8259582519531,8534844,0.0,0.0
2025-08-25,337.04998779296875,341.3999938964844,337.04998779296875,337.8500061035156,325.645263671875,7142387,0.0,0.0
2025-08-26,336.1499938964844,337.3999938964844,331.75,333.20001220703125,321.1632385253906,13113388,0.0,0.0
2025-08-28,331.25,332.8999938964844,328.70001220703125,330.79998779296875,318.84991455078125,10486948,0.0,0.0
2025-08-29,331.0,331.5,327.0,327.54998779296875,315.7173156738281,11813425,0.0,0.0
2025-09-01,328.0,331.6000061035156,328.0,330.70001220703125,318.7535400390625,6897558,0.0,0.0
2025-09-02,331.1000061035156,338.25,331.1000061035156,336.29998779296875,324.1512451171875,9224639,0.0,0.0
2025-09-03,336.5,338.0,333.5,334.25,322.17529296875,10778333,0.0,0.0
2025-09-04,333.5,334.8999938964844,329.29998779296875,330.04998779296875,321.3476867675781,7934237,3.35,0.0
2025-09-05,330.04998779296875,331.79998779296875,325.95001220703125,328.70001220703125,320.0333251953125,5678244,0.0,0.0
2025-09-08,328.75,330.95001220703125,326.3500061035156,326.70001220703125,318.0860900878906,5239184,0.0,0.0
2025-09-09,327.6000061035156,328.1499938964844,323.6499938964844,324.1000061035156,315.5545959472656,9735495,0.0,0.0
2025-09-10,325.5,328.04998779296875,325.1499938964844,325.6499938964844,317.0637512207031,6509477,0.0,0.0
2025-09-11,326.45001220703125,333.5,326.0,331.04998779296875,322.32135009765625,10309925,0.0,0.0
2025-09-12,332.0,333.5,328.3999938964844,331.70001220703125,322.9542236328125,5257048,0.0,0.0
2025-09-15,331.0,333.79998779296875,330.6499938964844,331.1000061035156,322.3700561523437,6566824,0.0,0.0
2025-09-16,331.20001220703125,335.79998779296875,331.20001220703125,335.04998779296875,326.21588134765625,8784889,0.0,0.0
2025-09-17,335.5,337.45001220703125,334.54998779296875,336.3999938964844,327.5303039550781,7936518,0.0,0.0
2025-09-18,337.0,337.6000061035156,334.1000061035156,336.95001220703125,328.0657958984375,6497322,0.0,0.0
2025-09-19,336.95001220703125,339.5,336.45001220703125,338.6499938964844,329.7209777832031,10646331,0.0,0.0
2025-09-22,339.1499938964844,340.3500061035156,336.8500061035156,339.20001220703125,330.2565002441406,6966213,0.0,0.0
2025-09-23,339.45001220703125,344.1000061035156,338.1000061035156,343.0,333.956298828125,10738268,0.0,0.0
2025-09-24,343.29998779296875,350.3999938964844,342.25,347.6000061035156,338.4349975585937,14653575,0.0,0.0
2025-09-25,349.29998779296875,350.79998779296875,340.0,340.5,331.522216796875,13228081,0.0,0.0
2025-09-26,340.5,340.75,336.45001220703125,337.8999938964844,328.9907531738281,6337702,0.0,0.0
2025-09-29,339.1000061035156,343.75,338.0,340.95001220703125,331.9603576660156,16922231,0.0,0.0
2025-09-30,341.1000061035156,343.04998779296875,339.1499938964844,340.45001220703125,331.4735412597656,8308029,0.0,0.0
2025-10-01,340.29998779296875,343.04998779296875,338.04998779296875,340.25,331.27880859375,6022078,0.0,0.0
2025-10-03,340.25,343.5,338.75,342.0,332.9826354980469,8506827,0.0,0.0
2025-10-06,340.6000061035156,341.79998779296875,335.6499938964844,339.1000061035156,330.1590881347656,8436245,0.0,0.0
2025-10-07,339.1000061035156,341.3999938964844,336.8500061035156,338.0,329.0881042480469,16130172,0.0,0.0
2025-10-08,339.25,339.25,332.29998779296875,333.79998779296875,324.9988708496094,13223442,0.0,0.0
2025-10-09,333.79998779296875,336.3999938964844,331.20001220703125,335.8500061035156,326.9947814941406,6824759,0.0,0.0
2025-10-10,336.0,341.95001220703125,335.95001220703125,339.70001220703125,330.7432861328125,8970962,0.0,0.0
2025-10-13,337.95001220703125,342.1000061035156,336.20001220703125,341.70001220703125,332.6905822753906,6663149,0.0,0.0
2025-10-14,342.0,343.0,335.20001220703125,336.6499938964844,327.7737121582031,7545848,0.0,0.0
2025-10-15,336.95001220703125,341.75,336.75,339.25,330.3051452636719,8121744,0.0,0.0
2025-10-16,340.20001220703125,342.6000061035156,339.6499938964844,341.5,332.4958190917969,6788416,0.0,0.0
2025-10-17,341.5,344.20001220703125,340.1499938964844,341.0,332.0090026855469,7032129,0.0,0.0
2025-10-20,341.3999938964844,344.45001220703125,340.29998779296875,341.95001220703125,332.9339904785156,6896835,0.0,0.0
2025-10-21,342.95001220703125,343.5,341.04998779296875,342.0,332.9826354980469,346988,0.0,0.0
2025-10-23,343.79998779296875,345.20001220703125,341.04998779296875,342.6499938964844,333.6155090332031,8710859,0.0,0.0
2025-10-24,342.45001220703125,343.25,338.1499938964844,339.6000061035156,330.6459350585937,7584711,0.0,0.0
2025-10-27,340.70001220703125,342.8999938964844,340.45001220703125,341.75,332.7392578125,6752390,0.0,0.0
2025-10-28,342.3999938964844,342.8999938964844,337.29998779296875,339.1499938964844,330.2077941894531,13186584,0.0,0.0
2025-10-29,339.25,350.0,339.1499938964844,347.5,338.3376159667969,15423201,0.0,0.0
2025-10-30,349.0,349.0,343.45001220703125,345.1499938964844,336.0495910644531,6721032,0.0,0.0
2025-10-31,345.0,345.0,335.6000061035156,336.95001220703125,328.0657958984375,18651312,0.0,0.0
2025-11-03,336.8500061035156,337.5,333.3999938964844,335.20001220703125,326.3619384765625,10242245,0.0,0.0
2025-11-04,335.3999938964844,336.0,329.70001220703125,330.6000061035156,321.8832397460937,11887651,0.0,0.0
2025-11-06,332.04998779296875,332.95001220703125,324.6000061035156,326.6499938964844,318.037353515625,11587302,0.0,0.0
2025-11-07,324.3999938964844,327.1000061035156,320.8500061035156,326.1000061035156,320.1975402832031,8578167,2.75,0.0
2025-11-10,326.1000061035156,328.25,324.0,325.45001220703125,319.559326171875,5246998,0.0,0.0
2025-11-11,325.95001220703125,327.45001220703125,322.8500061035156,326.6499938964844,320.7375793457031,6103758,0.0,0.0
2025-11-12,327.5,328.25,325.54998779296875,327.1499938964844,321.2285461425781,6850550,0.0,0.0
2025-11-13,327.1499938964844,329.95001220703125,325.54998779296875,326.95001220703125,321.0321960449219,7276001,0.0,0.0
2025-11-14,327.0,329.8999938964844,326.20001220703125,328.45001220703125,322.5050354003906,9169855,0.0,0.0
2025-11-17,329.0,331.45001220703125,328.54998779296875,330.20001220703125,324.2233581542969,6283156,0.0,0.0
2025-11-18,329.04998779296875,329.75,327.1499938964844,328.45001220703125,322.5050354003906,6776200,0.0,0.0
2025-11-19,328.95001220703125,328.95001220703125,325.04998779296875,326.6000061035156,320.6885070800781,6935056,0.0,0.0
2025-11-20,328.0,330.0,326.20001220703125,326.6000061035156,320.6885070800781,5155775,0.0,0.0
2025-11-21,326.8500061035156,328.3999938964844,325.0,326.6499938964844,320.7375793457031,6142545,0.0,0.0
2025-11-24,326.70001220703125,327.1000061035156,322.04998779296875,323.45001220703125,317.59552001953125,13719726,0.0,0.0
2025-11-25,323.45001220703125,325.6000061035156,322.5,323.70001220703125,317.84100341796875,8074651,0.0,0.0
2025-11-26,324.29998779296875,327.79998779296875,324.0,326.1000061035156,320.1975402832031,7101095,0.0,0.0
2025-11-27,327.1499938964844,328.75,325.0,327.3500061035156,321.4249267578125,6755179,0.0,0.0
2025-11-28,328.0,328.1499938964844,324.25,326.45001220703125,320.5412292480469,8930988,0.0,0.0
2025-12-01,327.1000061035156,328.25,325.45001220703125,327.1000061035156,321.1794738769531,6936186,0.0,0.0
2025-12-02,327.45001220703125,329.95001220703125,326.75,328.6000061035156,322.6523132324219,5806943,0.0,0.0
2025-12-03,329.0,329.0,321.29998779296875,322.95001220703125,317.1045837402344,8546132,0.0,0.0
2025-12-04,322.8999938964844,324.29998779296875,321.1000061035156,322.95001220703125,317.1045837402344,5965357,0.0,0.0
2025-12-05,322.25,324.1499938964844,320.95001220703125,323.29998779296875,317.4482116699219,6574010,0.0,0.0
2025-12-08,323.20001220703125,323.20001220703125,317.8500061035156,319.5,313.7170104980469,7906928,0.0,0.0
2025-12-09,317.45001220703125,321.3999938964844,315.54998779296875,319.8500061035156,314.0606994628906,7152584,0.0,0.0
2025-12-10,319.8500061035156,323.70001220703125,319.5,321.6000061035156,315.77899169921875,5484712,0.0,0.0
2025-12-11,321.6499938964844,323.45001220703125,319.1499938964844,322.6000061035156,316.76092529296875,6317942,0.0,0.0
2025-12-12,322.8999938964844,325.95001220703125,322.8999938964844,325.04998779296875,319.1665344238281,4261023,0.0,0.0
2025-12-15,323.04998779296875,325.29998779296875,321.54998779296875,323.95001220703125,318.08648681640625,10219819,0.0,0.0
2025-12-16,322.04998779296875,323.79998779296875,319.04998779296875,321.0,315.1898803710937,5241263,0.0,0.0
2025-12-17,320.0,322.3999938964844,319.54998779296875,321.25,315.4353332519531,5043027,0.0,0.0
2025-12-18,322.0,322.1499938964844,317.0,318.5,312.735107421875,5554193,0.0,0.0
2025-12-19,318.95001220703125,320.6000061035156,317.5,319.8999938964844,314.1097717285156,10833662,0.0,0.0
2025-12-22,319.95001220703125,323.6499938964844,319.5,320.70001220703125,314.8952941894531,8925871,0.0,0.0
2025-12-23,321.04998779296875,324.75,320.25,323.25,317.3991394042969,6024641,0.0,0.0
2025-12-24,323.8999938964844,326.6499938964844,322.25,322.54998779296875,316.7117919921875,5678004,0.0,0.0
2025-12-26,322.54998779296875,325.75,322.29998779296875,324.1000061035156,318.2337341308594,4174183,0.0,0.0
2025-12-29,324.1000061035156,325.79998779296875,323.04998779296875,325.5,319.6084289550781,14043845,0.0,0.0
2025-12-30,325.0,325.54998779296875,323.3500061035156,324.8999938964844,319.0192565917969,8035909,0.0,0.0
2025-12-31,324.75,330.6499938964844,324.70001220703125,329.54998779296875,323.5850830078125,8497983,0.0,0.0
2026-01-01,329.79998779296875,336.8999938964844,329.6000061035156,336.29998779296875,330.2129211425781,10357315,0.0,0.0
2026-01-02,336.79998779296875,353.0,335.95001220703125,352.1000061035156,345.7269592285156,23128940,0.0,0.0
2026-01-05,350.3500061035156,354.79998779296875,348.3999938964844,350.6000061035156,344.2541198730469,18248271,0.0,0.0
2026-01-06,349.8999938964844,354.1000061035156,346.1499938964844,350.79998779296875,344.4504699707031,8641743,0.0,0.0
2026-01-07,349.54998779296875,351.3500061035156,346.29998779296875,348.8500061035156,342.5357666015625,7165806,0.0,0.0
2026-01-08,346.75,349.79998779296875,342.20001220703125,344.3999938964844,338.16632080078125,8805975,0.0,0.0
2026-01-09,344.3999938964844,344.3999938964844,334.3999938964844,336.0,329.9183654785156,10161744,0.0,0.0
2026-01-12,336.75,340.6499938964844,333.70001220703125,337.45001220703125,331.34210205078125,9406174,0.0,0.0
2026-01-13,337.45001220703125,339.25,335.04998779296875,337.8999938964844,331.7839660644531,5583379,0.0,0.0
2026-01-14,338.8999938964844,350.5,337.45001220703125,349.1000061035156,342.78125,20389924,0.0,0.0
2026-01-16,352.6499938964844,354.04998779296875,345.3999938964844,346.3500061035156,340.0810241699219,14275582,0.0,0.0
2026-01-19,343.5,347.95001220703125,342.04998779296875,343.3500061035156,337.1353454589844,9974363,0.0,0.0
2026-01-20,343.0,348.29998779296875,337.70001220703125,338.75,332.6185913085937,7718407,0.0,0.0
2026-01-21,338.79998779296875,341.6000061035156,336.79998779296875,338.70001220703125,332.56951904296875,6948955,0.0,0.0
2026-01-22,338.70001220703125,343.20001220703125,337.1000061035156,342.45001220703125,336.25164794921875,5885972,0.0,0.0
2026-01-23,343.95001220703125,345.45001220703125,336.1000061035156,336.70001220703125,330.605712890625,10084314,0.0,0.0
2026-01-27,340.5,346.5,337.04998779296875,344.70001220703125,338.4609069824219,12203590,0.0,0.0
2026-01-28,344.70001220703125,353.25,344.70001220703125,348.04998779296875,341.750244140625,13566973,0.0,0.0
2026-01-29,350.0,360.5,347.29998779296875,358.1499938964844,351.6674499511719,20624409,0.0,0.0
2026-01-30,359.0,359.3500061035156,351.1000061035156,356.0,349.5563659667969,22641103,0.0,0.0
2026-02-02,344.95001220703125,352.75,337.75,350.3500061035156,344.0086364746094,12622760,0.0,0.0
2026-02-03,365.9500122070313,365.9500122070313,353.79998779296875,358.54998779296875,352.0602111816406,11559806,0.0,0.0
2026-02-04,359.45001220703125,368.5499877929688,357.6000061035156,367.25,360.6027221679688,15515053,0.0,0.0
2026-02-05,369.75,370.7000122070313,365.0,367.0,360.3572692871094,18789794,0.0,0.0
2026-02-06,361.7999877929688,365.9500122070313,361.0,365.0499877929688,361.1487121582031,7328789,2.75,0.0
2026-02-09,366.5499877929688,368.6000061035156,361.0,361.8999938964844,358.0323791503906,7983235,0.0,0.0
2026-02-10,361.8999938964844,368.1499938964844,361.25,366.8999938964844,362.97894287109375,8319282,0.0,0.0
2026-02-11,369.0,369.0,366.0,368.4500122070313,364.5123901367188,5782448,0.0,0.0
2026-02-12,370.0,372.0,366.8500061035156,368.25,364.31451416015625,6763353,0.0,0.0
2026-02-13,367.5499877929688,368.0,362.3999938964844,363.0,359.1206359863281,7111972,0.0,0.0
2026-02-16,362.6000061035156,369.6499938964844,362.5,369.1000061035156,365.1554260253906,6292850,0.0,0.0
2026-02-17,368.75,369.5,366.0499877929688,368.3999938964844,364.462890625,4442793,0.0,0.0
2026-02-18,368.4500122070313,370.7000122070313,367.3999938964844,368.3999938964844,364.462890625,4871319,0.0,0.0
2026-02-19,367.0,370.8999938964844,362.2000122070313,363.2000122070313,359.3184814453125,5375352,0.0,0.0
2026-02-20,362.7999877929688,373.6499938964844,362.7000122070313,372.9500122070313,368.96429443359375,16736731,0.0,0.0
2026-02-23,374.0,376.5,372.1499938964844,375.4500122070313,371.4375915527344,16135451,0.0,0.0
2026-02-24,374.9500122070313,385.0,373.5499877929688,382.75,378.6595458984375,20774629,0.0,0.0
2026-02-25,382.75,388.5499877929688,382.7000122070313,384.8999938964844,380.78656005859375,12750016,0.0,0.0
2026-02-26,385.0,385.8500061035156,378.3999938964844,381.8999938964844,377.8186340332031,10721570,0.0,0.0
2026-02-27,381.0,385.2000122070313,380.1499938964844,381.8999938964844,377.8186340332031,11548959,0.0,0.0
2026-03-02,365.0,378.9500122070313,365.0,377.5499877929688,373.5151062011719,14732253,0.0,0.0
2026-03-04,370.75,373.8500061035156,364.1000061035156,365.7999877929688,361.89068603515625,11433169,0.0,0.0
2026-03-05,366.9500122070313,379.8999938964844,366.6000061035156,378.0499877929688,374.009765625,16158714,0.0,0.0
2026-03-06,377.0,385.5499877929688,374.6499938964844,380.6000061035156,376.5325317382813,14940896,0.0,0.0
2026-03-09,373.0,379.0,371.3999938964844,376.25,372.22900390625,11286578,0.0,0.0
2026-03-10,385.0,385.4500122070313,374.8500061035156,377.2999877929688,373.2677917480469,10875834,0.0,0.0
2026-03-11,377.5,383.8999938964844,376.4500122070313,379.8999938964844,375.8399963378906,9963701,0.0,0.0
2026-03-12,379.0,392.3999938964844,375.6499938964844,390.5499877929688,386.3761901855469,23847146,0.0,0.0
2026-03-13,391.8500061035156,394.5,383.2000122070313,384.4500122070313,380.3414001464844,27107369,0.0,0.0
2026-03-16,384.5,388.25,375.4500122070313,382.3999938964844,378.3132934570313,16793109,0.0,0.0
2026-03-17,382.8999938964844,385.8999938964844,378.2999877929688,383.3500061035156,379.2531433105469,9720902,0.0,0.0
2026-03-18,385.0,386.3500061035156,377.6000061035156,378.5,374.4549865722656,10681498,0.0,0.0
2026-03-19,373.5,380.75,373.1000061035156,374.0499877929688,370.0525207519531,10568326,0.0,0.0
2026-03-20,375.8500061035156,383.2999877929688,375.5,380.9500122070313,376.8788146972656,20930288,0.0,0.0
2026-03-23,377.1000061035156,379.5,369.2999877929688,372.3999938964844,368.420166015625,13148432,0.0,0.0
2026-03-24,378.0,378.1499938964844,371.0,375.5499877929688,371.5364990234375,9339144,0.0,0.0
2026-03-25,376.0,380.9500122070313,375.6000061035156,378.3999938964844,374.3560485839844,9266292,0.0,0.0
2026-03-27,379.8999938964844,379.8999938964844,374.6499938964844,375.6499938964844,371.6354370117188,20263654,0.0,0.0
2026-03-30,374.0,377.9500122070313,369.6499938964844,370.6499938964844,366.6888732910156,17974103,0.0,0.0
2026-04-01,381.2999877929688,381.8999938964844,361.4500122070313,364.6499938964844,360.75299072265625,15449629,0.0,0.0
2026-04-02,359.95001220703125,361.2999877929688,352.0,359.6499938964844,355.8064270019531,16551512,0.0,0.0
2026-04-06,358.79998779296875,366.75,355.70001220703125,366.1000061035156,362.1875,11534034,0.0,0.0
2026-04-07,364.8500061035156,369.7999877929688,362.25,368.8500061035156,364.9081115722656,12603971,0.0,0.0
2026-04-08,373.5,375.5499877929688,368.25,374.1499938964844,370.1514587402344,19491331,0.0,0.0
2026-04-09,376.9500122070313,384.2000122070313,376.5,378.6499938964844,374.6033630371094,18503665,0.0,0.0
2026-04-10,381.2000122070313,384.4500122070313,372.0499877929688,380.1499938964844,376.08734130859375,14953758,0.0,0.0
2026-04-13,374.3500061035156,388.0,374.3500061035156,386.25,382.1221618652344,15240045,0.0,0.0
2026-04-15,390.25,393.9500122070313,387.1000061035156,392.6000061035156,388.404296875,7722460,0.0,0.0
2026-04-16,397.0,397.25,387.7999877929688,390.7999877929688,386.6235046386719,9896906,0.0,0.0
2026-04-17,393.0,396.25,388.4500122070313,393.6000061035156,389.39361572265625,15320653,0.0,0.0
2026-04-20,393.0,400.8500061035156,390.6499938964844,398.0,393.74658203125,9895187,0.0,0.0
2026-04-21,398.6000061035156,402.7000122070313,395.7000122070313,396.2000122070313,391.9658203125,9493644,0.0,0.0
2026-04-22,398.0,407.25,393.2000122070313,405.3999938964844,401.0674743652344,16411131,0.0,0.0
2026-04-23,404.0,405.8999938964844,400.3999938964844,402.25,397.951171875,9144699,0.0,0.0
2026-04-24,404.75,405.25,399.2000122070313,401.8500061035156,397.5554504394531,6266676,0.0,0.0
2026-04-27,403.8999938964844,414.3999938964844,402.6000061035156,410.2000122070313,405.8161926269531,13001752,0.0,0.0
2026-04-28,414.0,414.2000122070313,405.9500122070313,406.8500061035156,402.50201416015625,7726655,0.0,0.0
2026-04-29,409.5,410.0,399.6499938964844,401.2999877929688,397.0112915039063,11920835,0.0,0.0
2026-04-30,400.0,400.2999877929688,393.1499938964844,399.1499938964844,394.88427734375,7706357,0.0,0.0
2026-05-04,400.0,404.7999877929688,397.25,400.0499877929688,395.774658203125,6333200,0.0,0.0
2026-05-05,398.2999877929688,400.5,394.5499877929688,398.6499938964844,394.3896179199219,6791514,0.0,0.0
2026-05-06,400.0,403.0,391.6499938964844,394.8500061035156,390.6302490234375,11120409,0.0,0.0
2026-05-07,396.75,403.5,393.1499938964844,400.3500061035156,396.0714721679688,9700378,0.0,0.0
2026-05-08,398.0,405.1000061035156,397.1499938964844,402.1499938964844,397.8522338867188,4740939,0.0,0.0
2026-05-11,401.8999938964844,405.0,391.0,392.9500122070313,388.7505493164063,10088836,0.0,0.0
2026-05-12,392.2000122070313,399.8500061035156,391.25,392.7000122070313,388.5032348632813,10247516,0.0,0.0
2026-05-13,392.0,394.0499877929688,385.7999877929688,390.4500122070313,386.27728271484375,12322076,0.0,0.0
2026-05-14,393.7000122070313,398.5499877929688,391.2000122070313,396.2999877929688,392.0647277832031,7363948,0.0,0.0
2026-05-15,396.0,398.0,392.5,395.25,391.0259704589844,7107857,0.0,0.0
2026-05-18,393.0,393.8500061035156,384.8999938964844,388.2999877929688,384.1502380371094,7632596,0.0,0.0
2026-05-19,386.7000122070313,392.75,386.0499877929688,389.3999938964844,385.2384643554688,6693518,0.0,0.0
2026-05-20,386.1000061035156,393.3500061035156,384.0,392.4500122070313,388.2558898925781,5386249,0.0,0.0
2026-05-21,393.5,395.5499877929688,387.8500061035156,388.7999877929688,384.6448974609375,10596954,0.0,0.0
2026-05-22,389.9500122070313,391.5,387.4500122070313,388.6499938964844,384.4964904785156,11755213,0.0,0.0
2026-05-25,391.9500122070313,392.7999877929688,386.4500122070313,390.0499877929688,385.8815307617188,10489850,0.0,0.0
2026-05-26,390.75,392.25,389.0,389.7000122070313,385.5352783203125,9062218,0.0,0.0
2026-05-27,390.3500061035156,403.1000061035156,390.3500061035156,398.1499938964844,393.89495849609375,14418621,0.0,0.0
2026-05-29,400.0,401.6499938964844,385.1000061035156,386.8999938964844,382.7651977539063,17003143,0.0,0.0
2026-06-01,386.8999938964844,389.0,376.5,378.7000122070313,374.6528625488281,18408900,0.0,0.0
2026-06-02,375.9500122070313,377.5,363.0499877929688,367.3999938964844,363.4736022949219,17496468,0.0,0.0
2026-06-03,368.0499877929688,371.5,363.7000122070313,366.7999877929688,362.8800048828125,10825715,0.0,0.0
2026-06-04,366.7999877929688,368.7999877929688,364.3500061035156,366.3999938964844,362.4842834472656,14363519,0.0,0.0
2026-06-05,365.9500122070313,368.5,358.6499938964844,361.6499938964844,357.7850341796875,10277061,0.0,0.0
2026-06-08,358.95001220703125,365.3500061035156,355.1499938964844,362.3999938964844,358.52703857421875,14933986,0.0,0.0
2026-06-09,362.7999877929688,363.7000122070313,355.0,355.6499938964844,351.8491516113281,14246656,0.0,0.0
2026-06-10,359.0,359.0,351.1000061035156,351.6499938964844,347.89190673828125,14939921,0.0,0.0
2026-06-11,352.0,353.3500061035156,348.79998779296875,351.8500061035156,348.0897827148437,15079402,0.0,0.0
2026-06-12,357.0,357.0,349.70001220703125,353.8999938964844,350.11785888671875,8740239,0.0,0.0
2026-06-15,357.3999938964844,358.0,346.95001220703125,348.1000061035156,344.3798522949219,17190759,0.0,0.0
2026-06-16,349.75,356.20001220703125,348.5,355.54998779296875,351.7502136230469,14555184,0.0,0.0
2026-06-17,355.54998779296875,356.04998779296875,352.04998779296875,355.54998779296875,351.7502136230469,9299676,0.0,0.0
2026-06-18,357.0,363.5499877929688,354.04998779296875,361.9500122070313,358.08184814453125,12260776,0.0,0.0
2026-06-19,361.9500122070313,368.0,359.95001220703125,365.7999877929688,361.89068603515625,17465450,0.0,0.0
2026-06-22,365.7999877929688,368.5,364.0499877929688,367.0499877929688,363.1273193359375,11946682,0.0,0.0
2026-06-23,367.8500061035156,369.25,361.8999938964844,364.6000061035156,360.7035217285156,11696171,0.0,0.0
2026-06-24,362.8500061035156,364.0499877929688,355.5,357.04998779296875,353.23419189453125,12770898,0.0,0.0
2026-06-25,356.45001220703125,359.0,351.45001220703125,352.04998779296875,348.2876281738281,19767157,0.0,0.0
2026-06-29,352.0,357.8999938964844,351.54998779296875,356.1000061035156,352.2943725585937,49895302,0.0,0.0
2026-06-30,354.75,358.3500061035156,352.8999938964844,356.6499938964844,352.8384704589844,10291360,0.0,0.0
2026-07-01,358.0,360.8500061035156,354.25,357.8999938964844,354.0751037597656,6915166,0.0,0.0
2026-07-02,359.95001220703125,359.95001220703125,352.29998779296875,358.25,354.42138671875,6513560,0.0,0.0
2026-07-03,358.25,360.1499938964844,355.45001220703125,356.45001220703125,352.640625,6588714,0.0,0.0
2026-07-06,356.0,359.3999938964844,354.6499938964844,356.25,352.4427490234375,6204261,0.0,0.0
2026-07-07,355.79998779296875,357.1499938964844,352.54998779296875,354.20001220703125,350.4146728515625,8149003,0.0,0.0
2026-07-08,351.95001220703125,353.0,347.54998779296875,348.70001220703125,344.97344970703125,9572223,0.0,0.0
2026-07-09,349.0,351.0,343.1000061035156,343.70001220703125,340.0268859863281,17821421,0.0,0.0
2026-07-10,344.5,348.79998779296875,343.20001220703125,344.54998779296875,340.8677978515625,13016441,0.0,0.0
2026-07-13,345.04998779296875,355.0,343.70001220703125,351.75,347.9908447265625,8226337,0.0,0.0
2026-07-14,348.5,353.95001220703125,347.5,348.1499938964844,344.4293212890625,8579646,0.0,0.0
2026-07-15,347.5,348.45001220703125,343.04998779296875,344.3500061035156,340.6699523925781,11352533,0.0,0.0
2026-07-16,344.20001220703125,346.04998779296875,342.1000061035156,342.45001220703125,338.7902526855469,10347549,0.0,0.0
2026-07-17,342.5,343.8999938964844,340.25,341.8500061035156,338.1966552734375,7612446,0.0,0.0
2026-07-20,343.0,349.29998779296875,341.1000061035156,347.25,343.5389404296875,14463484,0.0,0.0
2026-07-21,347.20001220703125,349.1499938964844,344.1499938964844,348.54998779296875,344.8250427246094,8575793,0.0,0.0
2026-07-22,347.3999938964844,350.8500061035156,345.6499938964844,350.5,346.75421142578125,7035952,0.0,0.0
2026-07-23,348.54998779296875,350.70001220703125,347.1000061035156,348.6000061035156,344.87451171875,6863144,0.0,0.0
2026-07-24,347.95001220703125,350.0,345.1000061035156,347.20001220703125,343.489501953125,6300466,0.0,0.0
2026-07-27,353.0,353.0,347.79998779296875,350.79998779296875,347.0509948730469,12350753,0.0,0.0
2026-07-28,349.95001220703125,350.0,342.1000061035156,343.75,340.07635498046875,12409670,0.0,0.0
2026-07-29,343.70001220703125,345.3500061035156,341.1499938964844,343.5,339.8290100097656,8471125,0.0,0.0
2026-07-30,343.5,347.6499938964844,341.8500061035156,344.8500061035156,341.1645812988281,9943764,0.0,0.0
2026-07-31,344.1000061035156,348.25,343.54998779296875,347.25,343.5389404296875,8519119,0.0,0.0
2026-08-03,347.25,350.8999938964844,345.29998779296875,350.8999938964844,347.1499328613281,5460220,0.0,0.0
2026-08-04,348.0,348.95001220703125,341.6000061035156,343.6499938964844,339.9774169921875,7201524,0.0,0.0
2026-08-05,343.45001220703125,349.8999938964844,342.75,349.8999938964844,346.1606140136719,18554536,0.0,0.0
2026-08-06,347.5,349.25,343.1000061035156,345.0,341.31298828125,10079779,0.0,0.0
2026-08-07,345.0,347.0,342.5,342.5,338.8396911621094,7012048,0.0,0.0
2026-08-10,342.5,343.70001220703125,337.1499938964844,340.45001220703125,336.8116149902344,8818488,0.0,0.0
2026-08-11,339.6000061035156,340.3999938964844,336.04998779296875,338.45001220703125,334.8330078125,10043994,0.0,0.0
2026-08-12,338.45001220703125,341.3500061035156,335.3500061035156,339.45001220703125,335.82232666015625,10152704,0.0,0.0
2026-08-13,338.04998779296875,344.25,338.0,344.25,340.5710144042969,9672695,0.0,0.0
2026-08-14,343.6499938964844,343.6499938964844,337.5,340.0,336.3664245605469,7507624,0.0,0.0
2026-08-17,340.0,340.29998779296875,335.70001220703125,337.0,333.3984680175781,7839848,0.0,0.0
2026-08-18,337.0,339.29998779296875,333.8999938964844,337.1000061035156,333.4974060058594,9943991,0.0,0.0
2026-08-19,336.29998779296875,338.8500061035156,333.6000061035156,336.54998779296875,332.9532775878906,7502595,0.0,0.0
2026-08-20,337.1000061035156,339.54998779296875,334.3999938964844,337.5,333.89312744140625,4185077,0.0,0.0
2026-08-21,337.0,342.8500061035156,337.0,340.0,336.3664245605469,6534716,0.0,0.0
2026-08-24,340.70001220703125,342.04998779296875,337.45001220703125,339.5,335.87176513671875,5401943,0.0,0.0
2026-08-25,339.0,340.79998779296875,335.6499938964844,339.8500061035156,336.218017578125,5260835,0.0,0.0
2026-08-26,341.54998779296875,344.45001220703125,334.6000061035156,334.6000061035156,331.0241394042969,5903358,0.0,0.0
2026-08-27,335.0,335.95001220703125,328.3999938964844,330.8999938964844,327.3636779785156,12911842,0.0,0.0
2026-08-28,329.5,333.1000061035156,328.79998779296875,330.04998779296875,326.5227355957031,7332490,0.0,0.0
2026-08-31,330.1000061035156,330.45001220703125,323.5,327.3999938964844,323.90106201171875,18400774,0.0,0.0
2026-09-01,327.3999938964844,328.25,325.04998779296875,327.5,324.0,7377499,0.0,0.0
2026-09-02,324.0,331.1000061035156,321.0,330.0,330.0,11993091,3.5,0.0
2026-09-03,330.45001220703125,332.70001220703125,329.1000061035156,330.8999938964844,330.8999938964844,8100926,0.0,0.0
2026-09-04,332.75,334.04998779296875,329.79998779296875,332.5,332.5,7032282,0.0,0.0
2026-09-07,332.5,333.79998779296875,330.3500061035156,332.0,332.0,5245813,0.0,0.0
2026-09-08,330.0,333.20001220703125,328.6499938964844,330.79998779296875,330.79998779296875,7351373,0.0,0.0
2026-09-09,331.1000061035156,337.5,330.8999938964844,334.5,334.5,11795145,0.0,0.0
2026-09-10,335.6499938964844,335.70001220703125,333.1000061035156,335.0,335.0,6905905,0.0,0.0
