date,open,high,low,close,adj_close,volume,dividends,stock_splits
2021-01-29,527.5499877929688,533.0999755859375,507.1000061035156,509.7000122070313,492.6982116699219,6781488.0,0.0,0.0
2021-02-01,514.2999877929688,545.4500122070312,500.1000061035156,542.75,524.645751953125,10259084.0,0.0,0.0
2021-02-02,548.7000122070312,554.8499755859375,540.0,550.7999877929688,532.4273071289062,7160471.0,0.0,0.0
2021-02-03,549.5499877929688,562.2999877929688,542.0,560.0999755859375,541.4169311523438,7462289.0,0.0,0.0
2021-02-04,557.9000244140625,573.4000244140625,554.0499877929688,568.4000244140625,549.440185546875,6850462.0,0.0,0.0
2021-02-05,571.0,573.9500122070312,561.6500244140625,566.9500122070312,548.03857421875,5586868.0,0.0,0.0
2021-02-08,572.1500244140625,594.0,571.0999755859375,582.0499877929688,562.6348266601562,8887710.0,0.0,0.0
2021-02-09,589.6500244140625,589.7999877929688,573.2000122070312,581.9500122070312,562.5381469726562,10917915.0,0.0,0.0
2021-02-10,584.75,587.0,550.5,576.8499755859375,557.6082763671875,19987392.0,0.0,0.0
2021-02-11,576.8499755859375,593.7000122070312,576.2999877929688,591.8499755859375,572.1079711914062,10595917.0,0.0,0.0
2021-02-12,592.2999877929688,621.6500244140625,586.0999755859375,616.5999755859375,596.0324096679688,24953701.0,0.0,0.0
2021-02-15,617.9500122070312,639.9000244140625,610.7999877929688,627.75,606.8104248046875,15146033.0,0.0,0.0
2021-02-16,629.7999877929688,643.5,628.0499877929688,636.5499877929688,615.31689453125,15120148.0,0.0,0.0
2021-02-17,658.0,670.0,646.9000244140625,655.75,633.8764038085938,34868085.0,0.0,0.0
2021-02-18,660.7999877929688,670.0,649.0499877929688,664.0499877929688,641.8995361328125,13189027.0,0.0,0.0
2021-02-19,664.9500122070312,676.6500244140625,628.6500244140625,653.5,631.7015380859375,17553743.0,0.0,0.0
2021-02-22,658.7999877929688,678.5,649.0,673.7999877929688,651.3243408203125,16739107.0,0.0,0.0
2021-02-23,680.0,682.7000122070312,659.25,662.0,639.91796875,11247164.0,0.0,0.0
2021-02-24,666.7000122070312,671.0,653.4000244140625,665.2000122070312,643.01123046875,3919187.0,0.0,0.0
2021-02-25,669.4000244140625,711.3499755859375,667.1500244140625,704.2999877929688,680.8069458007812,18596690.0,0.0,0.0
2021-02-26,697.0999755859375,703.4500122070312,668.0,675.9000244140625,653.3543701171875,19909990.0,0.0,0.0
2021-03-01,684.5999755859375,704.6500244140625,673.2999877929688,692.9000244140625,669.7872924804688,11600468.0,0.0,0.0
2021-03-02,697.5999755859375,724.7000122070312,696.0,720.5,696.4666748046875,11486477.0,0.0,0.0
2021-03-03,732.0,754.9500122070312,723.4000244140625,729.8499755859375,705.5046997070312,19961472.0,0.0,0.0
2021-03-04,733.25,765.7000122070312,715.8499755859375,752.4500122070312,727.3509521484375,30607959.0,0.0,0.0
2021-03-05,752.4500122070312,761.0,730.5,748.9500122070312,723.9676513671875,17665200.0,0.0,0.0
2021-03-08,762.7000122070312,767.7999877929688,744.2000122070312,748.4000244140625,723.4359741210938,15286852.0,0.0,0.0
2021-03-09,755.5499877929688,759.4000244140625,738.6500244140625,750.75,725.7075805664062,8548163.0,0.0,0.0
2021-03-10,757.5,759.0999755859375,743.0,745.3499755859375,720.4876708984375,5235249.0,0.0,0.0
2021-03-12,749.0,752.0999755859375,723.0,728.1500244140625,703.8615112304688,10961076.0,0.0,0.0
2021-03-15,727.7999877929688,727.7999877929688,706.0499877929688,719.0499877929688,695.0650024414062,13403522.0,0.0,0.0
2021-03-16,731.4000244140625,735.7000122070312,714.25,717.3499755859375,693.4216918945312,14979009.0,0.0,0.0
2021-03-17,715.0,716.9500122070312,683.7999877929688,688.25,665.2924194335938,8151544.0,0.0,0.0
2021-03-18,695.0,705.5,675.4000244140625,679.6500244140625,656.9791870117188,10925357.0,0.0,0.0
2021-03-19,677.4000244140625,691.5,657.0999755859375,686.25,663.359130859375,10373422.0,0.0,0.0
2021-03-22,686.0,726.25,681.0,721.9000244140625,697.8199462890625,22864950.0,0.0,0.0
2021-03-23,730.25,755.0,727.0999755859375,738.5499877929688,713.9146118164062,30612174.0,0.0,0.0
2021-03-24,741.0,750.5,697.6500244140625,706.8499755859375,683.2719116210938,21213413.0,0.0,0.0
2021-03-25,711.0,712.3499755859375,683.1500244140625,688.25,665.2924194335938,16860086.0,0.0,0.0
2021-03-26,698.0,710.7000122070312,692.5999755859375,703.0499877929688,679.5986938476562,12350673.0,0.0,0.0
2021-03-30,703.0499877929688,718.0,697.2999877929688,710.5499877929688,686.8485717773438,9109273.0,0.0,0.0
2021-03-31,705.0,719.9000244140625,698.5999755859375,702.4000244140625,678.970458984375,7752226.0,0.0,0.0
2021-04-01,713.5,742.0,705.0,736.25,711.6912841796875,15017049.0,0.0,0.0
2021-04-05,731.75,745.0,715.0,742.25,717.4911499023438,15622924.0,0.0,0.0
2021-04-06,756.0,852.7000122070312,743.0,835.5499877929688,807.678955078125,64555516.0,0.0,0.0
2021-04-07,857.0,885.0,795.0,814.75,787.57275390625,97717880.0,0.0,0.0
2021-04-08,818.0,838.0,806.0,823.0,795.5476684570312,34025873.0,0.0,0.0
2021-04-09,824.75,837.0,817.0499877929688,823.5999755859375,796.1275634765625,21804785.0,0.0,0.0
2021-04-12,809.9000244140625,809.9000244140625,735.0,744.6500244140625,719.8110961914062,28112240.0,0.0,0.0
2021-04-13,750.0,755.75,701.3499755859375,731.0499877929688,706.6646728515625,52812517.0,0.0,0.0
2021-04-15,735.9000244140625,754.5,725.0,750.3499755859375,725.3209838867188,26108614.0,0.0,0.0
2021-04-16,750.9000244140625,794.8499755859375,743.0,755.5,730.2991943359375,41791181.0,0.0,0.0
2021-04-19,715.0,730.9000244140625,707.4500122070312,720.9500122070312,696.9016723632812,22935238.0,0.0,0.0
2021-04-20,744.7000122070312,745.9000244140625,710.0,720.4500122070312,696.4183959960938,21315167.0,0.0,0.0
2021-04-22,689.5,744.9000244140625,689.5,737.7999877929688,713.1895141601562,26840536.0,0.0,0.0
2021-04-23,736.4500122070312,746.9000244140625,720.0999755859375,725.3499755859375,701.1548461914062,18435449.0,0.0,0.0
2021-04-26,733.0,739.6500244140625,728.9000244140625,730.75,706.3746948242188,9390549.0,0.0,0.0
2021-04-27,735.0,757.5,727.3499755859375,749.1500244140625,724.1610107421875,20573107.0,0.0,0.0
2021-04-28,755.0,760.0,741.0999755859375,746.25,721.3577270507812,11156977.0,0.0,0.0
2021-04-29,753.2000122070312,765.8499755859375,743.4000244140625,746.75,721.8410034179688,13851910.0,0.0,0.0
2021-04-30,739.0,759.4500122070312,724.5,730.0499877929688,705.6980590820312,12600934.0,0.0,0.0
2021-05-03,727.6500244140625,764.0,713.75,761.4000244140625,736.0023193359375,25953577.0,0.0,0.0
2021-05-04,779.8499755859375,782.0,760.0499877929688,768.75,743.107177734375,31400296.0,0.0,0.0
2021-05-05,772.0,774.7999877929688,732.7000122070312,738.0999755859375,713.4796142578125,29426971.0,0.0,0.0
2021-05-06,745.0,753.7000122070312,735.5999755859375,740.7999877929688,716.0895385742188,11926793.0,0.0,0.0
2021-05-07,747.7000122070312,778.0,745.25,767.75,742.1404418945312,20782117.0,0.0,0.0
2021-05-10,774.4000244140625,779.5,762.4500122070312,765.4500122070312,739.917236328125,9201326.0,0.0,0.0
2021-05-11,751.0,789.7000122070312,750.3499755859375,762.6500244140625,737.2107543945312,12978165.0,0.0,0.0
2021-05-12,763.0,772.7999877929688,747.7000122070312,751.5999755859375,726.529296875,10615003.0,0.0,0.0
2021-05-14,757.9000244140625,758.6500244140625,727.5,733.5499877929688,709.081298828125,10876267.0,0.0,0.0
2021-05-17,740.0,760.0,737.0,754.2000122070312,729.0426025390625,12271212.0,0.0,0.0
2021-05-18,765.0,780.0,757.0999755859375,775.9000244140625,750.0187377929688,9877934.0,0.0,0.0
2021-05-19,784.0,791.9000244140625,769.2999877929688,772.4000244140625,746.6353759765625,15666729.0,0.0,0.0
2021-05-20,776.5,779.5,761.0499877929688,765.7000122070312,740.158935546875,6964023.0,0.0,0.0
2021-05-21,772.0,775.25,766.6500244140625,769.2000122070312,743.5421752929688,5274817.0,0.0,0.0
2021-05-24,769.7000122070312,779.9000244140625,746.5999755859375,766.5499877929688,740.9805908203125,8354397.0,0.0,0.0
2021-05-25,773.0,776.7000122070312,759.0,764.0,738.515625,4730725.0,0.0,0.0
2021-05-26,767.8499755859375,769.9000244140625,757.0,758.2999877929688,733.0057373046875,7375242.0,0.0,0.0
2021-05-27,758.2999877929688,765.0,749.4500122070312,751.4000244140625,726.3359985351562,7909776.0,0.0,0.0
2021-05-28,755.0,784.9000244140625,754.0,776.1500244140625,750.2603759765625,13623565.0,0.0,0.0
2021-05-31,779.9500122070312,779.9500122070312,761.7000122070312,769.5499877929688,743.8804931640625,7820165.0,0.0,0.0
2021-06-01,773.0999755859375,801.7999877929688,764.2999877929688,798.2000122070312,771.5748291015625,17847137.0,0.0,0.0
2021-06-02,802.9500122070312,824.0,802.9500122070312,811.5,784.4312133789062,27748928.0,0.0,0.0
2021-06-03,818.8499755859375,849.0,810.7000122070312,825.2999877929688,797.7709350585938,24105079.0,0.0,0.0
2021-06-04,830.7999877929688,841.9500122070312,823.0,833.8499755859375,806.0357055664062,14457348.0,0.0,0.0
2021-06-07,837.4000244140625,898.7999877929688,835.6500244140625,878.5999755859375,849.29296875,33684310.0,0.0,0.0
2021-06-08,883.4000244140625,887.7999877929688,859.1500244140625,874.2000122070312,845.039794921875,16422574.0,0.0,0.0
2021-06-09,879.25,901.0,831.2999877929688,852.5999755859375,824.1602172851562,31225441.0,0.0,0.0
2021-06-10,858.5499877929688,863.9500122070312,843.2999877929688,846.75,818.50537109375,11744190.0,0.0,0.0
2021-06-11,852.0,856.4000244140625,820.7000122070312,839.75,811.7388305664062,17460610.0,0.0,0.0
2021-06-14,755.7999877929688,783.7000122070312,681.0999755859375,768.4500122070312,742.817138671875,89771631.0,0.0,0.0
2021-06-15,802.9000244140625,802.9000244140625,755.0,761.8499755859375,736.4374389648438,45408426.0,0.0,0.0
2021-06-16,755.0,755.0,697.7999877929688,706.7000122070312,683.1270141601562,29440056.0,0.0,0.0
2021-06-17,683.0,704.6500244140625,638.3499755859375,646.9000244140625,625.3217163085938,70812142.0,0.0,0.0
2021-06-18,643.2000122070312,704.5999755859375,638.0999755859375,694.3499755859375,671.1889038085938,76266975.0,0.0,0.0
2021-06-21,692.0,744.6500244140625,685.0999755859375,731.0499877929688,706.6646728515625,51759617.0,0.0,0.0
2021-06-22,740.0,761.6500244140625,738.0,742.9000244140625,718.1195068359375,35597113.0,0.0,0.0
2021-06-23,749.0,757.0,715.5,718.7000122070312,694.7267456054688,31168761.0,0.0,0.0
2021-06-24,724.0,725.0,701.7000122070312,709.9000244140625,691.0277099609375,21503302.0,5.0,0.0
2021-06-25,715.0,719.0,706.5,712.2000122070312,693.2665405273438,12085421.0,0.0,0.0
2021-06-28,719.0,729.9500122070312,713.0,716.25,697.208984375,14139292.0,0.0,0.0
2021-06-29,717.5,723.0,709.0,711.0,692.0985107421875,9303151.0,0.0,0.0
2021-06-30,717.5999755859375,717.5999755859375,702.0999755859375,703.7000122070312,684.9924926757812,9100756.0,0.0,0.0
2021-07-01,706.0,711.8499755859375,700.0,703.0999755859375,684.408447265625,8035542.0,0.0,0.0
2021-07-02,705.0,724.2999877929688,705.0,710.4000244140625,691.5145263671875,17676086.0,0.0,0.0
2021-07-05,717.0,721.0,703.0,710.0499877929688,691.1737060546875,11105134.0,0.0,0.0
2021-07-06,712.0,731.9500122070312,707.0999755859375,712.7000122070312,693.7532958984375,14580124.0,0.0,0.0
2021-07-07,716.9000244140625,723.0,706.0,720.0999755859375,700.9564819335938,8719991.0,0.0,0.0
2021-07-08,724.0,728.0,709.0999755859375,711.7000122070312,692.7798461914062,7804439.0,0.0,0.0
2021-07-09,712.5,737.0,708.3499755859375,728.5,709.1332397460938,14924156.0,0.0,0.0
2021-07-12,734.4000244140625,735.6500244140625,715.0499877929688,718.0499877929688,698.9610595703125,8664504.0,0.0,0.0
2021-07-13,720.0,720.9000244140625,702.0,704.0,685.2845458984375,12287372.0,0.0,0.0
2021-07-14,709.4000244140625,711.5,695.3499755859375,697.25,678.7139892578125,13812481.0,0.0,0.0
2021-07-15,699.7000122070312,706.4000244140625,695.5,699.0999755859375,680.5147705078125,7490612.0,0.0,0.0
2021-07-16,699.7000122070312,702.9000244140625,685.25,687.5999755859375,669.3204956054688,6941246.0,0.0,0.0
2021-07-19,686.0,693.0,661.4000244140625,673.7000122070312,655.7900390625,13618862.0,0.0,0.0
2021-07-20,661.0,680.8499755859375,660.0,672.5999755859375,654.7192993164062,11533588.0,0.0,0.0
2021-07-22,678.0,695.0,666.7000122070312,691.7999877929688,673.408935546875,9740403.0,0.0,0.0
2021-07-23,700.0,700.0,677.2000122070312,680.0499877929688,661.9713134765625,8682097.0,0.0,0.0
2021-07-26,680.0,690.9500122070312,674.4500122070312,682.7999877929688,664.6480712890625,5339116.0,0.0,0.0
2021-07-27,682.7999877929688,686.2999877929688,660.3499755859375,663.2000122070312,645.5692138671875,7133113.0,0.0,0.0
2021-07-28,668.4000244140625,676.75,654.2000122070312,665.4000244140625,647.710693359375,11132158.0,0.0,0.0
2021-07-29,671.0,671.0,657.9500122070312,659.6500244140625,642.1135864257812,4572153.0,0.0,0.0
2021-07-30,661.25,687.7999877929688,659.5,674.5,656.56884765625,13440904.0,0.0,0.0
2021-08-02,682.0,695.0,678.0,692.0,673.6035766601562,8925708.0,0.0,0.0
2021-08-03,698.0,714.9500122070312,695.25,705.0499877929688,686.3065795898438,18429941.0,0.0,0.0
2021-08-04,718.0,718.0,692.0,694.7000122070312,676.2317504882812,14045587.0,0.0,0.0
2021-08-05,695.0,700.5,684.0,693.5499877929688,675.1123046875,5851411.0,0.0,0.0
2021-08-06,692.9500122070312,719.9000244140625,691.4500122070312,710.7000122070312,691.8064575195312,17504802.0,0.0,0.0
2021-08-09,714.0,717.0,694.0999755859375,699.9000244140625,681.2936401367188,7521213.0,0.0,0.0
2021-08-10,701.7000122070312,706.75,683.25,693.0,674.5769653320312,5937282.0,0.0,0.0
2021-08-11,693.4000244140625,705.0,684.5499877929688,699.1500244140625,680.5635986328125,6297975.0,0.0,0.0
2021-08-12,701.0,710.4000244140625,700.0,704.0499877929688,685.3331298828125,5068665.0,0.0,0.0
2021-08-13,704.4500122070312,709.5,699.0499877929688,704.1500244140625,685.4306640625,3390071.0,0.0,0.0
2021-08-16,704.0,716.4500122070312,702.0,706.9000244140625,688.1075439453125,6385995.0,0.0,0.0
2021-08-17,705.7999877929688,714.9000244140625,686.0499877929688,692.6500244140625,674.2363891601562,7262774.0,0.0,0.0
2021-08-18,696.4500122070312,708.2999877929688,688.7000122070312,705.4000244140625,686.6473999023438,7354758.0,0.0,0.0
2021-08-20,690.0,706.4000244140625,680.7999877929688,687.2000122070312,668.9312133789062,6274741.0,0.0,0.0
2021-08-23,691.7999877929688,691.7999877929688,665.0,668.2999877929688,650.5336303710938,6636881.0,0.0,0.0
2021-08-24,673.0,702.0,668.5,695.4000244140625,676.9131469726562,7640710.0,0.0,0.0
2021-08-25,698.5,725.0,695.4000244140625,720.75,701.5892944335938,21275432.0,0.0,0.0
2021-08-26,725.0,733.0,717.7000122070312,721.7000122070312,702.5140380859375,14969643.0,0.0,0.0
2021-08-27,724.0,731.9500122070312,722.25,727.0,707.6731567382812,6751256.0,0.0,0.0
2021-08-30,730.5999755859375,735.4000244140625,727.0999755859375,730.0,710.5933837890625,4757858.0,0.0,0.0
2021-08-31,732.2999877929688,754.0,728.0999755859375,748.2999877929688,728.4067993164062,15419587.0,0.0,0.0
2021-09-01,750.0499877929688,751.8499755859375,737.5999755859375,744.75,724.9512329101562,5320381.0,0.0,0.0
2021-09-02,745.0,760.6500244140625,744.0,753.8499755859375,733.809326171875,5788915.0,0.0,0.0
2021-09-03,755.9500122070312,762.0,745.2999877929688,754.9000244140625,734.8314819335938,4491254.0,0.0,0.0
2021-09-06,758.4000244140625,765.0,747.25,751.2000122070312,731.2297973632812,5260360.0,0.0,0.0
2021-09-07,753.9000244140625,755.1500244140625,741.6500244140625,745.5,725.6812133789062,3515903.0,0.0,0.0
2021-09-08,748.7999877929688,753.0,738.25,746.8499755859375,726.995361328125,4036193.0,0.0,0.0
2021-09-09,745.0999755859375,751.0,742.0,749.7000122070312,729.7696533203125,2829060.0,0.0,0.0
2021-09-13,748.0,752.6500244140625,740.5,745.0999755859375,725.2919311523438,2514604.0,0.0,0.0
2021-09-14,747.7999877929688,762.75,745.4500122070312,755.4000244140625,735.318115234375,5615411.0,0.0,0.0
2021-09-15,758.5499877929688,769.7999877929688,753.5999755859375,765.9500122070312,745.587646484375,7039338.0,0.0,0.0
2021-09-16,769.0,772.75,760.0,769.6500244140625,749.1892700195312,4625316.0,0.0,0.0
2021-09-17,773.2999877929688,786.0,760.0,767.0999755859375,746.7069702148438,9701785.0,0.0,0.0
2021-09-20,759.7999877929688,776.0,746.0999755859375,748.9000244140625,728.9909057617188,5570433.0,0.0,0.0
2021-09-21,754.0,758.7999877929688,734.0499877929688,749.5999755859375,729.6723022460938,7766479.0,0.0,0.0
2021-09-22,750.0,759.5999755859375,742.0,745.2999877929688,725.4866333007812,4343365.0,0.0,0.0
2021-09-23,754.4000244140625,760.0,750.5499877929688,754.5,734.4420166015625,3526253.0,0.0,0.0
2021-09-24,756.0,764.9000244140625,743.0,744.7999877929688,724.9998779296875,4445517.0,0.0,0.0
2021-09-27,749.7000122070312,753.7999877929688,736.4000244140625,750.25,730.3050537109375,3803939.0,0.0,0.0
2021-09-28,754.0,756.9000244140625,733.0,738.7000122070312,719.0620727539062,3748173.0,0.0,0.0
2021-09-29,737.6500244140625,747.8499755859375,736.0,742.0,722.2742919921875,2734053.0,0.0,0.0
2021-09-30,745.7999877929688,756.5,736.0,737.9000244140625,718.2833862304688,4356469.0,0.0,0.0
2021-10-01,735.8499755859375,738.25,722.0,734.9500122070312,715.411865234375,4008108.0,0.0,0.0
2021-10-04,738.8499755859375,747.5,736.0499877929688,744.2000122070312,724.4158935546875,3414151.0,0.0,0.0
2021-10-05,744.1500244140625,753.7999877929688,742.0,743.9500122070312,724.1724853515625,3270764.0,0.0,0.0
2021-10-06,747.7000122070312,749.0,721.8499755859375,724.0,704.7528686523438,3615568.0,0.0,0.0
2021-10-07,730.0,738.7999877929688,726.5499877929688,736.1500244140625,716.579833984375,3237419.0,0.0,0.0
2021-10-08,739.7000122070312,747.0,733.5,739.9000244140625,720.2301635742188,2878232.0,0.0,0.0
2021-10-11,743.9000244140625,746.0,736.5,737.4500122070312,717.8453369140625,2118247.0,0.0,0.0
2021-10-12,737.6500244140625,740.9500122070312,728.8499755859375,736.9000244140625,717.3098754882812,2152513.0,0.0,0.0
2021-10-13,740.5999755859375,764.5999755859375,739.0999755859375,759.0,738.8223876953125,9083125.0,0.0,0.0
2021-10-14,766.0999755859375,817.7000122070312,764.25,812.7999877929688,791.192138671875,19754735.0,0.0,0.0
2021-10-18,820.9000244140625,829.9000244140625,807.0,810.5499877929688,789.0018920898438,8883845.0,0.0,0.0
2021-10-19,815.0,820.0,785.0,792.25,771.1885375976562,5543852.0,0.0,0.0
2021-10-20,792.0,802.9000244140625,777.5,794.9000244140625,773.76806640625,5467049.0,0.0,0.0
2021-10-21,799.0,802.9000244140625,775.2999877929688,779.3499755859375,758.6314086914062,4607499.0,0.0,0.0
2021-10-22,780.2999877929688,787.2999877929688,753.9000244140625,761.7999877929688,741.5479736328125,3860760.0,0.0,0.0
2021-10-25,765.0,765.5499877929688,738.5499877929688,752.0499877929688,732.0571899414062,2973109.0,0.0,0.0
2021-10-26,752.0,758.5499877929688,740.0499877929688,749.9000244140625,729.96435546875,3093933.0,0.0,0.0
2021-10-27,753.6500244140625,756.5499877929688,743.6500244140625,745.8499755859375,726.02197265625,3246881.0,0.0,0.0
2021-10-28,724.3499755859375,734.5,681.1500244140625,688.0999755859375,669.8072509765625,18160551.0,0.0,0.0
2021-10-29,697.0,709.5999755859375,687.0,693.0,674.5769653320312,7612968.0,0.0,0.0
2021-11-01,705.0,707.0,690.0,704.4000244140625,685.6739501953125,3233662.0,0.0,0.0
2021-11-02,707.0,715.0,700.6500244140625,702.3499755859375,683.6783447265625,3028354.0,0.0,0.0
2021-11-03,702.0,719.7999877929688,702.0,709.2000122070312,690.3463134765625,3036191.0,0.0,0.0
2021-11-04,713.0,716.4500122070312,713.0,713.7000122070312,694.7267456054688,453287.0,0.0,0.0
2021-11-08,717.0,735.0999755859375,709.0999755859375,730.4500122070312,711.0313720703125,3227351.0,0.0,0.0
2021-11-09,731.0,744.5,727.7999877929688,737.3499755859375,717.7479858398438,3456614.0,0.0,0.0
2021-11-10,736.4000244140625,745.0499877929688,730.0999755859375,737.9000244140625,718.2833862304688,2751881.0,0.0,0.0
2021-11-11,734.9500122070312,741.5499877929688,728.5,735.0999755859375,715.5577392578125,2325810.0,0.0,0.0
2021-11-12,737.7000122070312,755.5,734.25,750.2999877929688,730.3536376953125,4585484.0,0.0,0.0
2021-11-15,753.9000244140625,756.5,740.5499877929688,749.7999877929688,729.866943359375,2434426.0,0.0,0.0
2021-11-16,752.7000122070312,761.7000122070312,743.4500122070312,746.4500122070312,726.6060791015625,3378779.0,0.0,0.0
2021-11-17,744.4000244140625,745.0,733.0,735.5499877929688,715.9957885742188,2444025.0,0.0,0.0
2021-11-18,739.4500122070312,741.2999877929688,716.1500244140625,726.0499877929688,706.748291015625,2202581.0,0.0,0.0
2021-11-22,725.0,733.4000244140625,704.0,715.0,695.9921264648438,3557560.0,0.0,0.0
2021-11-23,714.0,733.5999755859375,705.2000122070312,729.25,709.86328125,3487221.0,0.0,0.0
2021-11-24,735.6500244140625,772.3499755859375,732.0,763.0499877929688,742.7647094726562,11647665.0,0.0,0.0
2021-11-25,764.7999877929688,774.2999877929688,755.5,762.4500122070312,742.1807250976562,6140941.0,0.0,0.0
2021-11-26,750.0,766.0,713.25,717.1500244140625,698.0849609375,7219931.0,0.0,0.0
2021-11-29,707.0,715.0,682.6500244140625,702.5999755859375,683.9217529296875,5930351.0,0.0,0.0
2021-11-30,704.0,712.6500244140625,679.7000122070312,683.8499755859375,665.6702270507812,6190734.0,0.0,0.0
2021-12-01,695.0,711.0499877929688,682.75,707.9500122070312,689.1295776367188,5582125.0,0.0,0.0
2021-12-02,710.0,742.2999877929688,702.2999877929688,739.0999755859375,719.4514770507812,8478638.0,0.0,0.0
2021-12-03,739.0,746.5,734.0,737.4500122070312,717.8453369140625,5578503.0,0.0,0.0
2021-12-06,739.0,744.5,721.5,723.4500122070312,704.2174682617188,3537411.0,0.0,0.0
2021-12-07,729.0,749.9500122070312,725.7999877929688,744.7000122070312,724.902587890625,3993342.0,0.0,0.0
2021-12-08,751.2000122070312,764.4000244140625,748.2000122070312,761.4000244140625,741.1586303710938,4621331.0,0.0,0.0
2021-12-09,766.7000122070312,775.7999877929688,760.0,769.75,749.28662109375,4687479.0,0.0,0.0
2021-12-10,768.8499755859375,794.9500122070312,763.0,767.7000122070312,747.291259765625,10049545.0,0.0,0.0
2021-12-13,775.0,778.7999877929688,750.0999755859375,758.4500122070312,738.287109375,4985928.0,0.0,0.0
2021-12-14,755.9000244140625,766.0,750.5,763.7000122070312,743.3975219726562,2919015.0,0.0,0.0
2021-12-15,763.7000122070312,766.6500244140625,742.9500122070312,745.5,725.6812133789062,4673906.0,0.0,0.0
2021-12-16,752.0,756.4500122070312,739.3499755859375,745.1500244140625,725.340576171875,3303620.0,0.0,0.0
2021-12-17,744.5,744.5,721.2000122070312,723.9500122070312,704.7041625976562,4973404.0,0.0,0.0
2021-12-20,717.0,717.0,685.5,701.7000122070312,683.0457153320312,4559002.0,0.0,0.0
2021-12-21,710.0,728.0,701.7000122070312,725.5999755859375,706.3103637695312,6943546.0,0.0,0.0
2021-12-22,727.0,729.9000244140625,717.25,722.8499755859375,703.6334838867188,3626585.0,0.0,0.0
2021-12-23,732.7999877929688,747.5,728.8499755859375,731.2999877929688,711.8587646484375,6641505.0,0.0,0.0
2021-12-24,732.5,734.9000244140625,713.4000244140625,722.4000244140625,703.1954345703125,3946754.0,0.0,0.0
2021-12-27,717.0,726.4000244140625,713.0,723.2000122070312,703.97412109375,2663285.0,0.0,0.0
2021-12-28,727.0999755859375,738.9000244140625,725.2000122070312,729.25,709.86328125,3604123.0,0.0,0.0
2021-12-29,729.0,734.2000122070312,720.0999755859375,722.75,703.5361328125,2396416.0,0.0,0.0
2021-12-30,722.9000244140625,726.0,716.4500122070312,724.25,704.9962768554688,3654532.0,0.0,0.0
2021-12-31,725.0,735.0,725.0,730.2999877929688,710.8853759765625,2538092.0,0.0,0.0
2022-01-03,732.0,738.6500244140625,730.5,736.5999755859375,717.0178833007812,2377227.0,0.0,0.0
2022-01-04,743.0,747.0,732.6500244140625,739.25,719.597412109375,4068551.0,0.0,0.0
2022-01-05,739.0,758.7999877929688,734.0499877929688,754.9000244140625,734.8314819335938,5409002.0,0.0,0.0
2022-01-06,748.9000244140625,748.9000244140625,730.0999755859375,739.7999877929688,720.1327514648438,5440633.0,0.0,0.0
2022-01-07,744.7000122070312,747.7000122070312,730.5,736.0999755859375,716.5311889648438,2590751.0,0.0,0.0
2022-01-10,737.0999755859375,743.0,734.0999755859375,738.8499755859375,719.2080688476562,2173107.0,0.0,0.0
2022-01-11,738.6500244140625,768.9000244140625,728.5,765.0999755859375,744.7601318359375,8959781.0,0.0,0.0
2022-01-12,769.5,774.9000244140625,754.0,763.5499877929688,743.25146484375,5775798.0,0.0,0.0
2022-01-13,763.0,776.0,760.0,772.2000122070312,751.6715087890625,4049411.0,0.0,0.0
2022-01-14,769.0,795.0,763.6500244140625,780.0999755859375,759.3613891601562,9627761.0,0.0,0.0
2022-01-17,783.5,789.4000244140625,773.9000244140625,779.0499877929688,758.3394165039062,3187871.0,0.0,0.0
2022-01-18,780.0,790.0,760.0,762.9500122070312,742.6674194335938,4300929.0,0.0,0.0
2022-01-19,761.75,761.75,736.0,744.2000122070312,724.4158935546875,5843870.0,0.0,0.0
2022-01-20,744.0,751.7000122070312,735.0,738.0,718.3806762695312,4741333.0,0.0,0.0
2022-01-21,732.0,733.6500244140625,714.4500122070312,723.9000244140625,704.655517578125,9244367.0,0.0,0.0
2022-01-24,723.9000244140625,725.25,689.0,702.4500122070312,683.7757568359375,5349759.0,0.0,0.0
2022-01-25,696.0,712.8499755859375,690.0,711.0999755859375,692.1957397460938,4482325.0,0.0,0.0
2022-01-27,699.7999877929688,712.2999877929688,691.0,709.0999755859375,690.2489013671875,4749083.0,0.0,0.0
2022-01-28,713.0,732.7999877929688,707.5,710.1500244140625,691.2711181640625,3543413.0,0.0,0.0
2022-01-31,719.7000122070312,723.9000244140625,714.5499877929688,716.2999877929688,697.2575073242188,2152066.0,0.0,0.0
2022-02-01,721.0,744.2999877929688,720.6500244140625,738.75,719.1107177734375,6052108.0,0.0,0.0
2022-02-02,723.9000244140625,746.8499755859375,721.5,745.2000122070312,725.3892822265625,6167378.0,0.0,0.0
2022-02-03,744.0499877929688,745.0,729.4000244140625,732.5,713.0269775390625,2689612.0,0.0,0.0
2022-02-04,735.0,741.1500244140625,724.0,726.9500122070312,707.6244506835938,2453595.0,0.0,0.0
2022-02-07,728.7999877929688,729.9000244140625,713.3499755859375,715.1500244140625,696.1381225585938,2610637.0,0.0,0.0
2022-02-08,719.0,723.0,703.0,717.7999877929688,698.7176513671875,3207780.0,0.0,0.0
2022-02-09,722.0,735.4000244140625,719.0499877929688,733.4500122070312,713.95166015625,3186942.0,0.0,0.0
2022-02-10,736.9000244140625,741.5499877929688,728.0499877929688,731.0499877929688,711.6154174804688,4752601.0,0.0,0.0
2022-02-11,727.9000244140625,733.9000244140625,719.4500122070312,723.7000122070312,704.4609375,3621116.0,0.0,0.0
2022-02-14,714.7999877929688,714.7999877929688,691.0,695.75,677.25390625,6219506.0,0.0,0.0
2022-02-15,699.7000122070312,722.4500122070312,690.0,720.5999755859375,701.4432373046875,3319096.0,0.0,0.0
2022-02-16,724.9000244140625,750.8499755859375,722.0999755859375,740.75,721.0575561523438,9382605.0,0.0,0.0
2022-02-17,741.0999755859375,745.0,731.3499755859375,734.2000122070312,714.6817626953125,3407347.0,0.0,0.0
2022-02-18,729.9000244140625,739.2000122070312,725.5,727.5,708.159912109375,2151557.0,0.0,0.0
2022-02-21,722.7000122070312,726.75,709.5499877929688,711.0999755859375,692.1957397460938,2805791.0,0.0,0.0
2022-02-22,698.0,711.0999755859375,685.0,705.5499877929688,686.7933349609375,6112926.0,0.0,0.0
2022-02-23,711.0,719.4000244140625,705.0,706.7000122070312,687.912841796875,2978284.0,0.0,0.0
2022-02-24,682.0,688.0,651.9500122070312,654.8499755859375,637.4411010742188,9547717.0,0.0,0.0
2022-02-25,674.5,703.0,670.25,695.1500244140625,676.6698608398438,5738223.0,0.0,0.0
2022-02-28,690.0,709.6500244140625,684.5,707.5,688.6915283203125,4288186.0,0.0,0.0
2022-03-02,702.9500122070312,717.9000244140625,697.5999755859375,710.2999877929688,691.4169921875,4448558.0,0.0,0.0
2022-03-03,718.7999877929688,724.5999755859375,703.0,706.7000122070312,687.912841796875,7533817.0,0.0,0.0
2022-03-04,699.9000244140625,710.7000122070312,689.0499877929688,700.1500244140625,681.5369262695312,7941457.0,0.0,0.0
2022-03-07,690.0,691.7000122070312,663.5499877929688,677.7999877929688,659.781005859375,4890958.0,0.0,0.0
2022-03-08,679.6500244140625,692.0,670.5999755859375,688.8499755859375,670.5372924804688,3831397.0,0.0,0.0
2022-03-09,697.0,718.0,692.7000122070312,714.0999755859375,695.1160278320312,5351552.0,0.0,0.0
2022-03-10,727.9000244140625,737.6500244140625,720.5999755859375,730.4000244140625,710.9827880859375,5850213.0,0.0,0.0
2022-03-11,729.5,731.75,722.2999877929688,729.4500122070312,710.0579223632812,2864685.0,0.0,0.0
2022-03-14,725.9500122070312,733.5,724.0,730.5499877929688,711.1287231445312,1905433.0,0.0,0.0
2022-03-15,733.0,736.0,716.25,721.2999877929688,702.1246337890625,4228582.0,0.0,0.0
2022-03-16,726.0,729.5,721.0,723.7999877929688,704.5581665039062,2693057.0,0.0,0.0
2022-03-17,730.5,743.7999877929688,729.5499877929688,740.0999755859375,720.4248657226562,4957379.0,0.0,0.0
2022-03-21,741.0,750.4500122070312,725.4000244140625,735.1500244140625,715.6064453125,6662688.0,0.0,0.0
2022-03-22,735.0,743.9000244140625,723.0499877929688,739.1500244140625,719.5001220703125,5010054.0,0.0,0.0
2022-03-23,747.9500122070312,751.0,731.7999877929688,733.75,714.2437133789062,4698808.0,0.0,0.0
2022-03-24,733.0,742.2999877929688,731.0,733.4500122070312,713.95166015625,2914647.0,0.0,0.0
2022-03-25,737.0,746.9000244140625,730.0499877929688,743.25,723.4911499023438,4003497.0,0.0,0.0
2022-03-28,747.0,749.7000122070312,726.5499877929688,737.0,717.4072875976562,5691095.0,0.0,0.0
2022-03-29,741.0,766.9000244140625,738.0499877929688,761.9500122070312,741.6940307617188,11423551.0,0.0,0.0
2022-03-30,768.7999877929688,775.9500122070312,762.0999755859375,767.4000244140625,746.9990844726562,6913983.0,0.0,0.0
2022-03-31,767.4000244140625,781.0,765.5,774.2000122070312,753.6183471679688,5468951.0,0.0,0.0
2022-04-01,774.5,790.7000122070312,774.5,785.75,764.861328125,6816743.0,0.0,0.0
2022-04-04,791.0,822.1500244140625,783.6500244140625,818.5499877929688,796.7892456054688,13743062.0,0.0,0.0
2022-04-05,840.0,860.9000244140625,826.0,848.0499877929688,825.5050659179688,21090646.0,0.0,0.0
2022-04-06,852.9500122070312,862.6500244140625,840.0,849.8499755859375,827.2572021484375,8785541.0,0.0,0.0
2022-04-07,850.0,866.0,813.5999755859375,817.4000244140625,795.669921875,11662093.0,0.0,0.0
2022-04-08,823.0,844.7999877929688,817.4000244140625,839.2999877929688,816.9876098632812,5777924.0,0.0,0.0
2022-04-11,840.0,860.0,839.2999877929688,854.5499877929688,831.8322143554688,6030153.0,0.0,0.0
2022-04-12,853.9000244140625,859.0,835.0,844.9000244140625,822.4387817382812,5597246.0,0.0,0.0
2022-04-13,849.9000244140625,854.9000244140625,836.5,840.5,818.1558227539062,2955807.0,0.0,0.0
2022-04-18,831.3499755859375,846.75,821.4000244140625,842.7000122070312,820.2973022460938,3969878.0,0.0,0.0
2022-04-19,849.0,850.25,807.0,819.2999877929688,797.5193481445312,4472320.0,0.0,0.0
2022-04-20,825.5999755859375,835.9500122070312,820.0,827.6500244140625,805.6473999023438,3071216.0,0.0,0.0
2022-04-21,833.0,858.9000244140625,832.2999877929688,850.5,827.8899536132812,5539106.0,0.0,0.0
2022-04-22,847.4500122070312,886.0,840.7000122070312,874.1500244140625,850.9111938476562,17864000.0,0.0,0.0
2022-04-25,873.9500122070312,880.9500122070312,848.6500244140625,859.5499877929688,836.6992797851562,10145325.0,0.0,0.0
2022-04-26,868.0,913.0,865.4000244140625,909.5,885.3214721679688,21010788.0,0.0,0.0
2022-04-27,914.0499877929688,924.6500244140624,880.0,887.2999877929688,863.7116088867188,20793885.0,0.0,0.0
2022-04-28,899.0,900.25,876.7999877929688,887.0999755859375,863.5169067382812,8778304.0,0.0,0.0
2022-04-29,892.7000122070312,898.9000244140625,852.0999755859375,856.4000244140625,833.633056640625,11543840.0,0.0,0.0
2022-05-02,850.0,862.8499755859375,838.0499877929688,856.5499877929688,833.7791137695312,5760499.0,0.0,0.0
2022-05-04,860.5,864.2000122070312,805.7999877929688,812.7999877929688,791.192138671875,7969164.0,0.0,0.0
2022-05-05,820.9000244140625,835.5,806.0,811.3499755859375,789.78076171875,6597383.0,0.0,0.0
2022-05-06,797.9000244140625,820.9500122070312,790.2000122070312,811.4000244140625,789.8294067382812,6150326.0,0.0,0.0
2022-05-09,807.4500122070312,807.4500122070312,783.0,792.5999755859375,771.5291137695312,4768026.0,0.0,0.0
2022-05-10,795.2000122070312,803.9500122070312,765.0499877929688,769.0999755859375,748.65380859375,5344522.0,0.0,0.0
2022-05-11,771.0,784.9500122070312,749.0499877929688,759.9000244140625,739.6985473632812,8985117.0,0.0,0.0
2022-05-12,759.0,759.0,705.2999877929688,713.2999877929688,694.3372802734375,10570456.0,0.0,0.0
2022-05-13,727.0,735.9000244140625,701.7999877929688,705.9000244140625,687.1340942382812,7247809.0,0.0,0.0
2022-05-16,715.0,728.1500244140625,704.0,712.5,693.5586547851562,5606071.0,0.0,0.0
2022-05-17,720.0,747.2999877929688,715.3499755859375,744.75,724.9512329101562,4430294.0,0.0,0.0
2022-05-18,752.6500244140625,767.2000122070312,742.0,759.7999877929688,739.6011962890625,9020504.0,0.0,0.0
2022-05-19,744.0,747.3499755859375,730.0,732.7999877929688,713.3189086914062,4445667.0,0.0,0.0
2022-05-20,749.9500122070312,772.7999877929688,745.0999755859375,767.5499877929688,747.1450805664062,5434279.0,0.0,0.0
2022-05-23,774.8499755859375,779.9000244140625,751.25,753.5499877929688,733.517333984375,4787481.0,0.0,0.0
2022-05-24,756.5999755859375,764.7999877929688,747.5,752.1500244140625,732.154541015625,4653281.0,0.0,0.0
2022-05-25,735.0,743.9500122070312,705.4000244140625,707.9000244140625,689.0809326171875,7699306.0,0.0,0.0
2022-05-26,712.0,719.2999877929688,668.1500244140625,701.5,682.8509521484375,13569693.0,0.0,0.0
2022-05-27,714.0999755859375,714.0999755859375,697.0,703.0999755859375,684.408447265625,5815428.0,0.0,0.0
2022-05-30,714.0,737.0,710.0,734.7000122070312,715.1683959960938,5546106.0,0.0,0.0
2022-05-31,731.0999755859375,749.0,728.0,739.8499755859375,720.1815795898438,6346866.0,0.0,0.0
2022-06-01,739.7999877929688,743.7000122070312,729.0499877929688,736.9000244140625,717.3098754882812,3196984.0,0.0,0.0
2022-06-02,737.0,751.9000244140625,730.25,748.4500122070312,728.5529174804688,3536560.0,0.0,0.0
2022-06-03,758.0,758.5,738.75,739.9000244140625,720.2301635742188,2960614.0,0.0,0.0
2022-06-06,738.5,745.0,725.2999877929688,741.25,721.5442504882812,2753267.0,0.0,0.0
2022-06-07,739.0,742.5,713.4000244140625,734.5499877929688,715.0223388671875,2488075.0,0.0,0.0
2022-06-08,735.5499877929688,740.0,725.3499755859375,728.5999755859375,709.2305297851562,2839931.0,0.0,0.0
2022-06-09,726.0,737.0,723.0999755859375,735.5,715.9472045898438,2604731.0,0.0,0.0
2022-06-10,726.0,732.1500244140625,718.2000122070312,726.4000244140625,707.0890502929688,3377686.0,0.0,0.0
2022-06-13,711.0,714.7000122070312,688.7999877929688,695.25,676.7671508789062,4535069.0,0.0,0.0
2022-06-14,695.4000244140625,721.7999877929688,693.5499877929688,704.7000122070312,685.9659423828125,6144330.0,0.0,0.0
2022-06-15,710.9000244140625,713.2999877929688,701.5999755859375,703.75,685.0411987304688,2447673.0,0.0,0.0
2022-06-16,711.9500122070312,717.0999755859375,677.0,681.7000122070312,663.577392578125,4301251.0,0.0,0.0
2022-06-17,677.0,689.4500122070312,663.0,668.9500122070312,651.1663818359375,6103963.0,0.0,0.0
2022-06-20,671.0,673.9000244140625,653.0999755859375,663.1500244140625,645.5205688476562,3507676.0,0.0,0.0
2022-06-21,670.5,691.5499877929688,667.0999755859375,689.0999755859375,670.7805786132812,3313116.0,0.0,0.0
2022-06-22,684.9000244140625,687.8499755859375,665.5499877929688,668.2999877929688,650.5336303710938,2964156.0,0.0,0.0
2022-06-23,672.7000122070312,683.2999877929688,666.2000122070312,675.2999877929688,657.3475341796875,2762533.0,0.0,0.0
2022-06-24,683.0,687.9500122070312,677.0999755859375,686.4000244140625,668.1525268554688,2740927.0,0.0,0.0
2022-06-27,698.0,698.7000122070312,684.9000244140625,687.75,669.466552734375,2711512.0,0.0,0.0
2022-06-28,681.0,683.7999877929688,670.25,678.0499877929688,660.0244750976562,4596840.0,0.0,0.0
2022-06-29,675.0,684.4000244140625,667.0,677.7999877929688,659.781005859375,3332554.0,0.0,0.0
2022-06-30,680.5499877929688,685.9000244140625,666.5999755859375,672.0499877929688,654.1839599609375,3502799.0,0.0,0.0
2022-07-01,670.0,680.0,656.0,677.9000244140625,659.87841796875,3151179.0,0.0,0.0
2022-07-04,679.8499755859375,684.2999877929688,673.0999755859375,682.0,663.869384765625,1874921.0,0.0,0.0
2022-07-05,686.4500122070312,694.2000122070312,676.9500122070312,678.75,660.705810546875,2472875.0,0.0,0.0
2022-07-06,678.0,696.2999877929688,677.1500244140625,694.3499755859375,675.8910522460938,2634839.0,0.0,0.0
2022-07-07,701.0,707.0,695.0,703.5999755859375,684.8951416015625,2896584.0,0.0,0.0
2022-07-08,709.9000244140625,717.75,706.5499877929688,715.7000122070312,696.6735229492188,3880791.0,0.0,0.0
2022-07-11,715.0,732.0,713.0499877929688,729.2000122070312,709.8146362304688,3814715.0,0.0,0.0
2022-07-12,729.0,742.9000244140625,726.3499755859375,731.9000244140625,712.4428100585938,5846548.0,0.0,0.0
2022-07-13,737.0499877929688,739.0,724.3499755859375,726.75,707.4298095703125,2373553.0,0.0,0.0
2022-07-14,729.0,730.7999877929688,716.5499877929688,724.4500122070312,710.0762329101562,2859869.0,5.0,0.0
2022-07-15,737.7000122070312,738.4500122070312,726.0999755859375,730.9000244140625,716.398193359375,4127381.0,0.0,0.0
2022-07-18,736.9500122070312,742.5,732.5999755859375,739.75,725.0726318359375,2403691.0,0.0,0.0
2022-07-19,736.9500122070312,751.7999877929688,734.0499877929688,749.0,734.1390991210938,2864129.0,0.0,0.0
2022-07-20,756.9500122070312,756.9500122070312,741.9000244140625,743.5499877929688,728.7972412109375,2176017.0,0.0,0.0
2022-07-21,747.7000122070312,756.9000244140625,741.2000122070312,754.25,739.284912109375,2639283.0,0.0,0.0
2022-07-22,757.6500244140625,764.9500122070312,751.5499877929688,754.25,739.284912109375,2854708.0,0.0,0.0
2022-07-25,757.0,757.25,746.0499877929688,749.9500122070312,735.0703125,1592179.0,0.0,0.0
2022-07-26,749.9000244140625,753.5,745.0,749.0999755859375,734.2371215820312,1803260.0,0.0,0.0
2022-07-27,748.7000122070312,762.2000122070312,747.0499877929688,760.6500244140625,745.5579833984375,2539587.0,0.0,0.0
2022-07-28,763.6500244140625,768.5999755859375,757.6500244140625,764.5,749.33154296875,2696358.0,0.0,0.0
2022-07-29,769.0,775.6500244140625,758.8499755859375,763.7000122070312,748.5474243164062,3182798.0,0.0,0.0
2022-08-01,770.0,804.0,765.0499877929688,801.25,785.3524169921875,6459641.0,0.0,0.0
2022-08-02,800.8499755859375,810.4000244140625,795.0,802.2999877929688,786.381591796875,4393310.0,0.0,0.0
2022-08-03,802.7999877929688,809.9000244140625,795.3499755859375,807.2000122070312,791.184326171875,3326267.0,0.0,0.0
2022-08-04,811.0499877929688,820.5,796.5,807.25,791.2333374023438,4641779.0,0.0,0.0
2022-08-05,811.0999755859375,818.7000122070312,805.5,810.25,794.173828125,2807602.0,0.0,0.0
2022-08-08,812.9000244140625,823.0,795.3499755859375,801.6500244140625,785.7444458007812,7519923.0,0.0,0.0
2022-08-10,803.0,808.0,778.2999877929688,790.5499877929688,774.86474609375,5541103.0,0.0,0.0
2022-08-11,794.7000122070312,799.9000244140625,788.2999877929688,792.75,777.0210571289062,2140171.0,0.0,0.0
2022-08-12,793.5,799.7000122070312,785.5,788.3499755859375,772.7083129882812,2281608.0,0.0,0.0
2022-08-16,792.2999877929688,826.0,791.1500244140625,824.1500244140625,807.798095703125,6820860.0,0.0,0.0
2022-08-17,827.3499755859375,831.9500122070312,821.1500244140625,824.75,808.3861694335938,3694850.0,0.0,0.0
2022-08-18,824.75,836.4500122070312,820.4500122070312,833.0499877929688,816.5214233398438,3836669.0,0.0,0.0
2022-08-19,837.25,883.9000244140625,833.9500122070312,871.7999877929688,854.5026245117188,24506694.0,0.0,0.0
2022-08-22,876.2000122070312,891.9000244140625,837.3499755859375,840.25,823.57861328125,14693558.0,0.0,0.0
2022-08-23,835.7999877929688,857.2000122070312,806.0999755859375,832.5,815.9823608398438,13515300.0,0.0,0.0
2022-08-24,830.25,838.1500244140625,817.0999755859375,836.2999877929688,819.7069091796875,6558722.0,0.0,0.0
2022-08-25,840.5,842.3499755859375,812.2999877929688,816.0,799.8096923828125,6287921.0,0.0,0.0
2022-08-26,821.0,845.0,817.6500244140625,837.7000122070312,821.0792236328125,8513113.0,0.0,0.0
2022-08-29,815.0999755859375,844.5999755859375,815.0,836.4000244140625,819.804931640625,6652807.0,0.0,0.0
2022-08-30,844.0,860.5999755859375,838.7000122070312,842.1500244140625,825.4408569335938,9490984.0,0.0,0.0
2022-09-01,841.7999877929688,846.5499877929688,831.3499755859375,837.7999877929688,821.1771850585938,3888408.0,0.0,0.0
2022-09-02,842.0,860.9000244140625,838.0499877929688,851.9500122070312,835.0465087890625,8840020.0,0.0,0.0
2022-09-05,854.9500122070312,864.9000244140625,848.2000122070312,850.9000244140625,834.017333984375,5434684.0,0.0,0.0
2022-09-06,854.7000122070312,858.5499877929688,844.0499877929688,850.3499755859375,833.4782104492188,3380947.0,0.0,0.0
2022-09-07,847.0,878.75,845.0999755859375,874.9000244140625,857.5410766601562,8930248.0,0.0,0.0
2022-09-08,880.5999755859375,888.4000244140625,867.0,885.0499877929688,867.4896850585938,7943521.0,0.0,0.0
2022-09-09,888.7999877929688,925.0,887.0,906.8499755859376,888.8571166992188,18369177.0,0.0,0.0
2022-09-12,914.7000122070312,942.0,911.0,938.5,919.879150390625,12571292.0,0.0,0.0
2022-09-13,946.0,953.9000244140624,933.0,948.7999877929688,929.974853515625,9651873.0,0.0,0.0
2022-09-14,941.0,958.7999877929688,939.0,947.8499755859376,929.043701171875,8500355.0,0.0,0.0
2022-09-15,955.0,972.7000122070312,950.4000244140624,968.5499877929688,949.3330078125,8703534.0,0.0,0.0
2022-09-16,970.25,976.4500122070312,926.1500244140624,938.2000122070312,919.5851440429688,10712402.0,0.0,0.0
2022-09-19,942.9000244140624,972.5999755859376,935.2999877929688,959.5999755859376,940.560546875,7922869.0,0.0,0.0
2022-09-20,974.2000122070312,987.8499755859376,967.0,970.25,950.999267578125,7539047.0,0.0,0.0
2022-09-21,974.0,976.0999755859376,917.0999755859376,932.9000244140624,914.390380859375,13178269.0,0.0,0.0
2022-09-22,933.9000244140624,953.5,928.0499877929688,946.6500244140624,927.8675537109376,8855564.0,0.0,0.0
2022-09-23,950.0,950.8499755859376,910.1500244140624,913.7999877929688,895.6693115234375,6646619.0,0.0,0.0
2022-09-26,909.0,909.9000244140624,855.25,863.4000244140625,846.269287109375,9880236.0,0.0,0.0
2022-09-27,861.0,875.0,833.7999877929688,844.2000122070312,827.4502563476562,11598728.0,0.0,0.0
2022-09-28,835.9000244140625,847.0,823.3499755859375,827.0999755859375,810.6895141601562,7040943.0,0.0,0.0
2022-09-29,839.0,847.5,813.0499877929688,816.4000244140625,800.2018432617188,7476709.0,0.0,0.0
2022-09-30,822.5,830.4500122070312,801.0,820.6500244140625,804.3674926757812,10406215.0,0.0,0.0
2022-10-03,821.0,834.4000244140625,773.1500244140625,784.4000244140625,768.836669921875,12903551.0,0.0,0.0
2022-10-04,804.0,826.2999877929688,790.0999755859375,823.0499877929688,806.7197875976562,10445528.0,0.0,0.0
2022-10-06,832.9000244140625,835.0,822.2999877929688,824.0999755859375,807.7489624023438,6175752.0,0.0,0.0
2022-10-07,821.0,826.0,806.3499755859375,816.9000244140625,800.6919555664062,6086925.0,0.0,0.0
2022-10-10,807.5,813.9500122070312,799.0,808.0999755859375,792.06640625,4642360.0,0.0,0.0
2022-10-11,814.0,820.5999755859375,795.25,797.3499755859375,781.5297241210938,6193388.0,0.0,0.0
2022-10-12,801.0,806.5,786.3499755859375,803.9000244140625,787.9498901367188,5628537.0,0.0,0.0
2022-10-13,807.0,811.75,777.0,784.75,769.1797485351562,7491563.0,0.0,0.0
2022-10-14,804.0,806.5999755859375,778.25,780.0999755859375,764.6219482421875,4562526.0,0.0,0.0
2022-10-17,782.0999755859375,789.9500122070312,771.6500244140625,786.2000122070312,770.6010131835938,4602870.0,0.0,0.0
2022-10-18,791.4500122070312,815.0,790.5,809.9500122070312,793.8797607421875,7372253.0,0.0,0.0
2022-10-19,814.0,823.4500122070312,801.1500244140625,805.0499877929688,789.0770263671875,5222275.0,0.0,0.0
2022-10-20,801.0,822.25,795.0499877929688,820.0499877929688,803.7793579101562,4481441.0,0.0,0.0
2022-10-21,824.2000122070312,824.2000122070312,799.4000244140625,801.6500244140625,785.7444458007812,5266210.0,0.0,0.0
2022-10-24,808.0,810.0,802.0,805.5,789.51806640625,665021.0,0.0,0.0
2022-10-25,806.7000122070312,812.75,797.0999755859375,800.3499755859375,784.47021484375,4485050.0,0.0,0.0
2022-10-27,805.0,824.0,795.0,821.25,804.95556640625,7110289.0,0.0,0.0
2022-10-28,824.0,834.7999877929688,817.2999877929688,820.2999877929688,804.0243530273438,6898541.0,0.0,0.0
2022-10-31,824.0,831.0,819.5,823.5499877929688,807.2098388671875,4487537.0,0.0,0.0
2022-11-01,827.7000122070312,844.9000244140625,823.5499877929688,841.7999877929688,825.0978393554688,7769108.0,0.0,0.0
2022-11-02,850.0,850.0,829.0,833.4000244140625,816.864501953125,11859603.0,0.0,0.0
2022-11-03,825.0,837.7999877929688,823.5,833.8499755859375,817.3055419921875,6632872.0,0.0,0.0
2022-11-04,837.0,867.0,832.0,862.9000244140625,845.7792358398438,11128361.0,0.0,0.0
2022-11-07,867.2000122070312,869.0,845.5499877929688,853.0,836.0755615234375,7995787.0,0.0,0.0
2022-11-09,859.5,901.0,859.0,890.7999877929688,873.1256103515625,20088415.0,0.0,0.0
2022-11-10,894.0,898.0,876.2999877929688,893.4500122070312,875.7230224609375,9906420.0,0.0,0.0
2022-11-11,905.0,907.7999877929688,890.7999877929688,894.5,876.7521362304688,8777095.0,0.0,0.0
2022-11-14,895.0,907.5,885.0,895.0499877929688,877.291259765625,7653024.0,0.0,0.0
2022-11-15,898.9000244140625,915.5,895.0,906.9000244140624,888.9061889648438,10675723.0,0.0,0.0
2022-11-16,915.0,916.0,874.4000244140625,887.3499755859375,869.7440795898438,11504802.0,0.0,0.0
2022-11-17,886.0,897.7000122070312,880.5,890.8499755859375,873.174560546875,5190475.0,0.0,0.0
2022-11-18,892.0499877929688,894.9000244140625,879.5999755859375,888.9000244140625,871.2633666992188,5384458.0,0.0,0.0
2022-11-21,885.0,888.0,869.0,871.5999755859375,854.3065795898438,6108453.0,0.0,0.0
2022-11-22,871.5999755859375,885.75,870.5,882.4500122070312,864.9413452148438,5466001.0,0.0,0.0
2022-11-23,885.4500122070312,887.5,866.6500244140625,873.5999755859375,856.2669067382812,5319949.0,0.0,0.0
2022-11-24,873.9000244140625,882.5,868.2999877929688,876.6500244140625,859.2564086914062,5111180.0,0.0,0.0
2022-11-25,877.0,881.0,872.0999755859375,879.5999755859375,862.1477661132812,5079099.0,0.0,0.0
2022-11-28,876.0,885.25,873.5,878.5999755859375,861.1676025390625,4168244.0,0.0,0.0
2022-11-29,878.0,891.7999877929688,874.6500244140625,878.2000122070312,860.7756958007812,3663099.0,0.0,0.0
2022-11-30,878.9000244140625,884.1500244140625,873.2999877929688,881.0,863.5200805664062,3797377.0,0.0,0.0
2022-12-01,884.75,896.5,882.0,890.5499877929688,872.880615234375,4491806.0,0.0,0.0
2022-12-02,894.0,903.5999755859376,884.25,888.2000122070312,870.5772094726562,6279538.0,0.0,0.0
2022-12-05,891.5999755859375,896.5,878.5499877929688,893.1500244140625,875.4290161132812,3966501.0,0.0,0.0
2022-12-06,893.7999877929688,902.2999877929688,886.0,896.4500122070312,878.66357421875,4836193.0,0.0,0.0
2022-12-07,897.7999877929688,902.5,884.7999877929688,886.75,869.1559448242188,2867882.0,0.0,0.0
2022-12-08,888.0,898.5,887.3499755859375,892.9000244140625,875.1840209960938,2822061.0,0.0,0.0
2022-12-09,896.0499877929688,912.0,882.2000122070312,890.75,873.0765991210938,6979639.0,0.0,0.0
2022-12-12,892.0499877929688,894.8499755859375,878.5499877929688,881.2999877929688,863.8140869140625,3412185.0,0.0,0.0
2022-12-13,884.9500122070312,898.0,881.2999877929688,894.7999877929688,877.0463256835938,3821073.0,0.0,0.0
2022-12-14,897.2000122070312,908.5,891.6500244140625,900.5499877929688,882.6821899414062,4930906.0,0.0,0.0
2022-12-15,900.25,906.9500122070312,880.3499755859375,883.9500122070312,866.4115600585938,3679459.0,0.0,0.0
2022-12-16,882.9500122070312,890.9500122070312,854.4000244140625,860.4500122070312,843.3778076171875,7791763.0,0.0,0.0
2022-12-19,860.4500122070312,896.0,859.5999755859375,892.8499755859375,875.1348876953125,5205837.0,0.0,0.0
2022-12-20,894.0999755859375,895.2999877929688,871.2999877929688,884.25,866.70556640625,4023275.0,0.0,0.0
2022-12-21,887.0,893.0,851.5499877929688,857.6500244140625,840.6333618164062,4660583.0,0.0,0.0
2022-12-22,864.7000122070312,874.2999877929688,845.5499877929688,856.9000244140625,839.8982543945312,5517570.0,0.0,0.0
2022-12-23,853.0,853.9500122070312,790.2000122070312,794.0999755859375,778.3441772460938,9112806.0,0.0,0.0
2022-12-26,798.0,812.0,785.2999877929688,806.0499877929688,790.05712890625,7205540.0,0.0,0.0
2022-12-27,810.0999755859375,821.2000122070312,798.0999755859375,817.1500244140625,800.9368896484375,4872234.0,0.0,0.0
2022-12-28,815.75,817.0,808.7999877929688,810.3499755859375,794.2717895507812,3624974.0,0.0,0.0
2022-12-29,807.0,822.5,799.5499877929688,819.5499877929688,803.289306640625,5308353.0,0.0,0.0
2022-12-30,822.4500122070312,826.75,815.5999755859375,818.0999755859375,801.8679809570312,3252956.0,0.0,0.0
2023-01-02,823.0,826.75,816.2999877929688,822.2999877929688,805.9846801757812,2042294.0,0.0,0.0
2023-01-03,822.25,826.4000244140625,817.7999877929688,820.4500122070312,804.1714477539062,2166531.0,0.0,0.0
2023-01-04,820.7999877929688,822.0,806.5,810.0,793.9288330078125,3260112.0,0.0,0.0
2023-01-05,814.0499877929688,821.5999755859375,797.0,819.5999755859375,803.3382568359375,3119740.0,0.0,0.0
2023-01-06,819.9000244140625,824.4000244140625,803.5,806.0999755859375,790.1061401367188,2892006.0,0.0,0.0
2023-01-09,810.4500122070312,820.25,809.0999755859375,816.6500244140625,800.4468383789062,2040072.0,0.0,0.0
2023-01-10,817.0,820.6500244140625,781.0999755859375,796.4000244140625,780.5986938476562,4545808.0,0.0,0.0
2023-01-11,800.0,803.0999755859375,789.0499877929688,796.4500122070312,780.6476440429688,3618663.0,0.0,0.0
2023-01-12,796.7000122070312,799.4500122070312,786.0999755859375,792.9500122070312,777.217041015625,2670641.0,0.0,0.0
2023-01-13,795.5999755859375,800.25,786.0,794.6500244140625,778.8833618164062,4059998.0,0.0,0.0
2023-01-16,797.0,797.5,784.4000244140625,787.0499877929688,771.4341430664062,3601251.0,0.0,0.0
2023-01-17,788.3499755859375,791.4500122070312,778.0999755859375,784.75,769.1797485351562,2948618.0,0.0,0.0
2023-01-18,784.0,795.8499755859375,776.5999755859375,786.5,770.89501953125,5585785.0,0.0,0.0
2023-01-19,783.9500122070312,783.9500122070312,771.75,776.0499877929688,760.6524047851562,5086667.0,0.0,0.0
2023-01-20,776.0,786.5999755859375,772.4500122070312,774.4500122070312,759.0841674804688,3328697.0,0.0,0.0
2023-01-23,778.3499755859375,778.3499755859375,762.4000244140625,769.0499877929688,753.791259765625,4283589.0,0.0,0.0
2023-01-24,769.1500244140625,774.0,758.0,761.2000122070312,746.0971069335938,3011438.0,0.0,0.0
2023-01-25,753.0,756.9000244140625,706.0,713.1500244140625,699.0004272460938,17085455.0,0.0,0.0
2023-01-27,699.0,699.8499755859375,537.0,596.9500122070312,585.1058959960938,64194046.0,0.0,0.0
2023-01-30,620.0,656.5999755859375,566.9500122070312,597.0,585.1549682617188,58256575.0,0.0,0.0
2023-01-31,600.0,626.9000244140625,588.0999755859375,612.6500244140625,600.494384765625,33272489.0,0.0,0.0
2023-02-01,627.0,629.0,459.5,495.1499938964844,485.3257141113281,46557720.0,0.0,0.0
2023-02-02,510.0,534.0,424.0499877929688,462.4500122070313,453.2745361328125,115517458.0,0.0,0.0
2023-02-03,459.0,507.0,395.1000061035156,498.8500061035156,488.9523010253906,89662866.0,0.0,0.0
2023-02-06,498.0,548.7000122070312,476.7000122070313,545.4500122070312,534.6277465820312,38363919.0,0.0,0.0
2023-02-07,550.0,598.4500122070312,543.0,553.1500244140625,542.1749877929688,46650736.0,0.0,0.0
2023-02-08,564.0,605.0,563.0,599.25,587.3603515625,31111885.0,0.0,0.0
2023-02-09,587.25,589.0,546.2000122070312,582.2999877929688,570.7465209960938,22494005.0,0.0,0.0
2023-02-10,573.5999755859375,599.9000244140625,560.0,583.9500122070312,572.3638305664062,12527188.0,0.0,0.0
2023-02-13,587.9000244140625,596.0999755859375,537.4000244140625,553.7000122070312,542.714111328125,19528545.0,0.0,0.0
2023-02-14,551.0,581.25,538.2999877929688,565.0999755859375,553.8878173828125,17976429.0,0.0,0.0
2023-02-15,567.7999877929688,578.8499755859375,561.9000244140625,569.0499877929688,557.7594604492188,9259895.0,0.0,0.0
2023-02-16,580.0,590.7999877929688,573.2999877929688,577.2000122070312,565.747802734375,9909820.0,0.0,0.0
2023-02-17,579.0,586.0,569.0999755859375,578.6500244140625,567.1690063476562,8880620.0,0.0,0.0
2023-02-20,567.2999877929688,581.6500244140625,560.0,579.7000122070312,568.1981201171875,9507162.0,0.0,0.0
2023-02-21,585.0,593.7999877929688,579.2000122070312,583.2000122070312,571.6287231445312,7702230.0,0.0,0.0
2023-02-22,583.5,583.5499877929688,540.0,547.0999755859375,536.244873046875,10994235.0,0.0,0.0
2023-02-23,539.5,558.1500244140625,533.6500244140625,551.8499755859375,540.9006958007812,10711597.0,0.0,0.0
2023-02-24,557.0,565.9000244140625,543.2000122070312,558.9000244140625,547.8108520507812,8631548.0,0.0,0.0
2023-02-27,559.0,571.9500122070312,553.0999755859375,562.0,550.8493041992188,8484384.0,0.0,0.0
2023-02-28,563.0,614.4500122070312,551.9500122070312,592.4500122070312,580.6951904296875,25360275.0,0.0,0.0
2023-03-01,598.0,616.0,594.5999755859375,602.0999755859375,590.1536865234375,18661166.0,0.0,0.0
2023-03-02,603.9500122070312,625.0,585.5999755859375,622.9000244140625,610.541015625,21080489.0,0.0,0.0
2023-03-03,663.0,704.0,650.5499877929688,684.6500244140625,671.06591796875,42832968.0,0.0,0.0
2023-03-06,690.0,722.75,681.0999755859375,690.75,677.0448608398438,37435406.0,0.0,0.0
2023-03-08,700.0,715.0,682.0,712.0499877929688,697.9221801757812,20232587.0,0.0,0.0
2023-03-09,713.9000244140625,716.5999755859375,686.0,697.25,683.4158325195312,17041388.0,0.0,0.0
2023-03-10,684.7999877929688,701.75,680.6500244140625,697.7999877929688,683.9548950195312,12138642.0,0.0,0.0
2023-03-13,703.7000122070312,710.5499877929688,677.1500244140625,681.2000122070312,667.6842651367188,9693337.0,0.0,0.0
2023-03-14,681.2000122070312,684.5499877929688,638.5999755859375,654.5,641.5140380859375,18147337.0,0.0,0.0
2023-03-15,661.5499877929688,687.8499755859375,657.25,679.3499755859375,665.8709716796875,15514873.0,0.0,0.0
2023-03-16,686.9000244140625,692.3499755859375,675.1500244140625,679.5999755859375,666.1160278320312,12992236.0,0.0,0.0
2023-03-17,688.5,691.75,671.2999877929688,680.3499755859375,666.8511352539062,7625895.0,0.0,0.0
2023-03-20,671.0,677.75,659.2999877929688,666.75,653.5209350585938,5250369.0,0.0,0.0
2023-03-21,671.5,674.4000244140625,661.2000122070312,664.7999877929688,651.6096801757812,5011027.0,0.0,0.0
2023-03-22,669.9000244140625,671.9000244140625,654.1500244140625,657.1500244140625,644.1115112304688,4457720.0,0.0,0.0
2023-03-23,655.0,667.3499755859375,652.0499877929688,654.9500122070312,641.9551391601562,4491324.0,0.0,0.0
2023-03-24,658.2000122070312,660.6500244140625,633.9500122070312,638.0,625.3413696289062,6072701.0,0.0,0.0
2023-03-27,638.0,644.8499755859375,625.5,629.0999755859375,616.6180419921875,5621870.0,0.0,0.0
2023-03-28,622.5999755859375,627.7999877929688,571.5499877929688,593.4000244140625,581.6264038085938,19860622.0,0.0,0.0
2023-03-29,593.3499755859375,642.5499877929688,590.0999755859375,636.6500244140625,624.0182495117188,17057169.0,0.0,0.0
2023-03-31,643.9000244140625,655.4000244140625,627.3499755859375,631.9000244140625,619.3624267578125,9466910.0,0.0,0.0
2023-04-03,638.5499877929688,639.0,622.1500244140625,627.7999877929688,615.3438110351562,6072184.0,0.0,0.0
2023-04-05,626.9000244140625,639.7999877929688,625.0499877929688,636.75,624.1162109375,6622367.0,0.0,0.0
2023-04-06,637.0,651.3499755859375,631.5499877929688,641.5999755859375,628.8699951171875,7094042.0,0.0,0.0
2023-04-10,646.0,657.0,643.0,652.0,639.0636596679688,4254629.0,0.0,0.0
2023-04-11,655.0,660.25,647.4000244140625,653.9500122070312,640.9749755859375,3798770.0,0.0,0.0
2023-04-12,656.0,662.0,650.0,657.75,644.6995239257812,4271203.0,0.0,0.0
2023-04-13,659.7000122070312,664.9000244140625,653.4000244140625,661.6500244140625,648.522216796875,3306659.0,0.0,0.0
2023-04-17,663.0,666.7000122070312,658.0,664.7000122070312,651.51171875,2731225.0,0.0,0.0
2023-04-18,668.0,671.4000244140625,651.0499877929688,658.5499877929688,645.4837646484375,2964854.0,0.0,0.0
2023-04-19,659.0,665.0,654.9000244140625,658.4000244140625,645.336669921875,2683546.0,0.0,0.0
2023-04-20,663.0,678.5,661.2000122070312,666.0999755859375,652.8839111328125,5009410.0,0.0,0.0
2023-04-21,668.0,670.5999755859375,658.6500244140625,661.5999755859375,648.4730834960938,1982614.0,0.0,0.0
2023-04-24,665.0999755859375,672.75,656.0,671.2999877929688,657.9807739257812,3357178.0,0.0,0.0
2023-04-25,675.0,682.5,668.8499755859375,671.4500122070312,658.1277465820312,4814190.0,0.0,0.0
2023-04-26,671.0,671.5999755859375,662.0999755859375,664.7000122070312,651.51171875,3373385.0,0.0,0.0
2023-04-27,667.9000244140625,668.2000122070312,657.2000122070312,659.75,646.6598510742188,3197568.0,0.0,0.0
2023-04-28,666.2000122070312,683.0,662.1500244140625,681.2999877929688,667.7823486328125,6162262.0,0.0,0.0
2023-05-02,683.7999877929688,685.9000244140625,672.5999755859375,681.5,667.9783935546875,5563089.0,0.0,0.0
2023-05-03,675.0,684.8499755859375,656.75,669.6500244140625,656.363525390625,5645727.0,0.0,0.0
2023-05-04,670.0,682.0,667.7000122070312,679.75,666.2630615234375,5124811.0,0.0,0.0
2023-05-05,682.7999877929688,693.5999755859375,677.5,683.9000244140625,670.3307495117188,5193692.0,0.0,0.0
2023-05-08,684.7000122070312,690.6500244140625,678.5999755859375,685.0999755859375,671.5068969726562,3671007.0,0.0,0.0
2023-05-09,685.0999755859375,695.9000244140625,684.5,690.5,676.7998046875,4029312.0,0.0,0.0
2023-05-10,692.0,692.4000244140625,685.5499877929688,691.0,677.289794921875,1794579.0,0.0,0.0
2023-05-11,694.0,714.0,692.25,708.7999877929688,694.7366943359375,5979387.0,0.0,0.0
2023-05-12,712.0,712.0,695.0499877929688,700.0,686.111328125,4025355.0,0.0,0.0
2023-05-15,699.7999877929688,701.7000122070312,687.5,694.0499877929688,680.279296875,2616737.0,0.0,0.0
2023-05-16,694.0499877929688,698.7999877929688,685.2999877929688,687.0,673.3692016601562,1403759.0,0.0,0.0
2023-05-17,687.25,691.9500122070312,682.5499877929688,684.5999755859375,671.0167236328125,2295396.0,0.0,0.0
2023-05-18,689.7000122070312,689.7000122070312,661.2999877929688,664.9500122070312,651.7567749023438,4405410.0,0.0,0.0
2023-05-19,664.0,694.1500244140625,659.5,688.0999755859375,674.4473876953125,6340270.0,0.0,0.0
2023-05-22,698.9000244140625,753.4000244140625,693.1500244140625,729.7000122070312,715.2220458984375,30204070.0,0.0,0.0
2023-05-23,744.2999877929688,785.6500244140625,730.0,734.0499877929688,719.4856567382812,39497528.0,0.0,0.0
2023-05-24,739.0,739.0,708.75,718.25,703.9992065429688,12809164.0,0.0,0.0
2023-05-25,717.0,727.0,705.5999755859375,724.5,710.1251831054688,7458008.0,0.0,0.0
2023-05-26,729.0999755859375,730.3499755859375,720.5999755859375,726.8499755859375,712.4285888671875,4507617.0,0.0,0.0
2023-05-29,731.0,740.0,728.0499877929688,737.5,722.8672485351562,4302323.0,0.0,0.0
2023-05-30,740.0,742.3499755859375,727.6500244140625,734.0499877929688,719.4856567382812,4785799.0,0.0,0.0
2023-05-31,736.0,749.0,721.2999877929688,738.8499755859375,724.1904296875,13649365.0,0.0,0.0
2023-06-01,730.5,744.9500122070312,729.0,732.0499877929688,717.5253295898438,3771760.0,0.0,0.0
2023-06-02,738.0,744.0,734.0,736.5999755859375,721.985107421875,5554473.0,0.0,0.0
2023-06-05,738.0,744.0,735.0,738.7999877929688,724.1414184570312,5166097.0,0.0,0.0
2023-06-06,742.9000244140625,747.0,740.0,745.4000244140625,730.6104736328125,5492469.0,0.0,0.0
2023-06-07,750.0,751.0,741.9500122070312,743.75,728.9932250976562,2129238.0,0.0,0.0
2023-06-08,744.9500122070312,749.0,733.0,736.4000244140625,721.7890625,2141709.0,0.0,0.0
2023-06-09,738.0,742.0,733.0,734.9500122070312,720.367919921875,1335172.0,0.0,0.0
2023-06-12,735.2000122070312,746.5499877929688,733.5499877929688,742.0999755859375,727.3759155273438,4571836.0,0.0,0.0
2023-06-13,741.0,742.4000244140625,735.0499877929688,737.8499755859375,723.2102661132812,3636359.0,0.0,0.0
2023-06-14,736.3499755859375,742.75,735.7999877929688,739.3499755859375,724.6805419921875,3900945.0,0.0,0.0
2023-06-15,737.2999877929688,748.7000122070312,737.0,739.5,724.8275146484375,6448934.0,0.0,0.0
2023-06-16,741.0,749.7000122070312,740.7999877929688,747.4000244140625,732.5708618164062,6800269.0,0.0,0.0
2023-06-19,749.9000244140625,749.9000244140625,731.0,735.6500244140625,721.053955078125,5256363.0,0.0,0.0
2023-06-20,738.0,742.0,730.2000122070312,737.7999877929688,723.1612548828125,6753358.0,0.0,0.0
2023-06-21,739.9000244140625,753.25,733.2999877929688,749.4500122070312,734.5801391601562,9312613.0,0.0,0.0
2023-06-22,755.0,758.0,741.0,745.5999755859375,730.8065795898438,10061086.0,0.0,0.0
2023-06-23,741.0,741.0,703.0,714.2999877929688,700.1275024414062,15398550.0,0.0,0.0
2023-06-26,710.0,726.2999877929688,705.0999755859375,724.4000244140625,710.0271606445312,5696079.0,0.0,0.0
2023-06-27,724.3499755859375,730.4500122070312,716.0,720.25,705.9595336914062,6935089.0,0.0,0.0
2023-06-28,722.9500122070312,759.0,721.7999877929688,756.5,741.490234375,17910387.0,0.0,0.0
2023-06-30,752.7999877929688,759.9000244140625,738.0,739.25,724.58251953125,6629272.0,0.0,0.0
2023-07-03,744.5,747.4500122070312,732.7000122070312,737.4000244140625,722.7692260742188,2808490.0,0.0,0.0
2023-07-04,740.0499877929688,751.0,735.0,741.7000122070312,726.98388671875,3263045.0,0.0,0.0
2023-07-05,741.0,746.9000244140625,734.0499877929688,742.75,728.0130004882812,2212779.0,0.0,0.0
2023-07-06,742.4000244140625,745.9000244140625,738.2000122070312,740.0499877929688,725.3666381835938,1949877.0,0.0,0.0
2023-07-07,739.9500122070312,740.0,716.2000122070312,718.7000122070312,704.4402465820312,4248724.0,0.0,0.0
2023-07-10,722.0,730.0,708.0,720.0999755859375,705.8124389648438,5135483.0,0.0,0.0
2023-07-11,723.9500122070312,732.4500122070312,719.0499877929688,729.9000244140625,715.4180297851562,2716491.0,0.0,0.0
2023-07-12,731.8499755859375,732.4500122070312,722.0,724.2000122070312,709.8311767578125,1349350.0,0.0,0.0
2023-07-13,724.9500122070312,729.25,715.0,717.2000122070312,702.9700317382812,1378288.0,0.0,0.0
2023-07-14,718.6500244140625,727.4500122070312,714.7000122070312,726.0999755859375,711.6934204101562,2043145.0,0.0,0.0
2023-07-17,730.2000122070312,742.7999877929688,730.0999755859375,731.0499877929688,716.545166015625,2683898.0,0.0,0.0
2023-07-18,731.0,747.5,725.5999755859375,728.1500244140625,713.7027587890625,4464508.0,0.0,0.0
2023-07-19,731.9000244140625,735.4500122070312,729.0,731.4000244140625,716.8882446289062,1039827.0,0.0,0.0
2023-07-20,733.4500122070312,735.9500122070312,728.0999755859375,732.4500122070312,717.9174194335938,1423489.0,0.0,0.0
2023-07-21,728.7999877929688,735.3499755859375,726.2999877929688,728.4500122070312,713.9968872070312,1491198.0,0.0,0.0
2023-07-24,730.0,740.25,728.4500122070312,735.2999877929688,720.7108154296875,1919024.0,0.0,0.0
2023-07-25,737.6500244140625,752.0,733.1500244140625,749.25,734.384033203125,3210148.0,0.0,0.0
2023-07-26,752.9500122070312,765.4000244140625,745.0,752.6500244140625,737.7166748046875,5868377.0,0.0,0.0
2023-07-27,753.9000244140625,758.8499755859375,741.9000244140625,748.75,733.8939819335938,2243079.0,0.0,0.0
2023-07-28,750.0,760.7999877929688,743.0999755859375,755.7000122070312,745.6857299804688,3257195.0,5.0,0.0
2023-07-31,758.6500244140625,780.0,754.4000244140625,777.8499755859375,767.5421142578125,5854918.0,0.0,0.0
2023-08-01,778.9500122070312,781.0,761.5999755859375,765.3499755859375,755.2078247070312,2590545.0,0.0,0.0
2023-08-02,767.0,773.9000244140625,751.5499877929688,761.4500122070312,751.3594970703125,3017482.0,0.0,0.0
2023-08-03,761.4500122070312,779.5,753.4000244140625,773.3499755859375,763.1017456054688,4135776.0,0.0,0.0
2023-08-04,776.4500122070312,779.9000244140625,768.75,775.25,764.9766235351562,2758619.0,0.0,0.0
2023-08-07,777.0499877929688,794.6500244140625,771.2000122070312,791.4000244140625,780.9126586914062,4175164.0,0.0,0.0
2023-08-08,793.75,805.0,764.2999877929688,784.2000122070312,773.8080444335938,11993737.0,0.0,0.0
2023-08-09,792.7000122070312,806.8499755859375,784.0,791.0999755859375,780.6165771484375,7007648.0,0.0,0.0
2023-08-10,793.0,819.7999877929688,792.0,802.7999877929688,792.1614990234375,8064730.0,0.0,0.0
2023-08-11,806.9000244140625,810.4500122070312,794.25,801.0499877929688,790.4346923828125,9040236.0,0.0,0.0
2023-08-14,781.0,794.2000122070312,771.0999755859375,787.1500244140625,776.7189331054688,17841454.0,0.0,0.0
2023-08-16,786.0,786.0,772.4500122070312,776.0999755859375,765.8153686523438,11481440.0,0.0,0.0
2023-08-17,778.0,813.5999755859375,776.8499755859375,809.6500244140625,798.9207153320312,14011644.0,0.0,0.0
2023-08-18,807.0,849.5999755859375,804.2999877929688,835.9000244140625,824.8228759765625,22502392.0,0.0,0.0
2023-08-21,840.0999755859375,864.0999755859375,838.5,858.1500244140625,846.778076171875,17432300.0,0.0,0.0
2023-08-22,863.9000244140625,869.0,853.3499755859375,854.5,843.1763916015625,8037324.0,0.0,0.0
2023-08-23,858.5499877929688,862.4500122070312,820.0999755859375,825.7000122070312,814.7581176757812,4748732.0,0.0,0.0
2023-08-24,834.0,844.4000244140625,820.2000122070312,822.3499755859375,811.4524536132812,4692796.0,0.0,0.0
2023-08-25,823.0,830.4000244140625,803.5,806.5999755859375,795.9111328125,4442243.0,0.0,0.0
2023-08-28,816.0,824.0,798.5,807.4500122070312,796.7498779296875,5067265.0,0.0,0.0
2023-08-29,809.5,830.7999877929688,800.0499877929688,823.5499877929688,812.6365966796875,5935085.0,0.0,0.0
2023-08-30,828.0,833.0,816.5999755859375,818.7000122070312,807.850830078125,8592012.0,0.0,0.0
2023-08-31,803.9000244140625,810.9000244140625,787.7000122070312,792.2000122070312,781.7020263671875,9998925.0,0.0,0.0
2023-09-01,780.0,808.0,779.6500244140625,799.5,788.9052124023438,11900199.0,0.0,0.0
2023-09-04,807.5499877929688,811.75,795.5499877929688,801.0499877929688,790.4346923828125,12522148.0,0.0,0.0
2023-09-05,805.0,810.9000244140625,797.5,804.9500122070312,794.2830200195312,10483413.0,0.0,0.0
2023-09-06,806.0,808.5,800.4500122070312,807.0499877929688,796.355224609375,6729598.0,0.0,0.0
2023-09-07,809.7000122070312,812.9500122070312,805.0499877929688,809.9000244140625,799.1674194335938,9787939.0,0.0,0.0
2023-09-08,810.9000244140625,828.7999877929688,810.1500244140625,825.0,814.0673828125,11683222.0,0.0,0.0
2023-09-11,840.0,887.2000122070312,835.0,882.4500122070312,870.7560424804688,20638175.0,0.0,0.0
2023-09-12,889.5,889.5,853.0499877929688,858.75,847.3701171875,8036897.0,0.0,0.0
2023-09-13,859.0,867.2000122070312,843.1500244140625,849.7000122070312,838.4400024414062,7180448.0,0.0,0.0
2023-09-14,854.0499877929688,857.8499755859375,841.0,849.7999877929688,838.5386962890625,6234825.0,0.0,0.0
2023-09-15,846.0,854.5999755859375,841.5,845.6500244140625,834.4437866210938,4013431.0,0.0,0.0
2023-09-18,848.0499877929688,848.0499877929688,828.1500244140625,831.25,820.2345581054688,2801202.0,0.0,0.0
2023-09-20,832.0,837.5999755859375,815.0,818.0499877929688,807.2093505859375,3016411.0,0.0,0.0
2023-09-21,821.1500244140625,842.4000244140625,820.0,831.0999755859375,820.0864868164062,6437320.0,0.0,0.0
2023-09-22,833.9000244140625,838.7000122070312,822.0999755859375,827.0499877929688,816.0902099609375,3156509.0,0.0,0.0
2023-09-25,828.7000122070312,831.7000122070312,818.9500122070312,825.6500244140625,814.7088012695312,2395763.0,0.0,0.0
2023-09-26,826.0999755859375,831.0,819.0,821.3499755859375,810.4656982421875,1569635.0,0.0,0.0
2023-09-27,825.7999877929688,833.0,821.5,830.7000122070312,819.6917724609375,2463842.0,0.0,0.0
2023-09-28,833.25,841.3499755859375,819.1500244140625,823.0999755859375,812.1925048828125,5057959.0,0.0,0.0
2023-09-29,826.5,832.5,822.2999877929688,825.1500244140625,814.2153930664062,1468496.0,0.0,0.0
2023-10-03,826.0,836.75,824.25,831.4000244140625,820.3825073242188,2453090.0,0.0,0.0
2023-10-04,830.9500122070312,845.4500122070312,819.3499755859375,824.5999755859375,813.672607421875,4096647.0,0.0,0.0
2023-10-05,830.8499755859375,832.0,820.25,825.2000122070312,814.2647094726562,2083505.0,0.0,0.0
2023-10-06,830.0,836.5,826.4000244140625,830.75,819.7412109375,1877058.0,0.0,0.0
2023-10-09,815.0,818.7999877929688,785.0,790.0499877929688,779.5804443359375,5994282.0,0.0,0.0
2023-10-10,800.5499877929688,823.7000122070312,800.5499877929688,819.5,808.6401977539062,7591327.0,0.0,0.0
2023-10-11,827.4000244140625,827.4000244140625,812.3499755859375,814.8499755859375,804.0517578125,3281387.0,0.0,0.0
2023-10-12,818.5499877929688,823.25,812.5499877929688,814.9500122070312,804.1505126953125,2563606.0,0.0,0.0
2023-10-13,812.0,824.7999877929688,805.8499755859375,813.75,802.9664306640625,3801000.0,0.0,0.0
2023-10-16,818.5,818.5,803.25,805.6500244140625,794.9737548828125,2664794.0,0.0,0.0
2023-10-17,812.0,814.4000244140625,804.0,805.0999755859375,794.4310302734375,2162192.0,0.0,0.0
2023-10-18,808.9500122070312,809.0499877929688,795.4000244140625,798.5999755859375,788.0171508789062,2271927.0,0.0,0.0
2023-10-19,796.75,797.2999877929688,787.4500122070312,792.8499755859375,782.3433837890625,2862500.0,0.0,0.0
2023-10-20,791.7999877929688,803.0,788.6500244140625,793.6500244140625,783.1328125,2434862.0,0.0,0.0
2023-10-23,793.6500244140625,795.7999877929688,769.9000244140625,771.4500122070312,761.2269897460938,2002377.0,0.0,0.0
2023-10-25,772.5,783.3499755859375,761.0499877929688,769.0999755859375,758.9081420898438,2581498.0,0.0,0.0
2023-10-26,764.0,771.7999877929688,754.5,770.3499755859375,760.1414794921875,3855358.0,0.0,0.0
2023-10-27,774.9000244140625,786.4000244140625,773.0499877929688,782.4000244140625,772.0318603515625,2995404.0,0.0,0.0
2023-10-30,785.9000244140625,794.4000244140625,779.7999877929688,785.0,774.597412109375,3522068.0,0.0,0.0
2023-10-31,789.7999877929688,791.0999755859375,782.5,784.75,774.3507080078125,2825760.0,0.0,0.0
2023-11-01,784.75,790.5,767.2000122070312,769.0999755859375,758.9081420898438,2693768.0,0.0,0.0
2023-11-02,776.9000244140625,783.5,772.0499877929688,774.2999877929688,764.0392456054688,1741799.0,0.0,0.0
2023-11-03,780.0,798.7999877929688,777.2999877929688,795.4000244140625,784.859619140625,4310765.0,0.0,0.0
2023-11-06,801.5,806.25,799.2999877929688,802.5,791.8655395507812,2270316.0,0.0,0.0
2023-11-07,803.0,808.4000244140625,796.0,797.5499877929688,786.9810791015625,2394891.0,0.0,0.0
2023-11-08,802.0,823.7999877929688,800.0499877929688,818.7000122070312,807.850830078125,5123208.0,0.0,0.0
2023-11-09,825.0,827.7000122070312,798.0999755859375,806.2000122070312,795.5164794921875,4982049.0,0.0,0.0
2023-11-10,808.0,818.7999877929688,806.2000122070312,808.5999755859375,797.8846435546875,3903183.0,0.0,0.0
2023-11-13,810.0,828.0,807.5,809.8499755859375,799.1180419921875,1050882.0,0.0,0.0
2023-11-15,818.0,818.0,809.0499877929688,810.75,800.0061645507812,1694698.0,0.0,0.0
2023-11-16,814.4000244140625,818.4000244140625,808.0999755859375,813.5999755859375,802.818359375,1689762.0,0.0,0.0
2023-11-17,811.7000122070312,821.9500122070312,809.0499877929688,810.0499877929688,799.3154296875,3218979.0,0.0,0.0
2023-11-20,810.0499877929688,816.0,801.0999755859375,803.5999755859375,792.950927734375,3227659.0,0.0,0.0
2023-11-21,805.0,814.9000244140625,799.2999877929688,801.3499755859375,790.730712890625,3643664.0,0.0,0.0
2023-11-22,804.0,804.9500122070312,788.5499877929688,791.9000244140625,781.406005859375,3212329.0,0.0,0.0
2023-11-23,795.0,804.7000122070312,791.4500122070312,793.0999755859375,782.590087890625,3776615.0,0.0,0.0
2023-11-24,795.9000244140625,802.9500122070312,785.0,795.5499877929688,785.007568359375,4421350.0,0.0,0.0
2023-11-28,806.0,854.4000244140625,806.0,837.7000122070312,826.5990600585938,15929818.0,0.0,0.0
2023-11-29,850.0,850.0,833.2999877929688,835.5499877929688,824.4775390625,8057644.0,0.0,0.0
2023-11-30,839.0,839.0,823.0,825.5,814.5606689453125,5998210.0,0.0,0.0
2023-12-01,839.2000122070312,839.2000122070312,825.5,827.7999877929688,816.8302612304688,2932775.0,0.0,0.0
2023-12-04,865.0,883.3499755859375,858.5,878.6500244140625,867.0064086914062,11064795.0,0.0,0.0
2023-12-05,884.0,1024.300048828125,880.0,1013.0999755859376,999.6746826171876,46564412.0,0.0,0.0
2023-12-06,1045.0,1082.5,1008.0999755859376,1017.9500122070312,1004.4603881835938,41008947.0,0.0,0.0
2023-12-07,1029.0,1058.75,1021.6500244140624,1039.6500244140625,1025.8729248046875,14840081.0,0.0,0.0
2023-12-08,1048.0,1055.0,992.2999877929688,1022.9500122070312,1009.3941650390624,12202462.0,0.0,0.0
2023-12-11,1026.800048828125,1048.0,1015.6500244140624,1031.9000244140625,1018.2255859375,7889666.0,0.0,0.0
2023-12-12,1037.050048828125,1048.449951171875,1023.25,1041.949951171875,1028.142333984375,4902289.0,0.0,0.0
2023-12-13,1045.0,1075.0,1028.800048828125,1063.5,1049.40673828125,8151639.0,0.0,0.0
2023-12-14,1080.0,1089.9000244140625,1063.0,1074.699951171875,1060.4583740234375,8004131.0,0.0,0.0
2023-12-15,1079.0,1086.5,1067.050048828125,1078.550048828125,1064.25732421875,11672787.0,0.0,0.0
2023-12-18,1079.0,1102.4000244140625,1072.75,1094.300048828125,1079.7987060546875,5448342.0,0.0,0.0
2023-12-19,1095.0,1099.0,1068.5999755859375,1074.0,1059.7677001953125,5993252.0,0.0,0.0
2023-12-20,1078.0,1083.8499755859375,1005.0,1012.1500244140624,998.7373046875,8467564.0,0.0,0.0
2023-12-21,996.1500244140624,1028.0,989.25,1018.9500122070312,1005.4472045898438,5352057.0,0.0,0.0
2023-12-22,1034.0,1050.949951171875,1019.0,1027.5,1013.8838500976562,5252106.0,0.0,0.0
2023-12-26,1034.0999755859375,1041.0,1026.0999755859375,1028.75,1015.1173095703124,2176775.0,0.0,0.0
2023-12-27,1037.0,1037.050048828125,1018.0,1024.4000244140625,1010.824951171875,2803997.0,0.0,0.0
2023-12-28,1029.550048828125,1031.199951171875,1014.6500244140624,1016.9500122070312,1003.4736328125,4865603.0,0.0,0.0
2023-12-29,1021.7999877929688,1034.9000244140625,1017.5999755859376,1024.3499755859375,1010.775634765625,2429250.0,0.0,0.0
2024-01-01,1026.550048828125,1057.949951171875,1023.0,1047.8499755859375,1033.9642333984375,3989711.0,0.0,0.0
2024-01-02,1047.8499755859375,1082.9000244140625,1031.0999755859375,1078.4000244140625,1064.109375,6344621.0,0.0,0.0
2024-01-03,1105.0,1144.0,1062.75,1094.25,1079.7493896484375,33060778.0,0.0,0.0
2024-01-04,1117.0,1131.0,1103.550048828125,1123.199951171875,1108.3155517578125,9771995.0,0.0,0.0
2024-01-05,1129.0999755859375,1160.0,1125.4000244140625,1154.25,1138.9542236328125,10622789.0,0.0,0.0
2024-01-08,1160.0,1182.0,1152.0,1168.8499755859375,1153.3607177734375,8760094.0,0.0,0.0
2024-01-09,1182.0,1229.9000244140625,1178.5,1197.0999755859375,1181.236328125,14701104.0,0.0,0.0
2024-01-10,1220.0,1220.0,1197.0,1214.3499755859375,1198.2578125,7036728.0,0.0,0.0
2024-01-11,1221.0,1223.5999755859375,1200.0,1202.949951171875,1187.0087890625,3721202.0,0.0,0.0
2024-01-12,1210.4000244140625,1218.75,1201.050048828125,1207.0999755859375,1191.103759765625,3912779.0,0.0,0.0
2024-01-15,1214.0,1215.3499755859375,1189.0999755859375,1203.0999755859375,1187.15673828125,2825654.0,0.0,0.0
2024-01-16,1203.5999755859375,1212.0,1186.800048828125,1193.3499755859375,1177.5361328125,3173587.0,0.0,0.0
2024-01-17,1180.0,1204.699951171875,1159.449951171875,1166.8499755859375,1151.38720703125,5268593.0,0.0,0.0
2024-01-18,1171.050048828125,1184.300048828125,1143.449951171875,1154.050048828125,1138.7568359375,5918594.0,0.0,0.0
2024-01-19,1162.25,1166.800048828125,1150.0,1152.449951171875,1137.177978515625,2732559.0,0.0,0.0
2024-01-23,1199.1500244140625,1207.199951171875,1130.25,1137.0999755859375,1122.031494140625,7201014.0,0.0,0.0
2024-01-24,1138.0,1146.75,1118.3499755859375,1120.5999755859375,1105.7501220703125,18373913.0,0.0,0.0
2024-01-25,1122.1500244140625,1155.75,1111.5999755859375,1146.300048828125,1131.109619140625,4305042.0,0.0,0.0
2024-01-29,1155.0,1204.9000244140625,1151.0,1196.6500244140625,1180.7923583984375,6768033.0,0.0,0.0
2024-01-30,1200.0,1217.199951171875,1181.0,1187.3499755859375,1171.6156005859375,4683729.0,0.0,0.0
2024-01-31,1195.800048828125,1214.25,1191.6500244140625,1207.6500244140625,1191.6466064453125,5510242.0,0.0,0.0
2024-02-01,1213.5999755859375,1239.5,1200.300048828125,1218.8499755859375,1202.6981201171875,7433628.0,0.0,0.0
2024-02-02,1233.050048828125,1287.5,1231.699951171875,1261.449951171875,1244.7335205078125,10450227.0,0.0,0.0
2024-02-05,1269.5,1291.25,1248.8499755859375,1258.550048828125,1241.8720703125,5611298.0,0.0,0.0
2024-02-06,1266.0,1284.5999755859375,1248.8499755859375,1273.0999755859375,1256.229248046875,4408002.0,0.0,0.0
2024-02-07,1280.0,1286.3499755859375,1252.1500244140625,1255.6500244140625,1239.010498046875,3359763.0,0.0,0.0
2024-02-08,1264.050048828125,1264.5,1236.75,1245.199951171875,1228.698974609375,3354609.0,0.0,0.0
2024-02-09,1252.5999755859375,1275.5,1232.0999755859375,1271.5,1254.6505126953125,3538164.0,0.0,0.0
2024-02-12,1278.0,1279.75,1243.9000244140625,1249.3499755859375,1232.7939453125,2204823.0,0.0,0.0
2024-02-13,1249.949951171875,1271.0,1226.6500244140625,1264.800048828125,1248.039306640625,2245009.0,0.0,0.0
2024-02-14,1261.949951171875,1281.550048828125,1248.6500244140625,1267.8499755859375,1251.048828125,3382943.0,0.0,0.0
2024-02-15,1275.0,1277.550048828125,1262.0999755859375,1267.050048828125,1250.2593994140625,3382824.0,0.0,0.0
2024-02-16,1269.800048828125,1311.0,1265.550048828125,1306.8499755859375,1289.531982421875,5476230.0,0.0,0.0
2024-02-19,1313.4000244140625,1327.0,1302.1500244140625,1307.0,1289.679931640625,2700240.0,0.0,0.0
2024-02-20,1311.0,1312.9000244140625,1293.699951171875,1300.5,1283.2662353515625,1856718.0,0.0,0.0
2024-02-21,1304.800048828125,1315.0,1281.449951171875,1291.0,1273.8919677734375,2770510.0,0.0,0.0
2024-02-22,1296.0,1317.0,1281.0,1310.949951171875,1293.57763671875,2556009.0,0.0,0.0
2024-02-23,1312.050048828125,1332.0,1298.0,1320.699951171875,1303.1983642578125,2924829.0,0.0,0.0
2024-02-26,1320.0,1343.0,1316.75,1338.1500244140625,1320.417236328125,2802425.0,0.0,0.0
2024-02-27,1336.8499755859375,1339.199951171875,1314.25,1329.449951171875,1311.8323974609375,2197456.0,0.0,0.0
2024-02-28,1334.5,1334.9000244140625,1295.1500244140625,1299.5,1282.2794189453125,2121625.0,0.0,0.0
2024-02-29,1300.0,1329.9000244140625,1293.050048828125,1320.5,1303.0010986328125,2672239.0,0.0,0.0
2024-03-01,1335.0,1349.0,1312.4000244140625,1322.0999755859375,1304.5799560546875,3301090.0,0.0,0.0
2024-03-04,1345.25,1356.550048828125,1336.4000244140625,1342.5999755859375,1324.8082275390625,2170214.0,0.0,0.0
2024-03-05,1344.050048828125,1354.949951171875,1334.0,1338.300048828125,1320.5653076171875,1815438.0,0.0,0.0
2024-03-06,1342.699951171875,1344.5999755859375,1304.0,1324.800048828125,1307.244140625,2758443.0,0.0,0.0
2024-03-07,1329.800048828125,1335.3499755859375,1315.0,1325.449951171875,1307.8853759765625,1640786.0,0.0,0.0
2024-03-11,1331.0,1342.3499755859375,1322.050048828125,1326.949951171875,1309.3656005859375,2217673.0,0.0,0.0
2024-03-12,1335.0,1346.949951171875,1293.449951171875,1301.300048828125,1284.0556640625,3139768.0,0.0,0.0
2024-03-13,1307.0,1308.0,1188.0999755859375,1209.550048828125,1193.521484375,8670336.0,0.0,0.0
2024-03-14,1210.0,1276.0,1195.699951171875,1267.8499755859375,1251.048828125,7195603.0,0.0,0.0
2024-03-15,1273.800048828125,1288.8499755859375,1256.6500244140625,1283.0,1265.998046875,4024586.0,0.0,0.0
2024-03-18,1250.0,1270.050048828125,1227.25,1266.5999755859375,1249.8153076171875,4858444.0,0.0,0.0
2024-03-19,1271.050048828125,1272.8499755859375,1237.25,1241.199951171875,1224.751953125,2311324.0,0.0,0.0
2024-03-20,1248.0,1252.949951171875,1230.199951171875,1245.4000244140625,1228.8963623046875,2772098.0,0.0,0.0
2024-03-21,1260.0,1268.699951171875,1251.300048828125,1262.449951171875,1245.7203369140625,3155563.0,0.0,0.0
2024-03-22,1262.449951171875,1289.0999755859375,1255.050048828125,1281.5999755859375,1264.6165771484375,3076926.0,0.0,0.0
2024-03-26,1281.5999755859375,1314.0,1281.0,1304.199951171875,1286.9169921875,3610644.0,0.0,0.0
2024-03-27,1315.0,1343.0,1312.0999755859375,1322.800048828125,1305.270751953125,4938400.0,0.0,0.0
2024-03-28,1334.0,1358.699951171875,1314.0,1341.8499755859375,1324.0682373046875,4188741.0,0.0,0.0
2024-04-01,1356.800048828125,1381.75,1350.25,1375.9000244140625,1357.6669921875,3251462.0,0.0,0.0
2024-04-02,1397.800048828125,1424.949951171875,1388.199951171875,1404.1500244140625,1385.5426025390625,5769001.0,0.0,0.0
2024-04-03,1399.8499755859375,1402.0,1389.199951171875,1397.199951171875,1378.6846923828125,2727582.0,0.0,0.0
2024-04-04,1408.5999755859375,1408.5999755859375,1362.25,1366.8499755859375,1348.7369384765625,4197697.0,0.0,0.0
2024-04-05,1367.0,1381.9000244140625,1357.3499755859375,1375.550048828125,1357.3216552734375,1853120.0,0.0,0.0
2024-04-08,1381.949951171875,1381.949951171875,1337.0,1348.6500244140625,1330.7781982421875,14038860.0,0.0,0.0
2024-04-09,1356.1500244140625,1364.9000244140625,1346.0999755859375,1356.5,1338.5240478515625,1935801.0,0.0,0.0
2024-04-10,1359.0,1359.9000244140625,1348.199951171875,1352.300048828125,1334.3798828125,3984001.0,0.0,0.0
2024-04-12,1350.0,1358.4000244140625,1341.0,1344.199951171875,1326.386962890625,2183230.0,0.0,0.0
2024-04-15,1320.0,1335.0,1308.5999755859375,1315.550048828125,1298.1168212890625,3372368.0,0.0,0.0
2024-04-16,1302.0,1322.0,1294.4000244140625,1304.3499755859375,1287.0650634765625,2696593.0,0.0,0.0
2024-04-18,1315.949951171875,1336.5,1291.0,1295.550048828125,1278.3817138671875,6219274.0,0.0,0.0
2024-04-19,1280.0,1316.0,1270.0,1310.0,1292.6402587890625,3899281.0,0.0,0.0
2024-04-22,1321.0999755859375,1331.0,1315.0,1321.0999755859375,1303.59326171875,8903130.0,0.0,0.0
2024-04-23,1321.0999755859375,1338.550048828125,1318.9000244140625,1322.0999755859375,1304.5799560546875,3847872.0,0.0,0.0
2024-04-24,1331.0,1332.9000244140625,1318.050048828125,1320.5,1303.0010986328125,2553035.0,0.0,0.0
2024-04-25,1320.5,1336.949951171875,1316.800048828125,1330.550048828125,1312.91796875,6097087.0,0.0,0.0
2024-04-26,1340.0,1341.5999755859375,1321.0999755859375,1324.5999755859375,1307.0467529296875,2565490.0,0.0,0.0
2024-04-29,1334.300048828125,1335.75,1307.0,1317.25,1299.794189453125,2191564.0,0.0,0.0
2024-04-30,1323.550048828125,1334.6500244140625,1316.25,1324.9000244140625,1307.3428955078125,2321071.0,0.0,0.0
2024-05-02,1333.949951171875,1348.699951171875,1306.550048828125,1338.800048828125,1321.05859375,7991511.0,0.0,0.0
2024-05-03,1353.0,1354.0,1310.449951171875,1320.300048828125,1302.8038330078125,3528822.0,0.0,0.0
2024-05-06,1322.5,1322.5,1257.0,1289.949951171875,1272.85595703125,4000668.0,0.0,0.0
2024-05-07,1291.0999755859375,1301.1500244140625,1265.0,1287.6500244140625,1270.58642578125,3474340.0,0.0,0.0
2024-05-08,1293.3499755859375,1293.699951171875,1269.050048828125,1277.25,1260.32421875,1627418.0,0.0,0.0
2024-05-09,1279.0,1285.800048828125,1240.0,1244.550048828125,1228.0576171875,2591646.0,0.0,0.0
2024-05-10,1250.0,1278.699951171875,1245.75,1266.75,1249.96337890625,2022402.0,0.0,0.0
2024-05-13,1267.0,1313.0,1261.6500244140625,1306.4000244140625,1289.0880126953125,2495810.0,0.0,0.0
2024-05-14,1306.4000244140625,1339.9000244140625,1285.25,1331.25,1313.608642578125,2989543.0,0.0,0.0
2024-05-15,1337.8499755859375,1353.949951171875,1333.0,1337.8499755859375,1320.1212158203125,2189768.0,0.0,0.0
2024-05-16,1352.199951171875,1366.75,1310.5,1345.050048828125,1327.2259521484375,4822618.0,0.0,0.0
2024-05-17,1330.0,1343.300048828125,1321.1500244140625,1335.699951171875,1317.9996337890625,1945123.0,0.0,0.0
2024-05-21,1344.0,1398.800048828125,1333.0,1385.5,1367.1397705078125,4200578.0,0.0,0.0
2024-05-22,1394.3499755859375,1394.3499755859375,1364.199951171875,1378.199951171875,1359.9364013671875,1878562.0,0.0,0.0
2024-05-23,1384.0,1448.800048828125,1369.9000244140625,1443.3499755859375,1424.22314453125,7821034.0,0.0,0.0
2024-05-24,1435.0,1444.949951171875,1382.1500244140625,1416.0999755859375,1397.334228515625,19100263.0,0.0,0.0
2024-05-27,1445.0,1457.050048828125,1423.5999755859375,1431.6500244140625,1412.67822265625,5517078.0,0.0,0.0
2024-05-28,1438.0,1438.0,1398.0,1400.5,1381.9410400390625,4070886.0,0.0,0.0
2024-05-29,1406.0,1427.8499755859375,1382.9000244140625,1410.0,1391.31494140625,3214475.0,0.0,0.0
2024-05-30,1410.0,1413.6500244140625,1373.6500244140625,1383.5,1365.1663818359375,3477661.0,0.0,0.0
2024-05-31,1391.0,1451.0,1391.0,1437.4000244140625,1418.35205078125,8238969.0,0.0,0.0
2024-06-03,1549.0,1621.4000244140625,1535.0,1583.949951171875,1562.9599609375,23398347.0,0.0,0.0
2024-06-04,1558.0,1558.0,1188.0,1248.949951171875,1232.3992919921875,52109624.0,0.0,0.0
2024-06-05,1281.0,1368.0,1160.5999755859375,1354.5999755859375,1336.649169921875,20879925.0,0.0,0.0
2024-06-06,1384.0,1404.0,1344.800048828125,1352.949951171875,1335.02099609375,12153840.0,0.0,0.0
2024-06-07,1357.699951171875,1385.0,1355.050048828125,1378.8499755859375,1360.577880859375,5884018.0,0.0,0.0
2024-06-10,1404.0,1415.3499755859375,1381.25,1384.050048828125,1365.7091064453125,4843234.0,0.0,0.0
2024-06-11,1391.0,1418.800048828125,1384.050048828125,1403.449951171875,1384.8519287109375,4122878.0,0.0,0.0
2024-06-12,1411.75,1414.449951171875,1390.5999755859375,1393.949951171875,1375.477783203125,3258265.0,0.0,0.0
2024-06-13,1403.5999755859375,1411.0,1388.050048828125,1404.449951171875,1385.838623046875,2839159.0,0.0,0.0
2024-06-14,1409.0,1442.0,1395.449951171875,1430.699951171875,1417.7978515625,5651491.0,6.0,0.0
2024-06-18,1447.0,1458.5999755859375,1434.050048828125,1445.0,1431.9688720703125,5651898.0,0.0,0.0
2024-06-19,1446.0,1452.0,1420.449951171875,1448.4000244140625,1435.3382568359375,4484742.0,0.0,0.0
2024-06-20,1459.300048828125,1476.800048828125,1444.0999755859375,1469.4000244140625,1456.1488037109375,4905603.0,0.0,0.0
2024-06-21,1479.949951171875,1498.9000244140625,1470.0,1485.5,1472.1036376953125,25891893.0,0.0,0.0
2024-06-24,1474.8499755859375,1479.6500244140625,1450.199951171875,1460.25,1447.0814208984375,3009931.0,0.0,0.0
2024-06-25,1466.1500244140625,1468.9000244140625,1437.0,1456.1500244140625,1443.0184326171875,3343186.0,0.0,0.0
2024-06-26,1458.9000244140625,1474.5,1451.050048828125,1467.800048828125,1454.5633544921875,3217949.0,0.0,0.0
2024-06-27,1475.5999755859375,1494.0,1459.0,1485.5,1472.1036376953125,7803408.0,0.0,0.0
2024-06-28,1480.0,1494.0,1445.0,1478.0999755859375,1464.7703857421875,11534763.0,0.0,0.0
2024-07-01,1483.0,1491.4000244140625,1471.5999755859375,1474.5,1461.202880859375,3372730.0,0.0,0.0
2024-07-02,1479.5,1489.5999755859375,1455.050048828125,1474.8499755859375,1461.5496826171875,5368562.0,0.0,0.0
2024-07-03,1479.800048828125,1514.0,1470.800048828125,1510.6500244140625,1497.02685546875,4435563.0,0.0,0.0
2024-07-04,1514.6500244140625,1520.0,1494.3499755859375,1503.6500244140625,1490.090087890625,2980840.0,0.0,0.0
2024-07-05,1508.0,1509.5,1493.9000244140625,1500.449951171875,1486.9188232421875,2111633.0,0.0,0.0
2024-07-08,1496.0,1501.050048828125,1469.0,1475.300048828125,1461.99560546875,2177821.0,0.0,0.0
2024-07-09,1480.0,1503.949951171875,1475.0,1478.0,1464.67138671875,2256634.0,0.0,0.0
2024-07-10,1492.0,1494.449951171875,1460.0,1487.800048828125,1474.383056640625,2082079.0,0.0,0.0
2024-07-11,1495.0,1498.5,1477.9000244140625,1483.8499755859375,1470.468505859375,1765496.0,0.0,0.0
2024-07-12,1490.0,1497.0,1481.1500244140625,1486.699951171875,1473.292724609375,2018935.0,0.0,0.0
2024-07-15,1494.0,1505.0,1485.300048828125,1495.050048828125,1481.5675048828125,1913095.0,0.0,0.0
2024-07-16,1496.0,1510.5999755859375,1493.25,1499.050048828125,1485.531494140625,2170314.0,0.0,0.0
2024-07-18,1490.0,1504.25,1472.199951171875,1493.9000244140625,1480.427978515625,3263419.0,0.0,0.0
2024-07-19,1492.550048828125,1502.199951171875,1465.5,1469.300048828125,1456.0498046875,2568243.0,0.0,0.0
2024-07-22,1470.0,1475.0,1442.550048828125,1467.3499755859375,1454.1173095703125,1721261.0,0.0,0.0
2024-07-23,1468.0,1517.0,1419.0,1507.3499755859375,1493.7564697265625,5987213.0,0.0,0.0
2024-07-24,1508.0,1513.550048828125,1480.0,1484.800048828125,1471.4100341796875,2201442.0,0.0,0.0
2024-07-25,1471.0,1499.449951171875,1466.8499755859375,1487.0,1473.590087890625,2211808.0,0.0,0.0
2024-07-26,1495.9000244140625,1547.9000244140625,1490.0,1542.75,1528.8372802734375,4500728.0,0.0,0.0
2024-07-29,1547.9000244140625,1559.0,1540.0,1548.699951171875,1534.733642578125,1928637.0,0.0,0.0
2024-07-30,1554.5999755859375,1556.9000244140625,1536.0,1546.25,1532.3057861328125,2800881.0,0.0,0.0
2024-07-31,1557.0,1577.9000244140625,1547.0,1569.9000244140625,1555.7425537109375,2622023.0,0.0,0.0
2024-08-01,1580.949951171875,1604.949951171875,1568.5,1590.1500244140625,1575.8099365234375,7160588.0,0.0,0.0
2024-08-02,1579.949951171875,1599.699951171875,1550.199951171875,1588.0,1573.6793212890625,4313297.0,0.0,0.0
2024-08-05,1540.0,1563.449951171875,1471.550048828125,1493.8499755859375,1480.37841796875,7147230.0,0.0,0.0
2024-08-06,1524.9000244140625,1539.75,1488.0999755859375,1494.0999755859375,1480.6260986328125,3159971.0,0.0,0.0
2024-08-07,1520.0,1547.8499755859375,1514.199951171875,1543.800048828125,1529.8779296875,2258441.0,0.0,0.0
2024-08-08,1538.0,1556.0,1513.800048828125,1519.0,1505.301513671875,2468123.0,0.0,0.0
2024-08-09,1541.5,1543.5,1519.0,1533.800048828125,1519.9681396484375,1503033.0,0.0,0.0
2024-08-12,1500.0,1524.25,1457.3499755859375,1501.4000244140625,1487.8602294921875,9230512.0,0.0,0.0
2024-08-13,1505.8499755859375,1517.449951171875,1479.5,1483.449951171875,1470.072021484375,2485446.0,0.0,0.0
2024-08-14,1488.0,1488.0,1452.0,1461.949951171875,1448.7659912109375,2648057.0,0.0,0.0
2024-08-16,1471.199951171875,1497.199951171875,1457.050048828125,1493.449951171875,1479.9818115234375,1985315.0,0.0,0.0
2024-08-19,1500.949951171875,1507.0,1490.0,1496.449951171875,1482.954833984375,1343387.0,0.0,0.0
2024-08-20,1504.949951171875,1510.0,1486.300048828125,1492.550048828125,1479.090087890625,990643.0,0.0,0.0
2024-08-21,1499.0999755859375,1517.0,1492.550048828125,1503.5,1489.94140625,1551436.0,0.0,0.0
2024-08-22,1507.0,1509.5,1490.4000244140625,1492.300048828125,1478.8424072265625,1442064.0,0.0,0.0
2024-08-23,1493.0,1503.0,1486.0999755859375,1491.300048828125,1477.851318359375,1181075.0,0.0,0.0
2024-08-26,1495.5,1497.0,1480.0,1482.550048828125,1469.1802978515625,1087057.0,0.0,0.0
2024-08-27,1484.9000244140625,1496.9000244140625,1475.5999755859375,1478.3499755859375,1465.0181884765625,910064.0,0.0,0.0
2024-08-28,1479.4000244140625,1486.4000244140625,1467.0,1469.800048828125,1456.5452880859375,1225101.0,0.0,0.0
2024-08-29,1472.050048828125,1483.0,1452.5999755859375,1476.050048828125,1462.739013671875,3359850.0,0.0,0.0
2024-08-30,1480.949951171875,1487.0,1466.0,1481.9000244140625,1468.5361328125,1996592.0,0.0,0.0
2024-09-02,1490.0,1499.5,1478.800048828125,1494.5,1481.0224609375,2054244.0,0.0,0.0
2024-09-03,1494.5,1498.0999755859375,1476.5999755859375,1479.550048828125,1466.207275390625,882478.0,0.0,0.0
2024-09-04,1472.0,1475.1500244140625,1461.050048828125,1472.0999755859375,1458.824462890625,1122071.0,0.0,0.0
2024-09-05,1476.75,1476.800048828125,1463.0,1465.550048828125,1452.3336181640625,959956.0,0.0,0.0
2024-09-06,1465.5999755859375,1468.75,1427.550048828125,1442.4000244140625,1429.392333984375,3340767.0,0.0,0.0
2024-09-09,1431.0,1441.5999755859375,1411.0,1435.9000244140625,1422.950927734375,1621371.0,0.0,0.0
2024-09-10,1439.0,1464.0,1435.0,1453.4000244140625,1440.2930908203125,1542798.0,0.0,0.0
2024-09-11,1454.949951171875,1457.8499755859375,1425.0999755859375,1430.5999755859375,1417.69873046875,1637596.0,0.0,0.0
2024-09-12,1444.0,1475.0,1440.199951171875,1472.5999755859375,1459.3199462890625,4003674.0,0.0,0.0
2024-09-13,1472.949951171875,1475.6500244140625,1450.0,1452.0999755859375,1439.0048828125,1683544.0,0.0,0.0
2024-09-16,1455.0999755859375,1461.1500244140625,1438.800048828125,1440.699951171875,1427.7076416015625,1673805.0,0.0,0.0
2024-09-17,1442.800048828125,1445.0,1420.0999755859375,1426.5999755859375,1413.73486328125,1321316.0,0.0,0.0
2024-09-18,1430.0,1439.25,1415.050048828125,1428.800048828125,1415.9150390625,1421406.0,0.0,0.0
2024-09-19,1433.0,1438.0,1394.449951171875,1408.199951171875,1395.500732421875,2072872.0,0.0,0.0
2024-09-20,1418.949951171875,1453.050048828125,1409.199951171875,1438.699951171875,1425.7257080078125,4407151.0,0.0,0.0
2024-09-23,1448.0,1458.949951171875,1443.8499755859375,1456.1500244140625,1443.0184326171875,1139915.0,0.0,0.0
2024-09-24,1456.1500244140625,1465.8499755859375,1447.0,1456.6500244140625,1443.513916015625,1537307.0,0.0,0.0
2024-09-25,1459.0,1464.0,1438.199951171875,1452.550048828125,1439.4508056640625,1227806.0,0.0,0.0
2024-09-26,1456.8499755859375,1475.75,1448.0,1472.5999755859375,1459.3199462890625,2066994.0,0.0,0.0
2024-09-27,1485.0,1485.0,1452.449951171875,1456.699951171875,1443.5633544921875,2694100.0,0.0,0.0
2024-09-30,1456.699951171875,1468.75,1444.0,1448.199951171875,1435.1400146484375,2042408.0,0.0,0.0
2024-10-01,1448.199951171875,1472.8499755859375,1448.0,1467.5,1454.2659912109375,1687795.0,0.0,0.0
2024-10-03,1452.75,1469.0,1414.199951171875,1425.199951171875,1412.347412109375,3967953.0,0.0,0.0
2024-10-04,1424.800048828125,1446.4000244140625,1404.199951171875,1413.699951171875,1400.9510498046875,2611371.0,0.0,0.0
2024-10-07,1410.0,1423.9000244140625,1337.0,1355.199951171875,1342.9786376953125,4531821.0,0.0,0.0
2024-10-08,1342.0,1424.3499755859375,1342.0,1418.550048828125,1405.7574462890625,3031170.0,0.0,0.0
2024-10-09,1424.75,1432.949951171875,1404.3499755859375,1408.1500244140625,1395.4512939453125,1507508.0,0.0,0.0
2024-10-10,1417.0,1430.050048828125,1406.8499755859375,1417.199951171875,1404.4195556640625,1628495.0,0.0,0.0
2024-10-11,1415.199951171875,1426.8499755859375,1405.199951171875,1408.25,1395.5504150390625,1158809.0,0.0,0.0
2024-10-14,1418.0,1426.0,1407.1500244140625,1410.300048828125,1397.5819091796875,762384.0,0.0,0.0
2024-10-15,1415.949951171875,1424.699951171875,1407.0,1420.300048828125,1407.49169921875,1018477.0,0.0,0.0
2024-10-16,1418.0,1418.4000244140625,1392.0,1403.800048828125,1391.1405029296875,1450465.0,0.0,0.0
2024-10-17,1403.800048828125,1408.0,1387.550048828125,1394.699951171875,1382.1224365234375,1418861.0,0.0,0.0
2024-10-18,1389.0,1410.550048828125,1376.0,1405.5999755859375,1392.9241943359375,1290065.0,0.0,0.0
2024-10-21,1409.9000244140625,1412.9000244140625,1371.300048828125,1375.5,1363.0955810546875,1644382.0,0.0,0.0
2024-10-22,1374.699951171875,1387.0999755859375,1353.9000244140625,1362.8499755859375,1350.5596923828125,2467299.0,0.0,0.0
2024-10-23,1362.800048828125,1370.800048828125,1335.199951171875,1340.449951171875,1328.361572265625,1916219.0,0.0,0.0
2024-10-24,1345.0,1359.0,1336.199951171875,1354.4000244140625,1342.1859130859375,1115993.0,0.0,0.0
2024-10-25,1360.0,1368.0,1304.1500244140625,1318.699951171875,1306.8077392578125,2078274.0,0.0,0.0
2024-10-28,1326.8499755859375,1364.0999755859375,1303.1500244140625,1352.199951171875,1340.0057373046875,2126411.0,0.0,0.0
2024-10-29,1364.699951171875,1377.449951171875,1322.0,1372.699951171875,1360.3209228515625,3790528.0,0.0,0.0
2024-10-30,1379.949951171875,1414.9000244140625,1358.050048828125,1396.199951171875,1383.60888671875,2526884.0,0.0,0.0
2024-10-31,1407.949951171875,1408.0,1372.0999755859375,1375.949951171875,1363.54150390625,1891761.0,0.0,0.0
2024-11-01,1386.5,1397.949951171875,1378.4000244140625,1394.4000244140625,1381.8253173828125,243881.0,0.0,0.0
2024-11-04,1394.199951171875,1395.0,1336.0,1349.25,1337.0823974609375,1700308.0,0.0,0.0
2024-11-05,1350.0,1353.050048828125,1295.9000244140625,1329.3499755859375,1317.36181640625,4852958.0,0.0,0.0
2024-11-06,1330.0,1382.0,1315.199951171875,1370.0,1357.645263671875,3645515.0,0.0,0.0
2024-11-07,1372.949951171875,1372.949951171875,1350.0,1353.0999755859375,1340.897705078125,1292794.0,0.0,0.0
2024-11-08,1353.0999755859375,1367.300048828125,1338.5999755859375,1362.0999755859375,1349.81640625,1400491.0,0.0,0.0
2024-11-11,1355.0999755859375,1357.949951171875,1339.050048828125,1347.9000244140625,1335.7445068359375,1269498.0,0.0,0.0
2024-11-12,1348.050048828125,1354.800048828125,1320.0,1326.0,1314.0419921875,1038042.0,0.0,0.0
2024-11-13,1322.0,1329.25,1284.8499755859375,1287.9000244140625,1276.28564453125,1437072.0,0.0,0.0
2024-11-14,1289.949951171875,1296.6500244140625,1260.6500244140625,1264.550048828125,1253.146240234375,2963013.0,0.0,0.0
2024-11-18,1264.0,1288.9000244140625,1261.300048828125,1279.300048828125,1267.7633056640625,1445637.0,0.0,0.0
2024-11-19,1285.0,1321.449951171875,1282.0,1289.6500244140625,1278.0198974609375,2631778.0,0.0,0.0
2024-11-21,1160.699951171875,1160.699951171875,995.6500244140624,1114.6500244140625,1104.5980224609375,46926687.0,0.0,0.0
2024-11-22,1072.5999755859375,1155.9000244140625,1054.0,1136.75,1126.498779296875,27086168.0,0.0,0.0
2024-11-25,1185.0,1191.4000244140625,1139.699951171875,1166.800048828125,1156.27783203125,10532688.0,0.0,0.0
2024-11-26,1172.050048828125,1174.449951171875,1119.3499755859375,1128.8499755859375,1118.669921875,5802555.0,0.0,0.0
2024-11-27,1102.0,1231.699951171875,1102.0,1199.949951171875,1189.1287841796875,24434211.0,0.0,0.0
2024-11-28,1196.6500244140625,1226.9000244140625,1163.1500244140625,1167.5999755859375,1157.0704345703125,15602469.0,0.0,0.0
2024-11-29,1175.0,1215.5999755859375,1168.9000244140625,1190.050048828125,1179.318115234375,9412850.0,0.0,0.0
2024-12-02,1201.9000244140625,1220.9000244140625,1189.4000244140625,1215.800048828125,1204.8359375,6941125.0,0.0,0.0
2024-12-03,1226.949951171875,1309.5,1220.0,1288.6500244140625,1277.02880859375,16753958.0,0.0,0.0
2024-12-04,1301.0,1301.0,1262.0,1269.550048828125,1258.1011962890625,4874025.0,0.0,0.0
2024-12-05,1274.0,1284.800048828125,1254.199951171875,1277.050048828125,1265.533447265625,4369917.0,0.0,0.0
2024-12-06,1279.0,1282.5,1256.0999755859375,1259.050048828125,1247.69580078125,2232531.0,0.0,0.0
2024-12-09,1257.800048828125,1277.550048828125,1249.0,1266.8499755859375,1255.4254150390625,2849557.0,0.0,0.0
2024-12-10,1272.9000244140625,1272.9000244140625,1244.4000244140625,1248.75,1237.4886474609375,2406907.0,0.0,0.0
2024-12-11,1254.0999755859375,1258.3499755859375,1230.75,1233.800048828125,1222.673583984375,2595435.0,0.0,0.0
2024-12-12,1233.800048828125,1268.0,1223.449951171875,1244.0,1232.781494140625,5457302.0,0.0,0.0
2024-12-13,1241.949951171875,1262.0,1230.0,1259.949951171875,1248.587646484375,2818291.0,0.0,0.0
2024-12-16,1258.0,1261.8499755859375,1240.949951171875,1243.1500244140625,1231.939208984375,1337624.0,0.0,0.0
2024-12-17,1235.0999755859375,1259.5,1229.050048828125,1231.9000244140625,1220.7906494140625,2684726.0,0.0,0.0
2024-12-18,1236.0,1238.9000244140625,1207.25,1210.050048828125,1199.1378173828125,1931870.0,0.0,0.0
2024-12-19,1187.5,1209.0,1185.0,1205.0,1194.1331787109375,1541271.0,0.0,0.0
2024-12-20,1205.0,1215.9000244140625,1176.199951171875,1182.449951171875,1171.78662109375,3045185.0,0.0,0.0
2024-12-23,1189.949951171875,1199.0,1174.25,1191.800048828125,1181.05224609375,1540796.0,0.0,0.0
2024-12-24,1198.0,1203.0999755859375,1180.0,1182.199951171875,1171.538818359375,1380778.0,0.0,0.0
2024-12-26,1187.0,1249.0,1182.550048828125,1243.949951171875,1232.73193359375,3827047.0,0.0,0.0
2024-12-27,1248.449951171875,1250.949951171875,1225.75,1230.699951171875,1219.6014404296875,2595142.0,0.0,0.0
2024-12-30,1233.75,1258.800048828125,1212.0,1218.5,1207.511474609375,8312636.0,0.0,0.0
2024-12-31,1222.0,1236.800048828125,1208.1500244140625,1231.0999755859375,1219.997802734375,1717204.0,0.0,0.0
2025-01-01,1223.0,1231.800048828125,1206.3499755859375,1218.699951171875,1207.7095947265625,1937930.0,0.0,0.0
2025-01-02,1223.800048828125,1228.4000244140625,1208.0999755859375,1226.0,1214.94384765625,3772207.0,0.0,0.0
2025-01-03,1234.5,1237.5999755859375,1197.0,1199.550048828125,1188.732421875,3040564.0,0.0,0.0
2025-01-06,1199.550048828125,1200.9000244140625,1158.050048828125,1163.050048828125,1152.5615234375,2298522.0,0.0,0.0
2025-01-07,1163.050048828125,1182.1500244140625,1162.050048828125,1174.0,1163.412841796875,2010913.0,0.0,0.0
2025-01-08,1183.550048828125,1183.550048828125,1141.0999755859375,1152.300048828125,1141.9085693359375,2900996.0,0.0,0.0
2025-01-09,1156.699951171875,1156.699951171875,1129.949951171875,1132.3499755859375,1122.138427734375,1884725.0,0.0,0.0
2025-01-10,1134.9000244140625,1137.4000244140625,1106.300048828125,1112.199951171875,1102.1700439453125,1902237.0,0.0,0.0
2025-01-13,1100.9000244140625,1106.449951171875,1058.949951171875,1066.6500244140625,1057.0308837890625,2273302.0,0.0,0.0
2025-01-14,1078.8499755859375,1131.4000244140625,1075.050048828125,1117.0999755859375,1107.02587890625,6277854.0,0.0,0.0
2025-01-15,1125.0,1141.949951171875,1118.5,1128.9000244140625,1118.7196044921875,3135942.0,0.0,0.0
2025-01-16,1179.949951171875,1190.0,1145.4000244140625,1150.75,1140.3724365234375,3997547.0,0.0,0.0
2025-01-17,1163.0,1173.6500244140625,1145.5,1163.5,1153.0074462890625,2464355.0,0.0,0.0
2025-01-20,1172.0,1172.0,1146.5,1148.699951171875,1138.3409423828125,1312101.0,0.0,0.0
2025-01-21,1150.0,1154.25,1104.0,1106.199951171875,1096.22412109375,3134022.0,0.0,0.0
2025-01-22,1115.5,1118.050048828125,1080.449951171875,1102.25,1092.309814453125,1906032.0,0.0,0.0
2025-01-23,1102.25,1114.25,1089.6500244140625,1104.0,1094.0440673828125,1968815.0,0.0,0.0
2025-01-24,1104.1500244140625,1115.0,1088.25,1094.1500244140625,1084.2828369140625,2400140.0,0.0,0.0
2025-01-27,1085.0999755859375,1093.5999755859375,1067.550048828125,1082.0,1072.242431640625,2371555.0,0.0,0.0
2025-01-28,1087.0,1096.6500244140625,1061.25,1080.699951171875,1070.9542236328125,2404643.0,0.0,0.0
2025-01-29,1085.0,1102.8499755859375,1074.5,1096.949951171875,1087.0576171875,4603700.0,0.0,0.0
2025-01-30,1103.9000244140625,1118.5,1010.75,1077.050048828125,1067.337158203125,14097862.0,0.0,0.0
2025-01-31,1085.0,1109.25,1074.0,1099.3499755859375,1089.4359130859375,4659891.0,0.0,0.0
2025-02-01,1105.9000244140625,1117.5,1063.0,1084.0999755859375,1074.323486328125,4919797.0,0.0,0.0
2025-02-03,1084.0,1094.0,1055.0,1084.8499755859375,1075.0667724609375,3961203.0,0.0,0.0
2025-02-04,1100.0,1127.9000244140625,1091.75,1125.0999755859375,1114.9537353515625,4071098.0,0.0,0.0
2025-02-05,1126.0,1154.9000244140625,1123.550048828125,1144.3499755859375,1134.0301513671875,2979646.0,0.0,0.0
2025-02-06,1155.5999755859375,1169.4000244140625,1140.0999755859375,1164.050048828125,1153.5526123046875,6263278.0,0.0,0.0
2025-02-07,1160.0,1175.6500244140625,1132.800048828125,1146.0999755859375,1135.7642822265625,4079540.0,0.0,0.0
2025-02-10,1150.0,1158.8499755859375,1127.25,1144.199951171875,1133.881591796875,2415627.0,0.0,0.0
2025-02-11,1144.199951171875,1160.0,1114.050048828125,1140.0999755859375,1129.818359375,4901591.0,0.0,0.0
2025-02-12,1140.0,1144.199951171875,1098.949951171875,1128.949951171875,1118.76904296875,2862155.0,0.0,0.0
2025-02-13,1133.800048828125,1151.6500244140625,1106.050048828125,1111.550048828125,1101.5260009765625,3763868.0,0.0,0.0
2025-02-14,1120.0,1120.0,1042.1500244140625,1062.699951171875,1053.116455078125,4565339.0,0.0,0.0
2025-02-17,1058.949951171875,1089.300048828125,1040.0,1082.9000244140625,1073.1343994140625,2518527.0,0.0,0.0
2025-02-18,1082.9000244140625,1087.9000244140625,1061.949951171875,1085.1500244140625,1075.3641357421875,1715308.0,0.0,0.0
2025-02-19,1061.5999755859375,1091.699951171875,1054.550048828125,1082.8499755859375,1073.0848388671875,1792268.0,0.0,0.0
2025-02-20,1074.199951171875,1126.0,1074.0,1111.699951171875,1101.674560546875,3714173.0,0.0,0.0
2025-02-21,1111.699951171875,1119.0999755859375,1080.0,1083.25,1073.481201171875,2360177.0,0.0,0.0
2025-02-24,1083.25,1083.25,1065.699951171875,1070.4000244140625,1060.7470703125,1669749.0,0.0,0.0
2025-02-25,1074.5999755859375,1091.4000244140625,1067.75,1080.3499755859375,1070.6072998046875,1665355.0,0.0,0.0
2025-02-27,1083.0,1087.949951171875,1069.0999755859375,1078.949951171875,1069.219970703125,1819078.0,0.0,0.0
2025-02-28,1074.0,1082.9000244140625,1059.199951171875,1069.4000244140625,1059.756103515625,2849138.0,0.0,0.0
2025-03-03,1074.949951171875,1081.0,1040.5999755859375,1053.050048828125,1043.5535888671875,2274285.0,0.0,0.0
2025-03-04,1047.949951171875,1063.0,1036.5,1057.949951171875,1048.4093017578125,1788886.0,0.0,0.0
2025-03-05,1056.800048828125,1118.6500244140625,1055.0,1112.699951171875,1102.6656494140625,3785743.0,0.0,0.0
2025-03-06,1118.199951171875,1148.75,1101.8499755859375,1136.199951171875,1125.95361328125,4020627.0,0.0,0.0
2025-03-07,1136.199951171875,1156.949951171875,1134.0999755859375,1144.5,1134.1788330078125,2211623.0,0.0,0.0
2025-03-10,1146.0,1168.6500244140625,1136.949951171875,1142.9000244140625,1132.59326171875,2430740.0,0.0,0.0
2025-03-11,1137.300048828125,1145.9000244140625,1124.4000244140625,1135.0,1124.7645263671875,2399428.0,0.0,0.0
2025-03-12,1139.0,1155.1500244140625,1105.0,1128.300048828125,1118.125,2842848.0,0.0,0.0
2025-03-13,1135.0,1139.449951171875,1115.050048828125,1119.199951171875,1109.10693359375,1358839.0,0.0,0.0
2025-03-17,1114.800048828125,1148.550048828125,1111.199951171875,1137.1500244140625,1126.8951416015625,1489537.0,0.0,0.0
2025-03-18,1137.1500244140625,1137.1500244140625,1137.1500244140625,1137.1500244140625,1126.8951416015625,0.0,0.0,0.0
2025-03-19,1160.0,1184.5,1158.800048828125,1173.5,1162.917236328125,2416781.0,0.0,0.0
2025-03-20,1185.0,1186.949951171875,1161.199951171875,1177.449951171875,1166.83154296875,1919013.0,0.0,0.0
2025-03-21,1182.0,1202.550048828125,1172.050048828125,1188.800048828125,1178.079345703125,3127446.0,0.0,0.0
2025-03-24,1196.0,1210.8499755859375,1186.050048828125,1200.800048828125,1189.97119140625,2135192.0,0.0,0.0
2025-03-25,1205.0,1209.0999755859375,1174.550048828125,1182.449951171875,1171.78662109375,2090037.0,0.0,0.0
2025-03-26,1183.0,1202.199951171875,1173.050048828125,1181.5999755859375,1170.9442138671875,1676081.0,0.0,0.0
2025-03-27,1182.0,1212.0,1175.0,1196.75,1185.9576416015625,2004036.0,0.0,0.0
2025-03-28,1197.699951171875,1205.0,1175.199951171875,1182.949951171875,1172.281982421875,1670913.0,0.0,0.0
2025-04-01,1179.0,1202.0,1168.050048828125,1174.75,1164.156005859375,1584541.0,0.0,0.0
2025-04-02,1182.4000244140625,1198.949951171875,1167.3499755859375,1195.449951171875,1184.6693115234375,1232853.0,0.0,0.0
2025-04-03,1170.25,1205.800048828125,1170.25,1199.9000244140625,1189.079345703125,1300511.0,0.0,0.0
2025-04-04,1196.0,1200.0999755859375,1143.0,1148.3499755859375,1137.994140625,1785093.0,0.0,0.0
2025-04-07,1049.949951171875,1119.0,1041.5,1110.6500244140625,1100.6341552734375,2192949.0,0.0,0.0
2025-04-08,1135.0,1155.6500244140625,1111.050048828125,1131.3499755859375,1121.1473388671875,2423486.0,0.0,0.0
2025-04-09,1133.8499755859375,1135.5999755859375,1112.0,1131.800048828125,1121.5933837890625,1537177.0,0.0,0.0
2025-04-11,1163.0,1170.300048828125,1148.0,1164.550048828125,1154.048095703125,3536245.0,0.0,0.0
2025-04-15,1200.0,1225.9000244140625,1179.0,1210.800048828125,1199.8809814453125,3176522.0,0.0,0.0
2025-04-16,1210.0,1235.5,1201.5999755859375,1232.9000244140625,1221.7816162109375,1909731.0,0.0,0.0
2025-04-17,1232.9000244140625,1282.5,1218.5999755859375,1259.4000244140625,1248.042724609375,4280765.0,0.0,0.0
2025-04-21,1259.4000244140625,1260.0,1209.4000244140625,1243.0999755859375,1231.8895263671875,6049182.0,0.0,0.0
2025-04-22,1249.5999755859375,1255.5999755859375,1227.0,1233.199951171875,1222.078857421875,2932537.0,0.0,0.0
2025-04-23,1240.0999755859375,1242.800048828125,1216.800048828125,1239.0999755859375,1227.9256591796875,2580999.0,0.0,0.0
2025-04-24,1238.0,1248.0,1231.5999755859375,1236.4000244140625,1225.2501220703125,2133285.0,0.0,0.0
2025-04-25,1236.300048828125,1243.4000244140625,1181.199951171875,1193.0,1182.241455078125,3628854.0,0.0,0.0
2025-04-28,1188.0999755859375,1214.699951171875,1184.0999755859375,1209.9000244140625,1198.9891357421875,2646406.0,0.0,0.0
2025-04-29,1212.0,1223.9000244140625,1202.5,1216.4000244140625,1205.430419921875,2381980.0,0.0,0.0
2025-04-30,1215.0999755859375,1226.5,1203.9000244140625,1216.5,1205.529541015625,1824334.0,0.0,0.0
2025-05-02,1255.0,1295.0,1242.699951171875,1263.0999755859375,1251.709228515625,10694521.0,0.0,0.0
2025-05-05,1290.0,1377.0,1285.699951171875,1347.0999755859375,1334.9517822265625,14191797.0,0.0,0.0
2025-05-06,1350.0,1356.300048828125,1315.0,1320.800048828125,1308.888916015625,3604276.0,0.0,0.0
2025-05-07,1298.800048828125,1341.300048828125,1298.699951171875,1338.199951171875,1326.1319580078125,3269847.0,0.0,0.0
2025-05-08,1340.0,1366.9000244140625,1316.4000244140625,1333.0999755859375,1321.0780029296875,5077662.0,0.0,0.0
2025-05-09,1300.0,1324.9000244140625,1292.5999755859375,1306.300048828125,1294.519775390625,2979366.0,0.0,0.0
2025-05-12,1360.0,1375.0,1345.5,1362.0999755859375,1349.81640625,3662785.0,0.0,0.0
2025-05-13,1360.5999755859375,1391.9000244140625,1347.0999755859375,1369.199951171875,1356.8524169921875,3356599.0,0.0,0.0
2025-05-14,1380.0,1381.9000244140625,1362.0,1371.800048828125,1359.4290771484375,1557379.0,0.0,0.0
2025-05-15,1375.5999755859375,1409.9000244140625,1371.9000244140625,1406.199951171875,1393.518798828125,3706424.0,0.0,0.0
2025-05-16,1410.9000244140625,1424.9000244140625,1401.0,1407.4000244140625,1394.7080078125,2777119.0,0.0,0.0
2025-05-19,1407.5,1410.5999755859375,1392.0,1398.300048828125,1385.690185546875,1317210.0,0.0,0.0
2025-05-20,1399.0,1407.300048828125,1381.4000244140625,1384.5999755859375,1372.1136474609375,2970441.0,0.0,0.0
2025-05-21,1380.0,1391.0,1370.199951171875,1384.5999755859375,1372.1136474609375,1993690.0,0.0,0.0
2025-05-22,1380.0999755859375,1408.0,1358.5999755859375,1371.4000244140625,1359.0325927734375,3186493.0,0.0,0.0
2025-05-23,1383.0999755859375,1398.5,1375.0,1395.4000244140625,1382.816162109375,1715309.0,0.0,0.0
2025-05-26,1395.800048828125,1410.5999755859375,1394.800048828125,1400.199951171875,1387.5728759765625,1024835.0,0.0,0.0
2025-05-27,1397.0,1419.0,1385.4000244140625,1404.199951171875,1391.536865234375,2571237.0,0.0,0.0
2025-05-28,1405.0,1427.800048828125,1403.0,1411.0,1398.2755126953125,2035398.0,0.0,0.0
2025-05-29,1421.0,1441.0,1410.5,1438.5999755859375,1425.6265869140625,1662886.0,0.0,0.0
2025-05-30,1442.0,1457.5,1428.800048828125,1432.800048828125,1419.8790283203125,2575127.0,0.0,0.0
2025-06-02,1432.800048828125,1482.0,1425.300048828125,1468.0,1454.761474609375,3164701.0,0.0,0.0
2025-06-03,1470.0,1472.0,1426.699951171875,1432.300048828125,1419.383544921875,3677200.0,0.0,0.0
2025-06-04,1432.300048828125,1441.0999755859375,1423.0999755859375,1436.199951171875,1423.248291015625,1446972.0,0.0,0.0
2025-06-05,1443.800048828125,1467.699951171875,1438.0,1456.699951171875,1443.5633544921875,2019939.0,0.0,0.0
2025-06-06,1456.699951171875,1478.9000244140625,1453.699951171875,1471.699951171875,1458.4281005859375,1269864.0,0.0,0.0
2025-06-09,1482.0,1484.0,1463.0999755859375,1467.0999755859375,1453.8695068359375,1493331.0,0.0,0.0
2025-06-10,1472.0,1494.0,1469.800048828125,1473.800048828125,1460.50927734375,2125187.0,0.0,0.0
2025-06-11,1473.800048828125,1476.0,1448.800048828125,1456.4000244140625,1443.26611328125,2192673.0,0.0,0.0
2025-06-12,1459.800048828125,1465.5999755859375,1440.0999755859375,1445.800048828125,1432.76171875,2192452.0,0.0,0.0
2025-06-13,1405.0,1423.800048828125,1397.0999755859375,1405.0,1399.103515625,3380550.0,7.0,0.0
2025-06-16,1389.0,1411.199951171875,1375.0,1400.5999755859375,1394.7220458984375,2823300.0,0.0,0.0
2025-06-17,1400.5,1414.800048828125,1384.0,1392.300048828125,1386.4569091796875,1571621.0,0.0,0.0
2025-06-18,1387.0,1395.199951171875,1365.199951171875,1372.5999755859375,1366.8394775390625,1732093.0,0.0,0.0
2025-06-19,1370.5,1372.5999755859375,1331.5999755859375,1338.0,1332.384765625,2950283.0,0.0,0.0
2025-06-20,1338.0,1356.699951171875,1334.5999755859375,1349.300048828125,1343.6373291015625,4541583.0,0.0,0.0
2025-06-23,1341.0,1364.9000244140625,1335.699951171875,1354.800048828125,1349.1142578125,3921155.0,0.0,0.0
2025-06-24,1395.0999755859375,1418.699951171875,1385.0999755859375,1389.5,1383.6685791015625,7635176.0,0.0,0.0
2025-06-25,1399.699951171875,1404.0,1385.5,1393.0999755859375,1387.25341796875,1915989.0,0.0,0.0
2025-06-26,1399.0,1433.0,1395.199951171875,1429.300048828125,1423.3016357421875,2877806.0,0.0,0.0
2025-06-27,1434.9000244140625,1456.800048828125,1427.0,1440.199951171875,1434.15576171875,2888390.0,0.0,0.0
2025-06-30,1440.800048828125,1453.5,1432.699951171875,1450.199951171875,1444.11376953125,1586196.0,0.0,0.0
2025-07-01,1450.300048828125,1459.800048828125,1442.0,1447.0,1440.92724609375,2134736.0,0.0,0.0
2025-07-02,1458.0,1458.0,1440.0,1443.9000244140625,1437.84033203125,1219600.0,0.0,0.0
2025-07-03,1444.0,1451.0999755859375,1426.699951171875,1431.0999755859375,1425.093994140625,978007.0,0.0,0.0
2025-07-04,1432.0,1439.9000244140625,1416.5999755859375,1424.4000244140625,1418.422119140625,608462.0,0.0,0.0
2025-07-07,1424.4000244140625,1437.800048828125,1417.0,1435.5999755859375,1429.5750732421875,764520.0,0.0,0.0
2025-07-08,1438.0,1449.9000244140625,1430.0,1448.5,1442.4210205078125,824935.0,0.0,0.0
2025-07-09,1448.4000244140625,1455.800048828125,1438.300048828125,1443.0,1436.944091796875,1008636.0,0.0,0.0
2025-07-10,1444.0,1450.199951171875,1437.199951171875,1443.0999755859375,1437.0435791015625,1035509.0,0.0,0.0
2025-07-11,1444.0,1453.9000244140625,1428.300048828125,1431.699951171875,1425.69140625,819864.0,0.0,0.0
2025-07-14,1432.0,1446.5,1426.0999755859375,1433.0,1426.986083984375,718442.0,0.0,0.0
2025-07-15,1434.4000244140625,1449.300048828125,1429.0,1445.0999755859375,1439.0352783203125,735108.0,0.0,0.0
2025-07-16,1447.5,1474.0,1442.9000244140625,1456.699951171875,1450.5865478515625,2488981.0,0.0,0.0
2025-07-17,1455.0,1464.0,1448.9000244140625,1452.5,1446.4041748046875,1168071.0,0.0,0.0
2025-07-18,1452.4000244140625,1456.5,1429.0999755859375,1443.0999755859375,1437.0435791015625,1147990.0,0.0,0.0
2025-07-21,1442.0999755859375,1453.0999755859375,1430.0,1450.5,1444.41259765625,815780.0,0.0,0.0
2025-07-22,1454.5,1454.5,1417.0999755859375,1420.699951171875,1414.7376708984375,976668.0,0.0,0.0
2025-07-23,1430.0,1438.5,1419.0,1420.800048828125,1414.8372802734375,740816.0,0.0,0.0
2025-07-24,1423.199951171875,1426.0,1405.0,1411.5999755859375,1405.67578125,598011.0,0.0,0.0
2025-07-25,1411.699951171875,1416.699951171875,1390.0,1396.300048828125,1390.4400634765625,744410.0,0.0,0.0
2025-07-28,1396.300048828125,1404.0999755859375,1373.5,1376.0,1370.2252197265625,790020.0,0.0,0.0
2025-07-29,1376.0,1398.699951171875,1373.5999755859375,1395.9000244140625,1390.041748046875,782760.0,0.0,0.0
2025-07-30,1398.800048828125,1403.0999755859375,1391.5,1394.0,1388.149658203125,627316.0,0.0,0.0
2025-07-31,1382.0999755859375,1395.800048828125,1370.300048828125,1373.0999755859375,1367.33740234375,1412892.0,0.0,0.0
2025-08-01,1371.0,1375.9000244140625,1342.800048828125,1347.0999755859375,1341.446533203125,1239941.0,0.0,0.0
2025-08-04,1349.800048828125,1397.0,1345.199951171875,1388.9000244140625,1383.0711669921875,1368323.0,0.0,0.0
2025-08-05,1392.0,1394.199951171875,1346.0,1358.0999755859375,1352.400390625,3000067.0,0.0,0.0
2025-08-06,1374.0,1386.9000244140625,1358.0999755859375,1367.0999755859375,1361.362548828125,2293293.0,0.0,0.0
2025-08-07,1351.0,1357.9000244140625,1315.0,1345.4000244140625,1339.753662109375,2857406.0,0.0,0.0
2025-08-08,1345.4000244140625,1356.9000244140625,1317.699951171875,1325.0,1319.4393310546875,1561061.0,0.0,0.0
2025-08-11,1325.0,1348.300048828125,1313.699951171875,1339.4000244140625,1333.7789306640625,2053173.0,0.0,0.0
2025-08-12,1342.0,1349.5999755859375,1328.199951171875,1330.5,1324.916259765625,1260241.0,0.0,0.0
2025-08-13,1335.199951171875,1339.300048828125,1316.5999755859375,1319.5999755859375,1314.0618896484375,1205658.0,0.0,0.0
2025-08-14,1324.800048828125,1329.0,1290.5,1300.300048828125,1294.843017578125,2298528.0,0.0,0.0
2025-08-18,1321.9000244140625,1332.0,1295.0,1327.199951171875,1321.6300048828125,10225114.0,0.0,0.0
2025-08-19,1332.0,1371.699951171875,1325.0,1369.4000244140625,1363.6529541015625,3150673.0,0.0,0.0
2025-08-20,1369.4000244140625,1374.5999755859375,1358.0,1370.5999755859375,1364.847900390625,1594619.0,0.0,0.0
2025-08-21,1371.0999755859375,1377.800048828125,1355.300048828125,1361.800048828125,1356.0848388671875,1227167.0,0.0,0.0
2025-08-22,1364.0,1364.0,1338.199951171875,1341.199951171875,1335.5712890625,1210284.0,0.0,0.0
2025-08-25,1341.300048828125,1348.9000244140625,1332.5,1340.4000244140625,1334.774658203125,1214246.0,0.0,0.0
2025-08-26,1335.199951171875,1339.9000244140625,1310.0,1315.4000244140625,1309.879638671875,1652272.0,0.0,0.0
2025-08-28,1316.9000244140625,1338.800048828125,1311.199951171875,1315.4000244140625,1309.879638671875,1785681.0,0.0,0.0
2025-08-29,1318.0,1322.9000244140625,1303.0,1312.800048828125,1307.29052734375,1592903.0,0.0,0.0
2025-09-01,1318.300048828125,1338.5,1316.0999755859375,1335.300048828125,1329.6961669921875,983914.0,0.0,0.0
2025-09-02,1340.9000244140625,1348.800048828125,1328.199951171875,1336.199951171875,1330.59228515625,1495993.0,0.0,0.0
2025-09-03,1338.0,1344.800048828125,1327.5999755859375,1332.4000244140625,1326.8082275390625,1774676.0,0.0,0.0
2025-09-04,1338.0,1348.0,1326.0,1328.199951171875,1322.6258544921875,1350147.0,0.0,0.0
2025-09-05,1330.0,1335.699951171875,1312.800048828125,1321.800048828125,1316.2528076171875,1135666.0,0.0,0.0
2025-09-08,1321.9000244140625,1363.4000244140625,1321.9000244140625,1348.300048828125,1342.6416015625,1445628.0,0.0,0.0
2025-09-09,1354.699951171875,1385.0,1348.300048828125,1380.9000244140625,1375.104736328125,3515252.0,0.0,0.0
2025-09-10,1400.0,1404.9000244140625,1385.0,1389.0999755859375,1383.270263671875,2553605.0,0.0,0.0
2025-09-11,1404.9000244140625,1423.0999755859375,1388.0,1393.0999755859375,1387.25341796875,4041646.0,0.0,0.0
2025-09-12,1395.5,1406.5,1391.0999755859375,1393.0999755859375,1387.25341796875,1466190.0,0.0,0.0
2025-09-15,1393.0999755859375,1409.0,1392.199951171875,1395.199951171875,1389.3446044921875,1254831.0,0.0,0.0
2025-09-16,1400.0,1412.5999755859375,1396.5999755859375,1408.199951171875,1402.2900390625,1636246.0,0.0,0.0
2025-09-17,1410.0,1413.0999755859375,1396.199951171875,1406.0999755859375,1400.1988525390625,1062568.0,0.0,0.0
2025-09-18,1410.0,1415.0,1401.0,1412.800048828125,1406.870849609375,1416920.0,0.0,0.0
2025-09-19,1447.800048828125,1460.0,1425.0,1427.800048828125,1421.807861328125,8069167.0,0.0,0.0
2025-09-22,1433.0,1461.699951171875,1425.0,1444.199951171875,1438.1390380859375,5490489.0,0.0,0.0
2025-09-23,1453.0,1455.0,1423.0999755859375,1441.5999755859375,1435.5499267578125,2550337.0,0.0,0.0
2025-09-24,1445.0,1452.4000244140625,1429.0999755859375,1431.5999755859375,1425.5919189453125,2603193.0,0.0,0.0
2025-09-25,1431.699951171875,1439.9000244140625,1404.0999755859375,1407.199951171875,1401.2943115234375,1970560.0,0.0,0.0
2025-09-26,1407.199951171875,1416.699951171875,1390.300048828125,1392.0,1386.1580810546875,1899079.0,0.0,0.0
2025-09-29,1393.5999755859375,1401.300048828125,1377.5999755859375,1383.199951171875,1377.39501953125,1978395.0,0.0,0.0
2025-09-30,1389.699951171875,1408.0,1387.199951171875,1403.5,1397.60986328125,1999250.0,0.0,0.0
2025-10-01,1406.0,1426.9000244140625,1392.699951171875,1422.699951171875,1416.729248046875,1602493.0,0.0,0.0
2025-10-03,1413.0,1431.0,1412.5,1419.0999755859375,1413.1444091796875,1576970.0,0.0,0.0
2025-10-06,1419.0999755859375,1419.0999755859375,1395.0,1400.5,1394.6224365234375,1338654.0,0.0,0.0
2025-10-07,1400.800048828125,1415.0,1397.300048828125,1399.5,1393.6265869140625,1608151.0,0.0,0.0
2025-10-08,1399.4000244140625,1411.0999755859375,1386.0,1394.300048828125,1388.448486328125,1704405.0,0.0,0.0
2025-10-09,1394.5,1399.800048828125,1388.4000244140625,1395.5999755859375,1389.742919921875,1250770.0,0.0,0.0
2025-10-10,1400.5,1418.0,1395.699951171875,1409.4000244140625,1403.485107421875,1359246.0,0.0,0.0
2025-10-13,1400.800048828125,1441.9000244140625,1396.0,1437.800048828125,1431.7659912109375,2245061.0,0.0,0.0
2025-10-14,1440.0,1442.199951171875,1422.0,1429.0,1423.0028076171875,2640234.0,0.0,0.0
2025-10-15,1430.0,1456.300048828125,1430.0,1450.699951171875,1444.6116943359375,2675240.0,0.0,0.0
2025-10-16,1454.0,1490.5,1453.0,1479.5,1473.2908935546875,6512312.0,0.0,0.0
2025-10-17,1479.5,1489.0,1462.5,1479.4000244140625,1473.1912841796875,3290072.0,0.0,0.0
2025-10-20,1488.0,1489.0,1459.0999755859375,1467.0,1460.8433837890625,2660484.0,0.0,0.0
2025-10-21,1477.0,1481.5,1470.0,1473.5,1467.3160400390625,394024.0,0.0,0.0
2025-10-23,1478.800048828125,1483.5,1450.300048828125,1453.0999755859375,1447.001708984375,2999137.0,0.0,0.0
2025-10-24,1463.0,1463.5,1422.300048828125,1429.0,1423.0028076171875,1907383.0,0.0,0.0
2025-10-27,1429.0,1429.800048828125,1410.0,1420.5999755859375,1414.6380615234375,2280976.0,0.0,0.0
2025-10-28,1425.9000244140625,1435.0,1410.0,1417.9000244140625,1411.949462890625,2068057.0,0.0,0.0
2025-10-29,1424.0999755859375,1464.800048828125,1421.5999755859375,1454.800048828125,1448.694580078125,3578596.0,0.0,0.0
2025-10-30,1458.0,1463.0,1449.5999755859375,1457.9000244140625,1451.7816162109375,1380931.0,0.0,0.0
2025-10-31,1457.9000244140625,1461.699951171875,1443.0,1451.5,1445.408447265625,1141853.0,0.0,0.0
2025-11-03,1451.5,1457.4000244140625,1435.300048828125,1444.699951171875,1438.6368408203125,1059573.0,0.0,0.0
2025-11-04,1449.5999755859375,1466.300048828125,1432.0,1444.4000244140625,1438.3382568359375,3554714.0,0.0,0.0
2025-11-06,1452.0999755859375,1466.300048828125,1434.300048828125,1436.800048828125,1430.7701416015625,2745063.0,0.0,0.0
2025-11-07,1435.0,1464.0,1425.0,1448.300048828125,1442.221923828125,2184538.0,0.0,0.0
2025-11-10,1452.199951171875,1463.9000244140625,1441.0,1444.9000244140625,1438.836181640625,1161695.0,0.0,0.0
2025-11-11,1453.0,1476.0,1437.800048828125,1474.4000244140625,1468.2122802734375,2258827.0,0.0,0.0
2025-11-12,1477.0,1515.0,1475.5,1506.9000244140625,1500.575927734375,4641466.0,0.0,0.0
2025-11-13,1515.0,1515.0,1487.800048828125,1499.0,1492.7091064453125,2304918.0,0.0,0.0
2025-11-14,1500.0,1523.5999755859375,1497.0,1512.699951171875,1506.3515625,2345593.0,0.0,0.0
2025-11-17,1518.9000244140625,1519.0,1503.0,1507.5999755859375,1501.27294921875,1750560.0,0.0,0.0
2025-11-18,1518.9000244140625,1518.9000244140625,1490.199951171875,1495.0,1488.725830078125,1818617.0,0.0,0.0
2025-11-19,1499.0,1499.5,1478.0,1484.199951171875,1477.9710693359375,1746304.0,0.0,0.0
2025-11-20,1500.0,1505.0,1487.5999755859375,1491.0999755859375,1484.8421630859375,1459401.0,0.0,0.0
2025-11-21,1492.0,1492.300048828125,1467.0999755859375,1479.800048828125,1473.5897216796875,1165365.0,0.0,0.0
2025-11-24,1482.0,1490.199951171875,1471.300048828125,1485.9000244140625,1479.6640625,2485518.0,0.0,0.0
2025-11-25,1490.0,1492.4000244140625,1474.5,1483.9000244140625,1477.6724853515625,1355333.0,0.0,0.0
2025-11-26,1484.300048828125,1523.0,1484.300048828125,1506.199951171875,1499.8787841796875,3986754.0,0.0,0.0
2025-11-27,1511.800048828125,1513.9000244140625,1501.0,1509.0999755859375,1502.7666015625,861910.0,0.0,0.0
2025-11-28,1510.0,1534.300048828125,1503.0999755859375,1516.9000244140625,1510.533935546875,2612938.0,0.0,0.0
2025-12-01,1530.0,1549.0,1523.0,1530.5,1524.076904296875,4059126.0,0.0,0.0
2025-12-02,1528.0999755859375,1530.0,1510.0,1518.0999755859375,1511.7288818359375,1974536.0,0.0,0.0
2025-12-03,1514.0,1524.0,1488.5999755859375,1497.699951171875,1491.4144287109375,1958074.0,0.0,0.0
2025-12-04,1497.699951171875,1509.0999755859375,1490.199951171875,1505.5999755859375,1499.2813720703125,1591805.0,0.0,0.0
2025-12-05,1504.5999755859375,1514.0,1493.300048828125,1509.4000244140625,1503.0654296875,1141428.0,0.0,0.0
2025-12-08,1509.4000244140625,1510.9000244140625,1472.5999755859375,1480.5,1474.2867431640625,1070689.0,0.0,0.0
2025-12-09,1476.9000244140625,1499.199951171875,1460.9000244140625,1497.199951171875,1490.91650390625,1327921.0,0.0,0.0
2025-12-10,1500.0,1521.0,1493.5999755859375,1498.0999755859375,1491.812744140625,1677388.0,0.0,0.0
2025-12-11,1496.0,1515.0,1495.0,1504.0,1497.6881103515625,1451645.0,0.0,0.0
2025-12-12,1512.0,1527.4000244140625,1509.5,1522.800048828125,1516.4091796875,1152570.0,0.0,0.0
2025-12-15,1522.800048828125,1522.800048828125,1508.0999755859375,1512.5999755859375,1506.251953125,850425.0,0.0,0.0
2025-12-16,1512.5999755859375,1512.5999755859375,1494.199951171875,1499.0,1492.7091064453125,1122212.0,0.0,0.0
2025-12-17,1494.0999755859375,1500.0,1479.300048828125,1486.300048828125,1480.0623779296875,964352.0,0.0,0.0
2025-12-18,1486.4000244140625,1498.0,1476.0,1495.699951171875,1489.4228515625,683681.0,0.0,0.0
2025-12-19,1495.0,1503.699951171875,1490.699951171875,1496.4000244140625,1490.1199951171875,1276175.0,0.0,0.0
2025-12-22,1497.5,1515.0,1497.5,1508.699951171875,1502.3682861328125,1116833.0,0.0,0.0
2025-12-23,1508.699951171875,1513.800048828125,1491.199951171875,1493.5999755859375,1487.3316650390625,928446.0,0.0,0.0
2025-12-24,1503.0,1507.199951171875,1492.0,1494.300048828125,1488.02880859375,1318023.0,0.0,0.0
2025-12-26,1499.5999755859375,1501.4000244140625,1485.0,1487.0999755859375,1480.8590087890625,876540.0,0.0,0.0
2025-12-29,1487.0999755859375,1487.0999755859375,1451.0,1454.4000244140625,1448.2962646484375,1568472.0,0.0,0.0
2025-12-30,1450.0,1470.5,1447.300048828125,1461.199951171875,1455.067626953125,3463973.0,0.0,0.0
2025-12-31,1468.5,1475.0,1461.300048828125,1469.800048828125,1463.631591796875,707055.0,0.0,0.0
2026-01-01,1472.800048828125,1490.9000244140625,1470.4000244140625,1481.0999755859375,1474.8841552734375,981252.0,0.0,0.0
2026-01-02,1480.0999755859375,1495.0,1478.300048828125,1489.5,1483.2489013671875,1251176.0,0.0,0.0
2026-01-05,1488.0,1496.800048828125,1479.0999755859375,1493.0,1486.7342529296875,790039.0,0.0,0.0
2026-01-06,1490.0,1493.0,1470.699951171875,1473.199951171875,1467.017333984375,1675609.0,0.0,0.0
2026-01-07,1473.199951171875,1480.4000244140625,1459.0,1465.300048828125,1459.1505126953125,2124534.0,0.0,0.0
2026-01-08,1468.0,1489.0,1460.300048828125,1465.199951171875,1459.0509033203125,1974347.0,0.0,0.0
2026-01-09,1463.0,1463.0,1431.0,1435.9000244140625,1429.8739013671875,2280396.0,0.0,0.0
2026-01-12,1435.9000244140625,1447.0999755859375,1403.9000244140625,1443.5,1437.4420166015625,1539180.0,0.0,0.0
2026-01-13,1443.5,1449.0,1420.0,1428.5999755859375,1422.6044921875,919873.0,0.0,0.0
2026-01-14,1429.0,1438.9000244140625,1423.0,1430.0,1423.9986572265625,1278819.0,0.0,0.0
2026-01-16,1430.0,1448.0,1416.0999755859375,1421.9000244140625,1415.9326171875,1556318.0,0.0,0.0
2026-01-19,1421.0,1421.0,1395.5999755859375,1403.0,1397.1119384765625,1130162.0,0.0,0.0
2026-01-20,1409.0,1412.9000244140625,1359.5999755859375,1367.5999755859375,1361.8604736328125,1799611.0,0.0,0.0
2026-01-21,1371.699951171875,1390.4000244140625,1345.0,1378.5999755859375,1372.8143310546875,2141532.0,0.0,0.0
2026-01-22,1400.0,1421.699951171875,1388.5,1414.199951171875,1408.264892578125,1689638.0,0.0,0.0
2026-01-23,1417.0,1417.0,1292.0,1308.4000244140625,1302.908935546875,6380222.0,0.0,0.0
2026-01-27,1334.300048828125,1368.300048828125,1322.0,1363.9000244140625,1358.176025390625,3838632.0,0.0,0.0
2026-01-28,1373.9000244140625,1384.300048828125,1363.699951171875,1381.9000244140625,1376.1004638671875,2938285.0,0.0,0.0
2026-01-29,1384.9000244140625,1429.0,1371.5999755859375,1417.800048828125,1411.849853515625,3918681.0,0.0,0.0
2026-01-30,1417.800048828125,1428.5,1407.0,1419.800048828125,1413.8414306640625,2227414.0,0.0,0.0
2026-02-02,1348.0,1406.0,1348.0,1403.0999755859375,1397.2115478515625,2796673.0,0.0,0.0
2026-02-03,1477.199951171875,1537.0,1477.199951171875,1530.800048828125,1524.3756103515625,11977119.0,0.0,0.0
2026-02-04,1529.9000244140625,1572.300048828125,1508.5,1567.9000244140625,1561.3199462890625,6632728.0,0.0,0.0
2026-02-05,1568.0,1577.699951171875,1548.5999755859375,1570.199951171875,1563.6102294921875,3285127.0,0.0,0.0
2026-02-06,1563.0,1575.5,1527.0,1550.699951171875,1544.1920166015625,4429173.0,0.0,0.0
2026-02-09,1575.9000244140625,1583.9000244140625,1554.5,1561.699951171875,1555.1458740234375,1761025.0,0.0,0.0
2026-02-10,1565.0,1568.0,1525.0,1554.699951171875,1548.17529296875,1643366.0,0.0,0.0
2026-02-11,1554.699951171875,1559.4000244140625,1539.199951171875,1553.4000244140625,1546.8807373046875,1359416.0,0.0,0.0
2026-02-12,1542.0999755859375,1551.0,1532.5,1543.699951171875,1537.221435546875,1107584.0,0.0,0.0
2026-02-13,1543.0,1543.0,1507.0,1519.0,1512.6251220703125,1838361.0,0.0,0.0
2026-02-16,1517.5,1545.5,1495.300048828125,1540.0999755859375,1533.6365966796875,1644108.0,0.0,0.0
2026-02-17,1545.0,1576.5,1535.699951171875,1566.300048828125,1559.7266845703125,3168457.0,0.0,0.0
2026-02-18,1565.0,1565.0,1540.0,1550.800048828125,1544.291748046875,1326139.0,0.0,0.0
2026-02-19,1550.0,1550.800048828125,1506.699951171875,1513.300048828125,1506.9490966796875,984392.0,0.0,0.0
2026-02-20,1513.300048828125,1529.199951171875,1505.199951171875,1511.5,1505.1566162109375,1126987.0,0.0,0.0
2026-02-23,1511.0,1564.5,1510.800048828125,1555.800048828125,1549.270751953125,3113728.0,0.0,0.0
2026-02-24,1553.699951171875,1564.0,1536.4000244140625,1555.4000244140625,1548.8724365234375,1360612.0,0.0,0.0
2026-02-25,1567.0,1584.0,1518.5,1528.699951171875,1522.2843017578125,2153982.0,0.0,0.0
2026-02-26,1537.5999755859375,1554.5999755859375,1526.0,1550.5999755859375,1544.092529296875,1353287.0,0.0,0.0
2026-02-27,1545.0,1545.0999755859375,1516.199951171875,1521.0,1514.61669921875,1596106.0,0.0,0.0
2026-03-02,1462.0,1497.300048828125,1430.0,1470.300048828125,1464.1295166015625,4207514.0,0.0,0.0
2026-03-04,1435.0,1450.5,1409.0,1434.4000244140625,1428.380126953125,3386838.0,0.0,0.0
2026-03-05,1447.199951171875,1505.5,1447.199951171875,1499.300048828125,1493.0078125,3236481.0,0.0,0.0
2026-03-06,1489.0,1497.800048828125,1470.0,1477.5,1471.29931640625,2576061.0,0.0,0.0
2026-03-09,1405.0,1436.0999755859375,1405.0,1421.300048828125,1415.335205078125,4874245.0,0.0,0.0
2026-03-10,1450.0,1470.300048828125,1416.5,1424.0999755859375,1418.1234130859375,2706284.0,0.0,0.0
2026-03-11,1425.0,1454.9000244140625,1405.699951171875,1410.800048828125,1404.8792724609375,2212011.0,0.0,0.0
2026-03-12,1402.5,1418.5999755859375,1375.300048828125,1391.5,1385.66015625,2699173.0,0.0,0.0
2026-03-13,1388.699951171875,1390.0,1354.0,1363.199951171875,1357.4788818359375,2688559.0,0.0,0.0
2026-03-16,1356.5999755859375,1383.0999755859375,1347.0,1373.9000244140625,1368.134033203125,3322087.0,0.0,0.0
2026-03-17,1379.0,1379.0,1351.199951171875,1365.5,1359.769287109375,2605905.0,0.0,0.0
2026-03-18,1367.0999755859375,1411.0999755859375,1367.0999755859375,1401.9000244140625,1396.0166015625,1956685.0,0.0,0.0
2026-03-19,1377.0,1379.5999755859375,1350.5,1356.0,1350.3092041015625,2160622.0,0.0,0.0
2026-03-20,1364.9000244140625,1393.5,1358.0,1365.4000244140625,1359.6697998046875,4213342.0,0.0,0.0
2026-03-23,1350.0,1350.0,1293.5,1303.5999755859375,1298.1290283203125,3361416.0,0.0,0.0
2026-03-24,1343.0,1361.0,1313.5999755859375,1344.199951171875,1338.5587158203125,3132212.0,0.0,0.0
2026-03-25,1359.699951171875,1392.699951171875,1354.800048828125,1375.9000244140625,1370.125732421875,1856531.0,0.0,0.0
2026-03-27,1375.0,1375.0,1330.0999755859375,1337.800048828125,1332.1856689453125,2667313.0,0.0,0.0
2026-03-30,1325.0,1337.300048828125,1307.0999755859375,1312.5999755859375,1307.09130859375,2856500.0,0.0,0.0
2026-04-01,1351.199951171875,1405.4000244140625,1348.699951171875,1385.4000244140625,1379.5858154296875,3684039.0,0.0,0.0
2026-04-02,1354.4000244140625,1384.199951171875,1332.5999755859375,1377.5999755859375,1371.8184814453125,3210456.0,0.0,0.0
2026-04-06,1379.800048828125,1391.800048828125,1348.0999755859375,1387.0999755859375,1381.2786865234375,2519628.0,0.0,0.0
2026-04-07,1375.0,1390.0,1368.4000244140625,1381.0,1375.2042236328125,1812944.0,0.0,0.0
2026-04-08,1464.9000244140625,1505.699951171875,1449.0,1453.300048828125,1447.200927734375,7636467.0,0.0,0.0
2026-04-09,1437.0,1456.199951171875,1415.199951171875,1447.4000244140625,1441.32568359375,3159307.0,0.0,0.0
2026-04-10,1442.0,1478.0999755859375,1438.300048828125,1475.300048828125,1469.1085205078125,4026881.0,0.0,0.0
2026-04-13,1426.800048828125,1477.9000244140625,1421.0,1465.300048828125,1459.1505126953125,3629785.0,0.0,0.0
2026-04-15,1484.300048828125,1515.0,1480.9000244140625,1511.800048828125,1505.455322265625,4415637.0,0.0,0.0
2026-04-16,1524.9000244140625,1555.800048828125,1510.0,1549.800048828125,1543.2958984375,7476052.0,0.0,0.0
2026-04-17,1559.0,1578.5,1549.199951171875,1573.4000244140625,1566.796875,6024587.0,0.0,0.0
2026-04-20,1572.4000244140625,1600.5,1566.0999755859375,1578.4000244140625,1571.77587890625,2998603.0,0.0,0.0
2026-04-21,1578.5,1611.9000244140625,1578.4000244140625,1594.0999755859375,1587.409912109375,4276868.0,0.0,0.0
2026-04-22,1588.9000244140625,1603.4000244140625,1582.0,1588.5999755859375,1581.9329833984375,1918773.0,0.0,0.0
2026-04-23,1575.0,1611.0,1566.199951171875,1602.9000244140625,1596.1729736328125,2406876.0,0.0,0.0
2026-04-24,1612.0,1618.800048828125,1556.5,1585.0999755859375,1578.4476318359375,2290223.0,0.0,0.0
2026-04-27,1600.0,1649.9000244140625,1593.0,1628.5,1621.66552734375,3787783.0,0.0,0.0
2026-04-28,1628.4000244140625,1648.0,1624.5,1637.5999755859375,1630.7274169921875,2500914.0,0.0,0.0
2026-04-29,1645.0,1672.0,1644.9000244140625,1661.0999755859375,1654.1287841796875,2345365.0,0.0,0.0
2026-04-30,1650.0,1677.0,1596.800048828125,1657.300048828125,1650.3447265625,6313698.0,0.0,0.0
2026-05-04,1702.0,1748.5999755859375,1687.300048828125,1742.5999755859375,1735.2867431640625,7171346.0,0.0,0.0
2026-05-05,1749.800048828125,1757.4000244140625,1718.699951171875,1725.0,1717.7606201171875,4357699.0,0.0,0.0
2026-05-06,1750.0,1762.4000244140625,1718.5999755859375,1748.300048828125,1740.962890625,3001204.0,0.0,0.0
2026-05-07,1748.300048828125,1755.9000244140625,1708.0,1732.800048828125,1725.5279541015625,3280485.0,0.0,0.0
2026-05-08,1740.4000244140625,1792.0,1727.699951171875,1760.4000244140625,1753.0120849609375,4984856.0,0.0,0.0
2026-05-11,1757.0999755859375,1785.5999755859375,1733.0999755859375,1767.300048828125,1759.883056640625,4111229.0,0.0,0.0
2026-05-12,1752.0,1765.9000244140625,1683.199951171875,1688.199951171875,1681.114990234375,3441070.0,0.0,0.0
2026-05-13,1688.199951171875,1752.300048828125,1688.0,1737.800048828125,1730.5069580078125,3018421.0,0.0,0.0
2026-05-14,1761.0,1782.5,1745.4000244140625,1773.4000244140625,1765.95751953125,3051398.0,0.0,0.0
2026-05-15,1796.800048828125,1823.9000244140625,1766.199951171875,1795.0999755859375,1787.56640625,5622212.0,0.0,0.0
2026-05-18,1785.5,1793.0,1745.0,1787.699951171875,1780.1973876953125,2562978.0,0.0,0.0
2026-05-19,1790.800048828125,1805.0,1758.800048828125,1762.800048828125,1755.4019775390625,2274987.0,0.0,0.0
2026-05-20,1749.0,1777.800048828125,1744.300048828125,1772.5999755859375,1765.1607666015625,1283223.0,0.0,0.0
2026-05-21,1781.4000244140625,1800.800048828125,1776.800048828125,1793.300048828125,1785.7740478515625,1628329.0,0.0,0.0
2026-05-22,1793.300048828125,1802.300048828125,1780.5,1786.9000244140625,1779.40087890625,1487044.0,0.0,0.0
2026-05-25,1809.0,1813.300048828125,1793.0,1802.9000244140625,1795.333740234375,1516143.0,0.0,0.0
2026-05-26,1805.0,1820.5,1800.0,1811.199951171875,1803.5987548828125,2104926.0,0.0,0.0
2026-05-27,1810.0,1842.800048828125,1809.9000244140625,1824.5,1816.843017578125,2102406.0,0.0,0.0
2026-05-29,1836.4000244140625,1840.699951171875,1796.4000244140625,1804.5999755859373,1797.0264892578125,3554087.0,0.0,0.0
2026-06-01,1809.0999755859373,1814.9000244140625,1777.0,1783.5,1776.0150146484375,1224826.0,0.0,0.0
2026-06-02,1745.199951171875,1817.800048828125,1745.199951171875,1814.5,1806.885009765625,2256569.0,0.0,0.0
2026-06-03,1829.4000244140625,1840.0,1781.9000244140625,1803.800048828125,1796.22998046875,2967709.0,0.0,0.0
2026-06-04,1794.300048828125,1826.4000244140625,1786.199951171875,1790.9000244140625,1783.384033203125,1369988.0,0.0,0.0
2026-06-05,1801.5,1827.9000244140625,1796.699951171875,1824.199951171875,1816.544189453125,1640762.0,0.0,0.0
2026-06-08,1805.5999755859373,1832.800048828125,1791.5999755859375,1805.0,1797.4248046875,2574439.0,0.0,0.0
2026-06-09,1828.0,1832.5999755859373,1792.4000244140625,1826.4000244140625,1818.735107421875,1776339.0,0.0,0.0
2026-06-10,1826.0,1857.800048828125,1812.199951171875,1821.199951171875,1813.5567626953125,2933100.0,0.0,0.0
2026-06-11,1814.5999755859373,1820.4000244140625,1781.699951171875,1787.0999755859375,1779.5999755859375,2229041.0,0.0,0.0
2026-06-12,1804.0,1818.0,1777.9000244140625,1812.9000244140625,1812.9000244140625,2325897.0,7.5,0.0
2026-06-15,1839.0,1840.300048828125,1798.9000244140625,1804.800048828125,1804.800048828125,1421741.0,0.0,0.0
2026-06-16,1804.800048828125,1828.0,1797.0999755859375,1822.0,1822.0,2215994.0,0.0,0.0
2026-06-17,1824.0,1833.0,1806.300048828125,1828.5999755859373,1828.5999755859373,2697924.0,0.0,0.0
2026-06-18,1833.0,1849.5,1820.0,1842.0999755859373,1842.0999755859373,1643528.0,0.0,0.0
2026-06-19,1842.0999755859373,1849.0,1830.0,1835.300048828125,1835.300048828125,4382841.0,0.0,0.0
2026-06-22,1835.300048828125,1836.800048828125,1808.0999755859373,1827.199951171875,1827.199951171875,1524494.0,0.0,0.0
2026-06-23,1832.5999755859373,1842.0,1779.0999755859375,1784.0,1784.0,3309685.0,0.0,0.0
2026-06-24,1786.0,1818.0,1775.0,1813.300048828125,1813.300048828125,2141905.0,0.0,0.0
2026-06-25,1813.300048828125,1831.4000244140625,1790.9000244140625,1796.0,1796.0,1850390.0,0.0,0.0
2026-06-29,1809.5,1809.5,1770.5,1776.0999755859375,1776.0999755859375,1693498.0,0.0,0.0
2026-06-30,1786.9000244140625,1816.300048828125,1782.5999755859375,1810.199951171875,1810.199951171875,2230098.0,0.0,0.0
2026-07-01,1829.5,1881.699951171875,1815.4000244140625,1848.199951171875,1848.199951171875,4123193.0,0.0,0.0
2026-07-02,1858.5,1888.0,1845.5,1883.199951171875,1883.199951171875,3089068.0,0.0,0.0
2026-07-03,1885.0,1891.0999755859373,1865.0,1874.199951171875,1874.199951171875,1645113.0,0.0,0.0
2026-07-06,1872.800048828125,1883.5,1859.300048828125,1864.4000244140625,1864.4000244140625,1042695.0,0.0,0.0
2026-07-07,1872.0,1880.5,1828.699951171875,1833.9000244140625,1833.9000244140625,1818238.0,0.0,0.0
2026-07-08,1824.9000244140625,1850.4000244140625,1783.199951171875,1791.699951171875,1791.699951171875,1413919.0,0.0,0.0
2026-07-09,1795.300048828125,1821.0,1795.300048828125,1800.0999755859375,1800.0999755859375,1106782.0,0.0,0.0
2026-07-10,1800.0999755859375,1852.9000244140625,1800.0999755859375,1828.0999755859373,1828.0999755859373,1489787.0,0.0,0.0
2026-07-13,1811.0,1825.9000244140625,1807.0999755859373,1810.300048828125,1810.300048828125,1156618.0,0.0,0.0
2026-07-14,1819.300048828125,1840.9000244140625,1808.5999755859373,1821.9000244140625,1821.9000244140625,1636778.0,0.0,0.0
2026-07-15,1826.0,1838.0,1817.199951171875,1829.0999755859373,1829.0999755859373,917984.0,0.0,0.0
2026-07-16,1828.5,1859.699951171875,1817.5,1826.4000244140625,1826.4000244140625,1952268.0,0.0,0.0
2026-07-17,1825.5999755859373,1841.5,1817.0999755859373,1837.4000244140625,1837.4000244140625,962152.0,0.0,0.0
2026-07-20,1836.0999755859373,1853.699951171875,1828.0,1844.0,1844.0,754950.0,0.0,0.0
2026-07-21,1840.0,1857.4000244140625,1833.0,1846.5,1846.5,1372166.0,0.0,0.0
2026-07-22,1837.0999755859373,1847.199951171875,1811.9000244140625,1819.4000244140625,1819.4000244140625,1436881.0,0.0,0.0
2026-07-23,1818.300048828125,1825.5,1769.0,1778.5,1778.5,2592430.0,0.0,0.0
2026-07-24,1764.9000244140625,1784.9000244140625,1755.199951171875,1768.300048828125,1768.300048828125,1685770.0,0.0,0.0
2026-07-27,1784.0,1785.0,1752.0999755859375,1770.4000244140625,1770.4000244140625,2266975.0,0.0,0.0
2026-07-28,1770.4000244140625,1783.0,1758.9000244140625,1774.699951171875,1774.699951171875,1776549.0,0.0,0.0
2026-07-29,1785.0,1792.0,1705.0999755859375,1719.699951171875,1719.699951171875,5088460.0,0.0,0.0
2026-07-30,1726.699951171875,1727.699951171875,1658.4000244140625,1664.0999755859375,1664.0999755859375,5395211.0,0.0,0.0
2026-07-31,1674.0,1708.0999755859375,1650.0,1696.5,1696.5,4703646.0,0.0,0.0
2026-08-03,1713.4000244140625,1715.9000244140625,1692.800048828125,1701.0,1701.0,1664693.0,0.0,0.0
2026-08-04,1703.0999755859375,1713.9000244140625,1690.0,1706.699951171875,1706.699951171875,1099071.0,0.0,0.0
2026-08-05,1708.199951171875,1710.699951171875,1688.0999755859375,1700.0,1700.0,2333361.0,0.0,0.0
2026-08-06,1704.0,1706.0,1685.800048828125,1695.0,1695.0,1254956.0,0.0,0.0
2026-08-07,1695.0,1702.300048828125,1676.699951171875,1693.5,1693.5,2387389.0,0.0,0.0
2026-08-10,1690.0,1690.0,1673.0999755859375,1681.0,1681.0,2177216.0,0.0,0.0
2026-08-11,1700.0,1703.4000244140625,1661.800048828125,1668.199951171875,1668.199951171875,2263466.0,0.0,0.0
2026-08-12,1669.800048828125,1672.699951171875,1640.4000244140625,1665.0,1665.0,1494540.0,0.0,0.0
2026-08-13,1665.0,1669.9000244140625,1641.0999755859375,1658.0,1658.0,1992956.0,0.0,0.0
2026-08-14,1658.0,1700.0,1657.199951171875,1700.0,1700.0,1978204.0,0.0,0.0
2026-08-17,1700.0,1704.0,1678.0999755859375,1691.0,1691.0,1594217.0,0.0,0.0
2026-08-18,1691.5999755859375,1693.699951171875,1667.0,1682.4000244140625,1682.4000244140625,1298165.0,0.0,0.0
2026-08-19,1684.0,1684.0,1667.0,1681.9000244140625,1681.9000244140625,1217074.0,0.0,0.0
2026-08-20,1690.0,1698.5,1680.4000244140625,1696.0,1696.0,1661649.0,0.0,0.0
2026-08-21,1697.199951171875,1702.0,1684.9000244140625,1700.0,1700.0,1113535.0,0.0,0.0
2026-08-24,1700.0,1700.0,1672.0999755859375,1672.0999755859375,1672.0999755859375,1061245.0,0.0,0.0
2026-08-25,1674.0,1702.699951171875,1671.0,1702.699951171875,1702.699951171875,1300541.0,0.0,0.0
2026-08-26,1711.9000244140625,1719.699951171875,1690.5,1691.5,1691.5,1937255.0,0.0,0.0
2026-08-27,1703.0,1719.0,1691.199951171875,1714.0,1714.0,2044450.0,0.0,0.0
2026-08-28,1712.0,1723.9000244140625,1699.199951171875,1707.5,1707.5,3268356.0,0.0,0.0
2026-08-31,1710.0,1711.4000244140625,1593.0999755859375,1593.0999755859375,1593.0999755859375,9621819.0,0.0,0.0
2026-09-01,1625.0,1655.5999755859375,1625.0,1647.5,1647.5,3770354.0,0.0,0.0
2026-09-02,1637.0999755859375,1676.699951171875,1632.0999755859375,1672.699951171875,1672.699951171875,2338937.0,0.0,0.0
2026-09-03,1694.9000244140625,1710.800048828125,1681.800048828125,1706.5,1706.5,3370497.0,0.0,0.0
2026-09-04,1699.9000244140625,1716.9000244140625,1692.4000244140625,1707.300048828125,1707.300048828125,1281968.0,0.0,0.0
2026-09-07,1714.0,1716.4,1685.9,1694.3,,1175225.0,,
2026-09-08,1694.0,1713.0999755859375,1685.199951171875,1710.0,1710.0,1217135.0,0.0,0.0
2026-09-09,1719.0,1785.9000244140625,1706.0,1775.0,1775.0,5527528.0,0.0,0.0
2026-09-10,1779.9000244140625,1780.0,1750.4000244140625,1768.0,1768.0,2777377.0,0.0,0.0
