date,open,high,low,close,adj_close,volume,dividends,stock_splits
2021-01-29,2622.60009765625,2676.5,2551.0,2561.25,2525.254150390625,921579.0,0.0,0.0
2021-02-01,2590.0,2676.550048828125,2528.10009765625,2663.5,2626.0673828125,879244.0,0.0,0.0
2021-02-02,2679.5,2745.0,2678.0,2705.14990234375,2667.13134765625,607131.0,0.0,0.0
2021-02-03,2714.89990234375,2808.14990234375,2704.0,2720.699951171875,2682.462646484375,1286454.0,0.0,0.0
2021-02-04,2730.0,2747.89990234375,2686.0,2731.64990234375,2693.2587890625,455213.0,0.0,0.0
2021-02-05,2740.0,2783.0,2687.64990234375,2738.60009765625,2700.11181640625,941316.0,0.0,0.0
2021-02-08,2741.0,2780.0,2725.0,2730.25,2691.87890625,564043.0,0.0,0.0
2021-02-09,2746.5,2836.60009765625,2738.10009765625,2789.300048828125,2750.099365234375,1052950.0,0.0,0.0
2021-02-10,2813.85009765625,2828.0,2745.64990234375,2756.5,2717.760009765625,745906.0,0.0,0.0
2021-02-11,2760.0,2779.5,2730.0,2756.5,2717.760009765625,581642.0,0.0,0.0
2021-02-12,2768.0,2790.0,2726.10009765625,2748.10009765625,2709.478515625,693562.0,0.0,0.0
2021-02-15,2777.0,3127.0,2760.449951171875,3090.64990234375,3047.213623046875,4446974.0,0.0,0.0
2021-02-16,3089.0,3253.550048828125,3047.0,3202.75,3157.738525390625,4381584.0,0.0,0.0
2021-02-17,3177.0,3284.0,3177.0,3235.0,3189.535400390625,2081001.0,0.0,0.0
2021-02-18,3225.5,3237.800048828125,3094.0,3106.75,3063.087158203125,1477343.0,0.0,0.0
2021-02-19,3090.10009765625,3109.25,2896.0,2919.949951171875,2878.912841796875,2037556.0,0.0,0.0
2021-02-22,2918.449951171875,2967.89990234375,2866.89990234375,2929.550048828125,2888.378173828125,1246303.0,0.0,0.0
2021-02-23,2945.199951171875,3052.5,2937.5,2996.75,2954.633544921875,1465930.0,0.0,0.0
2021-02-24,3015.0,3120.0,3000.050048828125,3059.64990234375,3016.6494140625,1088420.0,0.0,0.0
2021-02-25,3101.0,3139.949951171875,3057.89990234375,3091.35009765625,3047.904296875,819639.0,0.0,0.0
2021-02-26,3070.0,3173.949951171875,3020.64990234375,3058.64990234375,3015.663330078125,2103433.0,0.0,0.0
2021-03-01,3039.050048828125,3098.0,3007.550048828125,3081.14990234375,3037.846923828125,678218.0,0.0,0.0
2021-03-02,3105.5,3152.0,3067.39990234375,3087.300048828125,3043.9111328125,944553.0,0.0,0.0
2021-03-03,3115.10009765625,3119.5,3049.39990234375,3057.0,3014.036376953125,536623.0,0.0,0.0
2021-03-04,3058.0,3081.300048828125,3017.0,3042.10009765625,2999.34619140625,687383.0,0.0,0.0
2021-03-05,3000.0,3017.75,2870.0,2879.5,2839.03125,1486110.0,0.0,0.0
2021-03-08,2901.0,2935.85009765625,2846.75,2866.60009765625,2826.3125,952087.0,0.0,0.0
2021-03-09,2870.5,2926.949951171875,2826.699951171875,2886.10009765625,2845.53857421875,883183.0,0.0,0.0
2021-03-10,2910.0,2924.949951171875,2880.75,2904.10009765625,2863.28564453125,432551.0,0.0,0.0
2021-03-12,2931.10009765625,3031.0,2927.5,2976.35009765625,2934.520751953125,1512021.0,0.0,0.0
2021-03-15,2998.0,3025.0,2915.0,2996.60009765625,2954.486083984375,918701.0,0.0,0.0
2021-03-16,3002.0,3080.0,2990.800048828125,3073.25,3030.05859375,1081398.0,0.0,0.0
2021-03-17,3080.0,3082.300048828125,2970.0,2997.39990234375,2955.2744140625,740599.0,0.0,0.0
2021-03-18,3026.0,3065.0,2922.0,2958.699951171875,2917.11767578125,789785.0,0.0,0.0
2021-03-19,2954.0,2982.85009765625,2887.25,2934.60009765625,2893.357177734375,2288304.0,0.0,0.0
2021-03-22,2913.0,2944.25,2875.0,2905.10009765625,2864.271728515625,488626.0,0.0,0.0
2021-03-23,2917.89990234375,2967.800048828125,2896.85009765625,2946.75,2905.3359375,630061.0,0.0,0.0
2021-03-24,2957.85009765625,2976.85009765625,2904.050048828125,2919.60009765625,2878.567626953125,627981.0,0.0,0.0
2021-03-25,2927.0,2993.0,2787.5,2809.35009765625,2769.86767578125,1001626.0,0.0,0.0
2021-03-26,2840.0,2905.0,2819.0,2851.699951171875,2811.622314453125,918204.0,0.0,0.0
2021-03-30,2902.5,2970.89990234375,2875.0,2925.60009765625,2884.4833984375,1420415.0,0.0,0.0
2021-03-31,2901.0,2927.949951171875,2882.050048828125,2902.64990234375,2861.856201171875,665173.0,0.0,0.0
2021-04-01,2886.35009765625,2913.949951171875,2843.39990234375,2894.050048828125,2853.376953125,842489.0,0.0,0.0
2021-04-05,2922.0,3015.0,2886.0,2919.5,2878.46923828125,1241115.0,0.0,0.0
2021-04-06,2939.0,3015.0,2927.199951171875,2983.550048828125,2941.618896484375,1015604.0,0.0,0.0
2021-04-07,2999.0,3115.0,2998.75,3097.800048828125,3054.263427734375,1240450.0,0.0,0.0
2021-04-08,3134.800048828125,3144.199951171875,3089.39990234375,3114.60009765625,3070.8271484375,800699.0,0.0,0.0
2021-04-09,3147.5,3164.14990234375,3105.89990234375,3132.14990234375,3088.13037109375,934037.0,0.0,0.0
2021-04-12,3119.0,3119.0,2979.050048828125,3004.75,2962.520751953125,961549.0,0.0,0.0
2021-04-13,3032.35009765625,3061.89990234375,2951.0,2980.75,2938.858154296875,544916.0,0.0,0.0
2021-04-15,3037.0,3038.949951171875,2902.300048828125,2993.5,2951.428955078125,692875.0,0.0,0.0
2021-04-16,2999.75,3073.0,2994.0,3061.0,3017.980712890625,622872.0,0.0,0.0
2021-04-19,3038.0,3243.14990234375,3005.64990234375,3157.39990234375,3113.025146484375,3552506.0,0.0,0.0
2021-04-20,3210.0,3309.0,3181.75,3269.64990234375,3223.698486328125,2575420.0,0.0,0.0
2021-04-22,3269.0,3334.10009765625,3217.25,3228.949951171875,3183.56982421875,1307224.0,0.0,0.0
2021-04-23,3258.0,3299.0,3171.0,3200.050048828125,3155.076416015625,1030125.0,0.0,0.0
2021-04-26,3230.35009765625,3253.0,3152.0,3174.64990234375,3130.032958984375,557667.0,0.0,0.0
2021-04-27,3200.0,3205.0,3157.800048828125,3191.050048828125,3146.202880859375,505348.0,0.0,0.0
2021-04-28,3210.0,3249.0,3182.60009765625,3199.25,3154.287841796875,575824.0,0.0,0.0
2021-04-29,3199.25,3260.0,3199.25,3238.89990234375,3193.38037109375,589707.0,0.0,0.0
2021-04-30,3256.0,3310.0,3182.800048828125,3197.5,3152.562255859375,906562.0,0.0,0.0
2021-05-03,3208.800048828125,3221.800048828125,3140.0,3204.300048828125,3159.266845703125,728281.0,0.0,0.0
2021-05-04,3233.14990234375,3243.25,3166.39990234375,3181.25,3136.54052734375,581864.0,0.0,0.0
2021-05-05,3199.800048828125,3357.0,3176.14990234375,3332.89990234375,3286.0595703125,1679977.0,0.0,0.0
2021-05-06,3357.85009765625,3385.89990234375,3300.699951171875,3347.14990234375,3300.10888671875,1124908.0,0.0,0.0
2021-05-07,3347.14990234375,3397.0,3302.0,3310.85009765625,3264.3193359375,774478.0,0.0,0.0
2021-05-10,3315.0,3342.60009765625,3261.60009765625,3323.699951171875,3276.98876953125,627199.0,0.0,0.0
2021-05-11,3315.0,3315.0,3245.25,3258.199951171875,3212.408935546875,670759.0,0.0,0.0
2021-05-12,3274.89990234375,3274.89990234375,3185.60009765625,3196.75,3151.822509765625,703372.0,0.0,0.0
2021-05-14,3200.0,3211.75,3095.35009765625,3140.949951171875,3096.806396484375,842794.0,0.0,0.0
2021-05-17,3147.0,3189.949951171875,3115.10009765625,3152.35009765625,3108.046875,847722.0,0.0,0.0
2021-05-18,3174.0,3188.449951171875,3140.0,3163.5,3119.039794921875,639445.0,0.0,0.0
2021-05-19,3180.199951171875,3236.10009765625,3161.699951171875,3229.699951171875,3184.3095703125,711069.0,0.0,0.0
2021-05-20,3245.89990234375,3272.75,3214.0,3219.949951171875,3174.6962890625,752076.0,0.0,0.0
2021-05-21,3246.39990234375,3259.39990234375,3225.0,3247.75,3202.10595703125,471439.0,0.0,0.0
2021-05-24,3248.0,3285.0,3240.14990234375,3261.10009765625,3215.268310546875,611909.0,0.0,0.0
2021-05-25,3266.25,3267.0,3170.64990234375,3199.64990234375,3154.681884765625,622276.0,0.0,0.0
2021-05-26,3205.0,3220.0,3178.10009765625,3183.60009765625,3138.857421875,260821.0,0.0,0.0
2021-05-27,3186.5,3223.60009765625,3153.60009765625,3199.0,3154.041015625,1084157.0,0.0,0.0
2021-05-28,3199.0,3207.0,3140.0,3149.35009765625,3105.0888671875,555829.0,0.0,0.0
2021-05-31,3145.0,3186.300048828125,3125.0,3168.75,3124.216064453125,635444.0,0.0,0.0
2021-06-01,3190.0,3249.0,3160.85009765625,3239.800048828125,3194.267822265625,706976.0,0.0,0.0
2021-06-02,3244.300048828125,3301.0,3220.0,3273.60009765625,3227.5927734375,843219.0,0.0,0.0
2021-06-03,3271.0,3435.0,3267.050048828125,3425.64990234375,3377.505126953125,1098294.0,0.0,0.0
2021-06-04,3425.35009765625,3428.64990234375,3375.0,3380.14990234375,3332.644775390625,380548.0,0.0,0.0
2021-06-07,3380.14990234375,3380.14990234375,3308.0,3315.300048828125,3268.70654296875,526855.0,0.0,0.0
2021-06-08,3299.0,3312.5,3255.60009765625,3289.449951171875,3243.219970703125,766456.0,0.0,0.0
2021-06-09,3290.0,3331.60009765625,3251.0,3305.89990234375,3259.4384765625,587528.0,0.0,0.0
2021-06-10,3322.449951171875,3345.0,3297.050048828125,3325.699951171875,3278.96044921875,749909.0,0.0,0.0
2021-06-11,3342.35009765625,3346.0,3301.699951171875,3336.550048828125,3289.658203125,277612.0,0.0,0.0
2021-06-14,3345.0,3360.0,3285.0,3350.199951171875,3303.115966796875,317756.0,0.0,0.0
2021-06-15,3355.0,3356.949951171875,3295.0,3298.300048828125,3251.945556640625,461588.0,0.0,0.0
2021-06-16,3310.0,3325.0,3278.0,3294.199951171875,3247.90283203125,419575.0,0.0,0.0
2021-06-17,3257.0,3282.949951171875,3225.199951171875,3240.60009765625,3195.05615234375,356502.0,0.0,0.0
2021-06-18,3235.0,3253.0,3162.550048828125,3221.5,3176.22509765625,520516.0,0.0,0.0
2021-06-21,3195.0,3252.0,3181.0,3238.0,3192.492431640625,200280.0,0.0,0.0
2021-06-22,3238.0,3302.949951171875,3230.10009765625,3258.199951171875,3212.408935546875,567861.0,0.0,0.0
2021-06-23,3274.949951171875,3274.949951171875,3212.0,3244.800048828125,3199.197021484375,504942.0,0.0,0.0
2021-06-24,3229.89990234375,3281.64990234375,3141.75,3203.25,3158.2314453125,1754163.0,0.0,0.0
2021-06-25,3253.25,3465.0,3222.25,3439.0,3390.66796875,3717669.0,0.0,0.0
2021-06-28,3447.85009765625,3490.0,3402.199951171875,3454.14990234375,3405.60498046875,1213113.0,0.0,0.0
2021-06-29,3420.0,3604.949951171875,3420.0,3591.14990234375,3540.679443359375,2268589.0,0.0,0.0
2021-06-30,3617.0,3659.85009765625,3582.60009765625,3619.85009765625,3568.976318359375,1291906.0,0.0,0.0
2021-07-01,3619.85009765625,3696.949951171875,3595.0,3678.449951171875,3626.7529296875,876022.0,0.0,0.0
2021-07-02,3701.0,3744.89990234375,3667.0,3733.199951171875,3680.73291015625,573795.0,0.0,0.0
2021-07-05,3760.0,3762.949951171875,3702.699951171875,3718.10009765625,3665.845703125,444545.0,0.0,0.0
2021-07-06,3717.89990234375,3750.75,3696.0,3706.25,3654.162109375,344090.0,0.0,0.0
2021-07-07,3715.0,3757.800048828125,3697.60009765625,3715.60009765625,3663.381103515625,466002.0,0.0,0.0
2021-07-08,3700.0,3720.0,3657.0,3671.39990234375,3619.801513671875,459811.0,0.0,0.0
2021-07-09,3673.0,3744.0,3673.0,3725.89990234375,3673.53564453125,469932.0,0.0,0.0
2021-07-12,3745.0,3788.800048828125,3730.10009765625,3747.39990234375,3694.733642578125,464757.0,0.0,0.0
2021-07-13,3768.0,3769.949951171875,3721.0,3750.300048828125,3697.59326171875,246112.0,0.0,0.0
2021-07-14,3754.0,3775.0,3708.89990234375,3754.800048828125,3702.030029296875,395272.0,0.0,0.0
2021-07-15,3774.85009765625,3798.0,3750.550048828125,3762.35009765625,3709.473876953125,399845.0,0.0,0.0
2021-07-16,3762.35009765625,3787.0,3742.39990234375,3779.10009765625,3725.98828125,226565.0,0.0,0.0
2021-07-19,3779.10009765625,3919.949951171875,3765.0,3883.75,3829.167724609375,1044561.0,0.0,0.0
2021-07-20,3890.0,3908.0,3817.300048828125,3882.949951171875,3828.378662109375,357815.0,0.0,0.0
2021-07-22,3890.0,4004.0,3890.0,3985.300048828125,3929.290771484375,760359.0,0.0,0.0
2021-07-23,3985.300048828125,3999.75,3913.0,3918.89990234375,3863.823486328125,335985.0,0.0,0.0
2021-07-26,3937.0,4158.7998046875,3930.0,4100.35009765625,4042.722900390625,1982531.0,0.0,0.0
2021-07-27,4120.89990234375,4189.64990234375,4050.449951171875,4078.25,4020.93359375,859687.0,0.0,0.0
2021-07-28,4100.0,4100.0,3985.5,4028.39990234375,3971.78466796875,455244.0,0.0,0.0
2021-07-29,4040.0,4054.550048828125,3993.199951171875,4038.75,3981.989013671875,449417.0,0.0,0.0
2021-07-30,4031.0,4086.449951171875,4007.5,4035.0,3978.2919921875,627367.0,0.0,0.0
2021-08-02,4059.64990234375,4092.949951171875,4035.050048828125,4048.14990234375,3991.257080078125,344295.0,0.0,0.0
2021-08-03,4090.60009765625,4225.0,4064.050048828125,4092.699951171875,4035.1806640625,981680.0,0.0,0.0
2021-08-04,4110.7998046875,4128.60009765625,4052.64990234375,4066.39990234375,4009.250732421875,305863.0,0.0,0.0
2021-08-05,4084.800048828125,4111.7001953125,4036.0,4073.75,4016.497314453125,270458.0,0.0,0.0
2021-08-06,4089.800048828125,4178.0498046875,4073.199951171875,4088.050048828125,4030.596435546875,717143.0,0.0,0.0
2021-08-09,4109.0,4111.0,3990.0,4003.699951171875,3947.431884765625,431991.0,0.0,0.0
2021-08-10,4024.0,4086.800048828125,4000.0,4062.800048828125,4005.701416015625,364246.0,0.0,0.0
2021-08-11,4065.0,4083.14990234375,3915.0,4026.35009765625,3969.763671875,831738.0,0.0,0.0
2021-08-12,4027.0,4142.9501953125,3975.35009765625,4133.10009765625,4075.01318359375,556973.0,0.0,0.0
2021-08-13,4144.9501953125,4145.75,4038.199951171875,4064.10009765625,4006.983154296875,553736.0,0.0,0.0
2021-08-16,4146.0,4374.5,4125.14990234375,4345.10009765625,4284.033203125,3709012.0,0.0,0.0
2021-08-17,4345.0,4974.0,4332.25,4920.5,4851.34716796875,8069431.0,0.0,0.0
2021-08-18,4850.0,4963.0,4762.0498046875,4787.89990234375,4723.49072265625,2941548.0,3.0,0.0
2021-08-20,4719.0,4934.7001953125,4697.2001953125,4746.5,4682.64697265625,2331020.0,0.0,0.0
2021-08-23,4780.0,4839.64990234375,4720.2001953125,4743.25,4679.44091796875,699991.0,0.0,0.0
2021-08-24,4820.0,4888.9501953125,4750.64990234375,4840.75,4775.62841796875,1576663.0,0.0,0.0
2021-08-25,4865.0,4880.0,4750.0,4771.64990234375,4707.45849609375,469002.0,0.0,0.0
2021-08-26,4776.4501953125,4780.0,4646.39990234375,4700.39990234375,4637.16748046875,800419.0,0.0,0.0
2021-08-27,4717.10009765625,4832.0,4676.35009765625,4765.10009765625,4700.9970703125,937887.0,0.0,0.0
2021-08-30,4790.2001953125,4828.0,4721.60009765625,4757.5498046875,4693.548828125,632354.0,0.0,0.0
2021-08-31,4766.10009765625,5046.0,4766.10009765625,4969.5498046875,4902.69677734375,2883159.0,0.0,0.0
2021-09-01,4985.0,5071.7998046875,4945.2998046875,5039.0498046875,4971.26123046875,841956.0,0.0,0.0
2021-09-02,5039.0498046875,5122.0,5013.0,5043.5,4975.65087890625,900686.0,0.0,0.0
2021-09-03,5054.0,5073.2998046875,4967.0,5014.5498046875,4947.09130859375,567961.0,0.0,0.0
2021-09-06,5029.0,5040.0,4972.0,4995.5,4928.2978515625,439776.0,0.0,0.0
2021-09-07,5020.39990234375,5023.0,4860.0,4877.0498046875,4811.4404296875,479021.0,0.0,0.0
2021-09-08,4900.0,4901.4501953125,4792.10009765625,4811.39990234375,4746.67333984375,642506.0,0.0,0.0
2021-09-09,4815.7001953125,4820.0,4685.0,4719.5498046875,4656.0595703125,838279.0,0.0,0.0
2021-09-13,4735.0,4796.0,4681.35009765625,4745.85009765625,4682.0068359375,1151299.0,0.0,0.0
2021-09-14,4773.0,4773.0,4696.7001953125,4732.4501953125,4668.7861328125,528943.0,0.0,0.0
2021-09-15,4750.0,4819.2001953125,4686.5498046875,4792.0498046875,4727.583984375,659281.0,0.0,0.0
2021-09-16,4819.0,4890.0,4792.0498046875,4880.75,4815.091796875,779552.0,0.0,0.0
2021-09-17,4875.0,4945.5,4864.4501953125,4908.25,4842.22119140625,814867.0,0.0,0.0
2021-09-20,4864.0,4952.5498046875,4781.7001953125,4878.10009765625,4812.4775390625,434640.0,0.0,0.0
2021-09-21,4858.0,4918.9501953125,4790.14990234375,4891.60009765625,4825.7958984375,462221.0,0.0,0.0
2021-09-22,4925.0,5010.0,4869.89990234375,4904.89990234375,4838.91650390625,562041.0,0.0,0.0
2021-09-23,4931.39990234375,5134.0,4905.0,5084.2001953125,5015.80517578125,696944.0,0.0,0.0
2021-09-24,5156.10009765625,5198.0,4711.5498046875,4731.7998046875,4668.14453125,1949974.0,0.0,0.0
2021-09-27,4748.7998046875,4771.0,4464.10009765625,4565.5498046875,4504.1318359375,1885178.0,0.0,0.0
2021-09-28,4580.0,4629.89990234375,4376.0,4411.0498046875,4351.70947265625,1051440.0,0.0,0.0
2021-09-29,4420.0,4507.10009765625,4400.0,4423.5,4363.9921875,571896.0,0.0,0.0
2021-09-30,4445.0,4500.64990234375,4383.64990234375,4481.60009765625,4421.31103515625,808446.0,0.0,0.0
2021-10-01,4481.60009765625,4520.0,4435.0,4459.39990234375,4399.40966796875,534563.0,0.0,0.0
2021-10-04,4459.89990234375,4565.0,4440.85009765625,4548.25,4487.06396484375,535335.0,0.0,0.0
2021-10-05,4571.0,4576.85009765625,4469.0498046875,4482.39990234375,4422.1005859375,425555.0,0.0,0.0
2021-10-06,4495.0,4509.0,4356.0,4378.75,4319.84375,480575.0,0.0,0.0
2021-10-07,4410.0,4468.0,4381.0,4428.2998046875,4368.7275390625,276775.0,0.0,0.0
2021-10-08,4459.0,4459.0,4365.60009765625,4379.25,4320.337890625,269607.0,0.0,0.0
2021-10-11,4401.10009765625,4422.9501953125,4360.0,4377.14990234375,4318.2666015625,331320.0,0.0,0.0
2021-10-12,4349.0,4407.0498046875,4293.2998046875,4351.2998046875,4292.76416015625,612692.0,0.0,0.0
2021-10-13,4385.0,4409.0,4340.0,4377.5,4318.61181640625,302343.0,0.0,0.0
2021-10-14,4403.9501953125,4429.75,4312.35009765625,4328.39990234375,4270.17138671875,436160.0,0.0,0.0
2021-10-18,4449.0,4449.0,4321.64990234375,4330.39990234375,4272.14501953125,345049.0,0.0,0.0
2021-10-19,4352.0,4387.64990234375,4226.64990234375,4301.0498046875,4243.19091796875,285362.0,0.0,0.0
2021-10-20,4301.0498046875,4317.35009765625,4135.0,4146.75,4090.965576171875,510321.0,0.0,0.0
2021-10-21,4187.0,4234.89990234375,4075.25,4134.85009765625,4079.2255859375,698306.0,0.0,0.0
2021-10-22,4155.5,4189.4501953125,4002.35009765625,4028.39990234375,3974.20751953125,347114.0,0.0,0.0
2021-10-25,4045.39990234375,4250.89990234375,3955.0,4164.0,4107.9833984375,1151030.0,0.0,0.0
2021-10-26,4164.0,4308.5,4135.5498046875,4267.9501953125,4210.53564453125,790450.0,0.0,0.0
2021-10-27,4278.7998046875,4325.10009765625,4215.14990234375,4276.5498046875,4219.01904296875,623848.0,0.0,0.0
2021-10-28,4277.7998046875,4314.0,4225.0,4289.5,4231.7958984375,537955.0,0.0,0.0
2021-10-29,4289.5,4349.0,4161.0498046875,4262.0498046875,4204.712890625,705546.0,0.0,0.0
2021-11-01,4281.2001953125,4350.0,4258.0,4336.60009765625,4278.26123046875,239375.0,0.0,0.0
2021-11-02,4340.0,4395.0,4270.5498046875,4289.89990234375,4232.189453125,389193.0,0.0,0.0
2021-11-03,4317.0,4449.9501953125,4300.0498046875,4438.60009765625,4378.888671875,667752.0,0.0,0.0
2021-11-04,4448.0,4478.0,4419.85009765625,4438.5498046875,4378.84033203125,69818.0,0.0,0.0
2021-11-08,4438.60009765625,4475.0,4378.0,4405.35009765625,4346.08642578125,285968.0,0.0,0.0
2021-11-09,4454.0,4555.5498046875,4420.0,4532.89990234375,4471.92041015625,547476.0,0.0,0.0
2021-11-10,4522.10009765625,4584.0,4480.0,4552.85009765625,4491.60205078125,359967.0,0.0,0.0
2021-11-11,4545.10009765625,4728.10009765625,4527.0498046875,4567.25,4505.80859375,1110123.0,0.0,0.0
2021-11-12,4612.89990234375,4688.0,4571.14990234375,4669.5,4606.6826171875,423439.0,0.0,0.0
2021-11-15,4800.7998046875,5147.5498046875,4800.7998046875,5080.9501953125,5012.59814453125,3044498.0,0.0,0.0
2021-11-16,5080.0,5205.0,5040.0,5096.85009765625,5028.28515625,1118231.0,0.0,0.0
2021-11-17,5080.0,5844.39990234375,5075.14990234375,5733.9501953125,5656.81298828125,6482125.0,0.0,0.0
2021-11-18,5733.9501953125,5843.7998046875,5546.14990234375,5588.60009765625,5513.419921875,2165157.0,0.0,0.0
2021-11-22,5597.0,5640.0,5313.0,5419.5,5346.59423828125,1204625.0,0.0,0.0
2021-11-23,5374.5,5540.0,5350.0,5454.25,5380.87646484375,763056.0,0.0,0.0
2021-11-24,5466.0,5481.4501953125,5305.10009765625,5397.2001953125,5324.59375,697909.0,0.0,0.0
2021-11-25,5400.0,5750.0,5325.0498046875,5701.0498046875,5624.35595703125,1575738.0,0.0,0.0
2021-11-26,5709.0,5935.39990234375,5627.4501953125,5687.60009765625,5611.0869140625,2613669.0,0.0,0.0
2021-11-29,5770.0,5858.0,5550.0,5727.5,5650.44970703125,1189390.0,0.0,0.0
2021-11-30,5755.0,5829.9501953125,5629.60009765625,5687.75,5611.2353515625,1352746.0,0.0,0.0
2021-12-01,5718.7001953125,5765.0,5531.7001953125,5571.0,5496.0556640625,835169.0,0.0,0.0
2021-12-02,5625.75,5809.0,5578.85009765625,5592.9501953125,5517.7099609375,1236317.0,0.0,0.0
2021-12-03,5592.9501953125,5654.64990234375,5420.0,5432.39990234375,5359.32080078125,844674.0,0.0,0.0
2021-12-06,5467.0,5468.0,5276.0498046875,5299.7998046875,5228.50390625,489242.0,0.0,0.0
2021-12-07,5299.7998046875,5435.25,5235.9501953125,5314.64990234375,5243.154296875,595254.0,0.0,0.0
2021-12-08,5313.0,5367.0,5278.0,5333.5,5261.75,557196.0,0.0,0.0
2021-12-09,5370.0,5386.0,5211.0,5232.7998046875,5162.4052734375,689987.0,0.0,0.0
2021-12-10,5265.0,5328.39990234375,5230.5,5245.2998046875,5174.7373046875,416165.0,0.0,0.0
2021-12-13,5286.7001953125,5329.0,5175.0,5206.7001953125,5136.65673828125,480443.0,0.0,0.0
2021-12-14,5126.0,5250.0,5065.0498046875,5212.0,5141.88427734375,1007056.0,0.0,0.0
2021-12-15,5230.0,5269.89990234375,5170.0498046875,5192.5498046875,5122.69677734375,377883.0,0.0,0.0
2021-12-16,5229.9501953125,5242.0,5143.0,5204.2998046875,5134.28759765625,265216.0,0.0,0.0
2021-12-17,5200.0,5200.0,4730.0,4786.7001953125,4722.306640625,1133941.0,0.0,0.0
2021-12-20,4780.0,4824.0,4643.14990234375,4704.9501953125,4641.65673828125,994682.0,0.0,0.0
2021-12-21,4760.0,4870.0,4695.0498046875,4847.60009765625,4782.3876953125,1004676.0,0.0,0.0
2021-12-22,4900.2001953125,4900.25,4750.0,4775.5498046875,4711.30615234375,779992.0,0.0,0.0
2021-12-23,4803.0,4899.0,4786.5498046875,4877.5498046875,4811.93408203125,582129.0,0.0,0.0
2021-12-24,4880.0,4905.9501953125,4823.75,4842.5,4777.35595703125,348742.0,0.0,0.0
2021-12-27,4854.35009765625,4860.0,4755.0,4840.0498046875,4774.9384765625,315490.0,0.0,0.0
2021-12-28,4854.7998046875,4894.0,4810.2001953125,4844.2001953125,4779.03369140625,348173.0,0.0,0.0
2021-12-29,4865.0,4991.2998046875,4833.0,4976.60009765625,4909.65185546875,861183.0,0.0,0.0
2021-12-30,4999.9501953125,5009.64990234375,4940.0,4970.75,4903.88134765625,617460.0,0.0,0.0
2021-12-31,4980.0,5056.7998046875,4953.0,5013.39990234375,4945.95703125,504012.0,0.0,0.0
2022-01-03,5038.4501953125,5068.0,4978.85009765625,4990.5,4923.3642578125,310798.0,0.0,0.0
2022-01-04,5015.0,5028.89990234375,4921.10009765625,4964.60009765625,4897.81298828125,369814.0,0.0,0.0
2022-01-05,4962.0,5138.64990234375,4922.0,4973.25,4906.34716796875,966342.0,0.0,0.0
2022-01-06,4970.0,5038.0,4905.0,4964.4501953125,4897.666015625,585391.0,0.0,0.0
2022-01-07,4960.0,5059.10009765625,4958.0,5021.85009765625,4954.29296875,549876.0,0.0,0.0
2022-01-10,5021.85009765625,5085.0,4963.0,5065.25,4997.109375,542304.0,0.0,0.0
2022-01-11,5050.0,5141.5,5020.2998046875,5059.0498046875,4990.99267578125,742409.0,0.0,0.0
2022-01-12,5075.0,5099.0,5005.64990234375,5014.39990234375,4946.94384765625,360219.0,0.0,0.0
2022-01-13,5024.89990234375,5051.0,4953.14990234375,4983.35009765625,4916.3115234375,457570.0,0.0,0.0
2022-01-14,4997.89990234375,5015.0,4930.0,4974.0498046875,4907.13623046875,207639.0,0.0,0.0
2022-01-17,4974.0,4984.7001953125,4900.0,4911.75,4845.673828125,337077.0,0.0,0.0
2022-01-18,4900.0,4909.89990234375,4505.0,4615.7998046875,4553.705078125,3507266.0,0.0,0.0
2022-01-19,4615.0,4615.0,4400.0,4515.9501953125,4455.19921875,2404880.0,0.0,0.0
2022-01-20,4525.0,4725.0,4490.0,4644.7998046875,4582.31494140625,2747887.0,0.0,0.0
2022-01-21,4649.9501953125,4733.75,4544.85009765625,4691.64990234375,4628.53564453125,1008450.0,0.0,0.0
2022-01-24,4690.0,4710.7998046875,4462.25,4498.14990234375,4437.63818359375,737762.0,0.0,0.0
2022-01-25,4415.0,4535.0,4250.10009765625,4486.0,4425.65185546875,917284.0,0.0,0.0
2022-01-27,4427.0,4427.0,4150.0,4292.25,4234.5078125,1244330.0,0.0,0.0
2022-01-28,4346.0,4565.0,4335.25,4478.60009765625,4418.3515625,932049.0,0.0,0.0
2022-01-31,4584.0,4584.0,4358.0498046875,4457.35009765625,4397.38720703125,934551.0,0.0,0.0
2022-02-01,4478.7998046875,4532.25,4444.0,4512.0498046875,4451.35107421875,548762.0,0.0,0.0
2022-02-02,4530.0,4683.0,4520.64990234375,4666.2998046875,4603.52587890625,676206.0,0.0,0.0
2022-02-03,4667.9501953125,4704.75,4602.7998046875,4642.7998046875,4580.34326171875,777217.0,0.0,0.0
2022-02-04,4640.0,4794.0,4601.75,4687.89990234375,4624.8359375,829635.0,0.0,0.0
2022-02-07,4687.39990234375,4724.5498046875,4450.0498046875,4475.14990234375,4414.94775390625,597040.0,0.0,0.0
2022-02-08,4497.5,4529.7001953125,4380.0,4399.5,4340.3154296875,628869.0,0.0,0.0
2022-02-09,4514.7001953125,4587.0,4430.0498046875,4577.25,4515.673828125,842211.0,0.0,0.0
2022-02-10,4576.0498046875,4623.0,4528.10009765625,4590.64990234375,4528.89404296875,487802.0,0.0,0.0
2022-02-11,4610.0,4613.4501953125,4476.4501953125,4514.89990234375,4454.1630859375,572726.0,0.0,0.0
2022-02-14,4479.10009765625,4678.0,4402.75,4486.35009765625,4425.99755859375,1094132.0,0.0,0.0
2022-02-15,4530.0,4675.0,4501.89990234375,4663.39990234375,4600.66455078125,791080.0,0.0,0.0
2022-02-16,4695.0,4724.0,4555.0498046875,4584.7998046875,4523.12255859375,584166.0,0.0,0.0
2022-02-17,4584.0,4667.5,4550.0,4564.7001953125,4503.29296875,520450.0,0.0,0.0
2022-02-18,4504.0,4592.7998046875,4462.5498046875,4471.5498046875,4411.39599609375,388145.0,0.0,0.0
2022-02-21,4471.0,4524.9501953125,4390.64990234375,4426.64990234375,4367.10009765625,392246.0,0.0,0.0
2022-02-22,4327.0,4605.5498046875,4300.0,4576.0498046875,4514.490234375,833525.0,0.0,0.0
2022-02-23,4595.0,4735.0,4590.5,4610.7998046875,4548.7724609375,755051.0,0.0,0.0
2022-02-24,4425.0,4535.0,4351.0498046875,4381.9501953125,4323.0009765625,814710.0,0.0,0.0
2022-02-25,4570.0,4747.60009765625,4465.75,4633.4501953125,4571.11865234375,1187316.0,0.0,0.0
2022-02-28,4615.0,4826.0,4571.2001953125,4802.7998046875,4738.189453125,1617666.0,0.0,0.0
2022-03-02,4827.0,4903.9501953125,4780.2001953125,4861.25,4795.85302734375,1194676.0,0.0,0.0
2022-03-03,4880.0,4969.0,4875.0498046875,4917.7998046875,4851.642578125,930907.0,0.0,0.0
2022-03-04,4880.0,4889.39990234375,4732.2001953125,4747.25,4683.38720703125,738388.0,0.0,0.0
2022-03-07,4620.0,4732.7998046875,4583.85009765625,4664.35009765625,4601.60302734375,643012.0,0.0,0.0
2022-03-08,4660.0,4740.0,4595.39990234375,4722.25,4658.7236328125,670238.0,0.0,0.0
2022-03-09,4779.0,4814.89990234375,4694.0,4710.9501953125,4647.57568359375,447387.0,0.0,0.0
2022-03-10,4805.60009765625,4819.0,4745.0,4769.7001953125,4705.53564453125,363906.0,0.0,0.0
2022-03-11,4748.0,4863.0,4735.25,4854.10009765625,4788.80029296875,436703.0,0.0,0.0
2022-03-14,4890.0,5016.5498046875,4864.0498046875,4923.5,4857.267578125,626924.0,0.0,0.0
2022-03-15,4949.9501953125,4999.0,4700.0,4812.9501953125,4748.20361328125,686998.0,0.0,0.0
2022-03-16,4893.60009765625,4957.14990234375,4832.2001953125,4943.64990234375,4877.14501953125,477521.0,0.0,0.0
2022-03-17,4947.0,4998.0,4824.89990234375,4839.89990234375,4774.79052734375,852493.0,0.0,0.0
2022-03-21,4875.0,4914.89990234375,4755.0498046875,4767.39990234375,4703.26611328125,509842.0,0.0,0.0
2022-03-22,4798.0,4828.0,4471.85009765625,4677.60009765625,4614.67431640625,1255679.0,0.0,0.0
2022-03-23,4697.5,4716.0498046875,4595.60009765625,4608.2001953125,4546.2080078125,896055.0,0.0,0.0
2022-03-24,4599.9501953125,4685.0,4558.60009765625,4628.5498046875,4566.2841796875,719101.0,0.0,0.0
2022-03-25,4670.0,4764.0,4622.39990234375,4683.2001953125,4620.19921875,968364.0,0.0,0.0
2022-03-28,4712.7998046875,4720.0,4600.0498046875,4658.60009765625,4595.93017578125,524802.0,0.0,0.0
2022-03-29,4685.89990234375,4697.5,4599.0498046875,4613.75,4551.68310546875,778391.0,0.0,0.0
2022-03-30,4677.0,4693.7001953125,4579.64990234375,4614.7998046875,4552.71875,4839707.0,0.0,0.0
2022-03-31,4625.0,4634.7001953125,4500.85009765625,4516.10009765625,4455.34716796875,1225845.0,0.0,0.0
2022-04-01,4558.0,4558.0,4455.10009765625,4506.89990234375,4446.271484375,827880.0,0.0,0.0
2022-04-04,4557.0,4583.2998046875,4499.0,4564.9501953125,4503.54052734375,619577.0,0.0,0.0
2022-04-05,4605.0,4605.0,4542.14990234375,4554.25,4492.98388671875,487075.0,0.0,0.0
2022-04-06,4567.0,4609.0,4498.14990234375,4511.75,4451.0556640625,653418.0,0.0,0.0
2022-04-07,4531.0,4583.7001953125,4490.0,4536.5,4475.47265625,413722.0,0.0,0.0
2022-04-08,4574.0,4628.5,4514.0,4606.14990234375,4544.18505859375,685882.0,0.0,0.0
2022-04-11,4607.0,4686.64990234375,4575.5,4662.14990234375,4599.431640625,652187.0,0.0,0.0
2022-04-12,4669.0,4682.0,4594.5498046875,4626.2998046875,4564.06494140625,574409.0,0.0,0.0
2022-04-13,4629.0,4764.0,4629.0,4744.4501953125,4680.625,812061.0,0.0,0.0
2022-04-18,4724.5,4744.4501953125,4518.0,4554.5,4493.22998046875,579482.0,0.0,0.0
2022-04-19,4594.0,4870.0,4583.39990234375,4816.35009765625,4751.5576171875,1713344.0,0.0,0.0
2022-04-20,4806.0,4850.0,4731.39990234375,4780.9501953125,4716.63427734375,777140.0,0.0,0.0
2022-04-21,4840.0,4903.64990234375,4770.10009765625,4885.25,4819.53076171875,771623.0,0.0,0.0
2022-04-22,4849.9501953125,4860.0,4788.0,4813.7001953125,4748.943359375,381911.0,0.0,0.0
2022-04-25,4765.60009765625,4765.60009765625,4608.35009765625,4676.0498046875,4613.1455078125,421185.0,0.0,0.0
2022-04-26,4733.0,4741.0,4601.0,4624.0498046875,4561.84375,548203.0,0.0,0.0
2022-04-27,4620.0,4658.9501953125,4500.0,4522.9501953125,4462.1044921875,476441.0,0.0,0.0
2022-04-28,4580.0,4603.0,4505.0498046875,4537.85009765625,4476.8046875,552600.0,0.0,0.0
2022-04-29,4545.0,4596.0,4431.0,4454.35009765625,4394.42724609375,465103.0,0.0,0.0
2022-05-02,4440.0,4440.0,4290.0,4304.75,4246.8408203125,568610.0,0.0,0.0
2022-05-04,4302.5,4325.35009765625,3996.050048828125,4013.300048828125,3959.310791015625,1729814.0,0.0,0.0
2022-05-05,4042.0,4054.14990234375,3930.0,3949.10009765625,3895.974365234375,1122769.0,0.0,0.0
2022-05-06,3898.64990234375,3898.64990234375,3791.050048828125,3827.35009765625,3775.8623046875,891448.0,0.0,0.0
2022-05-09,3805.0,3807.949951171875,3739.64990234375,3766.35009765625,3715.683349609375,521295.0,0.0,0.0
2022-05-10,3770.0,3782.699951171875,3661.800048828125,3686.89990234375,3637.30126953125,836241.0,0.0,0.0
2022-05-11,3709.89990234375,3734.89990234375,3619.64990234375,3679.64990234375,3630.149658203125,524764.0,0.0,0.0
2022-05-12,3650.0,3650.0,3541.449951171875,3580.85009765625,3532.678466796875,717916.0,0.0,0.0
2022-05-13,3601.89990234375,3712.89990234375,3530.0,3547.800048828125,3500.07275390625,957908.0,0.0,0.0
2022-05-16,3581.0,3707.89990234375,3553.050048828125,3686.75,3637.153564453125,600622.0,0.0,0.0
2022-05-17,3712.0,3832.949951171875,3678.050048828125,3813.14990234375,3761.853515625,843357.0,0.0,0.0
2022-05-18,3822.0,3842.0,3725.0,3735.0,3684.75439453125,427461.0,0.0,0.0
2022-05-19,3609.60009765625,3717.85009765625,3609.60009765625,3631.800048828125,3582.943115234375,572640.0,0.0,0.0
2022-05-20,3695.0,3695.0,3586.0,3668.0,3618.656005859375,692428.0,0.0,0.0
2022-05-23,3668.0,3764.64990234375,3666.0,3716.949951171875,3666.947509765625,401917.0,0.0,0.0
2022-05-24,3740.0,3740.0,3613.5,3631.64990234375,3582.794921875,471324.0,0.0,0.0
2022-05-25,3650.25,3673.949951171875,3486.14990234375,3524.300048828125,3476.888916015625,370431.0,0.0,0.0
2022-05-26,3386.0,3709.0,3361.550048828125,3662.800048828125,3613.52587890625,1730687.0,0.0,0.0
2022-05-27,3700.0,3880.0,3573.0,3861.75,3809.79931640625,1733752.0,0.0,0.0
2022-05-30,3890.0,3915.550048828125,3820.449951171875,3891.949951171875,3839.59326171875,666686.0,0.0,0.0
2022-05-31,3855.0,3999.800048828125,3839.050048828125,3979.300048828125,3925.76806640625,1361696.0,0.0,0.0
2022-06-01,3939.550048828125,3989.75,3790.050048828125,3839.0,3787.35546875,794887.0,0.0,0.0
2022-06-02,3845.0,3845.0,3623.75,3645.25,3596.212158203125,1891062.0,0.0,0.0
2022-06-03,3689.0,3693.949951171875,3546.35009765625,3588.800048828125,3540.521484375,1305662.0,0.0,0.0
2022-06-06,3580.10009765625,3649.89990234375,3542.10009765625,3633.699951171875,3584.817138671875,561188.0,0.0,0.0
2022-06-07,3633.699951171875,3633.699951171875,3525.0,3609.300048828125,3560.745849609375,490554.0,0.0,0.0
2022-06-08,3600.0,3645.0,3557.0,3636.199951171875,3587.28369140625,342056.0,0.0,0.0
2022-06-09,3624.800048828125,3680.64990234375,3561.0,3670.050048828125,3620.678466796875,483671.0,0.0,0.0
2022-06-10,3620.5,3715.0,3595.5,3700.5,3650.71875,624657.0,0.0,0.0
2022-06-13,3649.0,3678.050048828125,3592.0,3651.89990234375,3602.7724609375,523342.0,0.0,0.0
2022-06-14,3628.199951171875,3757.85009765625,3622.75,3706.199951171875,3656.34228515625,655865.0,0.0,0.0
2022-06-15,3737.949951171875,3756.10009765625,3645.89990234375,3722.699951171875,3672.6201171875,466405.0,0.0,0.0
2022-06-16,3745.0,3775.0,3647.0,3663.64990234375,3614.364501953125,678602.0,0.0,0.0
2022-06-17,3600.0,3724.0,3556.10009765625,3701.25,3651.458740234375,768620.0,0.0,0.0
2022-06-20,3700.0,3825.0,3682.89990234375,3811.699951171875,3760.422607421875,673219.0,0.0,0.0
2022-06-21,3849.949951171875,3869.0,3794.050048828125,3808.199951171875,3756.97021484375,596024.0,0.0,0.0
2022-06-22,3789.050048828125,3807.75,3713.25,3787.75,3736.794921875,359601.0,0.0,0.0
2022-06-23,3761.800048828125,3857.0,3723.14990234375,3850.5,3798.70068359375,646244.0,0.0,0.0
2022-06-24,3902.0,3922.0,3762.0,3838.39990234375,3786.763671875,1024811.0,0.0,0.0
2022-06-27,3849.0,3870.0,3775.0,3794.5,3743.453857421875,708737.0,0.0,0.0
2022-06-28,3759.050048828125,3846.64990234375,3722.89990234375,3837.35009765625,3785.727783203125,463753.0,0.0,0.0
2022-06-29,3767.199951171875,3817.949951171875,3695.0,3713.0,3663.05029296875,567477.0,0.0,0.0
2022-06-30,3714.0,3765.5,3656.39990234375,3683.5,3633.94775390625,534241.0,0.0,0.0
2022-07-01,3680.0,3745.0,3635.199951171875,3736.14990234375,3685.88916015625,316894.0,0.0,0.0
2022-07-04,3732.0,3782.800048828125,3700.050048828125,3770.10009765625,3719.38232421875,300790.0,0.0,0.0
2022-07-05,3761.0,3874.75,3761.0,3817.39990234375,3766.046142578125,468762.0,0.0,0.0
2022-07-06,3809.10009765625,3889.550048828125,3783.5,3883.5,3831.257080078125,390568.0,0.0,0.0
2022-07-07,3894.050048828125,3930.0,3868.25,3915.25,3862.579833984375,398354.0,0.0,0.0
2022-07-08,3918.0,3946.0,3910.0,3936.14990234375,3883.198486328125,268377.0,0.0,0.0
2022-07-11,3935.0,3968.14990234375,3895.050048828125,3933.25,3880.337646484375,199806.0,0.0,0.0
2022-07-12,3900.0,4098.7001953125,3900.0,3929.699951171875,3876.835693359375,1125104.0,0.0,0.0
2022-07-13,3951.14990234375,3958.949951171875,3861.199951171875,3868.300048828125,3816.261474609375,385514.0,0.0,0.0
2022-07-14,3927.0,3979.300048828125,3880.050048828125,3898.050048828125,3845.611572265625,656393.0,0.0,0.0
2022-07-15,3898.050048828125,3944.0,3875.0,3931.699951171875,3878.80859375,318645.0,0.0,0.0
2022-07-18,3940.10009765625,3970.800048828125,3890.14990234375,3947.10009765625,3894.000732421875,291155.0,0.0,0.0
2022-07-19,3944.39990234375,4032.949951171875,3923.39990234375,4020.199951171875,3966.117919921875,412946.0,0.0,0.0
2022-07-20,4090.0,4141.7001953125,4030.050048828125,4110.25,4054.95703125,753440.0,0.0,0.0
2022-07-21,4112.0,4169.85009765625,4096.35009765625,4150.0498046875,4094.22119140625,542974.0,0.0,0.0
2022-07-22,4150.2001953125,4169.60009765625,4089.949951171875,4125.2998046875,4069.8037109375,378496.0,0.0,0.0
2022-07-25,4144.0,4252.89990234375,4138.0498046875,4189.89990234375,4133.53515625,1127478.0,0.0,0.0
2022-07-26,4185.0,4188.9501953125,4088.0,4110.2001953125,4054.907470703125,363638.0,0.0,0.0
2022-07-27,4112.0,4136.9501953125,4022.0,4125.60009765625,4070.100341796875,440198.0,0.0,0.0
2022-07-28,4149.0,4206.0,4135.0,4190.5,4134.126953125,364711.0,0.0,0.0
2022-07-29,4206.0,4252.7998046875,4187.0,4212.2998046875,4155.63330078125,333278.0,0.0,0.0
2022-08-01,4240.0,4293.75,4190.0,4288.10009765625,4230.41455078125,311325.0,0.0,0.0
2022-08-02,4311.0,4348.25,4270.9501953125,4325.89990234375,4267.70556640625,440869.0,0.0,0.0
2022-08-03,4325.9501953125,4386.75,4280.10009765625,4310.0498046875,4252.068359375,367949.0,0.0,0.0
2022-08-04,4322.9501953125,4409.0,4310.0,4395.7998046875,4336.66455078125,358472.0,0.0,0.0
2022-08-05,4395.7998046875,4422.0,4335.0,4374.10009765625,4315.25732421875,207510.0,0.0,0.0
2022-08-08,4388.9501953125,4474.5498046875,4380.0498046875,4427.35009765625,4367.79052734375,445755.0,0.0,0.0
2022-08-10,4438.89990234375,4625.9501953125,4397.10009765625,4517.14990234375,4456.38232421875,867000.0,0.0,0.0
2022-08-11,4539.60009765625,4552.5,4418.0,4429.64990234375,4370.06005859375,446510.0,0.0,0.0
2022-08-12,4350.0498046875,4394.7998046875,4276.10009765625,4312.75,4254.732421875,1412625.0,0.0,0.0
2022-08-16,4350.0,4381.5498046875,4206.89990234375,4349.39990234375,4290.88916015625,596342.0,0.0,0.0
2022-08-17,4349.0,4370.0498046875,4285.85009765625,4305.75,4247.82666015625,502434.0,0.0,0.0
2022-08-18,4315.0,4338.60009765625,4250.0,4266.64990234375,4220.7705078125,580509.0,11.75,0.0
2022-08-19,4291.0,4309.4501953125,4120.0,4135.35009765625,4090.882568359375,719126.0,0.0,0.0
2022-08-22,4133.0,4133.0,3995.60009765625,4024.89990234375,3981.61962890625,723542.0,0.0,0.0
2022-08-23,4024.800048828125,4093.449951171875,3987.85009765625,4070.949951171875,4027.174560546875,497236.0,0.0,0.0
2022-08-24,4079.0,4220.0,4077.949951171875,4210.75,4165.4716796875,956039.0,0.0,0.0
2022-08-25,4215.0,4239.85009765625,4156.7001953125,4168.7998046875,4123.97216796875,414795.0,0.0,0.0
2022-08-26,4207.0,4235.75,4156.2001953125,4215.25,4169.92333984375,342452.0,0.0,0.0
2022-08-29,4100.0,4272.0,4086.0,4251.5,4205.783203125,914112.0,0.0,0.0
2022-08-30,4251.5,4337.5,4233.2001953125,4322.89990234375,4276.416015625,848217.0,0.0,0.0
2022-09-01,4298.0,4328.9501953125,4244.0,4277.14990234375,4231.1572265625,390072.0,0.0,0.0
2022-09-02,4309.7998046875,4398.0,4284.0,4312.35009765625,4265.97900390625,735146.0,0.0,0.0
2022-09-05,4282.0,4308.60009765625,4233.0,4282.5498046875,4236.49951171875,522750.0,0.0,0.0
2022-09-06,4298.89990234375,4422.0,4291.75,4415.5,4368.0205078125,1078704.0,0.0,0.0
2022-09-07,4379.2001953125,4410.0,4335.0,4376.5,4329.439453125,396347.0,0.0,0.0
2022-09-08,4400.0,4444.89990234375,4361.0,4414.7998046875,4367.3271484375,562760.0,0.0,0.0
2022-09-09,4436.89990234375,4474.89990234375,4415.0,4460.35009765625,4412.38720703125,476210.0,0.0,0.0
2022-09-12,4473.0,4501.7998046875,4447.0498046875,4481.60009765625,4433.4091796875,331303.0,0.0,0.0
2022-09-13,4520.0,4520.0,4466.2998046875,4490.10009765625,4441.818359375,309270.0,0.0,0.0
2022-09-14,4405.35009765625,4480.0,4405.35009765625,4427.60009765625,4379.98974609375,362669.0,0.0,0.0
2022-09-15,4449.75,4459.14990234375,4328.0498046875,4341.85009765625,4295.1630859375,427750.0,0.0,0.0
2022-09-16,4342.0,4363.2998046875,4257.0,4279.75,4233.7294921875,458526.0,0.0,0.0
2022-09-19,4295.89990234375,4331.0,4226.7001953125,4308.2001953125,4261.87353515625,266140.0,0.0,0.0
2022-09-20,4316.5,4595.0,4316.5,4559.35009765625,4510.3232421875,1173769.0,0.0,0.0
2022-09-21,4556.0,4668.5,4556.0,4604.7998046875,4555.2841796875,1177984.0,0.0,0.0
2022-09-22,4569.5498046875,4631.2001953125,4522.2001953125,4608.89990234375,4559.3408203125,511789.0,0.0,0.0
2022-09-23,4610.0,4719.0,4382.85009765625,4418.4501953125,4370.93798828125,1205497.0,0.0,0.0
2022-09-26,4418.4501953125,4420.4501953125,4191.10009765625,4282.7001953125,4236.6484375,843901.0,0.0,0.0
2022-09-27,4335.0,4354.10009765625,4205.0,4242.9501953125,4197.32568359375,651304.0,0.0,0.0
2022-09-28,4229.0,4295.0,4183.10009765625,4268.9501953125,4223.04638671875,395837.0,0.0,0.0
2022-09-29,4297.4501953125,4404.64990234375,4284.9501953125,4391.7001953125,4344.4765625,631907.0,0.0,0.0
2022-09-30,4352.2001953125,4484.89990234375,4352.2001953125,4383.39990234375,4336.26513671875,761064.0,0.0,0.0
2022-10-03,4385.0,4490.0,4350.9501953125,4365.2001953125,4318.26171875,454169.0,0.0,0.0
2022-10-04,4430.0,4444.5498046875,4365.2001953125,4404.39990234375,4357.0380859375,307009.0,0.0,0.0
2022-10-06,4426.4501953125,4450.0,4361.2998046875,4390.5,4343.28857421875,272050.0,0.0,0.0
2022-10-07,4379.60009765625,4433.0,4353.5498046875,4394.10009765625,4346.85009765625,501530.0,0.0,0.0
2022-10-10,4375.0,4420.0,4295.0,4340.60009765625,4293.92529296875,207878.0,0.0,0.0
2022-10-11,4362.35009765625,4362.35009765625,4263.64990234375,4275.5498046875,4229.57470703125,258216.0,0.0,0.0
2022-10-12,4280.0,4350.0,4245.0,4287.0498046875,4240.951171875,621343.0,0.0,0.0
2022-10-13,4270.10009765625,4317.9501953125,4236.0,4266.0498046875,4220.17724609375,277038.0,0.0,0.0
2022-10-14,4301.0,4324.0,4264.0498046875,4297.14990234375,4250.94189453125,254366.0,0.0,0.0
2022-10-17,4290.0,4300.5498046875,4221.0498046875,4290.85009765625,4244.7109375,254734.0,0.0,0.0
2022-10-18,4325.0,4377.0,4258.0,4366.0,4319.052734375,387469.0,0.0,0.0
2022-10-19,4380.0,4405.89990234375,4341.10009765625,4388.75,4341.5576171875,249672.0,0.0,0.0
2022-10-20,4384.0,4393.2998046875,4295.2001953125,4322.5,4276.01953125,370651.0,0.0,0.0
2022-10-21,4344.14990234375,4430.0,4322.7001953125,4389.0498046875,4341.85400390625,364601.0,0.0,0.0
2022-10-24,4410.2001953125,4435.0,4320.0,4410.14990234375,4362.7275390625,30919.0,0.0,0.0
2022-10-25,4437.7998046875,4449.89990234375,4372.0,4404.0498046875,4356.6923828125,474364.0,0.0,0.0
2022-10-27,4445.0,4499.0,4402.85009765625,4431.85009765625,4384.19482421875,421237.0,0.0,0.0
2022-10-28,4454.25,4584.0,4415.0,4567.0,4517.89111328125,691801.0,0.0,0.0
2022-10-31,4582.10009765625,4625.0,4491.5,4517.5,4468.92333984375,433481.0,0.0,0.0
2022-11-01,4577.0,4647.0,4470.0,4511.35009765625,4462.83935546875,866656.0,0.0,0.0
2022-11-02,4512.0,4532.7998046875,4370.0,4383.10009765625,4335.96875,643118.0,0.0,0.0
2022-11-03,4370.0,4425.0,4349.35009765625,4395.0,4347.740234375,457168.0,0.0,0.0
2022-11-04,4410.0,4410.0,4340.0498046875,4362.60009765625,4315.68896484375,669679.0,0.0,0.0
2022-11-07,4384.4501953125,4420.0,4336.4501953125,4363.7998046875,4316.87548828125,356178.0,0.0,0.0
2022-11-09,4347.0,4435.0,4344.0,4361.2001953125,4314.30419921875,378028.0,0.0,0.0
2022-11-10,4374.5,4377.4501953125,4250.0,4285.4501953125,4239.369140625,527721.0,0.0,0.0
2022-11-11,4386.0,4540.0,4330.0498046875,4421.39990234375,4373.85595703125,1685313.0,0.0,0.0
2022-11-14,4430.0,4568.0,4425.2001953125,4556.7001953125,4507.701171875,886587.0,0.0,0.0
2022-11-15,4560.0,4629.0,4527.0,4611.9501953125,4562.35791015625,492794.0,0.0,0.0
2022-11-16,4605.0,4610.0,4461.0,4479.25,4431.0849609375,499585.0,0.0,0.0
2022-11-17,4490.0,4515.9501953125,4370.7001953125,4400.2998046875,4352.98291015625,430622.0,0.0,0.0
2022-11-18,4430.0,4449.0,4320.0,4399.14990234375,4351.845703125,385705.0,0.0,0.0
2022-11-21,4403.9501953125,4440.0,4341.0,4418.85009765625,4371.333984375,336664.0,0.0,0.0
2022-11-22,4420.9501953125,4480.0,4380.0,4469.7998046875,4421.736328125,310657.0,0.0,0.0
2022-11-23,4482.2998046875,4616.14990234375,4448.0,4605.2001953125,4555.68115234375,799422.0,0.0,0.0
2022-11-24,4630.0,4833.0,4614.0,4815.0498046875,4763.27294921875,1822610.0,0.0,0.0
2022-11-25,4815.0,4885.0,4751.0498046875,4789.4501953125,4737.94970703125,1069669.0,0.0,0.0
2022-11-28,4761.0,4768.85009765625,4683.25,4721.85009765625,4671.07568359375,598162.0,0.0,0.0
2022-11-29,4725.0,4842.0,4707.64990234375,4719.2001953125,4668.45361328125,910558.0,0.0,0.0
2022-11-30,4719.2001953125,4760.10009765625,4642.60009765625,4726.39990234375,4675.57763671875,1113421.0,0.0,0.0
2022-12-01,4765.0,4794.0,4701.0498046875,4775.7001953125,4724.3466796875,611403.0,0.0,0.0
2022-12-02,4771.0,4882.9501953125,4743.0498046875,4871.4501953125,4819.06787109375,996306.0,0.0,0.0
2022-12-05,4885.0,4901.9501953125,4766.9501953125,4778.35009765625,4726.96875,684834.0,0.0,0.0
2022-12-06,4770.35009765625,4800.0,4715.0,4788.0498046875,4736.5634765625,354855.0,0.0,0.0
2022-12-07,4804.7001953125,4815.0,4710.89990234375,4727.39990234375,4676.56640625,354913.0,0.0,0.0
2022-12-08,4738.0,4777.85009765625,4681.39990234375,4704.5,4653.912109375,336491.0,0.0,0.0
2022-12-09,4728.0,4735.9501953125,4675.25,4685.10009765625,4634.720703125,271785.0,0.0,0.0
2022-12-12,4677.0,4756.0,4630.0,4742.2998046875,4691.30615234375,445259.0,0.0,0.0
2022-12-13,4746.0,4761.35009765625,4661.2998046875,4678.85009765625,4628.53857421875,363818.0,0.0,0.0
2022-12-14,4712.0,4712.0,4656.60009765625,4666.14990234375,4615.974609375,356293.0,0.0,0.0
2022-12-15,4679.9501953125,4686.60009765625,4627.64990234375,4642.89990234375,4592.974609375,316614.0,0.0,0.0
2022-12-16,4638.0,4638.0,4551.7001953125,4565.14990234375,4516.060546875,342890.0,0.0,0.0
2022-12-19,4600.0,4620.0,4521.0498046875,4610.4501953125,4560.87353515625,308464.0,0.0,0.0
2022-12-20,4610.35009765625,4616.4501953125,4540.25,4596.64990234375,4547.22265625,282355.0,0.0,0.0
2022-12-21,4610.7998046875,4788.4501953125,4602.2001953125,4766.2001953125,4714.94873046875,877375.0,0.0,0.0
2022-12-22,4795.0,4848.7998046875,4725.0,4781.7001953125,4730.2822265625,902304.0,0.0,0.0
2022-12-23,4765.7001953125,4805.0,4686.35009765625,4700.14990234375,4649.609375,473498.0,0.0,0.0
2022-12-26,4723.7001953125,4740.0,4652.5,4684.0498046875,4633.68212890625,247357.0,0.0,0.0
2022-12-27,4685.0,4712.7001953125,4625.64990234375,4643.7998046875,4593.865234375,226485.0,0.0,0.0
2022-12-28,4652.0,4679.60009765625,4582.0,4588.64990234375,4539.30859375,313366.0,0.0,0.0
2022-12-29,4588.64990234375,4610.0,4478.5,4524.4501953125,4475.798828125,530411.0,0.0,0.0
2022-12-30,4550.0,4582.4501953125,4468.10009765625,4477.60009765625,4429.4521484375,348965.0,0.0,0.0
2023-01-02,4488.0,4516.7001953125,4446.0,4454.35009765625,4406.4521484375,246577.0,0.0,0.0
2023-01-03,4467.0,4508.9501953125,4425.10009765625,4490.89990234375,4442.609375,430096.0,0.0,0.0
2023-01-04,4495.0,4514.10009765625,4425.0,4433.2998046875,4385.62841796875,414977.0,0.0,0.0
2023-01-05,4455.5,4455.5,4356.0,4429.0498046875,4381.423828125,468816.0,0.0,0.0
2023-01-06,4442.0498046875,4474.2998046875,4369.0,4387.4501953125,4340.2724609375,299640.0,0.0,0.0
2023-01-09,4424.35009765625,4452.14990234375,4381.0498046875,4407.7001953125,4360.30419921875,407803.0,0.0,0.0
2023-01-10,4410.0,4489.0,4406.0,4466.64990234375,4418.619140625,557940.0,0.0,0.0
2023-01-11,4474.0,4482.4501953125,4336.0498046875,4360.60009765625,4313.71044921875,462687.0,0.0,0.0
2023-01-12,4370.9501953125,4382.39990234375,4325.25,4359.75,4312.87060546875,207917.0,0.0,0.0
2023-01-13,4365.0,4370.0,4268.0498046875,4335.5498046875,4288.92919921875,366497.0,0.0,0.0
2023-01-16,4364.25,4364.25,4285.0,4294.64990234375,4248.4697265625,210854.0,0.0,0.0
2023-01-17,4316.2001953125,4336.4501953125,4275.0,4322.85009765625,4276.36669921875,294500.0,0.0,0.0
2023-01-18,4337.0,4352.0,4305.0,4339.7998046875,4293.1337890625,331806.0,0.0,0.0
2023-01-19,4339.7998046875,4339.7998046875,4285.64990234375,4318.14990234375,4271.71630859375,162244.0,0.0,0.0
2023-01-20,4302.0,4322.4501953125,4264.2001953125,4285.25,4239.17041015625,242706.0,0.0,0.0
2023-01-23,4294.39990234375,4353.5,4286.89990234375,4335.4501953125,4288.8310546875,161350.0,0.0,0.0
2023-01-24,4349.9501953125,4349.9501953125,4290.7998046875,4305.0,4258.708984375,178860.0,0.0,0.0
2023-01-25,4314.9501953125,4318.0,4194.0,4224.35009765625,4178.92578125,423714.0,0.0,0.0
2023-01-27,4228.0,4285.35009765625,4192.10009765625,4244.14990234375,4198.51220703125,421866.0,0.0,0.0
2023-01-30,4236.5,4260.0,4123.0,4237.7001953125,4192.1318359375,623069.0,0.0,0.0
2023-01-31,4239.5,4303.75,4127.0498046875,4255.89990234375,4210.1357421875,671038.0,0.0,0.0
2023-02-01,4275.0,4352.0,4211.5,4262.64990234375,4216.8134765625,321331.0,0.0,0.0
2023-02-02,4262.0,4262.0,4170.0,4231.5,4185.99755859375,479256.0,0.0,0.0
2023-02-03,4245.0,4259.7998046875,4158.0,4251.60009765625,4205.8828125,413966.0,0.0,0.0
2023-02-06,4211.0,4335.64990234375,4189.64990234375,4320.7001953125,4274.240234375,257669.0,0.0,0.0
2023-02-07,4305.0,4360.0,4271.35009765625,4315.60009765625,4269.1943359375,319090.0,0.0,0.0
2023-02-08,4320.0,4404.2998046875,4302.5498046875,4391.25,4344.03076171875,250175.0,0.0,0.0
2023-02-09,4347.35009765625,4404.4501953125,4325.0,4389.2998046875,4342.1015625,284239.0,0.0,0.0
2023-02-10,4385.39990234375,4425.2998046875,4350.25,4416.25,4368.76123046875,359807.0,0.0,0.0
2023-02-13,4430.39990234375,4439.60009765625,4328.0,4358.64990234375,4311.78173828125,272935.0,0.0,0.0
2023-02-14,4380.4501953125,4380.4501953125,4251.0498046875,4268.85009765625,4222.94677734375,339582.0,0.0,0.0
2023-02-15,4170.0,4514.0,4170.0,4487.89990234375,4439.6416015625,2724361.0,0.0,0.0
2023-02-16,4509.9501953125,4668.0,4500.14990234375,4643.14990234375,4593.22216796875,1419679.0,0.0,0.0
2023-02-17,4640.14990234375,4668.9501953125,4576.0,4614.7001953125,4565.078125,408098.0,0.0,0.0
2023-02-20,4593.0,4649.9501953125,4575.35009765625,4610.60009765625,4561.0224609375,232327.0,0.0,0.0
2023-02-21,4611.0,4640.0,4491.0,4502.0498046875,4453.638671875,490637.0,0.0,0.0
2023-02-22,4505.0,4535.9501953125,4440.0,4449.10009765625,4401.2587890625,333978.0,0.0,0.0
2023-02-23,4471.35009765625,4518.2998046875,4401.0,4448.0498046875,4400.22021484375,443522.0,0.0,0.0
2023-02-24,4455.0498046875,4486.0,4396.89990234375,4470.64990234375,4428.55126953125,358946.0,6.0,0.0
2023-02-27,4485.0,4494.75,4415.0498046875,4439.75,4397.94189453125,215703.0,0.0,0.0
2023-02-28,4449.0,4473.39990234375,4361.2998046875,4401.64990234375,4360.2001953125,312308.0,0.0,0.0
2023-03-01,4401.64990234375,4446.0,4337.25,4413.7998046875,4372.23583984375,287008.0,0.0,0.0
2023-03-02,4429.0,4450.2001953125,4381.35009765625,4402.2001953125,4360.74462890625,313250.0,0.0,0.0
2023-03-03,4416.75,4445.0,4393.89990234375,4408.2998046875,4366.78759765625,168868.0,0.0,0.0
2023-03-06,4416.0,4488.89990234375,4412.0498046875,4421.10009765625,4379.46728515625,242661.0,0.0,0.0
2023-03-08,4414.89990234375,4441.2001953125,4360.0,4376.0498046875,4334.8408203125,246734.0,0.0,0.0
2023-03-09,4399.0,4538.25,4385.14990234375,4418.14990234375,4376.54541015625,684685.0,0.0,0.0
2023-03-10,4399.7001953125,4399.7001953125,4291.64990234375,4317.25,4276.595703125,328154.0,0.0,0.0
2023-03-13,4327.0,4435.9501953125,4322.0,4345.0,4304.08447265625,496455.0,0.0,0.0
2023-03-14,4345.0,4354.75,4275.0,4299.60009765625,4259.11181640625,279237.0,0.0,0.0
2023-03-15,4334.75,4367.9501953125,4309.2998046875,4328.7998046875,4288.037109375,279479.0,0.0,0.0
2023-03-16,4330.9501953125,4370.0,4266.0,4319.0498046875,4278.37841796875,300181.0,0.0,0.0
2023-03-17,4340.0,4376.2001953125,4296.7001953125,4346.5,4305.5693359375,368653.0,0.0,0.0
2023-03-20,4322.0,4353.89990234375,4195.0,4313.0,4272.38525390625,563835.0,0.0,0.0
2023-03-21,4320.0,4353.89990234375,4266.0,4274.0,4233.75244140625,239304.0,0.0,0.0
2023-03-22,4275.0498046875,4295.0,4211.10009765625,4285.10009765625,4244.748046875,302705.0,0.0,0.0
2023-03-23,4276.0,4299.35009765625,4243.5498046875,4273.0498046875,4232.81103515625,233054.0,0.0,0.0
2023-03-24,4277.5,4354.64990234375,4261.0,4283.35009765625,4243.0146484375,354933.0,0.0,0.0
2023-03-27,4304.7001953125,4407.89990234375,4277.0,4318.10009765625,4277.4375,495895.0,0.0,0.0
2023-03-28,4334.7998046875,4343.5,4245.0498046875,4333.60009765625,4292.79150390625,343628.0,0.0,0.0
2023-03-29,4333.60009765625,4380.0,4311.10009765625,4363.0,4321.9140625,250790.0,0.0,0.0
2023-03-31,4384.85009765625,4400.9501953125,4299.9501953125,4310.89990234375,4270.30517578125,465663.0,0.0,0.0
2023-04-03,4343.5,4343.9501953125,4220.14990234375,4234.35009765625,4194.4765625,493574.0,0.0,0.0
2023-04-05,4250.0,4250.0,4168.0,4200.9501953125,4161.39111328125,622533.0,0.0,0.0
2023-04-06,4217.0,4225.0,4183.14990234375,4201.9501953125,4162.380859375,286725.0,0.0,0.0
2023-04-10,4215.0,4243.64990234375,4187.2998046875,4237.0,4197.10107421875,323560.0,0.0,0.0
2023-04-11,4263.0,4286.7998046875,4221.14990234375,4271.2998046875,4231.078125,284178.0,0.0,0.0
2023-04-12,4287.7001953125,4328.9501953125,4266.5,4320.2001953125,4279.51806640625,304498.0,0.0,0.0
2023-04-13,4329.0,4481.10009765625,4320.2998046875,4398.2998046875,4356.88232421875,1257056.0,0.0,0.0
2023-04-17,4410.0,4448.39990234375,4340.0,4386.7001953125,4345.3916015625,334963.0,0.0,0.0
2023-04-18,4380.0,4384.10009765625,4293.89990234375,4338.64990234375,4297.79443359375,409038.0,0.0,0.0
2023-04-19,4355.0,4355.0,4221.5498046875,4320.2998046875,4279.6162109375,517278.0,0.0,0.0
2023-04-20,4320.2998046875,4358.85009765625,4233.14990234375,4348.39990234375,4307.45166015625,484517.0,0.0,0.0
2023-04-21,4340.0,4428.0,4318.4501953125,4361.2998046875,4320.23046875,485292.0,0.0,0.0
2023-04-24,4362.2998046875,4462.2001953125,4362.2998046875,4399.0498046875,4357.62451171875,571150.0,0.0,0.0
2023-04-25,4409.9501953125,4446.25,4383.10009765625,4416.5,4374.91162109375,252655.0,0.0,0.0
2023-04-26,4419.9501953125,4488.7001953125,4401.0,4410.39990234375,4368.8681640625,438486.0,0.0,0.0
2023-04-27,4419.85009765625,4438.5,4365.0498046875,4417.5,4375.90087890625,400508.0,0.0,0.0
2023-04-28,4442.9501953125,4529.0,4430.9501953125,4513.7001953125,4471.19482421875,713399.0,0.0,0.0
2023-05-02,4529.75,4573.2998046875,4476.89990234375,4490.7998046875,4448.5107421875,384900.0,0.0,0.0
2023-05-03,4509.75,4524.4501953125,4482.0,4515.4501953125,4472.9287109375,287955.0,0.0,0.0
2023-05-04,4510.0,4569.89990234375,4500.0,4553.2001953125,4510.32373046875,391146.0,0.0,0.0
2023-05-05,4550.0,4630.0,4521.5,4602.5,4559.1591796875,332169.0,0.0,0.0
2023-05-08,4611.0,4660.0,4585.0,4625.10009765625,4581.54638671875,274255.0,0.0,0.0
2023-05-09,4645.89990234375,4647.89990234375,4582.2998046875,4593.0498046875,4549.7978515625,207566.0,0.0,0.0
2023-05-10,4593.0498046875,4634.0,4577.0,4601.2998046875,4557.97021484375,293523.0,0.0,0.0
2023-05-11,4610.9501953125,4645.0,4584.64990234375,4595.2998046875,4552.02685546875,409446.0,0.0,0.0
2023-05-12,4595.0,4640.0,4535.0,4605.25,4561.88330078125,427837.0,0.0,0.0
2023-05-15,4609.9501953125,4689.0,4591.10009765625,4625.85009765625,4582.2890625,401847.0,0.0,0.0
2023-05-16,4625.0,4642.25,4541.0,4555.10009765625,4512.205078125,310725.0,0.0,0.0
2023-05-17,4580.0498046875,4599.60009765625,4458.0,4482.14990234375,4439.94287109375,266803.0,0.0,0.0
2023-05-18,4510.0,4529.89990234375,4433.0,4442.0,4400.169921875,167057.0,0.0,0.0
2023-05-19,4455.0,4465.0,4410.25,4447.14990234375,4405.271484375,177405.0,0.0,0.0
2023-05-22,4459.7998046875,4625.0,4451.9501953125,4605.2998046875,4561.931640625,361967.0,0.0,0.0
2023-05-23,4605.0,4617.0498046875,4533.0,4550.39990234375,4507.5498046875,433331.0,0.0,0.0
2023-05-24,4540.9501953125,4607.0,4523.35009765625,4536.4501953125,4493.73095703125,225979.0,0.0,0.0
2023-05-25,4569.0,4597.9501953125,4530.9501953125,4568.14990234375,4525.13232421875,202680.0,0.0,0.0
2023-05-26,4590.0,4620.0,4551.25,4609.89990234375,4566.4892578125,289579.0,0.0,0.0
2023-05-29,4635.0,4665.0,4580.64990234375,4640.4501953125,4596.751953125,332364.0,0.0,0.0
2023-05-30,4672.0,4795.0,4535.4501953125,4599.14990234375,4555.84033203125,1298380.0,0.0,0.0
2023-05-31,4600.0,4731.0,4525.0,4621.9501953125,4578.42578125,1655511.0,0.0,0.0
2023-06-01,4689.0,4847.0,4686.0,4814.25,4768.91455078125,1692479.0,0.0,0.0
2023-06-02,4839.64990234375,5002.2001953125,4806.0,4967.2998046875,4920.52294921875,1326161.0,0.0,0.0
2023-06-05,4967.9501953125,5009.2001953125,4934.0498046875,4950.2001953125,4903.5849609375,698352.0,0.0,0.0
2023-06-06,4969.0,4969.4501953125,4893.5,4940.10009765625,4893.57958984375,382992.0,0.0,0.0
2023-06-07,4964.4501953125,5040.0,4950.0498046875,5026.4501953125,4979.1171875,552840.0,0.0,0.0
2023-06-08,5020.0,5028.5498046875,4920.0,4926.64990234375,4880.2568359375,411502.0,0.0,0.0
2023-06-09,4926.64990234375,4965.85009765625,4907.0498046875,4926.7001953125,4880.30615234375,249400.0,0.0,0.0
2023-06-12,4949.0,4995.0,4915.0498046875,4924.75,4878.375,343835.0,0.0,0.0
2023-06-13,4925.0,4990.0,4916.75,4951.0498046875,4904.42626953125,308751.0,0.0,0.0
2023-06-14,4965.0,5022.5498046875,4951.0498046875,5009.0,4961.83056640625,360156.0,0.0,0.0
2023-06-15,5039.9501953125,5259.7998046875,5018.0,5218.75,5169.60595703125,1712253.0,0.0,0.0
2023-06-16,5218.75,5294.0,5163.0498046875,5200.0498046875,5151.08203125,797312.0,0.0,0.0
2023-06-19,5220.0,5261.9501953125,5135.2998046875,5145.0,5096.55029296875,327818.0,0.0,0.0
2023-06-20,5174.9501953125,5197.89990234375,5101.10009765625,5162.0498046875,5113.439453125,334154.0,0.0,0.0
2023-06-21,5169.85009765625,5173.0,5086.60009765625,5118.75,5070.54736328125,410174.0,0.0,0.0
2023-06-22,5129.89990234375,5155.0,5055.0,5066.0,5018.294921875,329800.0,0.0,0.0
2023-06-23,5084.39990234375,5084.39990234375,5001.0,5045.4501953125,4997.9375,335552.0,0.0,0.0
2023-06-26,5049.9501953125,5055.0,5000.0498046875,5036.9501953125,4989.51806640625,430106.0,0.0,0.0
2023-06-27,5040.0,5150.0,5036.9501953125,5142.7998046875,5094.37060546875,556456.0,0.0,0.0
2023-06-28,5145.0,5175.9501953125,5116.14990234375,5126.89990234375,5078.62109375,362944.0,0.0,0.0
2023-06-30,5128.0,5148.9501953125,5064.0498046875,5098.2001953125,5050.19189453125,411015.0,0.0,0.0
2023-07-03,5127.5,5142.5,5060.0,5068.5,5020.77099609375,150815.0,0.0,0.0
2023-07-04,5119.89990234375,5124.7001953125,5052.0498046875,5109.9501953125,5061.83056640625,233404.0,0.0,0.0
2023-07-05,5125.0,5148.5,5050.39990234375,5077.64990234375,5029.83447265625,279982.0,0.0,0.0
2023-07-06,5090.0,5310.0,5070.2001953125,5283.0498046875,5233.30029296875,1251554.0,0.0,0.0
2023-07-07,5274.9501953125,5274.9501953125,5130.0,5146.25,5097.7890625,559765.0,0.0,0.0
2023-07-10,5179.85009765625,5203.5,5110.75,5158.35009765625,5109.77490234375,271366.0,0.0,0.0
2023-07-11,5200.0,5272.39990234375,5165.10009765625,5257.0,5207.49560546875,503174.0,0.0,0.0
2023-07-12,5261.64990234375,5288.4501953125,5205.85009765625,5252.0498046875,5202.59228515625,263391.0,0.0,0.0
2023-07-13,5289.89990234375,5289.89990234375,5168.0,5182.0,5133.20263671875,338327.0,0.0,0.0
2023-07-14,5180.0,5198.4501953125,5096.25,5171.7998046875,5123.0986328125,508041.0,0.0,0.0
2023-07-17,5152.2001953125,5318.9501953125,5152.2001953125,5219.2998046875,5170.15087890625,469609.0,0.0,0.0
2023-07-18,5206.5,5324.0,5106.4501953125,5162.60009765625,5113.98486328125,511024.0,0.0,0.0
2023-07-19,5162.60009765625,5223.9501953125,5162.60009765625,5175.60009765625,5126.86279296875,265631.0,0.0,0.0
2023-07-20,5170.0,5210.0,5132.64990234375,5195.4501953125,5146.525390625,276787.0,0.0,0.0
2023-07-21,5130.0498046875,5253.0,5125.0498046875,5204.89990234375,5155.88720703125,313184.0,0.0,0.0
2023-07-24,5144.0,5225.7001953125,5144.0,5180.7998046875,5132.01318359375,249814.0,0.0,0.0
2023-07-25,5153.7998046875,5220.0,5153.7998046875,5212.2001953125,5163.1181640625,547945.0,0.0,0.0
2023-07-26,5196.0,5255.0,5143.0498046875,5155.75,5107.19921875,297720.0,0.0,0.0
2023-07-27,5146.75,5265.0,5144.2001953125,5215.5,5166.38671875,363050.0,0.0,0.0
2023-07-28,5177.0,5364.0,5177.0,5346.9501953125,5296.5986328125,453505.0,0.0,0.0
2023-07-31,5339.9501953125,5339.9501953125,5158.5498046875,5173.4501953125,5124.7333984375,689230.0,0.0,0.0
2023-08-01,5210.0,5210.0,5021.5498046875,5032.39990234375,4985.01025390625,1044095.0,0.0,0.0
2023-08-02,5033.0,5043.7001953125,4976.0,4996.75,4949.6962890625,1016605.0,0.0,0.0
2023-08-03,4960.0,5030.0,4956.2998046875,4996.2998046875,4949.2509765625,412037.0,0.0,0.0
2023-08-04,5025.0,5036.4501953125,4964.0,4980.2998046875,4933.40087890625,358846.0,0.0,0.0
2023-08-07,4980.2998046875,5024.89990234375,4956.35009765625,5014.39990234375,4967.18017578125,608113.0,0.0,0.0
2023-08-08,5017.0,5055.0,4980.14990234375,5023.35009765625,4976.0458984375,519420.0,0.0,0.0
2023-08-09,5023.35009765625,5026.0,4958.0,4981.35009765625,4934.44189453125,268668.0,0.0,0.0
2023-08-10,4981.39990234375,4981.4501953125,4903.60009765625,4922.5,4876.14599609375,370166.0,0.0,0.0
2023-08-11,4930.0,5012.0,4811.14990234375,4906.14990234375,4859.94921875,1066479.0,0.0,0.0
2023-08-14,4863.0,4927.5498046875,4730.0,4820.85009765625,4775.453125,832136.0,0.0,0.0
2023-08-16,4800.0,4953.9501953125,4754.10009765625,4941.89990234375,4895.36279296875,667417.0,0.0,0.0
2023-08-17,4940.5,4960.0,4872.5498046875,4892.75,4846.67626953125,375779.0,0.0,0.0
2023-08-18,4874.9501953125,4895.0,4825.10009765625,4848.35009765625,4811.544921875,336848.0,9.0,0.0
2023-08-21,4881.0,4945.4501953125,4840.0,4932.64990234375,4895.20458984375,243126.0,0.0,0.0
2023-08-22,4947.89990234375,4959.0,4906.14990234375,4919.64990234375,4882.3037109375,175172.0,0.0,0.0
2023-08-23,4958.0,4987.0,4911.0,4945.60009765625,4908.05615234375,597123.0,0.0,0.0
2023-08-24,4955.0,4983.5,4900.10009765625,4919.9501953125,4882.6015625,534065.0,0.0,0.0
2023-08-25,4900.0,4913.10009765625,4846.0,4865.5,4828.56396484375,249504.0,0.0,0.0
2023-08-28,4874.89990234375,4911.85009765625,4842.0,4905.4501953125,4868.21142578125,204098.0,0.0,0.0
2023-08-29,4906.0,4945.0,4858.89990234375,4878.39990234375,4841.3662109375,591619.0,0.0,0.0
2023-08-30,4881.9501953125,4889.9501953125,4845.0,4874.5,4837.49609375,396122.0,0.0,0.0
2023-08-31,4887.4501953125,4911.7998046875,4805.7998046875,4814.10009765625,4777.55517578125,488260.0,0.0,0.0
2023-09-01,4840.0,4849.9501953125,4801.2001953125,4840.35009765625,4803.60546875,206097.0,0.0,0.0
2023-09-04,4860.0,4870.0,4817.60009765625,4824.85009765625,4788.22314453125,354446.0,0.0,0.0
2023-09-05,4860.0,4992.0,4832.0498046875,4984.5,4946.66064453125,800554.0,0.0,0.0
2023-09-06,4980.0,5043.64990234375,4954.0,5033.10009765625,4994.89306640625,535407.0,0.0,0.0
2023-09-07,5029.9501953125,5044.89990234375,4987.0,5029.0498046875,4990.87255859375,334709.0,0.0,0.0
2023-09-08,5040.0,5049.7998046875,4977.9501953125,4985.14990234375,4947.30615234375,292671.0,0.0,0.0
2023-09-11,5004.0,5106.7998046875,5003.75,5095.9501953125,5057.265625,543287.0,0.0,0.0
2023-09-12,5111.0,5125.0,4966.0,4979.2001953125,4941.4013671875,483061.0,0.0,0.0
2023-09-13,4975.0,5021.2001953125,4945.0,5011.0,4972.9599609375,232238.0,0.0,0.0
2023-09-14,5001.0,5100.0,4995.5,5084.5498046875,5045.951171875,414391.0,0.0,0.0
2023-09-15,5084.5498046875,5150.39990234375,5061.7001953125,5091.7998046875,5053.14697265625,658355.0,0.0,0.0
2023-09-18,5100.0,5162.0,5067.35009765625,5075.14990234375,5036.623046875,371912.0,0.0,0.0
2023-09-20,5051.4501953125,5059.7998046875,4929.0,5006.2998046875,4968.29541015625,509910.0,0.0,0.0
2023-09-21,4990.0,5046.9501953125,4975.4501953125,5020.0498046875,4981.94091796875,422586.0,0.0,0.0
2023-09-22,5013.0,5016.7998046875,4955.0,4989.5498046875,4951.67236328125,348459.0,0.0,0.0
2023-09-25,5014.89990234375,5113.4501953125,4972.85009765625,5097.0498046875,5058.3564453125,386746.0,0.0,0.0
2023-09-26,5097.0,5097.0,5030.25,5053.7001953125,5015.3359375,267102.0,0.0,0.0
2023-09-27,5054.0,5118.85009765625,5020.0,5105.35009765625,5066.59375,460768.0,0.0,0.0
2023-09-28,5105.35009765625,5145.5,4995.0,5020.10009765625,4981.9912109375,407714.0,0.0,0.0
2023-09-29,5054.0,5186.9501953125,5026.60009765625,5137.75,5098.748046875,410567.0,0.0,0.0
2023-10-03,5138.9501953125,5154.9501953125,5066.0,5118.9501953125,5080.0908203125,268482.0,0.0,0.0
2023-10-04,5085.0,5096.85009765625,4982.2998046875,5047.39990234375,5009.0830078125,442482.0,0.0,0.0
2023-10-05,5054.9501953125,5079.85009765625,5026.64990234375,5047.0498046875,5008.73583984375,363289.0,0.0,0.0
2023-10-06,5050.0,5084.0,5028.7998046875,5060.25,5021.8359375,407753.0,0.0,0.0
2023-10-09,5000.0,5066.0,4987.0498046875,5047.2998046875,5008.984375,176296.0,0.0,0.0
2023-10-10,5068.9501953125,5084.5498046875,5033.0,5066.7001953125,5028.2373046875,202645.0,0.0,0.0
2023-10-11,5072.9501953125,5140.0,5065.0,5092.85009765625,5054.1884765625,336099.0,0.0,0.0
2023-10-12,5092.7998046875,5113.9501953125,4871.7001953125,4993.85009765625,4955.93994140625,1029595.0,0.0,0.0
2023-10-13,4988.9501953125,5029.10009765625,4933.75,5017.2998046875,4979.2119140625,410013.0,0.0,0.0
2023-10-16,5030.0,5049.4501953125,4986.39990234375,5021.7001953125,4983.5791015625,259806.0,0.0,0.0
2023-10-17,5050.0,5068.0,5012.2001953125,5028.7998046875,4990.62451171875,217907.0,0.0,0.0
2023-10-18,5021.0,5039.9501953125,4938.4501953125,4977.25,4939.4658203125,341459.0,0.0,0.0
2023-10-19,4977.25,5019.9501953125,4935.14990234375,4997.0498046875,4959.11572265625,231958.0,0.0,0.0
2023-10-20,4990.10009765625,4999.9501953125,4940.5,4977.5498046875,4939.76318359375,252447.0,0.0,0.0
2023-10-23,4977.0,5010.5498046875,4944.14990234375,4969.5498046875,4931.82421875,363474.0,0.0,0.0
2023-10-25,4960.0,4971.35009765625,4831.5,4859.89990234375,4823.00634765625,894230.0,0.0,0.0
2023-10-26,4859.89990234375,4859.89990234375,4726.0,4760.2998046875,4724.16259765625,836962.0,0.0,0.0
2023-10-27,4779.9501953125,4860.5498046875,4776.7998046875,4830.2001953125,4793.53271484375,333727.0,0.0,0.0
2023-10-30,4840.0,4868.39990234375,4783.0498046875,4841.75,4804.99462890625,234759.0,0.0,0.0
2023-10-31,4832.0,4899.64990234375,4805.2001953125,4819.89990234375,4783.31005859375,276660.0,0.0,0.0
2023-11-01,4835.0,4856.0,4790.0,4796.5498046875,4760.1376953125,281746.0,0.0,0.0
2023-11-02,4837.7998046875,4895.0,4810.2001953125,4887.0,4849.90087890625,214035.0,0.0,0.0
2023-11-03,4950.75,5165.5,4937.0498046875,5153.2001953125,5114.080078125,1262458.0,0.0,0.0
2023-11-06,5141.0498046875,5228.0,5127.5,5164.9501953125,5125.7412109375,399720.0,0.0,0.0
2023-11-07,5150.0,5181.9501953125,5121.0498046875,5136.85009765625,5097.85400390625,222204.0,0.0,0.0
2023-11-08,5135.0,5153.64990234375,5087.4501953125,5110.9501953125,5072.15185546875,400498.0,0.0,0.0
2023-11-09,5147.5,5313.0,5122.0498046875,5297.60009765625,5257.38427734375,1032216.0,0.0,0.0
2023-11-10,5300.0,5338.0,5218.64990234375,5278.5,5238.42919921875,696409.0,0.0,0.0
2023-11-13,5250.0,5279.0,5200.2001953125,5220.64990234375,5181.0185546875,150128.0,0.0,0.0
2023-11-15,5283.85009765625,5295.0,5207.0,5224.9501953125,5185.28564453125,356675.0,0.0,0.0
2023-11-16,5224.0,5368.0,5201.75,5338.75,5298.2216796875,449045.0,0.0,0.0
2023-11-17,5332.2001953125,5493.35009765625,5306.14990234375,5478.9501953125,5437.35791015625,735541.0,0.0,0.0
2023-11-20,5475.0,5595.0,5455.0498046875,5473.9501953125,5432.39599609375,526567.0,0.0,0.0
2023-11-21,5500.0,5520.2998046875,5422.39990234375,5466.7998046875,5425.298828125,382979.0,0.0,0.0
2023-11-22,5467.0,5539.9501953125,5439.14990234375,5532.0,5490.00439453125,302473.0,0.0,0.0
2023-11-23,5530.0,5550.0,5473.2998046875,5493.9501953125,5452.244140625,234584.0,0.0,0.0
2023-11-24,5493.0,5493.0,5395.0,5401.2998046875,5360.29638671875,270183.0,0.0,0.0
2023-11-28,5401.2998046875,5424.85009765625,5341.0,5366.7998046875,5326.05810546875,362746.0,0.0,0.0
2023-11-29,5372.10009765625,5435.0,5364.5,5421.9501953125,5380.7900390625,277119.0,0.0,0.0
2023-11-30,5382.0,5550.0,5382.0,5528.9501953125,5486.978515625,775261.0,0.0,0.0
2023-12-01,5550.0,5687.64990234375,5530.35009765625,5591.14990234375,5548.7060546875,546990.0,0.0,0.0
2023-12-04,5626.0,5658.25,5569.60009765625,5622.5498046875,5579.8671875,936113.0,0.0,0.0
2023-12-05,5610.0,5689.0,5525.0,5580.2001953125,5537.83935546875,787929.0,0.0,0.0
2023-12-06,5534.14990234375,5639.0,5508.75,5543.10009765625,5501.02001953125,574427.0,0.0,0.0
2023-12-07,5490.25,5519.7998046875,5441.5,5461.39990234375,5419.94091796875,510609.0,0.0,0.0
2023-12-08,5495.0,5572.5498046875,5439.0498046875,5555.35009765625,5513.17822265625,456382.0,0.0,0.0
2023-12-11,5550.0,5555.35009765625,5490.0,5547.35009765625,5505.23876953125,238128.0,0.0,0.0
2023-12-12,5550.0,5550.0,5403.2001953125,5428.9501953125,5387.73681640625,615205.0,0.0,0.0
2023-12-13,5402.9501953125,5452.0,5369.39990234375,5426.75,5385.5537109375,476781.0,0.0,0.0
2023-12-14,5494.7998046875,5532.9501953125,5452.10009765625,5515.89990234375,5474.02685546875,490550.0,0.0,0.0
2023-12-15,5530.0,5588.0,5500.0,5551.2001953125,5509.05908203125,349758.0,0.0,0.0
2023-12-18,5550.5,5607.75,5494.0,5498.64990234375,5456.90771484375,428321.0,0.0,0.0
2023-12-19,5508.7998046875,5675.35009765625,5503.7001953125,5555.5,5513.3271484375,682732.0,0.0,0.0
2023-12-20,5555.5,5605.7998046875,5375.10009765625,5402.2001953125,5361.189453125,437044.0,0.0,0.0
2023-12-21,5344.0,5553.0,5284.85009765625,5475.85009765625,5434.28125,487514.0,0.0,0.0
2023-12-22,5510.0,5549.0,5462.7001953125,5541.39990234375,5499.333984375,220537.0,0.0,0.0
2023-12-26,5541.39990234375,5645.0,5526.14990234375,5633.14990234375,5590.38720703125,243281.0,0.0,0.0
2023-12-27,5635.0,5715.0,5615.60009765625,5687.4501953125,5644.27490234375,307177.0,0.0,0.0
2023-12-28,5675.0,5770.0,5674.75,5760.5,5716.77001953125,568149.0,0.0,0.0
2023-12-29,5740.0,5758.9501953125,5677.2998046875,5704.10009765625,5660.79833984375,325682.0,0.0,0.0
2024-01-01,5741.0,5765.0,5707.85009765625,5750.0498046875,5706.39892578125,127030.0,0.0,0.0
2024-01-02,5738.10009765625,5782.64990234375,5680.0,5746.35009765625,5702.7275390625,166449.0,0.0,0.0
2024-01-03,5730.0,5786.0,5673.0498046875,5768.2998046875,5724.5107421875,198997.0,0.0,0.0
2024-01-04,5768.2998046875,5839.9501953125,5731.5,5762.2001953125,5718.45751953125,220702.0,0.0,0.0
2024-01-05,5762.2001953125,5808.7998046875,5715.0,5754.25,5710.5673828125,144894.0,0.0,0.0
2024-01-08,5750.0,5774.85009765625,5640.0,5682.0,5638.86572265625,157009.0,0.0,0.0
2024-01-09,5702.2001953125,5849.0,5674.7001953125,5797.64990234375,5753.638671875,329437.0,0.0,0.0
2024-01-10,5800.0,5819.2998046875,5721.2998046875,5800.89990234375,5756.86376953125,239740.0,0.0,0.0
2024-01-11,5804.0,5892.0,5802.25,5869.89990234375,5825.33984375,213210.0,0.0,0.0
2024-01-12,5870.0,5922.0,5742.85009765625,5795.7001953125,5751.703125,250919.0,0.0,0.0
2024-01-15,5835.0,5924.14990234375,5804.0,5896.39990234375,5851.63818359375,375458.0,0.0,0.0
2024-01-16,5882.0,5967.4501953125,5829.0,5904.5498046875,5859.72705078125,347797.0,0.0,0.0
2024-01-17,5872.85009765625,5980.35009765625,5831.25,5925.89990234375,5880.91455078125,378205.0,0.0,0.0
2024-01-18,5959.0,6028.9501953125,5838.0,5990.85009765625,5945.3720703125,591170.0,0.0,0.0
2024-01-19,5987.0,6120.0,5951.0,6094.64990234375,6048.38330078125,326813.0,0.0,0.0
2024-01-23,6428.0,6428.7001953125,6133.64990234375,6153.75,6107.03466796875,982889.0,0.0,0.0
2024-01-24,6153.5498046875,6230.0,6083.35009765625,6213.35009765625,6166.18212890625,435151.0,0.0,0.0
2024-01-25,6210.0498046875,6238.2001953125,6119.10009765625,6168.85009765625,6122.02001953125,337391.0,0.0,0.0
2024-01-29,6199.0498046875,6349.0,6177.7998046875,6329.75,6281.69873046875,554591.0,0.0,0.0
2024-01-30,6331.0,6387.85009765625,6283.7998046875,6309.7998046875,6261.89990234375,304312.0,0.0,0.0
2024-01-31,6280.0,6371.64990234375,6255.5498046875,6352.9501953125,6304.72314453125,499281.0,0.0,0.0
2024-02-01,6289.64990234375,6377.0,6267.7998046875,6287.9501953125,6240.21728515625,255111.0,0.0,0.0
2024-02-02,6320.0,6359.0498046875,6291.2998046875,6320.5498046875,6272.56787109375,239428.0,0.0,0.0
2024-02-05,6320.5498046875,6346.60009765625,6209.2001953125,6234.5,6187.171875,147909.0,0.0,0.0
2024-02-06,6259.9501953125,6297.89990234375,6155.0498046875,6197.2998046875,6150.25390625,326654.0,0.0,0.0
2024-02-07,6237.75,6248.85009765625,6155.0,6177.9501953125,6131.05224609375,323738.0,0.0,0.0
2024-02-08,6201.5,6363.2001953125,6150.0,6231.0,6183.6982421875,794455.0,0.0,0.0
2024-02-09,6269.39990234375,6473.9501953125,6213.60009765625,6437.35009765625,6388.48193359375,933104.0,0.0,0.0
2024-02-12,6464.89990234375,6677.7998046875,6375.0,6614.4501953125,6564.23779296875,709946.0,0.0,0.0
2024-02-13,6614.4501953125,6740.0,6598.25,6718.89990234375,6667.89453125,521773.0,0.0,0.0
2024-02-14,6718.7998046875,6775.0,6700.0,6754.10009765625,6702.828125,452781.0,0.0,0.0
2024-02-15,6750.0,6764.39990234375,6585.60009765625,6627.60009765625,6577.2880859375,446114.0,0.0,0.0
2024-02-16,6631.0498046875,6660.4501953125,6525.10009765625,6600.5498046875,6550.4423828125,391508.0,0.0,0.0
2024-02-19,6620.0,6675.9501953125,6511.0498046875,6657.14990234375,6606.61376953125,334607.0,0.0,0.0
2024-02-20,6667.5,6785.0,6637.85009765625,6759.4501953125,6714.18896484375,559251.0,6.0,0.0
2024-02-21,6784.9501953125,6821.9501953125,6717.2998046875,6760.14990234375,6714.8837890625,537325.0,0.0,0.0
2024-02-22,6765.0,6874.4501953125,6690.0498046875,6769.2001953125,6723.87255859375,564432.0,0.0,0.0
2024-02-23,6779.0,6786.7998046875,6723.10009765625,6774.0498046875,6728.6904296875,352524.0,0.0,0.0
2024-02-26,6769.9501953125,6791.75,6570.89990234375,6584.0,6539.91259765625,453443.0,0.0,0.0
2024-02-27,6588.0,6668.4501953125,6570.0,6620.60009765625,6576.2685546875,313760.0,0.0,0.0
2024-02-28,6630.0,6630.0,6345.2998046875,6362.35009765625,6319.7470703125,536602.0,0.0,0.0
2024-02-29,6392.5498046875,6392.5498046875,6062.0498046875,6101.60009765625,6060.7431640625,1543361.0,0.0,0.0
2024-03-01,6102.0,6107.0,5941.85009765625,6085.39990234375,6044.65185546875,1749136.0,0.0,0.0
2024-03-04,6145.0,6171.75,6022.85009765625,6033.2998046875,5992.900390625,551616.0,0.0,0.0
2024-03-05,6035.0498046875,6103.5,5976.2001953125,6061.10009765625,6020.51416015625,724456.0,0.0,0.0
2024-03-06,6025.0,6078.89990234375,5945.0,6054.2998046875,6013.759765625,588776.0,0.0,0.0
2024-03-07,6065.5,6142.85009765625,6032.0,6048.7998046875,6008.296875,738112.0,0.0,0.0
2024-03-11,6048.7998046875,6225.0,6036.10009765625,6204.7001953125,6163.15283203125,521556.0,0.0,0.0
2024-03-12,6240.0,6274.25,6107.5,6144.7998046875,6103.65380859375,482112.0,0.0,0.0
2024-03-13,6180.0,6180.0,5956.0498046875,6008.39990234375,5968.1669921875,356191.0,0.0,0.0
2024-03-14,6008.39990234375,6095.0,5980.0,6023.14990234375,5982.818359375,439181.0,0.0,0.0
2024-03-15,6015.0,6030.85009765625,5941.60009765625,5983.2001953125,5943.13671875,764270.0,0.0,0.0
2024-03-18,5997.75,6144.9501953125,5978.64990234375,6136.5498046875,6095.458984375,419258.0,0.0,0.0
2024-03-19,6077.0,6125.7001953125,6034.0498046875,6113.2001953125,6072.265625,542392.0,0.0,0.0
2024-03-20,6148.0,6200.7001953125,6073.4501953125,6174.0498046875,6132.70751953125,413963.0,0.0,0.0
2024-03-21,6189.89990234375,6214.39990234375,6105.60009765625,6182.5,6141.1015625,350032.0,0.0,0.0
2024-03-22,6169.14990234375,6390.89990234375,6168.7001953125,6375.89990234375,6333.2060546875,727548.0,0.0,0.0
2024-03-26,6398.0,6463.4501953125,6309.5,6322.4501953125,6280.11376953125,629120.0,0.0,0.0
2024-03-27,6355.0,6399.39990234375,6220.0,6231.4501953125,6189.72412109375,603420.0,0.0,0.0
2024-03-28,6231.4501953125,6425.60009765625,6112.5,6356.7998046875,6314.23388671875,818070.0,0.0,0.0
2024-04-01,6401.0,6557.0,6372.75,6457.25,6414.01123046875,440465.0,0.0,0.0
2024-04-02,6469.5,6469.5,6404.2001953125,6419.75,6376.7626953125,213898.0,0.0,0.0
2024-04-03,6399.5498046875,6409.0,6311.0,6375.0498046875,6332.3623046875,289202.0,0.0,0.0
2024-04-04,6425.0,6475.0,6326.39990234375,6440.60009765625,6397.4736328125,547885.0,0.0,0.0
2024-04-05,6440.60009765625,6480.0,6381.5498046875,6397.75,6354.90966796875,239001.0,0.0,0.0
2024-04-08,6397.75,6397.75,6280.0,6307.75,6265.5126953125,491584.0,0.0,0.0
2024-04-09,6347.7998046875,6540.0,6330.9501953125,6505.0498046875,6461.4912109375,592624.0,0.0,0.0
2024-04-10,6505.0498046875,6515.89990234375,6451.0,6489.85009765625,6446.3935546875,174947.0,0.0,0.0
2024-04-12,6450.0,6477.89990234375,6362.7001953125,6406.5498046875,6363.650390625,450885.0,0.0,0.0
2024-04-15,6325.10009765625,6399.10009765625,6283.0,6303.14990234375,6260.943359375,251305.0,0.0,0.0
2024-04-16,6299.9501953125,6347.60009765625,6202.0,6334.75,6292.33203125,290190.0,0.0,0.0
2024-04-18,6306.10009765625,6334.39990234375,6053.2001953125,6074.14990234375,6033.47705078125,518459.0,0.0,0.0
2024-04-19,6140.0,6199.0,6050.0,6169.5498046875,6128.23828125,560178.0,0.0,0.0
2024-04-22,6154.5,6258.0,6150.0,6238.5498046875,6196.77587890625,197001.0,0.0,0.0
2024-04-23,6241.5,6303.7998046875,6181.0,6194.89990234375,6153.4189453125,217146.0,0.0,0.0
2024-04-24,6229.89990234375,6310.5,6186.14990234375,6283.35009765625,6241.2763671875,207837.0,0.0,0.0
2024-04-25,6280.0,6402.2001953125,6168.85009765625,6384.10009765625,6341.3515625,520353.0,0.0,0.0
2024-04-26,6380.0,6380.0,6251.0498046875,6258.60009765625,6216.6923828125,261065.0,0.0,0.0
2024-04-29,6200.0,6200.0,5733.0,5968.35009765625,5928.38525390625,2785015.0,0.0,0.0
2024-04-30,6000.0,6023.0,5901.0,5947.10009765625,5907.2783203125,1040838.0,0.0,0.0
2024-05-02,5947.10009765625,6000.0,5939.4501953125,5958.5498046875,5918.6513671875,572406.0,0.0,0.0
2024-05-03,6000.0,6027.7001953125,5960.0498046875,6009.60009765625,5969.359375,563849.0,0.0,0.0
2024-05-06,6050.0,6086.14990234375,5986.2001953125,6056.7001953125,6016.14453125,419144.0,0.0,0.0
2024-05-07,6080.0,6080.0,5856.39990234375,5900.25,5860.74169921875,455928.0,0.0,0.0
2024-05-08,5892.0,5910.0,5812.64990234375,5846.5,5807.35107421875,511587.0,0.0,0.0
2024-05-09,5859.89990234375,5892.0,5790.0,5806.39990234375,5767.52001953125,598157.0,0.0,0.0
2024-05-10,5819.9501953125,5881.0,5753.25,5842.4501953125,5803.32861328125,372227.0,0.0,0.0
2024-05-13,5820.0,5842.39990234375,5790.2001953125,5830.14990234375,5791.11083984375,348407.0,0.0,0.0
2024-05-14,5855.0,5894.64990234375,5740.0,5862.7998046875,5823.5419921875,558136.0,0.0,0.0
2024-05-15,5869.9501953125,5883.4501953125,5820.0,5848.7998046875,5809.6357421875,509306.0,0.0,0.0
2024-05-16,5890.0,5944.5,5850.0,5931.7001953125,5891.98095703125,378026.0,0.0,0.0
2024-05-17,5925.0,5973.0,5910.10009765625,5953.0498046875,5913.1875,267904.0,0.0,0.0
2024-05-21,6000.0,6041.89990234375,5920.39990234375,5948.25,5908.42041015625,606639.0,0.0,0.0
2024-05-22,5958.60009765625,5958.60009765625,5844.9501953125,5868.14990234375,5828.85595703125,735701.0,0.0,0.0
2024-05-23,5878.4501953125,5991.4501953125,5860.60009765625,5970.0498046875,5930.07421875,308200.0,0.0,0.0
2024-05-24,5938.2998046875,5971.85009765625,5867.0,5914.35009765625,5874.7470703125,608807.0,0.0,0.0
2024-05-27,5950.0,5959.5,5918.0,5939.2998046875,5899.52978515625,189637.0,0.0,0.0
2024-05-28,5944.14990234375,5971.4501953125,5880.2998046875,5904.5,5864.96240234375,314362.0,0.0,0.0
2024-05-29,5909.89990234375,5945.0,5880.89990234375,5903.4501953125,5863.92041015625,337183.0,0.0,0.0
2024-05-30,5900.0,5901.75,5750.0,5766.4501953125,5727.83740234375,643549.0,0.0,0.0
2024-05-31,5855.9501953125,5959.35009765625,5743.0,5839.2001953125,5800.10009765625,1382132.0,0.0,0.0
2024-06-03,5986.2998046875,6018.14990234375,5812.5498046875,5851.2001953125,5812.02001953125,804820.0,0.0,0.0
2024-06-04,5750.35009765625,5963.75,5693.2001953125,5845.7001953125,5806.556640625,642000.0,0.0,0.0
2024-06-05,5915.0,5944.75,5776.7998046875,5934.64990234375,5894.9111328125,487289.0,0.0,0.0
2024-06-06,5970.0,5975.0,5900.0,5962.0,5922.078125,490549.0,0.0,0.0
2024-06-07,5987.75,6031.0,5965.4501953125,6014.5498046875,5974.2763671875,436163.0,0.0,0.0
2024-06-10,6040.0,6075.0,5992.0498046875,6056.7001953125,6016.14453125,443756.0,0.0,0.0
2024-06-11,6081.75,6167.25,6059.2001953125,6107.9501953125,6067.05078125,521348.0,0.0,0.0
2024-06-12,6117.2998046875,6188.85009765625,6075.0,6168.60009765625,6127.294921875,321285.0,0.0,0.0
2024-06-13,6207.9501953125,6210.5498046875,6160.0,6206.2001953125,6164.642578125,401804.0,0.0,0.0
2024-06-14,6210.0,6219.9501953125,6175.0,6207.60009765625,6166.033203125,216573.0,0.0,0.0
2024-06-18,6225.0,6249.7998046875,6166.2001953125,6236.35009765625,6194.5908203125,267887.0,0.0,0.0
2024-06-19,6265.0,6269.0,6128.0498046875,6173.5498046875,6132.21142578125,401714.0,0.0,0.0
2024-06-20,6165.7001953125,6193.7001953125,6115.75,6175.85009765625,6134.4970703125,252844.0,0.0,0.0
2024-06-21,6152.2001953125,6239.10009765625,6145.0,6170.0,6128.68505859375,434583.0,0.0,0.0
2024-06-24,6170.0,6295.0,6156.14990234375,6259.5498046875,6217.63525390625,357273.0,0.0,0.0
2024-06-25,6258.0,6315.0,6242.25,6295.35009765625,6253.1962890625,348730.0,0.0,0.0
2024-06-26,6279.7998046875,6285.64990234375,6125.0,6136.7998046875,6095.70751953125,538411.0,0.0,0.0
2024-06-27,6115.75,6200.39990234375,6055.0,6192.5,6151.0341796875,440975.0,0.0,0.0
2024-06-28,6222.5,6222.5,6145.14990234375,6185.7001953125,6144.2802734375,334692.0,0.0,0.0
2024-07-01,6180.0,6180.0,6108.4501953125,6140.5,6099.38330078125,374933.0,0.0,0.0
2024-07-02,6134.75,6163.75,6077.0,6097.60009765625,6056.77001953125,436037.0,0.0,0.0
2024-07-03,6132.25,6217.75,6079.0498046875,6192.7001953125,6151.23388671875,188203.0,0.0,0.0
2024-07-04,6200.9501953125,6244.0,6161.0,6225.0498046875,6183.3662109375,222050.0,0.0,0.0
2024-07-05,6201.0,6342.85009765625,6159.0,6328.5498046875,6286.17333984375,350300.0,0.0,0.0
2024-07-08,6380.0,6387.9501953125,6292.7998046875,6317.4501953125,6275.14794921875,317731.0,0.0,0.0
2024-07-09,6309.2998046875,6350.39990234375,6255.89990234375,6320.2998046875,6277.978515625,176239.0,0.0,0.0
2024-07-10,6320.2998046875,6417.0,6301.14990234375,6375.7001953125,6333.0078125,295890.0,0.0,0.0
2024-07-11,6395.89990234375,6411.64990234375,6340.0,6389.0498046875,6346.2685546875,354777.0,0.0,0.0
2024-07-12,6385.2001953125,6419.9501953125,6320.0,6353.89990234375,6311.35400390625,211028.0,0.0,0.0
2024-07-15,6340.5,6466.7001953125,6340.5,6437.25,6394.14599609375,359221.0,0.0,0.0
2024-07-16,6437.25,6464.0,6403.0,6453.7001953125,6410.4853515625,298376.0,0.0,0.0
2024-07-18,6432.0,6539.7001953125,6430.0,6520.85009765625,6477.1865234375,583444.0,0.0,0.0
2024-07-19,6525.25,6525.25,6365.0,6381.9501953125,6339.216796875,228785.0,0.0,0.0
2024-07-22,6381.9501953125,6434.0,6370.14990234375,6402.14990234375,6359.28076171875,222285.0,0.0,0.0
2024-07-23,6404.0,6474.39990234375,6324.7998046875,6403.60009765625,6360.72119140625,284679.0,0.0,0.0
2024-07-24,6400.0,6443.9501953125,6350.0498046875,6422.60009765625,6379.59375,309594.0,0.0,0.0
2024-07-25,6404.7998046875,6434.14990234375,6372.0,6385.7998046875,6343.03955078125,412373.0,0.0,0.0
2024-07-26,6433.0,6679.9501953125,6393.5498046875,6664.5498046875,6619.923828125,432671.0,0.0,0.0
2024-07-29,6777.0,6777.0,6616.39990234375,6681.64990234375,6636.9091796875,367708.0,0.0,0.0
2024-07-30,6681.64990234375,6713.14990234375,6584.10009765625,6641.0,6596.53125,264929.0,0.0,0.0
2024-07-31,6664.25,6686.75,6584.14990234375,6615.2998046875,6571.0029296875,352268.0,0.0,0.0
2024-08-01,6615.2998046875,6735.0,6606.60009765625,6706.39990234375,6661.4931640625,361725.0,0.0,0.0
2024-08-02,6706.39990234375,6795.85009765625,6681.0,6710.14990234375,6665.21875,587569.0,0.0,0.0
2024-08-05,6689.0,6756.5,6600.0498046875,6687.60009765625,6642.81982421875,907845.0,0.0,0.0
2024-08-06,6689.14990234375,6735.0,6631.0498046875,6657.7001953125,6613.1201171875,334936.0,0.0,0.0
2024-08-07,6701.2001953125,6768.0,6662.0,6720.35009765625,6675.349609375,358284.0,0.0,0.0
2024-08-08,6740.0,6744.35009765625,6500.0,6541.89990234375,6498.09521484375,509454.0,0.0,0.0
2024-08-09,6582.25,6598.0,6530.0,6587.85009765625,6543.7373046875,115598.0,0.0,0.0
2024-08-12,6550.0,6591.89990234375,6420.9501953125,6502.39990234375,6458.859375,230114.0,0.0,0.0
2024-08-13,6510.2998046875,6642.0,6510.2998046875,6589.39990234375,6545.27685546875,400126.0,0.0,0.0
2024-08-14,6600.0,6865.0,6460.25,6515.85009765625,6472.21875,1723346.0,0.0,0.0
2024-08-16,6556.2001953125,6714.7998046875,6556.0,6686.89990234375,6652.33349609375,611092.0,10.0,0.0
2024-08-19,6750.0,6756.89990234375,6565.0498046875,6724.89990234375,6690.13671875,398225.0,0.0,0.0
2024-08-20,6775.0,6788.60009765625,6650.0,6672.89990234375,6638.4052734375,146064.0,0.0,0.0
2024-08-21,6675.0,6788.5,6627.10009765625,6752.4501953125,6717.544921875,291296.0,0.0,0.0
2024-08-22,6760.5498046875,6858.0,6751.0,6830.5498046875,6795.24072265625,344641.0,0.0,0.0
2024-08-23,6864.0,6927.39990234375,6830.7001953125,6860.7001953125,6825.2353515625,468784.0,0.0,0.0
2024-08-26,6830.0,6878.0,6608.7998046875,6780.0,6744.95166015625,385016.0,0.0,0.0
2024-08-27,6780.0,6850.75,6734.0,6781.4501953125,6746.39453125,297297.0,0.0,0.0
2024-08-28,6785.89990234375,6848.5,6746.5498046875,6776.4501953125,6741.4208984375,250361.0,0.0,0.0
2024-08-29,6799.89990234375,6907.35009765625,6760.2998046875,6857.2001953125,6821.7529296875,659960.0,0.0,0.0
2024-08-30,6865.0,6990.0,6851.0,6927.5,6891.68994140625,499581.0,0.0,0.0
2024-09-02,6989.0,6999.0,6865.0498046875,6880.0498046875,6844.48486328125,248292.0,0.0,0.0
2024-09-03,6890.9501953125,6925.7998046875,6834.4501953125,6844.85009765625,6809.466796875,361990.0,0.0,0.0
2024-09-04,6838.0,6938.0,6790.0498046875,6930.89990234375,6895.07177734375,389768.0,0.0,0.0
2024-09-05,6930.89990234375,7044.0,6900.2001953125,6934.2998046875,6898.4541015625,387284.0,0.0,0.0
2024-09-06,6934.2998046875,6962.4501953125,6857.89990234375,6906.7998046875,6871.0966796875,185503.0,0.0,0.0
2024-09-09,6906.7998046875,6928.0,6820.4501953125,6860.7001953125,6825.2353515625,304409.0,0.0,0.0
2024-09-10,6900.0,6975.85009765625,6860.7001953125,6921.5498046875,6885.77001953125,354522.0,0.0,0.0
2024-09-11,6900.0,6953.9501953125,6873.4501953125,6900.25,6864.58056640625,223028.0,0.0,0.0
2024-09-12,6943.0,7096.4501953125,6915.0,7061.7998046875,7025.294921875,831152.0,0.0,0.0
2024-09-13,7096.2001953125,7099.9501953125,7008.0498046875,7019.14990234375,6982.86572265625,238034.0,0.0,0.0
2024-09-16,7025.0,7062.9501953125,7010.5,7031.35009765625,6995.0029296875,226343.0,0.0,0.0
2024-09-17,7031.39990234375,7152.4501953125,6999.89990234375,7008.0498046875,6971.82275390625,266003.0,0.0,0.0
2024-09-18,7029.89990234375,7068.0,6960.75,7035.89990234375,6999.52880859375,251334.0,0.0,0.0
2024-09-19,7068.0,7124.64990234375,7011.4501953125,7030.25,6993.90869140625,407897.0,0.0,0.0
2024-09-20,7039.89990234375,7120.0,7017.89990234375,7082.64990234375,7046.037109375,493357.0,0.0,0.0
2024-09-23,7090.39990234375,7182.0,7090.39990234375,7152.7998046875,7115.82470703125,254282.0,0.0,0.0
2024-09-24,7076.2001953125,7200.0,7076.2001953125,7122.0,7085.18408203125,333949.0,0.0,0.0
2024-09-25,7092.75,7144.9501953125,7074.14990234375,7133.4501953125,7096.5751953125,236185.0,0.0,0.0
2024-09-26,7108.0,7193.9501953125,7094.39990234375,7167.85009765625,7130.796875,405696.0,0.0,0.0
2024-09-27,7159.2998046875,7279.89990234375,7110.0,7234.0,7196.60498046875,772592.0,0.0,0.0
2024-09-30,7160.5,7316.9501953125,7160.5,7199.14990234375,7161.93505859375,442794.0,0.0,0.0
2024-10-01,7201.5,7243.9501953125,7135.0,7153.35009765625,7116.3720703125,310719.0,0.0,0.0
2024-10-03,7093.35009765625,7200.0,6855.9501953125,6905.9501953125,6870.2509765625,655420.0,0.0,0.0
2024-10-04,6902.10009765625,6958.2998046875,6727.35009765625,6773.60009765625,6738.5849609375,429272.0,0.0,0.0
2024-10-07,6801.0,6857.5,6743.14990234375,6773.14990234375,6738.13720703125,260810.0,0.0,0.0
2024-10-08,6819.0,6940.0,6748.7001953125,6924.2998046875,6888.505859375,345891.0,0.0,0.0
2024-10-09,6959.0,7070.0,6936.39990234375,7008.89990234375,6972.6689453125,391824.0,0.0,0.0
2024-10-10,7054.9501953125,7055.0498046875,6884.0498046875,6955.0498046875,6919.09716796875,237853.0,0.0,0.0
2024-10-11,6982.0,7018.9501953125,6930.10009765625,6983.39990234375,6947.30078125,75315.0,0.0,0.0
2024-10-14,6976.85009765625,7101.39990234375,6961.75,7092.60009765625,7055.93603515625,168515.0,0.0,0.0
2024-10-15,7115.0,7150.35009765625,7040.0,7140.14990234375,7103.240234375,322659.0,0.0,0.0
2024-10-16,7085.10009765625,7135.2001953125,7056.0,7071.2998046875,7034.74609375,223419.0,0.0,0.0
2024-10-17,7089.0,7102.60009765625,6960.64990234375,6989.2998046875,6953.17041015625,183572.0,0.0,0.0
2024-10-18,6983.2998046875,7041.64990234375,6950.0,6982.89990234375,6946.80322265625,236651.0,0.0,0.0
2024-10-21,6972.25,7032.0,6957.5,6986.39990234375,6950.28564453125,222611.0,0.0,0.0
2024-10-22,7019.9501953125,7037.25,6871.5498046875,6891.9501953125,6856.32373046875,112233.0,0.0,0.0
2024-10-23,6885.0,6958.9501953125,6854.75,6906.75,6871.04736328125,109466.0,0.0,0.0
2024-10-24,6937.25,6978.0,6870.64990234375,6954.14990234375,6918.20166015625,147408.0,0.0,0.0
2024-10-25,6954.14990234375,6981.0,6876.0498046875,6944.85009765625,6908.94970703125,175261.0,0.0,0.0
2024-10-28,6923.0,6970.0,6794.25,6926.2998046875,6890.49560546875,238427.0,0.0,0.0
2024-10-29,6957.89990234375,6997.7001953125,6855.7998046875,6987.4501953125,6951.330078125,196146.0,0.0,0.0
2024-10-30,6980.60009765625,7035.0,6939.7998046875,6982.5,6946.4052734375,191699.0,0.0,0.0
2024-10-31,6999.89990234375,7050.0,6956.0498046875,7022.7001953125,6986.39794921875,224153.0,0.0,0.0
2024-11-01,7022.7001953125,7046.0,7000.75,7031.9501953125,6995.599609375,18769.0,0.0,0.0
2024-11-04,7090.0,7090.0,6892.14990234375,6958.39990234375,6922.43017578125,273442.0,0.0,0.0
2024-11-05,6920.0,6986.5498046875,6814.25,6966.2998046875,6930.28857421875,246059.0,0.0,0.0
2024-11-06,7020.0,7141.75,6891.0,6968.10009765625,6932.07958984375,459745.0,0.0,0.0
2024-11-07,7316.5,7483.89990234375,7200.2998046875,7424.85009765625,7386.46875,2502817.0,0.0,0.0
2024-11-08,7390.0498046875,7545.0,7380.0,7421.39990234375,7383.0361328125,1032481.0,0.0,0.0
2024-11-11,7400.0,7454.14990234375,6982.60009765625,7155.4501953125,7118.4619140625,625620.0,0.0,0.0
2024-11-12,7161.25,7232.85009765625,7001.0,7019.5498046875,6983.263671875,194183.0,0.0,0.0
2024-11-13,6970.0,6998.2001953125,6830.4501953125,6858.85009765625,6823.39453125,299775.0,0.0,0.0
2024-11-14,6860.0,6908.0,6827.0498046875,6860.64990234375,6825.18505859375,192648.0,0.0,0.0
2024-11-18,6874.4501953125,6874.4501953125,6694.5498046875,6741.89990234375,6707.04931640625,268706.0,0.0,0.0
2024-11-19,6750.0,6796.89990234375,6661.2001953125,6686.89990234375,6652.33349609375,290018.0,0.0,0.0
2024-11-21,6623.5498046875,6761.9501953125,6594.14990234375,6742.5,6707.64599609375,258574.0,0.0,0.0
2024-11-22,6751.60009765625,6950.2998046875,6751.60009765625,6935.10009765625,6899.25048828125,498633.0,0.0,0.0
2024-11-25,6980.0,7147.0,6930.89990234375,7075.0,7038.42724609375,639047.0,0.0,0.0
2024-11-26,7095.0,7112.0498046875,7042.5,7076.5498046875,7039.96923828125,179222.0,0.0,0.0
2024-11-27,7076.5498046875,7115.39990234375,6970.0,6982.7001953125,6946.6044921875,227250.0,0.0,0.0
2024-11-28,6982.7001953125,7030.0,6816.0,6841.10009765625,6805.73583984375,412343.0,0.0,0.0
2024-11-29,6867.0498046875,6892.4501953125,6812.0,6828.89990234375,6793.5986328125,410883.0,0.0,0.0
2024-12-02,6858.0,7080.0,6821.10009765625,7065.7998046875,7029.2744140625,579743.0,0.0,0.0
2024-12-03,7104.39990234375,7135.39990234375,7076.5498046875,7126.5498046875,7089.71044921875,351470.0,0.0,0.0
2024-12-04,7216.64990234375,7269.10009765625,7125.0498046875,7232.35009765625,7194.9638671875,604278.0,0.0,0.0
2024-12-05,7257.25,7334.9501953125,7140.39990234375,7274.75,7237.14501953125,510951.0,0.0,0.0
2024-12-06,7263.0,7310.0498046875,7207.75,7233.2998046875,7195.90869140625,189048.0,0.0,0.0
2024-12-09,7162.75,7227.9501953125,7162.75,7193.85009765625,7156.66259765625,203674.0,0.0,0.0
2024-12-10,7228.7998046875,7308.4501953125,7215.2001953125,7258.2998046875,7220.779296875,333300.0,0.0,0.0
2024-12-11,7255.7001953125,7364.0,7216.0498046875,7340.7998046875,7302.8525390625,391192.0,0.0,0.0
2024-12-12,7300.0,7318.64990234375,7189.5,7227.10009765625,7189.74072265625,396742.0,0.0,0.0
2024-12-13,7221.0,7277.35009765625,7204.2001953125,7259.4501953125,7221.923828125,314999.0,0.0,0.0
2024-12-16,7251.64990234375,7270.10009765625,7166.0498046875,7259.2001953125,7221.67529296875,219812.0,0.0,0.0
2024-12-17,7227.0,7307.0,7201.0,7218.75,7181.4345703125,237831.0,0.0,0.0
2024-12-18,7233.25,7267.5,7177.64990234375,7237.39990234375,7199.9873046875,253532.0,0.0,0.0
2024-12-19,7148.0,7313.25,7137.39990234375,7297.5498046875,7259.82666015625,292899.0,0.0,0.0
2024-12-20,7324.7998046875,7389.89990234375,7210.0498046875,7251.7001953125,7214.21337890625,349055.0,0.0,0.0
2024-12-23,7251.10009765625,7329.89990234375,7185.0,7265.10009765625,7227.544921875,179062.0,0.0,0.0
2024-12-24,7260.0,7279.75,7210.39990234375,7240.0,7202.57421875,146814.0,0.0,0.0
2024-12-26,7272.2001953125,7298.0498046875,7224.75,7261.14990234375,7223.61474609375,116439.0,0.0,0.0
2024-12-27,7261.14990234375,7295.0,7155.0,7246.2998046875,7208.84130859375,189089.0,0.0,0.0
2024-12-30,7240.0,7378.39990234375,7220.0498046875,7314.25,7276.43994140625,428884.0,0.0,0.0
2024-12-31,7305.60009765625,7365.9501953125,7252.7998046875,7296.35009765625,7258.63330078125,212227.0,0.0,0.0
2025-01-01,7320.0,7445.0,7300.39990234375,7369.64990234375,7331.55419921875,341399.0,0.0,0.0
2025-01-02,7405.0,7444.9501953125,7333.0498046875,7421.64990234375,7383.28515625,265991.0,0.0,0.0
2025-01-03,7427.9501953125,7437.5498046875,7280.0,7298.35009765625,7260.623046875,180636.0,0.0,0.0
2025-01-06,7298.35009765625,7473.0,7290.75,7429.14990234375,7390.74658203125,527272.0,0.0,0.0
2025-01-07,7466.25,7545.35009765625,7345.2001953125,7436.75,7398.3076171875,398234.0,0.0,0.0
2025-01-08,7448.75,7460.0,7131.0,7142.64990234375,7105.72705078125,450295.0,0.0,0.0
2025-01-09,7140.0,7163.7001953125,6991.10009765625,7091.5498046875,7054.8916015625,305521.0,0.0,0.0
2025-01-10,7090.0,7139.0,7016.85009765625,7036.75,7000.375,185381.0,0.0,0.0
2025-01-13,7000.0,7000.0,6756.0498046875,6839.60009765625,6804.24365234375,431086.0,0.0,0.0
2025-01-14,6854.60009765625,6899.0,6683.10009765625,6706.85009765625,6672.18017578125,362659.0,0.0,0.0
2025-01-15,6749.60009765625,6759.9501953125,6608.0,6691.85009765625,6657.2578125,547360.0,0.0,0.0
2025-01-16,6760.0,6807.7998046875,6700.0498046875,6789.64990234375,6754.55224609375,579821.0,0.0,0.0
2025-01-17,6819.9501953125,6845.0,6762.2998046875,6828.10009765625,6792.80322265625,166710.0,0.0,0.0
2025-01-20,6901.0,6910.0,6740.0,6780.85009765625,6745.7978515625,120356.0,0.0,0.0
2025-01-21,6838.0,7014.9501953125,6838.0,6919.14990234375,6883.38232421875,799900.0,0.0,0.0
2025-01-22,6908.0,6941.9501953125,6829.89990234375,6892.89990234375,6857.26806640625,247081.0,0.0,0.0
2025-01-23,6892.25,6963.10009765625,6823.2001953125,6920.85009765625,6885.07421875,271085.0,0.0,0.0
2025-01-24,6915.25,6915.25,6728.4501953125,6745.0498046875,6710.1826171875,317194.0,0.0,0.0
2025-01-27,6700.0,6729.7998046875,6674.35009765625,6695.4501953125,6660.83935546875,191705.0,0.0,0.0
2025-01-28,6699.0,6747.5,6635.0498046875,6708.9501953125,6674.26953125,202194.0,0.0,0.0
2025-01-29,6741.0,6798.75,6697.25,6784.2998046875,6749.2294921875,146288.0,0.0,0.0
2025-01-30,6786.25,6895.0,6770.35009765625,6824.64990234375,6789.37109375,204648.0,0.0,0.0
2025-01-31,6822.25,6880.0,6789.14990234375,6810.5,6775.2939453125,187712.0,0.0,0.0
2025-02-01,6810.2998046875,6940.0,6810.25,6841.10009765625,6805.73583984375,117096.0,0.0,0.0
2025-02-03,6781.60009765625,6886.75,6724.9501953125,6798.64990234375,6763.50537109375,250589.0,0.0,0.0
2025-02-04,6785.0,6816.60009765625,6706.2998046875,6792.2001953125,6757.0888671875,223642.0,0.0,0.0
2025-02-05,6826.14990234375,7008.0,6796.4501953125,6944.64990234375,6908.7509765625,389639.0,0.0,0.0
2025-02-06,6837.39990234375,6925.0,6785.5498046875,6874.25,6838.71484375,334197.0,0.0,0.0
2025-02-07,6921.4501953125,6929.85009765625,6750.0,6790.5498046875,6755.447265625,259335.0,0.0,0.0
2025-02-10,6817.2001953125,6834.35009765625,6686.0,6761.25,6726.298828125,213808.0,0.0,0.0
2025-02-11,6799.89990234375,6815.0,6282.5,6317.35009765625,6284.69384765625,1728723.0,0.0,0.0
2025-02-12,6349.60009765625,6494.0498046875,6215.0,6374.5498046875,6341.59765625,1133586.0,0.0,0.0
2025-02-13,6372.25,6425.0,6344.4501953125,6372.2001953125,6339.259765625,636246.0,0.0,0.0
2025-02-14,6377.25,6379.89990234375,6230.60009765625,6270.5,6246.9091796875,320088.0,9.0,0.0
2025-02-17,6150.0,6317.0,6150.0,6300.2001953125,6276.49755859375,482329.0,0.0,0.0
2025-02-18,6320.0,6390.0,6320.0,6376.85009765625,6352.85888671875,220118.0,0.0,0.0
2025-02-19,6348.25,6435.0,6284.25,6422.64990234375,6398.486328125,195067.0,0.0,0.0
2025-02-20,6384.25,6469.4501953125,6377.89990234375,6390.9501953125,6366.90576171875,165304.0,0.0,0.0
2025-02-21,6362.2998046875,6395.60009765625,6292.9501953125,6317.5498046875,6293.78173828125,220428.0,0.0,0.0
2025-02-24,6275.0,6275.0,6236.0,6251.39990234375,6227.88037109375,458224.0,0.0,0.0
2025-02-25,6251.0,6279.9501953125,6213.0498046875,6251.35009765625,6227.8310546875,421160.0,0.0,0.0
2025-02-27,6261.0,6282.25,6145.4501953125,6185.2001953125,6161.9296875,397857.0,0.0,0.0
2025-02-28,6145.0498046875,6145.0498046875,6001.35009765625,6052.60009765625,6029.82861328125,845516.0,0.0,0.0
2025-03-03,6025.60009765625,6195.0,6001.0,6170.60009765625,6147.38525390625,373515.0,0.0,0.0
2025-03-04,6133.0,6220.5,6112.2998046875,6188.14990234375,6164.86865234375,445246.0,0.0,0.0
2025-03-05,6200.0,6235.0498046875,6130.64990234375,6214.39990234375,6191.02001953125,345922.0,0.0,0.0
2025-03-06,6255.0,6292.0,6217.0498046875,6274.10009765625,6250.49560546875,284475.0,0.0,0.0
2025-03-07,6292.25,6314.75,6197.2998046875,6216.10009765625,6192.7138671875,299433.0,0.0,0.0
2025-03-10,6206.39990234375,6212.0,6133.89990234375,6149.60009765625,6126.4638671875,266043.0,0.0,0.0
2025-03-11,6130.0,6155.7001953125,6040.0,6134.7998046875,6111.71923828125,526709.0,0.0,0.0
2025-03-12,6134.10009765625,6157.9501953125,6063.75,6143.75,6120.63623046875,250139.0,0.0,0.0
2025-03-13,6155.10009765625,6200.0,6082.10009765625,6105.64990234375,6082.6787109375,247628.0,0.0,0.0
2025-03-17,6002.0,6204.2001953125,6002.0,6156.64990234375,6133.4873046875,287639.0,0.0,0.0
2025-03-18,6156.64990234375,6156.64990234375,6156.64990234375,6156.64990234375,6133.4873046875,0.0,0.0,0.0
2025-03-19,6275.25,6434.89990234375,6227.10009765625,6427.5498046875,6403.3681640625,579880.0,0.0,0.0
2025-03-20,6465.0,6484.64990234375,6363.75,6474.35009765625,6449.99169921875,457285.0,0.0,0.0
2025-03-21,6494.0,6634.10009765625,6470.0498046875,6611.5498046875,6586.67578125,496635.0,0.0,0.0
2025-03-24,6649.39990234375,6699.9501953125,6600.4501953125,6615.7998046875,6590.90966796875,389998.0,0.0,0.0
2025-03-25,6596.5,6667.14990234375,6562.0498046875,6644.7001953125,6619.701171875,223668.0,0.0,0.0
2025-03-26,6653.7998046875,6680.0,6491.0498046875,6519.7998046875,6495.27099609375,281646.0,0.0,0.0
2025-03-27,6500.0498046875,6559.9501953125,6430.25,6492.0498046875,6467.625,728926.0,0.0,0.0
2025-03-28,6492.0498046875,6649.75,6432.9501953125,6616.2001953125,6591.30859375,413873.0,0.0,0.0
2025-04-01,6599.0,6661.89990234375,6545.64990234375,6632.2998046875,6607.34716796875,319668.0,0.0,0.0
2025-04-02,6632.2998046875,6746.39990234375,6632.2998046875,6732.14990234375,6706.82177734375,292940.0,0.0,0.0
2025-04-03,6675.0498046875,6774.9501953125,6660.0498046875,6671.35009765625,6646.2509765625,312519.0,0.0,0.0
2025-04-04,6672.0,6735.0,6582.0,6714.5498046875,6689.2880859375,279891.0,0.0,0.0
2025-04-07,6565.0,6725.7001953125,6490.85009765625,6683.2998046875,6658.15576171875,744140.0,0.0,0.0
2025-04-08,6725.0,6790.0,6716.25,6755.60009765625,6730.18359375,578124.0,0.0,0.0
2025-04-09,6665.0,6851.4501953125,6665.0,6834.10009765625,6808.388671875,680834.0,0.0,0.0
2025-04-11,6822.7001953125,6870.9501953125,6765.5,6780.9501953125,6755.4384765625,651996.0,0.0,0.0
2025-04-15,6965.0,6965.0,6835.0,6905.0,6879.02197265625,778401.0,0.0,0.0
2025-04-16,6870.0,7034.5,6865.0,7005.5,6979.14404296875,621996.0,0.0,0.0
2025-04-17,7038.0,7092.0,7000.0,7073.5,7046.8876953125,533349.0,0.0,0.0
2025-04-21,7150.0,7189.0,7058.0,7142.5,7115.6279296875,244570.0,0.0,0.0
2025-04-22,7141.5,7172.5,7070.0,7088.5,7061.83154296875,305540.0,0.0,0.0
2025-04-23,7088.5,7169.0,7071.5,7142.0,7115.13037109375,287593.0,0.0,0.0
2025-04-24,7141.5,7184.5,7093.5,7159.5,7132.564453125,277769.0,0.0,0.0
2025-04-25,7169.5,7243.0,6898.0,6953.0,6926.84130859375,550158.0,0.0,0.0
2025-04-28,6954.5,7056.0,6954.5,7045.0,7018.49462890625,379519.0,0.0,0.0
2025-04-29,7049.0,7090.0,6976.0,6992.5,6966.19287109375,174253.0,0.0,0.0
2025-04-30,6992.0,7035.5,6920.0,6977.0,6950.7509765625,499567.0,0.0,0.0
2025-05-02,6922.0,7098.0,6918.0,6928.0,6901.93505859375,207912.0,0.0,0.0
2025-05-05,6960.0,7031.0,6950.0,6974.0,6947.76220703125,259097.0,0.0,0.0
2025-05-06,6999.5,7074.0,6950.0,7009.0,6982.63037109375,292595.0,0.0,0.0
2025-05-07,6970.0,7056.0,6950.0,6983.0,6956.72802734375,338311.0,0.0,0.0
2025-05-08,6950.0,6979.0,6806.0,6851.5,6825.72314453125,383274.0,0.0,0.0
2025-05-09,6735.5,6844.0,6677.5,6722.0,6696.71044921875,428193.0,0.0,0.0
2025-05-12,6800.0,6940.5,6758.5,6926.0,6899.94287109375,237009.0,0.0,0.0
2025-05-13,6908.0,7013.0,6900.0,6917.5,6891.47509765625,323598.0,0.0,0.0
2025-05-14,6930.0,6993.0,6862.5,6916.5,6890.47802734375,324593.0,0.0,0.0
2025-05-15,6942.0,7096.5,6870.0,7072.5,7045.8916015625,656146.0,0.0,0.0
2025-05-16,7080.0,7105.0,6993.0,7015.0,6988.60791015625,270772.0,0.0,0.0
2025-05-19,6985.0,7061.0,6965.5,6974.5,6948.2607421875,307173.0,0.0,0.0
2025-05-20,6985.5,7007.0,6891.0,6912.0,6885.99560546875,365507.0,0.0,0.0
2025-05-21,6928.5,7043.0,6928.5,6984.0,6957.724609375,449740.0,0.0,0.0
2025-05-22,6984.0,7001.0,6915.0,6954.5,6928.33544921875,229993.0,0.0,0.0
2025-05-23,6987.5,7088.0,6930.0,7064.5,7037.921875,321466.0,0.0,0.0
2025-05-26,7095.0,7120.0,7080.0,7096.5,7069.8017578125,228090.0,0.0,0.0
2025-05-27,7118.5,7124.5,7029.5,7073.5,7046.8876953125,218088.0,0.0,0.0
2025-05-28,7100.0,7101.0,6932.5,6956.5,6930.328125,278102.0,0.0,0.0
2025-05-29,6965.5,6981.0,6886.5,6923.0,6896.9541015625,308885.0,0.0,0.0
2025-05-30,6950.0,6993.0,6853.5,6880.5,6854.61376953125,911209.0,0.0,0.0
2025-06-02,6944.0,7090.0,6883.5,6915.5,6889.482421875,1217905.0,0.0,0.0
2025-06-03,6950.0,6950.5,6799.5,6812.5,6786.86962890625,489548.0,0.0,0.0
2025-06-04,6812.5,6868.0,6772.0,6855.0,6829.20947265625,629518.0,0.0,0.0
2025-06-05,6868.5,6919.5,6842.0,6876.0,6850.13037109375,488647.0,0.0,0.0
2025-06-06,6867.0,6955.0,6808.0,6942.5,6916.380859375,269399.0,0.0,0.0
2025-06-09,6976.5,6976.5,6886.0,6932.0,6905.919921875,239444.0,0.0,0.0
2025-06-10,6951.5,6992.5,6911.0,6918.5,6892.47119140625,559472.0,0.0,0.0
2025-06-11,6918.0,6947.0,6863.0,6927.5,6901.4375,526939.0,0.0,0.0
2025-06-12,6932.0,7055.0,6930.0,6996.5,6970.17724609375,552007.0,0.0,0.0
2025-06-13,6979.0,7037.5,6923.0,6994.5,6968.18505859375,367775.0,0.0,0.0
2025-06-16,7010.5,7138.0,6982.0,7114.0,7087.2353515625,589027.0,0.0,0.0
2025-06-17,7120.0,7134.5,6999.5,7006.5,6980.14013671875,264117.0,0.0,0.0
2025-06-18,7006.5,7030.0,6917.0,6933.5,6907.41455078125,394355.0,0.0,0.0
2025-06-19,6937.0,7035.0,6912.0,7009.5,6983.12841796875,462080.0,0.0,0.0
2025-06-20,7005.0,7077.0,6974.5,7063.5,7036.92529296875,378436.0,0.0,0.0
2025-06-23,7000.0,7049.5,6995.5,7007.5,6981.1357421875,137379.0,0.0,0.0
2025-06-24,7034.5,7076.0,6993.5,7006.0,6979.6416015625,238243.0,0.0,0.0
2025-06-25,6995.0,7061.0,6995.0,7042.0,7015.50634765625,378904.0,0.0,0.0
2025-06-26,7054.5,7122.5,7020.5,7101.5,7074.78271484375,426516.0,0.0,0.0
2025-06-27,7130.0,7324.0,7117.5,7308.5,7281.00341796875,523582.0,0.0,0.0
2025-06-30,7336.5,7336.5,7203.5,7242.0,7214.75390625,353888.0,0.0,0.0
2025-07-01,7475.0,7584.5,7404.5,7496.0,7467.79833984375,1872535.0,0.0,0.0
2025-07-02,7470.0,7532.0,7416.5,7441.0,7413.00537109375,910865.0,0.0,0.0
2025-07-03,7474.0,7600.5,7440.0,7565.0,7536.5390625,894597.0,0.0,0.0
2025-07-04,7593.0,7593.0,7525.0,7553.5,7525.08203125,349076.0,0.0,0.0
2025-07-07,7562.5,7625.5,7535.5,7616.0,7587.3466796875,449086.0,0.0,0.0
2025-07-08,7605.0,7635.0,7554.0,7565.0,7536.5390625,481581.0,0.0,0.0
2025-07-09,7545.0,7568.5,7448.5,7469.0,7440.89990234375,266815.0,0.0,0.0
2025-07-10,7455.0,7455.0,7348.0,7359.0,7331.3134765625,384661.0,0.0,0.0
2025-07-11,7355.0,7384.0,7159.0,7189.5,7162.45166015625,578061.0,0.0,0.0
2025-07-14,7200.0,7256.5,7173.0,7220.0,7192.83642578125,670246.0,0.0,0.0
2025-07-15,7260.5,7374.0,7227.5,7360.5,7332.80810546875,517978.0,0.0,0.0
2025-07-16,7374.5,7410.0,7310.0,7352.5,7324.83837890625,527782.0,0.0,0.0
2025-07-17,7361.0,7408.5,7331.5,7350.5,7322.845703125,378666.0,0.0,0.0
2025-07-18,7384.5,7384.5,7255.0,7303.5,7276.0224609375,192649.0,0.0,0.0
2025-07-21,7303.5,7322.5,7246.0,7254.5,7227.20703125,217270.0,0.0,0.0
2025-07-22,7270.0,7291.5,7216.5,7246.5,7219.23681640625,300768.0,0.0,0.0
2025-07-23,7251.0,7390.0,7244.0,7373.5,7345.7587890625,508883.0,0.0,0.0
2025-07-24,7373.0,7485.5,7349.5,7363.5,7335.79736328125,454916.0,0.0,0.0
2025-07-25,7365.0,7483.5,7343.5,7468.5,7440.40185546875,434232.0,0.0,0.0
2025-07-28,7480.0,7502.0,7323.0,7356.5,7328.8232421875,240740.0,0.0,0.0
2025-07-29,7356.5,7469.0,7310.5,7456.0,7427.94873046875,336770.0,0.0,0.0
2025-07-30,7460.0,7474.5,7400.0,7450.0,7421.97119140625,266922.0,0.0,0.0
2025-07-31,7378.0,7525.0,7355.0,7498.0,7469.79052734375,342605.0,0.0,0.0
2025-08-01,7538.0,7538.0,7331.5,7351.5,7323.841796875,215243.0,0.0,0.0
2025-08-04,7387.0,7388.0,7295.0,7308.0,7280.50537109375,260996.0,0.0,0.0
2025-08-05,7312.0,7342.0,7235.5,7274.0,7246.6337890625,282791.0,0.0,0.0
2025-08-06,7270.0,7279.0,7164.5,7189.5,7162.45166015625,296623.0,0.0,0.0
2025-08-07,7164.0,7197.5,7053.5,7170.0,7143.02490234375,407857.0,0.0,0.0
2025-08-08,7170.0,7198.5,7066.0,7084.5,7057.84619140625,327102.0,0.0,0.0
2025-08-11,7101.0,7320.0,7020.5,7259.0,7231.68994140625,498598.0,0.0,0.0
2025-08-12,7259.0,7285.0,7205.0,7236.5,7209.2744140625,342006.0,0.0,0.0
2025-08-13,7403.0,7840.0,7389.0,7808.5,7779.12255859375,2291645.0,0.0,0.0
2025-08-14,7830.0,7859.5,7749.0,7821.5,7792.07373046875,673142.0,0.0,0.0
2025-08-18,7850.0,7917.5,7806.0,7822.5,7793.06982421875,633876.0,0.0,0.0
2025-08-19,7830.5,7864.5,7800.0,7823.5,7804.04248046875,384598.0,10.0,0.0
2025-08-20,7830.0,7918.0,7812.5,7883.0,7863.39453125,452843.0,0.0,0.0
2025-08-21,7893.0,7947.0,7853.0,7926.5,7906.7861328125,482016.0,0.0,0.0
2025-08-22,7895.0,7980.0,7852.0,7922.5,7902.79638671875,843648.0,0.0,0.0
2025-08-25,7926.0,7950.0,7838.5,7851.0,7831.47412109375,402979.0,0.0,0.0
2025-08-26,7827.5,7834.0,7720.5,7793.5,7774.1171875,671659.0,0.0,0.0
2025-08-28,7755.0,7828.0,7714.5,7728.0,7708.77978515625,418353.0,0.0,0.0
2025-08-29,7670.0,7744.0,7586.0,7610.0,7591.0732421875,481590.0,0.0,0.0
2025-09-01,7595.5,7684.5,7595.5,7671.5,7652.42041015625,255894.0,0.0,0.0
2025-09-02,7631.5,7699.0,7631.5,7682.0,7662.89453125,195907.0,0.0,0.0
2025-09-03,7685.0,7775.5,7656.0,7736.0,7716.759765625,321268.0,0.0,0.0
2025-09-04,7790.0,7918.5,7751.0,7900.0,7880.35205078125,386286.0,0.0,0.0
2025-09-05,7900.0,7915.0,7795.5,7804.5,7785.08935546875,228324.0,0.0,0.0
2025-09-08,7834.5,7849.5,7740.5,7786.5,7767.13427734375,314960.0,0.0,0.0
2025-09-09,7755.0,7848.0,7755.0,7825.5,7806.037109375,303494.0,0.0,0.0
2025-09-10,7805.0,7939.0,7805.0,7929.0,7909.27978515625,337313.0,0.0,0.0
2025-09-11,7875.5,7941.5,7860.0,7879.5,7859.9033203125,161041.0,0.0,0.0
2025-09-12,7875.0,7915.0,7841.5,7874.5,7854.91552734375,117761.0,0.0,0.0
2025-09-15,7900.0,7956.0,7796.0,7816.5,7797.06005859375,214626.0,0.0,0.0
2025-09-16,7805.5,7862.0,7805.5,7852.5,7832.97021484375,194911.0,0.0,0.0
2025-09-17,7869.0,7911.0,7860.0,7888.0,7868.3818359375,249447.0,0.0,0.0
2025-09-18,7875.0,7886.0,7821.0,7850.5,7830.97509765625,264065.0,0.0,0.0
2025-09-19,7850.5,7876.5,7798.5,7806.5,7787.0849609375,207129.0,0.0,0.0
2025-09-22,7611.5,7796.5,7611.5,7739.0,7719.75244140625,302818.0,0.0,0.0
2025-09-23,7725.0,7749.0,7664.5,7684.0,7664.88916015625,443181.0,0.0,0.0
2025-09-24,7698.0,7730.0,7634.5,7643.5,7624.48974609375,201984.0,0.0,0.0
2025-09-25,7649.0,7704.0,7615.0,7624.0,7605.03857421875,374239.0,0.0,0.0
2025-09-26,7550.0,7630.5,7491.0,7510.0,7491.322265625,207170.0,0.0,0.0
2025-09-29,7550.0,7595.0,7426.0,7444.0,7425.486328125,388214.0,0.0,0.0
2025-09-30,7444.0,7478.0,7400.0,7409.0,7390.5732421875,369272.0,0.0,0.0
2025-10-01,7409.5,7482.0,7359.0,7441.0,7422.49365234375,220764.0,0.0,0.0
2025-10-03,7441.0,7484.0,7404.0,7449.5,7430.97265625,478143.0,0.0,0.0
2025-10-06,7550.0,7730.0,7550.0,7662.0,7642.94384765625,423558.0,0.0,0.0
2025-10-07,7674.5,7706.5,7633.5,7700.0,7680.849609375,210121.0,0.0,0.0
2025-10-08,7697.5,7762.0,7643.5,7662.0,7642.94384765625,188810.0,0.0,0.0
2025-10-09,7690.0,7750.0,7620.0,7695.0,7675.8623046875,295802.0,0.0,0.0
2025-10-10,7694.5,7739.0,7660.0,7681.0,7661.89697265625,273853.0,0.0,0.0
2025-10-13,7709.0,7744.0,7643.0,7671.0,7651.921875,191488.0,0.0,0.0
2025-10-14,7848.5,7848.5,7675.0,7759.0,7739.703125,413862.0,0.0,0.0
2025-10-15,7800.0,7850.0,7740.5,7826.0,7806.5361328125,212807.0,0.0,0.0
2025-10-16,7814.0,7870.0,7807.5,7833.5,7814.01708984375,178563.0,0.0,0.0
2025-10-17,7850.0,8030.0,7840.5,7901.5,7881.8486328125,610960.0,0.0,0.0
2025-10-20,7950.0,8065.0,7921.5,8010.0,7990.07861328125,498555.0,0.0,0.0
2025-10-21,8038.0,8058.5,7992.5,8012.0,7992.07373046875,31082.0,0.0,0.0
2025-10-23,7950.0,8099.5,7920.0,7968.5,7948.681640625,456860.0,0.0,0.0
2025-10-24,7975.0,7982.0,7824.5,7837.5,7818.0078125,287555.0,0.0,0.0
2025-10-27,7837.5,7903.0,7834.0,7845.5,7825.98779296875,266541.0,0.0,0.0
2025-10-28,7864.0,7901.0,7828.5,7880.5,7860.90087890625,348079.0,0.0,0.0
2025-10-29,7890.5,7905.0,7846.0,7858.5,7838.95556640625,199897.0,0.0,0.0
2025-10-30,7767.0,7837.5,7765.0,7790.0,7770.6259765625,209452.0,0.0,0.0
2025-10-31,7833.0,7833.0,7651.0,7681.0,7661.89697265625,347031.0,0.0,0.0
2025-11-03,7675.0,7845.0,7661.5,7824.5,7805.0400390625,332284.0,0.0,0.0
2025-11-04,7824.5,7883.5,7780.5,7810.5,7791.07470703125,384562.0,0.0,0.0
2025-11-06,7732.5,7850.5,7700.0,7782.0,7762.6455078125,425649.0,0.0,0.0
2025-11-07,7789.0,7891.0,7625.5,7642.0,7622.99365234375,486385.0,0.0,0.0
2025-11-10,7631.5,7652.5,7515.0,7529.5,7510.7734375,377719.0,0.0,0.0
2025-11-11,7501.5,7569.0,7441.0,7501.0,7482.34423828125,306736.0,0.0,0.0
2025-11-12,7520.0,7539.0,7458.0,7498.0,7479.3515625,420561.0,0.0,0.0
2025-11-13,7480.0,7509.0,7425.0,7440.5,7421.9951171875,448567.0,0.0,0.0
2025-11-14,7440.0,7467.0,7375.0,7420.5,7402.044921875,218565.0,0.0,0.0
2025-11-17,7475.0,7504.5,7425.0,7487.5,7468.8779296875,248470.0,0.0,0.0
2025-11-18,7450.0,7474.0,7373.0,7385.5,7367.1318359375,285148.0,0.0,0.0
2025-11-19,7419.0,7482.0,7332.0,7459.0,7440.44873046875,454714.0,0.0,0.0
2025-11-20,7481.0,7491.0,7415.0,7423.0,7404.53857421875,228411.0,0.0,0.0
2025-11-21,7425.5,7435.0,7381.5,7391.0,7372.6181640625,138622.0,0.0,0.0
2025-11-24,7399.0,7421.0,7332.0,7354.5,7336.208984375,751685.0,0.0,0.0
2025-11-25,7409.0,7409.5,7314.5,7330.5,7312.2685546875,237415.0,0.0,0.0
2025-11-26,7341.5,7402.0,7308.5,7393.0,7374.61328125,272489.0,0.0,0.0
2025-11-27,7390.0,7396.0,7310.0,7322.5,7304.28857421875,243681.0,0.0,0.0
2025-11-28,7330.0,7359.0,7300.0,7335.5,7317.25634765625,299937.0,0.0,0.0
2025-12-01,7375.0,7381.5,7282.0,7287.5,7269.37548828125,227568.0,0.0,0.0
2025-12-02,7287.5,7299.0,7230.0,7242.0,7223.98876953125,329723.0,0.0,0.0
2025-12-03,7200.0,7257.0,7150.5,7184.0,7166.1328125,329160.0,0.0,0.0
2025-12-04,7184.0,7227.5,7158.0,7201.0,7183.0908203125,306183.0,0.0,0.0
2025-12-05,7201.0,7219.5,7147.0,7189.5,7171.619140625,260117.0,0.0,0.0
2025-12-08,7157.0,7219.0,7082.0,7096.0,7078.3515625,287363.0,0.0,0.0
2025-12-09,7100.0,7181.5,7059.0,7091.0,7073.3642578125,560843.0,0.0,0.0
2025-12-10,7101.0,7116.0,7005.5,7018.5,7001.04443359375,266098.0,0.0,0.0
2025-12-11,7028.0,7065.5,6973.0,7009.5,6992.06689453125,350620.0,0.0,0.0
2025-12-12,7015.0,7130.0,6996.0,7101.0,7083.3388671875,306662.0,0.0,0.0
2025-12-15,7075.0,7098.0,7015.5,7086.5,7068.87548828125,205982.0,0.0,0.0
2025-12-16,7110.0,7148.0,7025.0,7051.5,7033.96240234375,385236.0,0.0,0.0
2025-12-17,7109.0,7109.0,6911.5,6921.5,6904.28564453125,358023.0,0.0,0.0
2025-12-18,6921.5,6949.5,6881.0,6918.5,6901.29296875,384579.0,0.0,0.0
2025-12-19,6919.0,7024.0,6902.0,7012.5,6995.0595703125,235742.0,0.0,0.0
2025-12-22,7014.0,7104.0,7013.0,7054.0,7036.4560546875,358776.0,0.0,0.0
2025-12-23,7069.5,7098.0,7016.0,7073.5,7055.90771484375,286197.0,0.0,0.0
2025-12-24,7070.0,7209.5,7044.5,7172.0,7154.1630859375,351381.0,0.0,0.0
2025-12-26,7182.0,7202.0,7131.5,7156.0,7138.20263671875,228172.0,0.0,0.0
2025-12-29,7168.0,7180.0,7070.0,7084.5,7066.88037109375,234376.0,0.0,0.0
2025-12-30,7055.0,7065.0,6937.0,6990.0,6972.615234375,433130.0,0.0,0.0
2025-12-31,6990.0,7053.5,6955.0,7042.5,7024.98486328125,226286.0,0.0,0.0
2026-01-01,7063.0,7125.0,7023.5,7111.5,7093.81298828125,81987.0,0.0,0.0
2026-01-02,7130.0,7151.0,7075.5,7129.5,7111.7685546875,353245.0,0.0,0.0
2026-01-05,7129.5,7134.5,7063.5,7083.0,7065.3837890625,349588.0,0.0,0.0
2026-01-06,7040.0,7360.0,7040.0,7348.0,7329.72509765625,581189.0,0.0,0.0
2026-01-07,7349.0,7488.0,7315.0,7447.5,7428.9775390625,567878.0,0.0,0.0
2026-01-08,7425.0,7443.0,7325.0,7364.5,7346.18408203125,778407.0,0.0,0.0
2026-01-09,7348.0,7360.5,7225.0,7256.5,7238.45263671875,312461.0,0.0,0.0
2026-01-12,7203.0,7289.5,7111.0,7268.5,7250.4228515625,333583.0,0.0,0.0
2026-01-13,7299.0,7321.5,7240.0,7311.5,7293.31591796875,275363.0,0.0,0.0
2026-01-14,7258.0,7325.5,7242.5,7272.5,7254.4130859375,383251.0,0.0,0.0
2026-01-16,6950.0,7299.0,6950.0,7235.5,7217.5048828125,501597.0,0.0,0.0
2026-01-19,7254.0,7260.0,7104.0,7133.0,7115.259765625,364331.0,0.0,0.0
2026-01-20,7129.0,7129.0,6885.0,6912.5,6895.30810546875,499367.0,0.0,0.0
2026-01-21,6880.0,6911.5,6738.0,6826.5,6809.52197265625,620592.0,0.0,0.0
2026-01-22,6878.5,6914.5,6780.5,6797.0,6780.09521484375,714732.0,0.0,0.0
2026-01-23,6810.0,6836.0,6696.5,6803.0,6786.08056640625,458099.0,0.0,0.0
2026-01-27,6802.0,6842.0,6708.5,6793.5,6776.60400390625,515312.0,0.0,0.0
2026-01-28,6798.5,6890.0,6784.5,6877.5,6860.39501953125,399249.0,0.0,0.0
2026-01-29,6899.0,6899.0,6756.0,6801.0,6784.08544921875,517720.0,0.0,0.0
2026-01-30,6787.0,6974.5,6767.0,6960.5,6943.18896484375,489138.0,0.0,0.0
2026-02-02,6915.0,6950.0,6831.0,6933.5,6916.255859375,343776.0,0.0,0.0
2026-02-03,7070.0,7163.5,7002.5,7088.5,7070.8701171875,438009.0,0.0,0.0
2026-02-04,7080.0,7160.0,7050.0,7116.0,7098.30224609375,216137.0,0.0,0.0
2026-02-05,7116.0,7133.0,7043.0,7122.0,7104.287109375,234707.0,0.0,0.0
2026-02-06,7080.0,7176.5,6994.0,7152.5,7134.71142578125,668962.0,0.0,0.0
2026-02-09,7199.0,7280.0,7163.5,7211.0,7193.06591796875,412161.0,0.0,0.0
2026-02-10,7250.0,7280.5,7185.0,7219.0,7201.0458984375,277132.0,0.0,0.0
2026-02-11,7405.0,7640.0,7405.0,7507.0,7488.32958984375,1496488.0,0.0,0.0
2026-02-12,7512.0,7579.5,7410.0,7539.0,7520.25,434146.0,0.0,0.0
2026-02-13,7518.0,7598.0,7485.0,7542.5,7523.7412109375,431623.0,0.0,0.0
2026-02-16,7526.5,7631.0,7478.0,7618.0,7609.14208984375,494924.0,10.0,0.0
2026-02-17,7590.0,7615.0,7554.5,7601.5,7592.6611328125,525344.0,0.0,0.0
2026-02-18,7590.0,7670.0,7590.0,7647.5,7638.60791015625,385965.0,0.0,0.0
2026-02-19,7610.0,7649.0,7551.5,7592.5,7583.671875,186713.0,0.0,0.0
2026-02-20,7540.0,7635.0,7540.0,7615.5,7606.64501953125,256304.0,0.0,0.0
2026-02-23,7680.0,7710.0,7615.5,7693.0,7684.0546875,399710.0,0.0,0.0
2026-02-24,7658.0,7729.5,7658.0,7720.5,7711.52294921875,377143.0,0.0,0.0
2026-02-25,7770.5,7800.0,7714.0,7783.0,7773.9501953125,383833.0,0.0,0.0
2026-02-26,7800.0,7831.0,7729.0,7775.0,7765.95947265625,361759.0,0.0,0.0
2026-02-27,7735.5,7870.5,7731.5,7821.5,7812.4052734375,698131.0,0.0,0.0
2026-03-02,7621.0,7819.0,7605.0,7791.5,7782.4404296875,533503.0,0.0,0.0
2026-03-04,7620.0,7715.0,7476.0,7666.0,7657.08642578125,625428.0,0.0,0.0
2026-03-05,7700.0,7796.5,7635.0,7775.0,7765.95947265625,446578.0,0.0,0.0
2026-03-06,7770.0,7781.0,7669.0,7724.5,7715.51806640625,225749.0,0.0,0.0
2026-03-09,7588.0,7809.0,7556.0,7779.0,7769.95458984375,358612.0,0.0,0.0
2026-03-10,7865.0,7870.0,7770.0,7803.0,7793.9267578125,381453.0,0.0,0.0
2026-03-11,7770.5,7798.5,7659.0,7684.0,7675.0654296875,331690.0,0.0,0.0
2026-03-12,7590.0,7662.5,7542.5,7574.5,7565.6923828125,550020.0,0.0,0.0
2026-03-13,7556.0,7616.0,7485.5,7550.0,7541.22119140625,394082.0,0.0,0.0
2026-03-16,7565.0,7750.0,7410.0,7490.0,7481.291015625,481339.0,0.0,0.0
2026-03-17,7490.0,7574.5,7470.0,7500.0,7491.279296875,343558.0,0.0,0.0
2026-03-18,7511.5,7605.0,7455.5,7471.0,7462.31298828125,497712.0,0.0,0.0
2026-03-19,7407.0,7407.0,7229.0,7252.0,7243.5673828125,264884.0,0.0,0.0
2026-03-20,7231.5,7447.5,7202.5,7364.5,7355.93701171875,696455.0,0.0,0.0
2026-03-23,7288.0,7288.0,7080.0,7145.0,7136.69189453125,464969.0,0.0,0.0
2026-03-24,7210.0,7464.0,7199.0,7413.0,7404.38037109375,653790.0,0.0,0.0
2026-03-25,7461.0,7612.5,7437.5,7580.5,7571.685546875,450043.0,0.0,0.0
2026-03-27,7510.0,7621.0,7510.0,7549.0,7540.22216796875,533512.0,0.0,0.0
2026-03-30,7470.0,7509.5,7360.5,7419.0,7410.37353515625,764508.0,0.0,0.0
2026-04-01,7549.0,7587.0,7250.5,7305.5,7297.00537109375,618068.0,0.0,0.0
2026-04-02,7150.5,7368.0,7150.5,7317.5,7308.9912109375,338111.0,0.0,0.0
2026-04-06,7350.0,7397.0,7243.0,7373.0,7364.4267578125,360086.0,0.0,0.0
2026-04-07,7370.5,7370.5,7220.5,7326.5,7317.98095703125,311560.0,0.0,0.0
2026-04-08,7385.0,7518.0,7332.5,7401.5,7392.8935546875,387242.0,0.0,0.0
2026-04-09,7400.0,7512.0,7364.0,7481.5,7472.80078125,416753.0,0.0,0.0
2026-04-10,7500.0,7563.0,7461.5,7511.5,7502.76611328125,437163.0,0.0,0.0
2026-04-13,7420.0,7566.0,7403.5,7516.5,7507.76025390625,310575.0,0.0,0.0
2026-04-15,7516.5,7686.0,7500.0,7642.0,7633.1142578125,464570.0,0.0,0.0
2026-04-16,7678.0,7678.0,7510.0,7553.0,7544.2177734375,400487.0,0.0,0.0
2026-04-17,7553.0,7710.0,7515.0,7699.0,7690.0478515625,343875.0,0.0,0.0
2026-04-20,7705.0,7730.5,7622.0,7657.0,7648.0966796875,344019.0,0.0,0.0
2026-04-21,7686.5,7765.0,7667.5,7744.0,7734.99560546875,312758.0,0.0,0.0
2026-04-22,7702.0,7801.5,7615.0,7662.0,7653.0908203125,608446.0,0.0,0.0
2026-04-23,7685.0,7815.0,7601.0,7781.0,7771.95263671875,304110.0,0.0,0.0
2026-04-24,7814.0,7845.0,7684.5,7732.5,7723.5087890625,407458.0,0.0,0.0
2026-04-27,7759.0,7850.0,7735.0,7825.0,7815.9013671875,289661.0,0.0,0.0
2026-04-28,7840.0,7878.5,7711.0,7753.0,7743.98486328125,353826.0,0.0,0.0
2026-04-29,7745.0,7799.0,7681.0,7709.0,7700.0361328125,321242.0,0.0,0.0
2026-04-30,7634.5,7680.0,7561.5,7636.5,7627.62060546875,392016.0,0.0,0.0
2026-05-04,7699.5,7790.0,7673.0,7737.5,7728.5029296875,328426.0,0.0,0.0
2026-05-05,7724.5,7780.5,7678.0,7772.0,7762.962890625,254331.0,0.0,0.0
2026-05-06,7810.5,7815.0,7742.5,7760.5,7751.4765625,437084.0,0.0,0.0
2026-05-07,7760.5,7855.0,7744.0,7837.0,7827.88720703125,405862.0,0.0,0.0
2026-05-08,7837.0,8115.0,7812.5,8097.0,8087.5849609375,922866.0,0.0,0.0
2026-05-11,8046.0,8144.0,8022.5,8082.0,8072.6025390625,466135.0,0.0,0.0
2026-05-12,8050.0,8078.0,7995.0,8022.5,8013.171875,390002.0,0.0,0.0
2026-05-13,7981.0,8112.0,7981.0,8004.5,7995.19287109375,329337.0,0.0,0.0
2026-05-14,8011.0,8180.0,8011.0,8119.0,8109.5595703125,431011.0,0.0,0.0
2026-05-15,8170.0,8170.0,8028.5,8082.5,8073.10205078125,300134.0,0.0,0.0
2026-05-18,8062.5,8099.0,8006.0,8020.5,8011.173828125,323387.0,0.0,0.0
2026-05-19,8030.0,8093.5,7983.0,8026.0,8016.66748046875,396261.0,0.0,0.0
2026-05-20,7924.0,8140.0,7814.5,8078.5,8069.1064453125,492013.0,0.0,0.0
2026-05-21,8198.5,8388.0,8051.5,8308.5,8298.8388671875,1425124.0,0.0,0.0
2026-05-22,8308.5,8440.5,8255.0,8362.5,8352.7763671875,564876.0,0.0,0.0
2026-05-25,8430.0,8443.0,8375.0,8404.0,8394.228515625,364945.0,0.0,0.0
2026-05-26,8404.0,8434.0,8228.0,8258.5,8248.8974609375,310581.0,0.0,0.0
2026-05-27,8243.0,8305.0,8170.0,8272.5,8262.880859375,293786.0,0.0,0.0
2026-05-29,8176.5,8325.0,8146.0,8176.5,8166.99267578125,1042419.0,0.0,0.0
2026-06-01,8221.5,8249.5,8081.0,8108.5,8099.07177734375,217401.0,0.0,0.0
2026-06-02,7816.0,8120.0,7816.0,8089.5,8080.09375,556161.0,0.0,0.0
2026-06-03,8109.5,8317.5,8109.5,8290.5,8280.8603515625,724687.0,0.0,0.0
2026-06-04,8270.0,8301.5,8225.0,8249.0,8239.408203125,345278.0,0.0,0.0
2026-06-05,8265.0,8341.0,8240.0,8304.5,8294.84375,187969.0,0.0,0.0
2026-06-08,8211.0,8490.0,8211.0,8358.5,8348.78125,539009.0,0.0,0.0
2026-06-09,8420.0,8538.5,8365.5,8524.0,8514.0888671875,818210.0,0.0,0.0
2026-06-10,8527.0,8624.0,8470.5,8488.5,8478.6298828125,487815.0,0.0,0.0
2026-06-11,8478.0,8531.0,8425.0,8493.0,8483.125,314597.0,0.0,0.0
2026-06-12,8535.0,8558.0,8440.0,8498.0,8488.119140625,276444.0,0.0,0.0
2026-06-15,8526.0,8534.0,8391.0,8468.5,8458.6533203125,358223.0,0.0,0.0
2026-06-16,8468.5,8517.0,8382.0,8390.5,8380.744140625,263172.0,0.0,0.0
2026-06-17,8390.5,8464.5,8385.0,8427.5,8417.701171875,185437.0,0.0,0.0
2026-06-18,8438.5,8464.5,8387.0,8411.5,8401.7197265625,304242.0,0.0,0.0
2026-06-19,8404.0,8521.0,8400.0,8489.5,8479.62890625,333583.0,0.0,0.0
2026-06-22,8538.0,8538.0,8434.5,8469.0,8459.15234375,208982.0,0.0,0.0
2026-06-23,8498.0,8559.0,8457.0,8487.5,8477.630859375,248581.0,0.0,0.0
2026-06-24,8500.0,8585.5,8451.0,8573.5,8563.53125,399731.0,0.0,0.0
2026-06-25,8575.5,8693.5,8535.5,8592.0,8582.009765625,378450.0,0.0,0.0
2026-06-29,8700.0,8734.0,8605.0,8655.0,8644.9365234375,363592.0,0.0,0.0
2026-06-30,8654.5,8770.0,8649.0,8682.0,8671.9052734375,491231.0,0.0,0.0
2026-07-01,8681.0,8738.5,8611.5,8618.5,8608.478515625,163174.0,0.0,0.0
2026-07-02,8620.0,8750.0,8611.5,8696.0,8685.888671875,152705.0,0.0,0.0
2026-07-03,8743.0,8920.5,8717.5,8893.5,8883.1591796875,377549.0,0.0,0.0
2026-07-06,8896.0,8925.0,8823.5,8888.5,8878.1650390625,219681.0,0.0,0.0
2026-07-07,8888.0,8950.0,8811.0,8837.0,8826.724609375,189321.0,0.0,0.0
2026-07-08,8800.0,8888.0,8700.0,8753.5,8743.3212890625,275829.0,0.0,0.0
2026-07-09,8756.5,8920.5,8756.5,8845.5,8835.21484375,571832.0,0.0,0.0
2026-07-10,8849.0,8886.5,8773.5,8841.0,8830.7197265625,264694.0,0.0,0.0
2026-07-13,8879.0,8932.0,8764.5,8782.5,8772.2880859375,410798.0,0.0,0.0
2026-07-14,8750.0,8919.5,8739.0,8900.5,8890.150390625,412508.0,0.0,0.0
2026-07-15,8948.5,9009.0,8905.0,8934.0,8923.6123046875,501832.0,0.0,0.0
2026-07-16,8930.5,8944.5,8851.5,8888.0,8877.6650390625,234384.0,0.0,0.0
2026-07-17,8875.0,8892.0,8782.0,8826.0,8815.7373046875,144563.0,0.0,0.0
2026-07-20,8825.0,9000.0,8771.5,8905.0,8894.6455078125,317613.0,0.0,0.0
2026-07-21,8934.0,8945.5,8880.0,8926.5,8916.1201171875,200394.0,0.0,0.0
2026-07-22,8926.0,8945.5,8867.0,8938.0,8927.607421875,158324.0,0.0,0.0
2026-07-23,8895.0,8920.0,8800.0,8862.0,8851.6953125,148922.0,0.0,0.0
2026-07-24,8801.0,8869.5,8792.5,8805.5,8795.26171875,189462.0,0.0,0.0
2026-07-27,8816.0,8860.5,8744.0,8843.5,8833.216796875,135186.0,0.0,0.0
2026-07-28,8844.5,8945.0,8830.0,8903.0,8892.6474609375,167309.0,0.0,0.0
2026-07-29,8932.0,8970.0,8903.5,8935.0,8924.6103515625,164862.0,0.0,0.0
2026-07-30,8900.0,9009.0,8865.5,8988.0,8977.548828125,263013.0,0.0,0.0
2026-07-31,9025.0,9036.5,8931.0,8957.0,8946.5849609375,268253.0,0.0,0.0
2026-08-03,9030.0,9049.0,8789.0,8820.0,8809.744140625,250717.0,0.0,0.0
2026-08-04,8800.0,9050.0,8760.0,9050.0,9039.4765625,259286.0,0.0,0.0
2026-08-05,9009.0,9009.0,8820.0,8910.0,8899.6396484375,288978.0,0.0,0.0
2026-08-06,8947.0,9015.0,8880.0,8974.5,8964.064453125,399856.0,0.0,0.0
2026-08-07,9000.0,9000.0,8922.0,8945.0,8934.5986328125,273543.0,0.0,0.0
2026-08-10,8945.0,8971.0,8865.5,8912.0,8901.6376953125,411854.0,0.0,0.0
2026-08-11,8982.0,8990.0,8672.5,8750.5,8740.3251953125,562067.0,0.0,0.0
2026-08-12,8750.5,8775.5,8507.5,8597.0,8587.00390625,876688.0,0.0,0.0
2026-08-13,8740.5,8786.0,8554.0,8600.0,8590.0,796882.0,0.0,0.0
2026-08-14,8615.0,8925.0,8588.5,8920.5,8920.5,1275740.0,10.0,0.0
2026-08-17,8917.5,8984.0,8825.5,8825.5,8825.5,358418.0,0.0,0.0
2026-08-18,8825.5,8907.0,8786.5,8817.0,8817.0,474997.0,0.0,0.0
2026-08-19,8817.0,8862.5,8695.5,8750.0,8750.0,298438.0,0.0,0.0
2026-08-20,8788.0,8788.0,8679.5,8735.0,8735.0,280417.0,0.0,0.0
2026-08-21,8727.0,8746.0,8638.0,8693.0,8693.0,184342.0,0.0,0.0
2026-08-24,8680.0,8702.0,8591.5,8702.0,8702.0,291970.0,0.0,0.0
2026-08-25,8663.0,8889.0,8640.0,8889.0,8889.0,256819.0,0.0,0.0
2026-08-26,8844.5,8868.0,8763.5,8766.5,8766.5,150629.0,0.0,0.0
2026-08-27,8849.0,8868.0,8758.5,8800.0,8800.0,270047.0,0.0,0.0
2026-08-28,8848.0,8905.0,8818.5,8838.5,8838.5,311286.0,0.0,0.0
2026-08-31,8850.0,8902.0,8813.0,8898.5,8898.5,405214.0,0.0,0.0
2026-09-01,8854.5,8867.5,8704.5,8755.0,8755.0,153262.0,0.0,0.0
2026-09-02,8680.0,8746.5,8640.0,8719.0,8719.0,169190.0,0.0,0.0
2026-09-03,8690.0,8785.5,8655.5,8692.0,8692.0,241427.0,0.0,0.0
2026-09-04,8702.5,8740.0,8641.0,8650.0,8650.0,288351.0,0.0,0.0
2026-09-07,8682.0,8840.5,8650.0,8760.0,,303793.0,,
2026-09-08,8761.5,8850.0,8745.0,8837.5,8837.5,324848.0,0.0,0.0
2026-09-09,8825.0,8974.5,8803.5,8967.0,8967.0,375525.0,0.0,0.0
2026-09-10,9000.0,9024.0,8875.0,8900.0,8900.0,329159.0,0.0,0.0
