date,open,high,low,close,adj_close,volume,dividends,stock_splits
2021-01-29,2315.10009765625,2322.300048828125,2251.0,2263.89990234375,2060.931640625,4472694.0,0.0,0.0
2021-02-01,2276.64990234375,2285.0,2226.199951171875,2248.60009765625,2047.00390625,2717591.0,0.0,0.0
2021-02-02,2271.050048828125,2275.0,2205.0,2230.449951171875,2030.4808349609373,4215607.0,0.0,0.0
2021-02-03,2231.5,2257.0,2217.60009765625,2232.85009765625,2032.6656494140625,2353429.0,0.0,0.0
2021-02-04,2239.0,2259.0,2226.199951171875,2245.60009765625,2044.2725830078125,2908003.0,0.0,0.0
2021-02-05,2245.60009765625,2285.0,2241.0,2269.550048828125,2066.0751953125,4036942.0,0.0,0.0
2021-02-08,2288.0,2288.699951171875,2230.300048828125,2236.64990234375,2036.1248779296875,2780672.0,0.0,0.0
2021-02-09,2247.0,2254.699951171875,2210.5,2216.25,2017.5535888671875,3131481.0,0.0,0.0
2021-02-10,2220.0,2241.0,2212.75,2235.5,2035.078125,2055520.0,0.0,0.0
2021-02-11,2242.0,2268.0,2234.050048828125,2263.0,2060.112548828125,1824480.0,0.0,0.0
2021-02-12,2268.0,2272.25,2232.0,2241.550048828125,2040.586181640625,1222094.0,0.0,0.0
2021-02-15,2251.0,2261.75,2213.0,2215.199951171875,2016.597900390625,2449407.0,0.0,0.0
2021-02-16,2227.0,2229.050048828125,2190.050048828125,2196.10009765625,1999.210693359375,2396356.0,0.0,0.0
2021-02-17,2196.0,2201.550048828125,2160.0,2163.89990234375,1969.8974609375,2447956.0,0.0,0.0
2021-02-18,2164.0,2168.550048828125,2143.199951171875,2146.85009765625,1954.3759765625,3205806.0,0.0,0.0
2021-02-19,2152.89990234375,2194.0,2150.0,2181.10009765625,1985.5552978515625,3364030.0,0.0,0.0
2021-02-22,2205.0,2205.0,2161.60009765625,2167.60009765625,1973.265625,2678023.0,0.0,0.0
2021-02-23,2185.0,2192.35009765625,2170.199951171875,2179.25,1983.871337890625,2062144.0,0.0,0.0
2021-02-24,2188.5,2188.5,2155.550048828125,2178.85009765625,1983.5072021484373,924143.0,0.0,0.0
2021-02-25,2177.0,2185.0,2160.0,2163.300048828125,1969.351318359375,2099460.0,0.0,0.0
2021-02-26,2158.0,2182.39990234375,2120.0,2132.050048828125,1940.9029541015625,3413194.0,0.0,0.0
2021-03-01,2135.199951171875,2154.0,2128.0,2143.39990234375,1951.2353515625,1229276.0,0.0,0.0
2021-03-02,2162.0,2183.89990234375,2140.550048828125,2177.949951171875,1982.6878662109373,2095135.0,0.0,0.0
2021-03-03,2205.0,2205.0,2173.5,2193.5,1996.8431396484373,2031893.0,0.0,0.0
2021-03-04,2185.0,2203.5,2174.0,2196.89990234375,1999.938720703125,2290915.0,0.0,0.0
2021-03-05,2184.60009765625,2209.949951171875,2175.25,2201.10009765625,2003.761962890625,2129837.0,0.0,0.0
2021-03-08,2210.0,2216.10009765625,2169.0,2174.550048828125,1979.5924072265625,1440724.0,0.0,0.0
2021-03-09,2176.0,2205.0,2162.050048828125,2198.5,2001.3956298828125,1711842.0,0.0,0.0
2021-03-10,2210.5,2236.89990234375,2193.199951171875,2227.85009765625,2028.1136474609373,2696085.0,0.0,0.0
2021-03-12,2236.0,2239.89990234375,2200.0,2204.75,2007.0848388671875,2038930.0,0.0,0.0
2021-03-15,2206.10009765625,2217.449951171875,2183.300048828125,2210.85009765625,2012.6380615234373,1632022.0,0.0,0.0
2021-03-16,2221.35009765625,2247.5,2214.300048828125,2244.050048828125,2042.8614501953125,2633605.0,0.0,0.0
2021-03-17,2254.0,2262.0,2219.25,2226.300048828125,2026.7027587890625,3703365.0,0.0,0.0
2021-03-18,2238.0,2249.89990234375,2205.0,2215.199951171875,2016.597900390625,2597091.0,0.0,0.0
2021-03-19,2204.10009765625,2325.25,2191.5,2312.050048828125,2104.76513671875,5382214.0,0.0,0.0
2021-03-22,2310.10009765625,2356.5,2302.0,2353.199951171875,2142.2255859375,2471516.0,0.0,0.0
2021-03-23,2363.0,2372.949951171875,2333.39990234375,2337.300048828125,2127.751220703125,1970612.0,0.0,0.0
2021-03-24,2337.300048828125,2350.89990234375,2315.550048828125,2318.60009765625,2110.727783203125,1762743.0,0.0,0.0
2021-03-25,2318.60009765625,2322.0,2231.050048828125,2237.050048828125,2036.489013671875,2495833.0,0.0,0.0
2021-03-26,2255.0,2325.0,2248.800048828125,2317.89990234375,2110.090576171875,1929236.0,0.0,0.0
2021-03-30,2325.0,2406.0,2325.0,2398.75,2183.692138671875,3327203.0,0.0,0.0
2021-03-31,2386.0,2438.60009765625,2381.64990234375,2431.5,2213.50634765625,2709756.0,0.0,0.0
2021-04-01,2446.800048828125,2446.800048828125,2392.050048828125,2399.10009765625,2184.0107421875,1532653.0,0.0,0.0
2021-04-05,2400.0,2417.199951171875,2346.5,2373.199951171875,2160.432373046875,2545447.0,0.0,0.0
2021-04-06,2382.300048828125,2411.0,2377.35009765625,2408.300048828125,2192.385986328125,3683538.0,0.0,0.0
2021-04-07,2417.0,2435.0,2387.35009765625,2405.25,2189.609375,1713970.0,0.0,0.0
2021-04-08,2406.0,2439.0,2395.60009765625,2409.89990234375,2193.842041015625,1814515.0,0.0,0.0
2021-04-09,2424.0,2483.0,2424.0,2476.0,2254.016357421875,2604858.0,0.0,0.0
2021-04-12,2441.5,2488.25,2437.60009765625,2462.0,2241.271728515625,2261945.0,0.0,0.0
2021-04-13,2470.0,2505.89990234375,2448.800048828125,2454.39990234375,2234.3525390625,1811781.0,0.0,0.0
2021-04-15,2497.0,2497.0,2421.10009765625,2460.64990234375,2240.042724609375,3352379.0,0.0,0.0
2021-04-16,2469.89990234375,2478.949951171875,2440.0,2458.89990234375,2238.44921875,1225517.0,0.0,0.0
2021-04-19,2440.0,2459.699951171875,2414.050048828125,2436.64990234375,2218.1943359375,1746316.0,0.0,0.0
2021-04-20,2456.0,2456.0,2383.800048828125,2397.449951171875,2182.50830078125,1589508.0,0.0,0.0
2021-04-22,2390.0,2390.0,2332.0,2349.39990234375,2138.766357421875,1721265.0,0.0,0.0
2021-04-23,2340.0,2350.0,2300.0,2307.75,2100.8505859375,1949756.0,0.0,0.0
2021-04-26,2324.0,2369.800048828125,2311.0,2360.64990234375,2149.0078125,1946867.0,0.0,0.0
2021-04-27,2363.0,2386.449951171875,2352.949951171875,2379.85009765625,2166.486572265625,1668456.0,0.0,0.0
2021-04-28,2380.0,2445.0,2366.300048828125,2406.550048828125,2190.792236328125,1951215.0,0.0,0.0
2021-04-29,2433.0,2448.949951171875,2384.14990234375,2407.60009765625,2191.74853515625,3151150.0,0.0,0.0
2021-04-30,2410.0,2442.89990234375,2330.25,2353.75,2142.7265625,4010778.0,0.0,0.0
2021-05-03,2343.0,2415.0,2340.0,2408.0,2192.112548828125,1692239.0,0.0,0.0
2021-05-04,2409.199951171875,2418.199951171875,2372.199951171875,2407.64990234375,2191.7939453125,1453111.0,0.0,0.0
2021-05-05,2434.0,2434.0,2368.64990234375,2394.64990234375,2179.95947265625,1256857.0,0.0,0.0
2021-05-06,2400.0,2416.550048828125,2377.050048828125,2390.0,2175.726806640625,1377740.0,0.0,0.0
2021-05-07,2408.800048828125,2424.0,2397.14990234375,2411.199951171875,2195.025390625,1169518.0,0.0,0.0
2021-05-10,2423.0,2446.949951171875,2416.0,2432.89990234375,2214.779541015625,988495.0,0.0,0.0
2021-05-11,2425.0,2426.0,2394.25,2402.10009765625,2186.74169921875,1019077.0,0.0,0.0
2021-05-12,2389.0,2389.0,2325.050048828125,2328.949951171875,2120.149658203125,2053932.0,0.0,0.0
2021-05-14,2328.89990234375,2382.39990234375,2326.0,2376.85009765625,2163.755615234375,1388970.0,0.0,0.0
2021-05-17,2385.0,2395.0,2366.5,2376.25,2163.209228515625,811243.0,0.0,0.0
2021-05-18,2402.10009765625,2408.35009765625,2366.949951171875,2374.25,2161.38818359375,1153722.0,0.0,0.0
2021-05-19,2360.0,2380.0,2344.0,2359.75,2148.188720703125,1323590.0,0.0,0.0
2021-05-20,2360.0,2362.0,2340.0,2344.14990234375,2133.9873046875,856235.0,0.0,0.0
2021-05-21,2340.0,2366.14990234375,2340.0,2362.25,2150.4638671875,771492.0,0.0,0.0
2021-05-24,2355.0,2359.949951171875,2325.25,2336.550048828125,2127.068115234375,1194864.0,0.0,0.0
2021-05-25,2355.0,2369.800048828125,2338.0,2344.050048828125,2133.896240234375,1098457.0,0.0,0.0
2021-05-26,2355.75,2370.199951171875,2345.25,2354.0,2142.953857421875,811095.0,0.0,0.0
2021-05-27,2353.0,2353.0,2322.89990234375,2326.39990234375,2117.82861328125,3755182.0,0.0,0.0
2021-05-28,2333.35009765625,2350.0,2319.35009765625,2321.699951171875,2113.549560546875,1215325.0,0.0,0.0
2021-05-31,2325.0,2345.0,2320.14990234375,2340.050048828125,2130.25439453125,1178704.0,0.0,0.0
2021-06-01,2347.0,2363.0,2330.60009765625,2358.300048828125,2146.868408203125,1141451.0,0.0,0.0
2021-06-02,2356.0,2373.64990234375,2350.0,2358.800048828125,2147.323974609375,1113091.0,0.0,0.0
2021-06-03,2369.0,2371.050048828125,2345.0,2363.25,2151.37451171875,868532.0,0.0,0.0
2021-06-04,2370.0,2370.0,2333.949951171875,2342.050048828125,2132.075439453125,1283795.0,0.0,0.0
2021-06-07,2354.0,2354.0,2331.0,2339.300048828125,2129.57177734375,1128300.0,0.0,0.0
2021-06-08,2339.300048828125,2362.0,2335.14990234375,2359.0,2147.505859375,1106664.0,0.0,0.0
2021-06-09,2362.0,2371.949951171875,2345.60009765625,2356.0,2144.7744140625,1072858.0,0.0,0.0
2021-06-10,2364.0,2399.949951171875,2355.25,2378.800048828125,2165.53076171875,1944339.0,0.0,0.0
2021-06-11,2381.0,2388.550048828125,2360.0,2366.5,2154.3330078125,1128097.0,0.0,0.0
2021-06-14,2358.39990234375,2375.10009765625,2336.60009765625,2364.60009765625,2168.1796875,1761632.0,17.0,0.0
2021-06-15,2360.0,2395.0,2360.0,2391.949951171875,2193.25732421875,1215463.0,0.0,0.0
2021-06-16,2385.0,2418.85009765625,2383.64990234375,2407.89990234375,2207.882080078125,2153668.0,0.0,0.0
2021-06-17,2398.0,2425.89990234375,2386.39990234375,2417.699951171875,2216.867919921875,1555777.0,0.0,0.0
2021-06-18,2420.0,2496.699951171875,2405.0,2482.89990234375,2276.65185546875,3937751.0,0.0,0.0
2021-06-21,2473.949951171875,2529.0,2467.0,2514.35009765625,2305.489501953125,2506277.0,0.0,0.0
2021-06-22,2518.10009765625,2533.949951171875,2481.64990234375,2490.25,2283.3916015625,1945883.0,0.0,0.0
2021-06-23,2495.0,2514.0,2458.199951171875,2480.5,2274.451416015625,1035668.0,0.0,0.0
2021-06-24,2490.0,2504.800048828125,2474.10009765625,2490.14990234375,2283.300048828125,759681.0,0.0,0.0
2021-06-25,2488.0,2489.949951171875,2445.0,2448.64990234375,2245.247314453125,1112942.0,0.0,0.0
2021-06-28,2450.10009765625,2465.0,2437.300048828125,2460.199951171875,2255.837646484375,694906.0,0.0,0.0
2021-06-29,2455.0,2497.5,2445.0,2492.550048828125,2285.5009765625,1354397.0,0.0,0.0
2021-06-30,2492.550048828125,2505.0,2463.0,2471.300048828125,2266.016357421875,1447245.0,0.0,0.0
2021-07-01,2484.0,2484.0,2463.0,2478.0,2272.1591796875,735043.0,0.0,0.0
2021-07-02,2478.0,2492.699951171875,2452.0,2487.300048828125,2280.6865234375,860231.0,0.0,0.0
2021-07-05,2499.0,2513.39990234375,2485.050048828125,2499.050048828125,2291.46044921875,761700.0,0.0,0.0
2021-07-06,2490.0,2497.949951171875,2469.0,2472.5,2267.115966796875,461782.0,0.0,0.0
2021-07-07,2458.0,2490.800048828125,2445.85009765625,2481.64990234375,2275.505615234375,623145.0,0.0,0.0
2021-07-08,2462.199951171875,2469.75,2438.449951171875,2447.550048828125,2244.238525390625,1114426.0,0.0,0.0
2021-07-09,2440.0,2464.5,2438.449951171875,2451.449951171875,2247.814453125,538094.0,0.0,0.0
2021-07-12,2453.0,2459.89990234375,2430.0,2444.14990234375,2241.120849609375,543898.0,0.0,0.0
2021-07-13,2455.0,2455.550048828125,2430.0,2436.699951171875,2234.28955078125,994396.0,0.0,0.0
2021-07-14,2439.800048828125,2441.35009765625,2409.0,2414.85009765625,2214.2548828125,1377829.0,0.0,0.0
2021-07-15,2425.0,2425.0,2401.0,2412.35009765625,2211.962646484375,693792.0,0.0,0.0
2021-07-16,2420.0,2430.0,2406.0,2417.39990234375,2216.593017578125,545405.0,0.0,0.0
2021-07-19,2400.050048828125,2417.0,2398.5,2408.64990234375,2208.5703125,463873.0,0.0,0.0
2021-07-20,2403.0,2460.0,2403.0,2434.89990234375,2232.639404296875,1061476.0,0.0,0.0
2021-07-22,2450.0,2508.0,2375.5,2378.14990234375,2180.603271484375,3546044.0,0.0,0.0
2021-07-23,2382.0,2391.75,2354.699951171875,2358.10009765625,2162.218994140625,1517589.0,0.0,0.0
2021-07-26,2357.25,2360.0,2338.0,2348.699951171875,2153.60009765625,1311535.0,0.0,0.0
2021-07-27,2348.699951171875,2359.449951171875,2332.0,2342.39990234375,2147.822998046875,1656945.0,0.0,0.0
2021-07-28,2350.0,2368.449951171875,2343.10009765625,2361.39990234375,2165.2451171875,912373.0,0.0,0.0
2021-07-29,2361.39990234375,2371.39990234375,2330.0,2334.75,2140.808837890625,1012663.0,0.0,0.0
2021-07-30,2340.0,2356.550048828125,2318.0,2333.300048828125,2139.479248046875,1708251.0,0.0,0.0
2021-08-02,2342.0,2353.39990234375,2324.60009765625,2332.800048828125,2139.0205078125,1229936.0,0.0,0.0
2021-08-03,2330.0,2393.0,2326.10009765625,2386.85009765625,2188.580322265625,1733476.0,0.0,0.0
2021-08-04,2386.85009765625,2394.75,2367.550048828125,2377.10009765625,2179.640625,1588974.0,0.0,0.0
2021-08-05,2391.0,2391.0,2354.0,2357.699951171875,2161.852294921875,921757.0,0.0,0.0
2021-08-06,2357.699951171875,2380.75,2357.5,2371.5,2174.505859375,1432661.0,0.0,0.0
2021-08-09,2379.449951171875,2395.0,2374.85009765625,2384.5,2186.42626953125,921476.0,0.0,0.0
2021-08-10,2394.0,2394.0,2359.10009765625,2381.800048828125,2183.9501953125,1061370.0,0.0,0.0
2021-08-11,2390.0,2395.0,2362.199951171875,2390.449951171875,2191.8818359375,1300594.0,0.0,0.0
2021-08-12,2395.0,2413.5,2377.449951171875,2392.300048828125,2193.578369140625,1226064.0,0.0,0.0
2021-08-13,2401.0,2409.64990234375,2388.0,2404.5,2204.764892578125,1033159.0,0.0,0.0
2021-08-16,2404.0,2436.85009765625,2392.64990234375,2426.39990234375,2224.84521484375,1146309.0,0.0,0.0
2021-08-17,2433.0,2487.449951171875,2431.050048828125,2483.800048828125,2277.477294921875,1921902.0,0.0,0.0
2021-08-18,2485.0,2500.0,2454.0,2486.050048828125,2279.540771484375,1545643.0,0.0,0.0
2021-08-20,2490.0,2630.0,2476.0,2619.39990234375,2401.8134765625,5779927.0,0.0,0.0
2021-08-23,2625.0,2672.85009765625,2594.5,2634.14990234375,2415.33837890625,2163220.0,0.0,0.0
2021-08-24,2634.0,2658.0,2610.0,2633.0,2414.28369140625,1482854.0,0.0,0.0
2021-08-25,2632.0,2666.449951171875,2620.64990234375,2645.0,2425.287109375,1746570.0,0.0,0.0
2021-08-26,2631.0,2697.800048828125,2631.0,2666.39990234375,2444.908935546875,2117291.0,0.0,0.0
2021-08-27,2669.0,2690.0,2651.10009765625,2677.949951171875,2455.499755859375,1176229.0,0.0,0.0
2021-08-30,2691.60009765625,2705.75,2671.60009765625,2687.699951171875,2464.43994140625,1168190.0,0.0,0.0
2021-08-31,2687.89990234375,2737.449951171875,2675.64990234375,2724.10009765625,2497.816650390625,2535891.0,0.0,0.0
2021-09-01,2745.0,2775.0,2715.0,2732.89990234375,2505.885009765625,1775792.0,0.0,0.0
2021-09-02,2748.0,2810.0,2730.14990234375,2801.050048828125,2568.37451171875,1946183.0,0.0,0.0
2021-09-03,2802.199951171875,2808.75,2756.0,2766.699951171875,2536.877685546875,1561823.0,0.0,0.0
2021-09-06,2790.0,2825.0,2775.300048828125,2780.60009765625,2549.623046875,1444978.0,0.0,0.0
2021-09-07,2788.60009765625,2808.699951171875,2770.0,2777.699951171875,2546.9638671875,1219915.0,0.0,0.0
2021-09-08,2788.89990234375,2810.0,2765.10009765625,2800.89990234375,2568.236572265625,946711.0,0.0,0.0
2021-09-09,2782.0,2823.64990234375,2782.0,2810.64990234375,2577.17724609375,879454.0,0.0,0.0
2021-09-13,2797.5,2822.449951171875,2775.0,2786.35009765625,2554.895263671875,1341412.0,0.0,0.0
2021-09-14,2802.0,2804.0,2751.050048828125,2762.550048828125,2533.072509765625,1755061.0,0.0,0.0
2021-09-15,2774.0,2785.0,2749.050048828125,2775.449951171875,2544.90087890625,1362350.0,0.0,0.0
2021-09-16,2752.0,2797.300048828125,2752.0,2768.25,2538.298828125,1259196.0,0.0,0.0
2021-09-17,2770.10009765625,2783.0,2699.0,2722.25,2496.11962890625,3095032.0,0.0,0.0
2021-09-20,2720.0,2809.0,2710.050048828125,2800.35009765625,2567.732421875,2671330.0,0.0,0.0
2021-09-21,2810.0,2859.300048828125,2796.64990234375,2812.449951171875,2578.8271484375,2277437.0,0.0,0.0
2021-09-22,2827.89990234375,2839.89990234375,2774.0,2784.5,2553.198974609375,1580594.0,0.0,0.0
2021-09-23,2799.0,2817.699951171875,2772.85009765625,2782.300048828125,2551.181884765625,1054473.0,0.0,0.0
2021-09-24,2770.10009765625,2780.0,2731.39990234375,2746.64990234375,2518.4931640625,1635284.0,0.0,0.0
2021-09-27,2765.0,2765.0,2704.5,2709.5,2484.428955078125,1465932.0,0.0,0.0
2021-09-28,2725.0,2754.449951171875,2709.89990234375,2723.85009765625,2497.58740234375,1078052.0,0.0,0.0
2021-09-29,2714.949951171875,2744.449951171875,2677.0,2685.300048828125,2462.239013671875,1503894.0,0.0,0.0
2021-09-30,2685.300048828125,2705.300048828125,2681.949951171875,2701.800048828125,2477.368896484375,1620199.0,0.0,0.0
2021-10-01,2706.0,2712.0,2680.10009765625,2704.050048828125,2479.43212890625,956111.0,0.0,0.0
2021-10-04,2700.0,2724.0,2679.699951171875,2686.199951171875,2463.064697265625,1025005.0,0.0,0.0
2021-10-05,2686.199951171875,2714.949951171875,2686.0,2708.64990234375,2483.649658203125,562784.0,0.0,0.0
2021-10-06,2694.050048828125,2734.0,2676.0,2686.050048828125,2462.92724609375,862471.0,0.0,0.0
2021-10-07,2698.0,2704.25,2666.0,2669.39990234375,2447.660400390625,1082816.0,0.0,0.0
2021-10-08,2670.5,2678.550048828125,2625.39990234375,2640.050048828125,2420.74853515625,1579941.0,0.0,0.0
2021-10-11,2642.199951171875,2665.5,2635.5,2645.10009765625,2425.37841796875,1086252.0,0.0,0.0
2021-10-12,2625.0,2688.050048828125,2625.0,2676.14990234375,2453.84912109375,1174337.0,0.0,0.0
2021-10-13,2688.10009765625,2693.60009765625,2642.60009765625,2646.75,2426.8916015625,1660007.0,0.0,0.0
2021-10-14,2646.75,2676.75,2620.0,2649.550048828125,2429.458740234375,2158809.0,0.0,0.0
2021-10-18,2672.800048828125,2678.89990234375,2643.050048828125,2654.0,2433.53955078125,1758177.0,0.0,0.0
2021-10-19,2669.89990234375,2732.0,2520.5,2546.800048828125,2335.244140625,5431133.0,0.0,0.0
2021-10-20,2569.0,2584.0,2470.0,2478.64990234375,2272.755126953125,4864654.0,0.0,0.0
2021-10-21,2503.39990234375,2505.0,2428.0,2445.75,2242.588134765625,3254632.0,0.0,0.0
2021-10-22,2459.0,2498.25,2430.0,2454.10009765625,2250.24462890625,1845622.0,0.0,0.0
2021-10-25,2454.10009765625,2463.550048828125,2410.0,2455.85009765625,2251.849365234375,1560381.0,0.0,0.0
2021-10-26,2468.89990234375,2468.89990234375,2417.050048828125,2436.85009765625,2248.1591796875,1595060.0,15.0,0.0
2021-10-27,2455.0,2455.199951171875,2391.14990234375,2396.60009765625,2211.025634765625,3083879.0,0.0,0.0
2021-10-28,2400.0,2416.0,2368.0,2389.64990234375,2204.61328125,2015791.0,0.0,0.0
2021-10-29,2400.0,2402.0,2373.0,2393.14990234375,2207.8427734375,2453400.0,0.0,0.0
2021-11-01,2393.0,2410.89990234375,2368.25,2407.10009765625,2220.71240234375,1941114.0,0.0,0.0
2021-11-02,2415.0,2428.0,2402.0,2418.89990234375,2231.5986328125,1350154.0,0.0,0.0
2021-11-03,2434.0,2434.0,2386.199951171875,2411.35009765625,2224.633544921875,1591607.0,0.0,0.0
2021-11-04,2429.0,2430.0,2420.0,2422.85009765625,2235.242919921875,245719.0,0.0,0.0
2021-11-08,2449.0,2449.0,2400.10009765625,2431.89990234375,2243.591796875,2555533.0,0.0,0.0
2021-11-09,2439.800048828125,2446.199951171875,2416.449951171875,2431.14990234375,2242.900390625,1696949.0,0.0,0.0
2021-11-10,2411.050048828125,2420.0,2396.0,2400.14990234375,2214.30078125,1794509.0,0.0,0.0
2021-11-11,2402.699951171875,2406.949951171875,2366.199951171875,2376.199951171875,2192.205078125,1282647.0,0.0,0.0
2021-11-12,2388.0,2413.60009765625,2376.199951171875,2404.949951171875,2218.729248046875,1651974.0,0.0,0.0
2021-11-15,2404.10009765625,2430.0,2404.10009765625,2424.75,2236.99560546875,1007999.0,0.0,0.0
2021-11-16,2434.64990234375,2434.64990234375,2400.10009765625,2406.64990234375,2220.297119140625,1245209.0,0.0,0.0
2021-11-17,2404.0,2410.050048828125,2387.199951171875,2391.14990234375,2205.99755859375,956809.0,0.0,0.0
2021-11-18,2390.0,2406.35009765625,2370.0,2399.39990234375,2213.609130859375,1236943.0,0.0,0.0
2021-11-22,2409.39990234375,2409.89990234375,2377.14990234375,2388.550048828125,2203.59912109375,1629290.0,0.0,0.0
2021-11-23,2387.800048828125,2400.0,2336.5,2394.199951171875,2208.8115234375,1932539.0,0.0,0.0
2021-11-24,2406.0,2406.0,2367.0,2374.75,2190.8671875,999070.0,0.0,0.0
2021-11-25,2387.0,2387.0,2341.0,2349.050048828125,2167.15771484375,1363272.0,0.0,0.0
2021-11-26,2344.0,2365.0,2325.199951171875,2335.10009765625,2154.28759765625,2450902.0,0.0,0.0
2021-11-29,2334.39990234375,2342.25,2284.699951171875,2329.39990234375,2149.02880859375,1724612.0,0.0,0.0
2021-11-30,2322.0,2361.0,2302.0,2317.550048828125,2138.0966796875,3931035.0,0.0,0.0
2021-12-01,2340.0,2356.75,2323.25,2344.85009765625,2163.282958984375,1263139.0,0.0,0.0
2021-12-02,2357.0,2388.0,2345.0,2383.300048828125,2198.755859375,1673117.0,0.0,0.0
2021-12-03,2383.300048828125,2389.89990234375,2337.89990234375,2343.64990234375,2162.17578125,1890178.0,0.0,0.0
2021-12-06,2344.0,2363.949951171875,2301.0,2306.5,2127.90234375,1079171.0,0.0,0.0
2021-12-07,2327.89990234375,2341.64990234375,2312.0,2321.60009765625,2141.832763671875,895313.0,0.0,0.0
2021-12-08,2318.25,2344.449951171875,2318.25,2340.60009765625,2159.36181640625,839769.0,0.0,0.0
2021-12-09,2341.0,2348.60009765625,2321.550048828125,2339.75,2158.577392578125,716666.0,0.0,0.0
2021-12-10,2347.0,2347.0,2320.0,2332.800048828125,2152.166015625,724539.0,0.0,0.0
2021-12-13,2352.0,2352.0,2301.0,2304.35009765625,2125.9189453125,1804894.0,0.0,0.0
2021-12-14,2305.0,2324.949951171875,2304.0,2318.300048828125,2138.78857421875,1219031.0,0.0,0.0
2021-12-15,2316.0,2324.800048828125,2300.5,2320.949951171875,2141.233154296875,755122.0,0.0,0.0
2021-12-16,2320.949951171875,2325.300048828125,2303.949951171875,2309.5,2130.669677734375,926493.0,0.0,0.0
2021-12-17,2303.0,2308.949951171875,2226.0,2230.25,2057.556396484375,2439222.0,0.0,0.0
2021-12-20,2226.0,2274.35009765625,2201.14990234375,2269.10009765625,2093.398193359375,2175705.0,0.0,0.0
2021-12-21,2290.0,2302.699951171875,2252.75,2272.85009765625,2096.858154296875,1591415.0,0.0,0.0
2021-12-22,2300.0,2317.39990234375,2269.0,2277.64990234375,2101.286376953125,1661605.0,0.0,0.0
2021-12-23,2298.949951171875,2305.0,2274.60009765625,2300.64990234375,2122.505126953125,1423081.0,0.0,0.0
2021-12-24,2310.0,2313.0,2283.300048828125,2296.949951171875,2119.091552734375,895503.0,0.0,0.0
2021-12-27,2296.949951171875,2308.10009765625,2278.25,2301.39990234375,2123.19677734375,584302.0,0.0,0.0
2021-12-28,2310.0,2318.39990234375,2297.75,2309.10009765625,2130.301025390625,783710.0,0.0,0.0
2021-12-29,2314.89990234375,2321.85009765625,2299.050048828125,2306.85009765625,2128.22509765625,1410236.0,0.0,0.0
2021-12-30,2308.0,2330.0,2296.64990234375,2325.60009765625,2145.523193359375,963711.0,0.0,0.0
2021-12-31,2340.0,2370.35009765625,2330.0,2360.14990234375,2177.397705078125,1123597.0,0.0,0.0
2022-01-03,2378.0,2378.0,2353.0,2361.300048828125,2178.458984375,879278.0,0.0,0.0
2022-01-04,2368.949951171875,2408.10009765625,2355.35009765625,2401.25,2215.315673828125,1484275.0,0.0,0.0
2022-01-05,2403.800048828125,2420.0,2392.0,2415.800048828125,2228.73876953125,1202512.0,0.0,0.0
2022-01-06,2398.0,2412.0,2367.699951171875,2391.39990234375,2206.22802734375,1198901.0,0.0,0.0
2022-01-07,2388.0,2421.89990234375,2388.0,2416.14990234375,2229.061767578125,1026186.0,0.0,0.0
2022-01-10,2425.0,2425.0,2402.0,2407.050048828125,2220.666748046875,919447.0,0.0,0.0
2022-01-11,2417.14990234375,2418.300048828125,2392.0,2403.64990234375,2217.529541015625,1321335.0,0.0,0.0
2022-01-12,2407.199951171875,2416.0,2398.5,2413.14990234375,2226.293701171875,1487554.0,0.0,0.0
2022-01-13,2418.0,2421.89990234375,2403.25,2414.199951171875,2227.2626953125,1586299.0,0.0,0.0
2022-01-14,2420.0,2421.0,2360.800048828125,2363.699951171875,2180.6728515625,1596037.0,0.0,0.0
2022-01-17,2364.0,2394.199951171875,2345.0,2389.550048828125,2204.521240234375,912205.0,0.0,0.0
2022-01-18,2408.699951171875,2408.699951171875,2357.39990234375,2369.5,2186.0234375,1667579.0,0.0,0.0
2022-01-19,2364.0,2368.60009765625,2305.050048828125,2309.89990234375,2131.038818359375,2145255.0,0.0,0.0
2022-01-20,2325.0,2325.550048828125,2243.0,2261.800048828125,2086.66357421875,2829711.0,0.0,0.0
2022-01-21,2264.800048828125,2334.35009765625,2250.0,2325.39990234375,2145.338623046875,4596050.0,0.0,0.0
2022-01-24,2338.89990234375,2344.949951171875,2266.699951171875,2284.60009765625,2107.697998046875,2231103.0,0.0,0.0
2022-01-25,2283.5,2333.699951171875,2240.89990234375,2327.25,2147.04541015625,1843543.0,0.0,0.0
2022-01-27,2310.0,2325.60009765625,2275.0,2295.35009765625,2117.615478515625,2620474.0,0.0,0.0
2022-01-28,2294.60009765625,2318.699951171875,2278.050048828125,2283.550048828125,2106.72900390625,1967721.0,0.0,0.0
2022-01-31,2290.0,2311.85009765625,2271.0,2273.75,2097.688232421875,1639875.0,0.0,0.0
2022-02-01,2303.300048828125,2320.0,2278.39990234375,2305.64990234375,2127.117919921875,1270508.0,0.0,0.0
2022-02-02,2324.10009765625,2333.0,2296.550048828125,2327.89990234375,2147.64501953125,1246111.0,0.0,0.0
2022-02-03,2329.0,2331.949951171875,2290.0,2298.14990234375,2120.198974609375,1448039.0,0.0,0.0
2022-02-04,2306.0,2312.75,2283.0,2306.60009765625,2127.994873046875,1014561.0,0.0,0.0
2022-02-07,2295.25,2316.699951171875,2237.0,2257.60009765625,2082.78857421875,1207402.0,0.0,0.0
2022-02-08,2268.0,2268.0,2246.550048828125,2264.35009765625,2089.015869140625,1190660.0,0.0,0.0
2022-02-09,2267.550048828125,2280.35009765625,2255.60009765625,2277.64990234375,2101.286376953125,1049611.0,0.0,0.0
2022-02-10,2280.0,2285.0,2255.85009765625,2283.14990234375,2106.360107421875,1195100.0,0.0,0.0
2022-02-11,2279.0,2279.0,2249.0,2258.0,2083.15771484375,2100036.0,0.0,0.0
2022-02-14,2220.0,2236.25,2207.0,2228.550048828125,2055.988037109375,1661501.0,0.0,0.0
2022-02-15,2247.949951171875,2304.14990234375,2222.550048828125,2290.10009765625,2112.772216796875,1533070.0,0.0,0.0
2022-02-16,2290.10009765625,2303.75,2275.0,2286.5,2109.451416015625,995668.0,0.0,0.0
2022-02-17,2282.0,2313.0,2276.0,2307.550048828125,2128.870849609375,869374.0,0.0,0.0
2022-02-18,2294.0,2327.800048828125,2294.0,2312.550048828125,2133.483642578125,890713.0,0.0,0.0
2022-02-21,2298.0,2304.050048828125,2284.75,2294.800048828125,2117.108154296875,737919.0,0.0,0.0
2022-02-22,2280.0,2280.0,2250.10009765625,2269.949951171875,2094.1826171875,902667.0,0.0,0.0
2022-02-23,2270.0,2273.949951171875,2252.25,2260.39990234375,2085.37158203125,1324411.0,0.0,0.0
2022-02-24,2200.0,2242.0,2160.300048828125,2171.39990234375,2003.2630615234373,2997629.0,0.0,0.0
2022-02-25,2195.0,2196.0,2162.14990234375,2170.699951171875,2002.6173095703125,2193728.0,0.0,0.0
2022-02-28,2164.0,2179.89990234375,2120.0,2172.10009765625,2003.9091796875,2334036.0,0.0,0.0
2022-03-02,2128.949951171875,2154.800048828125,2123.050048828125,2149.10009765625,1982.68994140625,2034688.0,0.0,0.0
2022-03-03,2157.89990234375,2167.949951171875,2086.60009765625,2091.0,1929.0888671875,2372998.0,0.0,0.0
2022-03-04,2075.0,2077.949951171875,1975.25,2019.5,1863.125244140625,6320118.0,0.0,0.0
2022-03-07,1979.5,1980.1500244140625,1927.0,1943.949951171875,1793.4251708984375,2976453.0,0.0,0.0
2022-03-08,1924.550048828125,1958.0,1901.550048828125,1949.0,1798.0843505859375,3211938.0,0.0,0.0
2022-03-09,1964.0,2007.050048828125,1951.0,1997.9000244140625,1843.19775390625,2879079.0,0.0,0.0
2022-03-10,2051.89990234375,2114.0,2049.0,2101.949951171875,1939.1910400390625,4879791.0,0.0,0.0
2022-03-11,2100.0,2110.199951171875,2070.0,2094.39990234375,1932.2254638671875,2481643.0,0.0,0.0
2022-03-14,2095.0,2095.0,2046.0999755859373,2059.300048828125,1899.843505859375,1730325.0,0.0,0.0
2022-03-15,2045.0,2080.800048828125,2025.0,2038.199951171875,1880.377197265625,2391023.0,0.0,0.0
2022-03-16,2060.0,2080.0,2032.050048828125,2072.14990234375,1911.6983642578125,2808685.0,0.0,0.0
2022-03-17,2098.10009765625,2116.699951171875,2082.35009765625,2102.050048828125,1939.283447265625,2995889.0,0.0,0.0
2022-03-21,2106.5,2110.89990234375,2046.0,2051.199951171875,1892.37060546875,1674982.0,0.0,0.0
2022-03-22,2053.75,2053.75,1969.0,1993.5,1839.138427734375,5356303.0,0.0,0.0
2022-03-23,2012.0,2016.550048828125,1975.25,1978.550048828125,1825.3463134765625,3212162.0,0.0,0.0
2022-03-24,1970.0,1991.3499755859373,1951.3499755859373,1965.9000244140625,1813.6759033203125,3054664.0,0.0,0.0
2022-03-25,1974.9000244140625,1977.0,1945.0,1953.0,1801.7744140625,2233647.0,0.0,0.0
2022-03-28,1959.949951171875,1980.800048828125,1931.300048828125,1975.0999755859373,1822.163330078125,1794533.0,0.0,0.0
2022-03-29,1980.0,1994.8499755859373,1974.050048828125,1987.050048828125,1833.188232421875,1249125.0,0.0,0.0
2022-03-30,2000.0,2019.0,1995.050048828125,2015.9000244140625,1859.803955078125,1476829.0,0.0,0.0
2022-03-31,2019.4000244140625,2054.0,2018.0,2048.64990234375,1890.01806640625,2540524.0,0.0,0.0
2022-04-01,2054.89990234375,2085.85009765625,2038.4000244140625,2078.14990234375,1917.2337646484373,1714996.0,0.0,0.0
2022-04-04,2078.0,2132.449951171875,2070.199951171875,2128.449951171875,1963.6387939453125,1693019.0,0.0,0.0
2022-04-05,2144.5,2158.0,2127.0,2139.800048828125,1974.110107421875,1277652.0,0.0,0.0
2022-04-06,2135.0,2164.39990234375,2121.300048828125,2142.050048828125,1976.1859130859373,1736115.0,0.0,0.0
2022-04-07,2139.949951171875,2175.0,2135.10009765625,2164.800048828125,1997.174560546875,1824732.0,0.0,0.0
2022-04-08,2177.699951171875,2193.5,2163.5,2183.050048828125,2014.01123046875,1693462.0,0.0,0.0
2022-04-11,2188.0,2194.10009765625,2138.89990234375,2163.050048828125,1995.559814453125,1380107.0,0.0,0.0
2022-04-12,2140.89990234375,2165.0,2125.0,2132.25,1967.144775390625,1370233.0,0.0,0.0
2022-04-13,2137.699951171875,2165.0,2130.699951171875,2152.14990234375,1985.50390625,1071601.0,0.0,0.0
2022-04-18,2148.0,2182.89990234375,2135.050048828125,2177.64990234375,2009.0291748046875,1828131.0,0.0,0.0
2022-04-19,2185.699951171875,2206.85009765625,2101.050048828125,2113.050048828125,1949.4315185546875,1775996.0,0.0,0.0
2022-04-20,2114.39990234375,2168.64990234375,2092.699951171875,2164.949951171875,1997.3126220703125,1511804.0,0.0,0.0
2022-04-21,2185.0,2203.75,2168.0,2197.949951171875,2027.7576904296875,2244813.0,0.0,0.0
2022-04-22,2182.0,2189.0,2120.0,2126.949951171875,1962.2550048828125,3520828.0,0.0,0.0
2022-04-25,2100.0,2162.0,2047.0,2100.75,1938.0838623046875,2437310.0,0.0,0.0
2022-04-26,2142.199951171875,2157.949951171875,2121.0,2148.35009765625,1981.998046875,1447088.0,0.0,0.0
2022-04-27,2147.800048828125,2152.39990234375,2103.5,2145.10009765625,1978.9998779296875,2214481.0,0.0,0.0
2022-04-28,2230.0,2250.0,2165.0,2241.85009765625,2068.258056640625,5865359.0,0.0,0.0
2022-04-29,2244.39990234375,2290.0,2222.550048828125,2234.85009765625,2061.80029296875,2678692.0,0.0,0.0
2022-05-02,2220.0,2252.0,2205.89990234375,2230.5,2057.786865234375,1543544.0,0.0,0.0
2022-05-04,2241.949951171875,2250.85009765625,2148.64990234375,2171.550048828125,2003.401611328125,1608395.0,0.0,0.0
2022-05-05,2178.0,2201.949951171875,2153.60009765625,2166.60009765625,1998.8353271484373,1101451.0,0.0,0.0
2022-05-06,2125.0,2170.0,2106.199951171875,2149.199951171875,1982.7822265625,1585602.0,0.0,0.0
2022-05-09,2121.5,2139.39990234375,2110.14990234375,2116.64990234375,1952.75244140625,1341414.0,0.0,0.0
2022-05-10,2134.0,2197.89990234375,2119.0,2180.39990234375,2011.56640625,2162232.0,0.0,0.0
2022-05-11,2185.0,2189.699951171875,2116.0,2163.5,1995.9749755859373,1858636.0,0.0,0.0
2022-05-12,2164.85009765625,2164.85009765625,2109.199951171875,2138.800048828125,1973.1876220703125,1531515.0,0.0,0.0
2022-05-13,2170.0,2218.0,2154.14990234375,2194.10009765625,2024.2056884765625,2057239.0,0.0,0.0
2022-05-16,2200.0,2221.949951171875,2172.300048828125,2217.25,2045.56298828125,1396818.0,0.0,0.0
2022-05-17,2237.89990234375,2277.0,2221.300048828125,2245.0,2071.1640625,2055096.0,0.0,0.0
2022-05-18,2236.10009765625,2302.0,2236.10009765625,2291.39990234375,2113.971435546875,2137455.0,0.0,0.0
2022-05-19,2245.60009765625,2283.800048828125,2245.449951171875,2264.550048828125,2089.20068359375,1734602.0,0.0,0.0
2022-05-20,2290.0,2348.0,2282.699951171875,2325.949951171875,2145.845703125,2599505.0,0.0,0.0
2022-05-23,2309.0,2388.0,2306.35009765625,2379.800048828125,2195.5263671875,2363306.0,0.0,0.0
2022-05-24,2380.0,2380.0,2302.050048828125,2309.64990234375,2130.807861328125,3078655.0,0.0,0.0
2022-05-25,2329.949951171875,2329.949951171875,2286.5,2298.699951171875,2120.7060546875,1884260.0,0.0,0.0
2022-05-26,2290.14990234375,2296.0,2258.0,2280.199951171875,2103.638671875,2299127.0,0.0,0.0
2022-05-27,2297.0,2334.89990234375,2280.5,2330.60009765625,2150.135986328125,1011303.0,0.0,0.0
2022-05-30,2342.199951171875,2365.0,2331.0,2348.949951171875,2167.06494140625,939562.0,0.0,0.0
2022-05-31,2360.0,2367.89990234375,2303.89990234375,2353.25,2171.0322265625,3123979.0,0.0,0.0
2022-06-01,2370.0,2413.800048828125,2302.0,2308.449951171875,2129.701171875,2197599.0,0.0,0.0
2022-06-02,2295.0,2306.949951171875,2257.14990234375,2284.800048828125,2107.88232421875,1460335.0,0.0,0.0
2022-06-03,2284.0,2324.949951171875,2265.14990234375,2291.949951171875,2114.478759765625,1845303.0,0.0,0.0
2022-06-06,2272.199951171875,2301.949951171875,2247.60009765625,2280.5,2103.91552734375,2131405.0,0.0,0.0
2022-06-07,2250.0,2259.85009765625,2207.050048828125,2211.60009765625,2040.3509521484373,2034730.0,0.0,0.0
2022-06-08,2215.0,2218.949951171875,2186.0,2197.050048828125,2026.9273681640625,1506843.0,0.0,0.0
2022-06-09,2197.0,2208.35009765625,2170.75,2197.699951171875,2027.5267333984373,1497867.0,0.0,0.0
2022-06-10,2163.0,2208.85009765625,2162.800048828125,2199.89990234375,2029.556396484375,1641981.0,0.0,0.0
2022-06-13,2168.0,2217.0,2156.0,2196.89990234375,2026.7886962890625,1519441.0,0.0,0.0
2022-06-14,2190.85009765625,2213.949951171875,2160.0,2171.0,2002.89404296875,1592475.0,0.0,0.0
2022-06-15,2158.699951171875,2158.89990234375,2131.0,2146.550048828125,1997.822021484375,1432377.0,19.0,0.0
2022-06-16,2145.0,2164.0,2135.050048828125,2146.699951171875,1997.9615478515625,1353485.0,0.0,0.0
2022-06-17,2160.0,2160.39990234375,2100.0,2110.449951171875,1964.2232666015625,3252189.0,0.0,0.0
2022-06-20,2111.0,2202.89990234375,2108.14990234375,2195.89990234375,2043.7520751953125,2022000.0,0.0,0.0
2022-06-21,2195.0,2232.0,2172.14990234375,2205.0,2052.22216796875,1606187.0,0.0,0.0
2022-06-22,2189.199951171875,2224.89990234375,2186.050048828125,2202.85009765625,2050.22119140625,1741378.0,0.0,0.0
2022-06-23,2208.0,2257.35009765625,2192.10009765625,2252.60009765625,2096.524169921875,1585753.0,0.0,0.0
2022-06-24,2265.0,2318.800048828125,2260.050048828125,2303.89990234375,2144.269775390625,1930048.0,0.0,0.0
2022-06-27,2315.85009765625,2331.85009765625,2298.050048828125,2320.64990234375,2159.859130859375,1450391.0,0.0,0.0
2022-06-28,2320.64990234375,2324.0,2277.85009765625,2317.64990234375,2157.06689453125,1404108.0,0.0,0.0
2022-06-29,2296.199951171875,2299.89990234375,2225.0,2233.449951171875,2078.70068359375,1682914.0,0.0,0.0
2022-06-30,2224.89990234375,2249.0,2213.39990234375,2230.60009765625,2076.048095703125,2387212.0,0.0,0.0
2022-07-01,2226.0,2293.0,2203.60009765625,2282.35009765625,2124.213134765625,1235612.0,0.0,0.0
2022-07-04,2276.0,2378.300048828125,2276.0,2375.199951171875,2210.62939453125,2410245.0,0.0,0.0
2022-07-05,2384.5,2412.0,2371.60009765625,2401.5,2235.107177734375,2463079.0,0.0,0.0
2022-07-06,2400.0,2509.10009765625,2400.0,2498.39990234375,2325.293212890625,4770394.0,0.0,0.0
2022-07-07,2505.0,2531.0,2465.5,2472.949951171875,2301.606689453125,3333262.0,0.0,0.0
2022-07-08,2476.449951171875,2503.800048828125,2452.800048828125,2496.85009765625,2323.8505859375,1346970.0,0.0,0.0
2022-07-11,2487.0,2525.0,2480.0,2490.60009765625,2318.033935546875,1587197.0,0.0,0.0
2022-07-12,2475.0,2490.60009765625,2444.449951171875,2449.550048828125,2279.827880859375,1116476.0,0.0,0.0
2022-07-13,2464.0,2519.35009765625,2461.39990234375,2497.75,2324.6884765625,2528792.0,0.0,0.0
2022-07-14,2502.75,2522.89990234375,2468.199951171875,2497.800048828125,2324.734619140625,1663307.0,0.0,0.0
2022-07-15,2530.0,2573.89990234375,2502.050048828125,2568.5,2390.536376953125,2996964.0,0.0,0.0
2022-07-18,2581.0,2605.0,2533.050048828125,2553.5,2376.5751953125,1566888.0,0.0,0.0
2022-07-19,2549.949951171875,2575.0,2522.75,2567.949951171875,2390.024169921875,1473121.0,0.0,0.0
2022-07-20,2575.0,2618.0,2535.60009765625,2604.5,2424.0419921875,4012897.0,0.0,0.0
2022-07-21,2617.0,2629.89990234375,2591.699951171875,2607.449951171875,2426.78759765625,1990695.0,0.0,0.0
2022-07-22,2617.0,2643.199951171875,2611.050048828125,2640.60009765625,2457.64111328125,1905780.0,0.0,0.0
2022-07-25,2645.5,2654.0,2612.0,2623.60009765625,2441.81884765625,1253821.0,0.0,0.0
2022-07-26,2625.0,2625.0,2538.10009765625,2547.10009765625,2370.619140625,1685576.0,0.0,0.0
2022-07-27,2535.35009765625,2590.5,2525.0,2581.949951171875,2403.054443359375,1404133.0,0.0,0.0
2022-07-28,2625.0,2625.0,2585.0,2620.10009765625,2438.561279296875,1442054.0,0.0,0.0
2022-07-29,2640.0,2645.0,2596.0,2637.39990234375,2454.662353515625,1463059.0,0.0,0.0
2022-08-01,2637.5,2638.0,2580.0,2593.0,2413.338623046875,1559918.0,0.0,0.0
2022-08-02,2600.0,2639.10009765625,2599.0,2635.25,2452.66162109375,1359934.0,0.0,0.0
2022-08-03,2615.25,2664.0,2597.89990234375,2626.35009765625,2444.3779296875,1767904.0,0.0,0.0
2022-08-04,2634.0,2643.449951171875,2615.0,2627.949951171875,2445.8671875,1189384.0,0.0,0.0
2022-08-05,2638.0,2657.64990234375,2627.550048828125,2645.39990234375,2462.1083984375,1176666.0,0.0,0.0
2022-08-08,2645.39990234375,2658.0,2626.050048828125,2650.35009765625,2466.715087890625,1024511.0,0.0,0.0
2022-08-10,2650.35009765625,2676.699951171875,2631.199951171875,2642.800048828125,2459.6884765625,1098949.0,0.0,0.0
2022-08-11,2656.050048828125,2667.75,2606.60009765625,2613.699951171875,2432.604248046875,810674.0,0.0,0.0
2022-08-12,2624.89990234375,2626.10009765625,2585.10009765625,2594.949951171875,2415.153564453125,1473527.0,0.0,0.0
2022-08-16,2607.949951171875,2648.35009765625,2590.550048828125,2644.5,2461.2705078125,1584117.0,0.0,0.0
2022-08-17,2651.0,2694.0,2644.5,2684.64990234375,2498.63818359375,1711381.0,0.0,0.0
2022-08-18,2685.0,2715.0,2664.64990234375,2682.050048828125,2496.21875,1465489.0,0.0,0.0
2022-08-19,2689.0,2698.949951171875,2626.5,2634.550048828125,2452.009521484375,1324508.0,0.0,0.0
2022-08-22,2648.0,2666.800048828125,2620.10009765625,2626.699951171875,2444.703857421875,1410895.0,0.0,0.0
2022-08-23,2602.050048828125,2629.699951171875,2585.25,2592.75,2413.106201171875,1305045.0,0.0,0.0
2022-08-24,2576.0,2610.0,2561.300048828125,2588.25,2408.91796875,1242489.0,0.0,0.0
2022-08-25,2601.199951171875,2628.39990234375,2565.449951171875,2574.199951171875,2395.84130859375,1106593.0,0.0,0.0
2022-08-26,2599.89990234375,2614.699951171875,2562.0,2571.550048828125,2393.375,1048791.0,0.0,0.0
2022-08-29,2550.0,2607.89990234375,2550.0,2575.800048828125,2397.33056640625,1450034.0,0.0,0.0
2022-08-30,2588.699951171875,2667.0,2585.60009765625,2659.85009765625,2475.55712890625,2227943.0,0.0,0.0
2022-09-01,2650.0,2655.0,2594.0,2606.0,2425.43798828125,1702269.0,0.0,0.0
2022-09-02,2615.0,2623.0,2585.0,2603.60009765625,2423.204345703125,937600.0,0.0,0.0
2022-09-05,2597.0,2622.39990234375,2586.10009765625,2600.60009765625,2420.411865234375,1274074.0,0.0,0.0
2022-09-06,2591.199951171875,2620.0,2563.0,2573.10009765625,2394.81787109375,1250776.0,0.0,0.0
2022-09-07,2571.800048828125,2596.89990234375,2560.800048828125,2564.60009765625,2386.906494140625,1344964.0,0.0,0.0
2022-09-08,2580.0,2596.0,2563.0,2577.14990234375,2398.5869140625,1004533.0,0.0,0.0
2022-09-09,2598.0,2647.0,2583.449951171875,2588.699951171875,2409.33642578125,1785443.0,0.0,0.0
2022-09-12,2591.0,2605.0,2574.0,2580.39990234375,2401.611328125,1595709.0,0.0,0.0
2022-09-13,2598.0,2609.0,2579.0,2586.60009765625,2407.382568359375,1342130.0,0.0,0.0
2022-09-14,2550.0,2606.0,2546.699951171875,2571.39990234375,2393.2353515625,1610054.0,0.0,0.0
2022-09-15,2580.0,2598.800048828125,2551.0,2560.39990234375,2382.997314453125,1199906.0,0.0,0.0
2022-09-16,2555.0,2563.85009765625,2518.64990234375,2528.14990234375,2352.98193359375,2516820.0,0.0,0.0
2022-09-19,2531.0,2588.0,2508.050048828125,2579.25,2400.541259765625,1166725.0,0.0,0.0
2022-09-20,2598.60009765625,2621.5,2579.60009765625,2583.550048828125,2404.543701171875,1253333.0,0.0,0.0
2022-09-21,2582.0,2646.75,2580.0,2623.60009765625,2441.81884765625,1960049.0,0.0,0.0
2022-09-22,2623.10009765625,2701.25,2620.050048828125,2692.75,2506.177490234375,2620240.0,0.0,0.0
2022-09-23,2697.89990234375,2723.75,2674.0,2682.050048828125,2496.21875,1789791.0,0.0,0.0
2022-09-26,2668.5,2729.0,2643.050048828125,2660.550048828125,2476.208251953125,2678551.0,0.0,0.0
2022-09-27,2676.0,2713.75,2653.39990234375,2679.25,2493.61279296875,1898501.0,0.0,0.0
2022-09-28,2669.949951171875,2708.75,2652.050048828125,2702.10009765625,2514.87939453125,1526197.0,0.0,0.0
2022-09-29,2711.10009765625,2727.0,2691.10009765625,2700.550048828125,2513.436767578125,2019666.0,0.0,0.0
2022-09-30,2707.0,2714.89990234375,2667.89990234375,2696.449951171875,2509.62109375,1340054.0,0.0,0.0
2022-10-03,2723.0,2734.0,2617.550048828125,2622.5,2440.79443359375,1683197.0,0.0,0.0
2022-10-04,2650.0,2676.5,2634.14990234375,2667.949951171875,2483.09521484375,1327939.0,0.0,0.0
2022-10-06,2681.300048828125,2692.300048828125,2605.050048828125,2614.0,2432.883544921875,1752351.0,0.0,0.0
2022-10-07,2611.89990234375,2613.0,2575.0,2599.699951171875,2419.574462890625,1025923.0,0.0,0.0
2022-10-10,2570.0,2610.699951171875,2542.0,2605.60009765625,2425.065673828125,1043728.0,0.0,0.0
2022-10-11,2610.0,2610.550048828125,2545.0,2550.64990234375,2373.923095703125,1129783.0,0.0,0.0
2022-10-12,2563.449951171875,2604.60009765625,2554.199951171875,2591.35009765625,2411.802978515625,882873.0,0.0,0.0
2022-10-13,2583.0,2607.14990234375,2562.89990234375,2566.39990234375,2388.58154296875,753331.0,0.0,0.0
2022-10-14,2590.0,2624.89990234375,2570.199951171875,2575.800048828125,2397.33056640625,1001536.0,0.0,0.0
2022-10-17,2573.60009765625,2609.949951171875,2568.0,2590.550048828125,2411.058349609375,778918.0,0.0,0.0
2022-10-18,2620.0,2642.0,2597.0,2602.25,2421.94775390625,1123374.0,0.0,0.0
2022-10-19,2615.300048828125,2617.5,2578.39990234375,2583.0,2404.031494140625,1241979.0,0.0,0.0
2022-10-20,2568.14990234375,2610.0,2568.14990234375,2600.89990234375,2420.691162109375,1428125.0,0.0,0.0
2022-10-21,2606.0,2666.75,2606.0,2653.89990234375,2470.01904296875,2458302.0,0.0,0.0
2022-10-24,2610.10009765625,2640.0,2550.0,2573.10009765625,2394.81787109375,719908.0,0.0,0.0
2022-10-25,2586.0,2586.0,2500.0,2505.39990234375,2331.80810546875,2923789.0,0.0,0.0
2022-10-27,2494.0,2530.0,2488.0,2519.0,2344.4658203125,1846329.0,0.0,0.0
2022-10-28,2526.10009765625,2550.89990234375,2512.0,2524.25,2349.35205078125,1164951.0,0.0,0.0
2022-10-31,2545.0,2572.0,2542.050048828125,2550.699951171875,2373.96923828125,1324443.0,0.0,0.0
2022-11-01,2569.0,2575.85009765625,2547.60009765625,2551.800048828125,2390.928466796875,1280132.0,17.0,0.0
2022-11-02,2564.0,2564.0,2501.39990234375,2518.300048828125,2359.54052734375,1338284.0,0.0,0.0
2022-11-03,2515.699951171875,2549.0,2508.300048828125,2546.35009765625,2385.822265625,730444.0,0.0,0.0
2022-11-04,2544.949951171875,2546.0,2515.25,2520.35009765625,2361.46142578125,889055.0,0.0,0.0
2022-11-07,2531.10009765625,2552.0,2517.0,2532.800048828125,2373.126220703125,1283685.0,0.0,0.0
2022-11-09,2510.0,2544.89990234375,2492.64990234375,2508.800048828125,2350.638916015625,1436444.0,0.0,0.0
2022-11-10,2504.0,2538.0,2501.050048828125,2513.60009765625,2355.13671875,1459152.0,0.0,0.0
2022-11-11,2545.0,2546.800048828125,2495.0,2503.050048828125,2345.251708984375,1162847.0,0.0,0.0
2022-11-14,2506.800048828125,2513.75,2455.14990234375,2457.800048828125,2302.854736328125,2137131.0,0.0,0.0
2022-11-15,2457.800048828125,2469.0,2444.14990234375,2457.5,2302.573486328125,1558333.0,0.0,0.0
2022-11-16,2463.550048828125,2483.0,2428.10009765625,2477.85009765625,2321.640625,1330395.0,0.0,0.0
2022-11-17,2479.949951171875,2498.0,2454.25,2460.0,2304.915771484375,960476.0,0.0,0.0
2022-11-18,2470.0,2488.550048828125,2448.85009765625,2483.699951171875,2327.121826171875,1075675.0,0.0,0.0
2022-11-21,2483.699951171875,2512.0,2470.050048828125,2501.39990234375,2343.705810546875,1354881.0,0.0,0.0
2022-11-22,2505.89990234375,2524.0,2497.0,2515.699951171875,2357.104248046875,921265.0,0.0,0.0
2022-11-23,2521.0,2525.0,2502.0,2507.35009765625,2349.280517578125,734152.0,0.0,0.0
2022-11-24,2517.0,2560.0,2511.14990234375,2549.14990234375,2388.4453125,999929.0,0.0,0.0
2022-11-25,2555.0,2555.39990234375,2518.199951171875,2537.449951171875,2377.48291015625,783480.0,0.0,0.0
2022-11-28,2527.0,2542.5,2521.800048828125,2525.199951171875,2366.00537109375,830905.0,0.0,0.0
2022-11-29,2527.199951171875,2639.949951171875,2527.199951171875,2634.199951171875,2468.133544921875,2542932.0,0.0,0.0
2022-11-30,2634.0,2698.0,2623.0,2684.35009765625,2515.122314453125,3698270.0,0.0,0.0
2022-12-01,2680.0,2683.0,2646.85009765625,2662.85009765625,2494.977783203125,1675569.0,0.0,0.0
2022-12-02,2660.0,2660.0,2607.14990234375,2615.10009765625,2450.23779296875,2101890.0,0.0,0.0
2022-12-05,2600.0,2625.0,2585.14990234375,2619.85009765625,2454.6884765625,1640511.0,0.0,0.0
2022-12-06,2606.800048828125,2659.949951171875,2603.85009765625,2654.550048828125,2487.201171875,1484562.0,0.0,0.0
2022-12-07,2660.050048828125,2719.800048828125,2656.25,2707.35009765625,2536.672119140625,2368561.0,0.0,0.0
2022-12-08,2695.050048828125,2711.050048828125,2685.75,2705.449951171875,2534.891845703125,1314703.0,0.0,0.0
2022-12-09,2724.699951171875,2741.60009765625,2711.25,2722.25,2550.6328125,1883397.0,0.0,0.0
2022-12-12,2702.199951171875,2724.0,2688.64990234375,2717.25,2545.9482421875,1163204.0,0.0,0.0
2022-12-13,2717.0,2720.0,2697.800048828125,2710.300048828125,2539.436279296875,1265839.0,0.0,0.0
2022-12-14,2720.0,2720.0,2671.35009765625,2684.64990234375,2515.4033203125,886858.0,0.0,0.0
2022-12-15,2668.35009765625,2683.25,2648.449951171875,2663.25,2495.352294921875,990722.0,0.0,0.0
2022-12-16,2668.0,2687.699951171875,2653.300048828125,2671.300048828125,2502.895263671875,1793864.0,0.0,0.0
2022-12-19,2671.300048828125,2720.0,2671.300048828125,2718.10009765625,2546.744873046875,1546941.0,0.0,0.0
2022-12-20,2706.0,2706.050048828125,2653.25,2674.550048828125,2505.93994140625,827567.0,0.0,0.0
2022-12-21,2687.949951171875,2695.14990234375,2650.10009765625,2666.199951171875,2498.1162109375,779092.0,0.0,0.0
2022-12-22,2676.5,2688.5,2642.0,2645.35009765625,2478.580810546875,852567.0,0.0,0.0
2022-12-23,2632.0,2649.550048828125,2608.050048828125,2621.10009765625,2455.85986328125,1189702.0,0.0,0.0
2022-12-26,2620.949951171875,2637.85009765625,2606.75,2617.449951171875,2452.439697265625,605144.0,0.0,0.0
2022-12-27,2625.0,2634.89990234375,2575.25,2593.25,2429.765380859375,870960.0,0.0,0.0
2022-12-28,2593.0,2603.10009765625,2578.10009765625,2583.60009765625,2420.723876953125,822651.0,0.0,0.0
2022-12-29,2580.25,2583.300048828125,2539.39990234375,2568.050048828125,2406.154052734375,1345863.0,0.0,0.0
2022-12-30,2579.949951171875,2586.449951171875,2555.199951171875,2561.050048828125,2399.595703125,696432.0,0.0,0.0
2023-01-02,2573.89990234375,2580.050048828125,2538.050048828125,2558.39990234375,2397.112060546875,681703.0,0.0,0.0
2023-01-03,2550.050048828125,2562.0,2535.0,2542.050048828125,2381.79345703125,821843.0,0.0,0.0
2023-01-04,2550.5,2558.39990234375,2527.050048828125,2536.10009765625,2376.21826171875,1672649.0,0.0,0.0
2023-01-05,2537.550048828125,2591.949951171875,2537.5,2583.699951171875,2420.8173828125,2008493.0,0.0,0.0
2023-01-06,2580.0,2611.89990234375,2574.89990234375,2576.449951171875,2414.02392578125,991782.0,0.0,0.0
2023-01-09,2589.35009765625,2629.449951171875,2570.0,2624.050048828125,2458.6240234375,1267078.0,0.0,0.0
2023-01-10,2624.050048828125,2653.35009765625,2615.10009765625,2643.85009765625,2477.175537109375,1413088.0,0.0,0.0
2023-01-11,2644.0,2647.85009765625,2588.10009765625,2593.25,2429.765380859375,1471687.0,0.0,0.0
2023-01-12,2586.10009765625,2602.60009765625,2572.75,2590.050048828125,2426.76708984375,1703829.0,0.0,0.0
2023-01-13,2590.199951171875,2639.25,2566.64990234375,2624.0,2458.576904296875,1348015.0,0.0,0.0
2023-01-16,2627.949951171875,2627.949951171875,2584.0,2597.10009765625,2433.372314453125,930068.0,0.0,0.0
2023-01-17,2605.449951171875,2675.0,2601.800048828125,2667.550048828125,2499.381103515625,1892865.0,0.0,0.0
2023-01-18,2668.0,2693.5,2660.0,2686.199951171875,2516.85546875,2038075.0,0.0,0.0
2023-01-19,2670.10009765625,2679.300048828125,2611.89990234375,2649.75,2482.70361328125,1649842.0,0.0,0.0
2023-01-20,2550.0,2605.0,2536.050048828125,2548.75,2388.07080078125,4569549.0,0.0,0.0
2023-01-23,2560.0,2604.0,2552.0,2596.39990234375,2432.717041015625,1388360.0,0.0,0.0
2023-01-24,2604.0,2610.0,2580.800048828125,2600.5,2436.55810546875,1462462.0,0.0,0.0
2023-01-25,2600.5,2642.0,2594.0,2622.35009765625,2457.03076171875,1591810.0,0.0,0.0
2023-01-27,2635.5,2646.550048828125,2578.199951171875,2612.14990234375,2447.4736328125,1581382.0,0.0,0.0
2023-01-30,2610.0,2610.0,2530.199951171875,2568.14990234375,2406.24755859375,2744039.0,0.0,0.0
2023-01-31,2568.0,2590.199951171875,2541.199951171875,2576.75,2414.3056640625,2366794.0,0.0,0.0
2023-02-01,2600.199951171875,2603.0,2546.85009765625,2574.25,2411.963134765625,2014615.0,0.0,0.0
2023-02-02,2569.5,2639.75,2563.0,2634.85009765625,2468.742919921875,1980667.0,0.0,0.0
2023-02-03,2640.0,2657.449951171875,2631.14990234375,2648.75,2481.7666015625,1638238.0,0.0,0.0
2023-02-06,2631.0,2645.0,2599.75,2637.60009765625,2471.3193359375,1697446.0,0.0,0.0
2023-02-07,2645.0,2645.550048828125,2595.300048828125,2601.199951171875,2437.21435546875,1495745.0,0.0,0.0
2023-02-08,2592.699951171875,2607.5,2578.35009765625,2582.800048828125,2419.974365234375,1061956.0,0.0,0.0
2023-02-09,2587.0,2599.89990234375,2566.0,2586.699951171875,2423.62841796875,1102484.0,0.0,0.0
2023-02-10,2585.0,2586.64990234375,2555.35009765625,2577.5,2415.008056640625,1523011.0,0.0,0.0
2023-02-13,2560.0,2590.75,2550.0,2581.0,2418.287841796875,1146525.0,0.0,0.0
2023-02-14,2585.0,2602.0,2570.199951171875,2579.60009765625,2416.976318359375,1944364.0,0.0,0.0
2023-02-15,2550.0,2571.800048828125,2537.0,2548.449951171875,2387.78955078125,2009134.0,0.0,0.0
2023-02-16,2560.0,2561.89990234375,2522.85009765625,2527.10009765625,2367.785888671875,1982857.0,0.0,0.0
2023-02-17,2525.0,2546.25,2506.89990234375,2515.5,2356.9169921875,1395341.0,0.0,0.0
2023-02-20,2518.0,2543.0,2508.199951171875,2511.449951171875,2353.122314453125,632091.0,0.0,0.0
2023-02-21,2528.0,2543.949951171875,2512.300048828125,2516.14990234375,2357.52587890625,862797.0,0.0,0.0
2023-02-22,2516.14990234375,2523.550048828125,2482.75,2494.050048828125,2336.819091796875,885515.0,0.0,0.0
2023-02-23,2492.0,2515.89990234375,2480.10009765625,2490.64990234375,2333.63330078125,757215.0,0.0,0.0
2023-02-24,2492.199951171875,2511.25,2471.949951171875,2484.199951171875,2327.58984375,732783.0,0.0,0.0
2023-02-27,2487.0,2487.0,2456.0,2468.14990234375,2312.552001953125,853991.0,0.0,0.0
2023-02-28,2469.75,2474.35009765625,2435.64990234375,2460.64990234375,2305.52490234375,1780454.0,0.0,0.0
2023-03-01,2458.0,2470.0,2448.0,2466.25,2310.771728515625,967339.0,0.0,0.0
2023-03-02,2466.25,2470.0,2444.0,2455.35009765625,2300.55908203125,827174.0,0.0,0.0
2023-03-03,2466.0,2489.89990234375,2455.64990234375,2471.0,2315.22216796875,1176008.0,0.0,0.0
2023-03-06,2481.949951171875,2498.85009765625,2475.60009765625,2484.85009765625,2328.199462890625,1214503.0,0.0,0.0
2023-03-08,2487.0,2501.39990234375,2467.199951171875,2485.10009765625,2328.433837890625,1448340.0,0.0,0.0
2023-03-09,2484.85009765625,2491.949951171875,2456.89990234375,2461.39990234375,2306.2275390625,1038910.0,0.0,0.0
2023-03-10,2450.0,2470.5,2445.10009765625,2465.449951171875,2310.02197265625,772024.0,0.0,0.0
2023-03-13,2466.0,2488.5,2445.0,2455.10009765625,2300.324951171875,1314549.0,0.0,0.0
2023-03-14,2462.0,2472.0,2439.75,2442.449951171875,2288.47216796875,1250763.0,0.0,0.0
2023-03-15,2451.89990234375,2459.5,2393.0,2406.10009765625,2254.41357421875,1738040.0,0.0,0.0
2023-03-16,2424.949951171875,2469.300048828125,2407.75,2459.35009765625,2304.30712890625,1628035.0,0.0,0.0
2023-03-17,2471.64990234375,2483.199951171875,2439.800048828125,2447.39990234375,2293.110107421875,2127178.0,0.0,0.0
2023-03-20,2447.39990234375,2516.64990234375,2425.0,2511.199951171875,2352.887939453125,1561128.0,0.0,0.0
2023-03-21,2515.0,2523.25,2458.75,2462.60009765625,2307.351806640625,1595161.0,0.0,0.0
2023-03-22,2472.60009765625,2481.39990234375,2454.39990234375,2476.35009765625,2320.235107421875,1063244.0,0.0,0.0
2023-03-23,2475.0,2500.050048828125,2466.0,2485.10009765625,2328.433837890625,1578627.0,0.0,0.0
2023-03-24,2472.199951171875,2497.89990234375,2470.0,2480.800048828125,2324.404541015625,1449326.0,0.0,0.0
2023-03-27,2485.0,2505.0,2464.0,2499.0,2341.45703125,1387736.0,0.0,0.0
2023-03-28,2509.800048828125,2513.5,2471.89990234375,2482.800048828125,2326.278076171875,1412387.0,0.0,0.0
2023-03-29,2485.0,2539.800048828125,2480.050048828125,2530.85009765625,2371.299072265625,2613254.0,0.0,0.0
2023-03-31,2558.800048828125,2568.449951171875,2516.550048828125,2560.35009765625,2398.939697265625,2146167.0,0.0,0.0
2023-04-03,2570.0,2570.0,2515.050048828125,2536.10009765625,2376.21826171875,918048.0,0.0,0.0
2023-04-05,2512.5,2588.550048828125,2502.0,2582.75,2419.92724609375,1489612.0,0.0,0.0
2023-04-06,2575.0,2585.0,2553.0,2565.25,2403.530517578125,797414.0,0.0,0.0
2023-04-10,2565.25,2568.949951171875,2525.0,2532.14990234375,2372.51708984375,853322.0,0.0,0.0
2023-04-11,2540.0,2555.0,2533.0,2547.75,2387.1337890625,913184.0,0.0,0.0
2023-04-12,2556.0,2556.0,2518.64990234375,2528.949951171875,2369.51904296875,1109809.0,0.0,0.0
2023-04-13,2525.0,2562.35009765625,2525.0,2536.199951171875,2376.3115234375,1261711.0,0.0,0.0
2023-04-17,2573.0,2579.0,2541.39990234375,2551.85009765625,2390.975341796875,1566977.0,0.0,0.0
2023-04-18,2560.0,2560.0,2530.0,2541.050048828125,2380.8564453125,1474786.0,0.0,0.0
2023-04-19,2548.0,2548.0,2510.25,2531.60009765625,2372.001953125,1320243.0,0.0,0.0
2023-04-20,2517.800048828125,2532.39990234375,2480.0,2492.60009765625,2335.460693359375,1401364.0,0.0,0.0
2023-04-21,2492.0,2509.5,2485.64990234375,2497.949951171875,2340.47314453125,1206288.0,0.0,0.0
2023-04-24,2502.0,2504.89990234375,2475.10009765625,2499.75,2342.159423828125,1735797.0,0.0,0.0
2023-04-25,2490.85009765625,2499.75,2478.050048828125,2490.449951171875,2333.4462890625,1701098.0,0.0,0.0
2023-04-26,2490.0,2518.0,2482.199951171875,2510.800048828125,2352.51318359375,1245903.0,0.0,0.0
2023-04-27,2513.949951171875,2522.0,2457.0,2468.949951171875,2313.30126953125,2743893.0,0.0,0.0
2023-04-28,2436.050048828125,2467.800048828125,2419.0,2457.300048828125,2302.385986328125,3761927.0,0.0,0.0
2023-05-02,2471.800048828125,2478.0,2450.0,2451.699951171875,2297.138916015625,1760370.0,0.0,0.0
2023-05-03,2456.949951171875,2490.0,2452.64990234375,2486.0,2329.276611328125,1258140.0,0.0,0.0
2023-05-04,2486.949951171875,2509.35009765625,2480.14990234375,2506.75,2348.718505859375,1150227.0,0.0,0.0
2023-05-05,2500.0,2520.0,2494.699951171875,2500.75,2343.0966796875,1354871.0,0.0,0.0
2023-05-08,2505.75,2526.85009765625,2497.14990234375,2516.300048828125,2357.66650390625,972810.0,0.0,0.0
2023-05-09,2525.0,2525.0,2500.050048828125,2515.800048828125,2357.19775390625,1651327.0,0.0,0.0
2023-05-10,2521.0,2535.0,2505.85009765625,2522.699951171875,2363.662841796875,2025658.0,0.0,0.0
2023-05-11,2536.949951171875,2599.0,2523.60009765625,2592.39990234375,2428.968994140625,1749356.0,0.0,0.0
2023-05-12,2594.0,2640.0,2586.39990234375,2623.39990234375,2458.0146484375,2170011.0,0.0,0.0
2023-05-15,2637.949951171875,2670.75,2623.050048828125,2662.25,2494.415283203125,1561055.0,0.0,0.0
2023-05-16,2670.0,2678.39990234375,2650.60009765625,2675.89990234375,2507.20458984375,1477905.0,0.0,0.0
2023-05-17,2672.0,2674.0,2647.050048828125,2661.75,2493.94677734375,839404.0,0.0,0.0
2023-05-18,2665.5,2669.199951171875,2621.85009765625,2627.550048828125,2461.903076171875,1434067.0,0.0,0.0
2023-05-19,2628.64990234375,2649.0,2600.64990234375,2641.449951171875,2474.9267578125,1174757.0,0.0,0.0
2023-05-22,2635.0,2655.449951171875,2623.050048828125,2638.10009765625,2471.7880859375,768232.0,0.0,0.0
2023-05-23,2632.0,2649.800048828125,2625.0,2628.300048828125,2462.60595703125,703864.0,0.0,0.0
2023-05-24,2620.0,2638.0,2608.0,2614.949951171875,2450.09716796875,628872.0,0.0,0.0
2023-05-25,2610.0,2626.14990234375,2580.550048828125,2597.25,2433.51318359375,1072231.0,0.0,0.0
2023-05-26,2603.75,2656.699951171875,2603.10009765625,2652.35009765625,2485.139404296875,947073.0,0.0,0.0
2023-05-29,2670.0,2679.550048828125,2645.050048828125,2650.300048828125,2483.218994140625,698267.0,0.0,0.0
2023-05-30,2655.5,2665.0,2650.85009765625,2656.550048828125,2489.07470703125,948051.0,0.0,0.0
2023-05-31,2656.550048828125,2680.0,2638.0,2667.550048828125,2499.381103515625,3388305.0,0.0,0.0
2023-06-01,2667.0,2731.25,2654.5,2697.89990234375,2527.81787109375,1541080.0,0.0,0.0
2023-06-02,2710.0,2738.199951171875,2691.64990234375,2716.699951171875,2545.432861328125,1509260.0,0.0,0.0
2023-06-05,2716.449951171875,2722.0,2684.14990234375,2695.800048828125,2525.850341796875,1000190.0,0.0,0.0
2023-06-06,2700.0,2707.89990234375,2670.14990234375,2691.14990234375,2521.49365234375,655372.0,0.0,0.0
2023-06-07,2690.0,2727.0,2679.35009765625,2716.199951171875,2544.96435546875,1428490.0,0.0,0.0
2023-06-08,2707.0,2721.550048828125,2674.89990234375,2679.89990234375,2510.95263671875,923536.0,0.0,0.0
2023-06-09,2688.949951171875,2688.949951171875,2620.10009765625,2636.199951171875,2470.0078125,1413808.0,0.0,0.0
2023-06-12,2645.0,2657.0,2633.0,2643.449951171875,2476.80029296875,775484.0,0.0,0.0
2023-06-13,2629.60009765625,2697.0,2627.5,2675.89990234375,2507.20458984375,1787924.0,0.0,0.0
2023-06-14,2671.0,2702.10009765625,2652.0,2698.75,2528.614013671875,1536248.0,0.0,0.0
2023-06-15,2713.949951171875,2717.5,2678.14990234375,2689.699951171875,2520.13525390625,1830192.0,0.0,0.0
2023-06-16,2689.699951171875,2724.0,2683.199951171875,2715.64990234375,2544.44873046875,1748145.0,0.0,0.0
2023-06-19,2702.0,2711.39990234375,2675.0,2683.25,2534.625,1068263.0,22.0,0.0
2023-06-20,2670.0,2680.39990234375,2648.10009765625,2676.10009765625,2527.870849609375,1129279.0,0.0,0.0
2023-06-21,2685.949951171875,2706.85009765625,2668.449951171875,2676.60009765625,2528.34326171875,1201840.0,0.0,0.0
2023-06-22,2668.64990234375,2678.0,2648.699951171875,2654.35009765625,2507.32568359375,830052.0,0.0,0.0
2023-06-23,2651.300048828125,2660.550048828125,2627.449951171875,2641.60009765625,2495.28173828125,991214.0,0.0,0.0
2023-06-26,2642.14990234375,2674.199951171875,2642.14990234375,2652.10009765625,2505.200439453125,758700.0,0.0,0.0
2023-06-27,2652.10009765625,2661.60009765625,2636.0,2651.35009765625,2504.4921875,687747.0,0.0,0.0
2023-06-28,2652.949951171875,2687.60009765625,2642.0,2661.25,2513.843505859375,1397573.0,0.0,0.0
2023-06-30,2665.949951171875,2685.89990234375,2651.35009765625,2678.14990234375,2529.807373046875,1160181.0,0.0,0.0
2023-07-03,2687.0,2705.85009765625,2659.449951171875,2701.050048828125,2551.438720703125,980665.0,0.0,0.0
2023-07-04,2701.050048828125,2706.699951171875,2675.0,2700.0,2550.447021484375,721907.0,0.0,0.0
2023-07-05,2699.949951171875,2759.39990234375,2696.10009765625,2755.85009765625,2603.20361328125,1717547.0,0.0,0.0
2023-07-06,2759.89990234375,2765.0,2735.64990234375,2757.10009765625,2604.384765625,1265020.0,0.0,0.0
2023-07-07,2753.10009765625,2769.64990234375,2691.0,2698.10009765625,2548.652587890625,1178930.0,0.0,0.0
2023-07-10,2709.89990234375,2711.35009765625,2651.0,2656.550048828125,2509.40380859375,1518183.0,0.0,0.0
2023-07-11,2657.10009765625,2716.75,2646.0,2684.5,2535.805908203125,2476367.0,0.0,0.0
2023-07-12,2704.949951171875,2704.949951171875,2642.5,2673.64990234375,2525.556640625,2395826.0,0.0,0.0
2023-07-13,2684.949951171875,2687.449951171875,2651.199951171875,2654.699951171875,2507.656494140625,1495067.0,0.0,0.0
2023-07-14,2655.0,2686.5,2651.050048828125,2676.89990234375,2528.626708984375,1419016.0,0.0,0.0
2023-07-17,2670.0,2703.199951171875,2670.0,2681.699951171875,2533.160888671875,912701.0,0.0,0.0
2023-07-18,2685.550048828125,2701.10009765625,2677.300048828125,2682.800048828125,2534.199951171875,1215904.0,0.0,0.0
2023-07-19,2682.75,2696.89990234375,2660.89990234375,2671.60009765625,2523.6201171875,1166542.0,0.0,0.0
2023-07-20,2669.050048828125,2716.300048828125,2658.199951171875,2703.25,2553.517333984375,1430764.0,0.0,0.0
2023-07-21,2650.0,2676.35009765625,2592.0,2604.0,2459.764404296875,5198952.0,0.0,0.0
2023-07-24,2604.0,2605.949951171875,2575.0,2580.25,2437.330078125,1777469.0,0.0,0.0
2023-07-25,2580.199951171875,2586.60009765625,2562.300048828125,2568.14990234375,2425.900390625,1653775.0,0.0,0.0
2023-07-26,2579.5,2598.800048828125,2572.300048828125,2583.300048828125,2440.211181640625,1300033.0,0.0,0.0
2023-07-27,2561.0,2583.0,2553.0,2569.85009765625,2427.50634765625,2276136.0,0.0,0.0
2023-07-28,2570.0,2593.75,2565.199951171875,2584.60009765625,2441.439453125,966450.0,0.0,0.0
2023-07-31,2575.050048828125,2582.89990234375,2554.0,2560.800048828125,2418.95751953125,2003252.0,0.0,0.0
2023-08-01,2570.0,2573.800048828125,2545.0,2551.10009765625,2409.794921875,1758897.0,0.0,0.0
2023-08-02,2538.0,2573.449951171875,2536.0,2568.949951171875,2426.65576171875,2082908.0,0.0,0.0
2023-08-03,2557.949951171875,2561.050048828125,2537.199951171875,2551.300048828125,2409.983642578125,1475310.0,0.0,0.0
2023-08-04,2551.300048828125,2558.949951171875,2535.050048828125,2546.0,2404.977294921875,1359318.0,0.0,0.0
2023-08-07,2540.0,2574.0,2538.75,2569.199951171875,2426.892333984375,803823.0,0.0,0.0
2023-08-08,2569.199951171875,2585.199951171875,2555.550048828125,2565.85009765625,2423.727783203125,1002061.0,0.0,0.0
2023-08-09,2565.85009765625,2568.949951171875,2541.0,2552.199951171875,2410.83349609375,1212549.0,0.0,0.0
2023-08-10,2549.050048828125,2551.39990234375,2527.60009765625,2536.699951171875,2396.1923828125,1313334.0,0.0,0.0
2023-08-11,2535.0,2536.64990234375,2499.0,2501.800048828125,2363.225341796875,1472199.0,0.0,0.0
2023-08-14,2501.800048828125,2540.0,2488.10009765625,2533.10009765625,2392.79150390625,1060479.0,0.0,0.0
2023-08-16,2534.0,2555.050048828125,2524.39990234375,2552.60009765625,2411.2119140625,1155882.0,0.0,0.0
2023-08-17,2552.60009765625,2560.64990234375,2533.0,2543.25,2402.37939453125,1532873.0,0.0,0.0
2023-08-18,2532.10009765625,2567.75,2532.10009765625,2554.75,2413.242431640625,1970819.0,0.0,0.0
2023-08-21,2554.75,2574.89990234375,2539.050048828125,2562.75,2420.799560546875,977004.0,0.0,0.0
2023-08-22,2573.60009765625,2575.0,2553.0,2565.800048828125,2423.680419921875,960025.0,0.0,0.0
2023-08-23,2575.0,2583.5,2562.5,2574.050048828125,2431.473388671875,1136112.0,0.0,0.0
2023-08-24,2585.0,2591.75,2566.949951171875,2581.25,2438.274658203125,1143934.0,0.0,0.0
2023-08-25,2567.0,2580.699951171875,2551.5,2563.550048828125,2421.554931640625,802955.0,0.0,0.0
2023-08-28,2565.0,2568.0,2539.0,2555.699951171875,2414.14013671875,619841.0,0.0,0.0
2023-08-29,2558.89990234375,2558.89990234375,2522.10009765625,2526.14990234375,2386.2265625,958564.0,0.0,0.0
2023-08-30,2526.14990234375,2536.0,2520.0,2531.949951171875,2391.705322265625,1227377.0,0.0,0.0
2023-08-31,2532.050048828125,2539.800048828125,2491.10009765625,2505.050048828125,2366.295654296875,3235414.0,0.0,0.0
2023-09-01,2505.050048828125,2514.5,2500.0,2504.800048828125,2366.05908203125,813413.0,0.0,0.0
2023-09-04,2514.0,2514.0,2492.0,2501.39990234375,2362.84765625,1143301.0,0.0,0.0
2023-09-05,2510.0,2523.449951171875,2502.10009765625,2507.050048828125,2368.184814453125,844088.0,0.0,0.0
2023-09-06,2513.449951171875,2526.10009765625,2507.449951171875,2523.5,2383.723876953125,1094146.0,0.0,0.0
2023-09-07,2510.0,2521.85009765625,2500.0,2507.449951171875,2368.5625,1894798.0,0.0,0.0
2023-09-08,2504.0,2521.050048828125,2501.550048828125,2513.800048828125,2374.560791015625,1018234.0,0.0,0.0
2023-09-11,2513.800048828125,2538.89990234375,2509.050048828125,2536.25,2395.767333984375,1121083.0,0.0,0.0
2023-09-12,2549.0,2549.0,2488.0,2498.85009765625,2360.438720703125,3946716.0,0.0,0.0
2023-09-13,2494.0,2509.0,2492.0,2506.550048828125,2367.712646484375,1231305.0,0.0,0.0
2023-09-14,2511.0,2514.0,2493.10009765625,2500.800048828125,2362.28076171875,2081195.0,0.0,0.0
2023-09-15,2474.800048828125,2490.0,2466.0,2469.699951171875,2332.903076171875,3750697.0,0.0,0.0
2023-09-18,2471.35009765625,2492.949951171875,2462.0,2488.64990234375,2350.8037109375,1499641.0,0.0,0.0
2023-09-20,2449.64990234375,2480.0,2445.0,2466.85009765625,2330.211181640625,1795159.0,0.0,0.0
2023-09-21,2466.0,2483.0,2442.89990234375,2473.35009765625,2336.351318359375,2223720.0,0.0,0.0
2023-09-22,2468.0,2490.0,2458.0,2482.449951171875,2344.947021484375,1176741.0,0.0,0.0
2023-09-25,2482.449951171875,2499.699951171875,2460.0,2475.85009765625,2338.712646484375,1122778.0,0.0,0.0
2023-09-26,2474.0,2489.0,2461.25,2478.949951171875,2341.64111328125,1263548.0,0.0,0.0
2023-09-27,2476.0,2504.800048828125,2469.0,2501.75,2363.17822265625,1086791.0,0.0,0.0
2023-09-28,2500.0,2501.0,2453.199951171875,2460.35009765625,2324.07177734375,1612346.0,0.0,0.0
2023-09-29,2465.550048828125,2472.800048828125,2450.5,2465.60009765625,2329.03076171875,1249567.0,0.0,0.0
2023-10-03,2490.0,2499.0,2461.800048828125,2468.89990234375,2332.1474609375,1585626.0,0.0,0.0
2023-10-04,2467.050048828125,2511.050048828125,2465.14990234375,2507.85009765625,2368.9404296875,1587335.0,0.0,0.0
2023-10-05,2518.0,2524.800048828125,2495.35009765625,2519.550048828125,2379.99267578125,1909928.0,0.0,0.0
2023-10-06,2519.949951171875,2520.0,2494.0,2499.39990234375,2360.9580078125,1083342.0,0.0,0.0
2023-10-09,2485.0,2516.5,2481.0,2511.300048828125,2372.19921875,1468771.0,0.0,0.0
2023-10-10,2512.199951171875,2520.85009765625,2503.35009765625,2516.199951171875,2376.82763671875,1092373.0,0.0,0.0
2023-10-11,2518.35009765625,2563.949951171875,2516.25,2556.39990234375,2414.80126953125,1697398.0,0.0,0.0
2023-10-12,2555.0,2567.550048828125,2539.199951171875,2557.0,2415.367919921875,1625010.0,0.0,0.0
2023-10-13,2553.050048828125,2576.699951171875,2542.699951171875,2569.449951171875,2427.128173828125,1531977.0,0.0,0.0
2023-10-16,2560.0,2582.0,2552.60009765625,2558.300048828125,2416.59619140625,954899.0,0.0,0.0
2023-10-17,2558.300048828125,2570.0,2546.449951171875,2556.14990234375,2414.56494140625,1253538.0,0.0,0.0
2023-10-18,2570.050048828125,2571.25,2539.550048828125,2548.25,2407.102783203125,1084689.0,0.0,0.0
2023-10-19,2525.0,2554.39990234375,2525.0,2548.10009765625,2406.961181640625,1272343.0,0.0,0.0
2023-10-20,2520.0,2543.550048828125,2485.050048828125,2495.14990234375,2356.943603515625,3608160.0,0.0,0.0
2023-10-23,2494.0,2509.949951171875,2480.35009765625,2483.5,2345.939208984375,922707.0,0.0,0.0
2023-10-25,2475.050048828125,2490.0,2465.0,2477.300048828125,2340.08251953125,1435836.0,0.0,0.0
2023-10-26,2461.0,2490.0,2455.64990234375,2476.39990234375,2339.232177734375,2650560.0,0.0,0.0
2023-10-27,2467.300048828125,2495.0,2463.85009765625,2482.050048828125,2344.5693359375,1784812.0,0.0,0.0
2023-10-30,2471.0,2492.0,2462.39990234375,2478.89990234375,2341.593994140625,875135.0,0.0,0.0
2023-10-31,2470.199951171875,2492.0,2467.800048828125,2484.0,2346.4111328125,920414.0,0.0,0.0
2023-11-01,2485.0,2493.949951171875,2466.800048828125,2472.25,2335.312255859375,1267131.0,0.0,0.0
2023-11-02,2475.0,2496.0,2463.300048828125,2486.800048828125,2366.28515625,1595123.0,18.0,0.0
2023-11-03,2497.0,2512.5,2485.800048828125,2509.25,2387.646728515625,1125583.0,0.0,0.0
2023-11-06,2515.0,2517.75,2491.10009765625,2497.39990234375,2376.370849609375,1338677.0,0.0,0.0
2023-11-07,2496.0,2505.199951171875,2485.25,2496.449951171875,2375.466796875,1473411.0,0.0,0.0
2023-11-08,2498.0,2525.0,2497.699951171875,2519.35009765625,2397.257568359375,745022.0,0.0,0.0
2023-11-09,2520.050048828125,2522.0,2473.050048828125,2476.699951171875,2356.67431640625,1823094.0,0.0,0.0
2023-11-10,2477.0,2488.60009765625,2465.35009765625,2486.550048828125,2366.046875,771062.0,0.0,0.0
2023-11-13,2477.199951171875,2487.199951171875,2471.0,2478.14990234375,2358.0537109375,760809.0,0.0,0.0
2023-11-15,2501.89990234375,2503.050048828125,2476.0,2486.39990234375,2365.904052734375,1457029.0,0.0,0.0
2023-11-16,2480.199951171875,2505.800048828125,2475.35009765625,2491.199951171875,2370.471435546875,1420578.0,0.0,0.0
2023-11-17,2465.0,2533.5,2465.0,2528.800048828125,2406.24951171875,1756043.0,0.0,0.0
2023-11-20,2534.449951171875,2534.5,2500.0,2506.449951171875,2384.982421875,944231.0,0.0,0.0
2023-11-21,2505.0,2517.0,2498.0,2505.25,2383.840576171875,1088806.0,0.0,0.0
2023-11-22,2507.75,2524.25,2504.0,2521.89990234375,2399.683837890625,816610.0,0.0,0.0
2023-11-23,2506.199951171875,2527.75,2506.199951171875,2519.89990234375,2397.78076171875,1023670.0,0.0,0.0
2023-11-24,2515.10009765625,2519.800048828125,2507.449951171875,2515.199951171875,2393.308349609375,735137.0,0.0,0.0
2023-11-28,2531.75,2531.75,2500.0,2510.550048828125,2388.884033203125,1880641.0,0.0,0.0
2023-11-29,2512.0,2528.64990234375,2508.10009765625,2525.050048828125,2402.681396484375,1265214.0,0.0,0.0
2023-11-30,2516.14990234375,2554.5,2516.14990234375,2545.550048828125,2422.187744140625,3095684.0,0.0,0.0
2023-12-01,2547.5,2581.949951171875,2542.0,2563.64990234375,2439.41015625,1345599.0,0.0,0.0
2023-12-04,2577.0,2608.39990234375,2575.0,2602.300048828125,2476.187255859375,2188039.0,0.0,0.0
2023-12-05,2637.0,2637.0,2556.300048828125,2563.25,2439.030029296875,3108717.0,0.0,0.0
2023-12-06,2570.0,2583.699951171875,2563.0,2567.64990234375,2443.216552734375,1573754.0,0.0,0.0
2023-12-07,2551.10009765625,2559.800048828125,2498.60009765625,2518.25,2396.210693359375,3925967.0,0.0,0.0
2023-12-08,2519.0,2533.949951171875,2508.300048828125,2522.300048828125,2400.064697265625,1605805.0,0.0,0.0
2023-12-11,2522.300048828125,2529.949951171875,2499.0,2503.64990234375,2382.318115234375,2012243.0,0.0,0.0
2023-12-12,2500.0,2518.0,2497.0,2502.75,2381.4619140625,1677929.0,0.0,0.0
2023-12-13,2507.85009765625,2516.699951171875,2498.050048828125,2511.89990234375,2390.168212890625,1513205.0,0.0,0.0
2023-12-14,2521.35009765625,2524.800048828125,2501.199951171875,2516.35009765625,2394.40283203125,2166569.0,0.0,0.0
2023-12-15,2520.0,2532.0,2507.0,2522.89990234375,2400.635498046875,2543337.0,0.0,0.0
2023-12-18,2520.14990234375,2544.5,2515.0,2535.5,2412.62451171875,1969036.0,0.0,0.0
2023-12-19,2535.050048828125,2566.949951171875,2535.0,2560.699951171875,2436.603515625,1656220.0,0.0,0.0
2023-12-20,2572.949951171875,2572.949951171875,2547.0,2557.5,2433.558837890625,1468642.0,0.0,0.0
2023-12-21,2542.25,2580.0,2536.0,2553.199951171875,2429.466796875,1945695.0,0.0,0.0
2023-12-22,2559.199951171875,2579.75,2546.800048828125,2575.60009765625,2450.781494140625,1174984.0,0.0,0.0
2023-12-26,2575.60009765625,2591.64990234375,2567.050048828125,2584.75,2459.488037109375,893776.0,0.0,0.0
2023-12-27,2586.0,2612.0,2580.89990234375,2608.300048828125,2481.896728515625,1073278.0,0.0,0.0
2023-12-28,2613.85009765625,2640.0,2606.85009765625,2633.800048828125,2506.160888671875,1635216.0,0.0,0.0
2023-12-29,2633.800048828125,2667.10009765625,2621.25,2663.949951171875,2534.849853515625,1305681.0,0.0,0.0
2024-01-01,2663.85009765625,2669.39990234375,2638.0,2654.75,2526.095458984375,526353.0,0.0,0.0
2024-01-02,2648.0,2653.949951171875,2607.0,2613.800048828125,2487.130126953125,1310629.0,0.0,0.0
2024-01-03,2599.0,2628.60009765625,2595.550048828125,2606.550048828125,2480.2314453125,1008270.0,0.0,0.0
2024-01-04,2606.550048828125,2623.0,2588.050048828125,2592.550048828125,2466.91015625,1376844.0,0.0,0.0
2024-01-05,2595.0,2629.89990234375,2595.0,2620.050048828125,2493.077392578125,1150738.0,0.0,0.0
2024-01-08,2624.949951171875,2626.0,2566.5,2578.25,2453.302978515625,1189828.0,0.0,0.0
2024-01-09,2582.550048828125,2589.0,2571.550048828125,2579.75,2454.730224609375,1017205.0,0.0,0.0
2024-01-10,2580.0,2594.300048828125,2565.0,2577.39990234375,2452.493896484375,881278.0,0.0,0.0
2024-01-11,2580.0,2589.0,2531.85009765625,2536.199951171875,2413.29052734375,2399600.0,0.0,0.0
2024-01-12,2533.5,2555.0,2511.85009765625,2544.0,2420.712890625,2979841.0,0.0,0.0
2024-01-15,2546.0,2578.75,2531.0,2573.199951171875,2448.49755859375,1391204.0,0.0,0.0
2024-01-16,2573.199951171875,2584.60009765625,2556.35009765625,2569.10009765625,2444.59619140625,1599406.0,0.0,0.0
2024-01-17,2549.0,2571.35009765625,2539.75,2562.89990234375,2438.69677734375,3047652.0,0.0,0.0
2024-01-18,2570.0,2570.0,2537.550048828125,2548.0,2424.518798828125,1273095.0,0.0,0.0
2024-01-19,2565.0,2573.949951171875,2532.0,2565.39990234375,2441.07568359375,1323064.0,0.0,0.0
2024-01-23,2451.0,2480.5,2365.449951171875,2375.550048828125,2260.426513671875,4369332.0,0.0,0.0
2024-01-24,2388.0,2445.89990234375,2367.14990234375,2441.64990234375,2323.32275390625,1551469.0,0.0,0.0
2024-01-25,2454.800048828125,2468.0,2420.199951171875,2428.300048828125,2310.6201171875,2364765.0,0.0,0.0
2024-01-29,2410.0,2449.0,2410.0,2444.39990234375,2325.939453125,1587091.0,0.0,0.0
2024-01-30,2454.0,2494.550048828125,2447.300048828125,2458.64990234375,2339.4990234375,1793711.0,0.0,0.0
2024-01-31,2450.0,2485.89990234375,2441.75,2481.550048828125,2361.289306640625,1445004.0,0.0,0.0
2024-02-01,2475.10009765625,2511.550048828125,2468.35009765625,2473.60009765625,2353.724609375,1727534.0,0.0,0.0
2024-02-02,2477.0,2486.89990234375,2442.0,2452.60009765625,2333.742431640625,1956115.0,0.0,0.0
2024-02-05,2464.0,2464.75,2412.75,2419.5,2302.246337890625,1315445.0,0.0,0.0
2024-02-06,2424.949951171875,2441.35009765625,2418.050048828125,2426.35009765625,2308.764404296875,1557511.0,0.0,0.0
2024-02-07,2439.89990234375,2439.89990234375,2411.550048828125,2425.449951171875,2307.907958984375,1149076.0,0.0,0.0
2024-02-08,2441.800048828125,2441.800048828125,2399.0,2417.050048828125,2299.915283203125,1758661.0,0.0,0.0
2024-02-09,2417.050048828125,2428.449951171875,2406.10009765625,2424.14990234375,2306.6708984375,886474.0,0.0,0.0
2024-02-12,2424.10009765625,2429.85009765625,2382.0,2385.64990234375,2270.03662109375,1292460.0,0.0,0.0
2024-02-13,2390.0,2400.949951171875,2380.10009765625,2394.0,2277.98193359375,957865.0,0.0,0.0
2024-02-14,2385.0,2394.0,2370.0,2387.949951171875,2272.225341796875,1397975.0,0.0,0.0
2024-02-15,2368.35009765625,2384.699951171875,2346.75,2350.85009765625,2236.92333984375,2553695.0,0.0,0.0
2024-02-16,2369.949951171875,2382.0,2357.60009765625,2375.25,2260.140625,2363302.0,0.0,0.0
2024-02-19,2389.5,2394.949951171875,2373.800048828125,2387.14990234375,2271.4638671875,576683.0,0.0,0.0
2024-02-20,2370.10009765625,2408.449951171875,2368.199951171875,2404.10009765625,2287.5927734375,1032995.0,0.0,0.0
2024-02-21,2404.10009765625,2422.800048828125,2394.10009765625,2407.10009765625,2290.447265625,1127778.0,0.0,0.0
2024-02-22,2420.300048828125,2420.300048828125,2365.75,2388.10009765625,2272.3681640625,2258516.0,0.0,0.0
2024-02-23,2388.550048828125,2405.5,2383.949951171875,2394.10009765625,2278.07763671875,1210775.0,0.0,0.0
2024-02-26,2391.10009765625,2406.550048828125,2380.0,2404.25,2287.7353515625,831596.0,0.0,0.0
2024-02-27,2404.050048828125,2408.949951171875,2389.14990234375,2405.300048828125,2288.734375,1120424.0,0.0,0.0
2024-02-28,2411.10009765625,2425.0,2401.0,2421.550048828125,2304.197021484375,629152.0,0.0,0.0
2024-02-29,2425.0,2428.800048828125,2397.25,2412.300048828125,2295.39501953125,2848084.0,0.0,0.0
2024-03-01,2416.949951171875,2438.800048828125,2404.0,2409.699951171875,2292.921142578125,2326244.0,0.0,0.0
2024-03-04,2416.199951171875,2427.89990234375,2404.39990234375,2422.0,2304.625,1501261.0,0.0,0.0
2024-03-05,2405.0,2420.0,2391.10009765625,2399.85009765625,2283.548583984375,1587199.0,0.0,0.0
2024-03-06,2404.0,2408.85009765625,2375.300048828125,2400.800048828125,2284.45263671875,1354111.0,0.0,0.0
2024-03-07,2404.949951171875,2426.0,2403.0,2419.550048828125,2302.294189453125,1820704.0,0.0,0.0
2024-03-11,2409.0,2413.0,2383.550048828125,2389.85009765625,2274.033447265625,2040761.0,0.0,0.0
2024-03-12,2380.0,2385.0,2360.800048828125,2378.14990234375,2262.89990234375,1012157.0,0.0,0.0
2024-03-13,2375.0,2375.0,2303.85009765625,2312.60009765625,2200.52685546875,2322669.0,0.0,0.0
2024-03-14,2304.85009765625,2341.699951171875,2301.85009765625,2334.60009765625,2221.460693359375,2292515.0,0.0,0.0
2024-03-15,2330.050048828125,2336.949951171875,2315.89990234375,2327.699951171875,2214.895263671875,2751403.0,0.0,0.0
2024-03-18,2320.800048828125,2325.0,2297.0,2299.949951171875,2188.48974609375,2487402.0,0.0,0.0
2024-03-19,2283.25,2303.89990234375,2246.85009765625,2266.949951171875,2157.089111328125,4220638.0,0.0,0.0
2024-03-20,2250.0,2265.449951171875,2240.0,2241.949951171875,2133.30078125,2995013.0,0.0,0.0
2024-03-21,2234.0,2259.14990234375,2234.0,2242.35009765625,2133.681396484375,3504486.0,0.0,0.0
2024-03-22,2239.050048828125,2266.0,2232.050048828125,2256.550048828125,2147.193603515625,3507809.0,0.0,0.0
2024-03-26,2232.10009765625,2259.14990234375,2232.0,2240.0,2131.4453125,3027027.0,0.0,0.0
2024-03-27,2250.0,2263.0,2236.0,2239.699951171875,2131.15966796875,2168861.0,0.0,0.0
2024-03-28,2245.0,2287.89990234375,2240.10009765625,2264.35009765625,2154.614990234375,3186360.0,0.0,0.0
2024-04-01,2270.0,2295.0,2262.0,2285.89990234375,2175.12060546875,1427873.0,0.0,0.0
2024-04-02,2298.0,2298.0,2277.050048828125,2286.699951171875,2175.882080078125,1221495.0,0.0,0.0
2024-04-03,2281.85009765625,2281.85009765625,2261.050048828125,2265.199951171875,2155.423583984375,1175309.0,0.0,0.0
2024-04-04,2270.0,2282.0,2249.25,2264.949951171875,2155.18603515625,1890255.0,0.0,0.0
2024-04-05,2264.949951171875,2280.5,2258.10009765625,2266.949951171875,2157.089111328125,1153449.0,0.0,0.0
2024-04-08,2277.0,2288.949951171875,2267.199951171875,2268.949951171875,2158.9921875,1127294.0,0.0,0.0
2024-04-09,2271.0,2274.60009765625,2255.75,2264.14990234375,2154.424560546875,1189343.0,0.0,0.0
2024-04-10,2276.89990234375,2276.89990234375,2257.699951171875,2260.89990234375,2151.332275390625,2308993.0,0.0,0.0
2024-04-12,2260.89990234375,2264.85009765625,2228.60009765625,2232.300048828125,2124.117919921875,3388551.0,0.0,0.0
2024-04-15,2227.699951171875,2227.75,2190.0,2194.050048828125,2087.72216796875,4909564.0,0.0,0.0
2024-04-16,2183.0,2231.25,2172.050048828125,2220.800048828125,2113.17578125,2821129.0,0.0,0.0
2024-04-18,2215.050048828125,2237.699951171875,2209.050048828125,2214.800048828125,2107.466552734375,3392171.0,0.0,0.0
2024-04-19,2220.0,2243.75,2196.0,2231.60009765625,2123.4521484375,2337694.0,0.0,0.0
2024-04-22,2250.0,2253.550048828125,2229.050048828125,2241.5,2132.87255859375,1804108.0,0.0,0.0
2024-04-23,2253.0,2273.5,2248.699951171875,2262.75,2153.092529296875,1991778.0,0.0,0.0
2024-04-24,2266.050048828125,2268.35009765625,2245.64990234375,2260.25,2150.714111328125,1404398.0,0.0,0.0
2024-04-25,2238.050048828125,2239.85009765625,2215.10009765625,2230.85009765625,2122.73876953125,4951866.0,0.0,0.0
2024-04-26,2245.0,2255.0,2218.60009765625,2222.64990234375,2114.93603515625,2307512.0,0.0,0.0
2024-04-29,2234.0,2234.0,2220.0,2226.10009765625,2118.218994140625,1395292.0,0.0,0.0
2024-04-30,2232.050048828125,2240.25,2225.0,2230.449951171875,2122.35791015625,2119102.0,0.0,0.0
2024-05-02,2205.050048828125,2243.199951171875,2205.050048828125,2226.300048828125,2118.4091796875,2140383.0,0.0,0.0
2024-05-03,2232.0,2235.64990234375,2204.0,2217.050048828125,2109.607421875,2595307.0,0.0,0.0
2024-05-06,2225.0,2261.5,2212.0,2256.199951171875,2146.860107421875,1619256.0,0.0,0.0
2024-05-07,2266.0,2389.60009765625,2259.0,2379.39990234375,2264.08935546875,8277810.0,0.0,0.0
2024-05-08,2366.39990234375,2372.25,2325.0,2341.050048828125,2227.59814453125,1813439.0,0.0,0.0
2024-05-09,2340.60009765625,2362.10009765625,2319.449951171875,2325.64990234375,2212.944580078125,1558987.0,0.0,0.0
2024-05-10,2321.0,2371.0,2321.0,2362.550048828125,2248.05615234375,2610266.0,0.0,0.0
2024-05-13,2374.0,2381.64990234375,2347.89990234375,2360.64990234375,2246.248291015625,1170617.0,0.0,0.0
2024-05-14,2360.60009765625,2372.300048828125,2346.75,2349.60009765625,2235.73388671875,689430.0,0.0,0.0
2024-05-15,2349.550048828125,2355.800048828125,2317.64990234375,2323.300048828125,2210.70849609375,812282.0,0.0,0.0
2024-05-16,2337.0,2348.10009765625,2301.35009765625,2343.14990234375,2229.59619140625,1880021.0,0.0,0.0
2024-05-17,2351.89990234375,2351.89990234375,2315.10009765625,2320.35009765625,2207.9013671875,1264582.0,0.0,0.0
2024-05-21,2307.0,2324.800048828125,2301.75,2310.699951171875,2198.71875,1663959.0,0.0,0.0
2024-05-22,2311.0,2374.0,2310.699951171875,2366.89990234375,2252.195068359375,1914851.0,0.0,0.0
2024-05-23,2366.89990234375,2386.800048828125,2355.0,2382.5,2267.03955078125,1614718.0,0.0,0.0
2024-05-24,2378.5,2383.25,2364.699951171875,2369.050048828125,2254.2412109375,974100.0,0.0,0.0
2024-05-27,2369.050048828125,2399.949951171875,2362.5,2384.5,2268.9423828125,1116934.0,0.0,0.0
2024-05-28,2390.0,2409.0,2378.550048828125,2395.949951171875,2279.83740234375,1631747.0,0.0,0.0
2024-05-29,2381.199951171875,2395.0,2369.39990234375,2373.39990234375,2258.38037109375,1592495.0,0.0,0.0
2024-05-30,2368.0,2372.449951171875,2334.050048828125,2351.39990234375,2237.4462890625,1837380.0,0.0,0.0
2024-05-31,2353.0,2377.449951171875,2317.60009765625,2329.050048828125,2216.1796875,5529186.0,0.0,0.0
2024-06-03,2381.0,2387.449951171875,2344.300048828125,2355.89990234375,2241.728515625,1207445.0,0.0,0.0
2024-06-04,2374.0,2510.050048828125,2342.10009765625,2496.300048828125,2375.324462890625,7826048.0,0.0,0.0
2024-06-05,2533.550048828125,2723.949951171875,2525.0,2602.75,2476.615478515625,11061076.0,0.0,0.0
2024-06-06,2600.0,2600.0,2518.0,2549.60009765625,2426.04150390625,4102547.0,0.0,0.0
2024-06-07,2555.300048828125,2596.5,2525.0,2577.800048828125,2452.874755859375,3974253.0,0.0,0.0
2024-06-10,2579.0,2593.64990234375,2546.0,2565.35009765625,2441.028076171875,1449122.0,0.0,0.0
2024-06-11,2566.0,2576.699951171875,2551.300048828125,2556.35009765625,2432.46435546875,1402423.0,0.0,0.0
2024-06-12,2568.0,2568.0,2517.0,2528.699951171875,2406.154541015625,1754677.0,0.0,0.0
2024-06-13,2487.949951171875,2505.800048828125,2446.449951171875,2487.39990234375,2366.855712890625,3123098.0,0.0,0.0
2024-06-14,2473.0,2510.39990234375,2470.39990234375,2479.75,2382.56494140625,1729552.0,24.0,0.0
2024-06-18,2479.89990234375,2498.0,2473.14990234375,2486.25,2388.81005859375,1820933.0,0.0,0.0
2024-06-19,2495.0,2495.0,2451.5,2457.0,2360.70654296875,986976.0,0.0,0.0
2024-06-20,2457.0,2490.0,2446.64990234375,2482.199951171875,2384.9189453125,2163310.0,0.0,0.0
2024-06-21,2475.0,2478.0,2426.550048828125,2441.300048828125,2345.621826171875,3646215.0,0.0,0.0
2024-06-24,2435.0,2467.85009765625,2427.050048828125,2442.199951171875,2346.486572265625,1945519.0,0.0,0.0
2024-06-25,2439.35009765625,2446.699951171875,2427.89990234375,2432.199951171875,2336.87841796875,833789.0,0.0,0.0
2024-06-26,2437.0,2467.0,2432.39990234375,2445.60009765625,2349.753662109375,1738656.0,0.0,0.0
2024-06-27,2449.949951171875,2483.199951171875,2436.0,2462.14990234375,2365.65478515625,3402726.0,0.0,0.0
2024-06-28,2463.0,2490.5,2462.85009765625,2473.050048828125,2376.12744140625,2129791.0,0.0,0.0
2024-07-01,2461.050048828125,2523.0,2450.10009765625,2505.10009765625,2406.92138671875,3312865.0,0.0,0.0
2024-07-02,2515.0,2515.0,2479.35009765625,2485.14990234375,2387.753173828125,1305210.0,0.0,0.0
2024-07-03,2486.64990234375,2519.85009765625,2474.300048828125,2510.35009765625,2411.9658203125,1406405.0,0.0,0.0
2024-07-04,2515.050048828125,2536.85009765625,2492.89990234375,2495.949951171875,2398.1298828125,1977010.0,0.0,0.0
2024-07-05,2495.949951171875,2554.0,2495.949951171875,2547.0,2447.17919921875,1754286.0,0.0,0.0
2024-07-08,2560.0,2595.0,2536.25,2587.14990234375,2485.755859375,2818809.0,0.0,0.0
2024-07-09,2587.14990234375,2614.0,2568.0,2590.14990234375,2488.63818359375,1479529.0,0.0,0.0
2024-07-10,2581.0,2626.0,2573.0,2610.449951171875,2508.142578125,1764036.0,0.0,0.0
2024-07-11,2617.0,2617.050048828125,2590.050048828125,2608.85009765625,2506.60546875,1432671.0,0.0,0.0
2024-07-12,2601.0,2639.5,2601.0,2622.25,2519.480224609375,1912642.0,0.0,0.0
2024-07-15,2628.0,2629.25,2613.64990234375,2620.300048828125,2517.606689453125,920101.0,0.0,0.0
2024-07-16,2625.949951171875,2725.0,2624.550048828125,2688.449951171875,2583.085693359375,3298003.0,0.0,0.0
2024-07-18,2700.0,2751.199951171875,2655.0,2738.39990234375,2631.077880859375,5569762.0,0.0,0.0
2024-07-19,2739.0,2743.0,2715.949951171875,2727.0,2620.124755859375,1668862.0,0.0,0.0
2024-07-22,2705.699951171875,2749.949951171875,2705.64990234375,2735.300048828125,2628.099365234375,1911629.0,0.0,0.0
2024-07-23,2746.0,2811.300048828125,2732.0,2766.35009765625,2657.932861328125,3906259.0,0.0,0.0
2024-07-24,2748.0,2757.449951171875,2675.10009765625,2717.050048828125,2610.564697265625,3611927.0,0.0,0.0
2024-07-25,2717.050048828125,2724.85009765625,2670.0,2707.199951171875,2601.1005859375,2166670.0,0.0,0.0
2024-07-26,2724.0,2727.0,2687.25,2711.050048828125,2604.800048828125,2135309.0,0.0,0.0
2024-07-29,2711.199951171875,2720.0,2692.800048828125,2711.60009765625,2605.32861328125,957011.0,0.0,0.0
2024-07-30,2715.60009765625,2754.35009765625,2685.39990234375,2691.39990234375,2585.920166015625,1560399.0,0.0,0.0
2024-07-31,2705.0,2709.64990234375,2675.050048828125,2705.64990234375,2599.611572265625,1751085.0,0.0,0.0
2024-08-01,2714.0,2724.949951171875,2695.199951171875,2715.550048828125,2609.12353515625,1886392.0,0.0,0.0
2024-08-02,2712.0,2759.5,2681.14990234375,2692.550048828125,2587.025146484375,1738872.0,0.0,0.0
2024-08-05,2675.949951171875,2742.0,2666.199951171875,2715.89990234375,2609.459716796875,3118731.0,0.0,0.0
2024-08-06,2720.10009765625,2771.75,2708.64990234375,2750.050048828125,2642.271484375,2296031.0,0.0,0.0
2024-08-07,2781.699951171875,2781.85009765625,2735.5,2744.050048828125,2636.5068359375,1713875.0,0.0,0.0
2024-08-08,2754.0,2759.25,2720.39990234375,2733.199951171875,2626.081787109375,1464161.0,0.0,0.0
2024-08-09,2756.0,2758.0,2718.60009765625,2747.199951171875,2639.533203125,1284031.0,0.0,0.0
2024-08-12,2738.0,2763.39990234375,2722.39990234375,2748.699951171875,2640.974365234375,1297178.0,0.0,0.0
2024-08-13,2742.0,2757.64990234375,2730.10009765625,2741.39990234375,2633.960205078125,1051237.0,0.0,0.0
2024-08-14,2741.0,2742.550048828125,2706.60009765625,2722.050048828125,2615.369140625,946995.0,0.0,0.0
2024-08-16,2737.89990234375,2753.60009765625,2710.699951171875,2748.25,2640.5419921875,1727926.0,0.0,0.0
2024-08-19,2750.050048828125,2759.75,2737.050048828125,2742.550048828125,2635.0654296875,1130327.0,0.0,0.0
2024-08-20,2742.550048828125,2756.25,2735.050048828125,2751.050048828125,2643.232421875,1097889.0,0.0,0.0
2024-08-21,2749.5,2795.10009765625,2742.949951171875,2791.199951171875,2681.808837890625,1417729.0,0.0,0.0
2024-08-22,2802.949951171875,2810.0,2782.10009765625,2792.800048828125,2683.345947265625,1552947.0,0.0,0.0
2024-08-23,2799.199951171875,2821.0,2771.35009765625,2815.60009765625,2705.252685546875,2111401.0,0.0,0.0
2024-08-26,2815.60009765625,2834.949951171875,2803.60009765625,2821.14990234375,2710.5849609375,1152244.0,0.0,0.0
2024-08-27,2809.0,2824.10009765625,2759.550048828125,2766.89990234375,2658.4609375,1357212.0,0.0,0.0
2024-08-28,2760.0,2781.75,2745.75,2764.35009765625,2656.010986328125,1723549.0,0.0,0.0
2024-08-29,2769.949951171875,2810.0,2745.0,2785.25,2676.092041015625,2129934.0,0.0,0.0
2024-08-30,2795.699951171875,2816.300048828125,2760.10009765625,2778.0,2669.126220703125,4029712.0,0.0,0.0
2024-09-02,2794.0,2808.89990234375,2779.0,2789.050048828125,2679.742919921875,957950.0,0.0,0.0
2024-09-03,2780.0,2827.949951171875,2775.0,2794.300048828125,2684.787353515625,2022116.0,0.0,0.0
2024-09-04,2780.0,2843.85009765625,2771.64990234375,2841.25,2729.897216796875,1640986.0,0.0,0.0
2024-09-05,2840.050048828125,2855.0,2823.64990234375,2838.449951171875,2727.206787109375,1945173.0,0.0,0.0
2024-09-06,2828.10009765625,2866.449951171875,2828.10009765625,2838.949951171875,2727.687255859375,1672730.0,0.0,0.0
2024-09-09,2853.10009765625,2938.199951171875,2843.199951171875,2921.800048828125,2807.29052734375,3342754.0,0.0,0.0
2024-09-10,2934.0,2937.60009765625,2887.5,2898.60009765625,2784.99951171875,1536584.0,0.0,0.0
2024-09-11,2911.60009765625,2950.0,2898.10009765625,2904.14990234375,2790.33203125,1913665.0,0.0,0.0
2024-09-12,2911.0,2963.39990234375,2894.199951171875,2956.39990234375,2840.5341796875,2454564.0,0.0,0.0
2024-09-13,2956.39990234375,2956.39990234375,2918.5,2932.949951171875,2818.003173828125,1902001.0,0.0,0.0
2024-09-16,2910.0,2910.0,2807.39990234375,2867.10009765625,2754.734130859375,1489057.0,0.0,0.0
2024-09-17,2867.10009765625,2913.89990234375,2860.10009765625,2873.5,2760.88330078125,1098661.0,0.0,0.0
2024-09-18,2874.0,2893.550048828125,2861.699951171875,2875.85009765625,2763.141357421875,464796.0,0.0,0.0
2024-09-19,2876.25,2934.300048828125,2873.35009765625,2911.75,2797.63427734375,1713010.0,0.0,0.0
2024-09-20,2924.800048828125,2989.35009765625,2895.39990234375,2977.60009765625,2860.903564453125,3641632.0,0.0,0.0
2024-09-23,2980.0,3035.0,2969.949951171875,3028.550048828125,2909.85693359375,1300470.0,0.0,0.0
2024-09-24,3020.0,3020.0,2946.10009765625,2950.550048828125,2834.913818359375,1929308.0,0.0,0.0
2024-09-25,2950.550048828125,2960.35009765625,2905.10009765625,2948.949951171875,2833.376220703125,1055354.0,0.0,0.0
2024-09-26,2951.10009765625,2992.85009765625,2941.199951171875,2986.10009765625,2869.070556640625,1902889.0,0.0,0.0
2024-09-27,2986.10009765625,3030.0,2952.75,2966.25,2849.998291015625,2977081.0,0.0,0.0
2024-09-30,2964.199951171875,2997.89990234375,2942.60009765625,2958.300048828125,2842.360107421875,1627702.0,0.0,0.0
2024-10-01,2962.699951171875,2962.699951171875,2891.39990234375,2923.75,2809.1640625,1184642.0,0.0,0.0
2024-10-03,2908.75,2923.10009765625,2861.10009765625,2893.35009765625,2779.95556640625,1233447.0,0.0,0.0
2024-10-04,2891.0,2914.0,2817.050048828125,2848.75,2737.103515625,2456486.0,0.0,0.0
2024-10-07,2845.0,2866.449951171875,2825.050048828125,2833.39990234375,2722.354736328125,1280975.0,0.0,0.0
2024-10-08,2844.0,2886.0,2798.699951171875,2818.800048828125,2708.327392578125,1761488.0,0.0,0.0
2024-10-09,2823.39990234375,2825.85009765625,2760.699951171875,2768.949951171875,2660.430419921875,1476282.0,0.0,0.0
2024-10-10,2770.0,2787.39990234375,2733.199951171875,2754.699951171875,2646.7392578125,2065078.0,0.0,0.0
2024-10-11,2764.800048828125,2790.0,2737.050048828125,2783.199951171875,2674.122314453125,679307.0,0.0,0.0
2024-10-14,2791.60009765625,2804.699951171875,2765.0,2789.10009765625,2679.791259765625,874010.0,0.0,0.0
2024-10-15,2793.10009765625,2799.300048828125,2765.25,2781.449951171875,2672.44091796875,1082666.0,0.0,0.0
2024-10-16,2789.14990234375,2797.550048828125,2755.60009765625,2781.25,2672.248779296875,1170797.0,0.0,0.0
2024-10-17,2779.449951171875,2782.0,2723.449951171875,2738.64990234375,2631.318115234375,1368242.0,0.0,0.0
2024-10-18,2738.64990234375,2740.0,2693.449951171875,2717.10009765625,2610.613037109375,1137277.0,0.0,0.0
2024-10-21,2715.0,2738.0,2680.449951171875,2693.550048828125,2587.98583984375,792345.0,0.0,0.0
2024-10-22,2685.10009765625,2710.0,2673.75,2681.699951171875,2576.600341796875,1272253.0,0.0,0.0
2024-10-23,2621.0,2693.050048828125,2621.0,2659.300048828125,2555.078369140625,1431962.0,0.0,0.0
2024-10-24,2647.0,2647.0,2452.60009765625,2505.10009765625,2406.92138671875,9216267.0,0.0,0.0
2024-10-25,2502.300048828125,2540.0,2500.10009765625,2528.050048828125,2428.97216796875,2761166.0,0.0,0.0
2024-10-28,2544.0,2589.60009765625,2520.10009765625,2575.800048828125,2474.850830078125,852829.0,0.0,0.0
2024-10-29,2585.699951171875,2585.699951171875,2536.0,2547.64990234375,2447.8037109375,1695654.0,0.0,0.0
2024-10-30,2557.0,2563.300048828125,2533.39990234375,2554.949951171875,2454.817626953125,1200637.0,0.0,0.0
2024-10-31,2554.949951171875,2563.5,2524.10009765625,2528.25,2429.164306640625,1901355.0,0.0,0.0
2024-11-01,2543.949951171875,2545.949951171875,2511.35009765625,2537.5,2438.0517578125,118532.0,0.0,0.0
2024-11-04,2547.0,2547.0,2503.5,2524.800048828125,2425.849365234375,1097260.0,0.0,0.0
2024-11-05,2520.0,2530.25,2507.0,2521.35009765625,2422.53466796875,702046.0,0.0,0.0
2024-11-06,2515.199951171875,2522.10009765625,2495.0,2500.699951171875,2430.650634765625,1219166.0,29.0,0.0
2024-11-07,2500.699951171875,2509.89990234375,2466.10009765625,2475.5,2406.156494140625,1322446.0,0.0,0.0
2024-11-08,2483.949951171875,2515.25,2467.300048828125,2507.699951171875,2437.45458984375,1700877.0,0.0,0.0
2024-11-11,2509.0,2514.89990234375,2475.050048828125,2491.050048828125,2421.27099609375,1175577.0,0.0,0.0
2024-11-12,2495.0,2496.949951171875,2456.0,2461.5,2392.548828125,1624222.0,0.0,0.0
2024-11-13,2462.10009765625,2472.800048828125,2450.39990234375,2464.949951171875,2395.902099609375,1262017.0,0.0,0.0
2024-11-14,2460.39990234375,2464.699951171875,2383.699951171875,2389.199951171875,2322.27392578125,2443393.0,0.0,0.0
2024-11-18,2401.14990234375,2425.0,2375.75,2422.89990234375,2355.030029296875,1374215.0,0.0,0.0
2024-11-19,2431.89990234375,2440.199951171875,2405.10009765625,2410.35009765625,2342.83154296875,1133370.0,0.0,0.0
2024-11-21,2424.75,2424.75,2376.10009765625,2382.800048828125,2316.053466796875,1291829.0,0.0,0.0
2024-11-22,2390.949951171875,2452.10009765625,2377.85009765625,2445.25,2376.75390625,1696471.0,0.0,0.0
2024-11-25,2470.0,2505.699951171875,2457.60009765625,2471.449951171875,2402.219970703125,4368045.0,0.0,0.0
2024-11-26,2486.25,2494.949951171875,2460.39990234375,2479.199951171875,2409.7529296875,982442.0,0.0,0.0
2024-11-27,2475.14990234375,2492.949951171875,2458.0,2486.89990234375,2417.237060546875,948232.0,0.0,0.0
2024-11-28,2486.0,2539.14990234375,2453.199951171875,2462.199951171875,2393.22900390625,2540530.0,0.0,0.0
2024-11-29,2455.10009765625,2507.5,2455.10009765625,2496.14990234375,2426.22802734375,1795164.0,0.0,0.0
2024-12-02,2485.0,2490.5,2460.550048828125,2479.14990234375,2409.704345703125,1006993.0,0.0,0.0
2024-12-03,2480.0,2491.449951171875,2466.0,2482.85009765625,2413.30078125,1641588.0,0.0,0.0
2024-12-04,2481.10009765625,2493.0,2456.550048828125,2464.5,2395.46484375,1321495.0,0.0,0.0
2024-12-05,2465.60009765625,2515.0,2450.050048828125,2494.60009765625,2424.7216796875,2071795.0,0.0,0.0
2024-12-06,2495.0,2495.800048828125,2475.0,2483.800048828125,2414.224365234375,1308086.0,0.0,0.0
2024-12-09,2465.0,2476.949951171875,2383.300048828125,2400.75,2333.50048828125,3385021.0,0.0,0.0
2024-12-10,2408.699951171875,2413.0,2388.300048828125,2397.35009765625,2330.196044921875,2063838.0,0.0,0.0
2024-12-11,2405.0,2409.35009765625,2385.0,2401.35009765625,2334.083740234375,1718225.0,0.0,0.0
2024-12-12,2385.050048828125,2399.949951171875,2338.0,2344.949951171875,2279.263427734375,3231056.0,0.0,0.0
2024-12-13,2344.949951171875,2394.550048828125,2333.449951171875,2390.10009765625,2323.14892578125,2260902.0,0.0,0.0
2024-12-16,2390.300048828125,2393.0,2363.0,2366.14990234375,2299.86962890625,1247552.0,0.0,0.0
2024-12-17,2353.35009765625,2380.0,2353.35009765625,2363.25,2297.051025390625,2131569.0,0.0,0.0
2024-12-18,2350.050048828125,2383.0,2350.050048828125,2359.199951171875,2293.114501953125,988403.0,0.0,0.0
2024-12-19,2347.0,2386.949951171875,2336.0,2359.85009765625,2293.74609375,1655915.0,0.0,0.0
2024-12-20,2352.10009765625,2373.5,2324.64990234375,2333.89990234375,2268.52294921875,2069691.0,0.0,0.0
2024-12-23,2337.0,2351.75,2315.25,2338.89990234375,2273.383056640625,1066199.0,0.0,0.0
2024-12-24,2331.10009765625,2356.949951171875,2331.10009765625,2335.550048828125,2270.126708984375,683646.0,0.0,0.0
2024-12-26,2332.25,2341.85009765625,2324.699951171875,2332.75,2267.4052734375,1033769.0,0.0,0.0
2024-12-27,2343.0,2345.64990234375,2328.25,2341.25,2275.667236328125,556816.0,0.0,0.0
2024-12-30,2341.5,2359.14990234375,2325.0,2343.5,2277.854248046875,924180.0,0.0,0.0
2024-12-31,2340.0,2352.64990234375,2323.25,2326.85009765625,2261.6708984375,1878762.0,0.0,0.0
2025-01-01,2325.0,2337.14990234375,2320.25,2322.10009765625,2257.0537109375,559893.0,0.0,0.0
2025-01-02,2330.0,2379.64990234375,2315.5,2370.0,2303.611572265625,1650744.0,0.0,0.0
2025-01-03,2381.85009765625,2414.60009765625,2364.800048828125,2406.25,2338.84619140625,1274239.0,0.0,0.0
2025-01-06,2418.0,2418.949951171875,2361.64990234375,2376.199951171875,2309.637939453125,900419.0,0.0,0.0
2025-01-07,2377.14990234375,2402.25,2375.25,2390.800048828125,2323.829345703125,922768.0,0.0,0.0
2025-01-08,2391.0,2409.0,2368.0,2401.0,2333.743408203125,953351.0,0.0,0.0
2025-01-09,2405.050048828125,2473.64990234375,2386.39990234375,2435.39990234375,2367.179931640625,2425267.0,0.0,0.0
2025-01-10,2435.39990234375,2456.0,2413.800048828125,2442.050048828125,2373.6435546875,1651911.0,0.0,0.0
2025-01-13,2417.050048828125,2460.5,2409.050048828125,2451.0,2382.343017578125,2595013.0,0.0,0.0
2025-01-14,2465.0,2468.0,2364.10009765625,2367.949951171875,2301.619140625,2052741.0,0.0,0.0
2025-01-15,2373.89990234375,2384.89990234375,2350.10009765625,2373.0,2306.528076171875,1215150.0,0.0,0.0
2025-01-16,2376.949951171875,2380.0,2326.050048828125,2345.0,2279.312255859375,2762596.0,0.0,0.0
2025-01-17,2350.0,2379.300048828125,2343.0,2354.0,2288.059814453125,1333005.0,0.0,0.0
2025-01-20,2356.449951171875,2368.0,2335.64990234375,2345.199951171875,2279.506591796875,1382273.0,0.0,0.0
2025-01-21,2353.5,2377.300048828125,2332.449951171875,2340.5,2274.938232421875,1842885.0,0.0,0.0
2025-01-22,2342.550048828125,2362.0,2332.199951171875,2342.949951171875,2277.319580078125,2658047.0,0.0,0.0
2025-01-23,2315.0,2341.300048828125,2253.85009765625,2321.699951171875,2256.66455078125,3408925.0,0.0,0.0
2025-01-24,2332.85009765625,2380.800048828125,2323.0,2368.10009765625,2301.764892578125,1688664.0,0.0,0.0
2025-01-27,2365.0,2409.699951171875,2361.14990234375,2392.85009765625,2325.82177734375,2477358.0,0.0,0.0
2025-01-28,2401.0,2407.0,2379.449951171875,2388.85009765625,2321.933837890625,1892156.0,0.0,0.0
2025-01-29,2385.14990234375,2396.0,2364.0,2383.949951171875,2317.1708984375,699576.0,0.0,0.0
2025-01-30,2384.0,2425.0,2384.0,2408.75,2341.2763671875,1419960.0,0.0,0.0
2025-01-31,2401.5,2479.0,2401.5,2468.800048828125,2399.644287109375,2116148.0,0.0,0.0
2025-02-01,2475.0,2602.0,2435.14990234375,2506.050048828125,2435.850830078125,2970999.0,0.0,0.0
2025-02-03,2505.0,2520.0,2416.5,2441.949951171875,2373.54638671875,2528480.0,0.0,0.0
2025-02-04,2450.0,2450.0,2402.85009765625,2438.050048828125,2369.755859375,1992474.0,0.0,0.0
2025-02-05,2453.0,2453.0,2387.0,2391.050048828125,2324.072265625,1357416.0,0.0,0.0
2025-02-06,2400.0,2408.949951171875,2360.300048828125,2372.699951171875,2306.236083984375,1132113.0,0.0,0.0
2025-02-07,2380.0,2381.949951171875,2336.10009765625,2363.85009765625,2297.63427734375,855602.0,0.0,0.0
2025-02-10,2370.89990234375,2398.0,2352.050048828125,2361.449951171875,2295.301513671875,1326354.0,0.0,0.0
2025-02-11,2371.0,2377.949951171875,2296.550048828125,2315.25,2250.3955078125,1389260.0,0.0,0.0
2025-02-12,2325.699951171875,2339.89990234375,2305.10009765625,2332.5,2267.162353515625,1341909.0,0.0,0.0
2025-02-13,2330.10009765625,2345.60009765625,2313.35009765625,2321.5,2256.470458984375,1334967.0,0.0,0.0
2025-02-14,2322.0,2366.0,2313.39990234375,2318.35009765625,2253.40869140625,1135380.0,0.0,0.0
2025-02-17,2318.35009765625,2336.0,2300.0,2329.39990234375,2264.149169921875,1409168.0,0.0,0.0
2025-02-18,2329.39990234375,2338.550048828125,2288.0,2296.0,2231.684814453125,1035705.0,0.0,0.0
2025-02-19,2298.75,2305.699951171875,2248.0,2250.39990234375,2187.3623046875,1521343.0,0.0,0.0
2025-02-20,2250.39990234375,2254.449951171875,2226.5,2248.050048828125,2185.078125,2206196.0,0.0,0.0
2025-02-21,2248.050048828125,2253.550048828125,2226.39990234375,2241.64990234375,2178.85693359375,1781509.0,0.0,0.0
2025-02-24,2230.0,2251.0,2218.800048828125,2241.449951171875,2178.66259765625,1627949.0,0.0,0.0
2025-02-25,2243.0,2269.60009765625,2237.949951171875,2259.300048828125,2196.0126953125,1988040.0,0.0,0.0
2025-02-27,2269.64990234375,2269.64990234375,2233.10009765625,2244.949951171875,2182.064697265625,1699658.0,0.0,0.0
2025-02-28,2245.050048828125,2249.60009765625,2185.85009765625,2190.25,2128.896728515625,3683249.0,0.0,0.0
2025-03-03,2199.0,2199.0,2158.5,2176.85009765625,2115.87255859375,1306470.0,0.0,0.0
2025-03-04,2179.949951171875,2180.0,2136.0,2157.35009765625,2096.918701171875,1800330.0,0.0,0.0
2025-03-05,2152.0,2191.89990234375,2150.0,2170.449951171875,2109.6513671875,1145673.0,0.0,0.0
2025-03-06,2175.0,2229.800048828125,2163.75,2218.949951171875,2156.79296875,1856868.0,0.0,0.0
2025-03-07,2226.699951171875,2226.699951171875,2189.199951171875,2204.550048828125,2142.79638671875,1738356.0,0.0,0.0
2025-03-10,2208.0,2267.14990234375,2194.64990234375,2247.75,2184.7861328125,1242387.0,0.0,0.0
2025-03-11,2240.0,2262.449951171875,2211.25,2216.949951171875,2154.848876953125,1325891.0,0.0,0.0
2025-03-12,2217.35009765625,2229.949951171875,2185.0,2192.89990234375,2131.47265625,1526212.0,0.0,0.0
2025-03-13,2185.0,2209.949951171875,2164.449951171875,2174.800048828125,2113.8798828125,1845629.0,0.0,0.0
2025-03-17,2161.0,2195.449951171875,2156.5,2171.25,2110.42919921875,1111886.0,0.0,0.0
2025-03-18,2171.25,2171.25,2171.25,2171.25,2110.42919921875,0.0,0.0,0.0
2025-03-19,2207.0,2212.85009765625,2193.449951171875,2200.050048828125,2138.422607421875,1341405.0,0.0,0.0
2025-03-20,2203.89990234375,2248.89990234375,2188.449951171875,2242.39990234375,2179.586181640625,1426689.0,0.0,0.0
2025-03-21,2245.0,2255.199951171875,2225.800048828125,2246.199951171875,2183.27978515625,2152415.0,0.0,0.0
2025-03-24,2250.25,2266.0,2241.0,2256.199951171875,2192.99951171875,1454404.0,0.0,0.0
2025-03-25,2250.75,2292.0,2243.35009765625,2271.300048828125,2207.6767578125,2229340.0,0.0,0.0
2025-03-26,2272.0,2279.89990234375,2237.800048828125,2245.949951171875,2183.03662109375,1416907.0,0.0,0.0
2025-03-27,2244.199951171875,2260.89990234375,2200.0,2244.64990234375,2181.773193359375,3752627.0,0.0,0.0
2025-03-28,2247.0,2296.0,2240.300048828125,2258.85009765625,2195.5751953125,2280152.0,0.0,0.0
2025-04-01,2259.0,2284.64990234375,2220.0,2233.85009765625,2171.27587890625,2495962.0,0.0,0.0
2025-04-02,2243.699951171875,2243.699951171875,2190.050048828125,2237.89990234375,2175.212158203125,1351493.0,0.0,0.0
2025-04-03,2225.449951171875,2252.89990234375,2220.60009765625,2244.550048828125,2181.676025390625,1310088.0,0.0,0.0
2025-04-04,2230.0,2267.050048828125,2222.0,2244.550048828125,2181.676025390625,1120226.0,0.0,0.0
2025-04-07,2150.0,2261.60009765625,2150.0,2249.39990234375,2186.389892578125,3435185.0,0.0,0.0
2025-04-08,2268.300048828125,2306.199951171875,2252.35009765625,2289.25,2225.12353515625,2774874.0,0.0,0.0
2025-04-09,2293.949951171875,2354.14990234375,2289.5,2350.0,2284.172119140625,2989089.0,0.0,0.0
2025-04-11,2394.60009765625,2394.85009765625,2344.35009765625,2366.14990234375,2299.86962890625,3836083.0,0.0,0.0
2025-04-15,2400.0,2400.0,2345.199951171875,2361.5,2295.35009765625,3042779.0,0.0,0.0
2025-04-16,2351.0,2376.0,2351.0,2366.60009765625,2300.30712890625,1131979.0,0.0,0.0
2025-04-17,2357.10009765625,2379.89990234375,2343.10009765625,2375.0,2308.4716796875,1962402.0,0.0,0.0
2025-04-21,2368.10009765625,2372.39990234375,2348.800048828125,2351.0,2285.14404296875,1478430.0,0.0,0.0
2025-04-22,2370.0,2406.0,2355.10009765625,2398.699951171875,2331.5078125,2352346.0,0.0,0.0
2025-04-23,2410.0,2438.0,2393.39990234375,2423.800048828125,2355.90478515625,2226066.0,0.0,0.0
2025-04-24,2423.800048828125,2487.39990234375,2317.10009765625,2325.300048828125,2260.164306640625,7065430.0,0.0,0.0
2025-04-25,2331.89990234375,2341.89990234375,2294.39990234375,2332.199951171875,2266.87060546875,2859858.0,0.0,0.0
2025-04-28,2345.0,2349.0,2315.0,2318.60009765625,2253.651611328125,1555660.0,0.0,0.0
2025-04-29,2328.0,2332.5,2312.60009765625,2321.699951171875,2256.66455078125,1896387.0,0.0,0.0
2025-04-30,2320.0,2352.5,2316.0,2342.10009765625,2276.493408203125,2083807.0,0.0,0.0
2025-05-02,2334.10009765625,2345.0,2310.0,2318.60009765625,2253.651611328125,1424284.0,0.0,0.0
2025-05-05,2324.10009765625,2354.89990234375,2319.10009765625,2348.60009765625,2282.8115234375,2074103.0,0.0,0.0
2025-05-06,2340.199951171875,2390.10009765625,2340.199951171875,2381.800048828125,2315.081298828125,1888125.0,0.0,0.0
2025-05-07,2369.0,2386.89990234375,2355.300048828125,2370.800048828125,2304.389404296875,1610400.0,0.0,0.0
2025-05-08,2361.699951171875,2371.89990234375,2341.0,2354.89990234375,2288.934814453125,2323073.0,0.0,0.0
2025-05-09,2330.0,2342.699951171875,2302.300048828125,2332.89990234375,2267.551025390625,1805685.0,0.0,0.0
2025-05-12,2360.0,2387.0,2346.10009765625,2382.5,2315.76171875,1274873.0,0.0,0.0
2025-05-13,2375.60009765625,2398.0,2352.800048828125,2360.0,2293.89208984375,1929665.0,0.0,0.0
2025-05-14,2370.0,2370.0,2338.5,2350.5,2284.658203125,1568111.0,0.0,0.0
2025-05-15,2351.60009765625,2369.89990234375,2340.0,2355.199951171875,2289.226318359375,3236681.0,0.0,0.0
2025-05-16,2360.0,2387.0,2349.0,2381.39990234375,2314.692626953125,1473000.0,0.0,0.0
2025-05-19,2375.0,2405.0,2375.0,2382.699951171875,2315.9560546875,936655.0,0.0,0.0
2025-05-20,2394.60009765625,2394.60009765625,2338.5,2341.10009765625,2275.521484375,1617408.0,0.0,0.0
2025-05-21,2346.0,2375.699951171875,2345.0,2363.89990234375,2297.682373046875,1570754.0,0.0,0.0
2025-05-22,2355.0,2363.10009765625,2313.10009765625,2330.699951171875,2265.412841796875,2423653.0,0.0,0.0
2025-05-23,2336.89990234375,2364.5,2329.60009765625,2359.199951171875,2293.114501953125,844118.0,0.0,0.0
2025-05-26,2368.0,2397.300048828125,2364.10009765625,2394.10009765625,2327.03662109375,892618.0,0.0,0.0
2025-05-27,2394.10009765625,2409.5,2360.300048828125,2380.199951171875,2313.526123046875,1865258.0,0.0,0.0
2025-05-28,2388.0,2388.0,2352.0,2362.0,2295.835693359375,897517.0,0.0,0.0
2025-05-29,2369.0,2376.0,2355.5,2366.699951171875,2300.404296875,1111275.0,0.0,0.0
2025-05-30,2360.0,2374.89990234375,2343.5,2348.300048828125,2282.51953125,3288892.0,0.0,0.0
2025-06-02,2347.89990234375,2384.0,2343.60009765625,2371.60009765625,2305.167236328125,1178205.0,0.0,0.0
2025-06-03,2365.10009765625,2379.5,2342.60009765625,2352.300048828125,2286.40771484375,1643913.0,0.0,0.0
2025-06-04,2359.5,2367.60009765625,2342.10009765625,2364.5,2298.265869140625,3287896.0,0.0,0.0
2025-06-05,2364.5,2380.0,2348.89990234375,2376.39990234375,2309.83251953125,1787978.0,0.0,0.0
2025-06-06,2373.300048828125,2396.5,2370.10009765625,2389.800048828125,2322.857177734375,997488.0,0.0,0.0
2025-06-09,2394.0,2399.0,2378.300048828125,2393.199951171875,2326.162109375,1293622.0,0.0,0.0
2025-06-10,2393.39990234375,2400.199951171875,2378.39990234375,2395.199951171875,2328.10595703125,1778782.0,0.0,0.0
2025-06-11,2395.199951171875,2402.89990234375,2371.300048828125,2376.39990234375,2309.83251953125,1977707.0,0.0,0.0
2025-06-12,2386.89990234375,2388.0,2324.10009765625,2332.699951171875,2267.356689453125,3339584.0,0.0,0.0
2025-06-13,2305.0,2324.89990234375,2302.0,2319.0,2254.04052734375,1740682.0,0.0,0.0
2025-06-16,2320.0,2336.60009765625,2313.10009765625,2327.39990234375,2262.204833984375,1105297.0,0.0,0.0
2025-06-17,2320.0,2333.10009765625,2313.10009765625,2328.60009765625,2263.37158203125,1119284.0,0.0,0.0
2025-06-18,2327.699951171875,2331.39990234375,2285.5,2297.300048828125,2232.9482421875,2056563.0,0.0,0.0
2025-06-19,2300.10009765625,2307.800048828125,2290.300048828125,2294.199951171875,2229.93505859375,1214549.0,0.0,0.0
2025-06-20,2295.0,2313.0,2292.39990234375,2306.199951171875,2241.598876953125,2685864.0,0.0,0.0
2025-06-23,2283.39990234375,2286.0,2258.699951171875,2275.10009765625,2234.62548828125,842856.0,24.0,0.0
2025-06-24,2295.0,2301.0,2260.300048828125,2263.10009765625,2222.839111328125,2440747.0,0.0,0.0
2025-06-25,2279.0,2290.5,2271.39990234375,2278.699951171875,2238.1611328125,1047270.0,0.0,0.0
2025-06-26,2288.89990234375,2291.0,2271.60009765625,2280.800048828125,2240.223876953125,1874722.0,0.0,0.0
2025-06-27,2280.800048828125,2310.5,2279.300048828125,2306.89990234375,2265.859375,1050745.0,0.0,0.0
2025-06-30,2309.89990234375,2317.0,2288.0,2294.60009765625,2253.778564453125,1403754.0,0.0,0.0
2025-07-01,2300.0,2302.60009765625,2286.60009765625,2295.5,2254.662353515625,759914.0,0.0,0.0
2025-07-02,2295.0,2309.0,2287.60009765625,2307.10009765625,2266.05615234375,1128034.0,0.0,0.0
2025-07-03,2310.0,2326.89990234375,2304.0,2313.39990234375,2272.243896484375,1060039.0,0.0,0.0
2025-07-04,2318.0,2341.39990234375,2310.300048828125,2339.300048828125,2297.68310546875,1242346.0,0.0,0.0
2025-07-07,2341.0,2415.699951171875,2341.0,2410.39990234375,2367.518310546875,2701583.0,0.0,0.0
2025-07-08,2405.39990234375,2418.5,2386.0,2392.699951171875,2350.133056640625,1471046.0,0.0,0.0
2025-07-09,2399.0,2439.699951171875,2397.10009765625,2423.39990234375,2380.286865234375,1741690.0,0.0,0.0
2025-07-10,2423.39990234375,2434.0,2397.60009765625,2408.39990234375,2365.553955078125,1053695.0,0.0,0.0
2025-07-11,2500.0,2530.0,2461.0,2519.60009765625,2474.775634765625,7242235.0,0.0,0.0
2025-07-14,2500.0,2532.5,2490.0,2516.60009765625,2471.8291015625,2427712.0,0.0,0.0
2025-07-15,2520.699951171875,2529.89990234375,2510.0,2526.89990234375,2481.94580078125,1700294.0,0.0,0.0
2025-07-16,2526.300048828125,2532.89990234375,2507.5,2517.60009765625,2472.811279296875,1284379.0,0.0,0.0
2025-07-17,2513.0,2525.39990234375,2506.199951171875,2509.800048828125,2465.14990234375,807474.0,0.0,0.0
2025-07-18,2514.89990234375,2514.89990234375,2481.5,2489.60009765625,2445.309326171875,771112.0,0.0,0.0
2025-07-21,2490.89990234375,2493.60009765625,2455.39990234375,2464.89990234375,2421.048828125,1169960.0,0.0,0.0
2025-07-22,2470.0,2485.0,2452.60009765625,2479.699951171875,2435.58544921875,861632.0,0.0,0.0
2025-07-23,2481.0,2487.0,2442.0,2450.39990234375,2406.806640625,1320795.0,0.0,0.0
2025-07-24,2455.89990234375,2466.0,2421.0,2437.800048828125,2394.430908203125,693984.0,0.0,0.0
2025-07-25,2426.10009765625,2428.60009765625,2405.39990234375,2415.39990234375,2372.42919921875,769388.0,0.0,0.0
2025-07-28,2415.39990234375,2448.300048828125,2412.300048828125,2441.60009765625,2398.163330078125,987995.0,0.0,0.0
2025-07-29,2444.800048828125,2457.5,2429.699951171875,2453.60009765625,2409.949951171875,732282.0,0.0,0.0
2025-07-30,2442.0,2452.89990234375,2398.5,2437.39990234375,2394.037841796875,1224146.0,0.0,0.0
2025-07-31,2420.10009765625,2549.0,2420.10009765625,2521.199951171875,2476.34716796875,5505507.0,0.0,0.0
2025-08-01,2550.0,2727.5,2536.89990234375,2553.699951171875,2508.26904296875,4259653.0,0.0,0.0
2025-08-04,2547.0,2583.199951171875,2535.10009765625,2543.699951171875,2498.44677734375,1293028.0,0.0,0.0
2025-08-05,2537.5,2553.0,2517.300048828125,2534.699951171875,2489.60693359375,756361.0,0.0,0.0
2025-08-06,2538.699951171875,2563.10009765625,2526.60009765625,2535.60009765625,2490.490966796875,885487.0,0.0,0.0
2025-08-07,2535.699951171875,2544.0,2495.0,2517.5,2472.712890625,847151.0,0.0,0.0
2025-08-08,2516.0,2529.89990234375,2486.60009765625,2498.60009765625,2454.1494140625,839794.0,0.0,0.0
2025-08-11,2490.10009765625,2524.5,2478.5,2518.39990234375,2473.5966796875,992436.0,0.0,0.0
2025-08-12,2518.0,2536.60009765625,2480.10009765625,2483.800048828125,2439.612548828125,1406211.0,0.0,0.0
2025-08-13,2485.0,2501.5,2473.39990234375,2495.10009765625,2450.711669921875,969803.0,0.0,0.0
2025-08-14,2498.89990234375,2509.0,2473.199951171875,2480.60009765625,2436.469482421875,1104362.0,0.0,0.0
2025-08-18,2539.0,2597.0,2521.300048828125,2568.10009765625,2522.4130859375,3089136.0,0.0,0.0
2025-08-19,2572.199951171875,2615.0,2558.39990234375,2604.800048828125,2558.4599609375,1400717.0,0.0,0.0
2025-08-20,2599.0,2680.0,2588.5,2669.800048828125,2622.3037109375,3156954.0,0.0,0.0
2025-08-21,2667.10009765625,2667.10009765625,2627.300048828125,2648.0,2600.891357421875,2235686.0,0.0,0.0
2025-08-22,2647.0,2658.5,2619.0,2629.89990234375,2583.11328125,1223445.0,0.0,0.0
2025-08-25,2643.0,2643.0,2615.199951171875,2631.60009765625,2584.783203125,667598.0,0.0,0.0
2025-08-26,2624.60009765625,2705.0,2624.60009765625,2692.60009765625,2644.697998046875,4348648.0,0.0,0.0
2025-08-28,2748.0,2748.0,2646.800048828125,2654.39990234375,2607.177490234375,3198743.0,0.0,0.0
2025-08-29,2664.800048828125,2723.0,2641.39990234375,2659.800048828125,2612.4814453125,1972773.0,0.0,0.0
2025-09-01,2659.800048828125,2673.300048828125,2639.300048828125,2649.5,2602.36474609375,1096729.0,0.0,0.0
2025-09-02,2649.0,2692.39990234375,2645.10009765625,2677.0,2629.37548828125,1525106.0,0.0,0.0
2025-09-03,2681.0,2686.89990234375,2658.300048828125,2664.699951171875,2617.294189453125,1010692.0,0.0,0.0
2025-09-04,2750.0,2750.0,2655.5,2666.60009765625,2619.16064453125,2494678.0,0.0,0.0
2025-09-05,2667.60009765625,2672.89990234375,2623.800048828125,2633.39990234375,2586.55078125,944879.0,0.0,0.0
2025-09-08,2630.0,2644.60009765625,2618.800048828125,2623.89990234375,2577.219970703125,903410.0,0.0,0.0
2025-09-09,2637.0,2646.199951171875,2611.300048828125,2642.0,2594.998046875,1610956.0,0.0,0.0
2025-09-10,2642.0,2652.89990234375,2619.0,2643.5,2596.471435546875,1031486.0,0.0,0.0
2025-09-11,2643.800048828125,2657.699951171875,2614.0,2622.0,2575.35400390625,1212707.0,0.0,0.0
2025-09-12,2625.0,2628.89990234375,2569.0,2580.5,2534.592041015625,1368380.0,0.0,0.0
2025-09-15,2580.5,2593.39990234375,2568.39990234375,2581.0,2535.083251953125,752745.0,0.0,0.0
2025-09-16,2588.199951171875,2590.0,2572.60009765625,2580.89990234375,2534.985107421875,1040928.0,0.0,0.0
2025-09-17,2587.0,2591.10009765625,2566.5,2569.699951171875,2523.984130859375,970247.0,0.0,0.0
2025-09-18,2570.89990234375,2609.89990234375,2570.89990234375,2586.800048828125,2540.780029296875,1550153.0,0.0,0.0
2025-09-19,2600.0,2604.699951171875,2554.800048828125,2559.60009765625,2514.06396484375,2214708.0,0.0,0.0
2025-09-22,2569.0,2587.199951171875,2560.199951171875,2572.199951171875,2526.43994140625,1174161.0,0.0,0.0
2025-09-23,2568.89990234375,2575.300048828125,2518.199951171875,2522.199951171875,2477.329345703125,1430474.0,0.0,0.0
2025-09-24,2522.199951171875,2576.0,2510.0,2549.5,2504.143798828125,1882881.0,0.0,0.0
2025-09-25,2546.0,2567.5,2531.800048828125,2538.300048828125,2493.14306640625,1624258.0,0.0,0.0
2025-09-26,2535.0,2545.39990234375,2499.39990234375,2511.800048828125,2467.1142578125,885612.0,0.0,0.0
2025-09-29,2495.0,2517.39990234375,2443.0,2497.89990234375,2453.46142578125,2403556.0,0.0,0.0
2025-09-30,2497.89990234375,2526.300048828125,2491.60009765625,2514.39990234375,2469.66796875,1678088.0,0.0,0.0
2025-10-01,2515.39990234375,2550.0,2497.89990234375,2536.199951171875,2491.080322265625,1483899.0,0.0,0.0
2025-10-03,2536.199951171875,2548.60009765625,2508.300048828125,2544.89990234375,2499.62548828125,1242611.0,0.0,0.0
2025-10-06,2535.199951171875,2549.60009765625,2520.199951171875,2541.800048828125,2496.580810546875,818923.0,0.0,0.0
2025-10-07,2540.0,2559.39990234375,2508.300048828125,2517.199951171875,2472.418212890625,1291750.0,0.0,0.0
2025-10-08,2511.0,2525.0,2486.10009765625,2500.10009765625,2455.62255859375,1225128.0,0.0,0.0
2025-10-09,2501.0,2523.0,2498.300048828125,2517.60009765625,2472.811279296875,1259173.0,0.0,0.0
2025-10-10,2510.0,2534.89990234375,2506.5,2528.89990234375,2483.91015625,1018875.0,0.0,0.0
2025-10-13,2519.199951171875,2531.60009765625,2485.39990234375,2492.800048828125,2448.452392578125,1114750.0,0.0,0.0
2025-10-14,2493.0,2509.199951171875,2482.300048828125,2502.300048828125,2457.783447265625,1461017.0,0.0,0.0
2025-10-15,2502.60009765625,2531.800048828125,2502.60009765625,2519.0,2474.186279296875,881070.0,0.0,0.0
2025-10-16,2517.800048828125,2568.5,2507.10009765625,2561.5,2515.93017578125,1446646.0,0.0,0.0
2025-10-17,2565.5,2615.0,2560.0,2603.699951171875,2557.37939453125,2050690.0,0.0,0.0
2025-10-20,2609.0,2624.699951171875,2585.60009765625,2594.39990234375,2548.24462890625,1011485.0,0.0,0.0
2025-10-21,2594.0,2606.699951171875,2585.10009765625,2591.699951171875,2545.593017578125,82020.0,0.0,0.0
2025-10-23,2601.0,2667.199951171875,2596.10009765625,2601.60009765625,2555.31689453125,3386744.0,0.0,0.0
2025-10-24,2584.0,2584.0,2474.5,2516.39990234375,2471.63232421875,3110800.0,0.0,0.0
2025-10-27,2516.39990234375,2525.0,2506.0,2511.800048828125,2467.1142578125,2127832.0,0.0,0.0
2025-10-28,2519.0,2526.0,2481.89990234375,2497.10009765625,2452.676025390625,2294976.0,0.0,0.0
2025-10-29,2512.60009765625,2513.60009765625,2484.0,2488.10009765625,2443.8359375,1870143.0,0.0,0.0
2025-10-30,2491.0,2497.0,2454.89990234375,2469.60009765625,2425.6650390625,1195631.0,0.0,0.0
2025-10-31,2469.0,2479.5,2452.89990234375,2465.5,2421.637939453125,1401937.0,0.0,0.0
2025-11-03,2456.10009765625,2474.89990234375,2440.300048828125,2460.0,2416.23583984375,1049185.0,0.0,0.0
2025-11-04,2460.0,2463.300048828125,2441.300048828125,2445.699951171875,2402.190185546875,1251588.0,0.0,0.0
2025-11-06,2463.89990234375,2463.89990234375,2432.60009765625,2436.0,2392.662841796875,1329256.0,0.0,0.0
2025-11-07,2417.0,2425.0,2400.60009765625,2414.0,2389.693115234375,817896.0,19.0,0.0
2025-11-10,2405.0,2429.300048828125,2404.0,2408.800048828125,2384.54541015625,780558.0,0.0,0.0
2025-11-11,2422.199951171875,2433.699951171875,2403.10009765625,2427.5,2403.05712890625,1422399.0,0.0,0.0
2025-11-12,2430.60009765625,2434.800048828125,2416.199951171875,2424.5,2400.08740234375,1680827.0,0.0,0.0
2025-11-13,2429.0,2431.0,2405.0,2407.60009765625,2383.357666015625,1256059.0,0.0,0.0
2025-11-14,2405.10009765625,2430.199951171875,2392.0,2427.699951171875,2403.255126953125,975973.0,0.0,0.0
2025-11-17,2431.39990234375,2438.39990234375,2416.0,2425.0,2400.582275390625,920038.0,0.0,0.0
2025-11-18,2415.800048828125,2422.89990234375,2401.89990234375,2404.0,2379.793701171875,1229034.0,0.0,0.0
2025-11-19,2412.0,2450.699951171875,2411.0,2441.60009765625,2417.015380859375,1465143.0,0.0,0.0
2025-11-20,2445.10009765625,2459.0,2425.0,2428.39990234375,2403.947998046875,1396929.0,0.0,0.0
2025-11-21,2436.199951171875,2443.199951171875,2413.0,2433.699951171875,2409.19482421875,1840712.0,0.0,0.0
2025-11-24,2441.89990234375,2444.89990234375,2413.0,2424.199951171875,2399.790283203125,4092327.0,0.0,0.0
2025-11-25,2422.0,2424.199951171875,2406.0,2414.10009765625,2389.792236328125,1240672.0,0.0,0.0
2025-11-26,2412.0,2427.699951171875,2409.0,2425.199951171875,2400.7802734375,1242683.0,0.0,0.0
2025-11-27,2426.10009765625,2459.699951171875,2425.0,2451.699951171875,2427.013427734375,1872248.0,0.0,0.0
2025-11-28,2450.0,2470.0,2447.199951171875,2466.60009765625,2441.763671875,973225.0,0.0,0.0
2025-12-01,2466.60009765625,2488.0,2458.800048828125,2464.5,2439.6845703125,1924828.0,0.0,0.0
2025-12-02,2471.0,2484.39990234375,2460.0,2477.800048828125,2452.850830078125,2179406.0,0.0,0.0
2025-12-03,2478.199951171875,2484.89990234375,2403.10009765625,2448.0,2423.350830078125,3535932.0,0.0,0.0
2025-12-04,2440.0,2483.0,2423.199951171875,2462.199951171875,2437.40771484375,2587753.0,0.0,0.0
2025-12-05,2422.0,2422.0,2286.699951171875,2338.60009765625,2315.052490234375,4008271.0,0.0,0.0
2025-12-08,2350.10009765625,2355.10009765625,2302.0,2314.0,2290.699951171875,1898154.0,0.0,0.0
2025-12-09,2318.0,2330.39990234375,2298.10009765625,2306.5,2283.275634765625,1471488.0,0.0,0.0
2025-12-10,2306.5,2316.89990234375,2295.0,2301.699951171875,2278.52392578125,2857290.0,0.0,0.0
2025-12-11,2296.300048828125,2313.0,2292.0,2305.60009765625,2282.384765625,1108032.0,0.0,0.0
2025-12-12,2306.89990234375,2309.0,2244.699951171875,2260.60009765625,2237.837890625,3203114.0,0.0,0.0
2025-12-15,2260.60009765625,2299.0,2252.0,2293.5,2270.406494140625,1274115.0,0.0,0.0
2025-12-16,2293.39990234375,2302.699951171875,2276.0,2281.10009765625,2258.13134765625,1256042.0,0.0,0.0
2025-12-17,2281.199951171875,2286.199951171875,2268.300048828125,2275.60009765625,2252.686767578125,808100.0,0.0,0.0
2025-12-18,2270.0,2278.300048828125,2255.300048828125,2265.5,2242.6884765625,1057295.0,0.0,0.0
2025-12-19,2263.699951171875,2284.800048828125,2263.699951171875,2280.0,2257.04248046875,1237214.0,0.0,0.0
2025-12-22,2280.0,2295.0,2280.0,2289.5,2266.44677734375,790773.0,0.0,0.0
2025-12-23,2289.300048828125,2310.0,2280.699951171875,2302.60009765625,2279.414794921875,1128801.0,0.0,0.0
2025-12-24,2302.60009765625,2305.0,2278.10009765625,2282.199951171875,2259.22021484375,519380.0,0.0,0.0
2025-12-26,2282.300048828125,2290.0,2275.0,2285.39990234375,2262.387939453125,533626.0,0.0,0.0
2025-12-29,2288.89990234375,2298.699951171875,2280.0,2293.300048828125,2270.20849609375,1086695.0,0.0,0.0
2025-12-30,2293.300048828125,2298.0,2283.0,2290.199951171875,2267.1396484375,1556717.0,0.0,0.0
2025-12-31,2290.0,2325.5,2286.800048828125,2315.89990234375,2292.580810546875,1324220.0,0.0,0.0
2026-01-01,2322.0,2326.0,2300.0,2323.0,2299.609375,758866.0,0.0,0.0
2026-01-02,2326.0,2357.699951171875,2322.0,2348.0,2324.357666015625,973413.0,0.0,0.0
2026-01-05,2341.5,2394.0,2336.39990234375,2384.10009765625,2360.09423828125,1344113.0,0.0,0.0
2026-01-06,2398.800048828125,2428.10009765625,2367.800048828125,2424.699951171875,2400.285400390625,1584720.0,0.0,0.0
2026-01-07,2416.0,2421.89990234375,2382.0,2399.39990234375,2375.239990234375,892690.0,0.0,0.0
2026-01-08,2389.0,2418.10009765625,2368.10009765625,2386.699951171875,2362.66796875,1163828.0,0.0,0.0
2026-01-09,2382.0,2386.0,2361.0,2372.60009765625,2348.7099609375,1189464.0,0.0,0.0
2026-01-12,2362.0,2413.89990234375,2361.0,2406.199951171875,2381.9716796875,1057665.0,0.0,0.0
2026-01-13,2415.10009765625,2422.199951171875,2365.0,2389.5,2365.439697265625,1519683.0,0.0,0.0
2026-01-14,2398.89990234375,2398.89990234375,2341.0,2353.5,2329.80224609375,1027639.0,0.0,0.0
2026-01-16,2370.0,2372.89990234375,2348.89990234375,2360.39990234375,2336.6328125,1367606.0,0.0,0.0
2026-01-19,2353.0,2425.39990234375,2353.0,2413.89990234375,2389.593994140625,1505238.0,0.0,0.0
2026-01-20,2423.0,2439.0,2368.5,2379.10009765625,2355.14453125,1460806.0,0.0,0.0
2026-01-21,2379.10009765625,2400.5,2360.0,2368.0,2344.15625,1020245.0,0.0,0.0
2026-01-22,2368.89990234375,2402.0,2365.699951171875,2390.60009765625,2366.52880859375,1745964.0,0.0,0.0
2026-01-23,2400.0,2434.300048828125,2376.800048828125,2409.5,2385.238525390625,1378097.0,0.0,0.0
2026-01-27,2412.0,2421.60009765625,2380.5,2400.89990234375,2376.724853515625,2060117.0,0.0,0.0
2026-01-28,2403.10009765625,2420.199951171875,2340.60009765625,2378.39990234375,2354.451416015625,1797593.0,0.0,0.0
2026-01-29,2370.5,2374.699951171875,2312.0,2352.60009765625,2328.911376953125,1478536.0,0.0,0.0
2026-01-30,2341.0,2385.0,2340.0,2373.0,2349.10595703125,2090462.0,0.0,0.0
2026-02-02,2356.10009765625,2360.0,2303.0,2357.300048828125,2333.56396484375,1375089.0,0.0,0.0
2026-02-03,2390.0,2399.89990234375,2343.300048828125,2368.60009765625,2344.750244140625,1553270.0,0.0,0.0
2026-02-04,2360.60009765625,2393.5,2356.800048828125,2371.0,2347.1259765625,1232755.0,0.0,0.0
2026-02-05,2362.5,2423.0,2351.60009765625,2354.39990234375,2330.693115234375,1962066.0,0.0,0.0
2026-02-06,2354.39990234375,2429.0,2337.5,2424.199951171875,2399.790283203125,1421995.0,0.0,0.0
2026-02-09,2425.0,2439.0,2402.0,2435.0,2410.481689453125,958484.0,0.0,0.0
2026-02-10,2435.0,2458.10009765625,2430.10009765625,2453.60009765625,2428.89453125,792532.0,0.0,0.0
2026-02-11,2460.0,2470.60009765625,2447.0,2462.89990234375,2438.1005859375,1137856.0,0.0,0.0
2026-02-12,2475.0,2479.60009765625,2350.10009765625,2409.699951171875,2385.436279296875,4656164.0,0.0,0.0
2026-02-13,2400.0,2400.0,2300.300048828125,2305.199951171875,2281.988525390625,2791519.0,0.0,0.0
2026-02-16,2308.10009765625,2327.0,2288.10009765625,2319.0,2295.649658203125,2036833.0,0.0,0.0
2026-02-17,2309.300048828125,2326.0,2303.39990234375,2312.300048828125,2289.01708984375,1233244.0,0.0,0.0
2026-02-18,2312.60009765625,2328.89990234375,2306.0,2323.5,2300.1044921875,830787.0,0.0,0.0
2026-02-19,2336.0,2337.39990234375,2275.60009765625,2279.300048828125,2256.349365234375,940180.0,0.0,0.0
2026-02-20,2285.0,2331.199951171875,2278.300048828125,2314.5,2291.195068359375,1716316.0,0.0,0.0
2026-02-23,2325.0,2350.0,2320.800048828125,2345.39990234375,2321.78369140625,1300035.0,0.0,0.0
2026-02-24,2331.10009765625,2372.0,2330.300048828125,2358.60009765625,2334.85107421875,1544803.0,0.0,0.0
2026-02-25,2368.89990234375,2380.0,2349.0,2374.89990234375,2350.98681640625,1158620.0,0.0,0.0
2026-02-26,2378.0,2387.300048828125,2355.199951171875,2383.300048828125,2359.30224609375,1470677.0,0.0,0.0
2026-02-27,2369.300048828125,2378.89990234375,2330.60009765625,2338.10009765625,2314.557373046875,3053227.0,0.0,0.0
2026-03-02,2303.0,2354.0,2290.199951171875,2320.60009765625,2297.233642578125,2273224.0,0.0,0.0
2026-03-04,2292.89990234375,2311.60009765625,2252.10009765625,2261.300048828125,2238.53076171875,2648737.0,0.0,0.0
2026-03-05,2275.5,2277.800048828125,2228.39990234375,2255.0,2232.294189453125,1751288.0,0.0,0.0
2026-03-06,2245.10009765625,2250.0,2219.5,2225.699951171875,2203.2890625,1674258.0,0.0,0.0
2026-03-09,2199.0,2200.0,2170.39990234375,2194.60009765625,2172.50244140625,1512817.0,0.0,0.0
2026-03-10,2224.0,2224.0,2175.0,2190.199951171875,2168.146484375,1084986.0,0.0,0.0
2026-03-11,2190.199951171875,2195.0,2156.0,2161.39990234375,2139.636474609375,1313256.0,0.0,0.0
2026-03-12,2165.10009765625,2165.10009765625,2109.300048828125,2136.89990234375,2115.383056640625,1791973.0,0.0,0.0
2026-03-13,2136.0,2191.89990234375,2120.300048828125,2160.0,2138.250732421875,2298875.0,0.0,0.0
2026-03-16,2169.60009765625,2186.699951171875,2154.0,2175.699951171875,2153.79248046875,1981511.0,0.0,0.0
2026-03-17,2172.800048828125,2184.800048828125,2145.5,2158.199951171875,2136.46875,1705956.0,0.0,0.0
2026-03-18,2165.0,2175.0,2129.699951171875,2135.300048828125,2113.79931640625,2441148.0,0.0,0.0
2026-03-19,2112.0,2133.60009765625,2070.10009765625,2077.300048828125,2056.383544921875,2098905.0,0.0,0.0
2026-03-20,2099.699951171875,2099.800048828125,2069.0,2082.699951171875,2061.72900390625,2429744.0,0.0,0.0
2026-03-23,2062.300048828125,2097.0,2033.300048828125,2052.199951171875,2031.5361328125,2599535.0,0.0,0.0
2026-03-24,2070.0,2115.0,2066.0,2085.0,2064.005859375,1702418.0,0.0,0.0
2026-03-25,2098.0,2154.699951171875,2086.0,2134.800048828125,2113.304443359375,2069217.0,0.0,0.0
2026-03-27,2123.300048828125,2127.0,2069.5,2074.39990234375,2053.512451171875,2789151.0,0.0,0.0
2026-03-30,2064.0,2082.39990234375,2046.199951171875,2055.199951171875,2034.505859375,2482193.0,0.0,0.0
2026-04-01,2119.89990234375,2119.89990234375,2052.0,2064.699951171875,2043.91015625,2028470.0,0.0,0.0
2026-04-02,2055.0,2069.89990234375,2022.5,2065.300048828125,2044.5042724609373,1431905.0,0.0,0.0
2026-04-06,2065.300048828125,2092.800048828125,2041.9000244140625,2084.800048828125,2063.807861328125,1661298.0,0.0,0.0
2026-04-07,2064.699951171875,2119.5,2050.800048828125,2110.60009765625,2089.34814453125,2709707.0,0.0,0.0
2026-04-08,2130.0,2192.800048828125,2130.0,2145.60009765625,2123.995849609375,3794437.0,0.0,0.0
2026-04-09,2145.5,2162.89990234375,2115.0,2133.199951171875,2111.720458984375,2506245.0,0.0,0.0
2026-04-10,2133.199951171875,2170.0,2121.39990234375,2155.300048828125,2133.59814453125,2144484.0,0.0,0.0
2026-04-13,2131.0,2140.699951171875,2113.5,2127.199951171875,2105.781005859375,1994541.0,0.0,0.0
2026-04-15,2140.89990234375,2168.0,2140.89990234375,2157.60009765625,2135.875,1552971.0,0.0,0.0
2026-04-16,2158.0,2163.699951171875,2129.10009765625,2139.10009765625,2117.561279296875,1845734.0,0.0,0.0
2026-04-17,2142.0,2245.0,2133.0,2240.800048828125,2218.237060546875,4882697.0,0.0,0.0
2026-04-20,2240.800048828125,2253.39990234375,2223.199951171875,2231.5,2209.03076171875,1460822.0,0.0,0.0
2026-04-21,2238.699951171875,2335.699951171875,2227.199951171875,2310.699951171875,2287.43310546875,3217281.0,0.0,0.0
2026-04-22,2310.39990234375,2408.0,2310.39990234375,2368.800048828125,2344.9482421875,5558325.0,0.0,0.0
2026-04-23,2336.0,2400.0,2336.0,2366.39990234375,2342.572265625,2063531.0,0.0,0.0
2026-04-24,2388.60009765625,2388.60009765625,2299.0,2327.300048828125,2303.8662109375,1676706.0,0.0,0.0
2026-04-27,2334.89990234375,2362.800048828125,2325.0,2328.300048828125,2304.856201171875,1099681.0,0.0,0.0
2026-04-28,2321.0,2334.39990234375,2281.10009765625,2289.5,2266.44677734375,1629120.0,0.0,0.0
2026-04-29,2305.0,2349.699951171875,2291.0,2314.39990234375,2291.095947265625,1778765.0,0.0,0.0
2026-04-30,2312.0,2368.800048828125,2211.60009765625,2250.89990234375,2228.2353515625,4434979.0,0.0,0.0
2026-05-04,2268.800048828125,2365.800048828125,2268.800048828125,2309.300048828125,2286.04736328125,2554255.0,0.0,0.0
2026-05-05,2301.5,2335.39990234375,2288.10009765625,2327.39990234375,2303.965087890625,1741424.0,0.0,0.0
2026-05-06,2330.0,2339.39990234375,2288.300048828125,2317.10009765625,2293.768798828125,1196175.0,0.0,0.0
2026-05-07,2310.0,2327.89990234375,2268.10009765625,2272.199951171875,2249.32080078125,1859012.0,0.0,0.0
2026-05-08,2272.199951171875,2297.300048828125,2256.0,2287.699951171875,2264.664794921875,1104526.0,0.0,0.0
2026-05-11,2277.10009765625,2317.10009765625,2259.199951171875,2307.199951171875,2283.968505859375,1903862.0,0.0,0.0
2026-05-12,2285.300048828125,2307.0,2256.0,2262.0,2239.2236328125,983506.0,0.0,0.0
2026-05-13,2265.0,2295.800048828125,2250.0,2267.300048828125,2244.47021484375,1308559.0,0.0,0.0
2026-05-14,2268.0,2285.89990234375,2245.0,2248.699951171875,2226.057373046875,1380764.0,0.0,0.0
2026-05-15,2248.699951171875,2298.89990234375,2246.199951171875,2272.199951171875,2249.32080078125,1038522.0,0.0,0.0
2026-05-18,2263.10009765625,2265.0,2224.699951171875,2254.199951171875,2231.502197265625,1118204.0,0.0,0.0
2026-05-19,2242.0,2282.0,2229.5,2232.89990234375,2210.41650390625,1145022.0,0.0,0.0
2026-05-20,2224.89990234375,2226.89990234375,2201.0,2209.300048828125,2187.05419921875,1071994.0,0.0,0.0
2026-05-21,2224.0,2229.0,2176.0,2179.0,2157.059326171875,1581812.0,0.0,0.0
2026-05-22,2180.0,2224.5,2175.39990234375,2203.60009765625,2181.411865234375,1382889.0,0.0,0.0
2026-05-25,2215.0,2238.10009765625,2192.89990234375,2196.5,2174.383056640625,780722.0,0.0,0.0
2026-05-26,2199.60009765625,2220.0,2190.0,2209.39990234375,2187.153076171875,2302703.0,0.0,0.0
2026-05-27,2205.10009765625,2214.60009765625,2187.0,2198.39990234375,2176.263916015625,616538.0,0.0,0.0
2026-05-29,2133.5,2207.800048828125,2118.10009765625,2153.5,2131.816162109375,17701621.0,0.0,0.0
2026-06-01,2158.5,2167.5,2080.300048828125,2084.300048828125,2063.31298828125,1470488.0,0.0,0.0
2026-06-02,2079.0,2097.0,2065.699951171875,2093.699951171875,2072.6181640625,2148903.0,0.0,0.0
2026-06-03,2092.0,2099.60009765625,2072.199951171875,2090.60009765625,2069.549560546875,1544973.0,0.0,0.0
2026-06-04,2089.0,2110.89990234375,2073.5,2079.39990234375,2058.462158203125,2142735.0,0.0,0.0
2026-06-05,2086.699951171875,2127.5,2077.199951171875,2121.5,2100.138427734375,1822999.0,0.0,0.0
2026-06-08,2105.300048828125,2125.0,2091.5,2110.10009765625,2088.853271484375,1601497.0,0.0,0.0
2026-06-09,2119.699951171875,2138.60009765625,2110.10009765625,2132.800048828125,2111.32470703125,1460636.0,0.0,0.0
2026-06-10,2134.89990234375,2204.89990234375,2133.5,2169.5,2147.655029296875,2325534.0,0.0,0.0
2026-06-11,2164.0,2165.0,2135.300048828125,2139.800048828125,2118.254150390625,1178896.0,0.0,0.0
2026-06-12,2151.199951171875,2179.39990234375,2145.0,2168.800048828125,2146.962158203125,1156153.0,0.0,0.0
2026-06-15,2200.0,2211.0,2150.0,2156.10009765625,2134.39013671875,1439449.0,0.0,0.0
2026-06-16,2161.0,2209.0,2160.10009765625,2199.89990234375,2177.748779296875,1337309.0,0.0,0.0
2026-06-17,2201.10009765625,2224.60009765625,2183.0,2197.60009765625,2175.47216796875,1511401.0,0.0,0.0
2026-06-18,2208.699951171875,2221.60009765625,2196.800048828125,2218.5,2196.16162109375,1120482.0,0.0,0.0
2026-06-19,2209.60009765625,2210.60009765625,2179.89990234375,2194.60009765625,2172.50244140625,1508994.0,0.0,0.0
2026-06-22,2203.699951171875,2208.199951171875,2182.5,2184.89990234375,2162.89990234375,765860.0,0.0,0.0
2026-06-23,2160.10009765625,2179.699951171875,2156.0,2160.10009765625,2160.10009765625,710082.0,22.0,0.0
2026-06-24,2160.0,2166.0,2140.0,2157.800048828125,2157.800048828125,942271.0,0.0,0.0
2026-06-25,2161.0,2200.89990234375,2161.0,2174.199951171875,2174.199951171875,1898262.0,0.0,0.0
2026-06-29,2172.0,2189.89990234375,2143.0,2151.300048828125,2151.300048828125,1423514.0,0.0,0.0
2026-06-30,2151.0,2151.300048828125,2114.199951171875,2118.199951171875,2118.199951171875,2364422.0,0.0,0.0
2026-07-01,2133.5,2190.0,2120.199951171875,2182.0,2182.0,2497576.0,0.0,0.0
2026-07-02,2186.0,2216.0,2179.199951171875,2210.60009765625,2210.60009765625,2585362.0,0.0,0.0
2026-07-03,2224.89990234375,2239.300048828125,2190.0,2201.199951171875,2201.199951171875,1536616.0,0.0,0.0
2026-07-06,2202.10009765625,2221.39990234375,2190.300048828125,2202.0,2202.0,2131061.0,0.0,0.0
2026-07-07,2200.0,2219.39990234375,2193.699951171875,2208.800048828125,2208.800048828125,2552492.0,0.0,0.0
2026-07-08,2199.0,2199.0,2130.0,2135.800048828125,2135.800048828125,1326689.0,0.0,0.0
2026-07-09,2139.0,2166.800048828125,2137.10009765625,2144.5,2144.5,2201039.0,0.0,0.0
2026-07-10,2151.5,2178.0,2145.0,2150.60009765625,2150.60009765625,1665179.0,0.0,0.0
2026-07-13,2143.0,2143.0,2120.0,2130.60009765625,2130.60009765625,1833988.0,0.0,0.0
2026-07-14,2125.0,2145.0,2116.10009765625,2120.199951171875,2120.199951171875,2681897.0,0.0,0.0
2026-07-15,2121.0,2128.5,2091.0,2102.60009765625,2102.60009765625,2029614.0,0.0,0.0
2026-07-16,2104.89990234375,2123.0,2096.0,2098.39990234375,2098.39990234375,2143092.0,0.0,0.0
2026-07-17,2100.0,2154.5,2092.10009765625,2143.800048828125,2143.800048828125,1059832.0,0.0,0.0
2026-07-20,2153.800048828125,2153.800048828125,2128.39990234375,2139.699951171875,2139.699951171875,689849.0,0.0,0.0
2026-07-21,2139.699951171875,2147.699951171875,2127.5,2142.5,2142.5,1032417.0,0.0,0.0
2026-07-22,2139.699951171875,2159.89990234375,2130.0,2154.60009765625,2154.60009765625,819175.0,0.0,0.0
2026-07-23,2150.0,2166.0,2139.89990234375,2161.800048828125,2161.800048828125,833281.0,0.0,0.0
2026-07-24,2148.0,2163.0,2139.0,2145.0,2145.0,1603494.0,0.0,0.0
2026-07-27,2155.0,2181.300048828125,2152.39990234375,2174.60009765625,2174.60009765625,698681.0,0.0,0.0
2026-07-28,2174.60009765625,2213.0,2016.0,2022.699951171875,2022.699951171875,9947304.0,0.0,0.0
2026-07-29,2050.5,2123.0,2047.0,2117.800048828125,2117.800048828125,5183374.0,0.0,0.0
2026-07-30,2120.0,2132.60009765625,2088.0,2107.89990234375,2107.89990234375,2602039.0,0.0,0.0
2026-07-31,2119.60009765625,2119.60009765625,2091.10009765625,2101.300048828125,2101.300048828125,1759019.0,0.0,0.0
2026-08-03,2107.0,2138.0,2105.300048828125,2138.0,2138.0,740649.0,0.0,0.0
2026-08-04,2119.10009765625,2119.10009765625,2070.199951171875,2096.5,2096.5,1657094.0,0.0,0.0
2026-08-05,2085.300048828125,2097.800048828125,2074.199951171875,2085.300048828125,2085.300048828125,1150148.0,0.0,0.0
2026-08-06,2081.0,2094.0,2075.199951171875,2079.5,2079.5,1160270.0,0.0,0.0
2026-08-07,2083.10009765625,2099.39990234375,2077.199951171875,2096.0,2096.0,1054665.0,0.0,0.0
2026-08-10,2096.0,2097.0,2076.0,2087.199951171875,2087.199951171875,1118008.0,0.0,0.0
2026-08-11,2086.0,2086.5,2063.800048828125,2064.89990234375,2064.89990234375,956661.0,0.0,0.0
2026-08-12,2065.0,2072.10009765625,2050.10009765625,2063.0,2063.0,995523.0,0.0,0.0
2026-08-13,2063.0,2092.0,2052.89990234375,2092.0,2092.0,1186057.0,0.0,0.0
2026-08-14,2089.0,2090.89990234375,2066.39990234375,2077.0,2077.0,1148419.0,0.0,0.0
2026-08-17,2070.89990234375,2076.0,2055.0,2055.0,2055.0,1024288.0,0.0,0.0
2026-08-18,2055.0,2060.0,2034.9000244140625,2035.0,2035.0,1234596.0,0.0,0.0
2026-08-19,2035.0,2041.699951171875,2008.300048828125,2020.699951171875,2020.699951171875,1449442.0,0.0,0.0
2026-08-20,2022.9000244140625,2043.5999755859373,2018.199951171875,2028.0,2028.0,1401471.0,0.0,0.0
2026-08-21,2028.0,2034.699951171875,2012.0,2015.0,2015.0,857550.0,0.0,0.0
2026-08-24,2019.9000244140625,2030.0,2006.199951171875,2030.0,2030.0,891171.0,0.0,0.0
2026-08-25,2024.0,2029.199951171875,2012.0,2024.199951171875,2024.199951171875,1019583.0,0.0,0.0
2026-08-26,2030.300048828125,2051.89990234375,2021.0,2021.0,2021.0,765343.0,0.0,0.0
2026-08-27,2020.0,2028.0,2004.300048828125,2009.0,2009.0,989046.0,0.0,0.0
2026-08-28,2018.0,2018.0,1997.5,2010.4000244140625,2010.4000244140625,933212.0,0.0,0.0
2026-08-31,2001.0999755859373,2008.5999755859373,1967.4000244140625,1967.4000244140625,1967.4000244140625,1800025.0,0.0,0.0
2026-09-01,1987.0,2003.0,1980.0,1994.800048828125,1994.800048828125,922778.0,0.0,0.0
2026-09-02,1983.0,1983.800048828125,1962.300048828125,1975.0,1975.0,1497019.0,0.0,0.0
2026-09-03,1978.9000244140625,1978.9000244140625,1959.9000244140625,1962.0,1962.0,1638341.0,0.0,0.0
2026-09-04,1967.0,1984.199951171875,1950.4000244140625,1973.4000244140625,1973.4000244140625,2247162.0,0.0,0.0
2026-09-07,1972.0,1974.2,1958.0,1960.0,,713057.0,,
2026-09-08,1967.0,1990.800048828125,1956.699951171875,1980.0,1980.0,1256067.0,0.0,0.0
2026-09-09,1973.0,1979.5999755859373,1936.0,1945.0,1945.0,1455307.0,0.0,0.0
2026-09-10,1940.0,1950.0,1936.0,1942.300048828125,1942.300048828125,1232506.0,0.0,0.0
