date,open,high,low,close,adj_close,volume,dividends,stock_splits
2021-01-29,817.0999755859375,860.8499755859375,815.6500244140625,846.0999755859375,815.760986328125,19305853,0.0,0.0
2021-02-01,859.0,981.4000244140624,856.0,970.5999755859376,935.7966918945312,38067807,0.0,0.0
2021-02-02,982.4000244140624,999.0,949.2999877929688,975.6500244140624,940.6655883789062,20556081,0.0,0.0
2021-02-03,980.0,1080.800048828125,972.2000122070312,1048.550048828125,1010.95166015625,34995822,0.0,0.0
2021-02-04,1034.9000244140625,1042.0,1016.0,1032.1500244140625,995.1396484375,13666242,0.0,0.0
2021-02-05,1045.0,1085.0,1016.2999877929688,1025.0999755859375,988.3424682617188,19524257,0.0,0.0
2021-02-08,1036.050048828125,1055.0,1028.0,1035.0999755859375,997.98388671875,7162284,0.0,0.0
2021-02-09,1044.0,1051.5999755859375,1020.0,1025.800048828125,989.017333984375,7984133,0.0,0.0
2021-02-10,1035.0,1038.449951171875,1003.5999755859376,1022.7999877929688,986.1248779296876,7815034,0.0,0.0
2021-02-11,1025.0,1036.0,1015.2999877929688,1021.9000244140624,985.2572021484376,5760021,0.0,0.0
2021-02-12,1023.7999877929688,1059.5,1012.0,1027.4000244140625,990.5599975585938,13959383,0.0,0.0
2021-02-15,1044.9000244140625,1063.0,1037.699951171875,1057.5999755859375,1019.6770629882812,9121286,0.0,0.0
2021-02-16,1068.0,1096.5,1041.0999755859375,1058.25,1020.3037719726562,13883441,0.0,0.0
2021-02-17,1080.0,1085.0,1026.199951171875,1033.199951171875,996.1519165039062,13855321,0.0,0.0
2021-02-18,1045.0,1055.4000244140625,1033.4000244140625,1046.050048828125,1008.5411987304688,8911120,0.0,0.0
2021-02-19,1035.0,1074.550048828125,1027.800048828125,1065.9000244140625,1027.679443359375,14557527,0.0,0.0
2021-02-22,1064.949951171875,1067.0999755859375,1018.0,1022.9000244140624,986.2213745117188,9412265,0.0,0.0
2021-02-23,1033.1500244140625,1053.949951171875,1018.0,1048.300048828125,1010.7105712890624,7160332,0.0,0.0
2021-02-24,1047.300048828125,1076.0,1041.25,1070.0,1031.6322021484375,6833820,0.0,0.0
2021-02-25,1080.0,1119.5,1079.0,1109.75,1069.957275390625,12716781,0.0,0.0
2021-02-26,1070.0,1082.9000244140625,1051.25,1062.949951171875,1024.835205078125,12247085,0.0,0.0
2021-03-01,1075.0,1096.5999755859375,1063.1500244140625,1067.949951171875,1029.6558837890625,6358886,0.0,0.0
2021-03-02,1075.0,1086.300048828125,1060.0,1073.3499755859375,1034.862548828125,4917345,0.0,0.0
2021-03-03,1080.0,1104.0,1077.1500244140625,1099.75,1060.3157958984375,5695638,0.0,0.0
2021-03-04,1078.0,1116.0,1072.5999755859375,1091.949951171875,1052.7952880859375,6128220,0.0,0.0
2021-03-05,1084.0,1084.0,1025.449951171875,1039.9000244140625,1002.6117553710938,13926140,0.0,0.0
2021-03-08,1054.0,1055.449951171875,1014.5,1018.25,981.7379760742188,10522267,0.0,0.0
2021-03-09,1025.5999755859375,1035.5999755859375,1005.0,1024.800048828125,988.0531616210938,9915907,0.0,0.0
2021-03-10,1043.1500244140625,1060.0,1033.050048828125,1039.8499755859375,1002.5636596679688,8832614,0.0,0.0
2021-03-12,1052.0,1056.4000244140625,1015.6500244140624,1022.6500244140624,985.9802856445312,5735382,0.0,0.0
2021-03-15,1027.800048828125,1043.5999755859375,988.2000122070312,1038.6500244140625,1001.406494140625,8019663,0.0,0.0
2021-03-16,1045.0,1049.9000244140625,1028.0,1034.699951171875,997.5982055664062,5161126,0.0,0.0
2021-03-17,1032.0,1039.0,1002.5999755859376,1008.9500122070312,972.7716064453124,4712570,0.0,0.0
2021-03-18,1025.0,1030.699951171875,988.0,1002.7999877929688,966.8419799804688,5797610,0.0,0.0
2021-03-19,990.0,1018.7999877929688,981.0999755859376,1011.9000244140624,975.6157836914062,6838935,0.0,0.0
2021-03-22,1006.0,1011.8499755859376,961.0499877929688,968.1500244140624,933.4345703125,12692489,0.0,0.0
2021-03-23,977.0,994.4000244140624,970.0,990.0499877929688,954.5491943359376,7530882,0.0,0.0
2021-03-24,980.0499877929688,985.0,955.0,958.7000122070312,924.3233642578124,5028085,0.0,0.0
2021-03-25,958.7000122070312,970.0,928.8499755859376,957.7999877929688,923.4556274414062,7614686,0.0,0.0
2021-03-26,973.7999877929688,976.5,950.0,952.75,918.5867919921876,4891178,0.0,0.0
2021-03-30,966.0,978.4000244140624,955.0,961.0499877929688,926.589111328125,5831461,0.0,0.0
2021-03-31,961.0499877929688,969.0,950.0,954.4500122070312,920.225830078125,4453746,0.0,0.0
2021-04-01,964.0,997.0,959.0999755859376,993.2999877929688,957.6826171875,7932671,0.0,0.0
2021-04-05,985.0,988.9500122070312,918.5499877929688,937.3499755859376,903.7388916015624,11223431,0.0,0.0
2021-04-06,947.7999877929688,954.2000122070312,921.5,927.25,894.0010986328125,6925347,0.0,0.0
2021-04-07,931.0,952.4500122070312,921.1500244140624,945.5499877929688,911.6448364257812,5714921,0.0,0.0
2021-04-08,949.0,957.9500122070312,932.0,934.9000244140624,901.3767700195312,3946239,0.0,0.0
2021-04-09,935.0,939.7000122070312,917.4500122070312,923.6500244140624,890.5301513671875,4980026,0.0,0.0
2021-04-12,884.0,890.0,841.0,844.4000244140625,814.1219482421875,10674765,0.0,0.0
2021-04-13,850.0,881.0,844.5,877.4000244140625,845.9385986328125,6778840,0.0,0.0
2021-04-15,867.5,883.7999877929688,841.25,858.3499755859375,827.5717163085938,6862663,0.0,0.0
2021-04-16,864.0999755859375,869.9500122070312,853.0499877929688,862.9500122070312,832.0067749023438,5338683,0.0,0.0
2021-04-19,829.9500122070312,836.5499877929688,811.0,832.0,802.1665649414062,8550122,0.0,0.0
2021-04-20,845.0,864.7999877929688,840.0499877929688,845.0,814.7003173828125,8240669,0.0,0.0
2021-04-22,831.0,839.9500122070312,815.0,835.7000122070312,805.7338256835938,9717099,0.0,0.0
2021-04-23,830.0,859.9500122070312,822.7999877929688,850.0,819.5210571289062,7695324,0.0,0.0
2021-04-26,857.0,870.9500122070312,851.4500122070312,859.5499877929688,828.7286376953125,4894557,0.0,0.0
2021-04-27,859.5499877929688,886.0,859.0,882.4500122070312,850.8074951171875,5202133,0.0,0.0
2021-04-28,890.0,931.0,888.0,926.9000244140624,893.6636352539062,9935828,0.0,0.0
2021-04-29,936.8499755859376,958.8499755859376,917.0999755859376,939.4500122070312,905.763671875,12187280,0.0,0.0
2021-04-30,928.0,948.5,915.0999755859376,934.9500122070312,901.4249877929688,7301455,0.0,0.0
2021-05-03,929.0,967.7000122070312,899.0,913.5999755859376,880.8405151367188,16854199,0.0,0.0
2021-05-04,930.0,934.5,906.0,910.1500244140624,877.5142211914062,7499852,0.0,0.0
2021-05-05,923.0,934.75,909.2999877929688,931.1500244140624,897.7612915039062,5975741,0.0,0.0
2021-05-06,937.4500122070312,938.6500244140624,920.0,924.9500122070312,891.7835693359375,3705397,0.0,0.0
2021-05-07,932.5499877929688,951.7999877929688,925.0,926.2000122070312,892.9887084960938,5419712,0.0,0.0
2021-05-10,939.0,949.9500122070312,931.1500244140624,945.4000244140624,911.5003051757812,5087341,0.0,0.0
2021-05-11,923.9500122070312,957.0,922.9000244140624,948.8499755859376,914.8265380859376,5732298,0.0,0.0
2021-05-12,942.0,950.5499877929688,914.0,916.6500244140624,883.7813110351562,5074561,0.0,0.0
2021-05-14,923.0,923.0,888.0999755859375,890.8499755859375,858.9063110351562,6169600,0.0,0.0
2021-05-17,897.0999755859375,959.9000244140624,897.0999755859375,956.4500122070312,922.1541137695312,10987165,0.0,0.0
2021-05-18,967.0,986.9500122070312,967.0,974.5499877929688,939.6050415039062,8715366,0.0,0.0
2021-05-19,965.0,978.5999755859376,961.2000122070312,967.0,932.3257446289062,4787294,0.0,0.0
2021-05-20,963.0,987.9000244140624,963.0,975.5,940.5209350585938,5835440,0.0,0.0
2021-05-21,985.0,1020.0,981.7999877929688,1016.0,979.5687255859376,12591860,0.0,0.0
2021-05-24,1018.9000244140624,1022.75,997.0499877929688,1004.75,968.7221069335938,5385688,0.0,0.0
2021-05-25,1012.0,1012.75,982.4000244140624,993.9000244140624,958.2611694335938,4583345,0.0,0.0
2021-05-26,998.8499755859376,1007.9500122070312,987.0,998.4500122070312,962.6480102539062,2972854,0.0,0.0
2021-05-27,995.2999877929688,1013.2999877929688,987.0,1006.8499755859376,970.746826171875,4427518,0.0,0.0
2021-05-28,1014.5,1025.5,1003.0,1019.3499755859376,982.798583984375,5388785,0.0,0.0
2021-05-31,1015.0,1020.4000244140624,1004.0,1013.0,976.6763305664062,2643491,0.0,0.0
2021-06-01,1016.0,1031.3499755859375,1006.0,1010.0499877929688,973.8320922851562,3766919,0.0,0.0
2021-06-02,1008.9000244140624,1030.0,1003.5,1028.0,991.138427734375,4177378,0.0,0.0
2021-06-03,1031.0,1037.25,964.0499877929688,1005.75,969.6863403320312,14752885,0.0,0.0
2021-06-04,1012.2000122070312,1023.4000244140624,1004.0,1009.2999877929688,973.1090698242188,4323154,0.0,0.0
2021-06-07,1018.0,1032.6500244140625,1009.5,1025.199951171875,988.4388427734376,3823401,0.0,0.0
2021-06-08,1025.0,1028.0,1005.5999755859376,1020.1500244140624,983.5699462890624,3141410,0.0,0.0
2021-06-09,1019.0,1035.699951171875,997.25,1003.5499877929688,967.565185546875,4767864,0.0,0.0
2021-06-10,1012.0,1028.5999755859375,1006.0,1024.3499755859375,987.6192626953124,2984339,0.0,0.0
2021-06-11,1028.0,1032.0,1012.0999755859376,1015.0999755859376,978.7009887695312,2679470,0.0,0.0
2021-06-14,1012.0,1028.0,993.75,1024.300048828125,987.5712280273438,3982216,0.0,0.0
2021-06-15,1025.0,1050.0,1025.0,1034.449951171875,997.3571166992188,6026006,0.0,0.0
2021-06-16,1030.0,1038.699951171875,1010.3499755859376,1013.7000122070312,977.3511962890624,3325800,0.0,0.0
2021-06-17,1002.0,1021.7999877929688,968.0,984.0499877929688,948.764404296875,6126591,0.0,0.0
2021-06-18,993.9000244140624,999.7999877929688,960.0,995.4000244140624,959.7074584960938,4895262,0.0,0.0
2021-06-21,977.0,1010.0,968.0499877929688,1007.5499877929688,971.4216918945312,3160990,0.0,0.0
2021-06-22,1015.9000244140624,1021.7000122070312,996.0499877929688,1000.0999755859376,964.2388305664062,4141759,0.0,0.0
2021-06-23,1009.0,1017.7999877929688,996.5,999.5499877929688,963.7085571289062,3975716,0.0,0.0
2021-06-24,1004.0,1008.0,996.2000122070312,1000.6500244140624,964.7691650390624,2285845,0.0,0.0
2021-06-25,997.0,1020.0,986.6500244140624,1012.9000244140624,976.579833984375,3499315,0.0,0.0
2021-06-28,1019.0,1021.5999755859376,1001.0,1008.9000244140624,972.723388671875,2819763,0.0,0.0
2021-06-29,1009.0,1022.0,1000.0,1018.1500244140624,981.6416625976562,4543628,0.0,0.0
2021-06-30,1021.5,1027.550048828125,1012.1500244140624,1016.3499755859376,979.9061279296876,2628556,0.0,0.0
2021-07-01,1011.0,1016.9500122070312,1000.0,1007.7000122070312,971.56640625,3070067,0.0,0.0
2021-07-02,1008.0,1014.1500244140624,1005.1500244140624,1009.6500244140624,973.4464111328124,1501210,0.0,0.0
2021-07-05,1012.0,1026.5,1012.0,1020.5499877929688,983.95556640625,1993126,0.0,0.0
2021-07-06,1018.7000122070312,1035.0,1015.0,1031.050048828125,994.0791625976562,3019919,0.0,0.0
2021-07-07,1024.550048828125,1047.0,1013.0,1044.9000244140625,1007.4324951171876,3781022,0.0,0.0
2021-07-08,1042.8499755859375,1061.0,1036.199951171875,1045.449951171875,1007.9627075195312,4139752,0.0,0.0
2021-07-09,1040.0,1048.5999755859375,1026.199951171875,1039.949951171875,1002.659912109375,3625932,0.0,0.0
2021-07-12,1045.4000244140625,1057.6500244140625,1041.050048828125,1049.300048828125,1011.6746826171876,2010018,0.0,0.0
2021-07-13,1055.0,1059.949951171875,1044.0,1055.9000244140625,1018.0380249023438,2096758,0.0,0.0
2021-07-14,1050.0,1060.5,1048.5,1052.5999755859375,1014.856201171875,1566799,0.0,0.0
2021-07-15,1054.0,1067.4000244140625,1050.0,1055.0999755859375,1017.2667236328124,2748272,0.0,0.0
2021-07-16,1054.0,1058.949951171875,1042.0,1044.300048828125,1006.8540649414062,1218164,0.0,0.0
2021-07-19,1024.0,1034.699951171875,1005.5499877929688,1015.8499755859376,979.424072265625,2644846,0.0,0.0
2021-07-20,1017.0,1019.0,980.0,981.5499877929688,946.35400390625,3752725,0.0,0.0
2021-07-22,999.9000244140624,1005.75,988.0,992.1500244140624,956.573974609375,2181872,0.0,0.0
2021-07-23,996.0,1000.0,977.0,989.2999877929688,953.8261108398438,3449852,0.0,0.0
2021-07-26,989.2999877929688,996.6500244140624,978.2999877929688,981.2999877929688,946.1129760742188,2335433,0.0,0.0
2021-07-27,989.0,994.0,963.0499877929688,975.7999877929688,940.8101806640624,3311920,0.0,0.0
2021-07-28,992.0,1009.7999877929688,979.0,992.75,957.1524047851562,8820340,0.0,0.0
2021-07-29,997.9500122070312,1003.4500122070312,987.0,992.0499877929688,956.4775390625,3459503,0.0,0.0
2021-07-30,989.0,1000.0,980.0,981.0,945.8237915039062,3115750,0.0,0.0
2021-08-02,991.7999877929688,997.1500244140624,985.4500122070312,988.0,952.57275390625,2149603,0.0,0.0
2021-08-03,987.0,1025.0,986.6500244140624,1022.0499877929688,985.40185546875,4450926,0.0,0.0
2021-08-04,1029.0,1048.0,1016.9000244140624,1020.5499877929688,983.95556640625,5055711,0.0,0.0
2021-08-05,1011.4500122070312,1012.4500122070312,986.0,997.7000122070312,961.9249877929688,3955681,0.0,0.0
2021-08-06,1005.0,1034.0,998.2000122070312,1029.5,992.5845947265624,7609448,0.0,0.0
2021-08-09,1031.0,1047.0,1028.050048828125,1042.800048828125,1005.4077758789062,4274598,0.0,0.0
2021-08-10,1037.0,1055.0,1031.4000244140625,1033.5999755859375,996.53759765625,3469468,0.0,0.0
2021-08-11,1033.5999755859375,1045.3499755859375,1020.0,1041.199951171875,1003.8651123046876,2155833,0.0,0.0
2021-08-12,1046.449951171875,1047.1500244140625,1027.25,1035.3499755859375,998.2249145507812,2453701,0.0,0.0
2021-08-13,1035.3499755859375,1043.75,1021.5999755859376,1024.1500244140625,987.4264526367188,2348979,0.0,0.0
2021-08-16,1024.949951171875,1029.9000244140625,1016.0999755859376,1019.0,982.4611206054688,1132546,0.0,0.0
2021-08-17,1013.5,1015.0,993.2999877929688,1000.2000122070312,969.0903930664062,3082005,5.0,0.0
2021-08-18,1003.0,1005.7999877929688,987.0,989.6500244140624,958.8685913085938,2344486,0.0,0.0
2021-08-20,985.0,990.9500122070312,970.6500244140624,979.4500122070312,948.9857788085938,3465186,0.0,0.0
2021-08-23,988.0999755859376,998.9000244140624,964.0999755859376,988.5999755859376,957.8511962890624,2914978,0.0,0.0
2021-08-24,990.2000122070312,1009.0,987.0,1005.0499877929688,973.78955078125,2510063,0.0,0.0
2021-08-25,1009.9000244140624,1013.9000244140624,998.2000122070312,1005.5499877929688,974.2739868164062,2105187,0.0,0.0
2021-08-26,1000.0,1012.6500244140624,998.0999755859376,1001.5,970.3499145507812,1971408,0.0,0.0
2021-08-27,997.0,1000.8499755859376,987.0,990.2000122070312,959.4014282226562,2368969,0.0,0.0
2021-08-30,995.2999877929688,1012.0,991.2999877929688,1005.0999755859376,973.8379516601562,2868604,0.0,0.0
2021-08-31,1009.0,1009.7999877929688,990.0,992.4000244140624,961.5330200195312,3138652,0.0,0.0
2021-09-01,994.0,1025.0,993.0,998.75,967.6854858398438,3854558,0.0,0.0
2021-09-02,1002.7000122070312,1012.5,995.2000122070312,1010.0999755859376,978.6824340820312,2136382,0.0,0.0
2021-09-03,1010.0,1028.6500244140625,996.5499877929688,1003.75,972.5299682617188,5363972,0.0,0.0
2021-09-06,1006.0,1008.2999877929688,991.0,991.9500122070312,961.096923828125,3349749,0.0,0.0
2021-09-07,992.0499877929688,1012.0,984.1500244140624,1001.25,970.1077270507812,5483796,0.0,0.0
2021-09-08,1013.2000122070312,1021.7999877929688,992.4000244140624,999.5999755859376,968.509033203125,6385224,0.0,0.0
2021-09-09,1000.0,1006.9000244140624,993.5,999.5,968.4121704101562,3193603,0.0,0.0
2021-09-13,1004.0,1004.0,992.6500244140624,996.2999877929688,965.3117065429688,2386618,0.0,0.0
2021-09-14,999.0,1039.0,997.5999755859376,1036.5999755859375,1004.358154296875,7838383,0.0,0.0
2021-09-15,1036.0,1062.0,1027.5,1053.949951171875,1021.1685791015624,6071710,0.0,0.0
2021-09-16,1071.0,1186.5,1071.0,1130.949951171875,1095.7735595703125,27230283,0.0,0.0
2021-09-17,1137.5,1146.550048828125,1112.3499755859375,1130.0,1094.853271484375,5784278,0.0,0.0
2021-09-20,1115.0,1132.4000244140625,1084.5999755859375,1089.949951171875,1056.048828125,2954179,0.0,0.0
2021-09-21,1091.0,1143.1500244140625,1085.0,1137.550048828125,1102.168212890625,6332732,0.0,0.0
2021-09-22,1145.0,1157.8499755859375,1128.199951171875,1141.4000244140625,1105.8985595703125,5587136,0.0,0.0
2021-09-23,1150.0,1175.0,1147.0,1169.1500244140625,1132.785400390625,4879235,0.0,0.0
2021-09-24,1172.199951171875,1189.3499755859375,1141.25,1163.050048828125,1126.875244140625,4615559,0.0,0.0
2021-09-27,1172.0,1177.949951171875,1144.9000244140625,1150.699951171875,1114.909423828125,3083520,0.0,0.0
2021-09-28,1160.0,1160.0,1119.0,1134.75,1099.455322265625,3684708,0.0,0.0
2021-09-29,1127.0999755859375,1136.9000244140625,1114.0999755859375,1123.199951171875,1088.2646484375,5574048,0.0,0.0
2021-09-30,1125.0,1134.9000244140625,1107.0,1111.9000244140625,1077.316162109375,3180267,0.0,0.0
2021-10-01,1104.0,1112.0,1091.300048828125,1104.050048828125,1069.710205078125,1940798,0.0,0.0
2021-10-04,1107.5,1125.0,1106.0,1119.800048828125,1084.9703369140625,1817348,0.0,0.0
2021-10-05,1116.800048828125,1177.0999755859375,1108.6500244140625,1168.5999755859375,1132.25244140625,5270013,0.0,0.0
2021-10-06,1178.449951171875,1179.1500244140625,1126.699951171875,1131.8499755859375,1096.6456298828125,3329243,0.0,0.0
2021-10-07,1143.0,1186.1500244140625,1140.050048828125,1166.699951171875,1130.41162109375,4002618,0.0,0.0
2021-10-08,1179.4000244140625,1180.0,1158.4000244140625,1174.4000244140625,1137.8721923828125,2344868,0.0,0.0
2021-10-11,1172.6500244140625,1194.449951171875,1170.0,1173.25,1136.758056640625,2535840,0.0,0.0
2021-10-12,1165.0,1196.0,1160.050048828125,1181.9000244140625,1145.138916015625,2354120,0.0,0.0
2021-10-13,1188.0999755859375,1191.949951171875,1175.25,1184.5,1147.657958984375,1235622,0.0,0.0
2021-10-14,1190.0,1215.0,1161.800048828125,1210.0,1172.3648681640625,3315820,0.0,0.0
2021-10-18,1221.0,1229.6500244140625,1196.050048828125,1219.5999755859375,1181.666259765625,4512591,0.0,0.0
2021-10-19,1222.0,1240.0,1185.5999755859375,1194.0,1156.862548828125,3879525,0.0,0.0
2021-10-20,1190.0,1213.9000244140625,1172.449951171875,1201.699951171875,1164.3231201171875,2850772,0.0,0.0
2021-10-21,1205.0,1210.949951171875,1165.199951171875,1184.4000244140625,1147.5611572265625,2408608,0.0,0.0
2021-10-22,1192.050048828125,1204.699951171875,1176.800048828125,1196.4000244140625,1159.18798828125,2618946,0.0,0.0
2021-10-25,1205.949951171875,1211.0,1156.699951171875,1177.75,1141.1180419921875,3612312,0.0,0.0
2021-10-26,1180.0,1193.0,1137.699951171875,1154.9000244140625,1118.978759765625,3413917,0.0,0.0
2021-10-27,1156.0,1163.8499755859375,1122.0,1142.550048828125,1107.012939453125,4329232,0.0,0.0
2021-10-28,1172.0,1242.0,1169.25,1176.0,1139.4222412109375,17223159,0.0,0.0
2021-10-29,1166.949951171875,1182.0,1123.5999755859375,1140.199951171875,1104.7359619140625,5112475,0.0,0.0
2021-11-01,1158.0,1235.0,1146.050048828125,1229.0999755859375,1190.870849609375,10563295,0.0,0.0
2021-11-02,1220.0,1240.0999755859375,1207.0,1212.550048828125,1174.835693359375,3730392,0.0,0.0
2021-11-03,1215.0,1220.0,1174.25,1177.949951171875,1141.3116455078125,2922214,0.0,0.0
2021-11-04,1195.0,1195.0,1185.0,1189.0999755859375,1152.114990234375,278458,0.0,0.0
2021-11-08,1130.0,1130.0,1041.5999755859375,1061.1500244140625,1028.1446533203125,29099645,0.0,0.0
2021-11-09,1081.0,1084.9000244140625,1062.5,1068.25,1035.0238037109375,7752739,0.0,0.0
2021-11-10,1066.800048828125,1066.800048828125,1027.800048828125,1032.199951171875,1000.0950317382812,6796906,0.0,0.0
2021-11-11,1032.199951171875,1038.0,1020.5,1033.300048828125,1001.1609497070312,4527396,0.0,0.0
2021-11-12,1040.0,1043.5,1028.550048828125,1037.050048828125,1004.794189453125,3479296,0.0,0.0
2021-11-15,1042.0,1051.0,1032.550048828125,1041.5,1009.1058349609376,3105993,0.0,0.0
2021-11-16,1042.0,1046.0,1018.25,1020.9000244140624,989.1465454101562,2685826,0.0,0.0
2021-11-17,1017.9000244140624,1042.0,1014.0,1034.0,1001.839111328125,3042496,0.0,0.0
2021-11-18,1031.800048828125,1042.0,1002.2999877929688,1008.4500122070312,977.0838623046876,3244457,0.0,0.0
2021-11-22,1024.0,1025.9000244140625,988.5499877929688,1006.9000244140624,975.58203125,6198324,0.0,0.0
2021-11-23,995.0,1010.0,974.0,981.3499755859376,950.8267211914062,8136685,0.0,0.0
2021-11-24,989.0,993.6500244140624,966.0,970.4000244140624,940.21728515625,6646771,0.0,0.0
2021-11-25,968.0,970.0,951.3499755859376,959.2999877929688,929.4625244140624,5711537,0.0,0.0
2021-11-26,951.0,956.9500122070312,898.0,901.7999877929688,873.7509765625,6746021,0.0,0.0
2021-11-29,926.9000244140624,938.0,888.8499755859375,895.4500122070312,867.5984497070312,11905868,0.0,0.0
2021-11-30,902.0,927.5,875.7000122070312,883.0,855.5357055664062,6964145,0.0,0.0
2021-12-01,891.0,938.75,890.1500244140625,933.6500244140624,904.6103515625,14626216,0.0,0.0
2021-12-02,935.0,950.0,925.6500244140624,945.5499877929688,916.1401977539062,5703967,0.0,0.0
2021-12-03,944.9500122070312,957.8499755859376,938.5,951.1500244140624,921.5661010742188,4928235,0.0,0.0
2021-12-06,952.0,952.0,914.0,915.6500244140624,887.1702270507812,4617346,0.0,0.0
2021-12-07,922.9000244140624,936.5,920.7999877929688,926.6500244140624,897.828125,3434735,0.0,0.0
2021-12-08,936.0,949.0,932.5,945.2999877929688,915.89794921875,3774244,0.0,0.0
2021-12-09,947.0,950.5,938.2000122070312,946.4000244140624,916.9638061523438,3111606,0.0,0.0
2021-12-10,960.0,968.0,938.0,944.75,915.3651123046876,6605152,0.0,0.0
2021-12-13,954.2999877929688,955.5999755859376,934.2000122070312,938.5499877929688,909.35791015625,2681792,0.0,0.0
2021-12-14,932.0,949.1500244140624,924.2000122070312,946.0499877929688,916.6246337890624,2725729,0.0,0.0
2021-12-15,944.9500122070312,950.8499755859376,937.0,938.5499877929688,909.35791015625,2266938,0.0,0.0
2021-12-16,945.0,949.3499755859376,921.1500244140624,928.2999877929688,899.4267578125,2457432,0.0,0.0
2021-12-17,926.0,929.0,880.25,883.0,855.5357055664062,4786306,0.0,0.0
2021-12-20,874.0,874.0,830.7999877929688,846.0999755859375,819.783447265625,4700733,0.0,0.0
2021-12-21,855.0499877929688,867.9500122070312,848.3499755859375,857.2000122070312,830.5382080078125,3568436,0.0,0.0
2021-12-22,861.4500122070312,885.0,861.0,871.75,844.6356201171875,3619713,0.0,0.0
2021-12-23,879.9000244140625,884.0,869.0,871.0999755859375,844.0057373046875,2642247,0.0,0.0
2021-12-24,878.0,878.7999877929688,846.7999877929688,861.1500244140625,834.3653564453125,3462247,0.0,0.0
2021-12-27,843.0,861.7999877929688,811.5,855.25,828.6488647460938,12325932,0.0,0.0
2021-12-28,864.0,865.75,845.0999755859375,852.6500244140625,826.1296997070312,4660498,0.0,0.0
2021-12-29,854.0499877929688,874.9000244140625,854.0,870.0,842.9400634765625,6067054,0.0,0.0
2021-12-30,864.0,893.4500122070312,860.0,885.4000244140625,857.861083984375,12354342,0.0,0.0
2021-12-31,881.5,892.9000244140625,878.4000244140625,888.1500244140625,860.525634765625,3606043,0.0,0.0
2022-01-03,888.2000122070312,915.5,876.7000122070312,912.2999877929688,883.9243774414062,5594214,0.0,0.0
2022-01-04,915.0,917.9500122070312,896.0999755859375,904.4000244140624,876.2701416015625,4102750,0.0,0.0
2022-01-05,905.0,911.9000244140624,892.25,903.9500122070312,875.8341674804688,5448165,0.0,0.0
2022-01-06,895.25,924.0,885.0499877929688,921.7000122070312,893.031982421875,5209239,0.0,0.0
2022-01-07,926.5,938.4500122070312,916.0999755859376,922.25,893.5648803710938,4207773,0.0,0.0
2022-01-10,926.9000244140624,929.8499755859376,918.0,920.8499755859376,892.2084350585938,2569322,0.0,0.0
2022-01-11,927.0,935.0499877929688,914.0,917.9500122070312,889.3987426757812,3383081,0.0,0.0
2022-01-12,928.0,946.5999755859376,920.0999755859376,941.5499877929688,912.2646484375,5506622,0.0,0.0
2022-01-13,948.0,950.0,926.0,927.0999755859376,898.2640380859375,2109207,0.0,0.0
2022-01-14,919.0999755859376,926.6500244140624,913.25,920.0499877929688,891.433349609375,2557488,0.0,0.0
2022-01-17,919.0,931.9000244140624,912.25,920.5,891.8693237304688,3048497,0.0,0.0
2022-01-18,920.5,927.3499755859376,895.3499755859375,899.6500244140625,871.6678466796875,3088062,0.0,0.0
2022-01-19,897.0,903.7999877929688,884.1500244140625,893.25,865.4669189453125,3628266,0.0,0.0
2022-01-20,895.0,898.4500122070312,872.0,877.2000122070312,849.9161376953125,3565267,0.0,0.0
2022-01-21,869.9000244140625,872.9500122070312,845.0999755859375,854.0999755859375,827.5346069335938,4042974,0.0,0.0
2022-01-24,859.0,869.2999877929688,831.5499877929688,851.25,824.7732543945312,4657809,0.0,0.0
2022-01-25,842.3499755859375,886.9000244140625,842.0,884.25,856.746826171875,5165597,0.0,0.0
2022-01-27,874.2000122070312,893.5999755859375,861.0999755859375,888.0999755859375,860.47705078125,4323258,0.0,0.0
2022-01-28,897.0,925.75,895.0,903.5499877929688,875.446533203125,5520247,0.0,0.0
2022-01-31,927.4500122070312,927.4500122070312,866.6500244140625,872.0999755859375,844.9746704101562,10148990,0.0,0.0
2022-02-01,879.0,927.0,879.0,922.2999877929688,893.6133422851562,11628936,0.0,0.0
2022-02-02,930.0999755859376,981.7999877929688,930.0999755859376,975.3499755859376,945.0132446289062,14380553,0.0,0.0
2022-02-03,967.3499755859376,979.7000122070312,954.4500122070312,958.3499755859376,928.5420532226562,5623611,0.0,0.0
2022-02-04,958.0,974.9500122070312,945.0,956.0499877929688,926.3135986328124,5000045,0.0,0.0
2022-02-07,952.0499877929688,959.4000244140624,928.1500244140624,933.0499877929688,904.0289916992188,2587054,0.0,0.0
2022-02-08,938.0,940.75,913.0,937.7000122070312,908.5343627929688,3160992,0.0,0.0
2022-02-09,942.2999877929688,971.4000244140624,940.4000244140624,967.1500244140624,937.068359375,4101202,0.0,0.0
2022-02-10,966.0,977.75,960.25,972.3499755859376,942.1066284179688,4037566,0.0,0.0
2022-02-11,955.0,990.0,954.5499877929688,982.4000244140624,951.8440551757812,7171664,0.0,0.0
2022-02-14,959.2000122070312,964.7999877929688,937.2000122070312,941.5999755859376,912.3130493164062,3652419,0.0,0.0
2022-02-15,943.0,972.0,923.25,969.7000122070312,939.5390625,3985559,0.0,0.0
2022-02-16,966.0999755859376,987.5499877929688,961.9500122070312,968.4000244140624,938.2794799804688,3683264,0.0,0.0
2022-02-17,980.0,980.0,951.0999755859376,955.7999877929688,926.0713500976562,3152042,0.0,0.0
2022-02-18,950.0,966.0,948.5999755859376,955.3499755859376,925.6353149414062,2417043,0.0,0.0
2022-02-21,952.0,972.0,949.0,952.4500122070312,922.8255615234376,3535914,0.0,0.0
2022-02-22,925.0,949.8499755859376,923.0,939.0999755859376,909.8906860351562,2866135,0.0,0.0
2022-02-23,944.0,960.7999877929688,943.1500244140624,950.7000122070312,921.1300048828124,3507003,0.0,0.0
2022-02-24,919.5,934.2999877929688,868.8499755859375,875.6500244140625,848.414306640625,7305449,0.0,0.0
2022-02-25,898.7000122070312,929.7999877929688,895.0,927.0499877929688,898.215576171875,4821342,0.0,0.0
2022-02-28,916.0,924.7999877929688,903.0,920.7000122070312,892.0631713867188,3299912,0.0,0.0
2022-03-02,907.0,912.6500244140624,887.5499877929688,906.3499755859376,878.159423828125,4507940,0.0,0.0
2022-03-03,918.0,926.0,906.5,912.25,883.8759155273438,3731807,0.0,0.0
2022-03-04,896.0,922.9000244140624,891.0,901.9000244140624,873.8478393554688,3623960,0.0,0.0
2022-03-07,878.0,896.9500122070312,825.5,834.4000244140625,808.4473266601562,6323502,0.0,0.0
2022-03-08,831.0999755859375,847.7999877929688,816.0,840.7000122070312,814.5513916015625,6163433,0.0,0.0
2022-03-09,863.0,880.0,838.25,875.3499755859375,848.1235961914062,6967640,0.0,0.0
2022-03-10,909.7999877929688,928.0,890.7000122070312,904.2999877929688,876.173095703125,6312569,0.0,0.0
2022-03-11,900.0,915.5,892.9500122070312,901.75,873.7025146484375,3451877,0.0,0.0
2022-03-14,899.0,914.0,892.2999877929688,907.5999755859376,879.37060546875,3718477,0.0,0.0
2022-03-15,916.9000244140624,922.0,887.25,896.6500244140625,868.76123046875,4390735,0.0,0.0
2022-03-16,912.0,936.0,911.5499877929688,928.6500244140624,899.7658081054688,5705364,0.0,0.0
2022-03-17,943.9500122070312,949.5,929.5499877929688,932.4500122070312,903.4476928710938,4492246,0.0,0.0
2022-03-21,938.0,938.0,911.0,913.4000244140624,884.990234375,2363059,0.0,0.0
2022-03-22,916.0,932.0,903.5999755859376,927.7000122070312,898.8453979492188,2764481,0.0,0.0
2022-03-23,933.0,944.4500122070312,928.0999755859376,931.3499755859376,902.3817749023438,2433056,0.0,0.0
2022-03-24,922.0,937.9500122070312,915.2000122070312,924.7999877929688,896.0355834960938,2923793,0.0,0.0
2022-03-25,930.0,933.2999877929688,916.0499877929688,926.25,897.4404907226562,1984601,0.0,0.0
2022-03-28,923.0499877929688,942.9000244140624,920.25,935.1500244140624,906.063720703125,2654339,0.0,0.0
2022-03-29,939.9500122070312,944.5,921.4000244140624,929.1500244140624,900.2503051757812,3351562,0.0,0.0
2022-03-30,939.3499755859376,945.0,922.9500122070312,926.2999877929688,897.4888916015625,4849869,0.0,0.0
2022-03-31,930.0,938.4500122070312,924.0,935.4000244140624,906.3058471679688,2311242,0.0,0.0
2022-04-01,929.4500122070312,970.9500122070312,929.1500244140624,968.5999755859376,938.4732666015624,5222165,0.0,0.0
2022-04-04,975.0,994.7999877929688,958.0499877929688,987.2000122070312,956.4948120117188,5033678,0.0,0.0
2022-04-05,994.0,994.0,968.0,973.25,942.9786376953124,3827808,0.0,0.0
2022-04-06,967.0,978.75,961.0,968.2999877929688,938.1825561523438,2406015,0.0,0.0
2022-04-07,960.5,986.9000244140624,960.0,972.5999755859376,942.3488159179688,3182285,0.0,0.0
2022-04-08,971.0,990.0,968.25,985.5999755859376,954.9445190429688,2659878,0.0,0.0
2022-04-11,983.5999755859376,998.9000244140624,976.7999877929688,980.4500122070312,949.9547119140624,2413145,0.0,0.0
2022-04-12,977.0,987.6500244140624,966.0,985.0999755859376,954.4600830078124,1963842,0.0,0.0
2022-04-13,992.0,996.25,982.0,983.4000244140624,952.8128662109376,2060127,0.0,0.0
2022-04-18,972.0,983.0,966.0999755859376,977.4500122070312,947.0479736328124,1575552,0.0,0.0
2022-04-19,979.9000244140624,988.9500122070312,951.0,963.7999877929688,933.822509765625,1747142,0.0,0.0
2022-04-20,965.5499877929688,982.75,952.5,972.5499877929688,942.3003540039062,2421543,0.0,0.0
2022-04-21,976.0999755859376,992.7000122070312,976.0999755859376,989.25,958.48095703125,1957820,0.0,0.0
2022-04-22,980.0,988.0,957.0999755859376,959.8499755859376,929.9954223632812,1942893,0.0,0.0
2022-04-25,945.0,958.4500122070312,931.0,946.5499877929688,917.1090698242188,2096910,0.0,0.0
2022-04-26,962.0,983.3499755859376,958.0999755859376,980.4500122070312,949.9547119140624,2673266,0.0,0.0
2022-04-27,970.0999755859376,979.7999877929688,967.1500244140624,974.5,944.1898193359376,1476543,0.0,0.0
2022-04-28,978.0,992.4500122070312,972.0,988.3499755859376,957.6089477539062,2003774,0.0,0.0
2022-04-29,990.0,1009.5,975.2000122070312,978.5499877929688,948.11376953125,3476442,0.0,0.0
2022-05-02,972.0,1026.0,966.4500122070312,1018.0999755859376,986.43359375,8962019,0.0,0.0
2022-05-04,1025.5,1029.0,971.0,978.2999877929688,947.8715209960938,4565643,0.0,0.0
2022-05-05,995.0,995.0,932.0,936.7999877929688,907.662353515625,4679266,0.0,0.0
2022-05-06,919.0,934.2999877929688,902.5,915.4000244140624,886.9279174804688,3713381,0.0,0.0
2022-05-09,912.7999877929688,912.7999877929688,881.0,889.7000122070312,862.0272827148438,3283626,0.0,0.0
2022-05-10,888.0,920.0,888.0,910.75,882.422607421875,3972560,0.0,0.0
2022-05-11,910.9000244140624,928.0,891.2999877929688,923.3499755859376,894.6306762695312,4209334,0.0,0.0
2022-05-12,916.0,916.5,856.0,869.9000244140625,842.8432006835938,4776857,0.0,0.0
2022-05-13,886.0,894.1500244140625,868.75,872.3499755859375,845.2169799804688,2932319,0.0,0.0
2022-05-16,876.7000122070312,898.7999877929688,865.5499877929688,885.9000244140625,858.3455810546875,1971123,0.0,0.0
2022-05-17,890.0,905.0,888.0999755859375,903.8499755859376,875.7371826171875,2038983,0.0,0.0
2022-05-18,907.0,917.9500122070312,899.0499877929688,903.1500244140624,875.0589599609375,2665522,0.0,0.0
2022-05-19,888.0,890.8499755859375,860.0999755859375,866.25,839.306640625,2656251,0.0,0.0
2022-05-20,888.0,900.0,881.2000122070312,896.5,868.6157836914062,2286465,0.0,0.0
2022-05-23,900.0,922.0,898.9500122070312,902.4000244140624,874.332275390625,2577890,0.0,0.0
2022-05-24,905.4000244140624,917.0,895.2999877929688,897.9500122070312,870.0206909179688,2149695,0.0,0.0
2022-05-25,907.7999877929688,923.5,889.5499877929688,893.3499755859375,865.563720703125,3664893,0.0,0.0
2022-05-26,902.5999755859376,906.7999877929688,877.4500122070312,897.5999755859375,869.6815795898438,3909078,0.0,0.0
2022-05-27,908.3499755859376,927.0,905.2000122070312,925.4000244140624,896.616943359375,2509528,0.0,0.0
2022-05-30,936.0,946.4500122070312,932.0999755859376,936.2000122070312,907.0810546875,2036338,0.0,0.0
2022-05-31,926.0,939.9500122070312,926.0,930.8499755859376,901.8973999023438,1249259,0.0,0.0
2022-06-01,930.8499755859376,938.3499755859376,918.7000122070312,928.3499755859376,899.4751586914062,1144864,0.0,0.0
2022-06-02,921.0,945.0,921.0,942.9500122070312,913.6210327148438,1735855,0.0,0.0
2022-06-03,950.0,953.7999877929688,922.0,924.2999877929688,895.5511474609375,1398174,0.0,0.0
2022-06-06,920.0,933.9500122070312,918.5,928.75,899.8627319335938,1417254,0.0,0.0
2022-06-07,924.25,929.9500122070312,916.5,923.7000122070312,894.9697875976562,929573,0.0,0.0
2022-06-08,929.0,938.0,906.5499877929688,913.7000122070312,885.2808227539062,1905868,0.0,0.0
2022-06-09,908.0,923.5,906.3499755859376,920.2999877929688,891.6755981445312,1031195,0.0,0.0
2022-06-10,912.5,925.0,903.25,913.2000122070312,884.79638671875,882217,0.0,0.0
2022-06-13,895.0,900.3499755859375,860.0999755859375,865.4500122070312,838.5315551757812,3353078,0.0,0.0
2022-06-14,864.0,869.9500122070312,840.2999877929688,844.2000122070312,817.9425048828125,3770890,0.0,0.0
2022-06-15,852.0,857.0,828.0,843.2999877929688,817.070556640625,3911673,0.0,0.0
2022-06-16,854.0,859.4000244140625,805.1500244140625,809.5999755859375,784.4186401367188,3141825,0.0,0.0
2022-06-17,810.0,821.8499755859375,796.75,806.9000244140625,781.802734375,2624540,0.0,0.0
2022-06-20,814.5999755859375,814.5999755859375,769.5,784.0499877929688,759.6634521484375,3103978,0.0,0.0
2022-06-21,796.0499877929688,809.4000244140625,783.4500122070312,798.8499755859375,774.0029907226562,3425596,0.0,0.0
2022-06-22,799.6500244140625,801.8499755859375,767.7000122070312,777.6500244140625,753.4624633789062,3066728,0.0,0.0
2022-06-23,781.0,794.2999877929688,763.2000122070312,784.9500122070312,760.535400390625,3888446,0.0,0.0
2022-06-24,793.9500122070312,815.8499755859375,792.5,806.5,781.4151000976562,4706175,0.0,0.0
2022-06-27,819.2000122070312,829.7000122070312,817.6500244140625,823.5,797.8863525390625,2569316,0.0,0.0
2022-06-28,819.0,823.5,812.0,816.5999755859375,791.2009887695312,1280737,0.0,0.0
2022-06-29,805.0,817.3499755859375,788.2000122070312,808.7999877929688,783.6435546875,3774208,0.0,0.0
2022-06-30,811.7999877929688,816.7000122070312,790.25,794.3499755859375,769.6429443359375,2686640,0.0,0.0
2022-07-01,793.0,810.0,783.0,807.2000122070312,782.0933837890625,2796110,0.0,0.0
2022-07-04,812.7999877929688,840.0,811.2000122070312,832.0,806.1220092773438,4711395,0.0,0.0
2022-07-05,833.0,839.0,821.0499877929688,824.0499877929688,798.419189453125,1836183,0.0,0.0
2022-07-06,829.7999877929688,840.0,825.0499877929688,836.5499877929688,810.5304565429688,1660551,0.0,0.0
2022-07-07,841.0,863.4000244140625,840.25,861.0,834.219970703125,3868679,0.0,0.0
2022-07-08,867.0,867.5,846.2000122070312,848.5999755859375,822.2056274414062,1342616,0.0,0.0
2022-07-11,845.0,860.0,843.0499877929688,858.3499755859375,831.6524047851562,1503503,0.0,0.0
2022-07-12,850.0,861.1500244140625,845.0,847.0499877929688,820.7039184570312,1221366,0.0,0.0
2022-07-13,856.1500244140625,856.1500244140625,789.5,819.0499877929688,793.57470703125,10850036,0.0,0.0
2022-07-14,823.0999755859375,829.7999877929688,813.7000122070312,820.9000244140625,795.3672485351562,2463571,0.0,0.0
2022-07-15,824.1500244140625,829.0,811.2000122070312,815.0499877929688,789.6990966796875,1365475,0.0,0.0
2022-07-18,826.0,853.2000122070312,823.2000122070312,851.0499877929688,824.5794677734375,2536142,0.0,0.0
2022-07-19,841.0,871.7999877929688,840.0,868.0999755859375,841.09912109375,2608372,0.0,0.0
2022-07-20,886.0,897.4500122070312,872.7999877929688,879.2999877929688,851.9508056640625,3995680,0.0,0.0
2022-07-21,903.0,962.0,892.5999755859375,948.0999755859376,918.6107788085938,23581540,0.0,0.0
2022-07-22,950.0499877929688,956.0,938.6500244140624,942.4500122070312,913.1366577148438,4842122,0.0,0.0
2022-07-25,940.0,966.5,939.5499877929688,962.0499877929688,932.126953125,6043152,0.0,0.0
2022-07-26,959.0,969.9000244140624,951.8499755859376,961.5999755859376,931.6909790039062,2983144,0.0,0.0
2022-07-27,960.7000122070312,983.75,955.25,979.7999877929688,949.3248901367188,3405140,0.0,0.0
2022-07-28,994.4500122070312,1020.0,989.0999755859376,1017.7000122070312,986.0460815429688,7001490,0.0,0.0
2022-07-29,1022.2000122070312,1049.949951171875,1018.75,1043.5,1011.043701171875,5862550,0.0,0.0
2022-08-01,1040.0,1047.9000244140625,1024.550048828125,1040.1500244140625,1007.7979125976562,4299697,0.0,0.0
2022-08-02,1033.0,1071.9000244140625,1032.050048828125,1067.25,1034.054931640625,5074834,0.0,0.0
2022-08-03,1063.550048828125,1070.0,1051.550048828125,1058.300048828125,1025.38330078125,2753893,0.0,0.0
2022-08-04,1061.0999755859375,1072.8499755859375,1043.800048828125,1050.199951171875,1017.5350952148438,2142720,0.0,0.0
2022-08-05,1055.5,1057.75,1033.550048828125,1036.300048828125,1004.0675659179688,2382020,0.0,0.0
2022-08-08,1036.300048828125,1057.699951171875,1033.699951171875,1050.199951171875,1017.5350952148438,2057991,0.0,0.0
2022-08-10,1045.4000244140625,1067.5,1043.050048828125,1063.0999755859375,1030.0340576171875,2727232,0.0,0.0
2022-08-11,1070.6500244140625,1086.0,1069.0,1079.199951171875,1054.0609130859375,3998702,8.5,0.0
2022-08-12,1077.1500244140625,1088.050048828125,1075.550048828125,1080.449951171875,1055.2818603515625,2463516,0.0,0.0
2022-08-16,1085.0,1096.9000244140625,1075.0999755859375,1084.449951171875,1059.1885986328125,3083931,0.0,0.0
2022-08-17,1083.0,1095.0,1082.0,1088.5999755859375,1063.2420654296875,1768441,0.0,0.0
2022-08-18,1082.5,1107.449951171875,1081.550048828125,1105.0999755859375,1079.357666015625,2407824,0.0,0.0
2022-08-19,1104.949951171875,1104.949951171875,1060.0,1063.300048828125,1038.5313720703125,3660413,0.0,0.0
2022-08-22,1055.0,1067.300048828125,1045.5,1057.199951171875,1032.5733642578125,2662510,0.0,0.0
2022-08-23,1035.0,1078.9000244140625,1034.0999755859375,1071.050048828125,1046.100830078125,3030759,0.0,0.0
2022-08-24,1077.0,1105.0,1077.0,1101.9000244140625,1076.232177734375,3685015,0.0,0.0
2022-08-25,1109.0,1119.75,1082.699951171875,1089.949951171875,1064.560546875,3775014,0.0,0.0
2022-08-26,1098.0,1101.699951171875,1064.6500244140625,1069.75,1044.8311767578125,3662548,0.0,0.0
2022-08-29,1050.0,1062.9000244140625,1041.0,1059.199951171875,1034.5267333984375,1642550,0.0,0.0
2022-08-30,1071.800048828125,1109.800048828125,1070.0,1107.449951171875,1081.65283203125,3200407,0.0,0.0
2022-09-01,1097.6500244140625,1121.0,1095.0,1111.4000244140625,1085.5108642578125,3487969,0.0,0.0
2022-09-02,1116.949951171875,1119.5,1095.0,1100.75,1075.1090087890625,2428618,0.0,0.0
2022-09-05,1099.5,1112.449951171875,1096.550048828125,1108.0,1082.1900634765625,2419887,0.0,0.0
2022-09-06,1115.0,1118.75,1097.5999755859375,1108.800048828125,1082.971435546875,2516672,0.0,0.0
2022-09-07,1095.0,1100.0,1086.0,1089.949951171875,1064.560546875,3165749,0.0,0.0
2022-09-08,1103.0,1115.0,1097.4000244140625,1108.300048828125,1082.4832763671875,2995969,0.0,0.0
2022-09-09,1119.0,1149.550048828125,1116.550048828125,1137.1500244140625,1110.6611328125,4751837,0.0,0.0
2022-09-12,1144.300048828125,1145.0,1128.0,1136.8499755859375,1110.3680419921875,1918731,0.0,0.0
2022-09-13,1145.0,1165.550048828125,1136.800048828125,1163.800048828125,1136.6903076171875,3571187,0.0,0.0
2022-09-14,1148.5999755859375,1225.0,1142.300048828125,1215.75,1187.43017578125,9043198,0.0,0.0
2022-09-15,1219.0,1220.0,1185.050048828125,1195.8499755859375,1167.99365234375,4063705,0.0,0.0
2022-09-16,1195.8499755859375,1251.050048828125,1185.0,1227.3499755859375,1198.760009765625,16270762,0.0,0.0
2022-09-19,1226.0,1256.0,1218.0,1225.75,1197.197265625,6074889,0.0,0.0
2022-09-20,1241.25,1275.800048828125,1240.0,1264.0999755859375,1234.65380859375,5704241,0.0,0.0
2022-09-21,1260.0,1265.0,1221.800048828125,1224.25,1195.7320556640625,6121456,0.0,0.0
2022-09-22,1219.0,1238.5,1205.0,1216.550048828125,1188.2115478515625,5463724,0.0,0.0
2022-09-23,1210.0,1213.949951171875,1176.050048828125,1183.3499755859375,1155.7847900390625,4197496,0.0,0.0
2022-09-26,1170.0,1180.0,1135.699951171875,1149.5999755859375,1122.8209228515625,5082576,0.0,0.0
2022-09-27,1166.449951171875,1178.0,1140.5999755859375,1165.0999755859375,1137.9598388671875,4493527,0.0,0.0
2022-09-28,1155.199951171875,1160.0,1133.0,1140.9000244140625,1114.32373046875,4898528,0.0,0.0
2022-09-29,1160.0,1174.800048828125,1137.300048828125,1142.25,1115.642333984375,4998273,0.0,0.0
2022-09-30,1141.0,1192.300048828125,1128.800048828125,1185.199951171875,1157.591796875,4392250,0.0,0.0
2022-10-03,1178.0,1185.9000244140625,1153.050048828125,1156.25,1129.3160400390625,3397982,0.0,0.0
2022-10-04,1184.9000244140625,1222.0,1176.1500244140625,1219.25,1190.8486328125,4446589,0.0,0.0
2022-10-06,1225.0,1234.949951171875,1197.300048828125,1200.9000244140625,1172.926025390625,2773277,0.0,0.0
2022-10-07,1201.0,1217.8499755859375,1182.5,1213.4000244140625,1185.1348876953125,3338767,0.0,0.0
2022-10-10,1193.0999755859375,1216.9000244140625,1183.25,1210.300048828125,1182.1070556640625,2547644,0.0,0.0
2022-10-11,1215.0,1215.949951171875,1162.0,1164.5999755859375,1137.4716796875,21664338,0.0,0.0
2022-10-12,1175.050048828125,1192.0999755859375,1156.0999755859375,1189.050048828125,1161.35205078125,3412460,0.0,0.0
2022-10-13,1189.050048828125,1196.75,1167.0,1184.25,1156.663818359375,1982808,0.0,0.0
2022-10-14,1201.25,1216.3499755859375,1179.199951171875,1181.5999755859375,1154.07568359375,2918993,0.0,0.0
2022-10-17,1178.0,1203.800048828125,1164.0,1199.6500244140625,1171.7052001953125,3419791,0.0,0.0
2022-10-18,1207.0,1228.6500244140625,1203.0999755859375,1223.25,1194.75537109375,3451130,0.0,0.0
2022-10-19,1227.9000244140625,1231.699951171875,1210.0,1218.4000244140625,1190.0184326171875,3896969,0.0,0.0
2022-10-20,1214.0,1214.0,1150.0999755859375,1159.949951171875,1132.929931640625,11242103,0.0,0.0
2022-10-21,1166.0,1169.0,1139.0999755859375,1142.25,1115.642333984375,5309754,0.0,0.0
2022-10-24,1160.0,1160.0,1143.0,1145.8499755859375,1119.158447265625,674170,0.0,0.0
2022-10-25,1145.8499755859375,1153.050048828125,1121.800048828125,1137.449951171875,1110.9539794921875,3514202,0.0,0.0
2022-10-27,1150.0,1153.5999755859375,1135.199951171875,1142.5,1115.8863525390625,2590606,0.0,0.0
2022-10-28,1145.0,1161.0,1137.5,1147.0,1120.281494140625,2778938,0.0,0.0
2022-10-31,1155.0,1159.5999755859375,1138.949951171875,1142.6500244140625,1116.0328369140625,2048520,0.0,0.0
2022-11-01,1146.5,1159.9000244140625,1145.0,1151.1500244140625,1124.3348388671875,2664189,0.0,0.0
2022-11-02,1146.0,1157.699951171875,1135.0,1138.199951171875,1111.6866455078125,1947283,0.0,0.0
2022-11-03,1133.449951171875,1150.949951171875,1125.25,1148.0,1121.25830078125,1742221,0.0,0.0
2022-11-04,1153.75,1158.0,1142.0999755859375,1152.699951171875,1125.848876953125,1571565,0.0,0.0
2022-11-07,1158.0,1158.0,1139.25,1144.1500244140625,1117.498046875,2601148,0.0,0.0
2022-11-09,1156.0,1172.9000244140625,1144.0,1149.0,1122.2349853515625,3456108,0.0,0.0
2022-11-10,1143.0,1157.800048828125,1118.0,1127.3499755859375,1101.08935546875,2072769,0.0,0.0
2022-11-11,1140.0,1161.449951171875,1130.5999755859375,1140.0,1113.4447021484375,2198448,0.0,0.0
2022-11-14,1145.699951171875,1160.0,1134.1500244140625,1152.949951171875,1126.093017578125,2007506,0.0,0.0
2022-11-15,1157.8499755859375,1167.75,1147.1500244140625,1152.8499755859375,1125.9952392578125,1802234,0.0,0.0
2022-11-16,1151.0,1158.0,1136.0,1144.0999755859375,1117.4490966796875,2331206,0.0,0.0
2022-11-17,1141.449951171875,1152.75,1137.550048828125,1146.5,1119.793212890625,1721557,0.0,0.0
2022-11-18,1151.3499755859375,1151.3499755859375,1122.0,1128.6500244140625,1102.359130859375,2082130,0.0,0.0
2022-11-21,1119.550048828125,1142.050048828125,1117.0,1139.0,1112.468017578125,2602264,0.0,0.0
2022-11-22,1143.0,1173.25,1138.5,1169.4000244140625,1142.1597900390625,3927395,0.0,0.0
2022-11-23,1176.0,1183.0,1161.0,1174.3499755859375,1146.9945068359375,3265438,0.0,0.0
2022-11-24,1180.0,1186.949951171875,1167.5999755859375,1175.550048828125,1148.16650390625,3496170,0.0,0.0
2022-11-25,1180.0,1193.800048828125,1176.050048828125,1187.0999755859375,1159.447509765625,4715695,0.0,0.0
2022-11-28,1180.0,1205.449951171875,1178.699951171875,1197.8499755859375,1169.947021484375,2846018,0.0,0.0
2022-11-29,1192.0,1199.8499755859375,1178.449951171875,1180.5999755859375,1153.098876953125,1875146,0.0,0.0
2022-11-30,1180.0,1183.699951171875,1163.0,1167.800048828125,1140.5970458984375,2421938,0.0,0.0
2022-12-01,1175.0,1180.949951171875,1162.0999755859375,1173.9000244140625,1146.5550537109375,2693170,0.0,0.0
2022-12-02,1169.6500244140625,1185.75,1167.050048828125,1178.699951171875,1151.2430419921875,2299901,0.0,0.0
2022-12-05,1182.0,1198.0,1179.8499755859375,1195.5,1167.65185546875,3842074,0.0,0.0
2022-12-06,1198.949951171875,1208.0,1179.0,1184.0999755859375,1156.517333984375,3130375,0.0,0.0
2022-12-07,1184.0,1189.0,1161.449951171875,1164.6500244140625,1137.5203857421875,2752097,0.0,0.0
2022-12-08,1165.0,1194.300048828125,1163.050048828125,1190.8499755859375,1163.110107421875,3666432,0.0,0.0
2022-12-09,1195.5,1216.0,1189.25,1202.5,1174.48876953125,6171282,0.0,0.0
2022-12-12,1201.300048828125,1219.9000244140625,1195.25,1206.75,1178.639892578125,2790292,0.0,0.0
2022-12-13,1212.800048828125,1240.949951171875,1209.5,1234.949951171875,1206.182861328125,4161518,0.0,0.0
2022-12-14,1241.75,1257.0,1233.0,1253.1500244140625,1223.958984375,3913725,0.0,0.0
2022-12-15,1252.75,1273.550048828125,1235.0,1239.5999755859375,1210.724609375,3097282,0.0,0.0
2022-12-16,1235.0,1248.800048828125,1208.199951171875,1229.550048828125,1200.90869140625,1944616,0.0,0.0
2022-12-19,1233.949951171875,1241.699951171875,1212.0999755859375,1223.550048828125,1195.04833984375,1382378,0.0,0.0
2022-12-20,1215.0,1234.3499755859375,1209.949951171875,1228.6500244140625,1200.0296630859375,1245359,0.0,0.0
2022-12-21,1236.0,1238.1500244140625,1190.949951171875,1201.800048828125,1173.8050537109375,1495106,0.0,0.0
2022-12-22,1207.8499755859375,1208.800048828125,1170.199951171875,1180.1500244140625,1152.659423828125,2126536,0.0,0.0
2022-12-23,1160.050048828125,1179.699951171875,1143.0,1147.8499755859375,1121.11181640625,2621761,0.0,0.0
2022-12-26,1150.0,1208.0,1141.0,1195.699951171875,1167.8470458984375,2100374,0.0,0.0
2022-12-27,1201.6500244140625,1209.949951171875,1185.0,1202.3499755859375,1174.3421630859375,1462244,0.0,0.0
2022-12-28,1198.0,1227.0,1194.0,1214.1500244140625,1185.867431640625,2834356,0.0,0.0
2022-12-29,1206.0,1234.9000244140625,1201.800048828125,1231.1500244140625,1202.471435546875,3134405,0.0,0.0
2022-12-30,1238.0,1238.0,1211.5,1220.0999755859375,1191.6788330078125,1767556,0.0,0.0
2023-01-02,1220.0999755859375,1231.0999755859375,1211.75,1226.3499755859375,1197.7833251953125,2587946,0.0,0.0
2023-01-03,1226.550048828125,1249.8499755859375,1222.300048828125,1240.949951171875,1212.0430908203125,2195814,0.0,0.0
2023-01-04,1258.0,1273.4000244140625,1206.0999755859375,1223.0999755859375,1194.60888671875,8001367,0.0,0.0
2023-01-05,1229.25,1232.5,1203.800048828125,1215.8499755859375,1187.5277099609375,2364186,0.0,0.0
2023-01-06,1214.0,1217.699951171875,1176.0999755859375,1181.9000244140625,1154.36865234375,3029739,0.0,0.0
2023-01-09,1190.1500244140625,1223.5999755859375,1188.050048828125,1218.6500244140625,1190.2626953125,2836421,0.0,0.0
2023-01-10,1215.0,1231.1500244140625,1205.0,1227.550048828125,1198.955322265625,2442613,0.0,0.0
2023-01-11,1232.4000244140625,1238.199951171875,1207.4000244140625,1213.25,1184.98828125,2675249,0.0,0.0
2023-01-12,1214.0,1224.75,1197.300048828125,1209.1500244140625,1180.98388671875,1862790,0.0,0.0
2023-01-13,1213.0,1237.300048828125,1210.0999755859375,1234.4000244140625,1205.645751953125,2184432,0.0,0.0
2023-01-16,1240.0,1250.0,1232.5999755859375,1239.25,1210.3828125,2398823,0.0,0.0
2023-01-17,1240.0,1240.0,1212.699951171875,1230.3499755859375,1201.68994140625,1803413,0.0,0.0
2023-01-18,1232.0,1238.0,1218.0,1223.0,1194.51123046875,1865108,0.0,0.0
2023-01-19,1215.0,1245.0,1183.25,1200.550048828125,1172.584228515625,9691261,0.0,0.0
2023-01-20,1208.5999755859375,1228.0,1198.5,1202.449951171875,1174.43994140625,4144033,0.0,0.0
2023-01-23,1212.699951171875,1220.1500244140625,1200.5,1204.699951171875,1176.637451171875,1848813,0.0,0.0
2023-01-24,1206.300048828125,1219.800048828125,1198.3499755859375,1212.300048828125,1184.0606689453125,2472106,0.0,0.0
2023-01-25,1210.0,1211.0,1151.3499755859375,1156.1500244140625,1129.218505859375,3420414,0.0,0.0
2023-01-27,1163.050048828125,1168.6500244140625,1106.0,1116.4000244140625,1090.3944091796875,4781085,0.0,0.0
2023-01-30,1110.0,1124.800048828125,1055.0,1089.050048828125,1063.681640625,7991091,0.0,0.0
2023-01-31,1097.050048828125,1098.8499755859375,1068.3499755859375,1082.949951171875,1057.7235107421875,6080048,0.0,0.0
2023-02-01,1094.0,1119.0,990.0,1041.8499755859375,1017.5809326171876,7563064,0.0,0.0
2023-02-02,1034.9000244140625,1081.0,1028.4000244140625,1075.9000244140625,1050.837890625,4494575,0.0,0.0
2023-02-03,1110.0,1131.0,1079.0,1103.550048828125,1077.8438720703125,9207051,0.0,0.0
2023-02-06,1109.0,1135.0,1100.449951171875,1129.1500244140625,1102.847412109375,2865938,0.0,0.0
2023-02-07,1134.0,1148.1500244140625,1122.5,1142.9000244140625,1116.277099609375,3603258,0.0,0.0
2023-02-08,1144.0,1151.25,1136.0,1145.3499755859375,1118.6700439453125,1675932,0.0,0.0
2023-02-09,1150.1500244140625,1168.199951171875,1138.300048828125,1163.800048828125,1136.6903076171875,2284751,0.0,0.0
2023-02-10,1160.0,1167.0,1147.0999755859375,1161.199951171875,1134.1507568359375,2126093,0.0,0.0
2023-02-13,1165.0,1170.0,1148.5999755859375,1157.3499755859375,1130.3905029296875,2112106,0.0,0.0
2023-02-14,1160.699951171875,1162.0,1137.0,1156.8499755859375,1129.902099609375,2433798,0.0,0.0
2023-02-15,1155.0,1160.449951171875,1145.0,1149.5999755859375,1122.8209228515625,2050158,0.0,0.0
2023-02-16,1155.3499755859375,1156.0999755859375,1143.699951171875,1148.3499755859375,1121.60009765625,1918858,0.0,0.0
2023-02-17,1142.0,1143.9000244140625,1109.0,1114.699951171875,1088.7340087890625,3146155,0.0,0.0
2023-02-20,1117.25,1122.800048828125,1103.800048828125,1109.300048828125,1083.4598388671875,1613608,0.0,0.0
2023-02-21,1110.0,1112.1500244140625,1096.0,1101.75,1076.0855712890625,1767689,0.0,0.0
2023-02-22,1096.75,1096.949951171875,1079.199951171875,1092.75,1067.2952880859375,1983022,0.0,0.0
2023-02-23,1092.699951171875,1097.550048828125,1066.6500244140625,1075.5999755859375,1050.5447998046875,3193602,0.0,0.0
2023-02-24,1080.050048828125,1089.6500244140625,1069.5999755859375,1079.1500244140625,1054.01220703125,1862986,0.0,0.0
2023-02-27,1079.949951171875,1089.8499755859375,1067.050048828125,1081.949951171875,1056.746826171875,2047252,0.0,0.0
2023-02-28,1082.5,1089.9000244140625,1068.050048828125,1077.699951171875,1052.595947265625,1360243,0.0,0.0
2023-03-01,1077.050048828125,1106.550048828125,1070.0999755859375,1100.449951171875,1074.8157958984375,4006038,0.0,0.0
2023-03-02,1099.949951171875,1110.5,1093.4000244140625,1102.050048828125,1076.378662109375,3831094,0.0,0.0
2023-03-03,1109.0,1133.199951171875,1104.75,1126.4000244140625,1100.1614990234375,3365349,0.0,0.0
2023-03-06,1132.0,1140.0,1116.6500244140625,1120.5999755859375,1094.4964599609375,3623590,0.0,0.0
2023-03-08,1109.6500244140625,1179.0,1105.550048828125,1174.25,1146.8968505859375,7227479,0.0,0.0
2023-03-09,1174.25,1182.6500244140625,1162.300048828125,1169.800048828125,1142.5506591796875,3086720,0.0,0.0
2023-03-10,1155.0999755859375,1162.25,1138.0,1144.800048828125,1118.1328125,3255900,0.0,0.0
2023-03-13,1119.0,1119.5,1055.0,1060.0999755859375,1035.40576171875,12242080,0.0,0.0
2023-03-14,1060.0999755859375,1082.4000244140625,1052.199951171875,1064.0,1039.215087890625,5410127,0.0,0.0
2023-03-15,1079.800048828125,1086.550048828125,1040.0,1044.3499755859375,1020.022705078125,4117107,0.0,0.0
2023-03-16,1040.0,1041.949951171875,1001.9000244140624,1017.7999877929688,994.0911865234376,9261210,0.0,0.0
2023-03-17,1038.0,1038.5999755859375,1006.25,1020.5,996.728271484375,5324960,0.0,0.0
2023-03-20,1020.0,1020.0,990.2000122070312,1002.2999877929688,978.9522705078124,5439347,0.0,0.0
2023-03-21,1007.3499755859376,1029.949951171875,996.0,1022.8499755859376,999.0235595703124,6200518,0.0,0.0
2023-03-22,1028.0,1044.0,1024.1500244140625,1031.1500244140625,1007.1302490234376,2992139,0.0,0.0
2023-03-23,1028.1500244140625,1046.199951171875,1014.25,1018.25,994.5307006835938,3703523,0.0,0.0
2023-03-24,1019.0,1024.949951171875,1004.6500244140624,1009.5499877929688,986.0333862304688,2709449,0.0,0.0
2023-03-27,1014.0,1020.9500122070312,1004.0,1012.8499755859376,989.2564697265624,2116764,0.0,0.0
2023-03-28,1017.7000122070312,1038.4000244140625,1007.2000122070312,1036.1500244140625,1012.0137329101562,4396283,0.0,0.0
2023-03-29,1031.0,1063.949951171875,1025.0,1057.0999755859375,1032.4757080078125,5803091,0.0,0.0
2023-03-31,1063.0,1076.0,1060.4000244140625,1067.949951171875,1043.072998046875,3097113,0.0,0.0
2023-04-03,1073.0,1081.1500244140625,1064.0,1078.75,1053.6214599609375,1534155,0.0,0.0
2023-04-05,1089.0,1089.199951171875,1060.0999755859375,1067.199951171875,1042.34033203125,2979782,0.0,0.0
2023-04-06,1067.199951171875,1093.449951171875,1064.25,1082.0,1056.7957763671875,3458673,0.0,0.0
2023-04-10,1082.0,1083.0,1063.0,1069.300048828125,1044.3917236328125,1602094,0.0,0.0
2023-04-11,1077.4000244140625,1078.0999755859375,1055.050048828125,1074.199951171875,1049.1773681640625,1932390,0.0,0.0
2023-04-12,1073.5,1077.0999755859375,1057.550048828125,1074.75,1049.714599609375,3005913,0.0,0.0
2023-04-13,1073.0,1114.5,1007.9500122070312,1109.300048828125,1083.4598388671875,6082307,0.0,0.0
2023-04-17,1107.4000244140625,1136.699951171875,1105.0,1124.3499755859375,1098.1591796875,5360050,0.0,0.0
2023-04-18,1130.0,1149.5,1127.050048828125,1146.9000244140625,1120.1839599609375,4455007,0.0,0.0
2023-04-19,1143.0,1145.9000244140625,1118.550048828125,1120.4000244140625,1094.30126953125,2207739,0.0,0.0
2023-04-20,1118.949951171875,1131.550048828125,1112.4000244140625,1126.199951171875,1099.966064453125,2530597,0.0,0.0
2023-04-21,1126.199951171875,1135.75,1108.3499755859375,1116.3499755859375,1090.3455810546875,1894300,0.0,0.0
2023-04-24,1130.75,1141.0,1092.0,1102.0,1076.329833984375,7711772,0.0,0.0
2023-04-25,1119.949951171875,1127.5999755859375,1113.0999755859375,1121.75,1095.6197509765625,5268567,0.0,0.0
2023-04-26,1117.75,1139.800048828125,1115.1500244140625,1137.800048828125,1111.2958984375,2688362,0.0,0.0
2023-04-27,1140.0,1148.449951171875,1130.0,1144.75,1118.083984375,2990958,0.0,0.0
2023-04-28,1148.75,1157.550048828125,1135.0,1152.800048828125,1125.946533203125,2239678,0.0,0.0
2023-05-02,1158.949951171875,1161.8499755859375,1150.0,1150.9000244140625,1124.0908203125,2000569,0.0,0.0
2023-05-03,1142.5,1159.9000244140625,1140.300048828125,1146.1500244140625,1119.4515380859375,1816420,0.0,0.0
2023-05-04,1146.1500244140625,1151.0,1129.0,1134.5999755859375,1108.1705322265625,2752160,0.0,0.0
2023-05-05,1131.0,1154.949951171875,1065.3499755859375,1073.300048828125,1048.2984619140625,8504838,0.0,0.0
2023-05-08,1087.0,1134.6500244140625,1087.0,1126.3499755859375,1100.112548828125,6764292,0.0,0.0
2023-05-09,1135.0,1149.9000244140625,1131.0999755859375,1140.5999755859375,1114.0306396484375,4181498,0.0,0.0
2023-05-10,1155.0,1175.800048828125,1150.0,1172.550048828125,1145.236572265625,6466598,0.0,0.0
2023-05-11,1175.0,1200.0,1169.25,1187.449951171875,1159.789306640625,6086958,0.0,0.0
2023-05-12,1192.5,1214.0,1176.050048828125,1208.6500244140625,1180.49560546875,3983609,0.0,0.0
2023-05-15,1208.5999755859375,1222.6500244140625,1196.0,1219.550048828125,1191.1417236328125,3323300,0.0,0.0
2023-05-16,1219.550048828125,1226.0999755859375,1208.6500244140625,1220.300048828125,1191.8741455078125,2888698,0.0,0.0
2023-05-17,1217.050048828125,1248.0,1214.0,1236.1500244140625,1207.3548583984375,4661849,0.0,0.0
2023-05-18,1248.0,1248.0,1230.699951171875,1238.9000244140625,1210.0408935546875,2489971,0.0,0.0
2023-05-19,1243.0,1251.0,1221.5999755859375,1248.0,1218.9288330078125,2366675,0.0,0.0
2023-05-22,1247.0,1251.0,1232.5,1246.1500244140625,1217.1219482421875,2106351,0.0,0.0
2023-05-23,1246.0,1266.9000244140625,1245.0,1260.199951171875,1230.8447265625,2142459,0.0,0.0
2023-05-24,1255.0,1275.9000244140625,1247.6500244140625,1271.75,1242.125732421875,2782379,0.0,0.0
2023-05-25,1268.949951171875,1271.9000244140625,1249.699951171875,1263.4000244140625,1233.97021484375,2589092,0.0,0.0
2023-05-26,1256.449951171875,1272.449951171875,1255.9000244140625,1268.050048828125,1238.5118408203125,1981580,0.0,0.0
2023-05-29,1272.199951171875,1295.0,1272.0,1284.949951171875,1255.01806640625,2985334,0.0,0.0
2023-05-30,1284.949951171875,1296.1500244140625,1276.4000244140625,1293.25,1263.1248779296875,1818000,0.0,0.0
2023-05-31,1289.0,1297.4000244140625,1277.25,1286.5999755859375,1256.6297607421875,2764078,0.0,0.0
2023-06-01,1280.0,1298.0,1251.5,1290.1500244140625,1260.0970458984375,3244947,0.0,0.0
2023-06-02,1282.4000244140625,1292.949951171875,1271.0,1288.199951171875,1271.995361328125,1912458,14.0,0.0
2023-06-05,1295.0,1306.449951171875,1282.6500244140625,1301.800048828125,1285.4244384765625,3040374,0.0,0.0
2023-06-06,1302.0,1315.9000244140625,1300.0,1306.0,1289.571533203125,2902701,0.0,0.0
2023-06-07,1309.949951171875,1312.75,1303.199951171875,1311.199951171875,1294.7060546875,2679118,0.0,0.0
2023-06-08,1316.449951171875,1323.9000244140625,1300.0,1303.8499755859375,1287.4486083984375,3215312,0.0,0.0
2023-06-09,1299.0,1336.4000244140625,1298.4000244140625,1331.050048828125,1314.306396484375,4233651,0.0,0.0
2023-06-12,1336.949951171875,1336.949951171875,1318.5999755859375,1332.449951171875,1315.6888427734375,1904622,0.0,0.0
2023-06-13,1336.0,1342.9000244140625,1332.3499755859375,1336.25,1319.4410400390625,3756073,0.0,0.0
2023-06-14,1335.050048828125,1336.25,1318.199951171875,1323.25,1306.6046142578125,2858453,0.0,0.0
2023-06-15,1315.0,1319.949951171875,1288.5,1297.0999755859375,1280.783447265625,5952095,0.0,0.0
2023-06-16,1297.0999755859375,1318.5999755859375,1294.550048828125,1314.0,1297.4708251953125,3508045,0.0,0.0
2023-06-19,1310.0,1317.25,1290.5999755859375,1301.4000244140625,1285.0294189453125,2679485,0.0,0.0
2023-06-20,1295.0,1315.4000244140625,1285.199951171875,1298.4000244140625,1282.067138671875,2102065,0.0,0.0
2023-06-21,1297.75,1307.5,1284.4000244140625,1286.5999755859375,1270.41552734375,1490552,0.0,0.0
2023-06-22,1286.5999755859375,1289.050048828125,1269.050048828125,1272.699951171875,1256.6903076171875,3185099,0.0,0.0
2023-06-23,1272.699951171875,1318.0,1262.0,1308.699951171875,1292.237548828125,4636121,0.0,0.0
2023-06-26,1314.800048828125,1326.5999755859375,1305.9000244140625,1315.050048828125,1298.5076904296875,2236596,0.0,0.0
2023-06-27,1318.75,1320.949951171875,1297.3499755859375,1315.949951171875,1299.3963623046875,2638788,0.0,0.0
2023-06-28,1325.0,1346.949951171875,1316.25,1334.050048828125,1317.268798828125,5550351,0.0,0.0
2023-06-30,1341.9000244140625,1382.25,1337.050048828125,1374.6500244140625,1357.3580322265625,4590286,0.0,0.0
2023-07-03,1379.949951171875,1387.0,1367.5999755859375,1380.3499755859375,1362.9862060546875,2890340,0.0,0.0
2023-07-04,1389.0,1394.0,1363.300048828125,1367.3499755859375,1350.1497802734375,2262047,0.0,0.0
2023-07-05,1371.3499755859375,1413.0999755859375,1371.3499755859375,1399.550048828125,1381.94482421875,5288351,0.0,0.0
2023-07-06,1395.25,1396.699951171875,1373.4000244140625,1390.199951171875,1372.71240234375,3337234,0.0,0.0
2023-07-07,1384.550048828125,1393.949951171875,1353.0,1357.0999755859375,1340.0286865234375,2922616,0.0,0.0
2023-07-10,1361.25,1372.4000244140625,1345.1500244140625,1367.0,1349.80419921875,1941110,0.0,0.0
2023-07-11,1372.0,1383.6500244140625,1370.0,1380.949951171875,1363.57861328125,2110648,0.0,0.0
2023-07-12,1371.949951171875,1384.800048828125,1351.0,1371.449951171875,1354.1981201171875,4921224,0.0,0.0
2023-07-13,1384.0,1391.5,1366.4000244140625,1376.300048828125,1358.9873046875,5174896,0.0,0.0
2023-07-14,1376.199951171875,1383.949951171875,1367.0,1377.0,1359.678466796875,3885754,0.0,0.0
2023-07-17,1380.0,1404.75,1369.5999755859375,1390.5,1373.0086669921875,4003275,0.0,0.0
2023-07-18,1398.0,1409.199951171875,1382.5,1390.25,1372.76171875,4106331,0.0,0.0
2023-07-19,1430.0,1443.4000244140625,1410.0,1419.550048828125,1401.6932373046875,8850582,0.0,0.0
2023-07-20,1426.0,1433.5,1418.199951171875,1425.1500244140625,1407.2227783203125,4491531,0.0,0.0
2023-07-21,1422.050048828125,1430.3499755859375,1400.5999755859375,1407.3499755859375,1389.6466064453125,2138540,0.0,0.0
2023-07-24,1408.5,1439.4000244140625,1405.300048828125,1435.699951171875,1417.6400146484375,2738185,0.0,0.0
2023-07-25,1437.0,1446.0,1411.4000244140625,1415.449951171875,1397.6446533203125,2982900,0.0,0.0
2023-07-26,1421.449951171875,1429.9000244140625,1411.199951171875,1427.699951171875,1409.7406005859375,1537232,0.0,0.0
2023-07-27,1433.199951171875,1433.199951171875,1405.1500244140625,1415.5999755859375,1397.7928466796875,3362598,0.0,0.0
2023-07-28,1415.199951171875,1421.949951171875,1397.5999755859375,1401.949951171875,1384.314453125,1565680,0.0,0.0
2023-07-31,1409.3499755859375,1419.9000244140625,1396.0,1417.75,1399.915771484375,1721385,0.0,0.0
2023-08-01,1420.75,1423.199951171875,1389.3499755859375,1394.5999755859375,1377.0570068359375,1578914,0.0,0.0
2023-08-02,1390.0,1394.1500244140625,1369.0999755859375,1381.25,1363.8748779296875,1913777,0.0,0.0
2023-08-03,1376.25,1380.5999755859375,1354.050048828125,1364.5,1347.3355712890625,3631489,0.0,0.0
2023-08-04,1370.050048828125,1414.9000244140625,1366.300048828125,1409.5999755859375,1391.8682861328125,4063355,0.0,0.0
2023-08-07,1410.0,1417.6500244140625,1399.3499755859375,1415.25,1397.447265625,2792582,0.0,0.0
2023-08-08,1415.25,1420.949951171875,1402.300048828125,1403.949951171875,1386.2894287109375,1846797,0.0,0.0
2023-08-09,1405.0,1410.449951171875,1392.0,1408.449951171875,1390.7327880859375,1218020,0.0,0.0
2023-08-10,1402.449951171875,1434.0,1400.0999755859375,1430.199951171875,1412.2091064453125,3730443,0.0,0.0
2023-08-11,1431.75,1431.75,1392.75,1397.25,1379.6737060546875,3074690,0.0,0.0
2023-08-14,1395.0,1397.5,1379.050048828125,1388.9000244140625,1371.4287109375,1783022,0.0,0.0
2023-08-16,1384.0,1388.050048828125,1367.0,1380.699951171875,1363.3319091796875,2051360,0.0,0.0
2023-08-17,1381.1500244140625,1391.25,1370.0,1374.300048828125,1357.012451171875,3329471,0.0,0.0
2023-08-18,1369.0,1377.0,1360.8499755859375,1371.699951171875,1354.445068359375,1720129,0.0,0.0
2023-08-21,1375.0,1400.0,1366.199951171875,1397.800048828125,1380.216796875,1763990,0.0,0.0
2023-08-22,1403.0,1404.5999755859375,1394.0999755859375,1401.1500244140625,1383.524658203125,1224910,0.0,0.0
2023-08-23,1401.1500244140625,1408.0,1392.1500244140625,1401.0,1383.3765869140625,1681561,0.0,0.0
2023-08-24,1408.25,1435.0,1402.25,1425.1500244140625,1407.2227783203125,3559546,0.0,0.0
2023-08-25,1417.949951171875,1421.449951171875,1389.050048828125,1401.1500244140625,1383.524658203125,1862535,0.0,0.0
2023-08-28,1400.0,1411.25,1393.800048828125,1409.449951171875,1391.72021484375,1072295,0.0,0.0
2023-08-29,1409.449951171875,1413.699951171875,1392.449951171875,1400.1500244140625,1382.5372314453125,1831565,0.0,0.0
2023-08-30,1405.1500244140625,1410.9000244140625,1386.8499755859375,1392.449951171875,1374.9339599609375,1500390,0.0,0.0
2023-08-31,1392.449951171875,1401.9000244140625,1363.25,1378.1500244140625,1360.8140869140625,4106180,0.0,0.0
2023-09-01,1382.0,1423.5999755859375,1376.199951171875,1416.550048828125,1398.73095703125,2792033,0.0,0.0
2023-09-04,1423.8499755859375,1427.5,1415.0,1421.800048828125,1403.9149169921875,998692,0.0,0.0
2023-09-05,1425.0,1429.800048828125,1416.3499755859375,1423.75,1405.84033203125,1469938,0.0,0.0
2023-09-06,1421.75,1421.75,1396.449951171875,1408.6500244140625,1390.930419921875,4046484,0.0,0.0
2023-09-07,1408.6500244140625,1443.199951171875,1398.0,1439.5999755859375,1421.490966796875,2278316,0.0,0.0
2023-09-08,1445.0,1459.949951171875,1434.0999755859375,1448.8499755859375,1430.6246337890625,2862657,0.0,0.0
2023-09-11,1449.050048828125,1452.0,1431.75,1450.199951171875,1431.95751953125,2220230,0.0,0.0
2023-09-12,1450.0999755859375,1453.9000244140625,1425.0999755859375,1429.1500244140625,1411.1724853515625,1943026,0.0,0.0
2023-09-13,1429.9000244140625,1459.6500244140625,1416.050048828125,1455.050048828125,1436.7467041015625,4302942,0.0,0.0
2023-09-14,1459.949951171875,1467.8499755859375,1450.449951171875,1458.25,1439.9063720703125,2407947,0.0,0.0
2023-09-15,1464.4000244140625,1464.4000244140625,1446.449951171875,1450.0,1431.7601318359375,1647901,0.0,0.0
2023-09-18,1454.0,1462.75,1445.1500244140625,1456.9000244140625,1438.5733642578125,1504046,0.0,0.0
2023-09-20,1441.0,1475.6500244140625,1422.300048828125,1440.449951171875,1422.3302001953125,5683215,0.0,0.0
2023-09-21,1431.0,1443.6500244140625,1406.3499755859375,1411.300048828125,1393.5469970703125,2514377,0.0,0.0
2023-09-22,1416.0,1463.5,1413.0,1452.9000244140625,1434.6236572265625,4397398,0.0,0.0
2023-09-25,1451.5,1454.550048828125,1434.0999755859375,1442.75,1424.601318359375,2013653,0.0,0.0
2023-09-26,1440.0,1443.949951171875,1411.6500244140625,1423.050048828125,1405.1492919921875,2870137,0.0,0.0
2023-09-27,1425.0,1439.0,1418.300048828125,1436.449951171875,1418.3804931640625,3697690,0.0,0.0
2023-09-28,1437.0,1445.3499755859375,1409.449951171875,1413.0,1395.2255859375,5876746,0.0,0.0
2023-09-29,1415.050048828125,1439.949951171875,1399.300048828125,1428.8499755859375,1410.876220703125,2593595,0.0,0.0
2023-10-03,1432.0,1438.4000244140625,1420.0,1435.4000244140625,1417.34375,1442499,0.0,0.0
2023-10-04,1424.8499755859375,1428.5,1386.199951171875,1401.300048828125,1383.6728515625,3978667,0.0,0.0
2023-10-05,1408.699951171875,1415.4000244140625,1394.300048828125,1401.8499755859375,1384.2158203125,1647175,0.0,0.0
2023-10-06,1404.949951171875,1438.0,1401.0999755859375,1434.800048828125,1416.7513427734375,2167139,0.0,0.0
2023-10-09,1420.0999755859375,1445.0,1410.0,1428.550048828125,1410.580078125,1613546,0.0,0.0
2023-10-10,1434.0,1436.3499755859375,1412.050048828125,1420.550048828125,1402.6806640625,1874201,0.0,0.0
2023-10-11,1430.949951171875,1431.9000244140625,1414.550048828125,1421.199951171875,1403.3223876953125,1855211,0.0,0.0
2023-10-12,1433.300048828125,1444.0,1421.0,1424.25,1406.3341064453125,2069952,0.0,0.0
2023-10-13,1421.199951171875,1466.300048828125,1420.0,1463.699951171875,1445.2877197265625,4480890,0.0,0.0
2023-10-16,1462.8499755859375,1462.8499755859375,1444.449951171875,1446.4000244140625,1428.2054443359375,1913782,0.0,0.0
2023-10-17,1454.9000244140625,1458.449951171875,1425.550048828125,1436.0,1417.936279296875,1373704,0.0,0.0
2023-10-18,1437.0,1444.0,1415.5999755859375,1420.3499755859375,1402.483154296875,3067244,0.0,0.0
2023-10-19,1451.5,1464.699951171875,1423.050048828125,1450.3499755859375,1432.105712890625,13948984,0.0,0.0
2023-10-20,1448.0,1471.800048828125,1443.0999755859375,1469.0999755859375,1450.619873046875,5135316,0.0,0.0
2023-10-23,1469.0,1469.75,1430.050048828125,1435.0,1416.94873046875,3319090,0.0,0.0
2023-10-25,1444.949951171875,1446.949951171875,1410.050048828125,1412.699951171875,1394.9293212890625,4045910,0.0,0.0
2023-10-26,1412.6500244140625,1429.300048828125,1393.6500244140625,1414.6500244140625,1396.8548583984375,4194418,0.0,0.0
2023-10-27,1420.0,1444.5,1412.699951171875,1441.300048828125,1423.169677734375,2424655,0.0,0.0
2023-10-30,1440.0,1460.9000244140625,1428.0,1454.6500244140625,1436.3516845703125,2255111,0.0,0.0
2023-10-31,1456.0,1460.0,1436.550048828125,1441.300048828125,1423.169677734375,1454345,0.0,0.0
2023-11-01,1443.9000244140625,1445.5999755859375,1427.1500244140625,1432.5999755859375,1414.5789794921875,2658439,0.0,0.0
2023-11-02,1447.0,1479.949951171875,1439.0999755859375,1461.199951171875,1442.8192138671875,4524652,0.0,0.0
2023-11-03,1471.0,1475.0,1448.0,1450.25,1432.0069580078125,3052041,0.0,0.0
2023-11-06,1463.0,1471.9000244140625,1456.0,1470.25,1451.75537109375,2090640,0.0,0.0
2023-11-07,1469.550048828125,1490.449951171875,1464.25,1486.4000244140625,1467.702392578125,2830149,0.0,0.0
2023-11-08,1493.949951171875,1495.949951171875,1481.25,1488.949951171875,1470.22021484375,3210977,0.0,0.0
2023-11-09,1488.949951171875,1516.300048828125,1484.8499755859375,1507.3499755859375,1488.388671875,3207721,0.0,0.0
2023-11-10,1499.949951171875,1509.449951171875,1493.1500244140625,1498.800048828125,1479.9462890625,2247500,0.0,0.0
2023-11-13,1502.0,1516.0,1496.1500244140625,1509.5999755859375,1490.6103515625,2026629,0.0,0.0
2023-11-15,1538.5,1538.5,1490.25,1493.949951171875,1475.1573486328125,6293703,0.0,0.0
2023-11-16,1500.0,1506.5999755859375,1493.0,1498.6500244140625,1479.7982177734375,2728834,0.0,0.0
2023-11-17,1490.550048828125,1509.0,1485.550048828125,1498.449951171875,1479.6005859375,4182376,0.0,0.0
2023-11-20,1498.9000244140625,1509.449951171875,1490.699951171875,1504.800048828125,1485.870849609375,2125867,0.0,0.0
2023-11-21,1505.5,1507.449951171875,1494.0999755859375,1502.050048828125,1483.1553955078125,1661103,0.0,0.0
2023-11-22,1500.0,1505.5,1458.949951171875,1470.4000244140625,1451.903564453125,3914008,0.0,0.0
2023-11-23,1475.0,1496.25,1470.449951171875,1486.0999755859375,1467.4061279296875,3832098,0.0,0.0
2023-11-24,1491.449951171875,1491.9000244140625,1474.0,1476.199951171875,1457.630615234375,2813844,0.0,0.0
2023-11-28,1480.0,1486.800048828125,1468.0,1477.550048828125,1458.963623046875,4305915,0.0,0.0
2023-11-29,1484.0,1489.550048828125,1471.25,1483.550048828125,1464.88818359375,3477076,0.0,0.0
2023-11-30,1500.0,1500.0,1450.050048828125,1466.0999755859375,1447.6575927734375,45549217,0.0,0.0
2023-12-01,1479.0,1493.0,1458.1500244140625,1461.050048828125,1442.671142578125,4063279,0.0,0.0
2023-12-04,1490.0,1517.550048828125,1473.449951171875,1514.6500244140625,1495.596923828125,4254987,0.0,0.0
2023-12-05,1519.800048828125,1525.5,1486.5,1506.5999755859375,1487.648193359375,3457904,0.0,0.0
2023-12-06,1517.0,1521.3499755859375,1493.3499755859375,1501.5999755859375,1482.7110595703125,3405245,0.0,0.0
2023-12-07,1505.0,1514.949951171875,1496.050048828125,1504.75,1485.8214111328125,1931490,0.0,0.0
2023-12-08,1510.0,1520.949951171875,1494.050048828125,1508.949951171875,1489.9686279296875,2568088,0.0,0.0
2023-12-11,1512.800048828125,1537.949951171875,1510.0,1521.8499755859375,1502.706298828125,2194782,0.0,0.0
2023-12-12,1528.9000244140625,1528.9000244140625,1489.949951171875,1497.0,1478.1689453125,1621785,0.0,0.0
2023-12-13,1502.0,1512.6500244140625,1495.0,1506.9000244140625,1487.9444580078125,2562565,0.0,0.0
2023-12-14,1523.0,1554.5,1515.5999755859375,1551.699951171875,1532.180908203125,3427500,0.0,0.0
2023-12-15,1552.949951171875,1578.0,1547.050048828125,1570.800048828125,1551.0406494140625,3478643,0.0,0.0
2023-12-18,1570.0,1570.0,1552.0,1556.3499755859375,1536.7723388671875,1352458,0.0,0.0
2023-12-19,1556.3499755859375,1586.050048828125,1542.199951171875,1566.550048828125,1546.8441162109375,2297704,0.0,0.0
2023-12-20,1578.0,1581.0,1549.5,1556.1500244140625,1536.574951171875,3218717,0.0,0.0
2023-12-21,1542.0999755859375,1574.0,1527.550048828125,1570.0,1550.2506103515625,2400593,0.0,0.0
2023-12-22,1574.300048828125,1591.0999755859375,1557.9000244140625,1562.3499755859375,1542.69677734375,2214206,0.0,0.0
2023-12-26,1562.949951171875,1582.75,1557.0,1570.800048828125,1551.0406494140625,1129332,0.0,0.0
2023-12-27,1573.1500244140625,1600.0,1567.300048828125,1597.449951171875,1577.355224609375,1887827,0.0,0.0
2023-12-28,1600.0,1618.699951171875,1592.0,1610.550048828125,1590.2906494140625,3143161,0.0,0.0
2023-12-29,1615.0,1618.9000244140625,1587.050048828125,1598.949951171875,1578.83642578125,1779207,0.0,0.0
2024-01-01,1598.949951171875,1611.4000244140625,1591.800048828125,1598.8499755859375,1578.7376708984375,1341121,0.0,0.0
2024-01-02,1594.0999755859375,1598.25,1570.0,1575.5999755859375,1555.7801513671875,1227193,0.0,0.0
2024-01-03,1575.5,1604.949951171875,1558.0,1601.1500244140625,1581.0087890625,2620296,0.0,0.0
2024-01-04,1593.0,1655.0,1593.0,1648.550048828125,1627.8126220703125,4271262,0.0,0.0
2024-01-05,1654.0,1654.0,1629.0,1643.199951171875,1622.52978515625,2294140,0.0,0.0
2024-01-08,1633.0,1650.050048828125,1622.0,1627.0999755859375,1606.63232421875,1791003,0.0,0.0
2024-01-09,1631.949951171875,1643.9000244140625,1621.0,1625.0999755859375,1604.657470703125,1619091,0.0,0.0
2024-01-10,1620.0,1642.75,1620.0,1640.1500244140625,1619.518310546875,1629958,0.0,0.0
2024-01-11,1643.949951171875,1668.199951171875,1642.550048828125,1657.8499755859375,1636.9954833984375,1914421,0.0,0.0
2024-01-12,1657.8499755859375,1677.8499755859375,1647.4000244140625,1674.0,1652.9423828125,2161848,0.0,0.0
2024-01-15,1684.800048828125,1694.5,1668.050048828125,1688.8499755859375,1667.6055908203125,2930339,0.0,0.0
2024-01-16,1688.8499755859375,1691.75,1663.050048828125,1667.050048828125,1646.079833984375,1316138,0.0,0.0
2024-01-17,1650.0,1677.050048828125,1631.8499755859375,1643.9000244140625,1623.2210693359375,6683398,0.0,0.0
2024-01-18,1634.949951171875,1639.5999755859375,1595.0999755859375,1612.9000244140625,1592.611083984375,3557256,0.0,0.0
2024-01-19,1622.699951171875,1631.75,1550.199951171875,1561.0999755859375,1541.4625244140625,10982524,0.0,0.0
2024-01-23,1535.0,1547.9000244140625,1428.050048828125,1441.699951171875,1423.5645751953125,10097057,0.0,0.0
2024-01-24,1459.949951171875,1495.800048828125,1442.0,1490.8499755859375,1472.0963134765625,9155544,0.0,0.0
2024-01-25,1490.0,1543.949951171875,1488.5999755859375,1512.0,1492.980224609375,8118578,0.0,0.0
2024-01-29,1523.0,1537.75,1515.3499755859375,1526.800048828125,1507.5941162109375,3058020,0.0,0.0
2024-01-30,1530.0,1544.449951171875,1510.050048828125,1519.9000244140625,1500.7808837890625,1721705,0.0,0.0
2024-01-31,1519.199951171875,1548.0,1507.1500244140625,1534.050048828125,1514.7529296875,3867886,0.0,0.0
2024-02-01,1537.75,1547.550048828125,1523.550048828125,1541.1500244140625,1521.7635498046875,2240634,0.0,0.0
2024-02-02,1551.0,1564.8499755859375,1529.550048828125,1533.75,1514.45654296875,3554450,0.0,0.0
2024-02-05,1532.75,1550.0,1521.800048828125,1537.800048828125,1518.455810546875,2624023,0.0,0.0
2024-02-06,1550.0,1550.449951171875,1504.1500244140625,1511.4000244140625,1492.3878173828125,3312270,0.0,0.0
2024-02-07,1522.4000244140625,1522.4000244140625,1492.199951171875,1515.3499755859375,1496.2880859375,4066189,0.0,0.0
2024-02-08,1522.699951171875,1540.949951171875,1470.0,1477.300048828125,1458.716796875,2931291,0.0,0.0
2024-02-09,1480.25,1491.4000244140625,1462.6500244140625,1486.25,1467.55419921875,2388841,0.0,0.0
2024-02-12,1488.199951171875,1497.0,1442.1500244140625,1447.1500244140625,1428.946044921875,2821957,0.0,0.0
2024-02-13,1452.4000244140625,1476.25,1430.6500244140625,1463.9000244140625,1445.4853515625,4601482,0.0,0.0
2024-02-14,1450.050048828125,1494.5,1435.949951171875,1481.5,1462.8638916015625,4208176,0.0,0.0
2024-02-15,1491.0,1492.8499755859375,1460.300048828125,1476.949951171875,1458.37109375,1906763,0.0,0.0
2024-02-16,1485.949951171875,1506.5,1471.0,1493.6500244140625,1474.8612060546875,1844045,0.0,0.0
2024-02-19,1499.9000244140625,1502.800048828125,1477.0,1483.5999755859375,1464.9375,1209609,0.0,0.0
2024-02-20,1489.0,1508.0,1475.050048828125,1504.199951171875,1485.2783203125,2390096,0.0,0.0
2024-02-21,1520.0,1526.800048828125,1502.5,1517.25,1498.1641845703125,5259113,0.0,0.0
2024-02-22,1517.25,1520.0,1463.5,1489.1500244140625,1470.417724609375,4969478,0.0,0.0
2024-02-23,1498.449951171875,1504.9000244140625,1475.050048828125,1480.300048828125,1461.678955078125,2557861,0.0,0.0
2024-02-26,1481.0,1486.0,1463.9000244140625,1466.5,1448.0526123046875,2077787,0.0,0.0
2024-02-27,1466.5,1497.3499755859375,1458.5,1493.050048828125,1474.2685546875,2843312,0.0,0.0
2024-02-28,1495.0,1503.449951171875,1442.5,1449.199951171875,1430.9700927734375,2661887,0.0,0.0
2024-02-29,1451.0,1484.0,1440.0,1474.9000244140625,1456.346923828125,4216252,0.0,0.0
2024-03-01,1480.0,1528.75,1477.8499755859375,1526.6500244140625,1507.4459228515625,3549401,0.0,0.0
2024-03-04,1529.949951171875,1538.949951171875,1520.3499755859375,1531.300048828125,1512.0374755859375,2985524,0.0,0.0
2024-03-05,1529.6500244140625,1547.0,1524.0,1542.449951171875,1523.047119140625,2694157,0.0,0.0
2024-03-06,1542.449951171875,1564.75,1536.550048828125,1554.550048828125,1534.9951171875,5167456,0.0,0.0
2024-03-07,1556.449951171875,1571.5,1546.050048828125,1563.75,1544.0792236328125,2285176,0.0,0.0
2024-03-11,1566.0999755859375,1568.75,1536.5999755859375,1541.050048828125,1521.6649169921875,1694488,0.0,0.0
2024-03-12,1541.050048828125,1555.949951171875,1528.5,1533.050048828125,1513.7655029296875,1918571,0.0,0.0
2024-03-13,1535.0,1540.5999755859375,1495.0,1502.6500244140625,1483.747802734375,4165036,0.0,0.0
2024-03-14,1471.550048828125,1506.9000244140625,1469.199951171875,1476.75,1458.173583984375,3652530,0.0,0.0
2024-03-15,1474.0,1489.5,1456.699951171875,1484.3499755859375,1465.6781005859375,2985042,0.0,0.0
2024-03-18,1487.25,1491.5999755859375,1466.300048828125,1480.699951171875,1462.0738525390625,2365287,0.0,0.0
2024-03-19,1476.050048828125,1482.949951171875,1430.8499755859375,1434.0999755859375,1416.06005859375,3180412,0.0,0.0
2024-03-20,1440.0,1464.0,1422.699951171875,1441.550048828125,1423.41650390625,5480729,0.0,0.0
2024-03-21,1460.0,1486.9000244140625,1459.0,1484.0999755859375,1465.43115234375,3870591,0.0,0.0
2024-03-22,1477.75,1520.3499755859375,1473.0,1512.0999755859375,1493.0789794921875,5309042,0.0,0.0
2024-03-26,1512.0999755859375,1523.5999755859375,1502.199951171875,1518.699951171875,1499.595947265625,9046136,0.0,0.0
2024-03-27,1519.0,1542.949951171875,1514.449951171875,1533.550048828125,1514.2591552734375,8408702,0.0,0.0
2024-03-28,1534.75,1564.5,1533.5999755859375,1553.0,1533.4644775390625,3964429,0.0,0.0
2024-04-01,1553.0,1572.75,1539.0,1542.4000244140625,1522.9979248046875,2159432,0.0,0.0
2024-04-02,1542.949951171875,1570.949951171875,1537.0,1559.4000244140625,1539.7840576171875,2335256,0.0,0.0
2024-04-03,1554.0,1556.9000244140625,1538.050048828125,1542.6500244140625,1523.24462890625,3711781,0.0,0.0
2024-04-04,1548.050048828125,1550.449951171875,1511.199951171875,1544.449951171875,1525.0220947265625,6077155,0.0,0.0
2024-04-05,1552.0,1556.3499755859375,1528.0999755859375,1552.4000244140625,1532.8720703125,3286862,0.0,0.0
2024-04-08,1560.0,1576.3499755859375,1550.0,1568.3499755859375,1548.621337890625,2372626,0.0,0.0
2024-04-09,1574.9000244140625,1574.9000244140625,1541.0,1554.949951171875,1535.389892578125,1176425,0.0,0.0
2024-04-10,1564.8499755859375,1564.8499755859375,1548.0,1552.8499755859375,1533.3162841796875,2528578,0.0,0.0
2024-04-12,1546.0,1562.699951171875,1542.0,1555.6500244140625,1536.0811767578125,1749128,0.0,0.0
2024-04-15,1544.949951171875,1557.9000244140625,1530.0,1539.9000244140625,1520.529296875,1528341,0.0,0.0
2024-04-16,1530.0,1534.800048828125,1487.949951171875,1490.949951171875,1472.1949462890625,3981325,0.0,0.0
2024-04-18,1502.800048828125,1508.3499755859375,1468.1500244140625,1474.4000244140625,1455.853271484375,3856849,0.0,0.0
2024-04-19,1466.0,1490.25,1444.4000244140625,1482.050048828125,1463.406982421875,4311650,0.0,0.0
2024-04-22,1494.0,1501.0,1469.949951171875,1477.5,1458.9141845703125,2887202,0.0,0.0
2024-04-23,1482.800048828125,1485.800048828125,1471.0999755859375,1474.5,1455.951904296875,1206443,0.0,0.0
2024-04-24,1477.0,1483.25,1462.75,1474.6500244140625,1456.10009765625,2964953,0.0,0.0
2024-04-25,1476.050048828125,1499.5,1470.550048828125,1496.0999755859375,1477.2802734375,3697957,0.0,0.0
2024-04-26,1511.5,1519.0,1443.300048828125,1446.4000244140625,1428.2054443359375,6135488,0.0,0.0
2024-04-29,1458.75,1491.0,1450.0999755859375,1487.25,1468.54150390625,5463640,0.0,0.0
2024-04-30,1497.800048828125,1537.0,1489.0,1515.699951171875,1496.633544921875,6293171,0.0,0.0
2024-05-02,1508.0,1521.300048828125,1500.050048828125,1505.199951171875,1486.2657470703125,2554549,0.0,0.0
2024-05-03,1517.199951171875,1517.949951171875,1473.050048828125,1483.699951171875,1465.0361328125,2119368,0.0,0.0
2024-05-06,1495.699951171875,1510.0,1482.050048828125,1497.5,1478.6627197265625,2600170,0.0,0.0
2024-05-07,1497.5,1502.6500244140625,1448.0,1452.550048828125,1434.278076171875,1884596,0.0,0.0
2024-05-08,1455.0,1455.0,1431.4000244140625,1442.5,1424.3544921875,5278612,0.0,0.0
2024-05-09,1445.5,1456.5999755859375,1393.449951171875,1401.449951171875,1383.82080078125,3272042,0.0,0.0
2024-05-10,1402.0,1424.5,1395.550048828125,1410.1500244140625,1392.4114990234375,1575172,0.0,0.0
2024-05-13,1415.3499755859375,1417.75,1377.25,1404.550048828125,1386.8819580078125,3624862,0.0,0.0
2024-05-14,1407.0,1429.3499755859375,1402.800048828125,1421.0,1403.125,1279355,0.0,0.0
2024-05-15,1421.0,1429.8499755859375,1407.4000244140625,1417.0999755859375,1399.2740478515625,2516309,0.0,0.0
2024-05-16,1420.199951171875,1425.0,1385.6500244140625,1408.75,1391.029052734375,5666243,0.0,0.0
2024-05-17,1408.0,1417.0999755859375,1395.0,1412.3499755859375,1394.583740234375,3673405,0.0,0.0
2024-05-21,1420.0,1420.8499755859375,1400.0,1406.5,1388.807373046875,3010012,0.0,0.0
2024-05-22,1409.0,1413.1500244140625,1391.8499755859375,1404.949951171875,1387.27685546875,6739695,0.0,0.0
2024-05-23,1408.550048828125,1451.0,1406.5999755859375,1440.8499755859375,1422.7252197265625,6444146,0.0,0.0
2024-05-24,1441.0,1448.75,1427.8499755859375,1441.800048828125,1423.663330078125,2155290,0.0,0.0
2024-05-27,1447.8499755859375,1475.5999755859375,1439.300048828125,1465.0999755859375,1446.670166015625,3253683,0.0,0.0
2024-05-28,1472.800048828125,1478.800048828125,1449.0999755859375,1459.3499755859375,1440.9925537109375,2381333,0.0,0.0
2024-05-29,1453.0,1471.6500244140625,1439.25,1460.25,1441.8812255859375,4383563,0.0,0.0
2024-05-30,1458.0,1477.699951171875,1439.1500244140625,1446.800048828125,1428.6004638671875,3415942,0.0,0.0
2024-05-31,1456.0,1469.9000244140625,1446.550048828125,1461.8499755859375,1443.4610595703125,3546505,0.0,0.0
2024-06-03,1514.949951171875,1534.9000244140625,1496.4000244140625,1529.699951171875,1510.45751953125,8265525,0.0,0.0
2024-06-04,1509.949951171875,1521.9000244140625,1363.550048828125,1391.5,1373.99609375,7911282,0.0,0.0
2024-06-05,1400.5,1515.800048828125,1372.3499755859375,1500.949951171875,1482.0692138671875,11014467,0.0,0.0
2024-06-06,1500.0,1509.800048828125,1470.9000244140625,1481.0999755859375,1462.468994140625,3279775,0.0,0.0
2024-06-07,1468.550048828125,1498.4000244140625,1463.449951171875,1492.0999755859375,1473.33056640625,3964791,0.0,0.0
2024-06-10,1498.5,1505.800048828125,1480.0999755859375,1485.8499755859375,1467.1591796875,2416022,0.0,0.0
2024-06-11,1485.0,1491.0,1475.199951171875,1481.050048828125,1462.4195556640625,1737873,0.0,0.0
2024-06-12,1491.0,1492.25,1473.0,1484.25,1465.579345703125,5419536,0.0,0.0
2024-06-13,1496.0,1510.0,1481.199951171875,1507.25,1488.2899169921875,2446832,0.0,0.0
2024-06-14,1510.5,1515.9000244140625,1495.949951171875,1502.3499755859375,1483.4515380859375,2706742,0.0,0.0
2024-06-18,1514.0,1516.550048828125,1499.0999755859375,1507.9000244140625,1488.931884765625,2811967,0.0,0.0
2024-06-19,1516.199951171875,1550.0,1513.25,1528.199951171875,1508.9764404296875,11002582,0.0,0.0
2024-06-20,1536.0,1540.75,1513.0,1527.8499755859375,1508.6307373046875,3589441,0.0,0.0
2024-06-21,1523.0,1537.800048828125,1511.25,1527.1500244140625,1507.939697265625,5249389,0.0,0.0
2024-06-24,1507.1500244140625,1508.9000244140625,1478.199951171875,1490.4000244140625,1471.6519775390625,4609137,0.0,0.0
2024-06-25,1494.75,1502.1500244140625,1482.199951171875,1495.550048828125,1476.7371826171875,3309896,0.0,0.0
2024-06-26,1498.0,1521.0,1481.550048828125,1497.9000244140625,1479.0576171875,5605220,0.0,0.0
2024-06-27,1494.0,1504.949951171875,1485.0,1502.75,1483.8465576171875,5166134,0.0,0.0
2024-06-28,1491.0,1491.0,1460.5,1464.5,1462.1318359375,6425323,16.5,0.0
2024-07-01,1468.949951171875,1469.0,1452.949951171875,1456.9000244140625,1454.5440673828125,3166439,0.0,0.0
2024-07-02,1457.4000244140625,1460.449951171875,1420.6500244140625,1429.449951171875,1427.138427734375,4644571,0.0,0.0
2024-07-03,1438.9000244140625,1458.0,1421.9000244140625,1455.5,1453.1463623046875,5907225,0.0,0.0
2024-07-04,1455.449951171875,1457.8499755859375,1436.199951171875,1442.8499755859375,1440.5167236328125,3010077,0.0,0.0
2024-07-05,1437.0,1449.699951171875,1426.0,1434.25,1431.9306640625,4216309,0.0,0.0
2024-07-08,1428.0,1441.699951171875,1422.800048828125,1438.050048828125,1435.724609375,2772277,0.0,0.0
2024-07-09,1441.0,1449.5999755859375,1426.0,1434.25,1431.9306640625,3126274,0.0,0.0
2024-07-10,1433.5,1433.5,1415.050048828125,1425.949951171875,1423.64404296875,3979121,0.0,0.0
2024-07-11,1427.949951171875,1435.8499755859375,1415.699951171875,1429.75,1427.43798828125,2416195,0.0,0.0
2024-07-12,1432.0,1450.949951171875,1427.3499755859375,1434.550048828125,1432.230224609375,3340305,0.0,0.0
2024-07-15,1438.5,1449.0,1433.0,1444.050048828125,1441.7149658203125,4284427,0.0,0.0
2024-07-16,1445.050048828125,1450.0,1435.75,1445.9000244140625,1443.5618896484375,2284985,0.0,0.0
2024-07-18,1440.699951171875,1460.8499755859375,1438.0,1456.9000244140625,1454.5440673828125,3634938,0.0,0.0
2024-07-19,1451.550048828125,1452.0,1429.0,1432.449951171875,1430.133544921875,2981749,0.0,0.0
2024-07-22,1428.0,1429.949951171875,1409.5999755859375,1423.4000244140625,1421.0982666015625,2883674,0.0,0.0
2024-07-23,1422.5,1427.0,1395.6500244140625,1413.199951171875,1410.9146728515625,3054925,0.0,0.0
2024-07-24,1409.800048828125,1412.5,1386.4000244140625,1396.6500244140625,1394.3914794921875,5553500,0.0,0.0
2024-07-25,1389.0,1396.550048828125,1374.0,1379.0999755859375,1376.869873046875,3631639,0.0,0.0
2024-07-26,1365.0,1409.0,1359.050048828125,1403.9000244140625,1401.6297607421875,3607419,0.0,0.0
2024-07-29,1415.0,1444.949951171875,1406.449951171875,1411.5,1409.217529296875,5955870,0.0,0.0
2024-07-30,1411.5,1432.699951171875,1407.199951171875,1429.699951171875,1427.3880615234375,2158067,0.0,0.0
2024-07-31,1435.0,1435.0,1414.050048828125,1427.800048828125,1425.4912109375,3926481,0.0,0.0
2024-08-01,1432.0,1440.0,1416.800048828125,1419.8499755859375,1417.553955078125,4074181,0.0,0.0
2024-08-02,1413.949951171875,1413.949951171875,1392.699951171875,1404.300048828125,1402.0291748046875,3268026,0.0,0.0
2024-08-05,1388.0,1396.199951171875,1369.0,1389.449951171875,1387.203125,3532894,0.0,0.0
2024-08-06,1395.0,1407.300048828125,1376.25,1381.0,1378.766845703125,2425599,0.0,0.0
2024-08-07,1391.0,1399.5,1329.199951171875,1345.1500244140625,1342.974853515625,8728852,0.0,0.0
2024-08-08,1347.949951171875,1355.800048828125,1334.0,1347.300048828125,1345.121337890625,3669342,0.0,0.0
2024-08-09,1367.0,1367.0,1338.050048828125,1349.800048828125,1347.6173095703125,5082087,0.0,0.0
2024-08-12,1349.800048828125,1357.5999755859375,1336.6500244140625,1350.8499755859375,1348.66552734375,4436342,0.0,0.0
2024-08-13,1355.0,1371.6500244140625,1343.5,1350.5999755859375,1348.416015625,3905817,0.0,0.0
2024-08-14,1356.949951171875,1356.949951171875,1335.949951171875,1338.0999755859375,1335.9361572265625,4868357,0.0,0.0
2024-08-16,1347.0999755859375,1367.9000244140625,1338.550048828125,1364.1500244140625,1361.944091796875,5456176,0.0,0.0
2024-08-19,1370.050048828125,1375.800048828125,1345.550048828125,1347.5999755859375,1345.4207763671875,5895105,0.0,0.0
2024-08-20,1363.9000244140625,1391.6500244140625,1357.199951171875,1381.300048828125,1379.06640625,5507239,0.0,0.0
2024-08-21,1380.0,1387.3499755859375,1366.4000244140625,1384.0,1381.761962890625,5441231,0.0,0.0
2024-08-22,1384.050048828125,1395.949951171875,1379.5999755859375,1381.9000244140625,1379.6654052734375,3510879,0.0,0.0
2024-08-23,1382.0,1390.300048828125,1373.800048828125,1388.550048828125,1386.3046875,2252945,0.0,0.0
2024-08-26,1395.300048828125,1395.550048828125,1379.800048828125,1384.5,1382.2611083984375,2541300,0.0,0.0
2024-08-27,1385.9000244140625,1387.1500244140625,1377.550048828125,1383.199951171875,1380.9632568359375,1167406,0.0,0.0
2024-08-28,1389.050048828125,1421.949951171875,1382.550048828125,1415.75,1413.4605712890625,6532773,0.0,0.0
2024-08-29,1414.199951171875,1423.050048828125,1405.25,1417.449951171875,1415.1578369140625,3316387,0.0,0.0
2024-08-30,1422.1500244140625,1430.0,1415.550048828125,1425.25,1422.9453125,2792988,0.0,0.0
2024-09-02,1425.25,1451.25,1425.25,1449.050048828125,1446.706787109375,4024426,0.0,0.0
2024-09-03,1450.0,1451.9000244140625,1433.9000244140625,1436.699951171875,1434.376708984375,2351018,0.0,0.0
2024-09-04,1417.0,1439.25,1417.0,1434.4000244140625,1432.0804443359375,2919356,0.0,0.0
2024-09-05,1443.0,1444.0,1418.9000244140625,1422.9000244140625,1420.59912109375,3427784,0.0,0.0
2024-09-06,1426.449951171875,1438.199951171875,1401.5,1409.3499755859375,1407.0709228515625,2608515,0.0,0.0
2024-09-09,1409.3499755859375,1431.0,1400.0999755859375,1428.0999755859375,1425.7906494140625,1802343,0.0,0.0
2024-09-10,1428.9000244140625,1438.5,1420.5999755859375,1435.550048828125,1433.2286376953125,2414043,0.0,0.0
2024-09-11,1435.4000244140625,1438.949951171875,1417.800048828125,1421.199951171875,1418.9017333984375,2622902,0.0,0.0
2024-09-12,1425.1500244140625,1446.5,1420.1500244140625,1443.3499755859375,1441.0159912109375,2437399,0.0,0.0
2024-09-13,1450.0,1470.949951171875,1442.3499755859375,1464.050048828125,1461.6826171875,2999055,0.0,0.0
2024-09-16,1469.949951171875,1473.949951171875,1461.0999755859375,1470.199951171875,1467.822509765625,1495683,0.0,0.0
2024-09-17,1478.0,1483.5,1462.25,1466.3499755859375,1463.978759765625,1866702,0.0,0.0
2024-09-18,1470.0,1488.75,1461.1500244140625,1480.25,1477.8563232421875,3966006,0.0,0.0
2024-09-19,1494.949951171875,1498.0,1474.9000244140625,1484.75,1482.3489990234375,3861906,0.0,0.0
2024-09-20,1488.0,1491.949951171875,1473.199951171875,1480.199951171875,1477.806396484375,5335400,0.0,0.0
2024-09-23,1490.199951171875,1490.8499755859375,1453.050048828125,1465.0999755859375,1462.7308349609375,4610747,0.0,0.0
2024-09-24,1470.0999755859375,1474.0999755859375,1446.0,1448.300048828125,1445.9580078125,3893140,0.0,0.0
2024-09-25,1450.0,1456.0,1432.25,1439.5,1437.1722412109375,3012173,0.0,0.0
2024-09-26,1445.0,1457.300048828125,1437.300048828125,1452.699951171875,1450.350830078125,3388674,0.0,0.0
2024-09-27,1457.0,1481.0,1454.0,1462.699951171875,1460.334716796875,4708951,0.0,0.0
2024-09-30,1467.0,1474.800048828125,1437.0,1447.5999755859375,1445.2591552734375,2888962,0.0,0.0
2024-10-01,1450.0,1450.300048828125,1404.6500244140625,1409.699951171875,1407.42041015625,3377999,0.0,0.0
2024-10-03,1404.0,1412.699951171875,1382.050048828125,1387.75,1385.505859375,2081630,0.0,0.0
2024-10-04,1384.050048828125,1410.949951171875,1380.8499755859375,1382.8499755859375,1380.61376953125,2178195,0.0,0.0
2024-10-07,1388.0,1394.050048828125,1338.199951171875,1350.8499755859375,1348.66552734375,3878973,0.0,0.0
2024-10-08,1357.8499755859375,1371.0,1343.550048828125,1359.550048828125,1357.3515625,2429248,0.0,0.0
2024-10-09,1369.0,1371.5,1335.550048828125,1341.550048828125,1339.380615234375,5269772,0.0,0.0
2024-10-10,1350.0,1362.0,1344.300048828125,1356.4000244140625,1354.2066650390625,1673393,0.0,0.0
2024-10-11,1360.0999755859375,1371.300048828125,1339.0,1347.5999755859375,1345.4207763671875,2755874,0.0,0.0
2024-10-14,1354.5999755859375,1371.5,1348.300048828125,1370.449951171875,1368.23388671875,1381439,0.0,0.0
2024-10-15,1371.0,1374.449951171875,1349.449951171875,1360.9000244140625,1358.6993408203125,2775029,0.0,0.0
2024-10-16,1355.0,1358.3499755859375,1341.0999755859375,1346.300048828125,1344.1229248046875,2126519,0.0,0.0
2024-10-17,1348.0,1354.25,1337.0,1347.3499755859375,1345.1712646484375,1353852,0.0,0.0
2024-10-18,1345.0,1354.949951171875,1331.0,1347.25,1345.0714111328125,3676670,0.0,0.0
2024-10-21,1352.050048828125,1353.949951171875,1299.5999755859375,1308.25,1306.134521484375,5862686,0.0,0.0
2024-10-22,1309.0999755859375,1312.199951171875,1271.25,1274.3499755859375,1272.289306640625,4183194,0.0,0.0
2024-10-23,1274.3499755859375,1284.9000244140625,1266.5,1274.300048828125,1272.2393798828125,4860497,0.0,0.0
2024-10-24,1276.0,1285.949951171875,1258.1500244140625,1280.050048828125,1277.9801025390625,2441333,0.0,0.0
2024-10-25,1163.0,1166.75,1025.5,1041.5999755859375,1039.9156494140625,56935420,0.0,0.0
2024-10-28,1051.4000244140625,1084.6500244140625,1031.0,1054.800048828125,1053.0943603515625,11099823,0.0,0.0
2024-10-29,1058.800048828125,1058.800048828125,1018.0999755859376,1038.1500244140625,1036.4713134765625,7951124,0.0,0.0
2024-10-30,1037.6500244140625,1069.4000244140625,1030.25,1056.4000244140625,1054.6917724609375,8907271,0.0,0.0
2024-10-31,1054.0,1066.9000244140625,1044.0,1055.5999755859375,1053.8929443359375,4509824,0.0,0.0
2024-11-01,1061.449951171875,1069.9000244140625,1058.550048828125,1062.5,1060.7818603515625,441083,0.0,0.0
2024-11-04,1067.0,1070.5,1054.0999755859375,1063.800048828125,1062.079833984375,5143749,0.0,0.0
2024-11-05,1063.699951171875,1092.4000244140625,1062.0,1090.0999755859375,1088.337158203125,4840541,0.0,0.0
2024-11-06,1092.300048828125,1098.5999755859375,1068.25,1077.6500244140625,1075.9073486328125,7153974,0.0,0.0
2024-11-07,1086.0,1086.0,1051.0,1056.800048828125,1055.091064453125,4901367,0.0,0.0
2024-11-08,1061.449951171875,1061.449951171875,1048.050048828125,1053.800048828125,1052.095947265625,2107903,0.0,0.0
2024-11-11,1053.0,1067.5,1040.0,1060.800048828125,1059.084716796875,4918839,0.0,0.0
2024-11-12,1061.300048828125,1065.449951171875,1051.550048828125,1059.550048828125,1057.836669921875,2186055,0.0,0.0
2024-11-13,1053.800048828125,1067.800048828125,1032.199951171875,1036.699951171875,1035.0235595703125,4850346,0.0,0.0
2024-11-14,1043.0,1045.0,1015.0,1017.1500244140624,1015.5051879882812,2612235,0.0,0.0
2024-11-18,1015.5,1017.9500122070312,1000.0499877929688,1004.5999755859376,1002.9754638671876,5427908,0.0,0.0
2024-11-19,1010.5,1032.0,998.0999755859376,1000.2000122070312,998.5826416015624,5718490,0.0,0.0
2024-11-21,1000.4000244140624,1003.0,966.4000244140624,981.4500122070312,979.8629150390624,6606440,0.0,0.0
2024-11-22,986.0,1002.4500122070312,981.4000244140624,998.2000122070312,996.5858764648438,4026863,0.0,0.0
2024-11-25,1020.0,1022.0499877929688,997.0499877929688,1003.5,1001.8772583007812,6491357,0.0,0.0
2024-11-26,1011.7000122070312,1017.7000122070312,998.0999755859376,1009.5999755859376,1007.9674072265624,2390208,0.0,0.0
2024-11-27,1012.0,1012.0,994.5,1001.9500122070312,1000.3297729492188,4798242,0.0,0.0
2024-11-28,1005.9500122070312,1013.4000244140624,991.3499755859376,993.5999755859376,991.9932250976562,4822835,0.0,0.0
2024-11-29,998.0999755859376,999.5,987.2999877929688,995.8499755859376,994.2396240234376,4815934,0.0,0.0
2024-12-02,990.0499877929688,993.1500244140624,979.0,990.9500122070312,989.3475952148438,4969967,0.0,0.0
2024-12-03,993.0,1011.5,991.4000244140624,998.3499755859376,996.735595703125,4665094,0.0,0.0
2024-12-04,1005.0,1005.9500122070312,990.5,998.8499755859376,997.2347412109376,4256690,0.0,0.0
2024-12-05,1006.0,1006.0,990.5499877929688,998.2000122070312,996.5858764648438,5254145,0.0,0.0
2024-12-06,1000.0,1003.0499877929688,986.2999877929688,990.3499755859376,988.74853515625,6258019,0.0,0.0
2024-12-09,992.7999877929688,994.0,977.7999877929688,982.5999755859376,981.0110473632812,3565285,0.0,0.0
2024-12-10,983.0,988.4000244140624,979.0999755859376,984.2999877929688,982.7083129882812,3843321,0.0,0.0
2024-12-11,985.5,999.9000244140624,981.25,984.8499755859376,983.2573852539062,4679888,0.0,0.0
2024-12-12,986.0,1005.5,986.0,997.9500122070312,996.3362426757812,5771673,0.0,0.0
2024-12-13,991.0,997.6500244140624,965.5499877929688,986.6500244140624,985.0545654296876,5674567,0.0,0.0
2024-12-16,987.9000244140624,1007.9500122070312,985.5499877929688,999.3499755859376,997.7339477539062,3058066,0.0,0.0
2024-12-17,1002.0,1002.0,972.0,975.6500244140624,974.0723266601562,3294161,0.0,0.0
2024-12-18,976.7999877929688,979.2999877929688,960.5,965.2000122070312,963.6392211914062,2958191,0.0,0.0
2024-12-19,959.0,966.8499755859376,948.0,964.4000244140624,962.8405151367188,3665813,0.0,0.0
2024-12-20,960.0,966.8499755859376,926.4500122070312,929.4500122070312,927.947021484375,4466131,0.0,0.0
2024-12-23,938.9500122070312,948.7999877929688,930.0499877929688,945.7000122070312,944.1707153320312,2502370,0.0,0.0
2024-12-24,941.0,946.0,929.7999877929688,935.2999877929688,933.7875366210938,5603093,0.0,0.0
2024-12-26,940.0,945.0,928.25,931.9500122070312,930.4429931640624,5262262,0.0,0.0
2024-12-27,933.0499877929688,971.0999755859376,933.0499877929688,953.4000244140624,951.8582763671876,6300341,0.0,0.0
2024-12-30,953.2999877929688,973.5,948.8499755859376,963.5,961.9419555664062,8165774,0.0,0.0
2024-12-31,958.0,961.4500122070312,949.0499877929688,960.1500244140624,958.597412109375,2295670,0.0,0.0
2025-01-01,958.5999755859376,979.2999877929688,953.5,969.4000244140624,967.8324584960938,4024591,0.0,0.0
2025-01-02,975.5,998.0,968.7999877929688,991.3499755859376,989.7468872070312,3956740,0.0,0.0
2025-01-03,993.0,1025.4000244140625,990.6500244140624,997.9000244140624,996.2863159179688,5896120,0.0,0.0
2025-01-06,1004.9500122070312,1004.9500122070312,963.2000122070312,970.0499877929688,968.4813232421876,3370654,0.0,0.0
2025-01-07,970.1500244140624,994.5499877929688,970.1500244140624,983.5999755859376,982.0093994140624,3581533,0.0,0.0
2025-01-08,985.9000244140624,986.0,967.0999755859376,981.0499877929688,979.4635620117188,3781895,0.0,0.0
2025-01-09,981.0499877929688,985.3499755859376,970.4000244140624,980.9000244140624,979.3138427734376,3134034,0.0,0.0
2025-01-10,971.75,975.0,933.0499877929688,937.5999755859376,936.0838012695312,5611356,0.0,0.0
2025-01-13,936.9000244140624,973.5,934.5,941.7000122070312,940.1771850585938,8752532,0.0,0.0
2025-01-14,945.0999755859376,979.2999877929688,945.0999755859376,962.0999755859376,960.544189453125,5735697,0.0,0.0
2025-01-15,971.25,983.0,954.6500244140624,962.4500122070312,960.8936767578124,3633812,0.0,0.0
2025-01-16,967.0,990.6500244140624,967.0,975.3499755859376,973.7727661132812,3948431,0.0,0.0
2025-01-17,972.8499755859376,975.5999755859376,959.0,970.9500122070312,969.3799438476562,3066978,0.0,0.0
2025-01-20,966.2000122070312,980.4500122070312,948.0999755859376,970.7000122070312,969.1303100585938,4485164,0.0,0.0
2025-01-21,971.5499877929688,978.5,958.0,960.4500122070312,958.8969116210938,3369291,0.0,0.0
2025-01-22,964.4500122070312,977.5499877929688,949.1500244140624,970.9500122070312,969.3799438476562,2639472,0.0,0.0
2025-01-23,965.9500122070312,988.5499877929688,962.5,970.9500122070312,969.3799438476562,3359986,0.0,0.0
2025-01-24,970.8499755859376,973.0,948.25,950.7999877929688,949.262451171875,2938649,0.0,0.0
2025-01-27,947.0,947.0,923.7000122070312,926.4500122070312,924.951904296875,3907787,0.0,0.0
2025-01-28,937.3499755859376,948.9500122070312,925.7000122070312,934.1500244140624,932.639404296875,5708478,0.0,0.0
2025-01-29,935.7000122070312,953.0,931.9500122070312,948.2999877929688,946.7665405273438,2571504,0.0,0.0
2025-01-30,948.2999877929688,967.4000244140624,946.0999755859376,957.0499877929688,955.5023803710938,4509409,0.0,0.0
2025-01-31,957.5499877929688,999.2999877929688,953.0999755859376,991.2000122070312,989.59716796875,5365839,0.0,0.0
2025-02-01,977.0,1023.0,972.4000244140624,1009.4000244140624,1007.7677612304688,6054296,0.0,0.0
2025-02-03,994.0,1023.9500122070312,990.0999755859376,1012.7000122070312,1011.0623779296876,3655089,0.0,0.0
2025-02-04,1022.4500122070312,1053.9000244140625,1014.7000122070312,1047.1500244140625,1045.4566650390625,9861468,0.0,0.0
2025-02-05,1052.4000244140625,1078.699951171875,1052.4000244140625,1061.199951171875,1059.48388671875,5000442,0.0,0.0
2025-02-06,1062.0999755859375,1076.75,1058.050048828125,1065.550048828125,1063.8270263671875,3889634,0.0,0.0
2025-02-07,1061.5,1086.550048828125,1061.5,1079.0999755859375,1077.35498046875,3975043,0.0,0.0
2025-02-10,1076.0,1082.0,1062.699951171875,1068.0,1066.27294921875,4457091,0.0,0.0
2025-02-11,1063.5,1074.9000244140625,1047.6500244140625,1054.1500244140625,1052.4454345703125,4109028,0.0,0.0
2025-02-12,1060.449951171875,1063.949951171875,1020.25,1039.6500244140625,1037.9688720703125,4798340,0.0,0.0
2025-02-13,1039.5,1056.949951171875,1025.4000244140625,1047.25,1045.5565185546875,4539780,0.0,0.0
2025-02-14,1049.5999755859375,1058.0999755859375,1018.2000122070312,1024.4000244140625,1022.7434692382812,4036016,0.0,0.0
2025-02-17,1024.4000244140625,1050.949951171875,1013.0999755859376,1048.25,1046.554931640625,2795714,0.0,0.0
2025-02-18,1045.0,1051.5,1021.3499755859376,1024.0999755859375,1022.4439086914062,2620716,0.0,0.0
2025-02-19,1024.0999755859375,1042.050048828125,1015.9000244140624,1035.800048828125,1034.1251220703125,2464555,0.0,0.0
2025-02-20,1029.949951171875,1049.9000244140625,1025.5999755859375,1047.6500244140625,1045.9559326171875,1819683,0.0,0.0
2025-02-21,1041.550048828125,1055.800048828125,1038.949951171875,1043.75,1042.0621337890625,2589619,0.0,0.0
2025-02-24,1030.0999755859375,1038.75,1021.0999755859376,1029.1500244140625,1027.48583984375,3074297,0.0,0.0
2025-02-25,1028.199951171875,1041.699951171875,1026.3499755859375,1034.25,1032.5775146484375,3628538,0.0,0.0
2025-02-27,1046.9000244140625,1063.300048828125,1040.699951171875,1046.699951171875,1045.00732421875,5951737,0.0,0.0
2025-02-28,1040.0,1040.6500244140625,970.0999755859376,990.0999755859376,988.4989013671876,55666745,0.0,0.0
2025-03-03,978.9500122070312,986.2999877929688,947.0,984.0,982.4088134765624,6158061,0.0,0.0
2025-03-04,978.0,1003.5999755859376,966.9500122070312,987.5999755859376,986.0029296875,3271190,0.0,0.0
2025-03-05,984.25,995.25,970.6500244140624,971.8499755859376,970.2784423828124,3944062,0.0,0.0
2025-03-06,976.0,984.0999755859376,962.2000122070312,971.7000122070312,970.1287231445312,3928358,0.0,0.0
2025-03-07,971.0,976.5999755859376,932.2999877929688,936.75,935.2352294921876,7737031,0.0,0.0
2025-03-10,895.0,913.3499755859376,881.0999755859375,900.5,899.0438232421875,16014401,0.0,0.0
2025-03-11,810.4500122070312,810.4500122070312,649.0,655.9500122070312,654.8892822265625,101075220,0.0,0.0
2025-03-12,630.0,697.6500244140625,606.0,684.7000122070312,683.5927734375,108682122,0.0,0.0
2025-03-13,690.0,706.9000244140625,667.6500244140625,672.3499755859375,671.2627563476562,31592987,0.0,0.0
2025-03-17,705.0,709.9000244140625,675.0,677.4000244140625,676.3046264648438,22353102,0.0,0.0
2025-03-18,677.4000244140625,677.4000244140625,677.4000244140625,677.4000244140625,676.3046264648438,0,0.0,0.0
2025-03-19,685.0,700.7999877929688,682.5499877929688,692.7000122070312,691.5798950195312,11120576,0.0,0.0
2025-03-20,697.5,701.0,681.0,684.0999755859375,682.9937133789062,8918567,0.0,0.0
2025-03-21,685.0,693.8499755859375,672.2999877929688,686.9000244140625,685.7892456054688,14265415,0.0,0.0
2025-03-24,692.0,693.75,665.1500244140625,669.4500122070312,668.367431640625,14649992,0.0,0.0
2025-03-25,670.2000122070312,672.8499755859375,633.5999755859375,637.0499877929688,636.0198364257812,18615476,0.0,0.0
2025-03-26,637.4000244140625,662.5,637.4000244140625,655.2999877929688,654.2402954101562,23506399,0.0,0.0
2025-03-27,655.2999877929688,676.75,640.5,673.5499877929688,672.4608154296875,21589495,0.0,0.0
2025-03-28,672.0,673.9500122070312,643.5,649.8499755859375,648.7991333007812,8807815,0.0,0.0
2025-04-01,649.0,689.7999877929688,646.8499755859375,682.7000122070312,681.5960083007812,14019630,0.0,0.0
2025-04-02,682.7000122070312,708.4000244140625,675.0,702.4500122070312,701.3140869140625,14993840,0.0,0.0
2025-04-03,694.9500122070312,714.7000122070312,693.5,709.4000244140625,708.2528686523438,6972769,0.0,0.0
2025-04-04,701.0,704.9000244140625,675.6500244140625,682.0,680.8971557617188,9627949,0.0,0.0
2025-04-07,637.0,678.6500244140625,637.0,675.9000244140625,674.8070678710938,9382614,0.0,0.0
2025-04-08,684.9000244140625,695.9000244140625,673.0,679.6500244140625,678.5509643554688,5639989,0.0,0.0
2025-04-09,679.6500244140625,683.2999877929688,670.25,678.5499877929688,677.4526977539062,4243562,0.0,0.0
2025-04-11,684.9500122070312,694.0,675.5,689.5,688.385009765625,5019467,0.0,0.0
2025-04-15,705.0,741.0,693.0499877929688,735.9000244140625,734.7100219726562,12452925,0.0,0.0
2025-04-16,747.0,794.4000244140625,733.0,788.25,786.975341796875,31252589,0.0,0.0
2025-04-17,788.25,801.0,777.2999877929688,794.7000122070312,793.4149169921875,13986710,0.0,0.0
2025-04-21,802.0,841.9000244140625,798.3499755859375,828.2000122070312,826.8607788085938,15639685,0.0,0.0
2025-04-22,790.0,808.0,775.4000244140625,787.5,786.2265625,25698945,0.0,0.0
2025-04-23,797.4500122070312,805.0,782.0,794.2000122070312,792.9157104492188,10657940,0.0,0.0
2025-04-24,795.0,837.5,793.2999877929688,819.75,818.4243774414062,22577201,0.0,0.0
2025-04-25,822.0,829.0,807.3499755859375,822.3499755859375,821.0202026367188,11724192,0.0,0.0
2025-04-28,828.0,841.7999877929688,821.0499877929688,830.5499877929688,829.2069091796875,6929801,0.0,0.0
2025-04-29,841.9500122070312,852.0,828.5499877929688,836.9500122070312,835.5966186523438,8769289,0.0,0.0
2025-04-30,820.0,843.0999755859375,810.0499877929688,838.4000244140625,837.0442504882812,20241775,0.0,0.0
2025-05-02,835.0,863.5,833.0999755859375,856.4500122070312,855.0650634765625,7845964,0.0,0.0
2025-05-05,855.0,862.0,840.5499877929688,846.75,845.3807373046875,7875811,0.0,0.0
2025-05-06,846.75,851.25,821.9000244140625,831.7999877929688,830.4548950195312,10040705,0.0,0.0
2025-05-07,827.0,842.0,816.0999755859375,833.7999877929688,832.45166015625,9432595,0.0,0.0
2025-05-08,835.0,844.25,816.0,826.7999877929688,825.4630126953125,13290700,0.0,0.0
2025-05-09,805.5,826.4500122070312,805.5,818.2000122070312,816.8768920898438,5074137,0.0,0.0
2025-05-12,835.0,838.0,786.0,788.5,787.2249145507812,14573162,0.0,0.0
2025-05-13,794.0,804.0,769.0499877929688,770.0999755859375,768.8546752929688,10848937,0.0,0.0
2025-05-14,775.0,786.4000244140625,764.5499877929688,781.3499755859375,780.0864868164062,9164606,0.0,0.0
2025-05-15,778.0,782.6500244140625,757.8499755859375,780.5,779.2378540039062,7350633,0.0,0.0
2025-05-16,750.0,785.5,750.0,780.2000122070312,778.9383544921875,27168178,0.0,0.0
2025-05-19,779.9000244140625,791.9500122070312,770.2999877929688,784.0499877929688,782.7821044921875,7193105,0.0,0.0
2025-05-20,785.0,799.7000122070312,780.0499877929688,782.25,780.9850463867188,6637953,0.0,0.0
2025-05-21,783.0,786.7000122070312,761.0,769.9500122070312,768.7049560546875,8134620,0.0,0.0
2025-05-22,750.0,796.7000122070312,725.7999877929688,785.0,783.7305908203125,43477564,0.0,0.0
2025-05-23,781.0999755859375,799.2000122070312,777.2999877929688,793.4000244140625,792.1170654296875,9260373,0.0,0.0
2025-05-26,793.3499755859375,802.0,790.75,800.0999755859375,798.80615234375,5381797,0.0,0.0
2025-05-27,798.5999755859375,827.5999755859375,798.0,820.7000122070312,819.3728637695312,10346628,0.0,0.0
2025-05-28,820.5,820.7000122070312,802.9000244140625,805.1500244140625,803.8480224609375,5308859,0.0,0.0
2025-05-29,805.1500244140625,827.0,803.0499877929688,824.1500244140625,822.8173217773438,8791159,0.0,0.0
2025-05-30,821.0999755859375,823.8499755859375,811.0,816.9500122070312,815.6289672851562,5630146,0.0,0.0
2025-06-02,815.0,824.7999877929688,809.5499877929688,812.7000122070312,811.3858032226562,4094000,0.0,0.0
2025-06-03,818.4500122070312,818.4500122070312,798.1500244140625,800.8499755859375,799.554931640625,3241313,0.0,0.0
2025-06-04,807.7999877929688,815.4500122070312,803.0,814.3499755859375,813.0330810546875,3877545,0.0,0.0
2025-06-05,817.0,818.5,800.2999877929688,803.2000122070312,801.9011840820312,3366237,0.0,0.0
2025-06-06,807.0,845.8499755859375,805.0,822.8499755859375,821.5193481445312,10916786,0.0,0.0
2025-06-09,831.25,840.0,821.5,836.6500244140625,835.297119140625,6894267,0.0,0.0
2025-06-10,838.0,857.3499755859375,836.0,845.0499877929688,843.6834716796875,10162134,0.0,0.0
2025-06-11,845.25,851.4000244140625,834.4500122070312,836.2999877929688,834.9476318359375,2359273,0.0,0.0
2025-06-12,837.0,843.1500244140625,826.0,829.9000244140625,828.5580444335938,2742462,0.0,0.0
2025-06-13,819.0,826.7999877929688,813.0499877929688,816.8499755859375,815.529052734375,3164561,0.0,0.0
2025-06-16,817.0499877929688,824.7999877929688,810.25,821.25,819.9219970703125,2286257,0.0,0.0
2025-06-17,820.0,820.9500122070312,806.0499877929688,809.1500244140625,807.841552734375,2343961,0.0,0.0
2025-06-18,818.0499877929688,855.5,815.5499877929688,850.5,849.1246948242188,20826809,0.0,0.0
2025-06-19,847.0,849.5999755859375,835.4500122070312,837.5,836.1456909179688,4363823,0.0,0.0
2025-06-20,835.5,847.75,829.0,840.25,838.8912353515625,20961217,0.0,0.0
2025-06-23,835.2000122070312,845.0,826.5,839.9000244140625,838.5418701171875,3191499,0.0,0.0
2025-06-24,851.0,852.0,823.7999877929688,831.9500122070312,830.6046752929688,5482589,0.0,0.0
2025-06-25,834.0,838.7999877929688,828.0,829.7999877929688,828.4581298828125,4946637,0.0,0.0
2025-06-26,834.9000244140625,840.5,824.5,836.0999755859375,834.7479248046875,4451922,0.0,0.0
2025-06-27,836.0,881.0,831.5,857.7000122070312,856.3130493164062,12647856,0.0,0.0
2025-06-30,864.75,875.75,857.7000122070312,872.0999755859375,870.689697265625,4353159,0.0,0.0
2025-07-01,870.0999755859375,892.7999877929688,866.0499877929688,879.0999755859375,877.6784057617188,5729474,0.0,0.0
2025-07-02,875.5,875.5,847.7000122070312,857.6500244140625,856.2631225585938,10183147,0.0,0.0
2025-07-03,849.0,866.0,845.5499877929688,862.4000244140625,861.0054321289062,3855070,0.0,0.0
2025-07-04,857.0999755859375,863.9000244140625,849.4000244140625,856.25,854.8653564453125,2658812,0.0,0.0
2025-07-07,847.0,866.9500122070312,845.2000122070312,854.4500122070312,853.0682983398438,3295065,0.0,0.0
2025-07-08,855.0,862.9000244140625,848.4500122070312,850.2999877929688,848.9249877929688,2344400,0.0,0.0
2025-07-09,851.75,854.9000244140625,839.5499877929688,840.75,839.3904418945312,2406142,0.0,0.0
2025-07-10,845.0,855.7000122070312,840.9500122070312,852.8499755859375,851.4708251953125,2560806,0.0,0.0
2025-07-11,852.0,867.7000122070312,849.5999755859375,858.8499755859375,857.461181640625,3849544,0.0,0.0
2025-07-14,858.7999877929688,873.5,857.4500122070312,867.5999755859375,866.197021484375,3605770,0.0,0.0
2025-07-15,871.0,886.75,869.6500244140625,881.0,879.5753784179688,3532750,0.0,0.0
2025-07-16,876.0,888.9500122070312,876.0,879.75,878.327392578125,2863446,0.0,0.0
2025-07-17,879.75,890.9000244140625,862.75,865.0999755859375,863.7010498046875,4185118,0.0,0.0
2025-07-18,866.0,876.4500122070312,861.25,870.0499877929688,868.64306640625,2622714,0.0,0.0
2025-07-21,870.0499877929688,870.0499877929688,830.5999755859375,858.7999877929688,857.4112548828125,6765856,0.0,0.0
2025-07-22,880.0,884.6500244140625,841.0999755859375,843.2000122070312,841.8364868164062,7686762,0.0,0.0
2025-07-23,849.0,854.0,841.7999877929688,851.1500244140625,849.773681640625,2623940,0.0,0.0
2025-07-24,855.25,860.7999877929688,845.0,847.9000244140625,846.5289306640625,2006984,0.0,0.0
2025-07-25,846.4000244140625,848.4000244140625,821.4000244140625,823.7000122070312,822.3680419921875,2805230,0.0,0.0
2025-07-28,825.0,828.75,798.0,802.0499877929688,800.7529907226562,5922408,0.0,0.0
2025-07-29,800.0,818.8499755859375,790.0,808.2000122070312,806.89306640625,16766666,0.0,0.0
2025-07-30,811.0,814.7999877929688,795.5499877929688,801.9000244140625,800.603271484375,3218643,0.0,0.0
2025-07-31,795.5999755859375,806.0,789.0999755859375,798.9000244140625,797.608154296875,4480429,0.0,0.0
2025-08-01,792.5,798.6500244140625,779.7000122070312,783.7000122070312,782.4327392578125,4739250,0.0,0.0
2025-08-04,783.0,805.5999755859375,781.0,804.0499877929688,802.749755859375,2980888,0.0,0.0
2025-08-05,820.0,848.7000122070312,810.0499877929688,819.1500244140625,817.8253784179688,18982770,0.0,0.0
2025-08-06,822.0,822.0,795.4000244140625,803.3499755859375,802.0509033203125,5249912,0.0,0.0
2025-08-07,801.8499755859375,810.0,789.0999755859375,807.3499755859375,806.04443359375,2553303,0.0,0.0
2025-08-08,806.5999755859375,808.5,779.0,782.4500122070312,781.1847534179688,2490574,0.0,0.0
2025-08-11,784.5,790.0999755859375,777.8499755859375,783.25,781.9833984375,1629229,0.0,0.0
2025-08-12,784.0499877929688,791.3499755859375,780.7999877929688,783.0499877929688,781.7837524414062,1462522,0.0,0.0
2025-08-13,787.0,787.7999877929688,766.7000122070312,773.4500122070312,772.1992797851562,4114205,0.0,0.0
2025-08-14,773.4500122070312,779.7999877929688,765.7000122070312,769.75,768.5052490234375,1859573,0.0,0.0
2025-08-18,777.5,795.9000244140625,777.5,788.6500244140625,787.3746948242188,3029689,0.0,0.0
2025-08-19,787.25,790.7000122070312,780.8499755859375,785.5,784.2297973632812,2807872,0.0,0.0
2025-08-20,786.4500122070312,790.2000122070312,777.0,778.2000122070312,776.9415893554688,2332155,0.0,0.0
2025-08-21,781.0,781.8499755859375,766.5,767.4500122070312,766.208984375,3324022,0.0,0.0
2025-08-22,767.4500122070312,772.7000122070312,758.75,760.0999755859375,758.870849609375,2483587,0.0,0.0
2025-08-25,767.9500122070312,775.0,761.5,770.8499755859375,769.6034545898438,2790762,0.0,0.0
2025-08-26,770.8499755859375,773.0,754.1500244140625,756.4000244140625,755.1768798828125,3306397,0.0,0.0
2025-08-28,756.4000244140625,762.4000244140625,744.8499755859375,746.5999755859375,745.3926391601562,3085661,0.0,0.0
2025-08-29,743.0,750.3499755859375,738.0,739.5,738.30419921875,2538543,0.0,0.0
2025-09-01,742.4000244140625,754.0,741.5,752.8499755859375,751.632568359375,1436082,0.0,0.0
2025-09-02,753.0,758.75,747.5,751.2000122070312,749.9852905273438,1330606,0.0,0.0
2025-09-03,750.0,769.0,749.2000122070312,768.0999755859375,766.85791015625,1933362,0.0,0.0
2025-09-04,771.7999877929688,773.4000244140625,752.8499755859375,754.8499755859375,753.6293334960938,1401421,0.0,0.0
2025-09-05,756.3499755859375,759.5,750.0,757.0499877929688,755.8258056640625,2873689,0.0,0.0
2025-09-08,759.5,760.5,746.5,750.75,749.5360107421875,2330647,0.0,0.0
2025-09-09,753.6500244140625,755.0999755859375,745.0999755859375,746.1500244140625,744.9434204101562,1347461,0.0,0.0
2025-09-10,750.2000122070312,755.8499755859375,746.0999755859375,751.25,750.03515625,1350420,0.0,0.0
2025-09-11,751.5,754.2999877929688,747.5,748.5999755859375,747.389404296875,975314,0.0,0.0
2025-09-12,753.0,754.3499755859375,739.25,740.5,739.3025512695312,1853165,0.0,0.0
2025-09-15,741.0,744.4000244140625,738.0999755859375,739.9000244140625,738.7035522460938,1499071,0.0,0.0
2025-09-16,740.7000122070312,748.9500122070312,734.5999755859375,742.25,741.0497436523438,2892657,0.0,0.0
2025-09-17,745.0,745.9000244140625,737.0499877929688,739.0499877929688,737.8549194335938,2280605,0.0,0.0
2025-09-18,742.4500122070312,743.0,732.5,735.4500122070312,734.2607421875,2280312,0.0,0.0
2025-09-19,738.0,746.9500122070312,736.1500244140625,744.4000244140625,743.1962890625,8190278,0.0,0.0
2025-09-22,744.4000244140625,748.2999877929688,733.4000244140625,734.2999877929688,733.112548828125,1884250,0.0,0.0
2025-09-23,735.0,757.0,729.0499877929688,755.25,754.0286865234375,4501893,0.0,0.0
2025-09-24,755.25,758.9500122070312,738.9000244140625,740.75,739.5521240234375,2993982,0.0,0.0
2025-09-25,740.9500122070312,745.5999755859375,735.4000244140625,740.75,739.5521240234375,3037406,0.0,0.0
2025-09-26,742.0,742.6500244140625,710.5999755859375,712.75,711.597412109375,5779485,0.0,0.0
2025-09-29,717.75,734.8499755859375,712.5499877929688,723.4000244140625,722.230224609375,41100690,0.0,0.0
2025-09-30,730.0,737.7000122070312,722.5499877929688,735.5499877929688,734.3605346679688,3965781,0.0,0.0
2025-10-01,732.2000122070312,745.4500122070312,726.0,743.1500244140625,741.9483032226562,4127017,0.0,0.0
2025-10-03,743.2000122070312,758.9500122070312,741.75,747.4000244140625,746.19140625,4112610,0.0,0.0
2025-10-06,742.0,755.5999755859375,734.0999755859375,739.2999877929688,738.1044921875,5118797,0.0,0.0
2025-10-07,742.9500122070312,752.4000244140625,740.4500122070312,749.0,747.788818359375,4348518,0.0,0.0
2025-10-08,747.0499877929688,754.0999755859375,739.1500244140625,740.9500122070312,739.7518310546875,4238626,0.0,0.0
2025-10-09,744.0,753.2999877929688,743.0,749.1500244140625,747.9385986328125,3506978,0.0,0.0
2025-10-10,749.5999755859375,766.75,747.75,763.3499755859375,762.1156005859375,5386722,0.0,0.0
2025-10-13,758.0,767.9500122070312,757.0499877929688,759.9000244140625,758.6712036132812,2906803,0.0,0.0
2025-10-14,758.0,763.0499877929688,743.2999877929688,750.4000244140625,749.1865844726562,1833516,0.0,0.0
2025-10-15,752.3499755859375,753.0,733.2000122070312,740.0999755859375,738.9031982421875,2333738,0.0,0.0
2025-10-16,742.9000244140625,744.8499755859375,735.0,739.5,738.30419921875,3056360,0.0,0.0
2025-10-17,740.0,761.0,734.5,751.0,749.7855834960938,4770012,0.0,0.0
2025-10-20,743.0,770.6500244140625,726.2999877929688,759.75,758.5214233398438,9184006,0.0,0.0
2025-10-21,761.9500122070312,762.9000244140625,756.0,758.4500122070312,757.2235717773438,350896,0.0,0.0
2025-10-23,759.0,766.0,751.7999877929688,759.5999755859375,758.3716430664062,5363491,0.0,0.0
2025-10-24,759.9500122070312,759.9500122070312,750.8499755859375,755.0499877929688,753.8290405273438,2001556,0.0,0.0
2025-10-27,755.7000122070312,772.0,753.1500244140625,770.0499877929688,768.8047485351562,3590863,0.0,0.0
2025-10-28,773.9000244140625,801.9500122070312,772.4500122070312,799.75,798.4567260742188,8948361,0.0,0.0
2025-10-29,804.0,810.0499877929688,793.7999877929688,807.4500122070312,806.144287109375,4077629,0.0,0.0
2025-10-30,807.0,810.0,797.25,800.9500122070312,799.6548461914062,4103276,0.0,0.0
2025-10-31,800.9500122070312,806.5,792.0,794.7999877929688,793.5147094726562,3511425,0.0,0.0
2025-11-03,794.7999877929688,803.7000122070312,791.1500244140625,796.9000244140625,795.6113891601562,2640561,0.0,0.0
2025-11-04,797.0499877929688,799.25,785.0999755859375,790.2000122070312,788.9221801757812,3505823,0.0,0.0
2025-11-06,791.0,797.5,777.3499755859375,786.2000122070312,784.9286499023438,2640541,0.0,0.0
2025-11-07,782.1500244140625,801.9500122070312,779.0999755859375,797.25,795.9608154296875,2079256,0.0,0.0
2025-11-10,791.0,807.7999877929688,791.0,799.3499755859375,798.057373046875,1894738,0.0,0.0
2025-11-11,799.7000122070312,828.2000122070312,792.7999877929688,826.0999755859375,824.7640991210938,7150449,0.0,0.0
2025-11-12,830.0499877929688,873.0,827.0,864.4000244140625,863.002197265625,11714519,0.0,0.0
2025-11-13,862.0,892.3499755859375,859.0499877929688,863.4500122070312,862.0537719726562,9325204,0.0,0.0
2025-11-14,864.0,872.0,845.8499755859375,848.25,846.8782958984375,4460991,0.0,0.0
2025-11-17,852.0,861.75,838.5,854.0499877929688,852.6689453125,4019335,0.0,0.0
2025-11-18,854.0499877929688,858.5,845.0499877929688,847.9500122070312,846.5787963867188,1958051,0.0,0.0
2025-11-19,850.0,850.2999877929688,836.2999877929688,839.5999755859375,838.2423095703125,2317710,0.0,0.0
2025-11-20,844.0,844.0,827.5,829.4000244140625,828.058837890625,5136903,0.0,0.0
2025-11-21,832.2000122070312,856.7999877929688,830.5499877929688,846.5499877929688,845.1810302734375,7304707,0.0,0.0
2025-11-24,847.0999755859375,857.5,832.5499877929688,836.0499877929688,834.6980590820312,5082933,0.0,0.0
2025-11-25,836.0499877929688,844.9000244140625,829.0499877929688,839.9000244140625,838.5418701171875,3021941,0.0,0.0
2025-11-26,844.9000244140625,858.7000122070312,841.0,850.7000122070312,849.3243408203125,2939823,0.0,0.0
2025-11-27,853.0,863.75,846.5499877929688,857.4500122070312,856.0634765625,3016014,0.0,0.0
2025-11-28,859.6500244140625,863.0,851.5,858.5499877929688,857.16162109375,2901007,0.0,0.0
2025-12-01,860.0,862.4000244140625,842.6500244140625,847.1500244140625,845.7800903320312,3019328,0.0,0.0
2025-12-02,847.1500244140625,860.5,845.4000244140625,850.2999877929688,848.9249877929688,2674933,0.0,0.0
2025-12-03,854.0,856.2999877929688,841.3499755859375,846.9000244140625,845.530517578125,2063761,0.0,0.0
2025-12-04,846.0,873.0,842.9000244140625,863.0,861.6044921875,4259999,0.0,0.0
2025-12-05,863.6500244140625,874.4000244140625,856.0999755859375,870.0999755859375,868.6929321289062,3377823,0.0,0.0
2025-12-08,870.0999755859375,873.5999755859375,834.5,841.4000244140625,840.0394287109375,2015558,0.0,0.0
2025-12-09,841.4500122070312,848.7000122070312,832.1500244140625,844.3499755859375,842.984619140625,3015385,0.0,0.0
2025-12-10,847.7999877929688,851.5999755859375,828.1500244140625,833.8499755859375,832.5015869140625,2623610,0.0,0.0
2025-12-11,834.4500122070312,842.7999877929688,827.5,835.5499877929688,834.1988525390625,2810755,0.0,0.0
2025-12-12,840.0499877929688,851.2000122070312,839.0,846.1500244140625,844.78173828125,3492109,0.0,0.0
2025-12-15,845.9500122070312,853.5,835.4000244140625,851.25,849.8734741210938,2458486,0.0,0.0
2025-12-16,854.0,856.7999877929688,841.8499755859375,845.0499877929688,843.6834716796875,2811166,0.0,0.0
2025-12-17,838.2000122070312,846.0999755859375,827.7999877929688,833.8499755859375,832.5015869140625,3107473,0.0,0.0
2025-12-18,830.7999877929688,842.5,826.0,834.9000244140625,833.5499267578125,1537403,0.0,0.0
2025-12-19,834.9000244140625,847.9000244140625,831.0,844.7000122070312,843.3340454101562,7000947,0.0,0.0
2025-12-22,845.0,862.7999877929688,840.9000244140625,856.4000244140625,855.01513671875,2387606,0.0,0.0
2025-12-23,856.4000244140625,859.7000122070312,846.2000122070312,849.9000244140625,848.5256958007812,1628642,0.0,0.0
2025-12-24,850.0,858.8499755859375,844.2000122070312,848.0499877929688,846.6786499023438,1947886,0.0,0.0
2025-12-26,841.0499877929688,858.9000244140625,837.0999755859375,849.8499755859375,848.4757080078125,4257972,0.0,0.0
2025-12-29,849.7999877929688,854.5499877929688,836.5999755859375,839.5999755859375,838.2423095703125,1907670,0.0,0.0
2025-12-30,839.5999755859375,844.0999755859375,833.25,841.5,840.1392211914062,4409838,0.0,0.0
2025-12-31,841.5,869.5999755859375,836.5499877929688,864.2000122070312,862.8025512695312,2887744,0.0,0.0
2026-01-01,865.4500122070312,891.5999755859375,863.5,890.2000122070312,888.760498046875,4244931,0.0,0.0
2026-01-02,896.0,909.75,890.25,902.4500122070312,900.9906616210938,6250730,0.0,0.0
2026-01-05,905.0,910.0,892.5,899.9500122070312,898.4947509765625,2521435,0.0,0.0
2026-01-06,898.0,924.0,886.5,914.25,912.7716064453124,8308942,0.0,0.0
2026-01-07,914.5,924.7000122070312,892.8499755859375,897.8499755859375,896.3980712890625,2952528,0.0,0.0
2026-01-08,897.0,902.75,876.0999755859375,883.4500122070312,882.0214233398438,3567518,0.0,0.0
2026-01-09,878.0499877929688,892.0,878.0499877929688,882.25,880.8233642578125,2515780,0.0,0.0
2026-01-12,880.2000122070312,907.9500122070312,879.0999755859375,905.4500122070312,903.98583984375,4015935,0.0,0.0
2026-01-13,909.0,913.7000122070312,897.5,910.5499877929688,909.0775756835938,3958844,0.0,0.0
2026-01-14,913.0,948.9000244140624,905.0,944.5,942.97265625,11559313,0.0,0.0
2026-01-16,945.0,960.2000122070312,938.0499877929688,953.8499755859376,952.3075561523438,10345071,0.0,0.0
2026-01-19,947.9500122070312,961.9000244140624,941.4500122070312,949.7999877929688,948.2640991210938,5455304,0.0,0.0
2026-01-20,946.0,948.0,899.0499877929688,905.1500244140624,903.6863403320312,6701234,0.0,0.0
2026-01-21,908.0,919.1500244140624,891.4500122070312,907.1500244140624,905.68310546875,3567143,0.0,0.0
2026-01-22,911.0,916.2000122070312,892.9000244140625,902.4500122070312,900.9906616210938,2338485,0.0,0.0
2026-01-23,900.0499877929688,914.5999755859376,888.25,892.4500122070312,891.0068359375,5907525,0.0,0.0
2026-01-27,875.0,897.0,851.1500244140625,894.75,893.3031005859375,8419598,0.0,0.0
2026-01-28,898.75,903.0,877.6500244140625,901.7000122070312,900.2418823242188,2982683,0.0,0.0
2026-01-29,899.9000244140625,904.5,890.7000122070312,898.4000244140625,896.947265625,4382116,0.0,0.0
2026-01-30,892.0999755859375,902.75,888.2000122070312,896.0999755859375,894.6509399414062,2867342,0.0,0.0
2026-02-02,889.0,914.5,884.3499755859375,910.25,908.778076171875,3762702,0.0,0.0
2026-02-03,951.2999877929688,959.5999755859376,916.3499755859376,922.4000244140624,920.908447265625,9608114,0.0,0.0
2026-02-04,922.0,932.0,915.7999877929688,921.2999877929688,919.8101806640624,2883259,0.0,0.0
2026-02-05,918.0999755859376,922.1500244140624,902.2999877929688,914.4000244140624,912.92138671875,2552518,0.0,0.0
2026-02-06,909.0999755859376,917.0499877929688,895.0,903.5999755859376,902.1387939453124,2711855,0.0,0.0
2026-02-09,910.0,936.9500122070312,900.3499755859375,927.9000244140624,926.3995361328124,6863941,0.0,0.0
2026-02-10,927.9000244140624,933.0,920.0,927.5999755859376,926.0999755859376,2768617,0.0,0.0
2026-02-11,927.9000244140624,928.2999877929688,915.0,925.0,923.5042114257812,2473671,0.0,0.0
2026-02-12,928.7000122070312,937.0,915.0,922.7000122070312,921.2079467773438,3082642,0.0,0.0
2026-02-13,922.0,929.9500122070312,903.3499755859376,926.0499877929688,924.552490234375,2860622,0.0,0.0
2026-02-16,930.0,933.7000122070312,912.1500244140624,931.9000244140624,930.39306640625,2098887,0.0,0.0
2026-02-17,931.9000244140624,952.2000122070312,928.2000122070312,943.7999877929688,942.2738037109376,6284594,0.0,0.0
2026-02-18,944.0,950.0,932.7999877929688,944.6500244140624,943.1224365234376,3474257,0.0,0.0
2026-02-19,944.5,944.5,923.2000122070312,927.3499755859376,925.8504028320312,2641817,0.0,0.0
2026-02-20,934.0,947.9000244140624,922.6500244140624,926.0499877929688,924.552490234375,6462199,0.0,0.0
2026-02-23,926.0499877929688,934.6500244140624,911.9500122070312,919.75,918.2626953125,4217172,0.0,0.0
2026-02-24,919.75,934.4000244140624,912.0,931.4000244140624,929.8938598632812,3079572,0.0,0.0
2026-02-25,934.0,941.8499755859376,932.0999755859376,937.3499755859376,935.834228515625,1173030,0.0,0.0
2026-02-26,938.0,968.8499755859376,936.2999877929688,964.5999755859376,963.0401611328124,8974624,0.0,0.0
2026-02-27,963.0,968.0,951.2000122070312,956.75,955.202880859375,3745120,0.0,0.0
2026-03-02,939.0,955.9500122070312,933.2000122070312,942.5,940.9758911132812,1568186,0.0,0.0
2026-03-04,930.0,942.9500122070312,916.7000122070312,927.5499877929688,926.050048828125,2527046,0.0,0.0
2026-03-05,930.0499877929688,947.5499877929688,926.9500122070312,937.2000122070312,935.6845092773438,1949212,0.0,0.0
2026-03-06,935.0,942.9000244140624,912.0499877929688,917.8499755859376,916.36572265625,1153433,0.0,0.0
2026-03-09,899.0,900.0,870.5499877929688,881.2000122070312,879.7750244140625,3362985,0.0,0.0
2026-03-10,892.0,904.0499877929688,885.0,898.7000122070312,897.2467651367188,4547967,0.0,0.0
2026-03-11,897.2000122070312,907.5,873.1500244140625,877.1500244140625,875.7316284179688,2754525,0.0,0.0
2026-03-12,870.0,870.5,828.0,831.3499755859375,830.005615234375,7514347,0.0,0.0
2026-03-13,827.0,833.1500244140625,804.7999877929688,814.4000244140625,813.0830688476562,5606889,0.0,0.0
2026-03-16,814.5499877929688,830.0,806.2000122070312,825.0499877929688,823.7158203125,3107008,0.0,0.0
2026-03-17,825.0,825.0,808.0,820.8499755859375,819.5225830078125,3713235,0.0,0.0
2026-03-18,819.5999755859375,847.9000244140625,815.5999755859375,842.1500244140625,840.7882080078125,4695600,0.0,0.0
2026-03-19,828.2000122070312,831.25,812.9500122070312,816.2999877929688,814.97998046875,5080824,0.0,0.0
2026-03-20,822.0,837.0,813.0999755859375,818.5999755859375,817.2762451171875,7872290,0.0,0.0
2026-03-23,806.2999877929688,809.0,771.9000244140625,778.3499755859375,777.09130859375,7448050,0.0,0.0
2026-03-24,789.8499755859375,802.1500244140625,771.7000122070312,797.25,795.9608154296875,6347812,0.0,0.0
2026-03-25,802.9500122070312,834.2999877929688,802.9500122070312,818.4000244140625,817.0765991210938,3095936,0.0,0.0
2026-03-27,809.0,816.2000122070312,785.2999877929688,792.5499877929688,791.2683715820312,6211886,0.0,0.0
2026-03-30,781.0,784.0,750.5,752.4500122070312,751.2332153320312,7093604,0.0,0.0
2026-04-01,765.9500122070312,793.6500244140625,765.9500122070312,785.6500244140625,784.3795776367188,4336917,0.0,0.0
2026-04-02,772.2000122070312,784.75,754.0,778.7000122070312,777.4407958984375,2481604,0.0,0.0
2026-04-06,774.5999755859375,788.2999877929688,756.4000244140625,786.2000122070312,784.9286499023438,2512596,0.0,0.0
2026-04-07,778.0,787.7999877929688,770.2999877929688,784.7999877929688,783.5308837890625,1165539,0.0,0.0
2026-04-08,812.0,840.8499755859375,810.0,835.9500122070312,834.5982055664062,3572416,0.0,0.0
2026-04-09,831.8499755859375,834.9000244140625,812.0,814.5499877929688,813.2327880859375,2531440,0.0,0.0
2026-04-10,818.5,835.4500122070312,817.7999877929688,830.9000244140625,829.556396484375,1509168,0.0,0.0
2026-04-13,807.0999755859375,822.2000122070312,800.7000122070312,818.9000244140625,817.5758056640625,1555260,0.0,0.0
2026-04-15,832.0,850.0,828.1500244140625,840.0999755859375,838.741455078125,3272348,0.0,0.0
2026-04-16,845.5,857.25,840.9000244140625,847.9000244140625,846.5289306640625,3785293,0.0,0.0
2026-04-17,849.0,857.4500122070312,838.5499877929688,853.9000244140625,852.5192260742188,1850548,0.0,0.0
2026-04-20,853.9000244140625,856.0,839.5,851.9500122070312,850.5723266601562,2453075,0.0,0.0
2026-04-21,857.7000122070312,865.8499755859375,854.8499755859375,856.4000244140625,855.01513671875,975223,0.0,0.0
2026-04-22,851.0,873.0,851.0,870.0999755859375,868.6929321289062,2253573,0.0,0.0
2026-04-23,861.7000122070312,869.7000122070312,854.1500244140625,860.3499755859375,858.958740234375,1561128,0.0,0.0
2026-04-24,868.0,868.0,839.0,847.9500122070312,846.5787963867188,1453183,0.0,0.0
2026-04-27,865.2000122070312,903.5,865.2000122070312,900.1500244140625,898.6943969726562,11254307,0.0,0.0
2026-04-28,890.1500244140625,895.7000122070312,882.4500122070312,885.5499877929688,884.1179809570312,5748485,0.0,0.0
2026-04-29,891.0,925.0,891.0,913.75,912.2723999023438,3485256,0.0,0.0
2026-04-30,906.0,920.0,895.25,916.0499877929688,914.5686645507812,3438569,0.0,0.0
2026-05-04,925.25,942.4000244140624,911.0999755859376,913.9000244140624,912.4221801757812,1973688,0.0,0.0
2026-05-05,911.0999755859376,918.0999755859376,903.0,910.7000122070312,909.2273559570312,2006111,0.0,0.0
2026-05-06,920.4000244140624,949.75,917.9500122070312,946.75,945.2190551757812,2901974,0.0,0.0
2026-05-07,948.25,951.6500244140624,934.0999755859376,946.9500122070312,945.418701171875,2007411,0.0,0.0
2026-05-08,946.0,957.9000244140624,940.5,950.75,949.2125854492188,1604266,0.0,0.0
2026-05-11,939.0,940.9000244140624,918.0999755859376,922.2999877929688,920.8085327148438,1584134,0.0,0.0
2026-05-12,920.0,922.2999877929688,890.0999755859375,892.8499755859375,891.4061889648438,1374763,0.0,0.0
2026-05-13,891.0,906.7999877929688,890.2999877929688,892.5,891.0567626953125,1428120,0.0,0.0
2026-05-14,895.0,914.5,886.2000122070312,907.9000244140624,906.431884765625,1862991,0.0,0.0
2026-05-15,910.0,910.0,881.9500122070312,886.4000244140625,884.9666748046875,1437283,0.0,0.0
2026-05-18,885.75,895.9000244140625,870.2000122070312,892.1500244140625,890.7073364257812,1421988,0.0,0.0
2026-05-19,898.5,904.0999755859376,888.7999877929688,895.25,893.8023071289062,1303728,0.0,0.0
2026-05-20,885.5499877929688,900.7999877929688,881.1500244140625,897.1500244140625,895.6992797851562,2947978,0.0,0.0
2026-05-21,905.5,913.9000244140624,892.2999877929688,899.9500122070312,898.4947509765625,2144884,0.0,0.0
2026-05-22,903.0,914.5,902.7000122070312,910.1500244140624,908.67822265625,1165558,0.0,0.0
2026-05-25,920.1500244140624,933.5,920.1500244140624,926.0999755859376,924.6024169921876,1193834,0.0,0.0
2026-05-26,926.2000122070312,935.0,921.0,932.2999877929688,930.7924194335938,2323571,0.0,0.0
2026-05-27,930.5,939.7999877929688,928.0,932.2999877929688,930.7924194335938,1088920,0.0,0.0
2026-05-29,930.5999755859376,940.2000122070312,910.3499755859376,914.3499755859376,912.8713989257812,3160610,0.0,0.0
2026-06-01,917.75,925.9000244140624,896.7999877929688,901.1500244140624,899.6928100585938,1597794,0.0,0.0
2026-06-02,893.2999877929688,915.7999877929688,890.4500122070312,912.5,911.0244140625,1756559,0.0,0.0
2026-06-03,907.0999755859376,907.9000244140624,884.0499877929688,899.9500122070312,898.4947509765625,2302274,0.0,0.0
2026-06-04,903.7000122070312,907.0999755859376,895.5,903.2000122070312,901.7394409179688,1798199,0.0,0.0
2026-06-05,899.0,925.7999877929688,896.0999755859375,904.7999877929688,903.3368530273438,1890312,0.0,0.0
2026-06-08,881.0,903.7000122070312,881.0,895.0499877929688,893.6026000976562,1864831,0.0,0.0
2026-06-09,896.0499877929688,928.0,896.0499877929688,922.7999877929688,921.3077392578124,1694676,0.0,0.0
2026-06-10,922.8499755859376,923.75,881.8499755859375,883.9500122070312,882.5206298828125,1993081,0.0,0.0
2026-06-11,883.8499755859375,897.5999755859375,881.75,888.9500122070312,887.5125122070312,1768283,0.0,0.0
2026-06-12,901.4500122070312,919.7000122070312,889.9500122070312,917.3499755859376,915.8665771484376,2663666,0.0,0.0
2026-06-15,926.0,953.5,923.0999755859376,933.2000122070312,931.6909790039062,3037001,0.0,0.0
2026-06-16,933.0,936.0499877929688,922.0,926.0,924.5025634765624,1602315,0.0,0.0
2026-06-17,926.0,938.4000244140624,920.2000122070312,936.2000122070312,934.6860961914062,1193109,0.0,0.0
2026-06-18,937.0,941.5,932.25,938.75,937.2319946289062,1007080,0.0,0.0
2026-06-19,938.5,950.5499877929688,931.2000122070312,947.4500122070312,945.9179077148438,6521623,0.0,0.0
2026-06-22,947.0,947.0,913.9000244140624,921.0499877929688,919.5606079101562,3031578,0.0,0.0
2026-06-23,923.0,924.0,902.7999877929688,905.4500122070312,903.98583984375,1163601,0.0,0.0
2026-06-24,904.0499877929688,933.9000244140624,900.1500244140625,927.5999755859376,926.0999755859376,1793188,0.0,0.0
2026-06-25,933.0,936.9000244140624,915.5,918.9500122070312,918.9500122070312,1469160,1.5,0.0
2026-06-29,918.9500122070312,921.6500244140624,908.0999755859376,915.4000244140624,915.4000244140624,3346498,0.0,0.0
2026-06-30,916.4500122070312,933.0999755859376,916.4500122070312,924.2000122070312,924.2000122070312,2515841,0.0,0.0
2026-07-01,927.0499877929688,949.5499877929688,927.0499877929688,941.5999755859376,941.5999755859376,2290915,0.0,0.0
2026-07-02,941.5999755859376,944.9000244140624,931.5999755859376,943.5,943.5,1177319,0.0,0.0
2026-07-03,948.0,978.4000244140624,942.0999755859376,974.3499755859376,974.3499755859376,3819865,0.0,0.0
2026-07-06,968.0,1012.2999877929688,960.0,1009.7999877929688,1009.7999877929688,4977371,0.0,0.0
2026-07-07,1009.7000122070312,1038.0,1004.2999877929688,1022.25,1022.25,5804915,0.0,0.0
2026-07-08,1015.9000244140624,1031.300048828125,989.7999877929688,994.6500244140624,994.6500244140624,3903183,0.0,0.0
2026-07-09,995.9000244140624,1022.3499755859376,995.9000244140624,1015.1500244140624,1015.1500244140624,1952468,0.0,0.0
2026-07-10,1019.7000122070312,1031.6500244140625,1013.7000122070312,1015.7999877929688,1015.7999877929688,1084109,0.0,0.0
2026-07-13,1010.0,1018.2000122070312,1000.5499877929688,1012.9000244140624,1012.9000244140624,862018,0.0,0.0
2026-07-14,1008.9000244140624,1009.0,994.0999755859376,997.3499755859376,997.3499755859376,767488,0.0,0.0
2026-07-15,998.4000244140624,1022.8499755859376,992.0,1009.7000122070312,1009.7000122070312,1491258,0.0,0.0
2026-07-16,1018.0,1019.0,1005.5499877929688,1013.5,1013.5,695548,0.0,0.0
2026-07-17,1013.7999877929688,1031.199951171875,1010.0,1027.199951171875,1027.199951171875,2257757,0.0,0.0
2026-07-20,1029.0,1034.6500244140625,1017.1500244140624,1032.8499755859375,1032.8499755859375,1686017,0.0,0.0
2026-07-21,1037.800048828125,1068.800048828125,1031.449951171875,1063.449951171875,1063.449951171875,5124543,0.0,0.0
2026-07-22,1058.0,1077.8499755859375,1055.6500244140625,1069.300048828125,1069.300048828125,5069159,0.0,0.0
2026-07-23,1036.5999755859375,1042.199951171875,998.1500244140624,1005.5,1005.5,7505583,0.0,0.0
2026-07-24,1000.0,1003.4500122070312,984.0499877929688,996.0499877929688,996.0499877929688,1995292,0.0,0.0
2026-07-27,1003.0,1015.5999755859376,1000.0999755859376,1006.6500244140624,1006.6500244140624,1979222,0.0,0.0
2026-07-28,1001.0,1006.0,989.2000122070312,991.9500122070312,991.9500122070312,1643112,0.0,0.0
2026-07-29,995.0499877929688,1015.0,993.5499877929688,1012.2999877929688,1012.2999877929688,1232625,0.0,0.0
2026-07-30,1012.2999877929688,1013.5999755859376,999.0,1011.4500122070312,1011.4500122070312,1237239,0.0,0.0
2026-07-31,1011.4500122070312,1017.9000244140624,996.4000244140624,1012.4500122070312,1012.4500122070312,2922821,0.0,0.0
2026-08-03,1019.0,1028.9000244140625,1013.2999877929688,1028.9000244140625,1028.9000244140625,887652,0.0,0.0
2026-08-04,1028.9000244140625,1028.9000244140625,1014.5999755859376,1026.0,1026.0,720413,0.0,0.0
2026-08-05,1025.0,1038.0,1013.0999755859376,1019.0,1019.0,1367377,0.0,0.0
2026-08-06,1016.0,1033.9000244140625,1011.0,1016.2000122070312,1016.2000122070312,769423,0.0,0.0
2026-08-07,1010.2999877929688,1024.9000244140625,1004.4000244140624,1022.0,1022.0,1727371,0.0,0.0
2026-08-10,1022.0,1028.0,1012.0,1027.300048828125,1027.300048828125,1042293,0.0,0.0
2026-08-11,1023.0,1024.0,1005.0,1008.9000244140624,1008.9000244140624,1400560,0.0,0.0
2026-08-12,1009.0,1022.7000122070312,1006.5,1017.5,1017.5,915131,0.0,0.0
2026-08-13,1015.0,1024.699951171875,1009.0,1024.699951171875,1024.699951171875,674807,0.0,0.0
2026-08-14,1022.5,1026.5999755859375,1014.2000122070312,1020.7999877929688,1020.7999877929688,1034094,0.0,0.0
2026-08-17,1020.0,1020.0,1002.5,1010.5999755859376,1010.5999755859376,1108193,0.0,0.0
2026-08-18,1007.0,1019.5,1007.0,1015.0,1015.0,539358,0.0,0.0
2026-08-19,1011.9000244140624,1016.7000122070312,1007.5999755859376,1016.7000122070312,1016.7000122070312,433216,0.0,0.0
2026-08-20,1013.0,1014.5,1002.0,1008.0,1008.0,858064,0.0,0.0
2026-08-21,1007.7999877929688,1007.7999877929688,997.0,1005.5999755859376,1005.5999755859376,1043385,0.0,0.0
2026-08-24,1005.0999755859376,1018.4000244140624,1004.5,1018.4000244140624,1018.4000244140624,948101,0.0,0.0
2026-08-25,1014.9000244140624,1022.0,1003.5999755859376,1015.0,1015.0,1427222,0.0,0.0
2026-08-26,1010.5,1018.5999755859376,989.4000244140624,1004.0,1004.0,1098699,0.0,0.0
2026-08-27,1004.0,1005.2999877929688,994.5,1002.9000244140624,1002.9000244140624,1187891,0.0,0.0
2026-08-28,997.0,1000.5999755859376,987.2999877929688,994.0,994.0,1026834,0.0,0.0
2026-08-31,992.0,1016.5999755859376,980.2999877929688,1016.5999755859376,1016.5999755859376,1476566,0.0,0.0
2026-09-01,1004.0,1004.0,985.0,992.5999755859376,992.5999755859376,1742567,0.0,0.0
2026-09-02,985.0,987.5999755859376,963.2999877929688,978.0,978.0,2673391,0.0,0.0
2026-09-03,980.0,1004.7999877929688,977.5999755859376,1004.7999877929688,1004.7999877929688,1959777,0.0,0.0
2026-09-04,1004.7999877929688,1008.5999755859376,998.0,1008.5,1008.5,1321066,0.0,0.0
2026-09-07,1004.0999755859376,1017.9000244140624,995.0,998.0,998.0,1418742,0.0,0.0
2026-09-08,991.5999755859376,1004.7000122070312,988.2999877929688,997.7000122070312,997.7000122070312,1055105,0.0,0.0
2026-09-09,994.0,1010.0,994.0,1004.0,1004.0,996411,0.0,0.0
2026-09-10,1001.9000244140624,1002.7000122070312,986.7000122070312,993.2999877929688,993.2999877929688,972483,0.0,0.0
