date,open,high,low,close,adj_close,volume,dividends,stock_splits
2021-01-29,62.53333282470703,64.19999694824219,61.86666488647461,62.16666412353516,40.921165466308594,111293214,0.0,0.0
2021-02-01,63.86666488647461,64.26666259765625,62.26666641235352,63.86666488647461,42.04019165039063,79766275,0.0,0.0
2021-02-02,65.03333282470703,66.13333129882812,64.5,65.86666870117188,43.356693267822266,57962112,0.0,0.0
2021-02-03,67.06666564941406,68.26666259765625,66.5999984741211,67.9000015258789,44.69513320922852,87238200,0.0,0.0
2021-02-04,68.53333282470703,69.56666564941406,68.33333587646484,69.06666564941406,45.46308517456055,76757127,0.0,0.0
2021-02-05,69.66666412353516,69.73332977294922,68.03333282470703,68.26666259765625,44.93648910522461,47134357,0.0,0.0
2021-02-08,69.33333587646484,69.5999984741211,68.30000305175781,69.4000015258789,45.68251037597656,56887465,0.0,0.0
2021-02-09,66.53333282470703,66.53333282470703,64.66666412353516,65.13333129882812,46.20269775390625,71867815,5.0,0.0
2021-02-10,65.4000015258789,65.83333587646484,64.06666564941406,64.5,45.75344467163086,34008033,0.0,0.0
2021-02-11,64.06666564941406,65.0,63.93333435058594,64.33333587646484,45.63521957397461,29268846,0.0,0.0
2021-02-12,64.36666870117188,64.73332977294922,63.06666564941406,63.400001525878906,44.9731559753418,28558101,0.0,0.0
2021-02-15,63.70000076293945,64.06666564941406,62.66666412353516,62.76666641235352,44.52389144897461,22194036,0.0,0.0
2021-02-16,62.76666641235352,64.33333587646484,62.66666412353516,63.73333358764648,45.2096061706543,37303716,0.0,0.0
2021-02-17,63.70000076293945,63.79999923706055,63.09999847412109,63.33333206176758,44.92585754394531,24688639,0.0,0.0
2021-02-18,63.53333282470703,66.56666564941406,63.53333282470703,66.0,46.81747055053711,81083085,0.0,0.0
2021-02-19,66.13333129882812,67.0,64.06666564941406,65.03333282470703,46.13176345825195,63290026,0.0,0.0
2021-02-22,65.0,65.66666412353516,63.400001525878906,63.76666641235352,45.233245849609375,29230623,0.0,0.0
2021-02-23,64.26666259765625,66.06666564941406,64.0,65.0999984741211,46.17905426025391,53269024,0.0,0.0
2021-02-24,65.5999984741211,66.5999984741211,64.66666412353516,65.30000305175781,46.3209228515625,29676166,0.0,0.0
2021-02-25,66.26666259765625,67.96666717529297,65.9000015258789,67.26666259765625,47.71598815917969,94125667,0.0,0.0
2021-02-26,66.33333587646484,67.96666717529297,64.80000305175781,65.36666870117188,46.36822128295898,68584740,0.0,0.0
2021-03-01,67.33333587646484,67.66666412353516,66.53333282470703,67.13333129882812,47.62140655517578,45069373,0.0,0.0
2021-03-02,68.16666412353516,69.4000015258789,67.83333587646484,68.13333129882812,48.33076477050781,68580370,0.0,0.0
2021-03-03,68.66666412353516,69.33333587646484,67.5999984741211,68.4000015258789,48.51993179321289,45034914,0.0,0.0
2021-03-04,67.66666412353516,68.73332977294922,67.43333435058594,67.63333129882812,47.9760856628418,25305613,0.0,0.0
2021-03-05,67.80000305175781,68.56666564941406,67.23332977294922,67.63333129882812,47.9760856628418,60217765,0.0,0.0
2021-03-08,68.16666412353516,70.0,68.06666564941406,69.06666564941406,48.99283218383789,74599173,0.0,0.0
2021-03-09,68.30000305175781,68.5999984741211,66.13333129882812,67.03333282470703,47.550479888916016,44887903,0.0,0.0
2021-03-10,67.93333435058594,67.93333435058594,65.80000305175781,65.9000015258789,46.74654006958008,31741065,0.0,0.0
2021-03-12,66.83333587646484,68.19999694824219,66.80000305175781,67.53333282470703,47.9051513671875,52481499,0.0,0.0
2021-03-15,67.76666259765625,68.46666717529297,66.66666412353516,67.36666870117188,47.78693008422852,31646668,0.0,0.0
2021-03-16,68.06666564941406,68.4000015258789,66.63333129882812,66.93333435058594,47.47954177856445,41291265,0.0,0.0
2021-03-17,67.5,67.5,65.33333587646484,65.46666717529297,46.439151763916016,31383499,0.0,0.0
2021-03-18,65.93333435058594,66.33333587646484,64.33333587646484,64.83333587646484,45.98989868164063,32120652,0.0,0.0
2021-03-19,64.63333129882812,66.4000015258789,63.59999847412109,65.83333587646484,46.69925308227539,51668046,0.0,0.0
2021-03-22,66.43333435058594,66.53333282470703,65.5,66.0999984741211,46.888404846191406,31878691,0.0,0.0
2021-03-23,64.80000305175781,65.0,64.26666259765625,64.5,47.18100738525391,33229980,2.0,0.0
2021-03-24,64.0,64.5,62.83333206176758,63.03333282470703,46.108154296875,28562503,0.0,0.0
2021-03-25,62.900001525878906,63.133331298828125,60.29999923706055,60.59999847412109,44.32819747924805,41865562,0.0,0.0
2021-03-26,61.20000076293945,61.46666717529297,60.400001525878906,60.59999847412109,44.32819747924805,28462275,0.0,0.0
2021-03-30,60.66666412353516,61.29999923706055,60.06666564941406,61.03333282470703,44.64517974853516,30887440,0.0,0.0
2021-03-31,61.03333282470703,61.53333282470703,60.633331298828125,61.23333358764648,44.79147720336914,20242771,0.0,0.0
2021-04-01,61.33333206176758,62.23333358764648,60.79999923706055,62.09999847412109,45.425437927246094,22265911,0.0,0.0
2021-04-05,62.0,62.0,60.03333282470703,60.5,44.25505065917969,25774072,0.0,0.0
2021-04-06,60.59999847412109,61.23333358764648,60.29999923706055,60.76666641235352,44.45011520385742,16560441,0.0,0.0
2021-04-07,60.76666641235352,61.93333435058594,60.76666641235352,61.79999923706055,45.20598602294922,20614233,0.0,0.0
2021-04-08,62.0,62.46666717529297,61.66666412353516,61.96666717529297,45.32790756225586,19175106,0.0,0.0
2021-04-09,61.86666488647461,61.96666717529297,60.86666488647461,61.133331298828125,44.71832656860352,15445974,0.0,0.0
2021-04-12,60.06666564941406,60.29999923706055,57.83333206176758,58.0,42.42633056640625,29943736,0.0,0.0
2021-04-13,58.133331298828125,59.5,58.06666564941406,59.20000076293945,43.30411529541016,23964055,0.0,0.0
2021-04-15,58.79999923706055,60.23333358764648,58.73333358764648,60.06666564941406,43.93806838989258,23591248,0.0,0.0
2021-04-16,59.43333435058594,60.76666641235352,59.43333435058594,60.09999847412109,43.96245193481445,15435475,0.0,0.0
2021-04-19,58.633331298828125,59.20000076293945,57.900001525878906,58.73333358764648,42.9627571105957,22902361,0.0,0.0
2021-04-20,58.900001525878906,60.0,58.23333358764648,58.53333282470703,42.81645584106445,16299066,0.0,0.0
2021-04-22,58.66666412353516,58.86666488647461,58.23333358764648,58.56666564941406,42.8408432006836,14235285,0.0,0.0
2021-04-23,58.43333435058594,59.03333282470703,58.26666641235352,58.70000076293945,42.93837356567383,12005517,0.0,0.0
2021-04-26,59.133331298828125,59.20000076293945,58.5,58.79999923706055,43.01151657104492,10600021,0.0,0.0
2021-04-27,58.79999923706055,59.400001525878906,58.79999923706055,59.23333358764648,43.3285026550293,13128622,0.0,0.0
2021-04-28,59.46666717529297,59.70000076293945,59.33333206176758,59.59999847412109,43.596710205078125,9505056,0.0,0.0
2021-04-29,60.16666412353516,60.33333206176758,59.133331298828125,59.26666641235352,43.35287857055664,13435744,0.0,0.0
2021-04-30,59.06666564941406,62.06666564941406,58.66666412353516,60.56666564941406,44.30381774902344,44723547,0.0,0.0
2021-05-03,59.900001525878906,61.26666641235352,59.70000076293945,60.96666717529297,44.59640884399414,20483677,0.0,0.0
2021-05-04,61.66666412353516,62.33333206176758,60.73333358764648,60.93333435058594,44.57202911376953,22283461,0.0,0.0
2021-05-05,61.86666488647461,62.29999923706055,61.20000076293945,61.46666717529297,44.96215438842773,34464111,0.0,0.0
2021-05-06,61.900001525878906,62.09999847412109,61.33333206176758,61.73333358764648,45.15721893310547,22084128,0.0,0.0
2021-05-07,61.93333435058594,63.5,61.46666717529297,63.133331298828125,46.18130111694336,27762753,0.0,0.0
2021-05-10,63.53333282470703,66.36666870117188,63.46666717529297,66.0999984741211,48.35138320922852,55456126,0.0,0.0
2021-05-11,65.73332977294922,69.5999984741211,65.19999694824219,69.13333129882812,50.57023239135742,115361688,0.0,0.0
2021-05-12,69.26666259765625,71.06666564941406,68.19999694824219,68.53333282470703,50.131343841552734,58626690,0.0,0.0
2021-05-14,68.53333282470703,69.0999984741211,66.66666412353516,67.36666870117188,49.2779426574707,32738629,0.0,0.0
2021-05-17,67.76666259765625,68.16666412353516,66.73332977294922,68.0,49.74121856689453,29540865,0.0,0.0
2021-05-18,68.73332977294922,70.5999984741211,68.30000305175781,70.36666870117188,51.4724006652832,53646370,0.0,0.0
2021-05-19,69.66666412353516,72.63333129882812,69.4000015258789,71.46666717529297,52.27703857421875,111262026,0.0,0.0
2021-05-20,73.13333129882812,73.13333129882812,69.66666412353516,69.80000305175781,51.05788803100586,84723675,0.0,0.0
2021-05-21,70.53333282470703,71.26666259765625,69.03333282470703,69.53333282470703,50.86282730102539,57868768,0.0,0.0
2021-05-24,70.0,73.26666259765625,70.0,72.96666717529297,53.374271392822266,124798564,0.0,0.0
2021-05-25,73.5999984741211,74.5999984741211,73.06666564941406,73.53333282470703,53.78878021240234,61080268,0.0,0.0
2021-05-26,73.4000015258789,75.19999694824219,72.83333587646484,74.66666412353516,54.6177978515625,55487863,0.0,0.0
2021-05-27,75.13333129882812,75.80000305175781,73.30000305175781,73.5,53.76440048217773,51485233,0.0,0.0
2021-05-28,74.33333587646484,74.66666412353516,72.30000305175781,73.23332977294922,53.5693359375,45369177,0.0,0.0
2021-05-31,73.33333587646484,73.66666412353516,72.23332977294922,72.83333587646484,53.27674865722656,27328504,0.0,0.0
2021-06-01,73.0,73.96666717529297,72.69999694824219,73.26666259765625,53.59371948242188,25662061,0.0,0.0
2021-06-02,73.19999694824219,74.26666259765625,73.03333282470703,73.9000015258789,54.05700302124024,26079462,0.0,0.0
2021-06-03,73.43333435058594,75.30000305175781,73.43333435058594,74.96666717529297,54.83725357055664,31434373,0.0,0.0
2021-06-04,75.0,76.63333129882812,74.93333435058594,76.4000015258789,55.88571548461914,42494730,0.0,0.0
2021-06-07,76.56666564941406,77.16666412353516,76.19999694824219,76.46666717529297,55.93449020385742,28815546,0.0,0.0
2021-06-08,76.76666259765625,78.33333587646484,75.56666564941406,77.80000305175781,56.90980911254883,34179129,0.0,0.0
2021-06-09,78.06666564941406,78.56666564941406,76.33333587646484,76.63333129882812,56.056396484375,31520341,0.0,0.0
2021-06-10,77.0,77.66666412353516,76.80000305175781,77.30000305175781,56.5440673828125,19462978,0.0,0.0
2021-06-11,77.5999984741211,78.23332977294922,76.26666259765625,76.73332977294922,56.12954711914063,22644016,0.0,0.0
2021-06-14,76.83333587646484,77.13333129882812,75.0,76.5,55.95886993408203,15977089,0.0,0.0
2021-06-15,76.36666870117188,77.5999984741211,76.36666870117188,77.16666412353516,56.44651412963867,18716286,0.0,0.0
2021-06-16,77.16666412353516,78.0999984741211,77.0,77.26666259765625,56.51966857910156,17840275,0.0,0.0
2021-06-17,76.63333129882812,77.53333282470703,76.03333282470703,76.4000015258789,55.88571548461914,14332735,0.0,0.0
2021-06-18,76.80000305175781,77.06666564941406,74.0,74.86666870117188,54.76409530639648,24316953,0.0,0.0
2021-06-21,74.33333587646484,75.66666412353516,73.76666259765625,75.0999984741211,54.93477630615234,22640152,0.0,0.0
2021-06-22,75.73332977294922,76.56666564941406,75.33333587646484,75.9000015258789,55.51996994018555,18181960,0.0,0.0
2021-06-23,76.33333587646484,76.33333587646484,75.13333129882812,75.26666259765625,55.05669784545898,8197572,0.0,0.0
2021-06-24,75.33333587646484,75.73332977294922,74.03333282470703,74.30000305175781,54.34959030151367,11987605,0.0,0.0
2021-06-25,74.33333587646484,74.93333435058594,74.13333129882812,74.26666259765625,54.32519912719727,7819713,0.0,0.0
2021-06-28,74.5999984741211,74.63333129882812,73.80000305175781,73.9000015258789,54.05700302124024,9776194,0.0,0.0
2021-06-29,73.9000015258789,74.5999984741211,71.86666870117188,72.0999984741211,52.74032211303711,22785070,0.0,0.0
2021-06-30,72.16666412353516,73.26666259765625,71.73332977294922,71.93333435058594,52.61840438842773,17106526,0.0,0.0
2021-07-01,71.93333435058594,72.63333129882812,71.56666564941406,71.69999694824219,52.44772338867188,13216218,0.0,0.0
2021-07-02,71.83333587646484,73.16666412353516,71.83333587646484,72.30000305175781,52.88661575317383,17907844,0.0,0.0
2021-07-05,72.96666717529297,72.96666717529297,72.30000305175781,72.53333282470703,53.05729675292969,9305578,0.0,0.0
2021-07-06,72.46666717529297,72.93333435058594,72.13333129882812,72.26666259765625,52.86222839355469,9301320,0.0,0.0
2021-07-07,71.76666259765625,72.26666259765625,71.43333435058594,71.96666717529297,52.64278030395508,11177004,0.0,0.0
2021-07-08,71.96666717529297,72.73332977294922,71.56666564941406,71.69999694824219,52.44772338867188,14297863,0.0,0.0
2021-07-09,71.69999694824219,71.73332977294922,71.03333282470703,71.53333282470703,52.3258056640625,10924398,0.0,0.0
2021-07-12,71.56666564941406,72.19999694824219,71.23332977294922,71.46666717529297,52.27703857421875,9438729,0.0,0.0
2021-07-13,71.56666564941406,72.06666564941406,71.23332977294922,71.86666870117188,52.569637298583984,11227437,0.0,0.0
2021-07-14,71.69999694824219,72.0999984741211,71.0999984741211,71.4000015258789,52.228275299072266,9119790,0.0,0.0
2021-07-15,71.33333587646484,71.5,70.76666259765625,70.86666870117188,51.83814239501953,11451739,0.0,0.0
2021-07-16,70.69999694824219,71.5999984741211,70.30000305175781,70.73332977294922,51.74061584472656,11793582,0.0,0.0
2021-07-19,70.5,71.93333435058594,70.06666564941406,70.63333129882812,51.66746520996094,17532862,0.0,0.0
2021-07-20,70.73332977294922,71.19999694824219,69.69999694824219,70.4000015258789,51.49678802490234,19243816,0.0,0.0
2021-07-22,71.0,71.33333587646484,70.13333129882812,71.13333129882812,52.03321075439453,16258848,0.0,0.0
2021-07-23,71.13333129882812,71.46666717529297,70.30000305175781,70.66666412353516,51.69184875488281,10996716,0.0,0.0
2021-07-26,70.66666412353516,70.83333587646484,69.66666412353516,69.76666259765625,51.03350830078125,10937572,0.0,0.0
2021-07-27,69.83333587646484,70.23332977294922,68.83333587646484,69.30000305175781,50.6921501159668,11591373,0.0,0.0
2021-07-28,69.33333587646484,69.83333587646484,68.73332977294922,69.33333587646484,50.7165412902832,13733836,0.0,0.0
2021-07-29,69.5,69.66666412353516,68.80000305175781,69.26666259765625,50.667762756347656,15139800,0.0,0.0
2021-07-30,69.5,70.86666870117188,68.5999984741211,68.76666259765625,50.302024841308594,39367890,0.0,0.0
2021-08-02,69.66666412353516,70.56666564941406,69.0999984741211,70.33333587646484,51.448020935058594,19968907,0.0,0.0
2021-08-03,70.66666412353516,71.0,70.19999694824219,70.76666259765625,51.76499938964844,15159726,0.0,0.0
2021-08-04,71.0,71.66666412353516,69.93333435058594,70.19999694824219,51.35048675537109,17376739,0.0,0.0
2021-08-05,69.66666412353516,69.86666870117188,68.36666870117188,69.30000305175781,51.42469787597656,20246398,1.0,0.0
2021-08-06,69.30000305175781,70.83333587646484,69.19999694824219,70.5999984741211,52.38937759399414,13803814,0.0,0.0
2021-08-09,70.80000305175781,70.96666717529297,69.30000305175781,69.5999984741211,51.64731216430664,12460222,0.0,0.0
2021-08-10,69.93333435058594,69.93333435058594,67.93333435058594,68.16666412353516,50.58369827270508,12318604,0.0,0.0
2021-08-11,68.53333282470703,69.96666717529297,68.19999694824219,69.76666259765625,51.77098083496094,16287054,0.0,0.0
2021-08-12,69.76666259765625,70.33333587646484,69.16666412353516,69.4000015258789,51.498905181884766,13442644,0.0,0.0
2021-08-13,69.33333587646484,70.0,69.16666412353516,69.76666259765625,51.77098083496094,10050325,0.0,0.0
2021-08-16,69.83333587646484,71.63333129882812,69.53333282470703,71.46666717529297,53.032493591308594,32819128,0.0,0.0
2021-08-17,71.53333282470703,72.16666412353516,69.80000305175781,70.46666717529297,52.29043197631836,25693791,0.0,0.0
2021-08-18,70.93333435058594,71.0,69.80000305175781,70.80000305175781,52.53778839111328,18888795,0.0,0.0
2021-08-20,70.30000305175781,70.33333587646484,68.66666412353516,69.0,51.20207214355469,15736258,0.0,0.0
2021-08-23,69.93333435058594,69.93333435058594,68.13333129882812,68.66666412353516,50.95471954345703,10432123,0.0,0.0
2021-08-24,69.26666259765625,70.80000305175781,69.0999984741211,70.5999984741211,52.38937759399414,17847588,0.0,0.0
2021-08-25,71.0,71.30000305175781,70.26666259765625,70.73332977294922,52.488311767578125,11312487,0.0,0.0
2021-08-26,70.5999984741211,70.69999694824219,69.80000305175781,70.4000015258789,52.24095916748047,11929699,0.0,0.0
2021-08-27,70.5,70.96666717529297,70.19999694824219,70.63333129882812,52.41411209106445,8356207,0.0,0.0
2021-08-30,70.93333435058594,72.13333129882812,70.73332977294922,71.56666564941406,53.106693267822266,19240269,0.0,0.0
2021-08-31,72.0,74.19999694824219,71.5999984741211,73.9000015258789,54.83816909790039,33485407,0.0,0.0
2021-09-01,74.0,74.46666717529297,73.06666564941406,73.83333587646484,54.78871154785156,17700178,0.0,0.0
2021-09-02,73.19999694824219,73.56666564941406,72.66666412353516,73.43333435058594,54.49186706542969,17265598,0.0,0.0
2021-09-03,73.80000305175781,75.66666412353516,73.4000015258789,75.4000015258789,55.951263427734375,22906791,0.0,0.0
2021-09-06,75.83333587646484,75.86666870117188,74.16666412353516,74.4000015258789,55.20919418334961,11302936,0.0,0.0
2021-09-07,74.4000015258789,74.96666717529297,73.80000305175781,74.56666564941406,55.33287048339844,11374723,0.0,0.0
2021-09-08,74.06666564941406,75.26666259765625,74.06666564941406,75.06666564941406,55.70390701293945,12497221,0.0,0.0
2021-09-09,75.0999984741211,76.43333435058594,74.93333435058594,75.19999694824219,55.80283737182617,19983877,0.0,0.0
2021-09-13,75.19999694824219,76.16666412353516,75.0,76.0,56.39650344848633,13133424,0.0,0.0
2021-09-14,76.0,77.26666259765625,76.0,76.83333587646484,57.01488494873047,13852611,0.0,0.0
2021-09-15,76.96666717529297,77.9000015258789,76.80000305175781,77.5999984741211,57.58379364013672,19025859,0.0,0.0
2021-09-16,77.80000305175781,79.33333587646484,77.43333435058594,78.9000015258789,58.54846954345703,21129102,0.0,0.0
2021-09-17,79.13333129882812,79.63333129882812,77.4000015258789,78.83333587646484,58.49899291992188,52041975,0.0,0.0
2021-09-20,77.66666412353516,78.46666717529297,76.26666259765625,76.4000015258789,56.69331741333008,13756386,0.0,0.0
2021-09-21,76.36666870117188,77.0999984741211,75.56666564941406,76.66666412353516,56.89119338989258,14070891,0.0,0.0
2021-09-22,76.69999694824219,77.86666870117188,76.69999694824219,77.63333129882812,57.6085205078125,11751877,0.0,0.0
2021-09-23,78.0,79.0999984741211,77.86666870117188,78.66666412353516,58.37531280517578,13392397,0.0,0.0
2021-09-24,78.66666412353516,79.30000305175781,77.33333587646484,78.16666412353516,58.00429534912109,11883868,0.0,0.0
2021-09-27,78.76666259765625,79.23332977294922,78.33333587646484,79.0999984741211,58.69687271118164,14908830,0.0,0.0
2021-09-28,79.13333129882812,82.5999984741211,79.13333129882812,81.96666717529297,60.82411193847656,30580264,0.0,0.0
2021-09-29,81.5,85.33333587646484,81.33333587646484,84.96666717529297,63.0502815246582,29772804,0.0,0.0
2021-09-30,84.96666717529297,85.66666412353516,82.9000015258789,83.53333282470703,61.98667144775391,17995564,0.0,0.0
2021-10-01,83.76666259765625,85.9000015258789,83.33333587646484,84.93333435058594,63.02555084228516,20085250,0.0,0.0
2021-10-04,85.19999694824219,85.56666564941406,83.66666412353516,84.16666412353516,62.45663833618164,11345266,0.0,0.0
2021-10-05,84.16666412353516,87.06666564941406,84.16666412353516,86.5999984741211,64.26232147216797,30310881,0.0,0.0
2021-10-06,87.26666259765625,89.93333435058594,86.23332977294922,86.73332977294922,64.36125946044922,38136735,0.0,0.0
2021-10-07,87.0,88.5999984741211,86.56666564941406,88.16666412353516,65.42487335205078,19049433,0.0,0.0
2021-10-08,89.03333282470703,89.63333129882812,87.23332977294922,87.86666870117188,65.20226287841797,13639896,0.0,0.0
2021-10-11,88.0999984741211,89.30000305175781,87.46666717529297,87.69999694824219,65.0785903930664,9461719,0.0,0.0
2021-10-12,87.9000015258789,88.36666870117188,86.19999694824219,87.5,64.93016052246094,14989111,0.0,0.0
2021-10-13,87.96666717529297,88.23332977294922,86.86666870117188,87.5,64.93016052246094,13747222,0.0,0.0
2021-10-14,88.0,90.33333587646484,87.33333587646484,89.5999984741211,66.48848724365234,21061104,0.0,0.0
2021-10-18,93.33333587646484,93.33333587646484,90.46666717529295,90.9000015258789,67.45317840576172,22145724,0.0,0.0
2021-10-19,91.0999984741211,91.5,88.9000015258789,89.19999694824219,66.1916732788086,15474921,0.0,0.0
2021-10-20,88.80000305175781,89.53333282470703,86.43333435058594,87.03333282470703,64.58386993408203,16132831,0.0,0.0
2021-10-21,88.03333282470703,90.33333587646484,87.13333129882812,87.76666259765625,65.1280517578125,27519955,0.0,0.0
2021-10-22,88.36666870117188,89.0999984741211,86.66666412353516,87.13333129882812,64.65808868408203,16376905,0.0,0.0
2021-10-25,87.73332977294922,88.26666259765625,85.63333129882812,86.96666717529297,64.53440856933594,15055837,0.0,0.0
2021-10-26,87.33333587646484,88.26666259765625,86.69999694824219,87.66666412353516,65.05384063720703,15198604,0.0,0.0
2021-10-27,87.83333587646484,88.66666412353516,86.83333587646484,87.19999694824219,64.7075424194336,13412194,0.0,0.0
2021-10-28,87.19999694824219,87.5999984741211,85.16666412353516,85.76666259765625,63.64394378662109,13901230,0.0,0.0
2021-10-29,85.33333587646484,86.66666412353516,84.30000305175781,85.30000305175781,63.29764938354492,12613387,0.0,0.0
2021-11-01,88.06666564941406,88.56666564941406,84.4000015258789,87.76666259765625,65.1280517578125,26818699,0.0,0.0
2021-11-02,88.36666870117188,88.66666412353516,87.03333282470703,87.19999694824219,64.7075424194336,14533176,0.0,0.0
2021-11-03,87.19999694824219,90.0,86.93333435058594,88.36666870117188,65.57329559326172,31141038,0.0,0.0
2021-11-04,89.96666717529297,90.0,89.03333282470703,89.76666259765625,66.61217498779297,4986216,0.0,0.0
2021-11-08,90.0,93.93333435058594,89.5,93.63333129882812,69.4814682006836,37249699,0.0,0.0
2021-11-09,94.3000030517578,94.33333587646484,92.63333129882812,93.13333129882812,69.11042785644531,19382632,0.0,0.0
2021-11-10,92.93333435058594,94.1999969482422,92.46666717529295,92.96666717529295,68.98675537109375,15366904,0.0,0.0
2021-11-11,89.43333435058594,90.4000015258789,88.4000015258789,88.86666870117188,68.39669036865234,19049466,3.333333,0.0
2021-11-12,89.33333587646484,89.86666870117188,88.03333282470703,88.63333129882812,68.21710205078125,14255041,0.0,0.0
2021-11-15,88.83333587646484,89.43333435058594,88.0,88.56666564941406,68.16577911376953,8808997,0.0,0.0
2021-11-16,88.93333435058594,89.0,87.0999984741211,87.33333587646484,67.21656036376953,9738892,0.0,0.0
2021-11-17,87.26666259765625,87.5999984741211,85.43333435058594,85.63333129882812,65.90813446044922,9331351,0.0,0.0
2021-11-18,85.63333129882812,86.83333587646484,85.06666564941406,86.23332977294922,66.36994171142578,10891344,0.0,0.0
2021-11-22,86.36666870117188,86.5999984741211,82.69999694824219,83.0,63.88137435913086,11624364,0.0,0.0
2021-11-23,82.66666412353516,84.56666564941406,82.5,84.0999984741211,64.7280044555664,18446718,0.0,0.0
2021-11-24,84.46666717529297,86.19999694824219,84.26666259765625,85.06666564941406,65.47199249267578,12152407,0.0,0.0
2021-11-25,85.06666564941406,85.33333587646484,83.0,83.76666259765625,64.47144317626953,9581943,0.0,0.0
2021-11-26,83.73332977294922,83.73332977294922,80.33333587646484,80.63333129882812,62.059852600097656,11587932,0.0,0.0
2021-11-29,79.69999694824219,80.63333129882812,78.56666564941406,79.19999694824219,60.956687927246094,15803560,0.0,0.0
2021-11-30,79.33333587646484,80.5999984741211,78.56666564941406,79.30000305175781,61.033653259277344,27563893,0.0,0.0
2021-12-01,79.76666259765625,79.96666717529297,77.66666412353516,78.46666717529297,60.39226913452149,19871665,0.0,0.0
2021-12-02,78.66666412353516,80.73332977294922,78.5999984741211,80.43333435058594,61.90592956542969,20686078,0.0,0.0
2021-12-03,80.66666412353516,81.9000015258789,80.5,81.46666717529297,62.70124435424805,14866089,0.0,0.0
2021-12-06,81.63333129882812,82.06666564941406,80.33333587646484,80.63333129882812,62.059852600097656,9379269,0.0,0.0
2021-12-07,81.19999694824219,82.23332977294922,80.16666412353516,80.4000015258789,61.88027191162109,14464680,0.0,0.0
2021-12-08,81.0999984741211,81.69999694824219,80.0,80.26666259765625,61.77764892578125,14700337,0.0,0.0
2021-12-09,80.66666412353516,81.0,79.63333129882812,79.80000305175781,61.4184799194336,19297434,0.0,0.0
2021-12-10,80.0,80.86666870117188,79.73332977294922,80.03333282470703,61.59806442260742,20332264,0.0,0.0
2021-12-13,80.66666412353516,80.86666870117188,78.56666564941406,78.86666870117188,60.70013427734375,20362045,0.0,0.0
2021-12-14,79.33333587646484,79.46666717529297,78.0999984741211,78.5999984741211,60.49489212036133,17422254,0.0,0.0
2021-12-15,78.46666717529297,78.93333435058594,77.0,77.13333129882812,59.36606597900391,17936938,0.0,0.0
2021-12-16,77.80000305175781,78.0999984741211,76.96666717529297,77.16666412353516,59.391719818115234,15950560,0.0,0.0
2021-12-17,77.30000305175781,77.33333587646484,74.9000015258789,75.23332977294922,57.903717041015625,17648721,0.0,0.0
2021-12-20,74.66666412353516,75.0,72.0999984741211,72.5,55.79999542236328,17713881,0.0,0.0
2021-12-21,73.0,73.53333282470703,72.43333435058594,73.0,56.18482971191406,12582459,0.0,0.0
2021-12-22,73.36666870117188,73.36666870117188,72.16666412353516,72.69999694824219,55.95393371582031,16343983,0.0,0.0
2021-12-23,73.26666259765625,74.96666717529297,73.13333129882812,74.76666259765625,57.544551849365234,15427636,0.0,0.0
2021-12-24,75.63333129882812,75.66666412353516,73.19999694824219,73.5,56.56965637207031,17403219,0.0,0.0
2021-12-27,73.46666717529297,74.0,72.69999694824219,73.83333587646484,56.82621765136719,6689944,0.0,0.0
2021-12-28,74.16666412353516,75.0,74.13333129882812,74.86666870117188,57.62151336669922,8475690,0.0,0.0
2021-12-29,74.93333435058594,75.0,74.0,74.33333587646484,57.21104049682617,6332934,0.0,0.0
2021-12-30,74.33333587646484,74.5,73.26666259765625,73.69999694824219,56.72358322143555,8269432,0.0,0.0
2021-12-31,73.73332977294922,75.06666564941406,73.73332977294922,74.33333587646484,57.21104049682617,8717971,0.0,0.0
2022-01-03,74.33333587646484,75.53333282470703,74.23332977294922,75.30000305175781,57.95503616333008,10026562,0.0,0.0
2022-01-04,75.80000305175781,76.5999984741211,75.5,76.03333282470703,58.51944732666016,8322088,0.0,0.0
2022-01-05,76.03333282470703,78.30000305175781,75.86666870117188,78.16666412353516,60.1613883972168,21374004,0.0,0.0
2022-01-06,78.19999694824219,78.43333435058594,75.36666870117188,78.16666412353516,60.1613883972168,10795557,0.0,0.0
2022-01-07,78.43333435058594,79.46666717529297,77.96666717529297,79.0,60.8027572631836,11303518,0.0,0.0
2022-01-10,79.33333587646484,80.0999984741211,78.86666870117188,79.80000305175781,61.4184799194336,9923601,0.0,0.0
2022-01-11,80.30000305175781,80.30000305175781,78.80000305175781,79.06666564941406,60.85406494140625,8919054,0.0,0.0
2022-01-12,79.46666717529297,80.0,78.9000015258789,79.43333435058594,61.13628005981445,10748385,0.0,0.0
2022-01-13,79.76666259765625,81.0,79.23332977294922,80.76666259765625,62.162479400634766,12559629,0.0,0.0
2022-01-14,81.0,82.93333435058594,80.9000015258789,82.19999694824219,63.2656478881836,22431007,0.0,0.0
2022-01-17,83.33333587646484,83.33333587646484,82.13333129882812,82.5,63.49655532836914,14548522,0.0,0.0
2022-01-18,82.80000305175781,83.69999694824219,82.23332977294922,82.63333129882812,63.59918212890625,21395779,0.0,0.0
2022-01-19,82.4000015258789,83.73332977294922,82.0,83.4000015258789,64.18923950195312,14870110,0.0,0.0
2022-01-20,83.4000015258789,83.96666717529297,82.9000015258789,83.66666412353516,64.39449310302734,10007508,0.0,0.0
2022-01-21,82.66666412353516,83.66666412353516,80.5,81.13333129882812,62.44468307495117,14728332,0.0,0.0
2022-01-24,80.66666412353516,81.63333129882812,79.93333435058594,80.23332977294922,61.75199890136719,19665838,0.0,0.0
2022-01-25,80.13333129882812,81.13333129882812,79.53333282470703,80.96666717529297,62.31641006469727,9651480,0.0,0.0
2022-01-27,80.5999984741211,82.5,79.86666870117188,81.80000305175781,62.95779800415039,12890338,0.0,0.0
2022-01-28,82.19999694824219,84.69999694824219,82.19999694824219,82.73332977294922,63.67613983154297,14995069,0.0,0.0
2022-01-31,84.46666717529297,85.33333587646484,82.80000305175781,83.46666717529297,64.24055480957031,19787082,0.0,0.0
2022-02-01,84.0,84.0,79.66666412353516,81.16666412353516,62.4703483581543,34627617,0.0,0.0
2022-02-02,81.66666412353516,83.30000305175781,81.46666717529297,82.96666717529297,63.85572814941406,14749194,0.0,0.0
2022-02-03,83.5999984741211,83.9000015258789,82.76666259765625,83.0999984741211,63.95834732055664,13117138,0.0,0.0
2022-02-04,83.26666259765625,83.56666564941406,82.46666717529297,82.76666259765625,63.7017936706543,10723602,0.0,0.0
2022-02-07,83.0,83.06666564941406,81.66666412353516,81.93333435058594,63.0604133605957,13452373,0.0,0.0
2022-02-08,82.06666564941406,82.36666870117188,80.0,80.9000015258789,62.265098571777344,23545662,0.0,0.0
2022-02-09,79.0,81.13333129882812,78.5,80.69999694824219,64.2282943725586,17581473,2.666667,0.0
2022-02-10,80.73332977294922,80.96666717529297,79.76666259765625,79.96666717529297,63.64464569091797,18120168,0.0,0.0
2022-02-11,79.66666412353516,81.76666259765625,79.36666870117188,81.36666870117188,64.75890350341797,26486850,0.0,0.0
2022-02-14,80.66666412353516,80.66666412353516,77.43333435058594,77.69999694824219,61.84062194824219,16463770,0.0,0.0
2022-02-15,78.0,79.33333587646484,76.33333587646484,79.16666412353516,63.0079231262207,12978223,0.0,0.0
2022-02-16,79.5,81.46666717529297,79.5,81.0,64.46707153320312,17673190,0.0,0.0
2022-02-17,81.9000015258789,82.63333129882812,80.33333587646484,80.93333435058594,64.41399383544922,16774602,0.0,0.0
2022-02-18,80.93333435058594,81.53333282470703,80.4000015258789,80.76666259765625,64.28135681152344,7978566,0.0,0.0
2022-02-21,80.0,80.76666259765625,79.06666564941406,79.46666717529297,63.246707916259766,8595442,0.0,0.0
2022-02-22,78.0,79.0999984741211,77.66666412353516,78.06666564941406,62.1324462890625,11409610,0.0,0.0
2022-02-23,78.53333282470703,78.86666870117188,77.66666412353516,78.0999984741211,62.15898513793945,8525215,0.0,0.0
2022-02-24,76.63333129882812,77.46666717529297,72.86666870117188,73.33333587646484,58.36524200439453,19848141,0.0,0.0
2022-02-25,75.33333587646484,79.0,74.0,74.9000015258789,59.61213684082031,28048713,0.0,0.0
2022-02-28,75.19999694824219,77.46666717529297,73.73332977294922,76.66666412353516,61.0181999206543,24781798,0.0,0.0
2022-03-02,75.83333587646484,77.5999984741211,74.30000305175781,74.83333587646484,59.55906677246094,22390246,0.0,0.0
2022-03-03,76.66666412353516,77.66666412353516,75.33333587646484,76.43333435058594,60.8325080871582,28291584,0.0,0.0
2022-03-04,76.63333129882812,76.93333435058594,75.19999694824219,75.5,60.08966064453125,25005861,0.0,0.0
2022-03-07,75.96666717529297,75.96666717529297,74.13333129882812,74.83333587646484,59.55906677246094,25392553,0.0,0.0
2022-03-08,74.66666412353516,78.5,74.4000015258789,78.03333282470703,62.10591506958008,33483859,0.0,0.0
2022-03-09,79.26666259765625,79.26666259765625,77.19999694824219,77.96666717529297,62.05287170410156,23476054,0.0,0.0
2022-03-10,79.36666870117188,80.93333435058594,78.46666717529297,80.63333129882812,64.17523193359375,27592384,0.0,0.0
2022-03-11,80.53333282470703,82.93333435058594,80.26666259765625,82.46666717529297,65.63436889648438,18598243,0.0,0.0
2022-03-14,83.23332977294922,83.23332977294922,80.03333282470703,80.53333282470703,64.09564971923828,22317814,0.0,0.0
2022-03-15,80.53333282470703,80.69999694824219,78.80000305175781,79.33333587646484,63.14059448242188,16501842,0.0,0.0
2022-03-16,80.19999694824219,81.73332977294922,79.63333129882812,81.30000305175781,64.7058334350586,15176752,0.0,0.0
2022-03-17,81.5999984741211,81.93333435058594,80.06666564941406,80.9000015258789,64.3874740600586,41700111,0.0,0.0
2022-03-21,81.19999694824219,81.19999694824219,78.53333282470703,78.66666412353516,62.6099853515625,18166521,0.0,0.0
2022-03-22,79.33333587646484,81.23332977294922,79.0,80.43333435058594,64.01605987548828,30929289,0.0,0.0
2022-03-23,81.23332977294922,82.0,80.43333435058594,81.13333129882812,64.57318115234375,25271163,0.0,0.0
2022-03-24,81.19999694824219,81.43333435058594,80.23332977294922,80.4000015258789,63.989540100097656,12377631,0.0,0.0
2022-03-25,80.03333282470703,80.56666564941406,79.06666564941406,79.19999694824219,63.034461975097656,12238471,0.0,0.0
2022-03-28,79.5999984741211,80.46666717529297,78.46666717529297,79.96666717529297,63.64464569091797,15342876,0.0,0.0
2022-03-29,80.19999694824219,80.86666870117188,78.66666412353516,78.86666870117188,62.7691650390625,14627074,0.0,0.0
2022-03-30,79.80000305175781,79.80000305175781,77.4000015258789,78.13333129882812,62.18551254272461,159640347,0.0,0.0
2022-03-31,78.66666412353516,80.63333129882812,78.66666412353516,79.30000305175781,63.11405944824219,31701618,0.0,0.0
2022-04-01,79.4000015258789,81.63333129882812,79.33333587646484,81.4000015258789,64.7854232788086,16052676,0.0,0.0
2022-04-04,81.4000015258789,82.0,81.13333129882812,81.53333282470703,64.89154052734375,14095200,0.0,0.0
2022-04-05,81.86666870117188,82.33333587646484,81.56666564941406,81.76666259765625,65.07723999023438,13071195,0.0,0.0
2022-04-06,81.63333129882812,84.26666259765625,81.0,84.03333282470703,66.88126373291016,23580340,0.0,0.0
2022-04-07,82.86666870117188,84.5,82.16666412353516,82.36666870117188,65.55477905273438,30238785,0.0,0.0
2022-04-08,83.26666259765625,85.0,82.69999694824219,84.63333129882812,67.35879516601562,21699732,0.0,0.0
2022-04-11,84.5999984741211,86.30000305175781,84.4000015258789,85.9000015258789,68.36692810058594,19137451,0.0,0.0
2022-04-12,85.63333129882812,85.86666870117188,83.46666717529297,84.03333282470703,66.88126373291016,14583673,0.0,0.0
2022-04-13,84.03333282470703,86.0,83.76666259765625,85.26666259765625,67.86285400390625,17675811,0.0,0.0
2022-04-18,85.13333129882812,85.66666412353516,84.33333587646484,85.4000015258789,67.96898651123047,17471850,0.0,0.0
2022-04-19,86.19999694824219,88.66666412353516,85.66666412353516,86.86666870117188,69.13629913330078,30183165,0.0,0.0
2022-04-20,87.33333587646484,89.53333282470703,87.0999984741211,88.93333435058594,70.78112030029297,28690066,0.0,0.0
2022-04-21,89.63333129882812,90.26666259765624,88.93333435058594,90.03333282470703,71.65660095214844,22154311,0.0,0.0
2022-04-22,89.93333435058594,90.6999969482422,89.23332977294922,89.56666564941406,71.28519439697266,13678113,0.0,0.0
2022-04-25,88.53333282470703,88.63333129882812,84.93333435058594,85.16666412353516,67.78327178955078,16604310,0.0,0.0
2022-04-26,86.26666259765625,86.66666412353516,85.16666412353516,86.03333282470703,68.4730453491211,14133414,0.0,0.0
2022-04-27,85.06666564941406,86.0,83.4000015258789,84.9000015258789,67.57102966308594,14967738,0.0,0.0
2022-04-28,86.33333587646484,86.83333587646484,85.06666564941406,86.63333129882812,68.95057678222656,15773589,0.0,0.0
2022-04-29,87.5999984741211,87.5999984741211,83.73332977294922,84.0,66.854736328125,13013304,0.0,0.0
2022-05-02,83.96666717529297,84.86666870117188,82.66666412353516,84.43333435058594,67.19962310791016,8623737,0.0,0.0
2022-05-04,84.56666564941406,85.80000305175781,83.4000015258789,83.9000015258789,66.775146484375,8118435,0.0,0.0
2022-05-05,84.66666412353516,85.43333435058594,83.46666717529297,83.80000305175781,66.695556640625,8015140,0.0,0.0
2022-05-06,83.33333587646484,85.16666412353516,81.73332977294922,84.16666412353516,66.98738098144531,13680673,0.0,0.0
2022-05-09,83.76666259765625,83.76666259765625,80.9000015258789,82.66666412353516,65.79354095458984,12361746,0.0,0.0
2022-05-10,82.93333435058594,84.19999694824219,80.83333587646484,81.33333587646484,64.73235321044922,15563373,0.0,0.0
2022-05-11,82.26666259765625,82.93333435058594,79.23332977294922,80.30000305175781,63.90993118286133,14615373,0.0,0.0
2022-05-12,80.30000305175781,82.66666412353516,79.69999694824219,81.4000015258789,64.7854232788086,30617643,0.0,0.0
2022-05-13,83.33333587646484,83.5,80.46666717529297,80.86666870117188,64.36094665527344,22601469,0.0,0.0
2022-05-16,82.66666412353516,82.66666412353516,80.43333435058594,81.4000015258789,64.7854232788086,12566889,0.0,0.0
2022-05-17,84.0,84.0,81.06666564941406,82.93333435058594,66.00579833984375,27391533,0.0,0.0
2022-05-18,82.66666412353516,82.93333435058594,78.5,78.69999694824219,62.636512756347656,64902469,0.0,0.0
2022-05-19,78.0,78.93333435058594,77.0,78.16666412353516,62.2120475769043,21865050,0.0,0.0
2022-05-20,79.33333587646484,79.46666717529297,77.43333435058594,77.96666717529297,62.05287170410156,24237945,0.0,0.0
2022-05-23,78.4000015258789,79.06666564941406,77.80000305175781,78.46666717529297,62.45081329345703,17487906,0.0,0.0
2022-05-24,78.46666717529297,79.73332977294922,78.13333129882812,79.13333129882812,62.98140335083008,18454173,0.0,0.0
2022-05-25,79.53333282470703,79.63333129882812,76.13333129882812,76.53333282470703,60.91209030151367,17317285,0.0,0.0
2022-05-26,76.66666412353516,77.19999694824219,74.56666564941406,76.13333129882812,60.59373092651367,23782918,0.0,0.0
2022-05-27,76.93333435058594,77.03333282470703,75.43333435058594,76.0999984741211,60.56720352172852,11616970,0.0,0.0
2022-05-30,76.83333587646484,77.5,76.03333282470703,77.4000015258789,61.601863861083984,12222628,0.0,0.0
2022-05-31,77.13333129882812,78.33333587646484,77.0,77.33333587646484,61.548805236816406,19925845,0.0,0.0
2022-06-01,78.0,79.36666870117188,77.83333587646484,78.80000305175781,62.71611022949219,16686021,0.0,0.0
2022-06-02,79.23332977294922,79.5,77.33333587646484,78.43333435058594,62.42428970336914,16274652,0.0,0.0
2022-06-03,78.69999694824219,79.33333587646484,78.56666564941406,78.86666870117188,62.7691650390625,13564659,0.0,0.0
2022-06-06,78.86666870117188,79.06666564941406,77.63333129882812,78.36666870117188,62.37123107910156,12162841,0.0,0.0
2022-06-07,78.23332977294922,79.66666412353516,77.76666259765625,78.80000305175781,62.71611022949219,14801011,0.0,0.0
2022-06-08,79.0999984741211,79.43333435058594,78.43333435058594,78.66666412353516,62.6099853515625,12953038,0.0,0.0
2022-06-09,78.66666412353516,80.46666717529297,77.93333435058594,78.86666870117188,62.7691650390625,32112393,0.0,0.0
2022-06-10,78.5999984741211,78.66666412353516,77.66666412353516,78.16666412353516,62.2120475769043,16173466,0.0,0.0
2022-06-13,77.53333282470703,77.53333282470703,75.36666870117188,75.73332977294922,60.27538299560547,15123129,0.0,0.0
2022-06-14,75.69999694824219,76.0,73.36666870117188,73.5,58.497894287109375,23524399,0.0,0.0
2022-06-15,74.0,74.0,72.19999694824219,72.80000305175781,57.940765380859375,14386729,0.0,0.0
2022-06-16,73.69999694824219,73.80000305175781,71.66666412353516,72.0999984741211,57.38364791870117,14897512,0.0,0.0
2022-06-17,72.0,72.0,69.03333282470703,69.46666717529297,55.28780746459961,23651413,0.0,0.0
2022-06-20,70.06666564941406,70.30000305175781,67.69999694824219,68.69999694824219,54.677616119384766,19163382,0.0,0.0
2022-06-21,69.36666870117188,70.83333587646484,69.03333282470703,70.5,56.11022186279297,14169558,0.0,0.0
2022-06-22,70.63333129882812,71.06666564941406,69.06666564941406,70.36666870117188,56.00411224365234,18641673,0.0,0.0
2022-06-23,70.66666412353516,71.73332977294922,70.0999984741211,71.53333282470703,56.93263244628906,16579252,0.0,0.0
2022-06-24,71.73332977294922,72.43333435058594,71.53333282470703,72.33333587646484,57.56935501098633,11807979,0.0,0.0
2022-06-27,73.33333587646484,73.9000015258789,72.53333282470703,73.03333282470703,58.12646865844727,17830735,0.0,0.0
2022-06-28,73.0,73.76666259765625,71.69999694824219,72.19999694824219,57.46323013305664,22631172,0.0,0.0
2022-06-29,72.4000015258789,73.36666870117188,72.0,73.19999694824219,58.25912857055664,18903900,0.0,0.0
2022-06-30,73.94999694824219,76.0,73.69999694824219,74.25,59.09481048583984,34424950,0.0,1.5
2022-07-01,75.0,75.1500015258789,72.8499984741211,74.55000305175781,59.33358001708984,22029311,0.0,0.0
2022-07-04,74.69999694824219,74.69999694824219,73.30000305175781,74.3499984741211,59.17439270019531,12798384,0.0,0.0
2022-07-05,74.5,74.5,73.4000015258789,73.5999984741211,58.577484130859375,17464685,0.0,0.0
2022-07-06,74.0,74.5999984741211,72.25,72.5999984741211,57.781585693359375,21856830,0.0,0.0
2022-07-07,73.30000305175781,73.30000305175781,72.1500015258789,72.69999694824219,57.86119079589844,17846046,0.0,0.0
2022-07-08,73.0,73.25,72.19999694824219,72.69999694824219,57.86119079589844,11692575,0.0,0.0
2022-07-11,72.69999694824219,72.8499984741211,72.05000305175781,72.55000305175781,57.74179458618164,11548617,0.0,0.0
2022-07-12,72.44999694824219,72.5,70.4000015258789,70.6500015258789,56.22960662841797,16729806,0.0,0.0
2022-07-13,70.6500015258789,70.94999694824219,70.25,70.4000015258789,56.03063583374024,13704386,0.0,0.0
2022-07-14,70.4000015258789,71.0,70.19999694824219,70.75,56.3091926574707,8917897,0.0,0.0
2022-07-15,70.69999694824219,71.0999984741211,70.0,70.3499984741211,55.9908332824707,7310057,0.0,0.0
2022-07-18,70.69999694824219,71.25,70.3499984741211,71.1500015258789,56.627559661865234,6697658,0.0,0.0
2022-07-19,71.25,72.1500015258789,71.0,72.0,57.3040657043457,7585011,0.0,0.0
2022-07-20,73.0,73.0999984741211,72.19999694824219,72.3499984741211,57.58262252807617,10590222,0.0,0.0
2022-07-21,72.3499984741211,72.75,71.3499984741211,72.55000305175781,57.74179458618164,9537111,0.0,0.0
2022-07-22,72.9000015258789,72.94999694824219,72.0,72.1500015258789,57.42344284057617,8740051,0.0,0.0
2022-07-25,72.19999694824219,72.3499984741211,71.25,72.0999984741211,57.38364791870117,10124538,0.0,0.0
2022-07-26,72.0999984741211,72.1500015258789,71.44999694824219,71.6500015258789,57.0255012512207,8202210,0.0,0.0
2022-07-27,71.75,72.30000305175781,71.4000015258789,72.0999984741211,57.38364791870117,8726504,0.0,0.0
2022-07-28,72.05000305175781,72.6500015258789,71.9000015258789,72.05000305175781,57.34385681152344,11715079,0.0,0.0
2022-07-29,72.5,73.25,72.25,72.94999694824219,58.06014633178711,16983013,0.0,0.0
2022-08-01,72.5,72.5,70.80000305175781,71.0999984741211,56.58776092529297,30168751,0.0,0.0
2022-08-02,71.4000015258789,72.0999984741211,71.25,71.94999694824219,57.26426315307617,15655719,0.0,0.0
2022-08-03,72.30000305175781,72.4000015258789,70.75,71.0,56.50817108154297,18893830,0.0,0.0
2022-08-04,71.5,71.5999984741211,70.55000305175781,71.19999694824219,56.66734313964844,25024630,0.0,0.0
2022-08-05,71.44999694824219,73.30000305175781,70.9000015258789,73.0999984741211,58.17953109741211,48935830,0.0,0.0
2022-08-08,73.0999984741211,73.75,72.4000015258789,73.3499984741211,58.37850570678711,16091607,0.0,0.0
2022-08-10,73.6500015258789,73.69999694824219,72.4000015258789,72.5,57.70200347900391,29085499,0.0,0.0
2022-08-11,71.3499984741211,71.3499984741211,70.5999984741211,70.94999694824219,58.401668548583984,16670568,2.4,0.0
2022-08-12,70.94999694824219,71.69999694824219,70.80000305175781,71.55000305175781,58.89554977416992,12294928,0.0,0.0
2022-08-16,71.75,73.25,71.25,73.1500015258789,60.21257781982422,26772067,0.0,0.0
2022-08-17,73.30000305175781,73.80000305175781,73.19999694824219,73.3499984741211,60.377201080322266,18542371,0.0,0.0
2022-08-18,73.5,73.6500015258789,72.44999694824219,72.6500015258789,59.80101013183594,18850835,0.0,0.0
2022-08-19,72.6500015258789,72.75,71.80000305175781,72.1500015258789,59.389442443847656,13357442,0.0,0.0
2022-08-22,72.0999984741211,72.1500015258789,70.9000015258789,71.30000305175781,58.68977355957031,13714233,0.0,0.0
2022-08-23,70.80000305175781,71.5999984741211,70.75,71.05000305175781,58.483985900878906,11581331,0.0,0.0
2022-08-24,71.25,71.44999694824219,70.25,70.55000305175781,58.07242584228516,19584234,0.0,0.0
2022-08-25,70.9000015258789,71.94999694824219,70.80000305175781,71.44999694824219,58.81324005126953,13090152,0.0,0.0
2022-08-26,71.8499984741211,72.30000305175781,71.69999694824219,71.9000015258789,59.18364715576172,10546886,0.0,0.0
2022-08-29,71.1500015258789,71.44999694824219,70.3499984741211,71.05000305175781,58.483985900878906,14387511,0.0,0.0
2022-08-30,71.44999694824219,71.8499984741211,71.3499984741211,71.5,58.85440444946289,14284488,0.0,0.0
2022-09-01,71.0,71.5,70.80000305175781,71.1500015258789,58.56630325317383,17854146,0.0,0.0
2022-09-02,71.44999694824219,71.55000305175781,70.8499984741211,71.30000305175781,58.68977355957031,13349456,0.0,0.0
2022-09-05,71.5,71.6500015258789,70.8499984741211,70.94999694824219,58.401668548583984,11658725,0.0,0.0
2022-09-06,71.1500015258789,71.19999694824219,70.5999984741211,70.69999694824219,58.19588088989258,10545363,0.0,0.0
2022-09-07,70.80000305175781,71.55000305175781,70.69999694824219,71.4000015258789,58.77208709716797,19254652,0.0,0.0
2022-09-08,71.9000015258789,73.75,71.80000305175781,73.05000305175781,60.1302604675293,24401527,0.0,0.0
2022-09-09,73.30000305175781,73.4000015258789,72.3499984741211,72.55000305175781,59.71868896484375,9906299,0.0,0.0
2022-09-12,72.8499984741211,72.94999694824219,71.94999694824219,72.6500015258789,59.80101013183594,21463828,0.0,0.0
2022-09-13,73.05000305175781,73.0999984741211,72.0,72.25,59.47174453735352,11555561,0.0,0.0
2022-09-14,71.94999694824219,72.25,71.5999984741211,71.80000305175781,59.101348876953125,9024753,0.0,0.0
2022-09-15,72.0,72.19999694824219,71.30000305175781,71.55000305175781,58.89554977416992,9985561,0.0,0.0
2022-09-16,71.55000305175781,71.69999694824219,69.5,69.94999694824219,57.57853698730469,25993505,0.0,0.0
2022-09-19,70.25,70.4000015258789,69.5999984741211,69.6500015258789,57.33159255981445,13595148,0.0,0.0
2022-09-20,70.0,70.1500015258789,69.05000305175781,69.0999984741211,56.878868103027344,20693245,0.0,0.0
2022-09-21,69.30000305175781,69.30000305175781,68.19999694824219,68.44999694824219,56.34382247924805,24710729,0.0,0.0
2022-09-22,68.19999694824219,68.25,67.5,67.80000305175781,55.80878829956055,15775504,0.0,0.0
2022-09-23,67.80000305175781,67.94999694824219,67.19999694824219,67.44999694824219,55.52068328857422,13578280,0.0,0.0
2022-09-26,67.19999694824219,67.4000015258789,65.9000015258789,66.05000305175781,54.368289947509766,19194238,0.0,0.0
2022-09-27,66.4000015258789,67.0999984741211,66.0999984741211,66.75,54.94449234008789,14140070,0.0,0.0
2022-09-28,66.4000015258789,66.4000015258789,65.55000305175781,65.75,54.1213493347168,15974881,0.0,0.0
2022-09-29,66.0999984741211,67.30000305175781,65.19999694824219,65.9000015258789,54.24481964111328,24560255,0.0,0.0
2022-09-30,65.94999694824219,67.19999694824219,65.5,66.94999694824219,55.10911560058594,16041026,0.0,0.0
2022-10-03,67.25,68.05000305175781,66.55000305175781,66.69999694824219,54.9033317565918,13288633,0.0,0.0
2022-10-04,68.0,68.0,67.0999984741211,67.30000305175781,55.397220611572266,10513995,0.0,0.0
2022-10-06,67.94999694824219,68.0999984741211,67.3499984741211,67.75,55.76762771606445,13000167,0.0,0.0
2022-10-07,67.6500015258789,67.8499984741211,67.05000305175781,67.44999694824219,55.52068328857422,14879891,0.0,0.0
2022-10-10,67.0,67.69999694824219,66.8499984741211,67.55000305175781,55.603004455566406,9042660,0.0,0.0
2022-10-11,67.69999694824219,67.69999694824219,65.80000305175781,65.94999694824219,54.28597640991211,14905741,0.0,0.0
2022-10-12,66.0,67.8499984741211,65.94999694824219,67.25,55.35605239868164,14459865,0.0,0.0
2022-10-13,67.30000305175781,67.75,66.44999694824219,66.8499984741211,55.026798248291016,9890714,0.0,0.0
2022-10-14,68.0,68.0,66.19999694824219,66.30000305175781,54.57408142089844,10119406,0.0,0.0
2022-10-17,66.5,66.69999694824219,65.55000305175781,66.05000305175781,54.368289947509766,10841451,0.0,0.0
2022-10-18,66.4000015258789,66.80000305175781,66.0999984741211,66.69999694824219,54.9033317565918,8153819,0.0,0.0
2022-10-19,66.80000305175781,67.25,66.44999694824219,67.0,55.15027618408203,7157066,0.0,0.0
2022-10-20,66.6500015258789,68.19999694824219,66.55000305175781,67.8499984741211,55.84993743896485,19426605,0.0,0.0
2022-10-21,67.4000015258789,68.05000305175781,67.19999694824219,67.5,55.56184005737305,9542021,0.0,0.0
2022-10-24,68.25,68.44999694824219,67.94999694824219,68.05000305175781,56.01457595825195,3745316,0.0,0.0
2022-10-25,67.8499984741211,68.25,67.19999694824219,67.9000015258789,55.8911018371582,12609170,0.0,0.0
2022-10-27,67.9000015258789,68.5,67.8499984741211,68.30000305175781,56.22035598754883,10404151,0.0,0.0
2022-10-28,68.5,69.19999694824219,68.05000305175781,68.44999694824219,56.34382247924805,9586976,0.0,0.0
2022-10-31,68.5,68.80000305175781,68.0999984741211,68.25,56.17919921875,10549071,0.0,0.0
2022-11-01,68.4000015258789,68.6500015258789,68.1500015258789,68.5,56.384986877441406,7840600,0.0,0.0
2022-11-02,68.55000305175781,69.05000305175781,68.3499984741211,68.5999984741211,56.46729278564453,6785578,0.0,0.0
2022-11-03,68.5,69.1500015258789,68.5,68.69999694824219,56.54960632324219,6466688,0.0,0.0
2022-11-04,68.6500015258789,69.0,68.30000305175781,68.5,56.384986877441406,8971834,0.0,0.0
2022-11-07,68.8499984741211,70.30000305175781,68.69999694824219,70.0999984741211,57.701995849609375,13032194,0.0,0.0
2022-11-09,70.3499984741211,70.5,69.4000015258789,69.55000305175781,57.2492790222168,10410493,0.0,0.0
2022-11-10,69.44999694824219,69.8499984741211,69.4000015258789,69.5999984741211,57.29043960571289,5974147,0.0,0.0
2022-11-11,69.94999694824219,70.0,69.4000015258789,69.75,57.41389846801758,8792244,0.0,0.0
2022-11-14,70.0,70.1500015258789,68.8499984741211,69.44999694824219,57.16696166992188,10222979,0.0,0.0
2022-11-15,69.80000305175781,69.80000305175781,69.1500015258789,69.5999984741211,57.29043960571289,6477425,0.0,0.0
2022-11-16,69.6500015258789,69.69999694824219,69.05000305175781,69.30000305175781,57.043495178222656,5638631,0.0,0.0
2022-11-17,69.44999694824219,69.69999694824219,69.0,69.0999984741211,56.878868103027344,5264089,0.0,0.0
2022-11-18,69.3499984741211,69.5,68.75,69.25,57.00233459472656,6231903,0.0,0.0
2022-11-21,69.3499984741211,70.4000015258789,69.1500015258789,70.05000305175781,57.66084671020508,14820946,0.0,0.0
2022-11-22,70.05000305175781,70.19999694824219,69.44999694824219,70.0,57.61968994140625,13456815,0.0,0.0
2022-11-23,70.05000305175781,70.30000305175781,69.69999694824219,69.9000015258789,57.53738021850586,7949141,0.0,0.0
2022-11-24,70.1500015258789,72.69999694824219,70.1500015258789,72.05000305175781,59.30712890625,29444796,0.0,0.0
2022-11-25,72.19999694824219,73.94999694824219,71.6500015258789,73.3499984741211,60.377201080322266,22422462,0.0,0.0
2022-11-28,73.9000015258789,76.44999694824219,73.9000015258789,76.19999694824219,62.723140716552734,40695313,0.0,0.0
2022-11-29,76.44999694824219,76.69999694824219,75.0,75.30000305175781,61.98232269287109,17421133,0.0,0.0
2022-11-30,74.5,77.0,74.44999694824219,76.6500015258789,63.09355926513672,29122442,0.0,0.0
2022-12-01,77.0,77.1500015258789,76.0,76.19999694824219,62.723140716552734,15072561,0.0,0.0
2022-12-02,76.19999694824219,77.19999694824219,76.0,77.0,63.38165664672852,18220281,0.0,0.0
2022-12-05,77.05000305175781,77.69999694824219,76.69999694824219,77.05000305175781,63.42280960083008,10947250,0.0,0.0
2022-12-06,77.0,77.4000015258789,75.6500015258789,75.80000305175781,62.393890380859375,10369691,0.0,0.0
2022-12-07,76.75,77.80000305175781,76.1500015258789,76.69999694824219,63.13471221923828,20909569,0.0,0.0
2022-12-08,77.44999694824219,77.5,76.5,76.75,63.175872802734375,11996025,0.0,0.0
2022-12-09,77.5,78.3499984741211,76.69999694824219,77.0,63.38165664672852,24702723,0.0,0.0
2022-12-12,77.0,79.05000305175781,76.80000305175781,78.9000015258789,64.94562530517578,20455051,0.0,0.0
2022-12-13,79.19999694824219,79.25,77.44999694824219,77.75,63.999019622802734,16409283,0.0,0.0
2022-12-14,77.9000015258789,78.69999694824219,77.55000305175781,78.1500015258789,64.32826232910156,16268873,0.0,0.0
2022-12-15,78.1500015258789,78.5,77.80000305175781,78.0999984741211,64.28711700439453,9555282,0.0,0.0
2022-12-16,78.25,78.94999694824219,76.6500015258789,76.94999694824219,63.34049606323242,18672807,0.0,0.0
2022-12-19,77.19999694824219,78.1500015258789,76.5999984741211,77.94999694824219,64.16363525390625,12681354,0.0,0.0
2022-12-20,77.94999694824219,78.1500015258789,77.05000305175781,77.80000305175781,64.04017639160156,9368946,0.0,0.0
2022-12-21,77.80000305175781,78.1500015258789,76.1500015258789,76.4000015258789,62.88777923583984,8618706,0.0,0.0
2022-12-22,76.4000015258789,76.75,74.6500015258789,75.0999984741211,61.81769180297852,15215404,0.0,0.0
2022-12-23,74.5999984741211,75.0999984741211,72.80000305175781,73.0,60.08910751342773,15286836,0.0,0.0
2022-12-26,73.0,74.5999984741211,72.3499984741211,74.4000015258789,61.24149703979492,9571856,0.0,0.0
2022-12-27,74.9000015258789,75.19999694824219,74.3499984741211,75.0999984741211,61.81769180297852,5815217,0.0,0.0
2022-12-28,74.8499984741211,75.1500015258789,74.44999694824219,74.80000305175781,61.57075881958008,6599386,0.0,0.0
2022-12-29,74.80000305175781,75.1500015258789,74.0999984741211,74.75,61.529598236083984,10191269,0.0,0.0
2022-12-30,75.19999694824219,77.5,75.19999694824219,76.5,62.97008895874024,15567911,0.0,0.0
2023-01-02,77.0,78.55000305175781,76.44999694824219,78.0,64.20479583740234,16878293,0.0,0.0
2023-01-03,78.0,78.9000015258789,77.69999694824219,78.5,64.6163558959961,11509540,0.0,0.0
2023-01-04,78.9000015258789,79.5,77.4000015258789,78.0999984741211,64.28711700439453,11974831,0.0,0.0
2023-01-05,78.75,79.25,78.3499984741211,79.0999984741211,65.11024475097656,14449439,0.0,0.0
2023-01-06,79.30000305175781,80.80000305175781,79.0,80.05000305175781,65.8922348022461,19075518,0.0,0.0
2023-01-09,80.8499984741211,81.0,79.6500015258789,80.0999984741211,65.93338775634766,16438468,0.0,0.0
2023-01-10,80.55000305175781,80.80000305175781,79.69999694824219,80.5999984741211,66.3449478149414,11953196,0.0,0.0
2023-01-11,80.8499984741211,84.05000305175781,80.5999984741211,83.55000305175781,68.7732162475586,44099830,0.0,0.0
2023-01-12,83.75,83.9000015258789,81.19999694824219,81.5999984741211,67.1680908203125,16440461,0.0,0.0
2023-01-13,81.55000305175781,82.44999694824219,81.0999984741211,82.30000305175781,67.74429321289062,8018070,0.0,0.0
2023-01-16,82.44999694824219,82.69999694824219,81.75,82.25,67.70314025878906,9367702,0.0,0.0
2023-01-17,82.30000305175781,82.69999694824219,81.0,81.5999984741211,67.1680908203125,8776414,0.0,0.0
2023-01-18,81.44999694824219,82.9000015258789,81.25,82.1500015258789,67.6208267211914,7980164,0.0,0.0
2023-01-19,82.1500015258789,83.4000015258789,81.9000015258789,83.25,68.52628326416016,9857262,0.0,0.0
2023-01-20,83.19999694824219,83.55000305175781,82.75,82.9000015258789,68.23818969726562,9411562,0.0,0.0
2023-01-23,83.1500015258789,83.5999984741211,82.5999984741211,83.44999694824219,68.69090270996094,6972772,0.0,0.0
2023-01-24,83.80000305175781,83.80000305175781,82.69999694824219,83.1500015258789,68.4439697265625,7069973,0.0,0.0
2023-01-25,82.9000015258789,83.4000015258789,82.30000305175781,82.5,67.90892028808594,8188678,0.0,0.0
2023-01-27,82.55000305175781,83.05000305175781,80.0,81.0,66.67420959472656,10838959,0.0,0.0
2023-01-30,81.0,82.5,80.4000015258789,81.75,67.29155731201172,10783051,0.0,0.0
2023-01-31,82.5,83.30000305175781,81.1500015258789,81.75,67.29155731201172,21752061,0.0,0.0
2023-02-01,81.69999694824219,81.94999694824219,78.3499984741211,79.80000305175781,65.68645477294922,20031377,0.0,0.0
2023-02-02,79.5999984741211,80.0,78.1500015258789,78.55000305175781,64.65752410888672,10817457,0.0,0.0
2023-02-03,78.9000015258789,78.9000015258789,76.9000015258789,78.44999694824219,64.57521057128906,11116563,0.0,0.0
2023-02-06,78.5,79.5999984741211,78.0999984741211,79.25,65.23372650146484,9507602,0.0,0.0
2023-02-07,79.25,79.75,78.6500015258789,79.05000305175781,65.069091796875,6876198,0.0,0.0
2023-02-08,79.0,79.4000015258789,78.30000305175781,79.25,65.23372650146484,6093832,0.0,0.0
2023-02-09,79.19999694824219,80.69999694824219,78.9000015258789,79.5999984741211,65.52182006835938,8609974,0.0,0.0
2023-02-10,79.6500015258789,80.44999694824219,79.5,79.80000305175781,65.68645477294922,6286269,0.0,0.0
2023-02-13,80.0,80.25,79.25,79.5,65.43950653076172,6470826,0.0,0.0
2023-02-14,79.44999694824219,79.8499984741211,78.6500015258789,79.1500015258789,65.15140533447266,5013825,0.0,0.0
2023-02-15,78.44999694824219,79.75,78.44999694824219,79.5,65.43950653076172,3686045,0.0,0.0
2023-02-16,79.8499984741211,80.05000305175781,79.19999694824219,79.80000305175781,65.68645477294922,8603036,0.0,0.0
2023-02-17,79.9000015258789,81.05000305175781,79.5999984741211,80.55000305175781,66.30379486083984,9145422,0.0,0.0
2023-02-20,80.69999694824219,80.94999694824219,79.30000305175781,79.55000305175781,65.48066711425781,6867570,0.0,0.0
2023-02-21,80.0,80.25,79.0,79.19999694824219,65.19255828857422,4633296,0.0,0.0
2023-02-22,78.6500015258789,78.80000305175781,77.0999984741211,77.30000305175781,63.62859725952149,9878001,0.0,0.0
2023-02-23,77.69999694824219,77.9000015258789,76.75,77.19999694824219,63.54628372192383,6290065,0.0,0.0
2023-02-24,77.5,77.6500015258789,77.0999984741211,77.3499984741211,63.66975784301758,6103178,0.0,0.0
2023-02-27,77.3499984741211,77.4000015258789,76.19999694824219,76.8499984741211,63.2581901550293,6945215,0.0,0.0
2023-02-28,76.9000015258789,77.05000305175781,75.80000305175781,76.05000305175781,62.59967803955078,10000095,0.0,0.0
2023-03-01,76.0,77.19999694824219,75.8499984741211,76.94999694824219,63.34049606323242,6694749,0.0,0.0
2023-03-02,77.0,78.1500015258789,76.80000305175781,77.9000015258789,64.12248229980469,5273986,0.0,0.0
2023-03-03,78.1500015258789,78.44999694824219,77.69999694824219,78.19999694824219,64.36941528320312,5522499,0.0,0.0
2023-03-06,78.30000305175781,79.80000305175781,78.05000305175781,79.25,65.23372650146484,8582554,0.0,0.0
2023-03-08,78.75,79.3499984741211,78.5,79.19999694824219,65.19255828857422,5969771,0.0,0.0
2023-03-09,79.30000305175781,79.44999694824219,78.55000305175781,78.69999694824219,64.78099060058594,6135751,0.0,0.0
2023-03-10,78.5,79.25,77.5,78.9000015258789,64.94562530517578,6305111,0.0,0.0
2023-03-13,78.5,78.9000015258789,77.6500015258789,77.80000305175781,64.04017639160156,7151999,0.0,0.0
2023-03-14,77.8499984741211,78.0999984741211,77.25,77.69999694824219,63.95785140991211,8316642,0.0,0.0
2023-03-15,78.25,79.05000305175781,78.0,78.5999984741211,64.69868469238281,8183051,0.0,0.0
2023-03-16,79.0,80.44999694824219,78.75,79.9000015258789,65.76876831054688,27348566,0.0,0.0
2023-03-17,80.5999984741211,80.8499984741211,78.8499984741211,79.30000305175781,65.27489471435547,22904016,0.0,0.0
2023-03-20,79.19999694824219,80.69999694824219,78.69999694824219,80.5999984741211,66.3449478149414,18090005,0.0,0.0
2023-03-21,80.80000305175781,81.1500015258789,79.30000305175781,79.55000305175781,65.48066711425781,9942587,0.0,0.0
2023-03-22,79.80000305175781,79.94999694824219,79.0999984741211,79.5999984741211,65.52182006835938,8162089,0.0,0.0
2023-03-23,79.3499984741211,79.5999984741211,78.80000305175781,79.0,65.02794647216797,7065528,0.0,0.0
2023-03-24,78.8499984741211,79.19999694824219,78.0,78.4000015258789,64.53404998779297,10269895,0.0,0.0
2023-03-27,78.0,78.4000015258789,76.75,77.0999984741211,63.4639778137207,4845906,0.0,0.0
2023-03-28,76.9000015258789,77.4000015258789,75.75,76.9000015258789,63.29935073852539,7446988,0.0,0.0
2023-03-29,76.8499984741211,77.55000305175781,76.6500015258789,76.9000015258789,63.29935073852539,9921198,0.0,0.0
2023-03-31,77.30000305175781,78.3499984741211,77.19999694824219,77.9000015258789,64.12248229980469,9748505,0.0,0.0
2023-04-03,77.25,78.25,76.9000015258789,77.5,63.79323196411133,11416090,0.0,0.0
2023-04-05,78.05000305175781,78.25,77.0,77.1500015258789,63.5051383972168,6867318,0.0,0.0
2023-04-06,77.1500015258789,77.8499984741211,76.9000015258789,77.69999694824219,63.95785140991211,5063531,0.0,0.0
2023-04-10,77.69999694824219,78.19999694824219,77.4000015258789,77.80000305175781,64.04017639160156,5706517,0.0,0.0
2023-04-11,77.80000305175781,78.0999984741211,77.6500015258789,77.9000015258789,64.12248229980469,2998570,0.0,0.0
2023-04-12,77.9000015258789,78.19999694824219,77.55000305175781,78.0,64.20479583740234,4182972,0.0,0.0
2023-04-13,78.0,78.1500015258789,77.0,77.19999694824219,63.54628372192383,6411454,0.0,0.0
2023-04-17,77.19999694824219,77.44999694824219,76.80000305175781,77.25,63.58743667602539,7736935,0.0,0.0
2023-04-18,77.19999694824219,78.0999984741211,77.19999694824219,78.0,64.20479583740234,5096362,0.0,0.0
2023-04-19,77.94999694824219,78.75,77.69999694824219,78.55000305175781,64.65752410888672,7940271,0.0,0.0
2023-04-20,78.9000015258789,79.0999984741211,78.0999984741211,78.19999694824219,64.36941528320312,7789377,0.0,0.0
2023-04-21,78.75,78.75,77.8499984741211,78.25,64.41057586669922,5001767,0.0,0.0
2023-04-24,78.30000305175781,78.5999984741211,77.94999694824219,78.25,64.41057586669922,7060879,0.0,0.0
2023-04-25,78.25,78.8499984741211,78.05000305175781,78.44999694824219,64.57521057128906,4656411,0.0,0.0
2023-04-26,78.3499984741211,78.8499984741211,78.1500015258789,78.44999694824219,64.57521057128906,5090493,0.0,0.0
2023-04-27,78.55000305175781,80.75,78.55000305175781,80.44999694824219,66.22148895263672,17036886,0.0,0.0
2023-04-28,80.94999694824219,81.55000305175781,80.4000015258789,81.4000015258789,67.00346374511719,11996476,0.0,0.0
2023-05-02,81.75,82.69999694824219,81.4000015258789,82.1500015258789,67.6208267211914,11768608,0.0,0.0
2023-05-03,82.44999694824219,83.5999984741211,82.44999694824219,82.69999694824219,68.07353973388672,12067736,0.0,0.0
2023-05-04,83.0999984741211,84.5,82.9000015258789,83.30000305175781,68.56743621826172,15811123,0.0,0.0
2023-05-05,83.30000305175781,83.44999694824219,82.4000015258789,82.80000305175781,68.1558609008789,5895640,0.0,0.0
2023-05-08,83.0,83.44999694824219,82.4000015258789,83.25,68.52628326416016,6051050,0.0,0.0
2023-05-09,83.75,84.30000305175781,83.5,84.0,69.14363098144531,7286472,0.0,0.0
2023-05-10,84.5,84.5999984741211,83.8499984741211,84.25,69.34940338134766,7349573,0.0,0.0
2023-05-11,84.30000305175781,84.44999694824219,83.80000305175781,83.94999694824219,69.10247039794922,4455253,0.0,0.0
2023-05-12,83.8499984741211,84.1500015258789,83.3499984741211,83.55000305175781,68.7732162475586,4700410,0.0,0.0
2023-05-15,83.80000305175781,84.55000305175781,83.55000305175781,84.19999694824219,69.30824279785156,7167177,0.0,0.0
2023-05-16,85.4000015258789,87.6500015258789,85.0,87.0,71.61304473876953,44298431,0.0,0.0
2023-05-17,87.80000305175781,88.5999984741211,87.30000305175781,87.55000305175781,72.0657730102539,20861152,0.0,0.0
2023-05-18,87.5999984741211,87.75,85.80000305175781,86.0,70.78990936279297,16119484,0.0,0.0
2023-05-19,86.0,86.25,84.80000305175781,86.05000305175781,70.8310546875,11201198,0.0,0.0
2023-05-22,86.05000305175781,87.30000305175781,85.30000305175781,87.1500015258789,71.73651885986328,9226502,0.0,0.0
2023-05-23,87.44999694824219,89.9000015258789,86.75,89.0,73.25930786132812,27392800,0.0,0.0
2023-05-24,89.0999984741211,89.9000015258789,88.75,89.6500015258789,73.79434967041016,19866440,0.0,0.0
2023-05-25,89.8499984741211,89.8499984741211,88.5999984741211,89.1500015258789,73.3827896118164,9684940,0.0,0.0
2023-05-26,89.19999694824219,90.3000030517578,89.0,90.1999969482422,74.24707794189453,9846321,0.0,0.0
2023-05-29,90.3000030517578,90.4499969482422,89.4000015258789,90.05000305175781,74.12361907958984,6891927,0.0,0.0
2023-05-30,90.0,90.9499969482422,89.80000305175781,90.3000030517578,74.32940673828125,9269698,0.0,0.0
2023-05-31,90.4000015258789,91.4000015258789,89.55000305175781,90.0,74.08245086669922,17157711,0.0,0.0
2023-06-01,90.5,91.1500015258789,89.9000015258789,90.5,74.49403381347656,11770478,0.0,0.0
2023-06-02,90.5,90.9000015258789,89.69999694824219,89.80000305175781,73.9178466796875,7123634,0.0,0.0
2023-06-05,89.9000015258789,90.0,88.6500015258789,89.25,73.4651107788086,9227005,0.0,0.0
2023-06-06,89.4000015258789,89.80000305175781,88.8499984741211,89.4000015258789,73.58857727050781,5740801,0.0,0.0
2023-06-07,89.55000305175781,91.0999984741211,89.5,90.8499984741211,74.7821273803711,11403972,0.0,0.0
2023-06-08,90.75,90.8499984741211,89.69999694824219,90.05000305175781,74.12361907958984,10809055,0.0,0.0
2023-06-09,90.1999969482422,91.6500015258789,90.1500015258789,90.3000030517578,74.32940673828125,9921823,0.0,0.0
2023-06-12,90.6999969482422,92.0,90.1999969482422,91.8499984741211,75.60525512695312,10813997,0.0,0.0
2023-06-13,92.8499984741211,93.0999984741211,91.6999969482422,91.9000015258789,75.64641571044922,19796495,0.0,0.0
2023-06-14,92.1999969482422,93.5,92.0,93.1500015258789,76.67535400390625,19246845,0.0,0.0
2023-06-15,93.3000030517578,93.6999969482422,92.5999984741211,92.9000015258789,76.46955108642578,8742159,0.0,0.0
2023-06-16,93.0,93.1999969482422,91.9000015258789,92.1500015258789,75.85220336914062,15146569,0.0,0.0
2023-06-19,92.1500015258789,92.8499984741211,91.6500015258789,91.9000015258789,75.64641571044922,6800507,0.0,0.0
2023-06-20,91.9000015258789,92.5999984741211,91.3000030517578,91.9000015258789,75.64641571044922,9394894,0.0,0.0
2023-06-21,91.9499969482422,92.8499984741211,91.6999969482422,92.0,75.72872924804688,9499893,0.0,0.0
2023-06-22,92.0,92.8499984741211,91.75,92.0,75.72872924804688,9694937,0.0,0.0
2023-06-23,92.3000030517578,92.4000015258789,88.8499984741211,89.30000305175781,73.50625610351562,18134295,0.0,0.0
2023-06-26,89.30000305175781,89.94999694824219,88.69999694824219,89.55000305175781,73.7120590209961,10963542,0.0,0.0
2023-06-27,89.75,90.5,88.9000015258789,89.3499984741211,73.54740905761719,10668117,0.0,0.0
2023-06-28,89.69999694824219,91.1500015258789,89.0,90.6500015258789,74.61750030517578,14388441,0.0,0.0
2023-06-30,90.9499969482422,91.9499969482422,90.6500015258789,91.3000030517578,75.15253448486328,12595671,0.0,0.0
2023-07-03,91.5999984741211,96.0999984741211,91.3000030517578,95.25,78.40393829345703,32972732,0.0,0.0
2023-07-04,96.0,96.4000015258789,94.3499984741211,94.6500015258789,77.91006469726562,11918401,0.0,0.0
2023-07-05,95.1500015258789,95.6999969482422,93.4000015258789,95.5,78.60972595214844,14283796,0.0,0.0
2023-07-06,96.0,98.8000030517578,96.0,98.5999984741211,81.16145324707031,32778334,0.0,0.0
2023-07-07,99.4499969482422,101.25,98.8000030517578,99.1999969482422,81.65532684326172,37546405,0.0,0.0
2023-07-10,101.0,101.4499969482422,97.0999984741211,97.4000015258789,80.17369079589844,24042759,0.0,0.0
2023-07-11,97.8000030517578,98.9000015258789,96.9000015258789,98.0999984741211,80.74988555908203,17508261,0.0,0.0
2023-07-12,98.25,99.3499984741211,97.6999969482422,97.9000015258789,80.58525848388672,14979586,0.0,0.0
2023-07-13,98.4000015258789,98.6999969482422,96.0,96.1999969482422,79.18592071533203,11491737,0.0,0.0
2023-07-14,96.5,97.6500015258789,95.8000030517578,96.5999984741211,79.51516723632812,24048036,0.0,0.0
2023-07-17,97.4000015258789,97.9000015258789,96.9000015258789,97.3499984741211,80.13252258300781,19126927,0.0,0.0
2023-07-18,98.0500030517578,98.4000015258789,97.1999969482422,97.5999984741211,80.33831024169922,9527821,0.0,0.0
2023-07-19,98.0,99.0500030517578,97.6999969482422,98.25,80.87335968017578,15283446,0.0,0.0
2023-07-20,98.6999969482422,99.3000030517578,98.4499969482422,98.75,81.28491973876953,8940131,0.0,0.0
2023-07-21,98.8499984741211,99.8499984741211,98.5999984741211,99.3499984741211,81.77880096435547,18598910,0.0,0.0
2023-07-24,99.8000030517578,100.6999969482422,99.5,99.8499984741211,82.19036865234375,19073238,0.0,0.0
2023-07-25,99.9499969482422,100.25,98.6999969482422,99.0,81.4906997680664,11983867,0.0,0.0
2023-07-26,99.8499984741211,100.1999969482422,98.8499984741211,99.5999984741211,81.98458862304688,14912431,0.0,0.0
2023-07-27,100.4000015258789,100.4499969482422,98.0999984741211,98.5999984741211,81.16145324707031,16349608,0.0,0.0
2023-07-28,96.1999969482422,96.5999984741211,94.25,95.25,80.86431121826172,27278447,3.0,0.0
2023-07-31,96.0,96.1999969482422,93.0,93.75,79.59086608886719,25418124,0.0,0.0
2023-08-01,93.8000030517578,94.75,93.3000030517578,94.0,79.80309295654297,16132927,0.0,0.0
2023-08-02,94.4000015258789,94.6500015258789,93.0,93.8499984741211,79.6757583618164,16780965,0.0,0.0
2023-08-03,93.9000015258789,94.1999969482422,93.1500015258789,93.5,79.37860870361328,8703991,0.0,0.0
2023-08-04,93.5500030517578,93.9000015258789,92.0500030517578,92.3000030517578,78.35984802246094,10743670,0.0,0.0
2023-08-07,92.4499969482422,93.0,92.0,92.8499984741211,78.82678985595703,6947500,0.0,0.0
2023-08-08,93.0,93.4499969482422,91.9499969482422,92.3499984741211,78.40229797363281,14652588,0.0,0.0
2023-08-09,92.4499969482422,94.0500030517578,92.1999969482422,93.9000015258789,79.71819305419922,9339961,0.0,0.0
2023-08-10,93.9000015258789,94.3000030517578,93.5,93.8499984741211,79.6757583618164,6480305,0.0,0.0
2023-08-11,94.0,94.3000030517578,93.3499984741211,93.5,79.37860870361328,9294868,0.0,0.0
2023-08-14,93.5,93.5500030517578,91.5,92.5999984741211,78.61454010009766,6762888,0.0,0.0
2023-08-16,92.5999984741211,93.4499969482422,92.0500030517578,93.3000030517578,79.20882415771484,7026509,0.0,0.0
2023-08-17,93.3000030517578,93.5,92.0,92.25,78.31739807128906,6856243,0.0,0.0
2023-08-18,92.1500015258789,92.3499984741211,91.0999984741211,91.4000015258789,77.59577941894531,7603578,0.0,0.0
2023-08-21,91.3000030517578,92.1500015258789,90.75,92.0,78.10515594482422,7450923,0.0,0.0
2023-08-22,92.4000015258789,92.4000015258789,91.6500015258789,91.8499984741211,77.97782135009766,5274379,0.0,0.0
2023-08-23,91.8499984741211,92.0,91.1999969482422,91.3000030517578,77.5108871459961,6805550,0.0,0.0
2023-08-24,91.6999969482422,93.25,91.5500030517578,92.25,78.31739807128906,9936618,0.0,0.0
2023-08-25,91.9499969482422,93.1999969482422,91.6500015258789,91.8000030517578,77.93536376953125,7021529,0.0,0.0
2023-08-28,92.25,92.5,91.6999969482422,91.9000015258789,78.020263671875,6866040,0.0,0.0
2023-08-29,92.0500030517578,92.4000015258789,91.5999984741211,91.9000015258789,78.020263671875,6510089,0.0,0.0
2023-08-30,91.5,91.5,90.5999984741211,90.75,77.04395294189453,10926964,0.0,0.0
2023-08-31,90.75,91.5500030517578,88.94999694824219,89.0999984741211,75.64315032958984,15918998,0.0,0.0
2023-09-01,89.3499984741211,90.0,88.75,89.05000305175781,75.6007080078125,14735373,0.0,0.0
2023-09-04,89.30000305175781,90.5,89.30000305175781,90.05000305175781,76.44967651367188,13063008,0.0,0.0
2023-09-05,90.5500030517578,91.6999969482422,90.4000015258789,91.3499984741211,77.55333709716797,12849665,0.0,0.0
2023-09-06,91.4499969482422,91.6999969482422,90.5,91.3499984741211,77.55333709716797,8805552,0.0,0.0
2023-09-07,91.4499969482422,91.9000015258789,91.0500030517578,91.6999969482422,77.8504638671875,7697172,0.0,0.0
2023-09-08,92.1999969482422,94.9499969482422,91.5500030517578,94.0,79.80309295654297,29294769,0.0,0.0
2023-09-11,95.5,96.0,94.0999984741211,95.1999969482422,80.82186889648438,23997873,0.0,0.0
2023-09-12,95.9000015258789,95.9000015258789,91.3499984741211,91.5500030517578,77.72311401367188,21373206,0.0,0.0
2023-09-13,91.9000015258789,93.5,91.3499984741211,93.0999984741211,79.03903198242188,11716054,0.0,0.0
2023-09-14,93.5999984741211,95.0999984741211,93.1500015258789,94.6500015258789,80.35493469238281,16430876,0.0,0.0
2023-09-15,94.3499984741211,94.5500030517578,91.75,91.9499969482422,78.0627212524414,35184771,0.0,0.0
2023-09-18,92.8000030517578,93.4000015258789,91.8000030517578,92.5999984741211,78.61454010009766,17302409,0.0,0.0
2023-09-20,92.4499969482422,92.9499969482422,91.4000015258789,91.8499984741211,77.97782135009766,18228395,0.0,0.0
2023-09-21,91.9000015258789,93.1500015258789,91.8000030517578,92.75,78.74188995361328,15173388,0.0,0.0
2023-09-22,92.8000030517578,93.3499984741211,92.0,92.25,78.31739807128906,10983768,0.0,0.0
2023-09-25,92.5,92.5999984741211,91.8000030517578,91.9499969482422,78.0627212524414,10885789,0.0,0.0
2023-09-26,92.1999969482422,92.8000030517578,91.9000015258789,92.0,78.10515594482422,8786944,0.0,0.0
2023-09-27,92.0500030517578,92.4000015258789,90.0999984741211,90.4000015258789,76.74681091308594,17576586,0.0,0.0
2023-09-28,90.8000030517578,91.4000015258789,89.5,89.80000305175781,76.23743438720703,17116633,0.0,0.0
2023-09-29,90.5999984741211,91.1500015258789,90.25,90.9499969482422,77.21373748779297,7353379,0.0,0.0
2023-10-03,91.4000015258789,91.4000015258789,89.80000305175781,90.0,76.40721893310547,12491467,0.0,0.0
2023-10-04,90.0,90.1500015258789,88.69999694824219,89.0999984741211,75.64315032958984,10554372,0.0,0.0
2023-10-05,90.4499969482422,90.75,89.19999694824219,89.6500015258789,76.1100845336914,9293183,0.0,0.0
2023-10-06,90.0,90.0,89.3499984741211,89.75,76.19498443603516,8500414,0.0,0.0
2023-10-09,88.44999694824219,88.5999984741211,87.0,87.44999694824219,74.24234771728516,10345543,0.0,0.0
2023-10-10,87.44999694824219,88.55000305175781,87.30000305175781,88.3499984741211,75.00642395019531,9460129,0.0,0.0
2023-10-11,89.0,90.25,88.6500015258789,89.69999694824219,76.15251922607422,12124613,0.0,0.0
2023-10-12,89.8499984741211,90.6999969482422,89.8499984741211,90.3000030517578,76.66191101074219,9922340,0.0,0.0
2023-10-13,90.3000030517578,91.25,90.05000305175781,90.8499984741211,77.12885284423828,12881848,0.0,0.0
2023-10-16,91.0,91.1500015258789,90.1999969482422,90.9000015258789,77.17129516601562,8631278,0.0,0.0
2023-10-17,91.0,92.3000030517578,90.75,91.8499984741211,77.97782135009766,13355267,0.0,0.0
2023-10-18,92.5,92.5,90.5,90.75,77.04395294189453,11466227,0.0,0.0
2023-10-19,90.1500015258789,90.9000015258789,90.0999984741211,90.6500015258789,76.95905303955078,6724121,0.0,0.0
2023-10-20,90.5500030517578,90.8499984741211,89.5,90.3000030517578,76.66191101074219,8772287,0.0,0.0
2023-10-23,90.3000030517578,90.3000030517578,87.6500015258789,87.94999694824219,74.66683197021484,9592121,0.0,0.0
2023-10-25,88.44999694824219,89.19999694824219,86.80000305175781,87.5999984741211,74.36969757080078,9057651,0.0,0.0
2023-10-26,87.55000305175781,87.80000305175781,85.5,86.19999694824219,73.18113708496094,10108394,0.0,0.0
2023-10-27,86.55000305175781,87.5,86.55000305175781,86.9000015258789,73.7754135131836,6454064,0.0,0.0
2023-10-30,87.44999694824219,88.5999984741211,86.75,88.25,74.9215316772461,10175983,0.0,0.0
2023-10-31,89.0,90.0,87.6500015258789,89.69999694824219,76.15251922607422,29025469,0.0,0.0
2023-11-01,92.0,93.0,90.4499969482422,92.4499969482422,78.48719787597656,54027867,0.0,0.0
2023-11-02,93.8499984741211,96.5,93.3000030517578,95.0500030517578,80.69451904296875,63995437,0.0,0.0
2023-11-03,96.5,96.75,95.4000015258789,95.9000015258789,81.41614532470703,34490201,0.0,0.0
2023-11-06,97.0,100.5,96.5999984741211,99.0,84.04793548583984,63500708,0.0,0.0
2023-11-07,100.0,104.3000030517578,98.75,104.0500030517578,88.33523559570312,79534919,0.0,0.0
2023-11-08,105.4000015258789,106.9000015258789,103.0500030517578,103.4499969482422,87.82584381103516,69412828,0.0,0.0
2023-11-09,104.0999984741211,104.5,102.5,102.9499969482422,87.40137481689453,32091128,0.0,0.0
2023-11-10,97.8499984741211,98.8499984741211,97.4000015258789,98.0500030517578,87.49060821533203,28403392,5.0,0.0
2023-11-13,98.3000030517578,99.25,97.5500030517578,99.0,88.33828735351562,23502134,0.0,0.0
2023-11-15,100.0,102.0,99.1500015258789,101.6999969482422,90.74752044677734,35721107,0.0,0.0
2023-11-16,102.0,105.1500015258789,101.6999969482422,104.0999984741211,92.88905334472656,43421272,0.0,0.0
2023-11-17,105.0,106.3000030517578,101.5,102.6999969482422,91.63982391357422,50796419,0.0,0.0
2023-11-20,103.0,103.9499969482422,102.0,102.8499984741211,91.77366638183594,16980763,0.0,0.0
2023-11-21,103.0,103.1999969482422,100.8499984741211,101.0500030517578,90.16751861572266,20429383,0.0,0.0
2023-11-22,101.0,102.6999969482422,100.3499984741211,101.25,90.3459930419922,16652996,0.0,0.0
2023-11-23,102.0,104.1999969482422,100.75,103.8000030517578,92.6213607788086,18589035,0.0,0.0
2023-11-24,104.0999984741211,105.3000030517578,103.0,103.4499969482422,92.30904388427734,26009963,0.0,0.0
2023-11-28,104.6999969482422,108.5999984741211,104.0999984741211,108.1999969482422,96.5475082397461,61127565,0.0,0.0
2023-11-29,108.6999969482422,109.75,107.4499969482422,108.5500030517578,96.85982513427734,36828919,0.0,0.0
2023-11-30,108.5500030517578,112.5,107.0999984741211,111.75,99.71519470214844,46269884,0.0,0.0
2023-12-01,112.8499984741211,113.9499969482422,110.5999984741211,111.25,99.26905059814452,24131009,0.0,0.0
2023-12-04,114.5,118.1500015258789,113.0999984741211,115.9000015258789,103.41827392578124,50645500,0.0,0.0
2023-12-05,120.0,120.0,115.5999984741211,117.6999969482422,105.02442169189452,47272168,0.0,0.0
2023-12-06,118.8000030517578,119.9499969482422,117.4000015258789,119.3000030517578,106.45211029052734,31094949,0.0,0.0
2023-12-07,120.3000030517578,122.5,119.5500030517578,121.3499984741211,108.28133392333984,38173544,0.0,0.0
2023-12-08,122.1500015258789,122.4499969482422,117.3499984741211,118.8000030517578,106.0059585571289,22610433,0.0,0.0
2023-12-11,119.9000015258789,121.0,116.5999984741211,117.5,104.84596252441406,28917089,0.0,0.0
2023-12-12,118.0,118.9000015258789,116.9000015258789,117.5500030517578,104.8905792236328,15735665,0.0,0.0
2023-12-13,118.5,119.8499984741211,118.0500030517578,119.6500015258789,106.76441955566406,23660687,0.0,0.0
2023-12-14,120.5,120.5,119.3499984741211,120.0999984741211,107.16594696044922,20038925,0.0,0.0
2023-12-15,120.3000030517578,124.9499969482422,119.6500015258789,123.8000030517578,110.46749114990234,43200717,0.0,0.0
2023-12-18,124.4499969482422,125.8000030517578,123.1999969482422,124.3499984741211,110.958251953125,19345644,0.0,0.0
2023-12-19,125.0,125.9499969482422,124.1999969482422,124.6999969482422,111.27056121826172,22074723,0.0,0.0
2023-12-20,125.5999984741211,126.4000015258789,119.0,120.0500030517578,107.12133026123048,27660494,0.0,0.0
2023-12-21,118.0,124.5,117.3499984741211,124.1500015258789,110.77979278564452,20805929,0.0,0.0
2023-12-22,124.25,125.0,122.0999984741211,123.6999969482422,110.37824249267578,12915880,0.0,0.0
2023-12-26,123.9000015258789,128.5,123.5999984741211,128.0500030517578,114.2597885131836,30770511,0.0,0.0
2023-12-27,128.39999389648438,128.89999389648438,125.4499969482422,126.5999984741211,112.9659423828125,16455934,0.0,0.0
2023-12-28,127.0,133.9499969482422,126.5,133.25,118.8997802734375,54672874,0.0,0.0
2023-12-29,129.6999969482422,132.0500030517578,128.3000030517578,129.85000610351562,115.86593627929688,30650133,0.0,0.0
2024-01-01,132.10000610351562,132.5,130.0,130.3000030517578,116.26747131347656,18629028,0.0,0.0
2024-01-02,131.0,131.4499969482422,128.60000610351562,130.5500030517578,116.49054718017578,17271309,0.0,0.0
2024-01-03,130.5500030517578,133.85000610351562,130.3000030517578,132.6999969482422,118.40900421142578,24221613,0.0,0.0
2024-01-04,132.0,132.0,128.8000030517578,131.1999969482422,117.07054901123048,23880980,0.0,0.0
2024-01-05,132.8000030517578,134.60000610351562,131.5500030517578,132.6999969482422,118.40900421142578,21903222,0.0,0.0
2024-01-08,134.0,136.10000610351562,132.25,132.64999389648438,118.36438751220705,26199907,0.0,0.0
2024-01-09,134.89999389648438,134.89999389648438,131.5500030517578,131.89999389648438,117.6951675415039,15051378,0.0,0.0
2024-01-10,130.9499969482422,131.0,128.5,130.5500030517578,116.49054718017578,17547639,0.0,0.0
2024-01-11,131.35000610351562,133.89999389648438,131.10000610351562,133.25,118.8997802734375,21653666,0.0,0.0
2024-01-12,133.4499969482422,135.85000610351562,132.75,135.3000030517578,120.72901916503906,24471509,0.0,0.0
2024-01-15,136.4499969482422,138.0,135.1999969482422,137.64999389648438,122.82592010498048,22824583,0.0,0.0
2024-01-16,138.25,144.35000610351562,137.5,143.60000610351562,128.13516235351562,54350562,0.0,0.0
2024-01-17,143.0,145.39999389648438,141.5500030517578,144.10000610351562,128.581298828125,43031636,0.0,0.0
2024-01-18,143.8000030517578,145.64999389648438,139.89999389648438,144.5,128.93821716308594,26958686,0.0,0.0
2024-01-19,145.10000610351562,149.3000030517578,143.8000030517578,148.64999389648438,132.6412811279297,23970656,0.0,0.0
2024-01-23,151.5,151.8000030517578,137.85000610351562,138.9499969482422,123.98592376708984,38167576,0.0,0.0
2024-01-24,138.9499969482422,145.25,138.0500030517578,143.4499969482422,128.0012969970703,40122151,0.0,0.0
2024-01-25,145.89999389648438,145.89999389648438,142.0,143.6999969482422,128.224365234375,38252600,0.0,0.0
2024-01-29,143.6999969482422,148.39999389648438,143.5,146.6999969482422,130.90127563476562,28420760,0.0,0.0
2024-01-30,148.39999389648438,152.1999969482422,146.5,147.6999969482422,131.79359436035156,41378967,0.0,0.0
2024-01-31,147.8000030517578,150.10000610351562,146.10000610351562,146.9499969482422,131.12437438964844,27393172,0.0,0.0
2024-02-01,148.5,150.6999969482422,147.0500030517578,149.75,133.62283325195312,27883335,0.0,0.0
2024-02-02,151.89999389648438,166.8000030517578,151.0500030517578,162.89999389648438,145.35665893554688,94675914,0.0,0.0
2024-02-05,167.9499969482422,177.1999969482422,164.6999969482422,173.9499969482422,155.2166290283203,101043319,0.0,0.0
2024-02-06,176.5500030517578,186.0,171.35000610351562,184.5,164.63046264648438,97077698,0.0,0.0
2024-02-07,188.1999969482422,192.6499938964844,185.0500030517578,186.4499969482422,166.37046813964844,82890137,0.0,0.0
2024-02-08,187.8999938964844,196.8000030517578,186.75,192.3999938964844,171.67967224121094,83103687,0.0,0.0
2024-02-09,193.3999938964844,193.8500061035156,177.75,182.5,162.84585571289062,84137345,0.0,0.0
2024-02-12,182.5,184.3500061035156,173.14999389648438,175.39999389648438,156.51048278808594,54071070,0.0,0.0
2024-02-13,174.9499969482422,177.4499969482422,172.35000610351562,174.4499969482422,155.6627960205078,37121416,0.0,0.0
2024-02-14,173.0,184.3500061035156,170.89999389648438,183.5500030517578,163.78277587890625,52764452,0.0,0.0
2024-02-15,185.0,191.3500061035156,183.5,189.8500061035156,169.404296875,70678699,0.0,0.0
2024-02-16,190.0,194.1000061035156,186.1499938964844,187.0,166.86122131347656,54056644,0.0,0.0
2024-02-19,188.6000061035156,190.8999938964844,186.3999938964844,188.5,168.19969177246094,30664067,0.0,0.0
2024-02-20,187.5,189.6999969482422,183.8000030517578,188.75,168.42276000976562,34936800,0.0,0.0
2024-02-21,189.6000061035156,190.6999969482422,181.1000061035156,182.3000030517578,162.66737365722656,22131487,0.0,0.0
2024-02-22,181.5,181.5,175.39999389648438,179.6999969482422,160.34739685058594,39618423,0.0,0.0
2024-02-23,179.6999969482422,180.6999969482422,175.0500030517578,175.85000610351562,156.91201782226562,31342100,0.0,0.0
2024-02-26,175.89999389648438,178.8000030517578,172.5500030517578,177.5,158.38430786132812,36264939,0.0,0.0
2024-02-27,177.5,178.35000610351562,172.10000610351562,173.25,154.59201049804688,27603342,0.0,0.0
2024-02-28,172.5,173.4499969482422,166.6999969482422,167.39999389648438,149.37200927734375,35971734,0.0,0.0
2024-02-29,167.39999389648438,168.4499969482422,164.35000610351562,165.5500030517578,147.7212677001953,52797150,0.0,0.0
2024-03-01,167.9499969482422,171.8000030517578,167.39999389648438,169.39999389648438,151.15664672851562,33401242,0.0,0.0
2024-03-04,172.1999969482422,176.4499969482422,170.5,175.25,156.37664794921875,28643745,0.0,0.0
2024-03-05,176.4499969482422,177.3000030517578,174.5500030517578,175.85000610351562,156.91201782226562,21719198,0.0,0.0
2024-03-06,176.1999969482422,178.1999969482422,172.10000610351562,177.35000610351562,158.25047302246094,37730619,0.0,0.0
2024-03-07,177.35000610351562,178.35000610351562,174.0,174.60000610351562,155.79664611816406,17880714,0.0,0.0
2024-03-11,173.9499969482422,177.5,172.10000610351562,174.25,155.4843292236328,22843402,0.0,0.0
2024-03-12,175.0,175.89999389648438,171.4499969482422,172.89999389648438,154.27969360351562,20208400,0.0,0.0
2024-03-13,173.0,173.89999389648438,161.75,163.35000610351562,145.75819396972656,26725350,0.0,0.0
2024-03-14,161.25,171.39999389648438,160.60000610351562,170.35000610351562,152.00433349609375,25912125,0.0,0.0
2024-03-15,166.0,168.6999969482422,153.60000610351562,161.0,143.66127014160156,108719847,0.0,0.0
2024-03-18,162.5500030517578,163.25,160.14999389648438,160.8000030517578,143.48281860351562,22670787,0.0,0.0
2024-03-19,158.89999389648438,158.89999389648438,154.25,155.25,138.530517578125,50547948,0.0,0.0
2024-03-20,156.0,158.5500030517578,155.0,158.25,141.2074432373047,23956154,0.0,0.0
2024-03-21,161.0,164.75,159.8000030517578,164.5,146.7843475341797,26756447,0.0,0.0
2024-03-22,165.6999969482422,167.14999389648438,163.5500030517578,165.14999389648438,147.36431884765625,25141774,0.0,0.0
2024-03-26,164.35000610351562,168.75,163.5500030517578,167.4499969482422,149.4166259765625,21189137,0.0,0.0
2024-03-27,169.0,171.4499969482422,165.35000610351562,166.1999969482422,148.30125427246094,31466480,0.0,0.0
2024-03-28,166.75,169.5,166.6999969482422,167.75,149.68434143066406,17007401,0.0,0.0
2024-04-01,169.9499969482422,171.25,168.75,169.25,151.0227813720703,14548989,0.0,0.0
2024-04-02,169.39999389648438,174.5,169.3000030517578,174.1999969482422,155.43971252441406,29081495,0.0,0.0
2024-04-03,174.1999969482422,175.1999969482422,173.14999389648438,173.6999969482422,154.99356079101562,18996701,0.0,0.0
2024-04-04,174.0,174.9499969482422,169.0500030517578,169.64999389648438,151.3797149658203,17913673,0.0,0.0
2024-04-05,168.8000030517578,168.85000610351562,164.60000610351562,168.0,149.9074249267578,26551221,0.0,0.0
2024-04-08,169.0,171.85000610351562,168.75,170.3000030517578,151.959716796875,14541348,0.0,0.0
2024-04-09,170.5,170.85000610351562,168.0,168.89999389648438,150.7104949951172,10074537,0.0,0.0
2024-04-10,169.0,174.1999969482422,168.89999389648438,173.0500030517578,154.41355895996094,26458888,0.0,0.0
2024-04-12,172.9499969482422,173.4499969482422,169.75,170.14999389648438,151.8258514404297,23635268,0.0,0.0
2024-04-15,166.8000030517578,169.9499969482422,162.64999389648438,166.39999389648438,148.47970581054688,30165832,0.0,0.0
2024-04-16,166.39999389648438,170.8000030517578,165.5,169.0,150.7997283935547,19347109,0.0,0.0
2024-04-18,172.3000030517578,175.10000610351562,168.0500030517578,169.0,150.7997283935547,29756025,0.0,0.0
2024-04-19,163.5,167.5,162.1999969482422,166.64999389648438,148.70278930664062,28613815,0.0,0.0
2024-04-22,169.9499969482422,172.1999969482422,168.5,170.89999389648438,152.49510192871094,19022799,0.0,0.0
2024-04-23,173.6999969482422,173.6999969482422,167.9499969482422,168.10000610351562,149.9966583251953,19730937,0.0,0.0
2024-04-24,169.39999389648438,170.60000610351562,167.5500030517578,168.75,150.57662963867188,17496649,0.0,0.0
2024-04-25,169.4499969482422,171.0,168.75,170.1999969482422,151.8704833984375,14757776,0.0,0.0
2024-04-26,170.6999969482422,172.60000610351562,169.85000610351562,171.5500030517578,153.0751190185547,17306072,0.0,0.0
2024-04-29,173.0,178.0,172.1999969482422,176.75,157.715087890625,40527426,0.0,0.0
2024-04-30,179.5,179.8000030517578,167.85000610351562,168.85000610351562,150.66586303710938,67530236,0.0,0.0
2024-05-02,172.0,174.60000610351562,168.25,173.39999389648438,154.72586059570312,60555113,0.0,0.0
2024-05-03,174.8000030517578,174.89999389648438,169.39999389648438,170.75,152.36126708984375,30968452,0.0,0.0
2024-05-06,171.85000610351562,172.0,165.10000610351562,166.25,148.3458709716797,28686100,0.0,0.0
2024-05-07,167.5,168.1999969482422,159.5,160.0,142.76895141601562,40995072,0.0,0.0
2024-05-08,161.5,164.3000030517578,159.64999389648438,163.14999389648438,145.57972717285156,28458714,0.0,0.0
2024-05-09,163.0,163.0,156.0500030517578,156.60000610351562,139.73512268066406,27225782,0.0,0.0
2024-05-10,158.5,160.14999389648438,155.5500030517578,158.9499969482422,141.83204650878906,24021566,0.0,0.0
2024-05-13,159.85000610351562,160.6999969482422,154.75,158.1999969482422,141.16281127929688,28720880,0.0,0.0
2024-05-14,158.1999969482422,160.6999969482422,157.0500030517578,159.35000610351562,142.18898010253906,17592865,0.0,0.0
2024-05-15,160.60000610351562,162.60000610351562,159.75,161.8000030517578,144.37510681152344,17906679,0.0,0.0
2024-05-16,163.0500030517578,164.39999389648438,161.14999389648438,162.85000610351562,145.31204223632812,23017120,0.0,0.0
2024-05-17,162.85000610351562,164.60000610351562,162.64999389648438,164.0500030517578,146.3828125,13305287,0.0,0.0
2024-05-21,165.0,168.39999389648438,163.5500030517578,166.89999389648438,148.92587280273438,26148240,0.0,0.0
2024-05-22,168.1999969482422,168.1999969482422,164.25,166.9499969482422,148.97048950195312,20053145,0.0,0.0
2024-05-23,167.5,169.35000610351562,166.6999969482422,167.9499969482422,149.86280822753906,17423296,0.0,0.0
2024-05-24,167.89999389648438,170.4499969482422,167.3000030517578,168.8000030517578,150.6212615966797,17579600,0.0,0.0
2024-05-27,169.10000610351562,170.4499969482422,166.8000030517578,168.89999389648438,150.7104949951172,14367479,0.0,0.0
2024-05-28,169.10000610351562,169.8000030517578,165.8000030517578,167.0500030517578,149.05972290039062,12934677,0.0,0.0
2024-05-29,166.0,166.89999389648438,164.5,165.0500030517578,147.2751007080078,12374782,0.0,0.0
2024-05-30,164.6999969482422,165.25,161.35000610351562,161.9499969482422,144.50897216796875,13980050,0.0,0.0
2024-05-31,163.39999389648438,163.75,161.0500030517578,162.39999389648438,144.91049194335938,34520338,0.0,0.0
2024-06-03,170.8000030517578,176.39999389648438,168.0,175.3000030517578,156.4212646484375,62214295,0.0,0.0
2024-06-04,177.0,177.0,149.0,154.5,137.8612823486328,88989411,0.0,0.0
2024-06-05,158.5,159.89999389648438,147.8000030517578,159.25,142.0997314453125,36919071,0.0,0.0
2024-06-06,164.0,168.10000610351562,162.14999389648438,163.60000610351562,145.98126220703125,35722401,0.0,0.0
2024-06-07,163.6999969482422,164.5500030517578,161.39999389648438,164.1999969482422,146.5166473388672,33444357,0.0,0.0
2024-06-10,165.6999969482422,166.39999389648438,164.10000610351562,165.2100067138672,147.41787719726562,19825323,0.0,0.0
2024-06-11,165.89999389648438,169.0,164.3000030517578,167.67999267578125,149.6218719482422,28559865,0.0,0.0
2024-06-12,169.0,171.24000549316406,168.50999450683594,168.83999633789062,150.65696716308594,28047986,0.0,0.0
2024-06-13,170.0,170.1999969482422,168.0500030517578,168.9499969482422,150.75511169433594,17279580,0.0,0.0
2024-06-14,169.1999969482422,172.10000610351562,169.16000366210938,170.36000061035156,152.01324462890625,22000973,0.0,0.0
2024-06-18,171.89999389648438,171.89999389648438,169.0,169.58999633789062,151.326171875,17723479,0.0,0.0
2024-06-19,170.0,170.3000030517578,166.0500030517578,166.75,148.7920379638672,18053095,0.0,0.0
2024-06-20,167.35000610351562,169.72000122070312,166.10000610351562,168.97000122070312,150.77294921875,15794096,0.0,0.0
2024-06-21,169.19000244140625,169.5,166.25999450683594,166.6199951171875,148.67604064941406,19269862,0.0,0.0
2024-06-24,166.6199951171875,167.69000244140625,164.7100067138672,166.3000030517578,148.39048767089844,13445384,0.0,0.0
2024-06-25,166.97999572753906,167.13999938964844,164.0500030517578,164.3699951171875,146.6683349609375,14775324,0.0,0.0
2024-06-26,165.14999389648438,165.24000549316406,164.0,164.27000427246094,146.57911682128906,10441389,0.0,0.0
2024-06-27,164.5,164.8800048828125,162.17999267578125,163.5800018310547,145.9634246826172,24654739,0.0,0.0
2024-06-28,163.89999389648438,166.63999938964844,163.8000030517578,165.6300048828125,147.7926483154297,15335579,0.0,0.0
2024-07-01,166.0,167.9499969482422,165.6199951171875,167.66000366210938,149.60403442382812,19014104,0.0,0.0
2024-07-02,168.0,169.7100067138672,167.00999450683594,168.3000030517578,150.17510986328125,31012683,0.0,0.0
2024-07-03,169.39999389648438,169.8000030517578,167.75,169.30999755859375,151.07630920410156,20184032,0.0,0.0
2024-07-04,170.10000610351562,171.3000030517578,169.17999267578125,170.1699981689453,151.84371948242188,26156046,0.0,0.0
2024-07-05,170.89999389648438,171.94000244140625,169.7100067138672,171.27999877929688,152.8341827392578,26431264,0.0,0.0
2024-07-08,172.2100067138672,172.80999755859375,169.75,170.07000732421875,151.75450134277344,30322381,0.0,0.0
2024-07-09,171.2899932861328,172.6999969482422,170.5,171.6699981689453,153.18215942382812,28600182,0.0,0.0
2024-07-10,172.3000030517578,172.49000549316406,167.1999969482422,171.89999389648438,153.3874053955078,34673112,0.0,0.0
2024-07-11,172.89999389648438,175.8000030517578,172.25,174.44000244140625,155.65386962890625,55143055,0.0,0.0
2024-07-12,168.49000549316406,169.25,166.11000061035156,167.0399932861328,155.28199768066406,35355791,7.0,0.0
2024-07-15,167.5,170.32000732421875,166.39999389648438,169.6999969482422,157.75477600097656,32915517,0.0,0.0
2024-07-16,169.5,172.3000030517578,169.25,170.74000549316406,158.72157287597656,33837471,0.0,0.0
2024-07-18,170.0,171.66000366210938,168.66000366210938,169.61000061035156,157.6710968017578,22673600,0.0,0.0
2024-07-19,170.89999389648438,170.89999389648438,165.14999389648438,165.49000549316406,153.8411407470703,26361146,0.0,0.0
2024-07-22,165.49000549316406,169.0,163.8800048828125,168.19000244140625,156.35107421875,17140562,0.0,0.0
2024-07-23,169.35000610351562,169.35000610351562,160.66000366210938,165.82000732421875,154.1479034423828,21714840,0.0,0.0
2024-07-24,165.82000732421875,169.25,165.55999755859375,168.7899932861328,156.90882873535156,16076455,0.0,0.0
2024-07-25,166.88999938964844,177.55999755859375,166.5399932861328,176.85000610351562,164.40150451660156,75894556,0.0,0.0
2024-07-26,178.33999633789062,178.9199981689453,175.5500030517578,176.5500030517578,164.1226043701172,27261949,0.0,0.0
2024-07-29,178.0,181.6999969482422,178.0,180.38999938964844,167.6923065185547,42913186,0.0,0.0
2024-07-30,180.0,185.97000122070312,178.30999755859375,182.9499969482422,170.0720977783203,75819147,0.0,0.0
2024-07-31,183.5,184.8500061035156,180.0800018310547,181.6699981689453,168.88221740722656,32726809,0.0,0.0
2024-08-01,182.0,182.4900054931641,177.8699951171875,179.72999572753906,167.07876586914062,26184112,0.0,0.0
2024-08-02,178.0,179.2899932861328,174.63999938964844,177.2899932861328,164.8105010986328,27097002,0.0,0.0
2024-08-05,172.0,174.8800048828125,166.99000549316406,170.58999633789062,158.58212280273438,37579908,0.0,0.0
2024-08-06,172.0,174.39999389648438,166.27999877929688,167.00999450683594,155.25411987304688,18084781,0.0,0.0
2024-08-07,171.24000549316406,172.5,169.07000732421875,172.22000122070312,160.09738159179688,15591095,0.0,0.0
2024-08-08,171.99000549316406,172.1199951171875,169.1999969482422,170.22999572753906,158.24746704101562,14932165,0.0,0.0
2024-08-09,172.10000610351562,173.0,168.8000030517578,169.08999633789062,157.18772888183594,14137851,0.0,0.0
2024-08-12,168.0,171.0,167.7899932861328,169.16000366210938,157.25279235839844,11563339,0.0,0.0
2024-08-13,168.30999755859375,168.69000244140625,163.00999450683594,164.1199951171875,152.5675506591797,16620160,0.0,0.0
2024-08-14,165.00999450683594,165.63999938964844,163.10000610351562,163.74000549316406,152.21432495117188,14369897,0.0,0.0
2024-08-16,165.25,167.4499969482422,164.85000610351562,167.1699981689453,155.40286254882812,10622879,0.0,0.0
2024-08-19,170.0,170.80999755859375,169.32000732421875,170.0800018310547,158.1080322265625,11457875,0.0,0.0
2024-08-20,171.99000549316406,173.39999389648438,171.02999877929688,172.22999572753906,160.10670471191406,15526789,0.0,0.0
2024-08-21,173.0,174.85000610351562,172.11000061035156,173.88999938964844,161.64984130859375,15640289,0.0,0.0
2024-08-22,174.8800048828125,175.49000549316406,173.39999389648438,173.7899932861328,161.55686950683594,11809546,0.0,0.0
2024-08-23,173.60000610351562,175.49000549316406,172.6699981689453,173.1300048828125,160.94334411621094,13815705,0.0,0.0
2024-08-26,174.0,174.3699951171875,172.39999389648438,173.4600067138672,161.2501220703125,8952470,0.0,0.0
2024-08-27,172.8000030517578,174.6300048828125,171.75,173.25,161.0548858642578,11132430,0.0,0.0
2024-08-28,173.25,176.5,173.22999572753906,173.75,161.5196990966797,14449023,0.0,0.0
2024-08-29,173.88999938964844,177.3000030517578,173.16000366210938,176.83999633789062,164.39219665527344,21375638,0.0,0.0
2024-08-30,178.0,178.77999877929688,176.1199951171875,176.97000122070312,164.5130615234375,22288432,0.0,0.0
2024-09-02,179.25,181.1999969482422,177.00999450683594,178.72999572753906,166.14915466308594,26940504,0.0,0.0
2024-09-03,178.60000610351562,178.91000366210938,175.60000610351562,176.1300048828125,163.732177734375,11874065,0.0,0.0
2024-09-04,177.0,179.6999969482422,176.11000061035156,177.02999877929688,164.56881713867188,23923887,0.0,0.0
2024-09-05,178.64999389648438,184.0,177.91000366210938,181.33999633789065,168.57542419433594,46162315,0.0,0.0
2024-09-06,181.08999633789065,181.2899932861328,174.6999969482422,176.63999938964844,164.20626831054688,31875186,0.0,0.0
2024-09-09,175.5,177.2100067138672,173.64999389648438,175.33999633789062,162.99778747558594,15121584,0.0,0.0
2024-09-10,176.11000061035156,176.74000549316406,174.5500030517578,175.5500030517578,163.19300842285156,14875095,0.0,0.0
2024-09-11,176.99000549316406,177.88999938964844,169.08999633789062,169.74000549316406,157.79196166992188,29731172,0.0,0.0
2024-09-12,171.49000549316406,173.6999969482422,170.07000732421875,173.25999450683594,161.06417846679688,18368650,0.0,0.0
2024-09-13,173.25,176.0,172.4499969482422,173.19000244140625,160.9990997314453,15061240,0.0,0.0
2024-09-16,173.8000030517578,174.11000061035156,171.58999633789062,171.82000732421875,159.72557067871094,8492383,0.0,0.0
2024-09-17,171.32000732421875,171.9499969482422,170.0500030517578,170.50999450683594,158.5077667236328,6417946,0.0,0.0
2024-09-18,170.60000610351562,171.05999755859375,167.60000610351562,168.4499969482422,156.5927734375,10726650,0.0,0.0
2024-09-19,168.88999938964844,169.94000244140625,162.19000244140625,165.0399932861328,153.4228057861328,19197503,0.0,0.0
2024-09-20,165.39999389648438,167.75,165.0,167.0500030517578,155.2913055419922,20652037,0.0,0.0
2024-09-23,167.5500030517578,170.1999969482422,167.0,169.72999572753906,157.7826690673828,9393577,0.0,0.0
2024-09-24,169.1699981689453,170.9499969482422,168.8000030517578,169.88999938964844,157.93141174316406,10027795,0.0,0.0
2024-09-25,169.60000610351562,170.94000244140625,168.5,169.82000732421875,157.8663330078125,8749024,0.0,0.0
2024-09-26,170.2100067138672,171.89999389648438,168.61000061035156,171.36000061035156,159.2979278564453,11349547,0.0,0.0
2024-09-27,171.60000610351562,180.75,171.5,180.00999450683594,167.33905029296875,52095985,0.0,0.0
2024-09-30,179.7100067138672,182.4600067138672,176.1699981689453,180.1499938964844,167.4691925048828,33375167,0.0,0.0
2024-10-01,180.0,181.33999633789065,177.27000427246094,179.05999755859375,166.45591735839844,17390545,0.0,0.0
2024-10-03,173.22000122070312,176.1999969482422,170.72999572753906,171.3300018310547,159.27005004882812,25392543,0.0,0.0
2024-10-04,169.5,170.49000549316406,165.60000610351562,168.64999389648438,156.7786865234375,25223563,0.0,0.0
2024-10-07,170.7899932861328,170.7899932861328,162.10000610351562,162.74000549316406,151.28468322753906,19798152,0.0,0.0
2024-10-08,162.0500030517578,165.0,160.75999450683594,164.24000549316406,152.67910766601562,14948163,0.0,0.0
2024-10-09,167.7899932861328,169.24000549316406,164.4600067138672,164.74000549316406,153.1439208984375,20278252,0.0,0.0
2024-10-10,165.1699981689453,167.1999969482422,164.00999450683594,164.38999938964844,152.8185577392578,10145184,0.0,0.0
2024-10-11,164.38999938964844,164.74000549316406,162.60000610351562,163.14999389648438,151.6658172607422,8750905,0.0,0.0
2024-10-14,164.14999389648438,166.00999450683594,162.85000610351562,165.47000122070312,153.82254028320312,14345120,0.0,0.0
2024-10-15,168.0,169.64999389648438,166.5,167.92999267578125,156.109375,22551022,0.0,0.0
2024-10-16,168.25,171.64999389648438,167.61000061035156,168.38999938964844,156.53700256347656,21433632,0.0,0.0
2024-10-17,168.0,168.60000610351562,164.0,164.27999877929688,152.71629333496094,13215492,0.0,0.0
2024-10-18,163.3000030517578,165.97000122070312,161.74000549316406,165.35000610351562,153.71096801757812,11701011,0.0,0.0
2024-10-21,165.10000610351562,166.67999267578125,159.75,160.1199951171875,148.84912109375,20627025,0.0,0.0
2024-10-22,160.0,160.74000549316406,154.86000061035156,155.30999755859375,144.37770080566406,15190259,0.0,0.0
2024-10-23,154.89999389648438,155.5399932861328,150.14999389648438,152.94000244140625,142.17453002929688,16503290,0.0,0.0
2024-10-24,152.94000244140625,154.33999633789062,152.52000427246094,153.27000427246094,142.48129272460938,8648491,0.0,0.0
2024-10-25,153.5,153.9499969482422,145.4499969482422,146.30999755859375,136.01119995117188,20505003,0.0,0.0
2024-10-28,148.60000610351562,149.72999572753906,145.0,147.02000427246094,136.67124938964844,21349891,0.0,0.0
2024-10-29,141.00999450683594,145.10000610351562,140.55999755859375,144.1199951171875,133.97535705566406,35275184,0.0,0.0
2024-10-30,143.60000610351562,145.44000244140625,142.25,143.39999389648438,133.3060302734375,17388536,0.0,0.0
2024-10-31,143.39999389648438,144.39999389648438,141.60000610351562,142.6199951171875,132.58094787597656,18657930,0.0,0.0
2024-11-01,144.3000030517578,145.5,143.0,144.99000549316406,134.78411865234375,4076745,0.0,0.0
2024-11-04,144.5800018310547,144.5800018310547,136.36000061035156,138.92999267578125,129.1506805419922,46651179,0.0,0.0
2024-11-05,137.99000549316406,141.10000610351562,137.6699981689453,140.8000030517578,130.88905334472656,18594095,0.0,0.0
2024-11-06,141.61000061035156,145.13999938964844,141.3699951171875,144.61000061035156,134.43087768554688,18107864,0.0,0.0
2024-11-07,144.66000366210938,145.74000549316406,143.1199951171875,144.14999389648438,134.00323486328125,14637973,0.0,0.0
2024-11-08,143.80999755859375,144.38999938964844,140.0,140.33999633789062,130.46144104003906,15316464,0.0,0.0
2024-11-11,138.8000030517578,140.6999969482422,137.6699981689453,139.42999267578125,129.61549377441406,17669364,0.0,0.0
2024-11-12,139.60000610351562,141.9600067138672,138.5,138.7899932861328,129.02053833007812,10561738,0.0,0.0
2024-11-13,138.24000549316406,139.3000030517578,135.5,135.99000549316406,126.41764831542967,12503679,0.0,0.0
2024-11-14,135.5,136.83999633789062,133.75,134.75999450683594,125.27422332763672,17425507,0.0,0.0
2024-11-18,135.1300048828125,135.82000732421875,133.3300018310547,134.13999938964844,124.6978530883789,12693551,0.0,0.0
2024-11-19,134.86000061035156,136.67999267578125,132.64999389648438,133.1199951171875,123.7496566772461,12696762,0.0,0.0
2024-11-21,133.1199951171875,133.39999389648438,129.5,130.7100067138672,121.5093002319336,15787410,0.0,0.0
2024-11-22,131.49000549316406,133.10000610351562,130.72999572753906,132.61000061035156,123.27555084228516,12070416,0.0,0.0
2024-11-25,135.77000427246094,137.9600067138672,135.17999267578125,136.39999389648438,126.79875183105467,22201129,0.0,0.0
2024-11-26,137.3000030517578,137.75,136.13999938964844,136.9600067138672,127.31936645507812,9265539,0.0,0.0
2024-11-27,138.13999938964844,139.75,135.25,139.0,129.21575927734375,18242345,0.0,0.0
2024-11-28,139.1999969482422,141.10000610351562,137.25,137.75,128.05374145507812,17331637,0.0,0.0
2024-11-29,137.0,139.25999450683594,136.8699951171875,138.6300048828125,128.87181091308594,14012364,0.0,0.0
2024-12-02,138.22000122070312,138.64999389648438,136.8800048828125,137.64999389648438,127.96076965332033,16069119,0.0,0.0
2024-12-03,138.0,139.75,137.9199981689453,139.50999450683594,129.68984985351562,13089770,0.0,0.0
2024-12-04,139.50999450683594,141.10000610351562,139.14999389648438,139.86000061035156,130.01522827148438,12745610,0.0,0.0
2024-12-05,140.38999938964844,140.38999938964844,138.05999755859375,139.44000244140625,129.62478637695312,14056789,0.0,0.0
2024-12-06,140.64999389648438,143.5399932861328,140.3000030517578,141.9600067138672,131.9674072265625,20687458,0.0,0.0
2024-12-09,141.9600067138672,143.14999389648438,141.30999755859375,142.3300018310547,132.3113555908203,16119047,0.0,0.0
2024-12-10,142.10000610351562,144.44000244140625,141.92999267578125,143.5399932861328,133.43618774414062,13694082,0.0,0.0
2024-12-11,143.49000549316406,144.44000244140625,142.94000244140625,143.19000244140625,133.11082458496094,9714837,0.0,0.0
2024-12-12,142.25,143.19000244140625,140.8699951171875,141.47999572753906,131.5211944580078,14929334,0.0,0.0
2024-12-13,144.74000549316406,145.10000610351562,140.8800048828125,144.24000549316406,134.0869140625,36825429,0.0,0.0
2024-12-16,144.32000732421875,144.9499969482422,142.1999969482422,143.16000366210938,133.0829315185547,12428446,0.0,0.0
2024-12-17,143.0,143.1999969482422,140.0,140.32000732421875,130.44284057617188,11896291,0.0,0.0
2024-12-18,139.14999389648438,140.69000244140625,136.3300018310547,136.7100067138672,127.0869598388672,12013629,0.0,0.0
2024-12-19,134.0,140.3000030517578,133.5399932861328,139.6199951171875,129.79212951660156,18879012,0.0,0.0
2024-12-20,139.67999267578125,141.64999389648438,136.60000610351562,137.0800018310547,127.430908203125,19545043,0.0,0.0
2024-12-23,138.0800018310547,139.8000030517578,137.27000427246094,137.77999877929688,128.08163452148438,12517478,0.0,0.0
2024-12-24,137.91000366210938,139.4600067138672,137.41000366210938,138.27000427246094,128.5371551513672,7802858,0.0,0.0
2024-12-26,138.3000030517578,139.6199951171875,137.11000061035156,137.85000610351562,128.14671325683594,8620779,0.0,0.0
2024-12-27,138.0500030517578,138.7899932861328,136.10000610351562,136.25,126.65933990478516,6146307,0.0,0.0
2024-12-30,136.25,136.8300018310547,134.10000610351562,134.61000061035156,125.13477325439452,29229520,0.0,0.0
2024-12-31,134.52000427246094,137.24000549316406,134.22000122070312,136.41000366210938,126.8080825805664,8243910,0.0,0.0
2025-01-01,135.8000030517578,137.36000061035156,135.6999969482422,137.0399932861328,127.39371490478516,4144374,0.0,0.0
2025-01-02,136.41000366210938,138.2100067138672,135.64999389648438,137.9600067138672,128.24896240234375,10625223,0.0,0.0
2025-01-03,137.72000122070312,139.8300018310547,137.1300048828125,138.13999938964844,128.41629028320312,14567050,0.0,0.0
2025-01-06,138.13999938964844,138.47999572753906,132.0500030517578,132.8800048828125,123.52655029296876,19711596,0.0,0.0
2025-01-07,133.49000549316406,136.27999877929688,133.1999969482422,134.3300018310547,124.87448120117188,13658286,0.0,0.0
2025-01-08,134.14999389648438,135.5,133.08999633789062,134.60000610351562,125.12548828125,14259056,0.0,0.0
2025-01-09,134.63999938964844,134.8000030517578,132.0,132.1999969482422,122.8944091796875,9734279,0.0,0.0
2025-01-10,132.1999969482422,133.0,129.75,130.27999877929688,121.10955810546876,12948066,0.0,0.0
2025-01-13,128.02999877929688,128.38999938964844,121.16000366210938,121.98999786376952,113.40309143066406,30291583,0.0,0.0
2025-01-14,123.0,127.1999969482422,122.72000122070312,126.62999725341795,117.71648406982422,17430438,0.0,0.0
2025-01-15,128.25999450683594,128.8699951171875,126.22000122070312,126.9499969482422,118.01395416259766,11472116,0.0,0.0
2025-01-16,127.9499969482422,128.27000427246094,126.5500030517578,127.0999984741211,118.15340423583984,11843193,0.0,0.0
2025-01-17,127.0,128.49000549316406,126.3000030517578,128.07000732421875,119.0551300048828,24617689,0.0,0.0
2025-01-20,128.85000610351562,131.17999267578125,126.80999755859376,130.5,121.31407928466795,8234561,0.0,0.0
2025-01-21,131.6999969482422,133.66000366210938,130.64999389648438,131.0800018310547,121.8532485961914,20272605,0.0,0.0
2025-01-22,132.1999969482422,132.60000610351562,128.44000244140625,130.52000427246094,121.33267211914062,9202153,0.0,0.0
2025-01-23,130.39999389648438,130.69000244140625,128.83999633789062,129.8300018310547,120.69123840332033,7058477,0.0,0.0
2025-01-24,130.99000549316406,132.75,127.9000015258789,128.25999450683594,119.23175048828124,12630632,0.0,0.0
2025-01-27,127.97000122070312,127.97000122070312,122.5,124.16999816894533,115.4296417236328,18934026,0.0,0.0
2025-01-28,124.16999816894533,125.8499984741211,121.83999633789062,122.58000183105467,113.95156860351562,19861475,0.0,0.0
2025-01-29,123.19000244140624,124.38999938964844,122.9000015258789,123.63999938964844,114.93695831298828,12017314,0.0,0.0
2025-01-30,124.4000015258789,128.5,123.86000061035156,127.12000274658205,118.17200469970705,17776744,0.0,0.0
2025-01-31,127.12000274658205,128.85000610351562,126.1500015258789,128.49000549316406,119.44556427001952,9686000,0.0,0.0
2025-02-01,128.85000610351562,129.75,124.61000061035156,125.41999816894533,116.5916519165039,10535114,0.0,0.0
2025-02-03,124.11000061035156,124.1999969482422,120.0999984741211,120.95999908447266,112.4456024169922,26047332,0.0,0.0
2025-02-04,122.6999969482422,124.68000030517578,122.5,124.45999908447266,115.69923400878906,14405748,0.0,0.0
2025-02-05,125.48999786376952,128.47999572753906,125.45999908447266,126.43000030517578,117.53057098388672,11469878,0.0,0.0
2025-02-06,128.0500030517578,128.22000122070312,125.31999969482422,126.0199966430664,117.14942169189452,9804040,0.0,0.0
2025-02-07,126.02999877929688,126.75,124.43000030517578,125.11000061035156,116.30348205566406,8892600,0.0,0.0
2025-02-10,125.0,126.62000274658205,122.86000061035156,123.18000030517578,114.50933837890624,12773729,0.0,0.0
2025-02-11,123.18000030517578,123.73999786376952,120.0,120.47000122070312,111.9900894165039,14532810,0.0,0.0
2025-02-12,120.69000244140624,121.1999969482422,117.27999877929688,120.41999816894533,111.94361114501952,14799271,0.0,0.0
2025-02-13,121.0,122.0,119.9499969482422,120.08000183105467,111.62754821777344,10136689,0.0,0.0
2025-02-14,120.5,121.23999786376952,116.0,117.25,108.99674224853516,12351973,0.0,0.0
2025-02-17,117.25,118.8000030517578,114.4000015258789,118.4499969482422,110.1122817993164,12518983,0.0,0.0
2025-02-18,118.4499969482422,119.25,116.30999755859376,119.0,110.62356567382812,8678689,0.0,0.0
2025-02-19,118.11000061035156,120.16999816894533,117.9000015258789,119.87000274658205,111.4323272705078,9158990,0.0,0.0
2025-02-20,119.83999633789062,122.9499969482422,118.9800033569336,122.79000091552734,114.14678955078124,9940851,0.0,0.0
2025-02-21,122.0,123.70999908447266,120.83000183105467,121.33000183105467,112.78955841064452,9657933,0.0,0.0
2025-02-24,120.25,121.30999755859376,119.4000015258789,120.22000122070312,111.75769805908205,8764985,0.0,0.0
2025-02-25,120.22000122070312,120.70999908447266,118.4000015258789,118.6500015258789,110.2981948852539,7607411,0.0,0.0
2025-02-27,118.26000213623048,119.0,116.08999633789062,116.41999816894533,108.22516632080078,10709253,0.0,0.0
2025-02-28,116.0,116.20999908447266,112.91999816894533,113.48999786376952,105.50141143798828,24161878,0.0,0.0
2025-03-03,114.6999969482422,115.3499984741211,110.72000122070312,114.55999755859376,106.49610137939452,18881646,0.0,0.0
2025-03-04,113.0999984741211,118.4499969482422,111.91000366210938,118.04000091552734,109.73114776611328,14145658,0.0,0.0
2025-03-05,118.04000091552734,122.58000183105467,117.75,122.25,113.6447982788086,19577861,0.0,0.0
2025-03-06,124.5999984741211,126.87999725341795,123.9499969482422,125.83999633789062,116.98208618164062,19384187,0.0,0.0
2025-03-07,125.75,126.3000030517578,123.6999969482422,124.83999633789062,116.05248260498048,14763396,0.0,0.0
2025-03-10,124.0,125.44000244140624,121.0999984741211,121.58999633789062,113.03125,12727300,0.0,0.0
2025-03-11,121.19000244140624,125.25,120.33999633789062,124.81999969482422,116.0338897705078,18090217,0.0,0.0
2025-03-12,125.0,127.8000030517578,124.18000030517578,125.29000091552734,116.47080993652344,14079943,0.0,0.0
2025-03-13,125.0,126.47000122070312,124.33000183105467,125.66999816894533,116.82405853271484,10882226,0.0,0.0
2025-03-17,125.43000030517578,126.0,123.1500015258789,124.11000061035156,115.37387084960938,13126112,0.0,0.0
2025-03-18,124.11000061035156,124.11000061035156,124.11000061035156,124.11000061035156,115.37387084960938,0,0.0,0.0
2025-03-19,125.30999755859376,127.9000015258789,125.30999755859376,127.75,118.75765228271484,11273526,0.0,0.0
2025-03-20,128.39999389648438,131.0,127.41999816894533,129.2100067138672,120.11488342285156,13947925,0.0,0.0
2025-03-21,129.25999450683594,133.4499969482422,128.75,131.50999450683594,122.25298309326172,42928510,0.0,0.0
2025-03-24,133.0,134.3300018310547,131.3699951171875,133.6699981689453,124.2609405517578,13965745,0.0,0.0
2025-03-25,134.0,134.22999572753906,130.4499969482422,131.02999877929688,121.80677032470705,12380949,0.0,0.0
2025-03-26,130.89999389648438,133.3000030517578,128.89999389648438,129.08999633789062,120.0033187866211,16379725,0.0,0.0
2025-03-27,129.0500030517578,130.9499969482422,128.52000427246094,130.36000061035156,121.18392944335938,13141045,0.0,0.0
2025-03-28,130.0,131.27000427246094,127.5,127.6999969482422,118.71117401123048,15396398,0.0,0.0
2025-04-01,128.0,131.5,127.25,131.24000549316406,122.00199127197266,12740476,0.0,0.0
2025-04-02,130.82000732421875,131.5,128.0,131.30999755859375,122.06705474853516,8531198,0.0,0.0
2025-04-03,130.10000610351562,133.1999969482422,129.8800048828125,131.05999755859375,121.83465576171876,9909642,0.0,0.0
2025-04-04,132.91000366210938,134.25,128.8800048828125,130.13999938964844,120.97942352294922,21497796,0.0,0.0
2025-04-07,122.4499969482422,129.61000061035156,122.3499984741211,128.08999633789062,119.07371520996094,24739154,0.0,0.0
2025-04-08,129.47999572753906,131.72000122070312,128.1999969482422,130.97999572753906,121.76028442382812,12634136,0.0,0.0
2025-04-09,132.0,132.5,128.77999877929688,131.6199951171875,122.35523986816406,14769184,0.0,0.0
2025-04-11,132.5,132.60000610351562,131.05999755859375,131.8300018310547,122.55046081542967,10020795,0.0,0.0
2025-04-15,133.39999389648438,133.39999389648438,132.0,132.8699951171875,123.51725006103516,10142685,0.0,0.0
2025-04-16,132.99000549316406,134.14999389648438,132.30999755859375,133.8300018310547,124.40967559814452,9200167,0.0,0.0
2025-04-17,133.5,134.8000030517578,132.89999389648438,134.3000030517578,124.84658813476562,10404917,0.0,0.0
2025-04-21,135.1699981689453,139.6999969482422,134.30999755859375,138.67999267578125,128.9182891845703,20249817,0.0,0.0
2025-04-22,139.14999389648438,139.42999267578125,137.1999969482422,138.30999755859375,128.57431030273438,12648948,0.0,0.0
2025-04-23,138.9499969482422,139.17999267578125,135.77000427246094,137.64999389648438,127.96076965332033,12689457,0.0,0.0
2025-04-24,137.64999389648438,139.3300018310547,137.30999755859375,138.38999938964844,128.64871215820312,8177419,0.0,0.0
2025-04-25,138.39999389648438,139.5,132.82000732421875,134.64999389648438,125.17194366455078,14663542,0.0,0.0
2025-04-28,133.80999755859375,137.35000610351562,133.64999389648438,136.49000549316406,126.8824462890625,10943944,0.0,0.0
2025-04-29,137.3000030517578,138.25,135.52999877929688,135.77999877929688,126.22241973876952,15222917,0.0,0.0
2025-04-30,136.5,139.89999389648438,136.4499969482422,137.86000061035156,128.156005859375,39902398,0.0,0.0
2025-05-02,139.7899932861328,144.08999633789062,138.11000061035156,142.97999572753906,132.9156036376953,45858781,0.0,0.0
2025-05-05,145.0,149.74000549316406,144.75,148.55999755859375,138.1028289794922,47549493,0.0,0.0
2025-05-06,149.3000030517578,149.8000030517578,143.6300048828125,144.0800018310547,133.9381866455078,18018626,0.0,0.0
2025-05-07,140.0,145.13999938964844,140.0,144.49000549316406,134.31932067871094,19316740,0.0,0.0
2025-05-08,144.5399932861328,146.38999938964844,139.5,140.99000549316406,131.06570434570312,12047287,0.0,0.0
2025-05-09,138.0,140.85000610351562,137.61000061035156,139.99000549316406,130.13609313964844,15348575,0.0,0.0
2025-05-12,144.0,144.4499969482422,141.7100067138672,142.35000610351562,132.3299560546875,13526883,0.0,0.0
2025-05-13,142.35000610351562,142.97999572753906,141.0,141.69000244140625,131.71641540527344,9484801,0.0,0.0
2025-05-14,141.99000549316406,143.91000366210938,141.9499969482422,143.47000122070312,133.37112426757812,9987794,0.0,0.0
2025-05-15,144.0,146.0,143.57000732421875,145.0,134.79342651367188,10181275,0.0,0.0
2025-05-16,145.0,146.85000610351562,144.42999267578125,144.72000122070312,134.5331268310547,14529013,0.0,0.0
2025-05-19,145.0,145.82000732421875,144.10000610351562,144.69000244140625,134.5052490234375,6802870,0.0,0.0
2025-05-20,145.0,145.80999755859375,141.38999938964844,141.9199981689453,131.9302215576172,11330045,0.0,0.0
2025-05-21,141.60000610351562,143.6300048828125,140.5500030517578,143.38999938964844,133.29673767089844,8705960,0.0,0.0
2025-05-22,142.58999633789062,144.1999969482422,141.8699951171875,143.2899932861328,133.2037811279297,7157328,0.0,0.0
2025-05-23,143.27999877929688,145.42999267578125,143.0,144.05999755859375,133.91958618164062,9699995,0.0,0.0
2025-05-26,144.05999755859375,144.72000122070312,142.89999389648438,143.5800018310547,133.47337341308594,5996548,0.0,0.0
2025-05-27,143.5800018310547,144.1199951171875,142.5,143.41000366210938,133.3153533935547,4970656,0.0,0.0
2025-05-28,143.38999938964844,144.4499969482422,142.7100067138672,144.1999969482422,134.0497283935547,6390053,0.0,0.0
2025-05-29,144.25,144.8300018310547,142.6199951171875,143.6999969482422,133.58493041992188,7054326,0.0,0.0
2025-05-30,143.6999969482422,144.39999389648438,141.2100067138672,141.97000122070312,131.97671508789062,28315951,0.0,0.0
2025-06-02,141.97000122070312,143.5,141.4600067138672,143.3800048828125,133.2874755859375,7051525,0.0,0.0
2025-06-03,143.89999389648438,144.0,140.60000610351562,141.0399932861328,131.11215209960938,7002799,0.0,0.0
2025-06-04,141.0,141.39999389648438,139.10000610351562,140.6699981689453,130.76820373535156,11904779,0.0,0.0
2025-06-05,140.66000366210938,141.66000366210938,139.02999877929688,139.24000549316406,129.43887329101562,9478214,0.0,0.0
2025-06-06,139.24000549316406,141.0800018310547,139.24000549316406,140.77999877929688,130.87046813964844,5702365,0.0,0.0
2025-06-09,141.0,143.49000549316406,140.8300018310547,143.32000732421875,133.231689453125,9972191,0.0,0.0
2025-06-10,143.14999389648438,143.39999389648438,142.0,142.19000244140625,132.1812286376953,7906157,0.0,0.0
2025-06-11,142.39999389648438,147.1999969482422,142.19000244140625,145.14999389648438,134.93284606933594,28652440,0.0,0.0
2025-06-12,144.67999267578125,144.77000427246094,141.5,142.99000549316406,132.92491149902344,30425949,0.0,0.0
2025-06-13,139.0,143.19000244140625,137.00999450683594,140.33999633789062,130.46144104003906,23705826,0.0,0.0
2025-06-16,140.0,142.1999969482422,138.89999389648438,141.85000610351562,131.8651580810547,15176810,0.0,0.0
2025-06-17,141.3000030517578,143.47000122070312,141.1999969482422,141.67999267578125,131.7071075439453,9983651,0.0,0.0
2025-06-18,141.02000427246094,142.08999633789062,139.5,140.82000732421875,130.90765380859375,9045315,0.0,0.0
2025-06-19,140.75999450683594,141.19000244140625,138.3300018310547,138.6699981689453,128.90899658203125,5943647,0.0,0.0
2025-06-20,138.2899932861328,139.16000366210938,137.0,138.64999389648438,128.89039611816406,33690253,0.0,0.0
2025-06-23,137.0,140.1699981689453,136.39999389648438,139.9199981689453,130.0709991455078,14001242,0.0,0.0
2025-06-24,144.39999389648438,145.3000030517578,142.16000366210938,142.83999633789062,132.78546142578125,25393037,0.0,0.0
2025-06-25,143.30999755859375,144.0,141.6699981689453,141.97999572753906,131.98599243164062,15297425,0.0,0.0
2025-06-26,142.10000610351562,146.9499969482422,142.00999450683594,146.27999877929688,135.9833221435547,24194161,0.0,0.0
2025-06-27,146.27999877929688,148.3000030517578,146.0,147.22000122070312,136.85714721679688,19189378,0.0,0.0
2025-06-30,147.25999450683594,149.5,146.4199981689453,146.9600067138672,136.615478515625,10645295,0.0,0.0
2025-07-01,146.50999450683594,148.1999969482422,146.19000244140625,147.13999938964844,136.7827911376953,9899904,0.0,0.0
2025-07-02,148.0,148.9499969482422,147.02000427246094,147.91000366210938,137.4985809326172,7881728,0.0,0.0
2025-07-03,147.99000549316406,148.75,147.5,147.8699951171875,137.4613800048828,8006482,0.0,0.0
2025-07-04,149.6999969482422,151.99000549316406,147.86000061035156,151.6199951171875,140.94741821289062,22612766,0.0,0.0
2025-07-07,152.02000427246094,154.89999389648438,151.80999755859375,153.75,142.92750549316406,24354631,0.0,0.0
2025-07-08,154.8000030517578,154.97000122070312,152.8300018310547,153.82000732421875,142.99258422851562,13876094,0.0,0.0
2025-07-09,153.4600067138672,153.72999572753906,150.08999633789062,150.25,139.6738739013672,12440150,0.0,0.0
2025-07-10,150.75,152.64999389648438,150.0,152.3300018310547,141.6074676513672,14545796,0.0,0.0
2025-07-11,155.0,155.0,150.25999450683594,150.64999389648438,140.04571533203125,12767735,0.0,0.0
2025-07-14,150.64999389648438,151.60000610351562,149.6199951171875,150.10000610351562,139.53443908691406,8021902,0.0,0.0
2025-07-15,150.5500030517578,151.89999389648438,150.5399932861328,151.39999389648438,140.74290466308594,4853043,0.0,0.0
2025-07-16,151.1999969482422,152.67999267578125,150.6300048828125,152.0399932861328,141.33787536621094,7218210,0.0,0.0
2025-07-17,152.3699951171875,152.47000122070312,150.6199951171875,150.9600067138672,140.33389282226562,6727858,0.0,0.0
2025-07-18,150.50999450683594,151.61000061035156,148.60000610351562,150.05999755859375,139.4972381591797,9017783,0.0,0.0
2025-07-21,149.52000427246094,151.1999969482422,149.07000732421875,151.07000732421875,140.4361572265625,5030900,0.0,0.0
2025-07-22,151.3000030517578,152.44000244140625,150.64999389648438,151.97999572753906,141.2821044921875,11381024,0.0,0.0
2025-07-23,152.00999450683594,152.60000610351562,150.72000122070312,152.35000610351562,141.62606811523438,7597121,0.0,0.0
2025-07-24,152.02000427246094,152.75,150.7100067138672,151.22000122070312,140.5756072998047,5879844,0.0,0.0
2025-07-25,151.0,151.74000549316406,146.5800018310547,146.9600067138672,136.615478515625,11646131,0.0,0.0
2025-07-28,146.9600067138672,148.63999938964844,146.6999969482422,147.55999755859375,137.1732177734375,6023438,0.0,0.0
2025-07-29,146.5,148.1999969482422,146.5,147.94000244140625,137.52647399902344,4240012,0.0,0.0
2025-07-30,147.5,150.19000244140625,146.25,149.0399932861328,138.54904174804688,9331773,0.0,0.0
2025-07-31,146.5500030517578,147.1999969482422,144.32000732421875,145.6199951171875,135.36976623535156,11960546,0.0,0.0
2025-08-01,145.3300018310547,146.2899932861328,140.66000366210938,141.02999877929688,131.10287475585938,8981850,0.0,0.0
2025-08-04,141.72000122070312,142.89999389648438,139.72000122070312,142.3800048828125,132.3578338623047,8163596,0.0,0.0
2025-08-05,142.52000427246094,143.0,139.39999389648438,141.27000427246094,131.3259735107422,11034758,0.0,0.0
2025-08-06,142.49000549316406,143.27999877929688,141.7100067138672,142.27000427246094,132.25558471679688,7574568,0.0,0.0
2025-08-07,141.00999450683594,143.0,140.0,141.6699981689453,131.69781494140625,8365458,0.0,0.0
2025-08-08,139.99000549316406,142.0,139.30999755859375,139.91000366210938,132.87547302246094,9551412,3.0,0.0
2025-08-11,141.60000610351562,142.9499969482422,139.35000610351562,141.41000366210938,134.300048828125,11260944,0.0,0.0
2025-08-12,141.11000061035156,143.85000610351562,140.86000061035156,142.64999389648438,135.4777069091797,12858483,0.0,0.0
2025-08-13,142.64999389648438,143.39999389648438,141.6999969482422,142.42999267578125,135.26876831054688,4990372,0.0,0.0
2025-08-14,143.0,143.16000366210938,139.86000061035156,140.1300048828125,133.0844268798828,11453732,0.0,0.0
2025-08-18,142.0,142.60000610351562,139.25,140.30999755859375,133.25535583496094,11766741,0.0,0.0
2025-08-19,140.39999389648438,142.1300048828125,138.8000030517578,142.00999450683594,134.869873046875,8913748,0.0,0.0
2025-08-20,142.00999450683594,142.6999969482422,141.2100067138672,141.44000244140625,134.32855224609375,5531826,0.0,0.0
2025-08-21,141.64999389648438,142.89999389648438,141.27999877929688,141.44000244140625,134.32855224609375,8746473,0.0,0.0
2025-08-22,141.39999389648438,141.8000030517578,139.4499969482422,139.9499969482422,132.9134521484375,5874783,0.0,0.0
2025-08-25,139.9499969482422,140.3699951171875,139.19000244140625,139.9600067138672,132.9229736328125,8282860,0.0,0.0
2025-08-26,139.5,140.4199981689453,138.5500030517578,138.9600067138672,131.97325134277344,10846493,0.0,0.0
2025-08-28,139.0,139.92999267578125,138.10000610351562,138.49000549316406,131.52685546875,8420916,0.0,0.0
2025-08-29,138.49000549316406,139.49000549316406,136.4600067138672,136.6199951171875,129.75088500976562,10577763,0.0,0.0
2025-09-01,137.0,139.74000549316406,136.75999450683594,139.55999755859375,132.54306030273438,6229505,0.0,0.0
2025-09-02,139.55999755859375,140.66000366210938,139.10000610351562,139.6199951171875,132.60006713867188,3714758,0.0,0.0
2025-09-03,139.60000610351562,141.39999389648438,139.50999450683594,140.49000549316406,133.4263153076172,4902101,0.0,0.0
2025-09-04,141.17999267578125,141.6999969482422,139.35000610351562,139.67999267578125,132.65704345703125,4768126,0.0,0.0
2025-09-05,139.4499969482422,140.6999969482422,138.47000122070312,139.64999389648438,132.6285400390625,4533550,0.0,0.0
2025-09-08,140.0,141.88999938964844,140.0,140.89999389648438,133.81568908691406,5069174,0.0,0.0
2025-09-09,141.13999938964844,142.10000610351562,140.5,140.94000244140625,133.8536834716797,3636766,0.0,0.0
2025-09-10,141.25999450683594,141.7100067138672,140.80999755859375,141.13999938964844,134.04364013671875,4302236,0.0,0.0
2025-09-11,141.0500030517578,145.38999938964844,140.8699951171875,143.92999267578125,136.693359375,15031791,0.0,0.0
2025-09-12,144.97999572753906,145.1999969482422,142.4199981689453,142.61000061035156,135.43971252441406,9001678,0.0,0.0
2025-09-15,142.74000549316406,144.19000244140625,142.30999755859375,143.99000549316406,136.75033569335938,8158591,0.0,0.0
2025-09-16,144.0500030517578,145.13999938964844,143.82000732421875,144.97999572753906,137.69056701660156,6389632,0.0,0.0
2025-09-17,145.0399932861328,147.24000549316406,144.9199981689453,145.94000244140625,138.602294921875,9549049,0.0,0.0
2025-09-18,146.0500030517578,147.27000427246094,145.50999450683594,147.14999389648438,139.75144958496094,8002633,0.0,0.0
2025-09-19,146.99000549316406,149.9499969482422,146.72999572753906,148.5,141.0335693359375,14995288,0.0,0.0
2025-09-22,148.5,149.10000610351562,147.25999450683594,148.3000030517578,140.8436279296875,9720233,0.0,0.0
2025-09-23,148.08999633789062,149.13999938964844,147.5500030517578,148.24000549316406,140.78665161132812,7296186,0.0,0.0
2025-09-24,148.02999877929688,148.88999938964844,146.50999450683594,146.77000427246094,139.39056396484375,6288775,0.0,0.0
2025-09-25,146.02000427246094,148.1300048828125,145.74000549316406,146.22000122070312,138.8682098388672,8605676,0.0,0.0
2025-09-26,146.02000427246094,146.22000122070312,143.8000030517578,145.0399932861328,137.74752807617188,11925305,0.0,0.0
2025-09-29,145.0399932861328,149.9499969482422,145.0399932861328,149.30999755859375,141.80284118652344,16918652,0.0,0.0
2025-09-30,150.0399932861328,151.25,149.0,149.7899932861328,142.2587127685547,13201863,0.0,0.0
2025-10-01,150.39999389648438,151.97999572753906,149.00999450683594,149.6999969482422,142.17323303222656,7658596,0.0,0.0
2025-10-03,150.0,150.83999633789062,148.63999938964844,150.38999938964844,142.82855224609375,5989839,0.0,0.0
2025-10-06,150.97999572753906,155.2899932861328,150.52000427246094,154.83999633789062,147.0548095703125,18473741,0.0,0.0
2025-10-07,154.75999450683594,155.75,153.8000030517578,154.3699951171875,146.60842895507812,11389659,0.0,0.0
2025-10-08,154.0,156.27999877929688,153.3800048828125,153.57000732421875,145.8486785888672,9953844,0.0,0.0
2025-10-09,154.02000427246094,157.1999969482422,153.3300018310547,155.25,147.44419860839844,13999206,0.0,0.0
2025-10-10,155.50999450683594,156.99000549316406,153.6999969482422,154.11000061035156,146.36151123046875,7992863,0.0,0.0
2025-10-13,153.7100067138672,155.6999969482422,152.1199951171875,155.25999450683594,147.4536895751953,11375913,0.0,0.0
2025-10-14,155.74000549316406,156.77999877929688,152.60000610351562,152.80999755859375,145.12686157226562,5976061,0.0,0.0
2025-10-15,153.24000549316406,154.9499969482422,152.8300018310547,153.69000244140625,145.96263122558594,19147599,0.0,0.0
2025-10-16,153.89999389648438,154.5,152.10000610351562,153.6699981689453,145.94361877441406,7119984,0.0,0.0
2025-10-17,153.75,154.60000610351562,152.02999877929688,152.91000366210938,145.2218475341797,7126668,0.0,0.0
2025-10-20,153.3000030517578,154.35000610351562,152.7100067138672,153.85000610351562,146.11459350585938,5564426,0.0,0.0
2025-10-21,153.89999389648438,155.0,153.6999969482422,154.1300048828125,146.38050842285156,1188949,0.0,0.0
2025-10-23,154.0,154.0,149.80999755859375,150.1199951171875,142.57211303710938,13612250,0.0,0.0
2025-10-24,150.0,151.2899932861328,149.14999389648438,150.3699951171875,142.80955505371094,8519673,0.0,0.0
2025-10-27,151.3000030517578,155.3699951171875,151.1300048828125,155.1999969482422,147.39671325683594,16809115,0.0,0.0
2025-10-28,156.39999389648438,157.47999572753906,153.4499969482422,154.52000427246094,146.7509002685547,22709449,0.0,0.0
2025-10-29,155.0,163.72999572753906,155.0,163.08999633789062,154.88999938964844,58449093,0.0,0.0
2025-10-30,163.08999633789062,167.10000610351562,162.14999389648438,163.50999450683594,155.28887939453125,33405636,0.0,0.0
2025-10-31,163.50999450683594,166.91000366210938,163.08999633789062,165.89999389648438,157.5587158203125,25385134,0.0,0.0
2025-11-03,167.0,168.6999969482422,165.89999389648438,167.72999572753906,159.2967071533203,19190570,0.0,0.0
2025-11-04,168.0,170.14999389648438,167.1300048828125,169.25,160.74029541015625,23469790,0.0,0.0
2025-11-06,170.02000427246094,170.02999877929688,167.35000610351562,168.3699951171875,159.904541015625,19729771,0.0,0.0
2025-11-07,167.2100067138672,169.5500030517578,166.10000610351562,169.16000366210938,160.65481567382812,12104934,0.0,0.0
2025-11-10,169.13999938964844,171.38999938964844,168.5,169.38999938964844,160.8732452392578,12402893,0.0,0.0
2025-11-11,168.89999389648438,173.49000549316406,167.32000732421875,172.44000244140625,163.76991271972656,20113006,0.0,0.0
2025-11-12,172.6999969482422,174.5,171.50999450683594,172.3000030517578,163.63694763183594,16003745,0.0,0.0
2025-11-13,172.69000244140625,174.4499969482422,171.4499969482422,172.4499969482422,163.77938842773438,11618468,0.0,0.0
2025-11-14,172.39999389648438,174.2100067138672,170.39999389648438,171.25,162.63973999023438,11051895,0.0,0.0
2025-11-17,171.16000366210938,174.39999389648438,171.16000366210938,173.1199951171875,164.41571044921875,13233156,0.0,0.0
2025-11-18,173.5,174.0,169.8000030517578,171.58999633789062,162.96263122558594,17543851,0.0,0.0
2025-11-19,171.50999450683594,172.22999572753906,168.85000610351562,169.3300018310547,160.81626892089844,10315121,0.0,0.0
2025-11-20,170.10000610351562,170.6999969482422,168.13999938964844,168.6999969482422,160.21795654296875,9529662,0.0,0.0
2025-11-21,168.0,168.61000061035156,166.1999969482422,167.35000610351562,158.93582153320312,9261908,0.0,0.0
2025-11-24,167.0,167.80999755859375,165.0500030517578,165.69000244140625,157.35928344726562,16397744,0.0,0.0
2025-11-25,164.89999389648438,165.39999389648438,163.08999633789062,164.1199951171875,155.8682098388672,9625540,0.0,0.0
2025-11-26,164.1199951171875,166.0,163.57000732421875,165.58999633789062,157.26431274414062,5855993,0.0,0.0
2025-11-27,165.58999633789062,166.0,162.5500030517578,163.80999755859375,155.57379150390625,4631417,0.0,0.0
2025-11-28,163.5,163.6999969482422,161.5,161.75,153.61740112304688,5937318,0.0,0.0
2025-12-01,162.02999877929688,164.44000244140625,162.02999877929688,162.97000122070312,154.77603149414062,10208196,0.0,0.0
2025-12-02,163.50999450683594,165.1199951171875,161.72999572753906,162.33999633789062,154.17771911621094,13247668,0.0,0.0
2025-12-03,162.1999969482422,164.55999755859375,161.0,164.11000061035156,155.85873413085938,11250522,0.0,0.0
2025-12-04,164.0,164.6999969482422,162.00999450683594,162.75999450683594,154.5765838623047,6382061,0.0,0.0
2025-12-05,162.7100067138672,163.83999633789062,161.89999389648438,163.66000366210938,155.43136596679688,6124074,0.0,0.0
2025-12-08,163.66000366210938,164.4199981689453,161.0,162.10000610351562,153.94979858398438,8744916,0.0,0.0
2025-12-09,162.1999969482422,163.3300018310547,160.3300018310547,163.00999450683594,154.81402587890625,10272407,0.0,0.0
2025-12-10,163.25,166.49000549316406,162.4499969482422,163.07000732421875,154.8710174560547,12155035,0.0,0.0
2025-12-11,163.27000427246094,164.0,160.5,161.75,153.61740112304688,8829634,0.0,0.0
2025-12-12,162.35000610351562,164.89999389648438,162.05999755859375,163.6699981689453,155.4408416748047,13492656,0.0,0.0
2025-12-15,165.1699981689453,169.0,162.4499969482422,168.5500030517578,160.0754852294922,33661881,0.0,0.0
2025-12-16,169.50999450683594,169.7100067138672,166.00999450683594,167.74000549316406,159.30621337890625,26675256,0.0,0.0
2025-12-17,168.63999938964844,169.39999389648438,167.25,168.16000366210938,159.70509338378906,17416464,0.0,0.0
2025-12-18,162.0,163.8000030517578,161.27999877929688,161.75,158.324951171875,10014354,5.0,0.0
2025-12-19,161.1999969482422,162.89999389648438,160.41000366210938,162.60000610351562,159.15695190429688,14335462,0.0,0.0
2025-12-22,162.60000610351562,164.39999389648438,162.1199951171875,163.66000366210938,160.1945037841797,9224512,0.0,0.0
2025-12-23,163.64999389648438,165.5,162.66000366210938,163.27000427246094,159.81277465820312,8439146,0.0,0.0
2025-12-24,163.3000030517578,163.41000366210938,161.0,161.1699981689453,157.75723266601562,7879339,0.0,0.0
2025-12-26,161.10000610351562,161.94000244140625,159.61000061035156,160.3000030517578,156.90567016601562,7762050,0.0,0.0
2025-12-29,159.55999755859375,162.8000030517578,159.52999877929688,161.97999572753906,158.55007934570312,8219066,0.0,0.0
2025-12-30,162.0,162.88999938964844,160.97999572753906,161.57000732421875,158.1487579345703,8132881,0.0,0.0
2025-12-31,161.57000732421875,167.3300018310547,161.42999267578125,166.4600067138672,162.93521118164062,24383706,0.0,0.0
2026-01-01,167.0,168.1999969482422,164.9199981689453,165.8800048828125,162.3675079345703,9679405,0.0,0.0
2026-01-02,166.6999969482422,167.35000610351562,164.91000366210938,166.7899932861328,163.2582244873047,9638213,0.0,0.0
2026-01-05,166.8000030517578,168.7899932861328,163.60000610351562,165.00999450683594,161.5159149169922,9692902,0.0,0.0
2026-01-06,164.6999969482422,164.88999938964844,161.3000030517578,164.0,160.52731323242188,11514726,0.0,0.0
2026-01-07,164.10000610351562,165.0,162.0,162.6699981689453,159.22547912597656,10582454,0.0,0.0
2026-01-08,162.6699981689453,162.6999969482422,155.8000030517578,156.3699951171875,153.05886840820312,13567688,0.0,0.0
2026-01-09,155.1999969482422,158.4199981689453,155.11000061035156,157.61000061035156,154.27261352539062,10896400,0.0,0.0
2026-01-12,157.0,158.61000061035156,154.77000427246094,158.24000549316406,154.8892822265625,6011542,0.0,0.0
2026-01-13,158.6999969482422,159.39999389648438,155.75,157.39999389648438,154.0670623779297,7763679,0.0,0.0
2026-01-14,157.0,159.58999633789062,156.08999633789062,159.16000366210938,155.78981018066406,10309941,0.0,0.0
2026-01-16,160.0,162.14999389648438,159.85000610351562,161.32000732421875,157.90406799316406,15011308,0.0,0.0
2026-01-19,161.0,162.25,159.33999633789062,160.89999389648438,157.49293518066406,8651736,0.0,0.0
2026-01-20,160.89999389648438,161.35000610351562,158.0,158.42999267578125,155.0752410888672,10243937,0.0,0.0
2026-01-21,158.42999267578125,160.44000244140625,156.61000061035156,158.82000732421875,155.45701599121094,11797545,0.0,0.0
2026-01-22,159.8000030517578,161.9499969482422,158.05999755859375,159.0500030517578,155.68212890625,8809678,0.0,0.0
2026-01-23,159.08999633789062,160.39999389648438,155.61000061035156,156.02999877929688,152.72607421875,9542103,0.0,0.0
2026-01-27,156.6999969482422,159.89999389648438,155.63999938964844,158.89999389648438,155.53529357910156,11148012,0.0,0.0
2026-01-28,159.0,164.0,158.5399932861328,162.85000610351562,159.4016571044922,15795631,0.0,0.0
2026-01-29,162.72000122070312,164.64999389648438,161.77000427246094,163.08999633789062,159.63656616210938,16100725,0.0,0.0
2026-01-30,163.0,163.82000732421875,160.8300018310547,163.24000549316406,159.78341674804688,11627532,0.0,0.0
2026-02-02,160.5,165.39999389648438,159.0500030517578,164.61000061035156,161.1243896484375,14590517,0.0,0.0
2026-02-03,168.5,168.69000244140625,164.39999389648438,167.5800018310547,164.03150939941406,14585846,0.0,0.0
2026-02-04,167.0,173.6999969482422,166.32000732421875,172.77999877929688,169.12139892578125,28164545,0.0,0.0
2026-02-05,174.24000549316406,177.89999389648438,172.4199981689453,175.77000427246094,172.04808044433594,34830200,0.0,0.0
2026-02-06,176.99000549316406,180.8999938964844,173.27999877929688,175.1999969482422,171.49014282226562,34240417,0.0,0.0
2026-02-09,175.9499969482422,177.2899932861328,175.0,176.16000366210938,172.42982482910156,12380924,0.0,0.0
2026-02-10,176.7899932861328,178.89999389648438,175.1999969482422,178.2100067138672,174.43641662597656,21506950,0.0,0.0
2026-02-11,178.0,181.6000061035156,176.82000732421875,181.30999755859372,177.47076416015625,25578553,0.0,0.0
2026-02-12,182.25,182.25,175.3000030517578,178.11000061035156,174.33853149414062,24014261,0.0,0.0
2026-02-13,177.27999877929688,177.89999389648438,176.0399932861328,176.77000427246094,173.02691650390625,9835632,0.0,0.0
2026-02-16,175.89999389648438,175.89999389648438,173.4499969482422,175.14999389648438,171.44119262695312,6184219,0.0,0.0
2026-02-17,174.9499969482422,176.14999389648438,172.1699981689453,175.80999755859375,172.08721923828125,5249228,0.0,0.0
2026-02-18,175.86000061035156,179.0,175.86000061035156,178.74000549316406,174.9552001953125,8191312,0.0,0.0
2026-02-19,177.7100067138672,177.99000549316406,173.38999938964844,174.3000030517578,170.60922241210938,13677449,0.0,0.0
2026-02-20,173.60000610351562,174.44000244140625,172.3000030517578,173.7899932861328,170.11000061035156,8935995,0.0,0.0
2026-02-23,174.88999938964844,177.3000030517578,173.6699981689453,176.4600067138672,172.72348022460938,11422407,0.0,0.0
2026-02-24,176.99000549316406,181.0,176.50999450683594,180.19000244140625,176.37449645996094,22691029,0.0,0.0
2026-02-25,181.0,183.8000030517578,180.50999450683597,183.02999877929688,179.1543426513672,24353791,0.0,0.0
2026-02-26,183.5,186.8000030517578,182.42999267578125,186.47000122070312,182.52151489257807,17206460,0.0,0.0
2026-02-27,187.1100006103516,188.9600067138672,185.7700042724609,187.47000122070312,183.50033569335935,24422609,0.0,0.0
2026-03-02,181.30999755859372,182.3999938964844,176.85000610351562,179.11000061035156,175.31735229492188,31464579,0.0,0.0
2026-03-04,175.0,176.1699981689453,169.2100067138672,170.44000244140625,166.83094787597656,27718538,0.0,0.0
2026-03-05,171.0,175.4199981689453,169.27999877929688,171.5399932861328,167.9076385498047,32355154,0.0,0.0
2026-03-06,172.05999755859375,172.94000244140625,168.0500030517578,168.67999267578125,165.1082000732422,20979104,0.0,0.0
2026-03-09,158.0,162.14999389648438,156.3000030517578,161.22000122070312,157.80618286132812,40458725,0.0,0.0
2026-03-10,164.44000244140625,166.86000061035156,159.1199951171875,159.94000244140625,156.55328369140625,26772223,0.0,0.0
2026-03-11,160.5,162.99000549316406,159.66000366210938,160.6300048828125,157.2286834716797,22703344,0.0,0.0
2026-03-12,157.39999389648438,162.25,154.05999755859375,160.16000366210938,158.7451629638672,21636039,2.0,0.0
2026-03-13,158.99000549316406,160.33999633789062,155.8000030517578,156.5399932861328,155.15713500976562,11958819,0.0,0.0
2026-03-16,153.00999450683594,154.60000610351562,146.8800048828125,148.9600067138672,147.64410400390625,35687077,0.0,0.0
2026-03-17,149.0,149.8000030517578,145.50999450683594,146.67999267578125,145.3842315673828,19101788,0.0,0.0
2026-03-18,146.8000030517578,149.0800018310547,145.9600067138672,148.27000427246094,146.96018981933594,20318430,0.0,0.0
2026-03-19,145.88999938964844,146.6300048828125,142.0500030517578,142.72999572753906,141.46913146972656,20076945,0.0,0.0
2026-03-20,143.60000610351562,148.1300048828125,143.60000610351562,144.60000610351562,143.32261657714844,34636614,0.0,0.0
2026-03-23,141.49000549316406,142.69000244140625,137.75,138.11000061035156,136.8899383544922,21048472,0.0,0.0
2026-03-24,141.5800018310547,142.5,137.02000427246094,138.6999969482422,137.4747314453125,30509694,0.0,0.0
2026-03-25,141.32000732421875,141.69000244140625,139.0,140.52000427246094,139.27865600585938,22848464,0.0,0.0
2026-03-27,142.99000549316406,144.3699951171875,137.35000610351562,137.75999450683594,136.54302978515625,29985724,0.0,0.0
2026-03-30,135.3800048828125,138.6300048828125,134.0399932861328,135.39999389648438,134.20387268066406,28375902,0.0,0.0
2026-04-01,140.0,140.0,134.5,135.72000122070312,134.52105712890625,26367709,0.0,0.0
2026-04-02,134.1999969482422,134.6699981689453,130.22000122070312,134.1300048828125,132.9451141357422,22834708,0.0,0.0
2026-04-06,134.1300048828125,134.8000030517578,130.50999450683594,134.0500030517578,132.86581420898438,25356388,0.0,0.0
2026-04-07,132.3000030517578,134.85000610351562,131.6999969482422,134.44000244140625,133.2523651123047,20626751,0.0,0.0
2026-04-08,143.0,144.3000030517578,141.10000610351562,143.35000610351562,142.0836639404297,45807508,0.0,0.0
2026-04-09,142.88999938964844,142.88999938964844,140.5,141.6699981689453,140.41848754882812,22052191,0.0,0.0
2026-04-10,142.25999450683594,144.10000610351562,141.91000366210938,142.9600067138672,141.69711303710938,13681094,0.0,0.0
2026-04-13,139.10000610351562,141.39999389648438,137.55999755859375,141.0800018310547,139.83370971679688,21941388,0.0,0.0
2026-04-15,144.9499969482422,145.6699981689453,144.10000610351562,145.22000122070312,143.9371337890625,16020870,0.0,0.0
2026-04-16,146.0,146.42999267578125,143.5,144.19000244140625,142.91622924804688,13154143,0.0,0.0
2026-04-17,144.39999389648438,146.3300018310547,143.41000366210938,145.8800048828125,144.59130859375,11855228,0.0,0.0
2026-04-20,145.00999450683594,147.8699951171875,144.3000030517578,146.8699951171875,145.5725555419922,14174808,0.0,0.0
2026-04-21,147.05999755859375,148.33999633789062,147.0,147.30999755859375,146.0086669921875,8952350,0.0,0.0
2026-04-22,146.44000244140625,147.89999389648438,146.10000610351562,147.36000061035156,146.0582275390625,7680576,0.0,0.0
2026-04-23,146.39999389648438,147.35000610351562,145.10000610351562,145.47999572753906,144.19483947753906,11146793,0.0,0.0
2026-04-24,145.0,145.60000610351562,142.89999389648438,143.47000122070312,142.2025909423828,8204012,0.0,0.0
2026-04-27,144.0,146.60000610351562,143.69000244140625,146.25999450683594,144.9679412841797,8409968,0.0,0.0
2026-04-28,146.14999389648438,146.19000244140625,144.30999755859375,145.38999938964844,144.1056365966797,11294936,0.0,0.0
2026-04-29,146.11000061035156,147.2899932861328,143.94000244140625,144.19000244140625,142.91622924804688,12575213,0.0,0.0
2026-04-30,142.5,143.39999389648438,141.1199951171875,142.25,140.99337768554688,16384926,0.0,0.0
2026-05-04,143.5,144.4199981689453,142.0,142.25999450683594,141.00328063964844,9094894,0.0,0.0
2026-05-05,142.0,142.6199951171875,140.5,142.13999938964844,140.88433837890625,8418500,0.0,0.0
2026-05-06,143.5,148.75,143.22000122070312,148.2100067138672,146.90072631835938,16440452,0.0,0.0
2026-05-07,148.89999389648438,149.3000030517578,145.1300048828125,146.88999938964844,145.59237670898438,17332587,0.0,0.0
2026-05-08,145.8000030517578,146.3000030517578,144.19000244140625,144.69000244140625,143.4118194580078,9904272,0.0,0.0
2026-05-11,143.0,143.0,140.0399932861328,140.3699951171875,139.12997436523438,11542960,0.0,0.0
2026-05-12,139.38999938964844,139.75999450683594,137.25,137.64999389648438,136.4340057373047,13482227,0.0,0.0
2026-05-13,138.0,142.60000610351562,137.83999633789062,141.69000244140625,140.43832397460938,15901973,0.0,0.0
2026-05-14,143.0,143.0,139.10000610351562,140.25999450683594,139.0209503173828,14516032,0.0,0.0
2026-05-15,140.5,141.1999969482422,134.0399932861328,134.47999572753906,133.29200744628906,30353032,0.0,0.0
2026-05-18,134.0,134.0,130.52999877929688,131.80999755859375,130.64559936523438,15772188,0.0,0.0
2026-05-19,134.10000610351562,136.19000244140625,133.33999633789062,135.0,133.8074188232422,22333093,0.0,0.0
2026-05-20,134.6699981689453,138.52000427246094,133.0,138.0399932861328,136.820556640625,24216502,0.0,0.0
2026-05-21,139.60000610351562,141.0,138.24000549316406,140.52999877929688,139.28855895996094,26345901,0.0,0.0
2026-05-22,140.52999877929688,140.55999755859375,138.02999877929688,139.47000122070312,138.23793029785156,12077225,0.0,0.0
2026-05-25,144.05999755859375,145.3000030517578,143.14999389648438,143.9499969482422,142.6783447265625,24525241,0.0,0.0
2026-05-26,143.6999969482422,144.11000061035156,141.57000732421875,142.3800048828125,141.12222290039062,9355269,0.0,0.0
2026-05-27,142.08999633789062,144.85000610351562,141.4199981689453,143.94000244140625,142.66844177246094,10981894,0.0,0.0
2026-05-29,146.0,147.0,139.6300048828125,140.24000549316406,139.00112915039062,36212028,0.0,0.0
2026-06-01,140.5,141.47999572753906,138.60000610351562,138.8000030517578,137.5738525390625,13055381,0.0,0.0
2026-06-02,137.99000549316406,139.63999938964844,137.30999755859375,138.8300018310547,137.6035919189453,9425916,0.0,0.0
2026-06-03,138.19000244140625,138.3300018310547,136.60000610351562,137.3800048828125,136.16639709472656,14280727,0.0,0.0
2026-06-04,137.69000244140625,139.99000549316406,136.8000030517578,138.9499969482422,137.72251892089844,10664527,0.0,0.0
2026-06-05,139.0,139.38999938964844,137.63999938964844,138.25999450683594,137.0386199951172,10644029,0.0,0.0
2026-06-08,136.74000549316406,136.99000549316406,135.25,135.60000610351562,134.40213012695312,9213602,0.0,0.0
2026-06-09,137.0,138.44000244140625,136.35000610351562,138.1300048828125,136.90977478027344,12417792,0.0,0.0
2026-06-10,138.1300048828125,139.72000122070312,136.5,136.8800048828125,135.67080688476562,10347575,0.0,0.0
2026-06-11,135.0,135.64999389648438,133.5500030517578,134.24000549316406,133.05413818359375,11817601,0.0,0.0
2026-06-12,137.0,141.4499969482422,136.72999572753906,140.94000244140625,139.6949462890625,18813847,0.0,0.0
2026-06-15,147.0,148.47000122070312,144.2100067138672,144.49000549316406,143.21359252929688,23010555,0.0,0.0
2026-06-16,144.9499969482422,145.4499969482422,143.72999572753906,145.11000061035156,143.82810974121094,10255674,0.0,0.0
2026-06-17,147.0,147.47000122070312,144.9499969482422,145.4199981689453,144.13536071777344,14039760,0.0,0.0
2026-06-18,145.8000030517578,147.25,145.17999267578125,146.11000061035156,144.81927490234375,10920308,0.0,0.0
2026-06-19,144.97999572753906,145.74000549316406,142.6699981689453,143.42999267578125,142.16293334960938,15764700,0.0,0.0
2026-06-22,145.42999267578125,145.42999267578125,143.5399932861328,144.3800048828125,143.10455322265625,10482678,0.0,0.0
2026-06-23,145.0,145.9499969482422,142.8000030517578,143.1699981689453,141.90524291992188,14059612,0.0,0.0
2026-06-24,143.99000549316406,146.8000030517578,143.25,146.3000030517578,145.00759887695312,17387166,0.0,0.0
2026-06-25,148.0,148.24000549316406,143.3800048828125,143.88999938964844,142.61888122558594,14235354,0.0,0.0
2026-06-29,143.3000030517578,143.41000366210938,138.89999389648438,139.17999267578125,137.9504852294922,14942414,0.0,0.0
2026-06-30,139.50999450683594,140.22999572753906,138.3800048828125,139.3800048828125,138.1487274169922,19013315,0.0,0.0
2026-07-01,139.6999969482422,140.32000732421875,138.4199981689453,139.8300018310547,138.59475708007812,10736348,0.0,0.0
2026-07-02,140.3000030517578,143.77000427246094,140.3000030517578,141.6199951171875,140.36892700195312,23991977,0.0,0.0
2026-07-03,142.32000732421875,142.32000732421875,141.00999450683594,141.55999755859375,140.30946350097656,5661461,0.0,0.0
2026-07-06,141.60000610351562,143.75,140.9199981689453,141.67999267578125,140.42840576171875,8310545,0.0,0.0
2026-07-07,142.75,144.11000061035156,141.8000030517578,142.17999267578125,140.92398071289062,16961635,0.0,0.0
2026-07-08,139.6999969482422,140.35000610351562,136.60000610351562,137.6300048828125,136.4141845703125,33976686,0.0,0.0
2026-07-09,137.6300048828125,138.69000244140625,136.60000610351562,138.25999450683594,137.0386199951172,14352065,0.0,0.0
2026-07-10,139.3800048828125,140.5500030517578,138.6999969482422,138.9600067138672,137.73243713378906,8402022,0.0,0.0
2026-07-13,137.0,140.1699981689453,136.6199951171875,139.9499969482422,138.71368408203125,11620086,0.0,0.0
2026-07-14,137.99000549316406,138.69000244140625,136.6999969482422,137.0500030517578,135.8393096923828,14151551,0.0,0.0
2026-07-15,137.89999389648438,140.5,137.16000366210938,140.24000549316406,139.00112915039062,21309498,0.0,0.0
2026-07-16,140.5,143.38999938964844,139.33999633789062,141.8000030517578,140.54734802246094,22023161,0.0,0.0
2026-07-17,141.6999969482422,142.3000030517578,140.19000244140625,141.69000244140625,140.43832397460938,11266555,0.0,0.0
2026-07-20,140.19000244140625,143.14999389648438,139.77000427246094,142.41000366210938,141.15196228027344,13180933,0.0,0.0
2026-07-21,142.99000549316406,143.99000549316406,142.22999572753906,143.3000030517578,142.0341033935547,12235450,0.0,0.0
2026-07-22,142.4499969482422,143.1699981689453,141.07000732421875,142.02999877929688,140.7753143310547,9024642,0.0,0.0
2026-07-23,140.1999969482422,142.3300018310547,138.83999633789062,139.9199981689453,138.6839599609375,9748345,0.0,0.0
2026-07-24,138.85000610351562,138.88999938964844,136.77999877929688,138.47000122070312,137.24676513671875,11902268,0.0,0.0
2026-07-27,140.5,142.0,139.91000366210938,141.52000427246094,140.2698211669922,8260417,0.0,0.0
2026-07-28,142.0,142.9499969482422,141.02999877929688,141.27999877929688,140.0319366455078,5767618,0.0,0.0
2026-07-29,141.35000610351562,141.77000427246094,139.5500030517578,140.11000061035156,138.87228393554688,7526333,0.0,0.0
2026-07-30,140.0,140.88999938964844,139.3800048828125,139.94000244140625,138.7037811279297,6997658,0.0,0.0
2026-07-31,140.1999969482422,140.69000244140625,138.86000061035156,140.1699981689453,138.93174743652344,9626379,0.0,0.0
2026-08-03,142.52000427246094,145.1999969482422,142.3800048828125,143.6999969482422,142.43055725097656,17986947,0.0,0.0
2026-08-04,143.47000122070312,143.82000732421875,141.60000610351562,141.60000610351562,140.34912109375,7539898,0.0,0.0
2026-08-05,143.88999938964844,144.60000610351562,142.94000244140625,144.0,142.7279052734375,8582513,0.0,0.0
2026-08-06,144.0,144.75,142.3000030517578,142.66000366210938,141.39974975585938,9474034,0.0,0.0
2026-08-07,141.99000549316406,143.39999389648438,141.80999755859375,143.3800048828125,142.11338806152344,5173696,0.0,0.0
2026-08-10,143.0,143.00999450683594,141.5,142.0,140.74557495117188,4186115,0.0,0.0
2026-08-11,141.5,141.60000610351562,139.39999389648438,140.0,138.76324462890625,13163732,0.0,0.0
2026-08-12,140.6300048828125,142.0500030517578,139.2899932861328,140.60000610351562,139.3579559326172,10106894,0.0,0.0
2026-08-13,140.89999389648438,141.5500030517578,139.80999755859375,141.5,140.25,6668159,0.0,0.0
2026-08-14,140.85000610351562,140.85000610351562,138.82000732421875,139.39999389648438,139.39999389648438,9237608,1.25,0.0
2026-08-17,139.1999969482422,139.8000030517578,138.1199951171875,138.61000061035156,138.61000061035156,8148346,0.0,0.0
2026-08-18,138.1199951171875,139.1999969482422,137.75,137.8000030517578,137.8000030517578,8312830,0.0,0.0
2026-08-19,137.5,138.10000610351562,136.25,136.3000030517578,136.3000030517578,8404311,0.0,0.0
2026-08-20,137.0,137.1199951171875,135.27999877929688,135.89999389648438,135.89999389648438,7026471,0.0,0.0
2026-08-21,135.5,136.5800018310547,135.27000427246094,135.89999389648438,135.89999389648438,6642882,0.0,0.0
2026-08-24,136.0,138.5,135.9499969482422,138.5,138.5,9432799,0.0,0.0
2026-08-25,138.0,139.0,137.0,139.0,139.0,7676722,0.0,0.0
2026-08-26,140.0,141.14999389648438,138.5,139.47999572753906,139.47999572753906,6514034,0.0,0.0
2026-08-27,139.3699951171875,139.47999572753906,136.69000244140625,137.57000732421875,137.57000732421875,6190652,0.0,0.0
2026-08-28,137.57000732421875,137.57000732421875,136.22999572753906,137.10000610351562,137.10000610351562,4050844,0.0,0.0
2026-08-31,136.11000061035156,139.1300048828125,134.32000732421875,139.1300048828125,139.1300048828125,14038943,0.0,0.0
2026-09-01,136.33999633789062,137.89999389648438,135.14999389648438,136.52999877929688,136.52999877929688,9536764,0.0,0.0
2026-09-02,135.0,137.0,134.35000610351562,137.0,137.0,8229119,0.0,0.0
2026-09-03,136.3000030517578,137.8000030517578,136.25,137.8000030517578,137.8000030517578,4941277,0.0,0.0
2026-09-04,137.0,137.75999450683594,136.8699951171875,137.60000610351562,137.60000610351562,4277697,0.0,0.0
2026-09-07,137.0,137.5,135.14999389648438,135.14999389648438,135.14999389648438,5955660,0.0,0.0
2026-09-08,134.8800048828125,135.64999389648438,133.02000427246094,134.35000610351562,134.35000610351562,6954986,0.0,0.0
2026-09-09,133.3000030517578,136.13999938964844,133.05999755859375,135.60000610351562,135.60000610351562,5297849,0.0,0.0
2026-09-10,134.30999755859375,136.14999389648438,134.30999755859375,134.94000244140625,134.94000244140625,6629384,0.0,0.0
