date,open,high,low,close,adj_close,volume,dividends,stock_splits
2021-01-29,90.75,92.9499969482422,87.75,88.30000305175781,63.26885986328125,33858273,0.0,0.0
2021-02-01,89.0,91.1999969482422,88.44999694824219,90.8499984741211,65.09597778320312,24228098,0.0,0.0
2021-02-02,92.5,93.9499969482422,91.1999969482422,92.8499984741211,66.52901458740234,22141489,0.0,0.0
2021-02-03,94.5999984741211,95.3000030517578,93.0,93.3499984741211,66.88729095458984,25912911,0.0,0.0
2021-02-04,94.25,98.5999984741211,94.0,97.6500015258789,69.96834564208984,49670027,0.0,0.0
2021-02-05,98.9499969482422,99.9499969482422,96.8000030517578,97.6500015258789,69.96834564208984,30514219,0.0,0.0
2021-02-08,99.5,100.8000030517578,99.0999984741211,99.6500015258789,71.40137481689453,29096831,0.0,0.0
2021-02-09,99.8000030517578,103.3499984741211,99.8000030517578,101.0,72.36869049072266,39638657,0.0,0.0
2021-02-10,102.0,102.5,98.5999984741211,100.0,71.65216827392578,21467230,0.0,0.0
2021-02-11,100.0,100.3499984741211,98.9000015258789,99.4499969482422,71.25808715820312,11287104,0.0,0.0
2021-02-12,98.9000015258789,99.4000015258789,96.5500030517578,97.0,69.50259399414062,18187705,0.0,0.0
2021-02-15,97.0,99.25,95.5999984741211,98.4499969482422,70.54154205322266,26118576,0.0,0.0
2021-02-16,99.25,104.8499984741211,99.25,103.75,74.33910369873047,76236798,0.0,0.0
2021-02-17,102.0,103.5,100.8000030517578,102.25,74.52130126953125,21014091,1.75,0.0
2021-02-18,103.6999969482422,115.5,103.3499984741211,110.6999969482422,80.67979431152344,110000964,0.0,0.0
2021-02-19,110.6999969482422,112.1999969482422,103.8499984741211,105.0999984741211,76.59844207763672,48225988,0.0,0.0
2021-02-22,105.9000015258789,108.5500030517578,105.3000030517578,106.3000030517578,77.47301483154297,36592043,0.0,0.0
2021-02-23,109.75,114.4000015258789,109.4499969482422,112.1999969482422,81.77301788330078,90860972,0.0,0.0
2021-02-24,114.0,115.3499984741211,111.0,113.5999984741211,82.7933578491211,26071364,0.0,0.0
2021-02-25,116.0,120.5,115.3499984741211,119.0500030517578,86.76541137695312,62038881,0.0,0.0
2021-02-26,115.5,118.4000015258789,110.0500030517578,111.0,80.89844512939453,55154985,0.0,0.0
2021-03-01,114.3000030517578,117.6500015258789,113.5,117.0500030517578,85.30777740478516,41672980,0.0,0.0
2021-03-02,115.9000015258789,116.6500015258789,112.75,113.5,82.72048950195312,36303917,0.0,0.0
2021-03-03,114.0500030517578,115.8000030517578,113.1999969482422,114.0,83.08489990234375,19434630,0.0,0.0
2021-03-04,113.9499969482422,117.0,112.3000030517578,112.6999969482422,82.13743591308594,38272786,0.0,0.0
2021-03-05,116.25,118.25,113.5,114.9499969482422,83.77726745605469,57756103,0.0,0.0
2021-03-08,118.9499969482422,122.3499984741211,117.1999969482422,118.25,86.18234252929688,63866178,0.0,0.0
2021-03-09,119.4000015258789,119.5500030517578,114.1999969482422,116.75,85.08912658691406,26817643,0.0,0.0
2021-03-10,116.9000015258789,117.0,113.5999984741211,114.4000015258789,83.37642669677734,23841269,0.0,0.0
2021-03-12,116.75,117.4000015258789,114.0,115.0500030517578,83.85015869140625,20691698,0.0,0.0
2021-03-15,116.0,116.8499984741211,112.8000030517578,114.3499984741211,83.33997344970703,19679802,0.0,0.0
2021-03-16,113.8000030517578,116.3000030517578,113.4499969482422,115.0999984741211,83.8865737915039,20680669,0.0,0.0
2021-03-17,114.8000030517578,114.8499984741211,108.75,109.3499984741211,79.69591522216797,31017863,0.0,0.0
2021-03-18,110.0,112.1999969482422,107.5,110.1999969482422,80.31539154052734,26710696,0.0,0.0
2021-03-19,106.25,113.25,104.4499969482422,110.5,80.5340576171875,50386785,0.0,0.0
2021-03-22,110.5,111.25,108.5500030517578,109.5999984741211,79.87810516357422,15825065,0.0,0.0
2021-03-23,109.5999984741211,110.3000030517578,106.5999984741211,107.1500015258789,78.09249877929688,15815643,0.0,0.0
2021-03-24,105.0,106.0,102.8499984741211,104.8000030517578,76.37979125976562,31083656,0.0,0.0
2021-03-25,106.0,107.6999969482422,101.3000030517578,102.0,74.33911895751953,37295495,0.0,0.0
2021-03-26,103.0,104.0,100.25,102.4000015258789,74.6306381225586,26637085,0.0,0.0
2021-03-30,104.0500030517578,106.3000030517578,102.5999984741211,103.5,75.43234252929688,31843017,0.0,0.0
2021-03-31,102.8000030517578,104.1999969482422,101.9000015258789,102.1500015258789,74.44844055175781,19587582,0.0,0.0
2021-04-01,103.0,105.25,101.1500015258789,104.3499984741211,76.05181884765625,22299747,0.0,0.0
2021-04-05,102.1500015258789,104.5,99.4000015258789,103.4499969482422,75.39588928222656,24878516,0.0,0.0
2021-04-06,102.6500015258789,104.4000015258789,101.3000030517578,103.9499969482422,75.76029205322266,15156974,0.0,0.0
2021-04-07,103.9000015258789,105.3499984741211,103.4499969482422,104.6500015258789,76.27046966552734,10330347,0.0,0.0
2021-04-08,103.8000030517578,105.6999969482422,103.3000030517578,103.5999984741211,75.50523376464844,26105970,0.0,0.0
2021-04-09,103.0,104.9000015258789,103.0,103.8000030517578,75.65098571777344,17645822,0.0,0.0
2021-04-12,100.8499984741211,102.25,97.4499969482422,98.0500030517578,71.4603042602539,27005598,0.0,0.0
2021-04-13,98.0500030517578,102.5,98.0500030517578,102.0500030517578,74.37556457519531,25505623,0.0,0.0
2021-04-15,104.25,106.75,103.8000030517578,105.0999984741211,76.59844207763672,28659714,0.0,0.0
2021-04-16,104.5999984741211,107.8499984741211,104.1999969482422,107.3000030517578,78.20182800292969,21627285,0.0,0.0
2021-04-19,103.9499969482422,105.9499969482422,101.9000015258789,103.0500030517578,75.1043701171875,19166492,0.0,0.0
2021-04-20,103.3000030517578,105.0,102.1999969482422,102.8499984741211,74.9586181640625,23082015,0.0,0.0
2021-04-22,102.4000015258789,104.4499969482422,101.6500015258789,103.0999984741211,75.14081573486328,14844968,0.0,0.0
2021-04-23,102.0,103.6500015258789,101.5999984741211,102.4000015258789,74.6306381225586,12790334,0.0,0.0
2021-04-26,105.25,105.6999969482422,102.5,102.8000030517578,74.92217254638672,11797791,0.0,0.0
2021-04-27,102.8000030517578,104.0,102.8000030517578,103.1999969482422,75.21369934082031,8886250,0.0,0.0
2021-04-28,103.75,104.4000015258789,103.3000030517578,103.9000015258789,75.72386169433594,6887787,0.0,0.0
2021-04-29,104.9000015258789,105.9000015258789,103.5500030517578,104.0500030517578,75.83319091796875,14990087,0.0,0.0
2021-04-30,104.1500015258789,112.6999969482422,103.3000030517578,108.1500015258789,78.82132720947266,81358264,0.0,0.0
2021-05-03,108.1500015258789,110.6999969482422,106.0,107.6999969482422,78.49334716796875,33975507,0.0,0.0
2021-05-04,108.0,110.3000030517578,107.6999969482422,109.6500015258789,79.91454315185547,30811922,0.0,0.0
2021-05-05,112.4000015258789,114.0,110.5,111.0999984741211,80.97132110595703,47588366,0.0,0.0
2021-05-06,112.3000030517578,112.8499984741211,109.4499969482422,110.25,80.35183715820312,26083818,0.0,0.0
2021-05-07,110.8499984741211,112.3499984741211,109.6500015258789,111.4499969482422,81.22642517089844,28016564,0.0,0.0
2021-05-10,113.8499984741211,114.9499969482422,112.5,113.9000015258789,83.01202392578125,33477142,0.0,0.0
2021-05-11,112.5500030517578,118.6999969482422,110.75,118.0999984741211,86.07302856445312,48355326,0.0,0.0
2021-05-12,118.6999969482422,121.1500015258789,113.6999969482422,115.0999984741211,83.8865737915039,49718697,0.0,0.0
2021-05-14,116.0,116.0,111.5500030517578,112.9499969482422,82.31964111328125,23626454,0.0,0.0
2021-05-17,113.9499969482422,115.4000015258789,112.25,114.25,83.2671127319336,19960145,0.0,0.0
2021-05-18,115.0,117.5,114.3000030517578,116.0999984741211,84.61539459228516,29395737,0.0,0.0
2021-05-19,114.5,115.8000030517578,113.4000015258789,114.9000015258789,83.7408218383789,25295575,0.0,0.0
2021-05-20,113.4499969482422,114.6999969482422,111.1999969482422,111.8000030517578,81.48149108886719,21131045,0.0,0.0
2021-05-21,111.0500030517578,114.0500030517578,111.0500030517578,112.75,82.17387390136719,20562816,0.0,0.0
2021-05-24,113.25,113.9499969482422,110.8499984741211,113.0500030517578,82.39250946044922,24785960,0.0,0.0
2021-05-25,114.4000015258789,117.0999984741211,113.6999969482422,114.5999984741211,83.52216339111328,25820379,0.0,0.0
2021-05-26,115.4000015258789,115.4000015258789,113.0,113.3499984741211,82.61116027832031,12045621,0.0,0.0
2021-05-27,113.0,113.6500015258789,111.3000030517578,111.8499984741211,81.51792907714844,22821449,0.0,0.0
2021-05-28,113.1999969482422,115.5500030517578,111.8499984741211,112.3499984741211,81.88235473632812,19331994,0.0,0.0
2021-05-31,112.5,114.3499984741211,111.4000015258789,113.6500015258789,82.8298110961914,16430926,0.0,0.0
2021-06-01,114.3499984741211,118.4499969482422,114.1999969482422,117.5999984741211,85.7086181640625,51620011,0.0,0.0
2021-06-02,118.0,119.4000015258789,116.0,117.75,85.81794738769531,27162991,0.0,0.0
2021-06-03,118.8000030517578,123.8000030517578,118.4499969482422,122.5,89.2798080444336,64241347,0.0,0.0
2021-06-04,124.5999984741211,126.6999969482422,123.3499984741211,125.4499969482422,91.4298324584961,72354379,0.0,0.0
2021-06-07,126.9499969482422,127.5,124.9000015258789,125.1500015258789,91.21118927001952,28709907,0.0,0.0
2021-06-08,125.75,125.9000015258789,122.6500015258789,124.8000030517578,90.9561004638672,15261479,0.0,0.0
2021-06-09,127.0,128.0,123.0500030517578,124.0500030517578,90.40947723388672,29718157,0.0,0.0
2021-06-10,123.75,124.8000030517578,122.4499969482422,123.9499969482422,90.33659362792967,12245640,0.0,0.0
2021-06-11,123.9499969482422,126.5999984741211,122.5,123.5500030517578,90.0450668334961,18360366,0.0,0.0
2021-06-14,124.4000015258789,125.8000030517578,121.25,124.8000030517578,90.9561004638672,19547491,0.0,0.0
2021-06-15,125.5999984741211,128.5,124.8499984741211,125.3499984741211,91.35693359375,32779493,0.0,0.0
2021-06-16,127.0,128.25,126.0999984741211,126.6999969482422,92.3408432006836,31654780,0.0,0.0
2021-06-17,125.5999984741211,127.0,123.5,125.0999984741211,91.17472839355467,18124616,0.0,0.0
2021-06-18,124.5500030517578,124.5500030517578,118.9000015258789,120.25,87.64000701904297,87912730,0.0,0.0
2021-06-21,119.4000015258789,122.0,118.9499969482422,120.9499969482422,88.150146484375,15669821,0.0,0.0
2021-06-22,122.6999969482422,124.1999969482422,121.5,122.0500030517578,88.95185852050781,23629008,0.0,0.0
2021-06-23,123.5,124.4000015258789,121.75,123.3499984741211,89.8993148803711,21978870,0.0,0.0
2021-06-24,124.4499969482422,124.4499969482422,121.3499984741211,122.0,88.91542053222656,24358397,0.0,0.0
2021-06-25,122.9499969482422,124.9499969482422,120.3499984741211,120.9000015258789,88.11372375488281,34557609,0.0,0.0
2021-06-28,122.5500030517578,124.5,121.8000030517578,122.3499984741211,89.17049407958984,23728169,0.0,0.0
2021-06-29,121.8000030517578,122.4499969482422,119.0999984741211,119.4000015258789,87.02050018310547,20857415,0.0,0.0
2021-06-30,120.3499984741211,120.9499969482422,117.0500030517578,117.6999969482422,85.78148651123047,19094044,0.0,0.0
2021-07-01,117.75,119.75,117.3000030517578,118.8499984741211,86.6196517944336,16012542,0.0,0.0
2021-07-02,120.0,120.8499984741211,118.0,118.4499969482422,86.32811737060547,20014124,0.0,0.0
2021-07-05,119.1500015258789,121.4499969482422,118.9000015258789,120.9499969482422,88.150146484375,12050022,0.0,0.0
2021-07-06,123.0,125.0,121.0500030517578,121.5,88.5510025024414,30193164,0.0,0.0
2021-07-07,119.9000015258789,120.4000015258789,117.8000030517578,119.9000015258789,87.3849105834961,18479814,0.0,0.0
2021-07-08,119.4000015258789,119.4000015258789,116.8499984741211,117.0500030517578,85.30777740478516,17151883,0.0,0.0
2021-07-09,117.0999984741211,118.6500015258789,116.5999984741211,117.9000015258789,85.9272689819336,11240925,0.0,0.0
2021-07-12,119.0,119.3499984741211,118.0,118.5500030517578,86.40099334716797,8420962,0.0,0.0
2021-07-13,119.0,120.8000030517578,118.5999984741211,120.4000015258789,87.74930572509766,8580799,0.0,0.0
2021-07-14,120.3000030517578,121.75,120.0999984741211,120.8000030517578,88.04083251953125,12709481,0.0,0.0
2021-07-15,119.1999969482422,119.4000015258789,116.1999969482422,116.9000015258789,85.19845581054688,28589465,0.0,0.0
2021-07-16,117.1999969482422,117.4000015258789,115.75,116.8000030517578,85.12557983398438,19691248,0.0,0.0
2021-07-19,114.8000030517578,116.5500030517578,114.1999969482422,114.5999984741211,83.52216339111328,14395883,0.0,0.0
2021-07-20,112.0500030517578,113.25,111.5999984741211,112.5999984741211,82.0645523071289,18634406,0.0,0.0
2021-07-22,114.4000015258789,115.8000030517578,113.9499969482422,115.5,84.17809295654297,11710140,0.0,0.0
2021-07-23,115.5,116.75,114.75,115.3000030517578,84.0323486328125,7841690,0.0,0.0
2021-07-26,114.8499984741211,115.5999984741211,114.0999984741211,114.5500030517578,83.4857406616211,8149770,0.0,0.0
2021-07-27,115.3499984741211,115.9000015258789,114.0,114.6500015258789,83.5586166381836,9704729,0.0,0.0
2021-07-28,114.9000015258789,115.1999969482422,113.4499969482422,114.3499984741211,83.33997344970703,11020097,0.0,0.0
2021-07-29,114.3000030517578,115.8000030517578,113.3000030517578,114.75,83.63150787353516,14142749,0.0,0.0
2021-07-30,114.3000030517578,116.75,113.8000030517578,115.3000030517578,84.0323486328125,12236156,0.0,0.0
2021-08-02,114.9499969482422,117.5,114.8000030517578,117.0999984741211,85.3442153930664,10895726,0.0,0.0
2021-08-03,116.1500015258789,118.1999969482422,115.1500015258789,117.9000015258789,85.9272689819336,15163353,0.0,0.0
2021-08-04,117.6999969482422,118.5,116.5999984741211,117.3499984741211,85.52642059326172,14304543,0.0,0.0
2021-08-05,116.1999969482422,117.25,114.6999969482422,116.8499984741211,85.16201782226562,11033147,0.0,0.0
2021-08-06,116.1500015258789,118.1999969482422,116.1500015258789,116.6500015258789,85.0162582397461,6606584,0.0,0.0
2021-08-09,116.0,117.0,114.3000030517578,115.0,83.81371307373047,8294214,0.0,0.0
2021-08-10,115.0999984741211,115.6999969482422,113.9000015258789,114.8499984741211,83.70438385009766,14300982,0.0,0.0
2021-08-11,115.5,117.3000030517578,114.8499984741211,117.0,85.27134704589844,11308648,0.0,0.0
2021-08-12,116.0999984741211,117.9000015258789,115.3000030517578,116.25,84.72472381591797,13519139,0.0,0.0
2021-08-13,116.8000030517578,116.9499969482422,115.3499984741211,116.0999984741211,84.61539459228516,10342014,0.0,0.0
2021-08-16,116.9000015258789,118.3499984741211,114.6999969482422,115.5,84.17809295654297,14771886,0.0,0.0
2021-08-17,116.0,116.0,112.6999969482422,113.8499984741211,82.97557067871094,16025745,0.0,0.0
2021-08-18,113.9000015258789,115.25,112.9000015258789,113.1999969482422,82.5018310546875,10074307,0.0,0.0
2021-08-20,110.6500015258789,111.75,108.5,110.1999969482422,80.31539154052734,23878081,0.0,0.0
2021-08-23,110.3499984741211,112.0,108.5,111.75,81.44506072998047,16886027,0.0,0.0
2021-08-24,113.1500015258789,115.1999969482422,112.0999984741211,113.1999969482422,82.5018310546875,17368602,0.0,0.0
2021-08-25,113.5,117.1999969482422,113.3000030517578,115.6500015258789,84.28744506835938,18637317,0.0,0.0
2021-08-26,115.5999984741211,116.25,114.4000015258789,115.5500030517578,84.21456146240234,8779246,0.0,0.0
2021-08-27,115.5,117.0,114.9499969482422,116.6500015258789,85.0162582397461,9706825,0.0,0.0
2021-08-30,116.75,120.4000015258789,116.75,120.1500015258789,87.56710052490234,15933414,0.0,0.0
2021-08-31,120.0,121.0,119.0500030517578,120.5500030517578,87.8586196899414,13376290,0.0,0.0
2021-09-01,121.8000030517578,122.25,119.4000015258789,119.6999969482422,87.23914337158203,10964080,0.0,0.0
2021-09-02,118.9000015258789,120.1500015258789,118.0,118.6500015258789,86.473876953125,13031666,0.0,0.0
2021-09-03,119.9499969482422,123.5,118.8000030517578,123.0999984741211,89.71710205078125,21326802,0.0,0.0
2021-09-06,123.8000030517578,124.3499984741211,121.1500015258789,121.6500015258789,88.66031646728516,12505630,0.0,0.0
2021-09-07,122.5,122.75,119.5500030517578,119.9499969482422,87.42133331298828,8530847,0.0,0.0
2021-09-08,119.0,119.5,117.5,118.9499969482422,88.050537109375,7801721,1.85,0.0
2021-09-09,119.0999984741211,123.8000030517578,118.1999969482422,122.1500015258789,90.41928100585938,27242637,0.0,0.0
2021-09-13,122.1999969482422,123.4000015258789,121.0999984741211,123.0500030517578,91.08548736572266,9921031,0.0,0.0
2021-09-14,123.3000030517578,125.4000015258789,122.8000030517578,123.9499969482422,91.75169372558594,16593684,0.0,0.0
2021-09-15,124.25,130.6999969482422,124.25,128.4499969482422,95.08273315429688,42437332,0.0,0.0
2021-09-16,129.64999389648438,131.25,127.4000015258789,128.6999969482422,95.2677993774414,22431820,0.0,0.0
2021-09-17,128.6999969482422,129.6999969482422,124.75,127.75,94.56459045410156,25968166,0.0,0.0
2021-09-20,125.0500030517578,129.39999389648438,125.0500030517578,128.5,95.11974334716795,29857432,0.0,0.0
2021-09-21,129.60000610351562,136.0,129.10000610351562,135.1999969482422,100.0792999267578,51537119,0.0,0.0
2021-09-22,134.5,135.25,132.4499969482422,133.64999389648438,98.9319305419922,16424387,0.0,0.0
2021-09-23,134.8000030517578,138.35000610351562,134.39999389648438,137.75,101.9668960571289,18688982,0.0,0.0
2021-09-24,138.89999389648438,139.89999389648438,134.5,136.10000610351562,100.74551391601562,33667173,0.0,0.0
2021-09-27,138.0500030517578,140.75,137.5,140.0,103.6324234008789,34196564,0.0,0.0
2021-09-28,141.8000030517578,143.60000610351562,141.0,142.1999969482422,105.26092529296876,46109879,0.0,0.0
2021-09-29,140.85000610351562,148.8000030517578,139.35000610351562,144.75,107.14851379394533,68003697,0.0,0.0
2021-09-30,144.75,146.0500030517578,141.35000610351562,144.5,106.96344757080078,26714630,0.0,0.0
2021-10-01,145.1999969482422,149.64999389648438,144.10000610351562,146.25,108.25884246826172,42893182,0.0,0.0
2021-10-04,147.8000030517578,148.5,147.0,147.60000610351562,109.2581787109375,16099471,0.0,0.0
2021-10-05,150.0,164.60000610351562,149.0,163.64999389648438,121.13888549804688,131238378,0.0,0.0
2021-10-06,166.0,172.75,165.8000030517578,168.10000610351562,124.43292236328124,101221817,0.0,0.0
2021-10-07,170.14999389648438,170.14999389648438,159.5,160.39999389648438,118.73312377929688,59769140,0.0,0.0
2021-10-08,163.89999389648438,166.60000610351562,160.5,160.9499969482422,119.1402587890625,30561341,0.0,0.0
2021-10-11,163.75,166.1999969482422,162.6999969482422,165.0,122.13819122314452,18143592,0.0,0.0
2021-10-12,165.10000610351562,165.85000610351562,162.75,163.5500030517578,121.06486511230467,11619888,0.0,0.0
2021-10-13,163.64999389648438,163.8000030517578,159.6999969482422,160.0,118.43704986572266,16690451,0.0,0.0
2021-10-14,161.0,161.75,158.64999389648438,159.0500030517578,117.73383331298828,14821875,0.0,0.0
2021-10-18,163.75,165.5,161.1999969482422,162.10000610351562,119.99153900146484,22899876,0.0,0.0
2021-10-19,163.5,163.5,158.0,158.60000610351562,117.40071105957033,10331930,0.0,0.0
2021-10-20,159.25,159.35000610351562,153.64999389648438,154.89999389648438,114.6618423461914,17118996,0.0,0.0
2021-10-21,157.60000610351562,160.3000030517578,154.5500030517578,155.0,114.73587799072266,31555789,0.0,0.0
2021-10-22,157.0,158.35000610351562,154.5,157.0500030517578,116.25335693359376,27317028,0.0,0.0
2021-10-25,159.0,162.9499969482422,158.89999389648438,161.39999389648438,119.47335052490234,34568006,0.0,0.0
2021-10-26,163.5500030517578,163.9499969482422,160.3000030517578,163.10000610351562,120.73175811767578,33022684,0.0,0.0
2021-10-27,163.10000610351562,163.60000610351562,157.0,157.89999389648438,116.88253784179688,21652522,0.0,0.0
2021-10-28,150.0,156.85000610351562,148.6999969482422,150.1999969482422,111.18276977539062,24815027,0.0,0.0
2021-10-29,149.89999389648438,151.85000610351562,146.0,149.0500030517578,110.33150482177734,18736450,0.0,0.0
2021-11-01,150.0,153.60000610351562,148.39999389648438,153.14999389648438,113.36646270751952,11444653,0.0,0.0
2021-11-02,153.9499969482422,154.8000030517578,151.35000610351562,152.9499969482422,113.21841430664062,20609479,0.0,0.0
2021-11-03,151.1999969482422,154.1999969482422,149.8000030517578,152.0,112.51519012451172,11591857,0.0,0.0
2021-11-04,152.0,152.85000610351562,151.25,152.0500030517578,112.55221557617188,1114216,0.0,0.0
2021-11-08,152.9499969482422,155.5500030517578,151.6999969482422,154.89999389648438,114.6618423461914,16568525,0.0,0.0
2021-11-09,156.5,158.14999389648438,155.0,156.64999389648438,115.9572525024414,13601954,0.0,0.0
2021-11-10,156.6999969482422,158.6999969482422,156.4499969482422,157.6999969482422,116.7345199584961,13900618,0.0,0.0
2021-11-11,156.60000610351562,156.85000610351562,153.0500030517578,153.5,113.62554168701172,14158749,0.0,0.0
2021-11-12,154.0,155.60000610351562,153.3000030517578,154.64999389648438,114.47679901123048,10552485,0.0,0.0
2021-11-15,156.4499969482422,162.25,156.0,157.8000030517578,116.80853271484376,45750584,0.0,0.0
2021-11-16,159.39999389648438,159.6999969482422,156.8000030517578,157.14999389648438,116.32740020751952,12956283,0.0,0.0
2021-11-17,157.0,159.25,156.60000610351562,157.39999389648438,116.5124282836914,11420415,0.0,0.0
2021-11-18,157.0,157.0,153.6999969482422,154.3000030517578,114.21772003173828,18351511,0.0,0.0
2021-11-22,151.25,153.6999969482422,146.0,146.5500030517578,112.49060821533205,21558590,5.5,0.0
2021-11-23,145.8000030517578,147.6999969482422,143.39999389648438,146.6999969482422,112.60578155517578,21216047,0.0,0.0
2021-11-24,149.0,155.85000610351562,149.0,153.4499969482422,117.7870101928711,36294271,0.0,0.0
2021-11-25,154.0,156.0,152.5500030517578,155.10000610351562,119.05355834960938,11554142,0.0,0.0
2021-11-26,152.25,152.25,146.25,147.10000610351562,112.91281127929688,23135841,0.0,0.0
2021-11-29,145.0,146.0500030517578,141.89999389648438,144.10000610351562,110.61004638671876,18736522,0.0,0.0
2021-11-30,143.35000610351562,147.75,141.10000610351562,142.10000610351562,109.07485961914062,22980651,0.0,0.0
2021-12-01,142.39999389648438,143.64999389648438,139.64999389648438,142.25,109.18999481201172,14278744,0.0,0.0
2021-12-02,140.5,144.64999389648438,140.39999389648438,144.0,110.53326416015624,8561767,0.0,0.0
2021-12-03,144.0,146.85000610351562,143.14999389648438,145.89999389648438,111.99168395996094,10690334,0.0,0.0
2021-12-06,145.8000030517578,145.85000610351562,142.75,143.35000610351562,110.03435516357422,7749262,0.0,0.0
2021-12-07,145.0,146.25,144.5,145.89999389648438,111.99168395996094,10253663,0.0,0.0
2021-12-08,147.0,150.35000610351562,146.8000030517578,148.39999389648438,113.9106674194336,12266948,0.0,0.0
2021-12-09,149.5,149.89999389648438,146.35000610351562,147.35000610351562,113.104736328125,7989291,0.0,0.0
2021-12-10,146.25,148.0,145.5500030517578,147.5500030517578,113.25822448730467,10324085,0.0,0.0
2021-12-13,148.9499969482422,150.5,145.35000610351562,145.9499969482422,112.03009033203124,13595587,0.0,0.0
2021-12-14,144.25,147.4499969482422,143.9499969482422,146.89999389648438,112.75927734375,12331999,0.0,0.0
2021-12-15,146.3000030517578,147.6999969482422,143.60000610351562,143.9499969482422,110.4948959350586,10361033,0.0,0.0
2021-12-16,145.3000030517578,146.25,144.5500030517578,145.35000610351562,111.56954193115234,12156709,0.0,0.0
2021-12-17,144.1999969482422,145.10000610351562,138.5,139.39999389648438,107.00234985351562,17667617,0.0,0.0
2021-12-20,137.5,137.64999389648438,131.64999389648438,134.0,102.85736846923828,17238729,0.0,0.0
2021-12-21,135.0500030517578,136.85000610351562,133.8000030517578,136.0500030517578,104.4309310913086,8615570,0.0,0.0
2021-12-22,137.39999389648438,137.9499969482422,135.3000030517578,136.8000030517578,105.0066146850586,4968143,0.0,0.0
2021-12-23,138.5,141.0,137.14999389648438,140.5,107.84671020507812,6324169,0.0,0.0
2021-12-24,141.5500030517578,141.60000610351562,137.1999969482422,138.5,106.31151580810548,5657495,0.0,0.0
2021-12-27,136.5500030517578,138.0500030517578,136.0,137.35000610351562,105.42880249023438,4404298,0.0,0.0
2021-12-28,139.14999389648438,140.5,138.5,139.5,107.0791015625,8738089,0.0,0.0
2021-12-29,140.1999969482422,140.85000610351562,137.4499969482422,138.89999389648438,106.61856079101562,6571286,0.0,0.0
2021-12-30,138.75,141.1999969482422,138.5,140.5,107.84671020507812,11556524,0.0,0.0
2021-12-31,140.4499969482422,142.9499969482422,139.4499969482422,142.39999389648438,109.3051300048828,6393760,0.0,0.0
2022-01-03,142.35000610351562,143.4499969482422,141.1999969482422,143.0500030517578,109.80408477783205,3765911,0.0,0.0
2022-01-04,143.10000610351562,148.60000610351562,143.10000610351562,147.8000030517578,113.45013427734376,16351836,0.0,0.0
2022-01-05,148.5,151.10000610351562,147.39999389648438,150.35000610351562,115.4075164794922,12977680,0.0,0.0
2022-01-06,150.60000610351562,151.39999389648438,148.35000610351562,150.8000030517578,115.75289916992188,9012777,0.0,0.0
2022-01-07,151.5,157.5,151.35000610351562,157.0500030517578,120.55034637451172,30889365,0.0,0.0
2022-01-10,158.25,159.39999389648438,156.39999389648438,158.35000610351562,121.54822540283205,16418985,0.0,0.0
2022-01-11,158.8000030517578,161.64999389648438,157.60000610351562,160.9499969482422,123.5439453125,14457548,0.0,0.0
2022-01-12,162.6999969482422,165.6999969482422,161.39999389648438,164.9499969482422,126.61434936523438,21220614,0.0,0.0
2022-01-13,164.9499969482422,165.5,163.0500030517578,163.9499969482422,125.84673309326172,7445346,0.0,0.0
2022-01-14,162.9499969482422,163.3000030517578,160.1999969482422,161.0500030517578,123.62073516845705,11646259,0.0,0.0
2022-01-17,162.5,168.1999969482422,162.3000030517578,165.85000610351562,127.30516815185548,32577835,0.0,0.0
2022-01-18,168.3000030517578,168.39999389648438,163.39999389648438,163.85000610351562,125.77000427246094,11175409,0.0,0.0
2022-01-19,165.3000030517578,171.0,164.89999389648438,170.25,130.68255615234375,36648534,0.0,0.0
2022-01-20,170.89999389648438,170.89999389648438,166.5,166.85000610351562,128.07276916503906,14474454,0.0,0.0
2022-01-21,165.3000030517578,166.39999389648438,162.3000030517578,163.64999389648438,125.61647033691406,8625926,0.0,0.0
2022-01-24,165.1999969482422,168.3000030517578,163.75,165.6999969482422,127.1900405883789,28783449,0.0,0.0
2022-01-25,163.0,166.6999969482422,163.0,165.14999389648438,126.76785278320312,14249846,0.0,0.0
2022-01-27,165.10000610351562,168.75,164.5,165.6999969482422,127.1900405883789,25936832,0.0,0.0
2022-01-28,167.5500030517578,174.6999969482422,166.25,168.8000030517578,129.56956481933594,32790065,0.0,0.0
2022-01-31,171.60000610351562,174.85000610351562,169.5500030517578,172.60000610351562,132.48643493652344,24031034,0.0,0.0
2022-02-01,174.0,174.89999389648438,168.5,170.9499969482422,131.21990966796875,14220953,0.0,0.0
2022-02-02,170.5500030517578,174.0500030517578,170.5,171.3000030517578,131.48855590820312,12478192,0.0,0.0
2022-02-03,170.0,171.25,166.0,167.5,128.5717010498047,12529302,0.0,0.0
2022-02-04,170.0,172.6999969482422,169.0500030517578,169.60000610351562,130.18365478515625,17434362,0.0,0.0
2022-02-07,170.6999969482422,173.3000030517578,169.1999969482422,172.10000610351562,132.10263061523438,11723574,0.0,0.0
2022-02-08,172.0,173.0,166.5,166.9499969482422,128.1495361328125,13231599,0.0,0.0
2022-02-09,167.89999389648438,169.60000610351562,163.10000610351562,163.9499969482422,125.84673309326172,17938632,0.0,0.0
2022-02-10,165.85000610351562,170.39999389648438,165.14999389648438,169.10000610351562,129.7998504638672,26763203,0.0,0.0
2022-02-11,167.9499969482422,170.5,167.10000610351562,168.14999389648438,129.07061767578125,12884995,0.0,0.0
2022-02-14,168.89999389648438,176.35000610351562,165.1999969482422,166.1999969482422,127.57382202148438,44604164,0.0,0.0
2022-02-15,170.0,170.0,156.39999389648438,164.14999389648438,126.0002670288086,31146458,0.0,0.0
2022-02-16,164.5,168.89999389648438,164.5,168.5500030517578,129.3776397705078,15960268,0.0,0.0
2022-02-17,168.5500030517578,172.39999389648438,168.5,171.75,131.83396911621094,24640791,0.0,0.0
2022-02-18,171.1999969482422,171.75,166.6999969482422,167.89999389648438,128.8787384033203,11829998,0.0,0.0
2022-02-21,167.39999389648438,167.5500030517578,163.0500030517578,163.39999389648438,126.74559020996094,14222260,1.75,0.0
2022-02-22,166.5,166.5,163.25,164.9499969482422,127.94791412353516,29399172,0.0,0.0
2022-02-23,166.25,166.39999389648438,159.64999389648438,160.75,124.69007110595705,21301826,0.0,0.0
2022-02-24,160.75,162.39999389648438,156.0,156.64999389648438,121.50980377197266,28766189,0.0,0.0
2022-02-25,159.39999389648438,160.39999389648438,156.8000030517578,159.5,123.7204818725586,20225258,0.0,0.0
2022-02-28,160.5,161.85000610351562,155.8000030517578,160.64999389648438,124.6125030517578,20210070,0.0,0.0
2022-03-02,165.64999389648438,168.35000610351562,161.89999389648438,162.9499969482422,126.39656829833984,41103406,0.0,0.0
2022-03-03,168.3000030517578,171.8000030517578,162.89999389648438,170.3000030517578,132.09779357910156,42345653,0.0,0.0
2022-03-04,170.10000610351562,171.0,163.85000610351562,165.25,128.18064880371094,32658756,0.0,0.0
2022-03-07,167.10000610351562,189.8000030517578,167.10000610351562,186.9499969482422,145.01280212402344,132538155,0.0,0.0
2022-03-08,190.0,194.9499969482422,177.8000030517578,179.10000610351562,138.92376708984375,73127816,0.0,0.0
2022-03-09,183.0,183.8000030517578,173.85000610351562,175.39999389648438,136.05374145507812,51977091,0.0,0.0
2022-03-10,168.25,176.89999389648438,165.0,174.35000610351562,135.2393035888672,62112814,0.0,0.0
2022-03-11,172.5,176.39999389648438,171.6999969482422,175.6999969482422,136.28646850585938,26187452,0.0,0.0
2022-03-14,174.0,175.5,170.60000610351562,171.8000030517578,133.2613067626953,20214021,0.0,0.0
2022-03-15,168.3000030517578,169.5,161.64999389648438,163.75,127.01709747314452,42333127,0.0,0.0
2022-03-16,166.0,167.85000610351562,161.85000610351562,167.3000030517578,129.770751953125,25545119,0.0,0.0
2022-03-17,166.60000610351562,171.5,164.60000610351562,170.3000030517578,132.09779357910156,66314748,0.0,0.0
2022-03-21,171.6999969482422,175.0,170.3000030517578,172.5500030517578,133.8430938720703,20614652,0.0,0.0
2022-03-22,176.1999969482422,181.25,173.8000030517578,175.4499969482422,136.092529296875,39742745,0.0,0.0
2022-03-23,176.5,177.6999969482422,174.85000610351562,175.60000610351562,136.20887756347656,10994784,0.0,0.0
2022-03-24,178.89999389648438,180.3999938964844,176.5,177.4499969482422,137.64385986328125,20332589,0.0,0.0
2022-03-25,178.5,179.25,175.10000610351562,175.8000030517578,136.364013671875,13608989,0.0,0.0
2022-03-28,175.5,177.89999389648438,174.64999389648438,176.35000610351562,136.79063415527344,15253027,0.0,0.0
2022-03-29,174.9499969482422,175.1999969482422,170.5500030517578,171.0,132.6407928466797,14210783,0.0,0.0
2022-03-30,163.0,164.85000610351562,161.14999389648438,162.0,125.65967559814452,95239532,0.0,0.0
2022-03-31,161.85000610351562,165.25,161.14999389648438,163.89999389648438,127.1334228515625,33523683,0.0,0.0
2022-04-01,163.89999389648438,168.25,163.5500030517578,167.9499969482422,130.2749481201172,28335224,0.0,0.0
2022-04-04,166.9499969482422,169.0500030517578,165.35000610351562,168.0500030517578,130.35252380371094,17745513,0.0,0.0
2022-04-05,170.25,172.75,169.3000030517578,171.85000610351562,133.30010986328125,20054934,0.0,0.0
2022-04-06,170.60000610351562,173.5,170.3000030517578,172.8000030517578,134.03700256347656,12969222,0.0,0.0
2022-04-07,170.60000610351562,173.8000030517578,168.1999969482422,168.85000610351562,130.9730682373047,24550313,0.0,0.0
2022-04-08,169.0,171.3000030517578,168.6999969482422,170.89999389648438,132.5631866455078,9529874,0.0,0.0
2022-04-11,171.0,172.75,169.5500030517578,171.1999969482422,132.7958984375,9724979,0.0,0.0
2022-04-12,171.0,172.1999969482422,168.1999969482422,168.89999389648438,131.0118408203125,13184429,0.0,0.0
2022-04-13,171.39999389648438,174.85000610351562,170.6999969482422,174.25,135.16171264648438,23458303,0.0,0.0
2022-04-18,176.0,179.0,175.10000610351562,175.8000030517578,136.364013671875,23916912,0.0,0.0
2022-04-19,177.3000030517578,179.8000030517578,176.0,177.14999389648438,137.4111785888672,17880666,0.0,0.0
2022-04-20,176.89999389648438,177.35000610351562,174.8000030517578,175.5,136.13133239746094,10076403,0.0,0.0
2022-04-21,175.6999969482422,176.6999969482422,173.89999389648438,174.14999389648438,135.08413696289062,12246720,0.0,0.0
2022-04-22,174.14999389648438,176.3000030517578,173.6999969482422,174.0,134.96780395507812,10267952,0.0,0.0
2022-04-25,171.0,173.0,168.3000030517578,169.64999389648438,131.59361267089844,12583497,0.0,0.0
2022-04-26,171.10000610351562,171.6999969482422,165.6999969482422,166.9499969482422,129.499267578125,20086229,0.0,0.0
2022-04-27,167.9499969482422,168.89999389648438,163.35000610351562,164.85000610351562,127.87036895751952,13981957,0.0,0.0
2022-04-28,166.0,166.0,162.4499969482422,164.8000030517578,127.83158111572266,13030499,0.0,0.0
2022-04-29,166.5,167.4499969482422,159.5,160.4499969482422,124.45736694335938,15964743,0.0,0.0
2022-05-02,158.14999389648438,159.25,155.89999389648438,156.35000610351562,121.27710723876952,23405519,0.0,0.0
2022-05-04,159.0,162.8000030517578,157.9499969482422,162.25,125.85359191894533,23661920,0.0,0.0
2022-05-05,164.1999969482422,168.39999389648438,163.39999389648438,164.85000610351562,127.87036895751952,26878516,0.0,0.0
2022-05-06,163.89999389648438,167.39999389648438,161.10000610351562,166.9499969482422,129.499267578125,16768573,0.0,0.0
2022-05-09,165.25,167.3000030517578,162.75,164.75,127.79279327392578,9952775,0.0,0.0
2022-05-10,160.4499969482422,161.64999389648438,152.89999389648438,154.4499969482422,119.80329132080078,22602956,0.0,0.0
2022-05-11,154.0,160.0,153.75,158.60000610351562,123.02237701416016,15084514,0.0,0.0
2022-05-12,159.0,161.0,154.0,156.5,121.39344787597656,21459069,0.0,0.0
2022-05-13,160.0,160.3000030517578,152.9499969482422,153.5500030517578,119.10519409179688,12934346,0.0,0.0
2022-05-16,154.1999969482422,156.25,151.8000030517578,153.5,119.06641387939452,13205775,0.0,0.0
2022-05-17,156.0,163.6999969482422,155.5500030517578,163.14999389648438,126.55168914794922,17843200,0.0,0.0
2022-05-18,162.0,164.5,160.1999969482422,163.1999969482422,126.59050750732422,12616832,0.0,0.0
2022-05-19,158.5500030517578,162.0500030517578,157.8000030517578,160.0,124.10833740234376,8932407,0.0,0.0
2022-05-20,161.64999389648438,163.8000030517578,160.10000610351562,161.89999389648438,125.58209991455078,7235654,0.0,0.0
2022-05-23,161.75,164.1999969482422,154.64999389648438,155.10000610351562,120.30750274658205,18029557,0.0,0.0
2022-05-24,157.39999389648438,157.75,150.14999389648438,150.64999389648438,116.85572814941406,19141394,0.0,0.0
2022-05-25,152.89999389648438,153.25,147.60000610351562,152.60000610351562,118.3683090209961,19366472,0.0,0.0
2022-05-26,152.8000030517578,153.3000030517578,148.10000610351562,151.89999389648438,117.82533264160156,12824105,0.0,0.0
2022-05-27,155.0,155.5,141.10000610351562,143.8000030517578,111.54235076904295,52469252,0.0,0.0
2022-05-30,145.64999389648438,147.3000030517578,141.14999389648438,144.0500030517578,111.73628997802734,40261336,0.0,0.0
2022-05-31,145.39999389648438,153.0,145.39999389648438,151.25,117.32115173339844,57675204,0.0,0.0
2022-06-01,151.1999969482422,152.89999389648438,148.75,149.75,116.15760803222656,22780094,0.0,0.0
2022-06-02,147.8000030517578,152.89999389648438,146.0,152.4499969482422,118.251953125,25429955,0.0,0.0
2022-06-03,153.9499969482422,154.1999969482422,151.14999389648438,151.60000610351562,117.5926284790039,16747177,0.0,0.0
2022-06-06,153.10000610351562,156.0,152.8000030517578,153.9499969482422,119.41547393798828,30327268,0.0,0.0
2022-06-07,154.8000030517578,162.9499969482422,154.1999969482422,161.85000610351562,125.54332733154295,61411715,0.0,0.0
2022-06-08,163.5,166.39999389648438,162.10000610351562,163.39999389648438,126.74559020996094,45994327,0.0,0.0
2022-06-09,166.0,167.35000610351562,164.5,165.5500030517578,128.41331481933594,31122996,0.0,0.0
2022-06-10,164.0,166.64999389648438,163.35000610351562,164.64999389648438,127.7152099609375,17812698,0.0,0.0
2022-06-13,162.0,163.9499969482422,158.4499969482422,159.5500030517578,123.75928497314452,12237777,0.0,0.0
2022-06-14,159.5500030517578,160.5500030517578,155.3000030517578,155.9499969482422,120.96682739257812,12844437,0.0,0.0
2022-06-15,156.9499969482422,157.25,150.8000030517578,151.39999389648438,117.43748474121094,16223385,0.0,0.0
2022-06-16,149.14999389648438,151.5500030517578,142.60000610351562,143.5500030517578,111.3484344482422,25130676,0.0,0.0
2022-06-17,142.4499969482422,145.14999389648438,140.64999389648438,141.4499969482422,109.71949768066406,22922034,0.0,0.0
2022-06-20,138.60000610351562,138.89999389648438,130.0,134.39999389648438,104.25099182128906,28656582,0.0,0.0
2022-06-21,136.10000610351562,140.1999969482422,135.0,139.10000610351562,107.89666748046876,20581784,0.0,0.0
2022-06-22,136.9499969482422,136.9499969482422,131.0,134.85000610351562,104.6000518798828,31824106,0.0,0.0
2022-06-23,134.0,136.39999389648438,132.1999969482422,134.8000030517578,104.5612564086914,26829020,0.0,0.0
2022-06-24,137.0,141.0,135.1999969482422,137.35000610351562,106.53925323486328,25461812,0.0,0.0
2022-06-27,140.0,142.60000610351562,137.25,141.5,109.75830078125,24188349,0.0,0.0
2022-06-28,142.8000030517578,151.75,142.14999389648438,149.35000610351562,115.8473663330078,54387675,0.0,0.0
2022-06-29,149.35000610351562,157.39999389648438,146.1999969482422,154.14999389648438,119.57061767578124,165860322,0.0,0.0
2022-06-30,153.0,154.4499969482422,149.25,151.5500030517578,117.55386352539062,38725546,0.0,0.0
2022-07-01,148.9499969482422,151.14999389648438,130.0,131.0500030517578,101.65248107910156,125788305,0.0,0.0
2022-07-04,129.9499969482422,129.9499969482422,124.0999984741211,126.0,97.73529815673828,85993413,0.0,0.0
2022-07-05,127.0,128.60000610351562,126.0,127.4000015258789,98.8212432861328,44595740,0.0,0.0
2022-07-06,123.0,123.5,119.8499984741211,120.9499969482422,93.8181381225586,59092334,0.0,0.0
2022-07-07,121.25,124.1500015258789,121.25,123.5,95.7961196899414,36229792,0.0,0.0
2022-07-08,126.3499984741211,126.3499984741211,121.0,121.5,94.24476623535156,42778692,0.0,0.0
2022-07-11,121.5,125.9000015258789,121.0500030517578,125.5,97.34748077392578,31521678,0.0,0.0
2022-07-12,124.9000015258789,126.75,123.5,124.0999984741211,96.2615203857422,25216226,0.0,0.0
2022-07-13,122.4499969482422,124.9000015258789,121.4000015258789,124.4499969482422,96.53298950195312,27166975,0.0,0.0
2022-07-14,124.4000015258789,132.60000610351562,123.8000030517578,127.1500015258789,98.62732696533205,38464081,0.0,0.0
2022-07-15,127.5999984741211,128.39999389648438,124.5999984741211,126.5500030517578,98.16191864013672,18088858,0.0,0.0
2022-07-18,127.0500030517578,130.6999969482422,126.9499969482422,129.89999389648438,100.76044464111328,21010247,0.0,0.0
2022-07-19,130.5,133.1999969482422,124.4499969482422,127.9000015258789,99.20909118652344,33778758,0.0,0.0
2022-07-20,135.0,136.60000610351562,132.1999969482422,132.5500030517578,102.81600189208984,60317150,0.0,0.0
2022-07-21,133.0,133.5,131.8000030517578,133.10000610351562,103.2426300048828,20853780,0.0,0.0
2022-07-22,133.8000030517578,133.8000030517578,131.5500030517578,132.4499969482422,102.7384262084961,11630255,0.0,0.0
2022-07-25,132.0,132.4499969482422,128.39999389648438,129.8000030517578,100.68287658691406,21705935,0.0,0.0
2022-07-26,130.85000610351562,131.60000610351562,127.75,128.1999969482422,99.44178009033205,22172845,0.0,0.0
2022-07-27,129.10000610351562,130.1999969482422,127.8000030517578,128.60000610351562,99.75206756591795,20187969,0.0,0.0
2022-07-28,130.39999389648438,130.5,128.25,130.25,101.0319366455078,25736737,0.0,0.0
2022-07-29,130.4499969482422,134.5,129.89999389648438,134.14999389648438,104.05706024169922,19738642,0.0,0.0
2022-08-01,134.10000610351562,139.0,133.1999969482422,138.39999389648438,107.35369873046876,20592826,0.0,0.0
2022-08-02,136.6999969482422,137.0500030517578,134.60000610351562,136.6999969482422,106.0350570678711,15037928,0.0,0.0
2022-08-03,136.0,138.4499969482422,133.8000030517578,135.64999389648438,105.22057342529295,15853543,0.0,0.0
2022-08-04,134.35000610351562,137.14999389648438,134.0,136.25,105.68599700927734,14311959,0.0,0.0
2022-08-05,135.10000610351562,138.5,133.60000610351562,136.5,105.8799057006836,66480753,0.0,0.0
2022-08-08,136.3000030517578,137.5,135.0500030517578,136.5,105.8799057006836,12451233,0.0,0.0
2022-08-10,136.39999389648438,136.75,133.4499969482422,133.8000030517578,103.78559112548828,15829467,0.0,0.0
2022-08-11,134.5,136.0,132.0500030517578,132.8000030517578,103.00989532470705,19479706,0.0,0.0
2022-08-12,133.89999389648438,139.6999969482422,133.5,139.1999969482422,107.97423553466795,40876891,0.0,0.0
2022-08-16,139.5,141.89999389648438,136.10000610351562,139.9499969482422,108.55599212646484,31230003,0.0,0.0
2022-08-17,139.9499969482422,140.8000030517578,138.6999969482422,139.64999389648438,108.3232879638672,15694770,0.0,0.0
2022-08-18,138.25,138.3000030517578,134.6999969482422,135.5500030517578,107.64825439453124,42597708,3.25,0.0
2022-08-19,137.5,138.5,134.0500030517578,134.60000610351562,106.89380645751952,35382493,0.0,0.0
2022-08-22,134.5,134.5,129.8000030517578,131.89999389648438,104.74957275390624,31231393,0.0,0.0
2022-08-23,131.89999389648438,134.1999969482422,130.10000610351562,133.75,106.21876525878906,24268146,0.0,0.0
2022-08-24,134.6999969482422,137.39999389648438,134.5,136.0,108.00563049316406,22730039,0.0,0.0
2022-08-25,137.0,138.14999389648438,136.14999389648438,136.5500030517578,108.4424057006836,14620592,0.0,0.0
2022-08-26,136.5,138.25,136.10000610351562,136.64999389648438,108.52181243896484,12105053,0.0,0.0
2022-08-29,134.1999969482422,136.60000610351562,133.75,135.89999389648438,107.92620086669922,9198908,0.0,0.0
2022-08-30,137.89999389648438,139.85000610351562,137.5500030517578,138.60000610351562,110.07044219970705,21720398,0.0,0.0
2022-09-01,135.0,136.25,134.14999389648438,134.6999969482422,106.97323608398438,20349294,0.0,0.0
2022-09-02,134.6999969482422,135.75,132.3000030517578,132.75,105.42461395263672,17495310,0.0,0.0
2022-09-05,132.89999389648438,133.89999389648438,132.64999389648438,133.39999389648438,105.9407958984375,14865879,0.0,0.0
2022-09-06,134.10000610351562,134.14999389648438,131.6999969482422,132.10000610351562,104.90841674804688,10870488,0.0,0.0
2022-09-07,131.0,132.9499969482422,130.0500030517578,132.5,105.22606658935548,12042788,0.0,0.0
2022-09-08,131.64999389648438,134.14999389648438,131.5,131.85000610351562,104.70987701416016,14629497,0.0,0.0
2022-09-09,132.5,134.1999969482422,131.9499969482422,134.0,106.41731262207033,12327341,0.0,0.0
2022-09-12,135.0,135.39999389648438,133.60000610351562,134.0,106.41731262207033,13500202,0.0,0.0
2022-09-13,134.1999969482422,135.14999389648438,133.5,133.89999389648438,106.337890625,10846178,0.0,0.0
2022-09-14,132.4499969482422,134.10000610351562,132.0,133.1999969482422,105.781982421875,8597956,0.0,0.0
2022-09-15,133.60000610351562,134.39999389648438,132.0,132.60000610351562,105.30550384521484,10810473,0.0,0.0
2022-09-16,131.10000610351562,132.0,130.0,131.25,104.2333755493164,20909579,0.0,0.0
2022-09-19,132.10000610351562,134.35000610351562,129.6999969482422,130.5500030517578,103.6774673461914,19411428,0.0,0.0
2022-09-20,131.39999389648438,133.60000610351562,131.3000030517578,133.1999969482422,105.781982421875,13080582,0.0,0.0
2022-09-21,132.1999969482422,133.1999969482422,130.0500030517578,130.89999389648438,103.9554214477539,11156865,0.0,0.0
2022-09-22,130.39999389648438,130.85000610351562,128.10000610351562,128.64999389648438,102.16854858398438,11366882,0.0,0.0
2022-09-23,128.25,129.10000610351562,127.5,128.60000610351562,102.12885284423828,10407849,0.0,0.0
2022-09-26,127.3000030517578,128.8000030517578,122.6500015258789,123.4499969482422,98.03892517089844,12848954,0.0,0.0
2022-09-27,124.3499984741211,127.9000015258789,123.8499984741211,124.4499969482422,98.83309173583984,14465123,0.0,0.0
2022-09-28,123.9499969482422,123.9499969482422,121.5,122.5500030517578,97.3241958618164,15267018,0.0,0.0
2022-09-29,123.5,128.1999969482422,123.5,126.6500015258789,100.58023834228516,20597761,0.0,0.0
2022-09-30,125.5,132.39999389648438,125.5,126.8000030517578,100.69937133789062,33530494,0.0,0.0
2022-10-03,131.6999969482422,135.0,130.60000610351562,132.39999389648438,105.14665222167967,50966493,0.0,0.0
2022-10-04,134.89999389648438,135.0,131.8000030517578,133.89999389648438,106.337890625,14137567,0.0,0.0
2022-10-06,136.5,136.5500030517578,132.39999389648438,132.64999389648438,105.34518432617188,14570735,0.0,0.0
2022-10-07,132.0500030517578,134.25,131.1999969482422,134.0500030517578,106.4570083618164,13532236,0.0,0.0
2022-10-10,133.0,134.0,132.1999969482422,133.25,105.82170104980467,10183057,0.0,0.0
2022-10-11,133.25,133.5,130.25,131.10000610351562,104.11426544189452,13176461,0.0,0.0
2022-10-12,131.10000610351562,132.0,129.10000610351562,131.35000610351562,104.31280517578124,9401804,0.0,0.0
2022-10-13,131.1999969482422,131.85000610351562,127.6500015258789,129.85000610351562,103.12156677246094,13320136,0.0,0.0
2022-10-14,132.0,132.8000030517578,127.0500030517578,127.5999984741211,101.33467864990234,13205955,0.0,0.0
2022-10-17,127.0,128.1999969482422,126.0,127.8000030517578,101.4935302734375,9320940,0.0,0.0
2022-10-18,128.4499969482422,129.10000610351562,127.5999984741211,128.6999969482422,102.20825958251952,6490293,0.0,0.0
2022-10-19,128.6999969482422,128.6999969482422,127.4000015258789,127.8000030517578,101.4935302734375,7381712,0.0,0.0
2022-10-20,127.0,131.0,125.8000030517578,129.60000610351562,102.92300415039062,18748363,0.0,0.0
2022-10-21,129.35000610351562,133.39999389648438,128.75,131.5500030517578,104.47162628173828,11945173,0.0,0.0
2022-10-24,133.0,134.0,132.39999389648438,132.8000030517578,105.46430206298828,2154912,0.0,0.0
2022-10-25,132.4499969482422,132.89999389648438,129.85000610351562,130.75,103.83629608154295,10232002,0.0,0.0
2022-10-27,130.75,132.1999969482422,130.3000030517578,131.8000030517578,104.67015838623048,13865026,0.0,0.0
2022-10-28,132.10000610351562,135.60000610351562,131.8000030517578,133.6999969482422,106.17906188964844,22918037,0.0,0.0
2022-10-31,134.39999389648438,135.1999969482422,132.8000030517578,134.0500030517578,106.4570083618164,8753855,0.0,0.0
2022-11-01,134.10000610351562,135.6999969482422,134.10000610351562,135.14999389648438,107.33057403564452,11630848,0.0,0.0
2022-11-02,135.85000610351562,139.1999969482422,135.35000610351562,136.4499969482422,108.36299896240234,21117499,0.0,0.0
2022-11-03,136.39999389648438,136.6999969482422,135.25,136.39999389648438,108.3232879638672,7561534,0.0,0.0
2022-11-04,136.39999389648438,138.39999389648438,136.0500030517578,137.85000610351562,109.47482299804688,7498344,0.0,0.0
2022-11-07,138.5500030517578,139.0,136.75,138.5500030517578,110.03075408935548,9987481,0.0,0.0
2022-11-09,138.9499969482422,139.0,137.0,138.64999389648438,110.1101531982422,12033732,0.0,0.0
2022-11-10,137.5,140.85000610351562,137.39999389648438,139.85000610351562,111.06314086914062,15908521,0.0,0.0
2022-11-11,140.60000610351562,141.3000030517578,139.1999969482422,140.4499969482422,111.53963470458984,18492513,0.0,0.0
2022-11-14,140.60000610351562,141.0,138.60000610351562,139.25,110.58663177490234,12743505,0.0,0.0
2022-11-15,140.0,143.35000610351562,140.0,142.35000610351562,113.04852294921876,24636519,0.0,0.0
2022-11-16,142.8000030517578,143.3000030517578,141.1999969482422,142.89999389648438,113.48529815673828,11460200,0.0,0.0
2022-11-17,141.9499969482422,143.8000030517578,141.6999969482422,143.1999969482422,113.72356414794922,13368536,0.0,0.0
2022-11-18,143.14999389648438,143.25,140.1999969482422,141.75,112.5720443725586,19958908,0.0,0.0
2022-11-21,136.0,136.35000610351562,134.39999389648438,135.4499969482422,112.94727325439452,16348881,6.75,0.0
2022-11-22,134.9499969482422,135.89999389648438,132.89999389648438,135.1999969482422,112.7388153076172,11198874,0.0,0.0
2022-11-23,135.5500030517578,136.64999389648438,134.5500030517578,136.5,113.82283020019533,9010911,0.0,0.0
2022-11-24,136.5,140.0,135.5,139.4499969482422,116.28274536132812,11803087,0.0,0.0
2022-11-25,139.0,141.3000030517578,137.75,140.5500030517578,117.20000457763672,9789098,0.0,0.0
2022-11-28,139.5,141.1999969482422,139.0500030517578,139.60000610351562,116.4078369140625,8925344,0.0,0.0
2022-11-29,140.0500030517578,141.10000610351562,139.5,140.25,116.94983673095705,13558920,0.0,0.0
2022-11-30,139.60000610351562,141.8000030517578,139.60000610351562,141.10000610351562,117.65865325927734,17720938,0.0,0.0
2022-12-01,141.4499969482422,142.0,139.8000030517578,140.0500030517578,116.78307342529295,27727625,0.0,0.0
2022-12-02,141.85000610351562,144.8000030517578,140.5500030517578,140.89999389648438,117.49185180664062,24518337,0.0,0.0
2022-12-05,141.5,143.9499969482422,140.60000610351562,143.75,119.86837005615234,18440387,0.0,0.0
2022-12-06,142.85000610351562,143.14999389648438,141.14999389648438,142.4499969482422,118.78433227539062,10977472,0.0,0.0
2022-12-07,140.8000030517578,141.75,140.10000610351562,140.64999389648438,117.28339385986328,9731670,0.0,0.0
2022-12-08,141.25,143.0,140.35000610351562,142.64999389648438,118.95111083984376,10150945,0.0,0.0
2022-12-09,142.5,142.9499969482422,140.3000030517578,140.6999969482422,117.32508087158205,9438307,0.0,0.0
2022-12-12,140.0,142.5,139.1999969482422,142.35000610351562,118.7009506225586,8946335,0.0,0.0
2022-12-13,143.0500030517578,144.64999389648438,142.5500030517578,144.35000610351562,120.36870574951172,12593054,0.0,0.0
2022-12-14,144.35000610351562,148.60000610351562,144.10000610351562,147.60000610351562,123.07876586914062,17692988,0.0,0.0
2022-12-15,147.64999389648438,148.85000610351562,146.64999389648438,147.4499969482422,122.95368194580078,11426194,0.0,0.0
2022-12-16,148.35000610351562,150.5,147.0,147.1999969482422,122.74522399902344,20540447,0.0,0.0
2022-12-19,147.0500030517578,147.5500030517578,145.0,145.8000030517578,121.57781219482422,10635055,0.0,0.0
2022-12-20,145.5,146.1999969482422,143.10000610351562,145.85000610351562,121.61952209472656,6714207,0.0,0.0
2022-12-21,146.5,146.8000030517578,142.6999969482422,143.5,119.65992736816406,10011408,0.0,0.0
2022-12-22,145.0,145.14999389648438,141.5500030517578,142.25,118.6175765991211,9123323,0.0,0.0
2022-12-23,140.60000610351562,143.5,139.3000030517578,139.8000030517578,116.57459259033205,8007752,0.0,0.0
2022-12-26,140.5,142.85000610351562,139.5,141.3000030517578,117.82540893554688,7150680,0.0,0.0
2022-12-27,142.10000610351562,145.39999389648438,142.10000610351562,144.8000030517578,120.74394989013672,8765357,0.0,0.0
2022-12-28,143.4499969482422,144.64999389648438,142.6999969482422,143.89999389648438,119.99346923828124,9534858,0.0,0.0
2022-12-29,142.75,146.0,142.5,144.64999389648438,120.61886596679688,36752195,0.0,0.0
2022-12-30,145.4499969482422,148.75,144.5500030517578,146.75,122.3699722290039,9644998,0.0,0.0
2023-01-02,147.3000030517578,150.8000030517578,147.25,150.4499969482422,125.4552764892578,9631496,0.0,0.0
2023-01-03,149.6999969482422,150.60000610351562,148.0,149.5500030517578,124.7048110961914,14991139,0.0,0.0
2023-01-04,148.8000030517578,148.85000610351562,145.0,146.25,121.95304107666016,13535874,0.0,0.0
2023-01-05,145.85000610351562,147.0,144.14999389648438,146.5,122.16151428222656,16320559,0.0,0.0
2023-01-06,146.6999969482422,148.10000610351562,146.3000030517578,147.35000610351562,122.87030029296876,16804116,0.0,0.0
2023-01-09,149.3000030517578,150.1999969482422,147.8000030517578,148.14999389648438,123.53739166259766,18660445,0.0,0.0
2023-01-10,148.60000610351562,150.3000030517578,148.60000610351562,149.35000610351562,124.53805541992188,18490715,0.0,0.0
2023-01-11,149.5,150.0,146.25,146.8000030517578,122.41168975830078,12538238,0.0,0.0
2023-01-12,147.6999969482422,148.25,145.75,146.14999389648438,121.86968231201172,13270422,0.0,0.0
2023-01-13,146.39999389648438,147.5,145.89999389648438,146.9499969482422,122.5367431640625,8854484,0.0,0.0
2023-01-16,147.6999969482422,147.8000030517578,146.0,147.60000610351562,123.07876586914062,9696320,0.0,0.0
2023-01-17,148.3000030517578,149.0,146.64999389648438,147.85000610351562,123.2872314453125,18484595,0.0,0.0
2023-01-18,148.25,149.75,148.1999969482422,149.25,124.45464324951172,12139643,0.0,0.0
2023-01-19,148.0500030517578,152.10000610351562,148.0500030517578,151.75,126.53931427001952,18437610,0.0,0.0
2023-01-20,152.0,152.5,150.5500030517578,151.60000610351562,126.41424560546876,17512691,0.0,0.0
2023-01-23,152.5500030517578,153.10000610351562,151.35000610351562,152.35000610351562,127.0396499633789,16742252,0.0,0.0
2023-01-24,152.35000610351562,153.1999969482422,151.60000610351562,152.14999389648438,126.87287139892578,8276792,0.0,0.0
2023-01-25,151.25,153.39999389648438,151.14999389648438,152.4499969482422,127.12301635742188,9827342,0.0,0.0
2023-01-27,152.4499969482422,154.14999389648438,146.60000610351562,147.64999389648438,123.1204605102539,13052535,0.0,0.0
2023-01-30,147.5,148.85000610351562,143.25,144.89999389648438,120.82731628417967,12688399,0.0,0.0
2023-01-31,145.14999389648438,147.89999389648438,144.25,144.89999389648438,120.82731628417967,19050398,0.0,0.0
2023-02-01,145.8000030517578,146.0,142.35000610351562,144.25,120.28528594970705,11526089,0.0,0.0
2023-02-02,143.0,145.0,140.64999389648438,143.4499969482422,119.6182098388672,11886667,0.0,0.0
2023-02-03,143.5,145.35000610351562,140.10000610351562,144.3000030517578,120.32701873779295,9250428,0.0,0.0
2023-02-06,141.6999969482422,144.1999969482422,141.60000610351562,143.5,119.65992736816406,6436143,0.0,0.0
2023-02-07,143.89999389648438,144.9499969482422,142.1999969482422,144.64999389648438,120.61886596679688,8681511,0.0,0.0
2023-02-08,145.39999389648438,145.89999389648438,143.14999389648438,143.89999389648438,119.99346923828124,10325869,0.0,0.0
2023-02-09,144.64999389648438,146.39999389648438,143.1999969482422,146.1999969482422,121.91133880615234,8078404,0.0,0.0
2023-02-10,146.14999389648438,147.0,144.8000030517578,146.6999969482422,122.32830047607422,6396208,0.0,0.0
2023-02-13,147.4499969482422,148.8000030517578,146.60000610351562,148.14999389648438,123.53739166259766,6563018,0.0,0.0
2023-02-14,148.64999389648438,149.1999969482422,147.0,148.4499969482422,123.78752899169922,6991500,0.0,0.0
2023-02-15,149.0,149.39999389648438,145.5,147.5,122.9953842163086,12631259,0.0,0.0
2023-02-16,150.0,156.4499969482422,148.39999389648438,155.89999389648438,129.99986267089844,30949761,0.0,0.0
2023-02-17,155.5,158.8000030517578,154.39999389648438,156.60000610351562,130.5835723876953,19874561,0.0,0.0
2023-02-20,157.1999969482422,157.8000030517578,154.39999389648438,154.85000610351562,129.1243133544922,8348393,0.0,0.0
2023-02-21,154.89999389648438,155.89999389648438,153.4499969482422,154.10000610351562,128.4989013671875,7599927,0.0,0.0
2023-02-22,154.25,154.5,151.6999969482422,153.60000610351562,128.08197021484375,9599697,0.0,0.0
2023-02-23,153.6999969482422,156.1999969482422,153.25,154.64999389648438,128.95755004882812,18675946,0.0,0.0
2023-02-24,151.75,155.35000610351562,149.75,155.0,132.68118286132812,14648507,4.0,0.0
2023-02-27,154.0,156.0500030517578,153.0,155.25,132.89517211914062,11904749,0.0,0.0
2023-02-28,154.14999389648438,155.4499969482422,151.1999969482422,152.0500030517578,130.1559295654297,17607584,0.0,0.0
2023-03-01,152.0,155.10000610351562,151.85000610351562,154.8000030517578,132.50997924804688,7707977,0.0,0.0
2023-03-02,154.5,155.0500030517578,152.64999389648438,154.0500030517578,131.86798095703125,8219892,0.0,0.0
2023-03-03,154.0,155.6999969482422,153.4499969482422,154.25,132.03916931152344,8260104,0.0,0.0
2023-03-06,154.6999969482422,159.6999969482422,153.5500030517578,158.1999969482422,135.42037963867188,14491522,0.0,0.0
2023-03-08,156.5500030517578,158.85000610351562,156.39999389648438,158.25,135.46319580078125,7339476,0.0,0.0
2023-03-09,159.0500030517578,159.14999389648438,156.0500030517578,156.3000030517578,133.79397583007812,5314022,0.0,0.0
2023-03-10,155.60000610351562,156.6999969482422,154.1999969482422,155.8000030517578,133.365966796875,4689681,0.0,0.0
2023-03-13,156.1999969482422,158.0,155.1999969482422,155.8000030517578,133.365966796875,8785721,0.0,0.0
2023-03-14,155.8000030517578,156.85000610351562,153.0500030517578,153.3000030517578,131.22596740722656,7177342,0.0,0.0
2023-03-15,154.0,154.4499969482422,151.8000030517578,152.5500030517578,130.58395385742188,9832270,0.0,0.0
2023-03-16,151.1999969482422,153.39999389648438,148.0,152.1999969482422,130.2843475341797,18551936,0.0,0.0
2023-03-17,153.5,154.89999389648438,151.9499969482422,153.14999389648438,131.09754943847656,16593429,0.0,0.0
2023-03-20,153.0,154.14999389648438,151.60000610351562,152.3000030517578,130.36993408203125,8749355,0.0,0.0
2023-03-21,153.14999389648438,153.75,150.9499969482422,151.5500030517578,129.72793579101562,6148489,0.0,0.0
2023-03-22,152.39999389648438,152.8000030517578,150.85000610351562,151.5500030517578,129.72793579101562,4329409,0.0,0.0
2023-03-23,151.10000610351562,153.14999389648438,150.3000030517578,152.8000030517578,130.79794311523438,4484564,0.0,0.0
2023-03-24,152.6999969482422,153.1999969482422,148.8000030517578,149.39999389648438,127.88751220703124,8301726,0.0,0.0
2023-03-27,149.5500030517578,152.4499969482422,149.25,150.25,128.61514282226562,7437261,0.0,0.0
2023-03-28,150.25,150.25,146.64999389648438,147.1999969482422,126.00430297851562,8964539,0.0,0.0
2023-03-29,147.25,150.85000610351562,146.5,149.35000610351562,127.84474182128906,24012834,0.0,0.0
2023-03-31,150.10000610351562,153.0,150.0500030517578,151.0500030517578,129.29994201660156,7998472,0.0,0.0
2023-04-03,154.5,157.85000610351562,153.10000610351562,153.64999389648438,131.52554321289062,20016785,0.0,0.0
2023-04-05,156.75,157.35000610351562,152.5500030517578,152.89999389648438,130.883544921875,15880397,0.0,0.0
2023-04-06,153.1999969482422,153.4499969482422,150.39999389648438,150.60000610351562,128.9147186279297,10670936,0.0,0.0
2023-04-10,150.6999969482422,157.5,150.0,157.14999389648438,134.52157592773438,17431401,0.0,0.0
2023-04-11,157.10000610351562,159.3000030517578,156.39999389648438,159.0500030517578,136.14797973632812,13305621,0.0,0.0
2023-04-12,159.0,159.0500030517578,156.60000610351562,157.64999389648438,134.9495849609375,7333339,0.0,0.0
2023-04-13,158.14999389648438,160.5,158.0,158.75,135.8911895751953,11610851,0.0,0.0
2023-04-17,159.10000610351562,160.4499969482422,158.0,160.14999389648438,137.089599609375,9358885,0.0,0.0
2023-04-18,160.14999389648438,160.5500030517578,159.39999389648438,160.10000610351562,137.0467987060547,8008560,0.0,0.0
2023-04-19,158.3000030517578,160.4499969482422,158.0500030517578,160.10000610351562,137.0467987060547,11374283,0.0,0.0
2023-04-20,159.60000610351562,160.10000610351562,158.5,159.14999389648438,136.2335968017578,5733670,0.0,0.0
2023-04-21,158.89999389648438,159.85000610351562,158.6999969482422,159.60000610351562,136.6187744140625,3512214,0.0,0.0
2023-04-24,159.60000610351562,160.75,159.3000030517578,160.25,137.17520141601562,7028440,0.0,0.0
2023-04-25,160.1999969482422,161.8000030517578,160.0,160.64999389648438,137.51760864257812,10169778,0.0,0.0
2023-04-26,160.0,161.60000610351562,159.75,161.14999389648438,137.94558715820312,9177783,0.0,0.0
2023-04-27,160.1999969482422,160.89999389648438,159.60000610351562,160.0500030517578,137.00399780273438,6456825,0.0,0.0
2023-04-28,159.8000030517578,159.8000030517578,154.85000610351562,158.9499969482422,136.06239318847656,12656744,0.0,0.0
2023-05-02,159.5,164.8000030517578,159.35000610351562,164.25,140.59922790527344,16612560,0.0,0.0
2023-05-03,162.89999389648438,163.35000610351562,160.85000610351562,161.14999389648438,137.94558715820312,8029435,0.0,0.0
2023-05-04,160.8000030517578,161.1999969482422,159.1999969482422,161.0,137.81719970703125,9929482,0.0,0.0
2023-05-05,161.0500030517578,161.9499969482422,159.6999969482422,160.3000030517578,137.218017578125,5488707,0.0,0.0
2023-05-08,160.3000030517578,165.35000610351562,160.0,165.0,141.24122619628906,9699470,0.0,0.0
2023-05-09,165.0,166.5,164.39999389648438,165.25,141.45523071289062,7600834,0.0,0.0
2023-05-10,165.25,167.64999389648438,165.0,166.9499969482422,142.91041564941406,10901429,0.0,0.0
2023-05-11,166.10000610351562,168.64999389648438,166.10000610351562,167.0500030517578,142.99603271484375,7877677,0.0,0.0
2023-05-12,168.14999389648438,169.0,165.0,165.5,141.66925048828125,16373574,0.0,0.0
2023-05-15,165.5,166.60000610351562,164.39999389648438,165.60000610351562,141.75486755371094,8559162,0.0,0.0
2023-05-16,168.3000030517578,168.5,166.75,168.0,143.8092803955078,12249266,0.0,0.0
2023-05-17,168.0,168.0,166.10000610351562,167.25,143.16725158691406,7360259,0.0,0.0
2023-05-18,167.5,168.4499969482422,166.0,166.35000610351562,142.39688110351562,7433090,0.0,0.0
2023-05-19,166.1999969482422,166.75,164.0,164.89999389648438,141.15562438964844,5969632,0.0,0.0
2023-05-22,164.10000610351562,166.39999389648438,164.10000610351562,165.60000610351562,141.75486755371094,7331865,0.0,0.0
2023-05-23,165.60000610351562,167.0500030517578,164.4499969482422,165.0,141.24122619628906,10119254,0.0,0.0
2023-05-24,165.0,166.4499969482422,164.64999389648438,166.25,142.31126403808594,6107980,0.0,0.0
2023-05-25,166.25,167.39999389648438,165.25,166.0,142.0972442626953,8077606,0.0,0.0
2023-05-26,166.0500030517578,167.39999389648438,162.3000030517578,163.75,140.1712188720703,14873707,0.0,0.0
2023-05-29,160.0,160.25,156.5,159.0,136.10519409179688,43253971,0.0,0.0
2023-05-30,159.6999969482422,161.6999969482422,157.25,158.85000610351562,135.97677612304688,16117505,0.0,0.0
2023-05-31,159.0,159.39999389648438,150.0500030517578,154.89999389648438,132.59555053710938,83741017,0.0,0.0
2023-06-01,154.6999969482422,156.0,153.1999969482422,153.64999389648438,131.52554321289062,13982606,0.0,0.0
2023-06-02,155.0,155.0,153.39999389648438,154.6999969482422,132.4243621826172,9851058,0.0,0.0
2023-06-05,155.5,156.0,154.4499969482422,155.39999389648438,133.02354431152344,11850547,0.0,0.0
2023-06-06,155.5,155.89999389648438,153.1999969482422,153.64999389648438,131.52554321289062,8118800,0.0,0.0
2023-06-07,153.60000610351562,154.5,152.5500030517578,153.85000610351562,131.69676208496094,12180164,0.0,0.0
2023-06-08,154.5,156.64999389648438,154.1999969482422,156.10000610351562,133.62277221679688,13850599,0.0,0.0
2023-06-09,156.6999969482422,156.89999389648438,153.8000030517578,154.25,132.03916931152344,11764248,0.0,0.0
2023-06-12,154.85000610351562,155.25,152.60000610351562,155.0500030517578,132.7239532470703,11017643,0.0,0.0
2023-06-13,155.1999969482422,156.1999969482422,154.25,155.64999389648438,133.23756408691406,10073644,0.0,0.0
2023-06-14,156.10000610351562,158.39999389648438,155.85000610351562,157.85000610351562,135.1208038330078,9695952,0.0,0.0
2023-06-15,157.5,157.89999389648438,156.1999969482422,157.64999389648438,134.9495849609375,7426254,0.0,0.0
2023-06-16,158.25,158.64999389648438,156.35000610351562,157.0,134.3931884765625,11466647,0.0,0.0
2023-06-19,157.89999389648438,158.4499969482422,156.5,157.8000030517578,135.07797241210938,4718221,0.0,0.0
2023-06-20,157.5500030517578,157.8000030517578,156.5500030517578,157.25,134.60716247558594,6059738,0.0,0.0
2023-06-21,157.0,160.5500030517578,156.60000610351562,160.1999969482422,137.1324005126953,8284206,0.0,0.0
2023-06-22,160.1999969482422,160.9499969482422,157.5,158.9499969482422,136.06239318847656,10629027,0.0,0.0
2023-06-23,159.0,159.0,155.39999389648438,156.89999389648438,134.30758666992188,8722650,0.0,0.0
2023-06-26,157.0,158.25,155.85000610351562,156.89999389648438,134.30758666992188,4273205,0.0,0.0
2023-06-27,158.85000610351562,158.85000610351562,157.35000610351562,157.85000610351562,135.1208038330078,9730174,0.0,0.0
2023-06-28,157.85000610351562,160.14999389648438,156.5500030517578,158.5500030517578,135.71998596191406,40243993,0.0,0.0
2023-06-30,161.0,161.0,158.9499969482422,160.3000030517578,137.218017578125,7840112,0.0,0.0
2023-07-03,160.3000030517578,163.25,160.0,162.89999389648438,139.443603515625,9548822,0.0,0.0
2023-07-04,162.5,162.89999389648438,160.0,161.1999969482422,137.9884033203125,5394282,0.0,0.0
2023-07-05,162.0,164.39999389648438,161.35000610351562,162.8000030517578,139.35801696777344,8795342,0.0,0.0
2023-07-06,162.8000030517578,165.8000030517578,162.5500030517578,165.39999389648438,141.58363342285156,9845699,0.0,0.0
2023-07-07,165.5,166.0,162.8000030517578,163.5,139.9572296142578,7597171,0.0,0.0
2023-07-10,163.89999389648438,165.39999389648438,162.5,162.75,139.3152313232422,5437687,0.0,0.0
2023-07-11,163.25,165.10000610351562,162.89999389648438,164.60000610351562,140.89886474609375,6343183,0.0,0.0
2023-07-12,165.9499969482422,169.0,165.25,167.64999389648438,143.50965881347656,15614026,0.0,0.0
2023-07-13,168.64999389648438,169.3000030517578,167.1999969482422,167.8000030517578,143.6380615234375,11350009,0.0,0.0
2023-07-14,169.0,169.75,168.1999969482422,169.25,144.87925720214844,9448062,0.0,0.0
2023-07-17,167.8000030517578,168.39999389648438,166.14999389648438,166.39999389648438,142.4396209716797,4968847,0.0,0.0
2023-07-18,166.39999389648438,168.14999389648438,166.0500030517578,166.89999389648438,142.86764526367188,4322257,0.0,0.0
2023-07-19,167.1999969482422,167.9499969482422,166.10000610351562,166.75,142.73924255371094,5968174,0.0,0.0
2023-07-20,167.0,168.10000610351562,166.0,167.1999969482422,143.1244354248047,5217131,0.0,0.0
2023-07-21,167.35000610351562,171.0,166.5,170.5500030517578,145.99208068847656,7842863,0.0,0.0
2023-07-24,171.64999389648438,172.25,170.25,171.0,146.37730407714844,8451631,0.0,0.0
2023-07-25,172.0,173.35000610351562,171.3000030517578,173.0,148.08929443359375,10480578,0.0,0.0
2023-07-26,173.85000610351562,174.3000030517578,172.0,172.9499969482422,148.04647827148438,9103949,0.0,0.0
2023-07-27,173.4499969482422,173.64999389648438,170.6999969482422,171.0,146.37730407714844,7731146,0.0,0.0
2023-07-28,170.6999969482422,174.9499969482422,168.89999389648438,171.8000030517578,147.06207275390625,9004252,0.0,0.0
2023-07-31,172.8000030517578,177.5,171.39999389648438,177.0500030517578,151.5561065673828,9277749,0.0,0.0
2023-08-01,175.3000030517578,177.0,174.3000030517578,176.6999969482422,151.2565155029297,5584773,0.0,0.0
2023-08-02,177.0,178.64999389648438,174.0,175.9499969482422,150.6145477294922,8975495,0.0,0.0
2023-08-03,175.25,175.8000030517578,171.5,172.10000610351562,147.31887817382812,6152393,0.0,0.0
2023-08-04,173.35000610351562,174.4499969482422,172.10000610351562,173.35000610351562,148.38893127441406,4605271,0.0,0.0
2023-08-07,174.3000030517578,174.5,172.10000610351562,172.9499969482422,148.04647827148438,2240015,0.0,0.0
2023-08-08,172.89999389648438,173.8000030517578,172.60000610351562,173.35000610351562,148.38893127441406,3631238,0.0,0.0
2023-08-09,173.35000610351562,177.25,173.3000030517578,176.89999389648438,151.42770385742188,4852294,0.0,0.0
2023-08-10,178.10000610351562,179.75,176.89999389648438,178.64999389648438,152.9257354736328,10430692,0.0,0.0
2023-08-11,178.89999389648438,179.6999969482422,176.6999969482422,177.1999969482422,151.6845245361328,4112277,0.0,0.0
2023-08-14,180.0,180.4499969482422,177.35000610351562,178.0,152.3693389892578,12876956,0.0,0.0
2023-08-16,176.3000030517578,179.4499969482422,175.8000030517578,179.0500030517578,153.26815795898438,8371665,0.0,0.0
2023-08-17,178.6999969482422,179.10000610351562,177.10000610351562,177.75,152.15530395507812,5199363,0.0,0.0
2023-08-18,177.64999389648438,177.64999389648438,174.14999389648438,175.3000030517578,150.4813995361328,6734650,0.5,0.0
2023-08-21,175.3000030517578,176.3000030517578,174.3000030517578,176.0500030517578,151.12522888183594,3599820,0.0,0.0
2023-08-22,176.0500030517578,177.89999389648438,175.60000610351562,176.14999389648438,151.2110595703125,5348036,0.0,0.0
2023-08-23,177.0,177.1999969482422,175.0,175.5,150.65309143066406,6379611,0.0,0.0
2023-08-24,175.5,176.6999969482422,172.8000030517578,173.10000610351562,148.5928955078125,7976333,0.0,0.0
2023-08-25,173.10000610351562,175.25,172.85000610351562,174.6999969482422,149.96633911132812,4757915,0.0,0.0
2023-08-28,175.10000610351562,175.8000030517578,174.5500030517578,175.1999969482422,150.3955841064453,4354221,0.0,0.0
2023-08-29,175.60000610351562,176.10000610351562,174.9499969482422,175.6999969482422,150.8247833251953,4596468,0.0,0.0
2023-08-30,175.6999969482422,176.89999389648438,175.0,175.75,150.86770629882812,5937955,0.0,0.0
2023-08-31,175.8000030517578,176.0,173.0500030517578,174.14999389648438,149.49420166015625,15823452,0.0,0.0
2023-09-01,174.39999389648438,184.75,174.39999389648438,181.75,156.0182342529297,22460960,0.0,0.0
2023-09-04,183.8500061035156,184.4499969482422,181.8000030517578,182.9499969482422,157.04835510253906,10998180,0.0,0.0
2023-09-05,183.5,186.0,182.3999938964844,183.1000061035156,157.17709350585938,13506519,0.0,0.0
2023-09-06,184.8999938964844,186.75,182.3500061035156,183.0500030517578,157.13417053222656,11954407,0.0,0.0
2023-09-07,185.0,185.1999969482422,181.0,181.75,156.0182342529297,11137801,0.0,0.0
2023-09-08,182.5,184.9499969482422,182.0,184.4499969482422,158.33596801757812,9737214,0.0,0.0
2023-09-11,185.4499969482422,185.9499969482422,182.3000030517578,183.3999938964844,157.4346160888672,10845871,0.0,0.0
2023-09-12,184.8500061035156,184.8999938964844,180.1999969482422,180.8999938964844,155.28855895996094,15524470,0.0,0.0
2023-09-13,181.8999938964844,184.6999969482422,180.8999938964844,183.8999938964844,157.86383056640625,10578786,0.0,0.0
2023-09-14,184.75,188.8999938964844,184.1999969482422,187.8999938964844,161.29751586914062,17746404,0.0,0.0
2023-09-15,191.6999969482422,191.6999969482422,185.6000061035156,186.6499938964844,160.2244873046875,19924829,0.0,0.0
2023-09-18,185.8000030517578,187.5,185.1000061035156,186.75,160.31033325195312,5022956,0.0,0.0
2023-09-20,186.4499969482422,189.5,186.1999969482422,188.1999969482422,161.55503845214844,12687099,0.0,0.0
2023-09-21,188.3999938964844,188.4499969482422,186.0500030517578,186.6999969482422,160.26742553710938,7814108,0.0,0.0
2023-09-22,186.6000061035156,187.6999969482422,185.0,185.1000061035156,158.89393615722656,7814821,0.0,0.0
2023-09-25,186.0,186.6999969482422,185.25,185.5,159.23728942871094,5540062,0.0,0.0
2023-09-26,186.0,188.1499938964844,185.25,187.75,161.16873168945312,12446655,0.0,0.0
2023-09-27,189.3000030517578,189.3000030517578,186.3000030517578,187.25,160.7395477294922,5630907,0.0,0.0
2023-09-28,188.8999938964844,189.5,186.5,187.4499969482422,160.91122436523438,14890642,0.0,0.0
2023-09-29,188.5,192.25,188.1499938964844,191.8500061035156,164.6883087158203,10085766,0.0,0.0
2023-10-03,189.3000030517578,189.3000030517578,183.6499938964844,184.6000061035156,158.46473693847656,22118500,0.0,0.0
2023-10-04,184.4499969482422,184.6000061035156,182.1000061035156,182.75,156.8766326904297,9360058,0.0,0.0
2023-10-05,181.25,184.0,181.0,182.1999969482422,156.40452575683594,11128340,0.0,0.0
2023-10-06,183.5,183.5,180.6000061035156,181.4499969482422,155.76071166992188,5759904,0.0,0.0
2023-10-09,182.8999938964844,184.6999969482422,181.25,181.6999969482422,155.97531127929688,14622727,0.0,0.0
2023-10-10,182.3000030517578,184.5,182.0500030517578,183.5,157.52047729492188,11819690,0.0,0.0
2023-10-11,184.3999938964844,184.6999969482422,182.75,183.25,157.30587768554688,8499601,0.0,0.0
2023-10-12,183.1999969482422,184.8500061035156,183.0,184.4499969482422,158.33596801757812,8677885,0.0,0.0
2023-10-13,184.5,186.25,184.0500030517578,184.8999938964844,158.72222900390625,7435899,0.0,0.0
2023-10-16,187.9499969482422,188.1999969482422,186.25,186.5500030517578,160.13865661621094,12376549,0.0,0.0
2023-10-17,187.0,187.0500030517578,185.5500030517578,186.25,159.88111877441406,4381065,0.0,0.0
2023-10-18,188.0,188.0500030517578,186.0500030517578,186.9499969482422,160.48202514648438,10181113,0.0,0.0
2023-10-19,186.0,186.6499938964844,185.0500030517578,186.3000030517578,159.92404174804688,9148124,0.0,0.0
2023-10-20,187.0,187.3000030517578,185.1499938964844,186.1999969482422,159.8382110595703,7912216,0.0,0.0
2023-10-23,185.9499969482422,185.9499969482422,184.1999969482422,184.8500061035156,158.67935180664062,4723090,0.0,0.0
2023-10-25,184.8500061035156,185.8500061035156,183.0,184.3500061035156,158.25015258789062,6812004,0.0,0.0
2023-10-26,183.5,184.1499938964844,179.89999389648438,180.8999938964844,155.28855895996094,8474867,0.0,0.0
2023-10-27,181.0,185.8000030517578,180.3000030517578,184.75,158.59347534179688,6422123,0.0,0.0
2023-10-30,185.0,189.1999969482422,184.6000061035156,188.8000030517578,162.07009887695312,7352638,0.0,0.0
2023-10-31,189.1999969482422,189.8000030517578,184.1999969482422,186.1499938964844,159.7952880859375,9404675,0.0,0.0
2023-11-01,186.1499938964844,188.8000030517578,185.0500030517578,186.6999969482422,160.26742553710938,9167869,0.0,0.0
2023-11-02,187.0,187.6499938964844,185.75,186.1999969482422,159.8382110595703,11471209,0.0,0.0
2023-11-03,186.6499938964844,190.6499938964844,185.8000030517578,190.0,163.10020446777344,7464912,0.0,0.0
2023-11-06,190.1999969482422,194.1999969482422,189.5500030517578,193.3000030517578,165.93299865722656,8962124,0.0,0.0
2023-11-07,193.3999938964844,198.0,192.3500061035156,193.1999969482422,165.84716796875,13921916,0.0,0.0
2023-11-08,193.6999969482422,196.5500030517578,192.3000030517578,195.3500061035156,167.69276428222656,10186886,0.0,0.0
2023-11-09,196.5,196.6999969482422,192.1999969482422,192.6999969482422,165.41793823242188,5303833,0.0,0.0
2023-11-10,192.6999969482422,196.5,192.6999969482422,195.8999938964844,168.16488647460938,6025889,0.0,0.0
2023-11-13,195.8999938964844,197.3000030517578,194.1000061035156,195.8000030517578,168.07904052734375,11181086,0.0,0.0
2023-11-15,198.5,203.0,197.6499938964844,199.5,171.25521850585938,19769385,0.0,0.0
2023-11-16,202.5,203.3999938964844,201.0,201.8000030517578,173.22958374023438,18629240,0.0,0.0
2023-11-17,200.8500061035156,201.25,195.5500030517578,196.3500061035156,168.5511932373047,13199928,0.0,0.0
2023-11-20,198.0,198.5,197.0,197.8500061035156,169.8388214111328,6423265,0.0,0.0
2023-11-21,193.0,193.9499969482422,191.0,191.1999969482422,169.04312133789062,10720353,5.75,0.0
2023-11-22,191.1999969482422,191.8500061035156,189.75,191.0,168.8662872314453,7538825,0.0,0.0
2023-11-23,191.0,191.75,189.6000061035156,190.6499938964844,168.55685424804688,6541617,0.0,0.0
2023-11-24,190.8500061035156,191.8500061035156,188.1499938964844,188.8500061035156,166.96543884277344,5751331,0.0,0.0
2023-11-28,188.8500061035156,194.4499969482422,188.3999938964844,193.9499969482422,171.4744415283203,9277764,0.0,0.0
2023-11-29,195.5,195.5,191.6999969482422,192.0,169.7504119873047,8791333,0.0,0.0
2023-11-30,192.6499938964844,195.6499938964844,192.0500030517578,194.9499969482422,172.35855102539062,14965403,0.0,0.0
2023-12-01,195.25,198.25,194.25,194.5500030517578,172.0049285888672,9935740,0.0,0.0
2023-12-04,196.5,205.8999938964844,196.0500030517578,202.0500030517578,178.63575744628906,28615290,0.0,0.0
2023-12-05,202.1999969482422,203.9499969482422,199.1499938964844,202.0500030517578,178.63575744628906,14557746,0.0,0.0
2023-12-06,203.75,203.75,199.1000061035156,201.9499969482422,178.54736328125,12662213,0.0,0.0
2023-12-07,200.8999938964844,200.8999938964844,196.0500030517578,198.8999938964844,175.85079956054688,16425880,0.0,0.0
2023-12-08,199.8500061035156,200.3000030517578,194.1000061035156,195.9499969482422,173.24266052246094,10414387,0.0,0.0
2023-12-11,197.0500030517578,200.8500061035156,194.25,197.8000030517578,174.87828063964844,10108266,0.0,0.0
2023-12-12,196.9499969482422,197.8000030517578,194.5500030517578,195.3999938964844,172.7563934326172,10719911,0.0,0.0
2023-12-13,195.3999938964844,195.3999938964844,192.0500030517578,193.1499938964844,170.76715087890625,10892122,0.0,0.0
2023-12-14,195.8999938964844,196.3000030517578,193.25,195.9499969482422,173.24266052246094,15257294,0.0,0.0
2023-12-15,197.25,201.9499969482422,196.8500061035156,201.0500030517578,177.7516632080078,22863981,0.0,0.0
2023-12-18,201.0500030517578,201.6499938964844,197.3500061035156,199.0,175.93922424316406,8061011,0.0,0.0
2023-12-19,202.0,203.5500030517578,199.3000030517578,200.3000030517578,177.0885772705078,16739742,0.0,0.0
2023-12-20,201.75,212.0,200.9499969482422,203.1999969482422,179.65252685546875,57762576,0.0,0.0
2023-12-21,203.9499969482422,206.75,201.1999969482422,202.6499938964844,179.16622924804688,22823936,0.0,0.0
2023-12-22,204.0,204.5,201.8000030517578,203.9499969482422,180.3155975341797,9910694,0.0,0.0
2023-12-26,204.5,208.5,203.6499938964844,207.3500061035156,183.3216094970703,17052969,0.0,0.0
2023-12-27,209.5,209.8999938964844,204.5,205.5500030517578,181.7301788330078,20361303,0.0,0.0
2023-12-28,206.5,208.8999938964844,205.3500061035156,208.3000030517578,184.1614990234375,22010872,0.0,0.0
2023-12-29,208.0,208.0,204.25,205.0500030517578,181.2881317138672,12171663,0.0,0.0
2024-01-01,206.0,207.1000061035156,204.75,205.3500061035156,181.55337524414065,4820168,0.0,0.0
2024-01-02,205.3500061035156,210.75,203.6499938964844,207.0500030517578,183.05636596679688,21141219,0.0,0.0
2024-01-03,205.5,210.4499969482422,204.5,208.25,184.1173095703125,11650902,0.0,0.0
2024-01-04,210.5,215.3999938964844,209.3000030517578,214.6499938964844,189.775634765625,31054419,0.0,0.0
2024-01-05,215.4499969482422,217.5,213.0500030517578,216.4499969482422,191.3670654296875,20743811,0.0,0.0
2024-01-08,218.0,220.8000030517578,217.1000061035156,217.9499969482422,192.69322204589844,19310595,0.0,0.0
2024-01-09,221.0,221.4499969482422,215.9499969482422,216.6499938964844,191.5438690185547,11951525,0.0,0.0
2024-01-10,215.0,215.0,209.6999969482422,212.1000061035156,187.52114868164065,16500666,0.0,0.0
2024-01-11,214.0,214.0,210.8500061035156,211.8500061035156,187.3001251220703,12586419,0.0,0.0
2024-01-12,213.8000030517578,224.75,212.3500061035156,223.3999938964844,197.51165771484372,39228118,0.0,0.0
2024-01-15,228.5,235.4499969482422,224.6499938964844,233.5,206.44125366210935,57884916,0.0,0.0
2024-01-16,234.9499969482422,238.9499969482422,231.1000061035156,235.1000061035156,207.8558349609375,34505065,0.0,0.0
2024-01-17,232.1999969482422,237.25,230.6999969482422,232.0500030517578,205.1592712402344,26010955,0.0,0.0
2024-01-18,230.0500030517578,234.5,224.6499938964844,233.5500030517578,206.48545837402344,19232183,0.0,0.0
2024-01-19,236.0,242.5500030517578,235.0,242.0500030517578,214.00045776367188,26391844,0.0,0.0
2024-01-23,245.0,245.6499938964844,228.0,229.8999938964844,203.25840759277344,20282617,0.0,0.0
2024-01-24,231.0,235.0,228.1000061035156,234.3500061035156,207.19273376464844,14458601,0.0,0.0
2024-01-25,235.0,237.5,232.8000030517578,234.0500030517578,206.9275054931641,18291957,0.0,0.0
2024-01-29,241.0,254.9499969482422,239.1000061035156,252.5,223.23947143554688,54127939,0.0,0.0
2024-01-30,256.5,263.29998779296875,248.6499938964844,249.1999969482422,220.32188415527344,51491099,0.0,0.0
2024-01-31,250.4499969482422,254.3500061035156,246.3000030517578,252.25,223.01841735839844,33293192,0.0,0.0
2024-02-01,254.6499938964844,254.6499938964844,245.4499969482422,247.6499938964844,218.95147705078125,29758133,0.0,0.0
2024-02-02,250.0,260.0,249.0,257.25,227.43902587890625,30482663,0.0,0.0
2024-02-05,260.04998779296875,268.04998779296875,255.1000061035156,262.95001220703125,232.478515625,34001868,0.0,0.0
2024-02-06,265.3500061035156,273.3999938964844,260.20001220703125,272.29998779296875,240.74497985839844,36708949,0.0,0.0
2024-02-07,275.0,275.6499938964844,267.54998779296875,271.8999938964844,240.39129638671875,23756939,0.0,0.0
2024-02-08,273.04998779296875,275.6499938964844,269.1000061035156,273.1499938964844,241.49644470214844,25252940,0.0,0.0
2024-02-09,275.0,275.6499938964844,259.1499938964844,267.54998779296875,236.54541015625,26743792,0.0,0.0
2024-02-12,261.95001220703125,266.6000061035156,256.79998779296875,257.8999938964844,228.013671875,30906374,0.0,0.0
2024-02-13,258.0,262.3999938964844,254.6999969482422,259.5,229.4282684326172,20711842,0.0,0.0
2024-02-14,258.0,269.6499938964844,256.0,268.8500061035156,237.69479370117188,36168962,0.0,0.0
2024-02-15,271.6499938964844,279.8500061035156,269.0,277.29998779296875,245.16555786132807,32831246,0.0,0.0
2024-02-16,275.1499938964844,278.0,270.3500061035156,274.70001220703125,246.42144775390625,27044984,4.0,0.0
2024-02-19,274.70001220703125,279.04998779296875,272.3999938964844,274.6499938964844,246.3765563964844,15322964,0.0,0.0
2024-02-20,274.79998779296875,281.1499938964844,274.04998779296875,276.6000061035156,248.1258544921875,18968785,0.0,0.0
2024-02-21,276.0,281.1000061035156,271.6000061035156,272.95001220703125,244.8516082763672,16340579,0.0,0.0
2024-02-22,273.8500061035156,276.0,268.5,274.70001220703125,246.42144775390625,16791453,0.0,0.0
2024-02-23,274.8999938964844,276.0,271.1000061035156,272.20001220703125,244.17881774902344,9464646,0.0,0.0
2024-02-26,271.8999938964844,271.8999938964844,267.79998779296875,269.8500061035156,242.07069396972656,8661999,0.0,0.0
2024-02-27,268.04998779296875,270.20001220703125,264.95001220703125,269.3500061035156,241.62217712402344,19582774,0.0,0.0
2024-02-28,270.0,270.29998779296875,264.6000061035156,265.75,238.39279174804688,9118196,0.0,0.0
2024-02-29,265.0,266.3500061035156,261.5,264.6000061035156,237.3612060546875,17179832,0.0,0.0
2024-03-01,266.5,272.95001220703125,266.5,270.54998779296875,242.6986083984375,12930057,0.0,0.0
2024-03-04,272.75,280.54998779296875,272.5,279.20001220703125,250.45822143554688,22280353,0.0,0.0
2024-03-05,280.0,284.95001220703125,276.6499938964844,283.75,254.5398101806641,18544484,0.0,0.0
2024-03-06,284.29998779296875,284.29998779296875,273.54998779296875,280.25,251.400146484375,16807149,0.0,0.0
2024-03-07,280.25,284.3500061035156,277.25,278.1000061035156,249.47142028808597,11386963,0.0,0.0
2024-03-11,278.1000061035156,280.5,273.20001220703125,274.0,245.79348754882807,10684598,0.0,0.0
2024-03-12,274.0,275.6000061035156,269.04998779296875,270.3999938964844,242.5641021728516,13780189,0.0,0.0
2024-03-13,270.79998779296875,271.0,252.75,255.3500061035156,229.0634002685547,20079496,0.0,0.0
2024-03-14,252.5,264.3500061035156,251.1999969482422,263.25,236.150146484375,21404057,0.0,0.0
2024-03-15,263.95001220703125,266.3999938964844,248.8999938964844,258.75,232.1133728027344,34961065,0.0,0.0
2024-03-18,258.95001220703125,263.04998779296875,257.54998779296875,261.6000061035156,234.6699981689453,9246173,0.0,0.0
2024-03-19,262.0,263.95001220703125,256.6499938964844,259.25,232.5619201660156,8758348,0.0,0.0
2024-03-20,259.45001220703125,264.6000061035156,257.20001220703125,263.8500061035156,236.68836975097656,10484778,0.0,0.0
2024-03-21,264.70001220703125,266.95001220703125,262.3500061035156,262.95001220703125,235.8810272216797,12163200,0.0,0.0
2024-03-22,262.95001220703125,265.25,258.45001220703125,263.25,236.150146484375,13025089,0.0,0.0
2024-03-26,261.6499938964844,267.8999938964844,259.29998779296875,265.5,238.16851806640625,10830926,0.0,0.0
2024-03-27,265.0,268.20001220703125,259.6499938964844,261.75,234.80453491210935,28563001,0.0,0.0
2024-03-28,262.45001220703125,271.0,261.95001220703125,268.04998779296875,240.4560089111328,18888942,0.0,0.0
2024-04-01,268.04998779296875,271.5,267.79998779296875,269.8999938964844,242.11557006835935,6440401,0.0,0.0
2024-04-02,270.1000061035156,274.04998779296875,269.45001220703125,272.5,244.44790649414065,14439120,0.0,0.0
2024-04-03,275.04998779296875,279.0,273.8500061035156,275.3500061035156,247.00454711914065,22600929,0.0,0.0
2024-04-04,278.6499938964844,278.6499938964844,265.3500061035156,269.0,241.3082275390625,24624383,0.0,0.0
2024-04-05,267.8500061035156,271.8999938964844,266.5,267.95001220703125,240.36631774902344,13029904,0.0,0.0
2024-04-08,267.54998779296875,272.0,266.6000061035156,270.3999938964844,242.5641021728516,13011300,0.0,0.0
2024-04-09,270.0,272.6499938964844,268.0,268.95001220703125,241.26336669921875,13173933,0.0,0.0
2024-04-10,269.95001220703125,273.20001220703125,269.1499938964844,272.0,243.99940490722656,11137195,0.0,0.0
2024-04-12,271.8999938964844,272.5,265.0,265.70001220703125,238.34793090820312,21894584,0.0,0.0
2024-04-15,269.1000061035156,282.95001220703125,267.1000061035156,279.8500061035156,251.0412750244141,75063828,0.0,0.0
2024-04-16,277.0,292.54998779296875,275.25,283.1499938964844,254.00157165527344,79082544,0.0,0.0
2024-04-18,286.0,287.70001220703125,273.3500061035156,274.1499938964844,245.92803955078125,34136482,0.0,0.0
2024-04-19,276.75,280.79998779296875,274.1000061035156,275.25,246.91482543945312,32658724,0.0,0.0
2024-04-22,277.29998779296875,278.0,273.75,276.79998779296875,248.3052673339844,14184019,0.0,0.0
2024-04-23,276.8500061035156,278.75,275.54998779296875,276.79998779296875,248.3052673339844,8799147,0.0,0.0
2024-04-24,277.6000061035156,280.3999938964844,276.29998779296875,279.3500061035156,250.5927581787109,9253985,0.0,0.0
2024-04-25,279.3500061035156,282.6000061035156,278.0,281.95001220703125,252.92510986328125,17050557,0.0,0.0
2024-04-26,283.0,286.1499938964844,282.20001220703125,282.8999938964844,253.77728271484372,11070290,0.0,0.0
2024-04-29,283.95001220703125,285.25,282.1499938964844,283.20001220703125,254.04641723632807,8952420,0.0,0.0
2024-04-30,284.5,286.3500061035156,281.45001220703125,282.8500061035156,253.73245239257807,10658906,0.0,0.0
2024-05-02,281.0,284.6000061035156,279.04998779296875,282.79998779296875,253.6876373291016,15677336,0.0,0.0
2024-05-03,284.0,292.95001220703125,284.0,286.1000061035156,256.6478576660156,28913016,0.0,0.0
2024-05-06,288.70001220703125,288.75,275.25,282.1499938964844,253.10452270507807,15491865,0.0,0.0
2024-05-07,283.8999938964844,285.0,272.0,273.6000061035156,245.4346618652344,13179001,0.0,0.0
2024-05-08,273.5,280.25,272.3500061035156,276.8500061035156,248.35011291503903,12797721,0.0,0.0
2024-05-09,277.25,278.54998779296875,263.20001220703125,265.25,237.9442596435547,14869187,0.0,0.0
2024-05-10,267.0,271.20001220703125,264.45001220703125,270.25,242.42953491210935,9530738,0.0,0.0
2024-05-13,271.8999938964844,271.8999938964844,262.04998779296875,266.8999938964844,239.42437744140625,7163239,0.0,0.0
2024-05-14,267.95001220703125,274.6499938964844,266.45001220703125,272.8999938964844,244.80674743652344,9123849,0.0,0.0
2024-05-15,274.5,276.0,272.5,273.45001220703125,245.3001251220703,6368662,0.0,0.0
2024-05-16,276.0,279.3500061035156,273.79998779296875,277.6499938964844,249.0677032470703,23757779,0.0,0.0
2024-05-17,278.79998779296875,283.3999938964844,276.6000061035156,277.45001220703125,248.88836669921875,11529157,0.0,0.0
2024-05-21,281.1000061035156,284.0,278.3500061035156,280.1000061035156,251.26559448242188,17559555,0.0,0.0
2024-05-22,284.0,284.0,276.8999938964844,278.0,249.3817443847656,17935064,0.0,0.0
2024-05-23,279.95001220703125,284.54998779296875,279.1000061035156,283.45001220703125,254.27066040039065,17719819,0.0,0.0
2024-05-24,284.0,285.95001220703125,281.8500061035156,283.25,254.09132385253903,11041667,0.0,0.0
2024-05-27,284.0,284.20001220703125,275.70001220703125,277.6499938964844,249.0677032470703,13719808,0.0,0.0
2024-05-28,279.29998779296875,279.29998779296875,273.04998779296875,274.29998779296875,246.06260681152344,6927361,0.0,0.0
2024-05-29,273.79998779296875,273.79998779296875,270.25,271.8500061035156,243.8648223876953,8327205,0.0,0.0
2024-05-30,273.0,275.1000061035156,265.0,266.70001220703125,239.2450256347656,15390964,0.0,0.0
2024-05-31,268.45001220703125,268.45001220703125,263.0,264.3500061035156,237.13690185546875,24167379,0.0,0.0
2024-06-03,277.95001220703125,286.54998779296875,273.20001220703125,284.1000061035156,254.8537750244141,30195397,0.0,0.0
2024-06-04,285.0,285.0,223.0,236.3000030517578,211.97445678710935,72779900,0.0,0.0
2024-06-05,247.0,249.75,230.4499969482422,247.5,222.0215301513672,37078551,0.0,0.0
2024-06-06,254.0,259.5,249.25,252.3000030517578,226.32737731933597,30881233,0.0,0.0
2024-06-07,253.5,260.79998779296875,251.8000030517578,260.3999938964844,233.5935211181641,22010688,0.0,0.0
2024-06-10,264.0,264.0,258.04998779296875,259.1499938964844,232.47222900390625,14138524,0.0,0.0
2024-06-11,266.8500061035156,275.0,265.25,273.54998779296875,245.3898162841797,47270206,0.0,0.0
2024-06-12,278.0,279.1000061035156,274.6000061035156,275.5,247.13909912109372,20560662,0.0,0.0
2024-06-13,278.0,278.0,272.5,276.54998779296875,248.0809783935547,16013386,0.0,0.0
2024-06-14,277.0,278.20001220703125,274.6000061035156,275.3999938964844,247.04933166503903,10642648,0.0,0.0
2024-06-18,278.95001220703125,279.0,274.0,275.79998779296875,247.4081573486328,17044769,0.0,0.0
2024-06-19,275.8999938964844,276.6000061035156,271.1000061035156,271.54998779296875,243.595703125,13361607,0.0,0.0
2024-06-20,271.79998779296875,274.0,269.1000061035156,271.8500061035156,243.8648223876953,12826509,0.0,0.0
2024-06-21,271.45001220703125,274.75,268.8999938964844,269.6499938964844,241.89129638671875,17406416,0.0,0.0
2024-06-24,269.6499938964844,271.25,266.6000061035156,269.8999938964844,242.11557006835935,7282347,0.0,0.0
2024-06-25,270.1000061035156,270.79998779296875,265.0,267.0,239.5141143798828,14425434,0.0,0.0
2024-06-26,266.8999938964844,269.1499938964844,264.1000061035156,267.75,240.1868896484375,10650910,0.0,0.0
2024-06-27,267.3999938964844,268.1000061035156,263.5,267.5,239.96263122558597,22830930,0.0,0.0
2024-06-28,269.0,275.45001220703125,268.3500061035156,274.20001220703125,245.97288513183597,19532912,0.0,0.0
2024-07-01,275.0,275.79998779296875,271.6000061035156,272.95001220703125,244.8516082763672,11750972,0.0,0.0
2024-07-02,273.20001220703125,279.79998779296875,271.5,274.8500061035156,246.55601501464844,24470518,0.0,0.0
2024-07-03,276.0,277.70001220703125,274.0,274.70001220703125,246.42144775390625,9125400,0.0,0.0
2024-07-04,275.0,278.8999938964844,273.04998779296875,277.04998779296875,248.52951049804688,13444669,0.0,0.0
2024-07-05,277.25,289.29998779296875,276.5,288.20001220703125,258.5316467285156,39781962,0.0,0.0
2024-07-08,290.0,303.0,287.3500061035156,299.1499938964844,268.3544616699219,53136198,0.0,0.0
2024-07-09,300.79998779296875,301.8500061035156,293.3500061035156,297.45001220703125,266.8294677734375,18686252,0.0,0.0
2024-07-10,299.70001220703125,299.79998779296875,288.8500061035156,298.1499938964844,267.4573974609375,19278800,0.0,0.0
2024-07-11,300.0,307.20001220703125,295.1499938964844,304.75,273.37799072265625,36020507,0.0,0.0
2024-07-12,306.79998779296875,311.75,304.20001220703125,307.1000061035156,275.486083984375,31788101,0.0,0.0
2024-07-15,311.79998779296875,323.6499938964844,308.6499938964844,322.5,289.3007202148437,51435537,0.0,0.0
2024-07-16,323.6000061035156,327.6000061035156,319.75,322.6499938964844,289.435302734375,37468292,0.0,0.0
2024-07-18,325.1000061035156,333.29998779296875,321.6499938964844,331.70001220703125,297.5536499023437,48189915,0.0,0.0
2024-07-19,333.0,333.20001220703125,318.04998779296875,319.6499938964844,286.7441711425781,26579496,0.0,0.0
2024-07-22,320.0,323.3500061035156,314.5,320.79998779296875,287.7757263183594,22234557,0.0,0.0
2024-07-23,320.04998779296875,321.3999938964844,297.3999938964844,314.1499938964844,281.810302734375,37871058,0.0,0.0
2024-07-24,313.04998779296875,325.75,312.1000061035156,319.54998779296875,286.6544189453125,28259305,0.0,0.0
2024-07-25,318.04998779296875,337.54998779296875,316.1000061035156,335.79998779296875,301.2315673828125,42054664,0.0,0.0
2024-07-26,336.5,338.5,330.1000061035156,331.6000061035156,297.4639892578125,25703985,0.0,0.0
2024-07-29,333.79998779296875,339.54998779296875,330.75,332.8999938964844,298.6300964355469,26721790,0.0,0.0
2024-07-30,332.0,338.25,331.0,331.8999938964844,297.73309326171875,19792253,0.0,0.0
2024-07-31,332.04998779296875,337.45001220703125,329.75,334.20001220703125,299.7963256835937,21393361,0.0,0.0
2024-08-01,337.79998779296875,344.70001220703125,337.1499938964844,341.75,306.569091796875,36044960,0.0,0.0
2024-08-02,338.0,338.0,328.6499938964844,330.1000061035156,296.118408203125,22939377,0.0,0.0
2024-08-05,320.3500061035156,323.29998779296875,306.0,310.25,278.3117980957031,37986023,0.0,0.0
2024-08-06,314.79998779296875,322.45001220703125,305.1499938964844,306.1000061035156,274.5890197753906,28386636,0.0,0.0
2024-08-07,312.3999938964844,330.95001220703125,312.0,329.1000061035156,295.2213134765625,66110716,0.0,0.0
2024-08-08,329.0,329.0,321.70001220703125,322.70001220703125,289.4801940917969,23478224,0.0,0.0
2024-08-09,333.95001220703125,335.8500061035156,328.20001220703125,332.54998779296875,298.316162109375,29814474,0.0,0.0
2024-08-12,332.75,344.70001220703125,329.8999938964844,341.29998779296875,306.1654052734375,34754596,0.0,0.0
2024-08-13,344.1000061035156,345.0,332.95001220703125,335.8999938964844,301.3212890625,28943385,0.0,0.0
2024-08-14,335.8500061035156,336.5,326.79998779296875,328.1499938964844,294.369140625,17812763,0.0,0.0
2024-08-16,332.54998779296875,335.75,328.6499938964844,329.6000061035156,295.6698303222656,16584396,0.0,0.0
2024-08-19,335.0,338.75,333.54998779296875,335.29998779296875,300.78302001953125,19636518,0.0,0.0
2024-08-20,335.8500061035156,336.0,328.04998779296875,330.1000061035156,296.118408203125,14972714,0.0,0.0
2024-08-21,330.6499938964844,331.5,326.5,327.70001220703125,293.9654846191406,11835143,0.0,0.0
2024-08-22,328.54998779296875,330.5,323.6000061035156,324.3500061035156,290.9602966308594,13387819,0.0,0.0
2024-08-23,324.3999938964844,324.79998779296875,317.54998779296875,318.8999938964844,288.2933959960937,13229612,2.5,0.0
2024-08-26,323.5,329.1000061035156,322.79998779296875,327.8500061035156,296.3844299316406,21346682,0.0,0.0
2024-08-27,329.3999938964844,332.54998779296875,326.0,328.8500061035156,297.2884521484375,20165503,0.0,0.0
2024-08-28,328.6499938964844,330.29998779296875,324.6499938964844,327.79998779296875,296.3392028808594,12446738,0.0,0.0
2024-08-29,326.1000061035156,330.1499938964844,324.95001220703125,329.6000061035156,297.9664611816406,13799961,0.0,0.0
2024-08-30,330.45001220703125,334.3999938964844,329.54998779296875,330.75,299.0061340332031,19666466,0.0,0.0
2024-09-02,330.0,331.95001220703125,325.79998779296875,326.20001220703125,294.892822265625,8975511,0.0,0.0
2024-09-03,327.0,328.0,321.6499938964844,322.20001220703125,291.2767028808594,10321111,0.0,0.0
2024-09-04,315.0,316.20001220703125,308.3999938964844,314.3999938964844,284.2253112792969,25397204,0.0,0.0
2024-09-05,316.95001220703125,316.95001220703125,310.1499938964844,311.3999938964844,281.5132751464844,15571640,0.0,0.0
2024-09-06,311.5,313.1499938964844,303.70001220703125,308.79998779296875,279.16278076171875,27946491,0.0,0.0
2024-09-09,308.70001220703125,308.70001220703125,294.6499938964844,298.8999938964844,270.2129211425781,30369085,0.0,0.0
2024-09-10,300.1000061035156,301.5,295.0,295.6000061035156,267.2296447753906,15618589,0.0,0.0
2024-09-11,292.3999938964844,292.3999938964844,283.25,285.29998779296875,257.9181823730469,44826300,0.0,0.0
2024-09-12,288.0,294.75,286.5,294.04998779296875,265.8283996582031,21964895,0.0,0.0
2024-09-13,295.70001220703125,297.25,291.04998779296875,291.45001220703125,263.4779357910156,13672371,0.0,0.0
2024-09-16,294.79998779296875,295.3999938964844,291.3500061035156,292.5,264.4272155761719,10971110,0.0,0.0
2024-09-17,293.70001220703125,296.6000061035156,292.1499938964844,294.6499938964844,266.3708190917969,11873436,0.0,0.0
2024-09-18,297.6000061035156,297.79998779296875,287.8999938964844,290.3999938964844,262.5287170410156,13421760,0.0,0.0
2024-09-19,287.3999938964844,289.20001220703125,282.5,285.25,257.8729858398437,17067311,0.0,0.0
2024-09-20,287.0,289.04998779296875,285.20001220703125,286.25,258.77703857421875,16585530,0.0,0.0
2024-09-23,288.3999938964844,296.3999938964844,287.54998779296875,295.45001220703125,267.0940856933594,14621229,0.0,0.0
2024-09-24,296.29998779296875,302.0,294.70001220703125,299.45001220703125,270.7101745605469,16986759,0.0,0.0
2024-09-25,299.45001220703125,301.20001220703125,296.70001220703125,298.70001220703125,270.0321350097656,10609614,0.0,0.0
2024-09-26,297.04998779296875,298.70001220703125,291.5,295.20001220703125,266.8680725097656,27812412,0.0,0.0
2024-09-27,292.70001220703125,298.45001220703125,289.70001220703125,297.20001220703125,268.67608642578125,35706130,0.0,0.0
2024-09-30,297.0,301.79998779296875,293.75,297.6000061035156,269.0377197265625,16294341,0.0,0.0
2024-10-01,297.0,299.1499938964844,290.70001220703125,291.95001220703125,263.929931640625,10919818,0.0,0.0
2024-10-03,295.0,298.0,290.54998779296875,292.04998779296875,264.0203857421875,28124665,0.0,0.0
2024-10-04,297.0,299.70001220703125,293.20001220703125,295.25,266.9132385253906,23104209,0.0,0.0
2024-10-07,296.0,296.29998779296875,281.5,289.45001220703125,261.669921875,20917962,0.0,0.0
2024-10-08,288.1499938964844,293.8999938964844,280.54998779296875,293.45001220703125,265.2859802246094,10572360,0.0,0.0
2024-10-09,291.25,291.8999938964844,286.8500061035156,288.5,260.81109619140625,13147475,0.0,0.0
2024-10-10,288.70001220703125,292.1499938964844,287.54998779296875,288.75,261.0370788574219,7237212,0.0,0.0
2024-10-11,291.29998779296875,293.6499938964844,289.5,292.54998779296875,264.47235107421875,7011704,0.0,0.0
2024-10-14,292.70001220703125,292.8999938964844,285.1499938964844,286.5,259.0030212402344,12690951,0.0,0.0
2024-10-15,286.3999938964844,286.3999938964844,280.8500061035156,283.70001220703125,256.4717712402344,15087155,0.0,0.0
2024-10-16,283.0,287.25,280.6499938964844,285.3999938964844,258.00860595703125,18188885,0.0,0.0
2024-10-17,285.0,287.6000061035156,280.95001220703125,281.6000061035156,254.5732879638672,13343303,0.0,0.0
2024-10-18,282.0,284.5,279.20001220703125,283.29998779296875,256.110107421875,14028398,0.0,0.0
2024-10-21,281.1499938964844,284.0,274.54998779296875,276.6000061035156,250.05319213867188,10299773,0.0,0.0
2024-10-22,278.0,278.1499938964844,270.0,270.79998779296875,244.80984497070312,10028511,0.0,0.0
2024-10-23,270.0,274.3999938964844,265.04998779296875,270.8500061035156,244.8550567626953,18823321,0.0,0.0
2024-10-24,271.8999938964844,272.45001220703125,268.3500061035156,269.1000061035156,243.27301025390625,7488521,0.0,0.0
2024-10-25,270.0,270.29998779296875,261.6000061035156,264.04998779296875,238.7076568603516,12961181,0.0,0.0
2024-10-28,260.6499938964844,265.04998779296875,255.3000030517578,263.3500061035156,238.07485961914065,13835091,0.0,0.0
2024-10-29,263.3500061035156,265.54998779296875,259.3999938964844,265.0,239.5664825439453,9122757,0.0,0.0
2024-10-30,265.0,266.20001220703125,261.04998779296875,261.6499938964844,236.5380096435547,11166643,0.0,0.0
2024-10-31,263.3999938964844,268.29998779296875,261.1499938964844,266.1499938964844,240.6061248779297,16173656,0.0,0.0
2024-11-01,269.79998779296875,274.0,268.6499938964844,271.75,245.66868591308597,2955757,0.0,0.0
2024-11-04,274.0,274.3500061035156,260.1499938964844,265.29998779296875,239.83770751953125,14355959,0.0,0.0
2024-11-05,265.20001220703125,268.6000061035156,263.6000061035156,267.3999938964844,241.73614501953125,11676017,0.0,0.0
2024-11-06,267.70001220703125,270.6000061035156,264.3999938964844,269.04998779296875,243.227783203125,19244545,0.0,0.0
2024-11-07,270.5,270.5,264.79998779296875,265.20001220703125,239.747314453125,6766663,0.0,0.0
2024-11-08,265.95001220703125,266.5,259.6499938964844,262.54998779296875,237.35162353515625,7836093,0.0,0.0
2024-11-11,262.3500061035156,262.3500061035156,256.0,256.8999938964844,232.2439117431641,8450657,0.0,0.0
2024-11-12,260.8500061035156,263.20001220703125,255.3999938964844,256.1499938964844,231.5658721923828,22445400,0.0,0.0
2024-11-13,256.1499938964844,256.95001220703125,249.0,252.5500030517578,228.31138610839844,17483332,0.0,0.0
2024-11-14,252.5500030517578,254.3000030517578,249.0,250.8000030517578,226.7293701171875,12454540,0.0,0.0
2024-11-18,251.1000061035156,252.1000061035156,247.1000061035156,250.6499938964844,226.5937347412109,14636541,0.0,0.0
2024-11-19,250.0,255.3999938964844,247.1000061035156,248.0,229.69651794433597,17397559,6.0,0.0
2024-11-21,248.0,248.0,240.8000030517578,242.1499938964844,224.27825927734372,16189440,0.0,0.0
2024-11-22,244.8000030517578,246.9499969482422,243.5,245.6000061035156,227.4736328125,9637581,0.0,0.0
2024-11-25,248.5,260.5,247.9499969482422,257.8999938964844,238.86582946777344,31973671,0.0,0.0
2024-11-26,256.95001220703125,258.25,252.5500030517578,254.25,235.4852294921875,9242451,0.0,0.0
2024-11-27,255.0,255.5,250.5500030517578,254.3000030517578,235.5315399169922,11689970,0.0,0.0
2024-11-28,255.0,257.3999938964844,251.1999969482422,252.1999969482422,233.5865173339844,14202863,0.0,0.0
2024-11-29,253.8000030517578,258.6499938964844,252.25,256.70001220703125,237.75440979003903,11476347,0.0,0.0
2024-12-02,255.5,258.29998779296875,252.6999969482422,257.54998779296875,238.5416717529297,13677959,0.0,0.0
2024-12-03,260.3999938964844,264.70001220703125,258.8500061035156,262.3500061035156,242.9874267578125,15345326,0.0,0.0
2024-12-04,263.8500061035156,264.29998779296875,260.0,260.70001220703125,241.45919799804688,10713838,0.0,0.0
2024-12-05,260.70001220703125,263.25,256.8999938964844,261.29998779296875,242.01487731933597,12896743,0.0,0.0
2024-12-06,260.79998779296875,263.0,259.54998779296875,260.04998779296875,240.85716247558597,8783386,0.0,0.0
2024-12-09,260.04998779296875,261.3500061035156,257.70001220703125,258.8999938964844,239.79205322265625,6800856,0.0,0.0
2024-12-10,257.6499938964844,258.75,254.5,256.8999938964844,237.93963623046875,11318782,0.0,0.0
2024-12-11,257.5,258.70001220703125,255.6499938964844,256.6000061035156,237.66180419921875,5353032,0.0,0.0
2024-12-12,258.0,258.6000061035156,253.6000061035156,254.0500030517578,235.29998779296875,7123877,0.0,0.0
2024-12-13,253.0,256.79998779296875,249.5,254.25,235.4852294921875,11143128,0.0,0.0
2024-12-16,254.0,256.29998779296875,251.1999969482422,251.8000030517578,233.21604919433597,7283872,0.0,0.0
2024-12-17,251.75,252.4499969482422,246.5,247.3999938964844,229.1407928466797,10066884,0.0,0.0
2024-12-18,247.3999938964844,247.5,243.3999938964844,244.1499938964844,226.13064575195312,8430930,0.0,0.0
2024-12-19,240.0,243.9499969482422,238.5500030517578,241.8500061035156,224.0003967285156,9518542,0.0,0.0
2024-12-20,241.5,244.1499938964844,235.3000030517578,237.1000061035156,219.60096740722656,15556528,0.0,0.0
2024-12-23,238.25,242.3000030517578,236.8500061035156,240.8500061035156,223.07423400878903,7722901,0.0,0.0
2024-12-24,241.0,243.25,238.6000061035156,238.9499969482422,221.31442260742188,3577400,0.0,0.0
2024-12-26,240.0,242.0,239.0,240.25,222.51849365234372,6330006,0.0,0.0
2024-12-27,240.0,241.0,236.3000030517578,236.8999938964844,219.4157257080078,6487888,0.0,0.0
2024-12-30,236.0500030517578,237.0,231.1499938964844,232.6499938964844,215.4794006347656,19401112,0.0,0.0
2024-12-31,232.6499938964844,239.8999938964844,232.3500061035156,239.25,221.59228515625,12004845,0.0,0.0
2025-01-01,237.80999755859372,239.2400054931641,236.3500061035156,236.9499969482422,219.4620361328125,9418453,0.0,0.0
2025-01-02,237.0500030517578,246.77999877929688,237.0,246.07000732421875,227.9089508056641,19745810,0.0,0.0
2025-01-03,248.4499969482422,262.75,247.9900054931641,258.8900146484375,239.78277587890625,49760410,0.0,0.0
2025-01-06,259.1099853515625,259.5,251.4499969482422,254.3600006103516,235.5871124267578,19265884,0.0,0.0
2025-01-07,259.1499938964844,267.3999938964844,258.04998779296875,263.489990234375,244.0432586669922,52956766,0.0,0.0
2025-01-08,266.45001220703125,273.5,265.75,271.3299865722656,251.30465698242188,42237794,0.0,0.0
2025-01-09,272.0299987792969,272.5899963378906,261.7099914550781,263.17999267578125,243.75613403320312,14706472,0.0,0.0
2025-01-10,264.0,266.5,258.4700012207031,263.0199890136719,243.60794067382807,13053552,0.0,0.0
2025-01-13,266.0299987792969,268.6000061035156,254.6100006103516,255.72999572753903,236.8560028076172,20416370,0.0,0.0
2025-01-14,257.5199890136719,262.0,256.82000732421875,260.3699951171875,241.15353393554688,8470150,0.0,0.0
2025-01-15,260.8999938964844,264.4700012207031,257.69000244140625,258.17999267578125,239.1251678466797,9344731,0.0,0.0
2025-01-16,260.0,265.6300048828125,260.0,263.17999267578125,243.75613403320312,14195450,0.0,0.0
2025-01-17,262.0,267.0,261.29998779296875,266.57000732421875,246.89596557617188,12148143,0.0,0.0
2025-01-20,268.1000061035156,270.4700012207031,265.010009765625,269.3599853515625,249.48004150390625,9676264,0.0,0.0
2025-01-21,268.04998779296875,269.3500061035156,264.8099975585937,265.79998779296875,246.1827850341797,8989218,0.0,0.0
2025-01-22,266.0,266.3900146484375,261.7099914550781,264.04998779296875,244.5619201660156,7919682,0.0,0.0
2025-01-23,263.0,263.8299865722656,261.1700134277344,263.04998779296875,243.6357269287109,5026675,0.0,0.0
2025-01-24,262.989990234375,265.6400146484375,255.75,256.510009765625,237.5784454345703,6306281,0.0,0.0
2025-01-27,255.0,256.44000244140625,249.50999450683597,250.77999877929688,232.2713165283203,6944911,0.0,0.0
2025-01-28,250.0,252.3999938964844,246.7100067138672,248.67999267578125,230.3262939453125,8029472,0.0,0.0
2025-01-29,248.8999938964844,252.0,247.0,251.3999938964844,232.84555053710935,5651586,0.0,0.0
2025-01-30,252.0,259.3999938964844,250.94000244140625,256.7200012207031,237.77291870117188,12588155,0.0,0.0
2025-01-31,257.010009765625,263.489990234375,255.2100067138672,262.6099853515625,243.22821044921875,8850307,0.0,0.0
2025-02-01,259.54998779296875,262.5,253.75,257.54998779296875,238.5416717529297,10921673,0.0,0.0
2025-02-03,255.6000061035156,256.3500061035156,244.8500061035156,249.0,230.62271118164065,25719512,0.0,0.0
2025-02-04,252.3999938964844,257.5,252.0,254.1000061035156,235.3463134765625,8402532,0.0,0.0
2025-02-05,259.0,263.0,257.75,261.6499938964844,242.3390655517578,11590755,0.0,0.0
2025-02-06,262.6499938964844,262.95001220703125,254.3000030517578,256.1499938964844,237.2449951171875,12327998,0.0,0.0
2025-02-07,252.9499969482422,253.8500061035156,247.5,248.8999938964844,235.11956787109372,10098454,5.0,0.0
2025-02-10,248.9499969482422,249.6000061035156,241.8000030517578,242.4499969482422,229.02667236328125,7582536,0.0,0.0
2025-02-11,242.4499969482422,242.4499969482422,236.8000030517578,238.9499969482422,225.72044372558597,6711630,0.0,0.0
2025-02-12,239.0,241.25,234.1499938964844,237.3999938964844,224.2562561035156,5985956,0.0,0.0
2025-02-13,238.5,239.4499969482422,234.1999969482422,234.9499969482422,221.94190979003903,10079210,0.0,0.0
2025-02-14,235.0,237.9499969482422,226.75,230.5,217.73829650878903,8065352,0.0,0.0
2025-02-17,230.1999969482422,234.3000030517578,225.0500030517578,233.6499938964844,220.71388244628903,6692422,0.0,0.0
2025-02-18,232.1999969482422,237.1499938964844,229.5500030517578,236.6000061035156,223.5005645751953,6170974,0.0,0.0
2025-02-19,236.0,238.8000030517578,234.5,238.3000030517578,225.1064453125,6168581,0.0,0.0
2025-02-20,236.8000030517578,242.6499938964844,236.5,241.8999938964844,228.5071258544922,8929816,0.0,0.0
2025-02-21,241.8999938964844,243.0500030517578,238.1000061035156,239.8999938964844,226.61785888671875,5697387,0.0,0.0
2025-02-24,236.3000030517578,237.9499969482422,234.0,234.3500061035156,221.3751220703125,6883143,0.0,0.0
2025-02-25,235.0,236.6999969482422,232.5500030517578,233.0,220.0998687744141,5519036,0.0,0.0
2025-02-27,233.5,233.8500061035156,228.5,231.0,218.21060180664065,9664032,0.0,0.0
2025-02-28,230.0,230.5,223.1499938964844,225.25,212.7789459228516,17237276,0.0,0.0
2025-03-03,224.75,226.0,218.3600006103516,225.1300048828125,212.6656036376953,11928529,0.0,0.0
2025-03-04,220.1000061035156,227.75,215.47999572753903,226.75999450683597,214.20535278320312,12428265,0.0,0.0
2025-03-05,227.1199951171875,231.25,226.75999450683597,228.94000244140625,216.26466369628903,7466729,0.0,0.0
2025-03-06,231.4900054931641,233.57000732421875,226.7100067138672,232.6000061035156,219.72203063964844,10439208,0.0,0.0
2025-03-07,232.6000061035156,236.47000122070312,231.1699981689453,232.88999938964844,219.99595642089844,9079049,0.0,0.0
2025-03-10,232.88999938964844,235.0,222.47999572753903,223.19000244140625,210.8330078125,16489167,0.0,0.0
2025-03-11,220.8999938964844,227.25999450683597,220.1000061035156,226.72000122070312,214.1675720214844,10941588,0.0,0.0
2025-03-12,227.1000061035156,228.83999633789065,222.3600006103516,224.3999938964844,211.97601318359372,6994310,0.0,0.0
2025-03-13,228.1499938964844,230.3999938964844,224.8699951171875,225.42999267578125,212.948974609375,16105085,0.0,0.0
2025-03-17,226.5200042724609,230.4499969482422,226.2400054931641,229.7400054931641,217.02037048339844,8788971,0.0,0.0
2025-03-18,229.7400054931641,229.7400054931641,229.7400054931641,229.7400054931641,217.02037048339844,0,0.0,0.0
2025-03-19,232.5,235.13999938964844,231.6000061035156,232.57000732421875,219.69369506835935,8626593,0.0,0.0
2025-03-20,233.47999572753903,237.0399932861328,232.00999450683597,235.58999633789065,222.5464782714844,18955995,0.0,0.0
2025-03-21,235.8000030517578,248.0,235.8000030517578,242.4199981689453,228.9983367919922,29285333,0.0,0.0
2025-03-24,244.19000244140625,246.3999938964844,242.75,243.8300018310547,230.3302764892578,10566066,0.0,0.0
2025-03-25,244.00999450683597,245.3699951171875,240.5500030517578,242.25,228.83775329589844,8915800,0.0,0.0
2025-03-26,243.3500061035156,244.5,239.3699951171875,239.72000122070312,226.44781494140625,7543985,0.0,0.0
2025-03-27,238.8699951171875,243.3999938964844,238.6499938964844,242.1699981689453,228.76217651367188,9935664,0.0,0.0
2025-03-28,243.44000244140625,254.8999938964844,243.25999450683597,246.3800048828125,232.7390899658203,32905564,0.0,0.0
2025-04-01,247.0,252.1999969482422,246.6999969482422,248.07000732421875,234.3355255126953,11258957,0.0,0.0
2025-04-02,250.0500030517578,251.5,248.0,250.63999938964844,236.76324462890625,15337906,0.0,0.0
2025-04-03,248.0,249.6199951171875,242.50999450683597,243.30999755859372,229.83905029296875,11141370,0.0,0.0
2025-04-04,240.55999755859372,241.2100067138672,224.1999969482422,226.00999450683597,213.49685668945312,38336194,0.0,0.0
2025-04-07,208.0,220.8000030517578,205.0,219.83999633789065,207.66847229003903,27024128,0.0,0.0
2025-04-08,223.0,227.2400054931641,219.17999267578125,226.66000366210935,214.11090087890625,11309092,0.0,0.0
2025-04-09,222.0,224.05999755859372,220.25999450683597,221.94000244140625,209.6522216796875,16889575,0.0,0.0
2025-04-11,228.3000030517578,231.3999938964844,225.25,230.3699951171875,217.615478515625,13886447,0.0,0.0
2025-04-15,234.0,234.0,230.1000061035156,232.69000244140625,219.8070526123047,12102239,0.0,0.0
2025-04-16,232.69000244140625,242.0,231.72000122070312,241.22000122070312,227.86476135253903,18748952,0.0,0.0
2025-04-17,241.0,244.6100006103516,239.25999450683597,243.4900054931641,230.0091094970703,12891813,0.0,0.0
2025-04-21,244.00999450683597,250.5500030517578,241.75,249.77999877929688,235.95083618164065,11698653,0.0,0.0
2025-04-22,248.97000122070312,250.6000061035156,247.25999450683597,247.77999877929688,234.0615692138672,9896443,0.0,0.0
2025-04-23,248.7400054931641,252.75,244.9199981689453,252.1699981689453,238.2085418701172,16555874,0.0,0.0
2025-04-24,250.0,251.3699951171875,248.0,249.3699951171875,235.56353759765625,6538518,0.0,0.0
2025-04-25,249.0,250.67999267578125,244.3999938964844,246.3300018310547,232.69186401367188,15616265,0.0,0.0
2025-04-28,246.0,251.9499969482422,244.3800048828125,250.6000061035156,236.72543334960935,7669983,0.0,0.0
2025-04-29,251.2400054931641,252.1000061035156,245.1000061035156,245.67999267578125,232.07781982421875,8030552,0.0,0.0
2025-04-30,245.5,247.44000244140625,242.22000122070312,244.4499969482422,230.9159393310547,9822483,0.0,0.0
2025-05-02,241.0,246.2700042724609,239.0,242.7400054931641,229.3006134033203,10203190,0.0,0.0
2025-05-05,240.0,241.1499938964844,234.5,239.1999969482422,225.95660400390625,20086323,0.0,0.0
2025-05-06,241.1300048828125,242.9900054931641,236.0,237.0,223.87841796875,11350559,0.0,0.0
2025-05-07,232.3000030517578,240.08999633789065,232.07000732421875,238.6699981689453,225.45594787597656,16689539,0.0,0.0
2025-05-08,237.66000366210935,239.33999633789065,231.3999938964844,233.22000122070312,220.3076934814453,15026122,0.0,0.0
2025-05-09,229.1000061035156,235.3000030517578,228.4499969482422,234.9600067138672,221.9513702392578,11184507,0.0,0.0
2025-05-12,239.0,244.6000061035156,238.1100006103516,244.0200042724609,230.5097503662109,11374237,0.0,0.0
2025-05-13,244.1499938964844,245.2899932861328,240.2899932861328,241.16000366210935,227.80810546875,9336026,0.0,0.0
2025-05-14,241.16000366210935,246.8999938964844,241.16000366210935,246.00999450683597,232.3895721435547,8234859,0.0,0.0
2025-05-15,244.9499969482422,248.9199981689453,242.3000030517578,247.6100006103516,233.90098571777344,16812750,0.0,0.0
2025-05-16,247.05999755859372,249.38999938964844,246.1999969482422,247.2700042724609,233.57981872558597,8030229,0.0,0.0
2025-05-19,248.0,249.4499969482422,244.91000366210935,246.5800018310547,232.92800903320312,8043270,0.0,0.0
2025-05-20,246.7899932861328,252.6999969482422,246.7899932861328,249.25999450683597,235.45962524414065,13183059,0.0,0.0
2025-05-21,251.5,251.9499969482422,247.75999450683597,248.67999267578125,234.91172790527344,7158307,0.0,0.0
2025-05-22,248.67999267578125,250.47999572753903,239.6100006103516,241.6699981689453,228.28985595703125,18502235,0.0,0.0
2025-05-23,242.5,244.67999267578125,240.1499938964844,244.2400054931641,230.7175750732422,8725218,0.0,0.0
2025-05-26,245.3000030517578,247.1300048828125,244.80999755859372,245.94000244140625,232.32347106933597,7159571,0.0,0.0
2025-05-27,246.8500061035156,246.8500061035156,242.9199981689453,244.5399932861328,231.0009613037109,9712093,0.0,0.0
2025-05-28,244.63999938964844,245.33999633789065,241.3000030517578,242.6699981689453,229.2344970703125,7385958,0.0,0.0
2025-05-29,243.6000061035156,244.6000061035156,241.3500061035156,243.0399932861328,229.58399963378903,12938112,0.0,0.0
2025-05-30,243.0399932861328,245.19000244140625,238.88999938964844,239.3999938964844,226.14552307128903,10108840,0.0,0.0
2025-06-02,239.0,240.08999633789065,237.66000366210935,238.30999755859372,225.1158905029297,6278145,0.0,0.0
2025-06-03,240.5,241.0500030517578,236.6000061035156,237.2700042724609,224.1334686279297,9515918,0.0,0.0
2025-06-04,238.0,238.5,235.5,238.0500030517578,224.8702850341797,6733580,0.0,0.0
2025-06-05,238.0500030517578,239.6199951171875,236.22000122070312,237.7700042724609,224.60577392578125,8941808,0.0,0.0
2025-06-06,237.7899932861328,240.47000122070312,237.50999450683597,240.05999755859372,226.7689971923828,5985346,0.0,0.0
2025-06-09,241.77999877929688,244.1199951171875,240.5,242.8000030517578,229.3572998046875,7719525,0.0,0.0
2025-06-10,244.25,245.0,242.58999633789065,244.67999267578125,231.1332092285156,7659657,0.0,0.0
2025-06-11,244.5,250.3999938964844,243.5500030517578,247.32000732421875,233.6270446777344,20842417,0.0,0.0
2025-06-12,251.5,255.1999969482422,246.75,247.8800048828125,234.1560516357422,35613271,0.0,0.0
2025-06-13,255.5500030517578,255.9499969482422,249.1199951171875,251.50999450683597,237.58506774902344,39320377,0.0,0.0
2025-06-16,253.9900054931641,257.5,252.19000244140625,256.7900085449219,242.57275390625,41444122,0.0,0.0
2025-06-17,256.94000244140625,257.0899963378906,251.5500030517578,252.30999755859372,238.3407745361328,18781097,0.0,0.0
2025-06-18,254.02999877929688,255.88999938964844,249.7700042724609,250.3600006103516,236.4987335205078,12691905,0.0,0.0
2025-06-19,250.5,253.0,248.1999969482422,251.55999755859372,237.63229370117188,10790997,0.0,0.0
2025-06-20,252.25999450683597,253.25,249.3500061035156,251.88999938964844,237.9440155029297,15907673,0.0,0.0
2025-06-23,253.00999450683597,255.4900054931641,250.3300018310547,251.3800048828125,237.46226501464844,16776881,0.0,0.0
2025-06-24,247.5,248.0,243.4900054931641,243.9199981689453,230.415283203125,22215004,0.0,0.0
2025-06-25,244.0,245.3000030517578,241.5,241.91000366210935,228.51657104492188,13056178,0.0,0.0
2025-06-26,242.0,245.3699951171875,241.5399932861328,244.72999572753903,231.1804351806641,15769123,0.0,0.0
2025-06-27,245.00999450683597,246.22000122070312,242.0,242.8300018310547,229.38563537597656,21691960,0.0,0.0
2025-06-30,244.0,245.6999969482422,243.0,244.2100067138672,230.6892242431641,8783448,0.0,0.0
2025-07-01,245.3000030517578,245.3000030517578,241.3000030517578,243.3699951171875,229.89573669433597,8470489,0.0,0.0
2025-07-02,242.8999938964844,243.75,240.1999969482422,241.07000732421875,227.72308349609372,10419419,0.0,0.0
2025-07-03,242.0,246.1999969482422,241.8000030517578,244.0500030517578,230.53810119628903,13891239,0.0,0.0
2025-07-04,245.1999969482422,245.4499969482422,242.50999450683597,245.2400054931641,231.66221618652344,7717259,0.0,0.0
2025-07-07,245.5,245.5,240.8300018310547,241.5200042724609,228.14816284179688,9222263,0.0,0.0
2025-07-08,242.41000366210935,243.6999969482422,240.6499938964844,243.2400054931641,229.77294921875,7537067,0.0,0.0
2025-07-09,243.3500061035156,244.58999633789065,242.2700042724609,243.3500061035156,229.87684631347656,9590680,0.0,0.0
2025-07-10,243.50999450683597,244.69000244140625,242.3300018310547,243.08999633789065,229.63124084472656,8012201,0.0,0.0
2025-07-11,243.0500030517578,243.08999633789065,240.8000030517578,241.75999450683597,228.3748779296875,5608382,0.0,0.0
2025-07-14,242.8999938964844,244.88999938964844,241.13999938964844,244.22000122070312,230.69866943359372,7568906,0.0,0.0
2025-07-15,244.47999572753903,245.3699951171875,242.6999969482422,243.6699981689453,230.1791229248047,7843083,0.0,0.0
2025-07-16,244.0,244.1499938964844,242.3000030517578,242.8500061035156,229.40452575683597,5656962,0.0,0.0
2025-07-17,243.0,244.55999755859372,242.82000732421875,243.8699951171875,230.3680419921875,7006298,0.0,0.0
2025-07-18,244.7400054931641,247.3500061035156,243.4600067138672,246.30999755859372,232.67295837402344,10293817,0.0,0.0
2025-07-21,246.0,246.3000030517578,244.42999267578125,245.0399932861328,231.4732818603516,5424455,0.0,0.0
2025-07-22,245.0399932861328,246.8699951171875,244.07000732421875,246.41000366210935,232.76742553710935,5869862,0.0,0.0
2025-07-23,246.0,247.1999969482422,244.25999450683597,245.5500030517578,231.95504760742188,7357753,0.0,0.0
2025-07-24,245.55999755859372,246.1999969482422,243.75999450683597,244.8300018310547,231.27491760253903,4590999,0.0,0.0
2025-07-25,244.0,244.8000030517578,239.25,240.2899932861328,226.98626708984372,7427827,0.0,0.0
2025-07-28,240.2899932861328,241.55999755859372,237.8000030517578,240.0200042724609,226.7312164306641,6865890,0.0,0.0
2025-07-29,240.0200042724609,242.50999450683597,239.82000732421875,241.44000244140625,228.07260131835935,6157824,0.0,0.0
2025-07-30,242.5399932861328,243.7100067138672,240.1000061035156,241.80999755859372,228.42208862304688,8767763,0.0,0.0
2025-07-31,240.1999969482422,242.80999755859372,239.66000366210935,241.0,227.65695190429688,10254214,0.0,0.0
2025-08-01,240.1000061035156,240.7100067138672,234.0500030517578,236.7899932861328,223.68003845214844,12629251,0.0,0.0
2025-08-04,236.5,238.38999938964844,234.0,234.8300018310547,221.82855224609372,16174972,0.0,0.0
2025-08-05,235.5,236.0,233.0500030517578,234.47999572753903,221.49794006347656,9562689,0.0,0.0
2025-08-06,234.5500030517578,235.3699951171875,232.91000366210935,233.7700042724609,220.82725524902344,7568954,0.0,0.0
2025-08-07,233.1499938964844,234.1999969482422,231.30999755859372,233.92999267578125,220.97836303710935,5560413,0.0,0.0
2025-08-08,233.8999938964844,235.1199951171875,232.67999267578125,233.44000244140625,220.51551818847656,5249568,0.0,0.0
2025-08-11,233.44000244140625,235.0,231.5800018310547,233.7899932861328,220.84613037109372,4699743,0.0,0.0
2025-08-12,233.8000030517578,236.3600006103516,233.6100006103516,235.5200042724609,222.48036193847656,7036778,0.0,0.0
2025-08-13,237.7400054931641,239.9499969482422,236.3000030517578,238.6699981689453,225.45594787597656,8501906,0.0,0.0
2025-08-14,238.50999450683597,238.6699981689453,234.42999267578125,236.94000244140625,223.82174682617188,7258450,0.0,0.0
2025-08-18,237.25,238.58999633789065,235.5,238.16000366210935,224.9741973876953,8501972,0.0,0.0
2025-08-19,237.5,238.5399932861328,236.67999267578125,237.94000244140625,224.766357421875,5538059,0.0,0.0
2025-08-20,237.0,239.08999633789065,237.0,237.92999267578125,224.7569122314453,7438061,0.0,0.0
2025-08-21,238.0,240.9900054931641,237.22999572753903,238.2899932861328,225.09698486328125,8111371,0.0,0.0
2025-08-22,238.0,238.6300048828125,235.88999938964844,236.2899932861328,223.2077178955078,5423818,0.0,0.0
2025-08-25,236.3000030517578,237.4900054931641,235.6499938964844,236.75999450683597,223.6516876220703,8854258,0.0,0.0
2025-08-26,236.66000366210935,237.3000030517578,233.8000030517578,234.19000244140625,221.2239990234375,14671897,0.0,0.0
2025-08-28,234.3000030517578,235.27999877929688,232.3800048828125,233.38999938964844,220.46829223632807,13870643,0.0,0.0
2025-08-29,233.38999938964844,235.3699951171875,231.3300018310547,233.7100067138672,220.7705841064453,9928988,0.0,0.0
2025-09-01,234.0,239.19000244140625,233.07000732421875,238.72000122070312,225.5031890869141,4366396,0.0,0.0
2025-09-02,238.75,242.5,237.3999938964844,239.4900054931641,226.23057556152344,5921193,0.0,0.0
2025-09-03,239.5,241.94000244140625,238.4600067138672,239.07000732421875,225.83383178710935,4364007,0.0,0.0
2025-09-04,239.07000732421875,239.3500061035156,235.42999267578125,235.72000122070312,223.8396453857422,8778730,1.25,0.0
2025-09-05,235.75,237.16000366210935,233.00999450683597,234.1300048828125,222.3297882080078,7210683,0.0,0.0
2025-09-08,234.1300048828125,234.97999572753903,232.05999755859372,232.52999877929688,220.8104248046875,8418326,0.0,0.0
2025-09-09,232.52999877929688,234.58999633789065,230.75999450683597,231.3300018310547,219.67091369628903,11665314,0.0,0.0
2025-09-10,233.0,233.0399932861328,231.0,231.7400054931641,220.06024169921875,11775053,0.0,0.0
2025-09-11,232.1000061035156,235.22000122070312,232.1000061035156,233.75999450683597,221.97840881347656,11047708,0.0,0.0
2025-09-12,234.50999450683597,235.41000366210935,232.6999969482422,233.25,221.494140625,6073522,0.0,0.0
2025-09-15,233.1499938964844,234.19000244140625,232.0,232.25999450683597,220.55401611328125,6153784,0.0,0.0
2025-09-16,232.47999572753903,235.2700042724609,232.4199981689453,235.08999633789065,223.24139404296875,7319921,0.0,0.0
2025-09-17,236.0,237.9600067138672,235.17999267578125,236.8800048828125,224.9411773681641,7628371,0.0,0.0
2025-09-18,237.6999969482422,237.6999969482422,234.5,235.58999633789065,223.71620178222656,6497852,0.0,0.0
2025-09-19,235.1100006103516,237.3999938964844,234.75,236.69000244140625,224.76075744628903,16484017,0.0,0.0
2025-09-22,236.0,238.4499969482422,235.6499938964844,237.47000122070312,225.5014495849609,9962796,0.0,0.0
2025-09-23,237.25,237.58999633789065,235.1499938964844,236.66000366210935,224.73228454589844,7014239,0.0,0.0
2025-09-24,236.66000366210935,240.1300048828125,236.25999450683597,238.5200042724609,226.4985198974609,8299331,0.0,0.0
2025-09-25,238.9199981689453,242.13999938964844,238.5200042724609,239.6699981689453,227.590576171875,10150654,0.0,0.0
2025-09-26,240.0,240.25999450683597,236.83999633789065,238.0200042724609,226.02374267578125,6349466,0.0,0.0
2025-09-29,239.0,241.16000366210935,238.1699981689453,239.97999572753903,227.88494873046875,10631271,0.0,0.0
2025-09-30,240.0,240.88999938964844,238.5,239.5,227.42913818359372,7167687,0.0,0.0
2025-10-01,238.6000061035156,246.2899932861328,238.47000122070312,243.0399932861328,230.79071044921875,10375310,0.0,0.0
2025-10-03,242.5,244.1999969482422,239.6999969482422,243.66000366210935,231.3794708251953,10702610,0.0,0.0
2025-10-06,242.72999572753903,247.5,242.72999572753903,245.8600006103516,233.4685821533203,9465503,0.0,0.0
2025-10-07,245.8600006103516,249.5,244.66000366210935,245.32000732421875,232.955810546875,12498420,0.0,0.0
2025-10-08,246.5500030517578,246.8000030517578,241.13999938964844,241.80999755859372,229.6226959228516,5073558,0.0,0.0
2025-10-09,241.83999633789065,244.5,240.55999755859372,243.38999938964844,231.1230926513672,9292031,0.0,0.0
2025-10-10,244.0500030517578,247.0800018310547,243.6000061035156,246.33999633789065,233.9243927001953,9050771,0.0,0.0
2025-10-13,245.0,245.67999267578125,241.3800048828125,244.08999633789065,231.7877960205078,12607116,0.0,0.0
2025-10-14,245.3000030517578,248.7400054931641,243.8999938964844,244.69000244140625,232.3575592041016,13865005,0.0,0.0
2025-10-15,244.69000244140625,248.19000244140625,244.2899932861328,247.72000122070312,235.2348480224609,8520238,0.0,0.0
2025-10-16,248.0,248.6999969482422,246.0,248.3500061035156,235.8330841064453,6083826,0.0,0.0
2025-10-17,248.5500030517578,248.5500030517578,244.7700042724609,247.69000244140625,235.20635986328125,14250215,0.0,0.0
2025-10-20,247.69000244140625,249.1999969482422,244.9900054931641,248.7400054931641,236.2034454345703,10920554,0.0,0.0
2025-10-21,248.7400054931641,249.3000030517578,247.38999938964844,248.1199951171875,235.6146697998047,569979,0.0,0.0
2025-10-23,250.0,253.2400054931641,249.0800018310547,252.30999755859372,239.593505859375,13879042,0.0,0.0
2025-10-24,254.0,257.3999938964844,252.8500061035156,254.9600067138672,242.1099548339844,17882209,0.0,0.0
2025-10-27,255.4199981689453,256.0899963378906,251.91000366210935,253.2700042724609,240.50511169433597,7889080,0.0,0.0
2025-10-28,253.1000061035156,253.7899932861328,249.8600006103516,250.5399932861328,237.9127197265625,8529692,0.0,0.0
2025-10-29,250.9499969482422,257.3399963378906,250.5500030517578,255.63999938964844,242.7556610107422,8806213,0.0,0.0
2025-10-30,256.5,256.5,253.41000366210935,254.52999877929688,241.7016143798828,5266883,0.0,0.0
2025-10-31,254.6999969482422,257.8999938964844,253.32000732421875,255.3699951171875,242.499267578125,7199008,0.0,0.0
2025-11-03,255.0,258.5,254.3000030517578,257.54998779296875,244.56939697265625,5450040,0.0,0.0
2025-11-04,256.1000061035156,257.5,252.0,252.3500061035156,239.6314849853516,6006851,0.0,0.0
2025-11-06,253.5500030517578,255.5,250.4499969482422,251.5,238.82432556152344,6987258,0.0,0.0
2025-11-07,250.0,253.6000061035156,250.0,252.1999969482422,239.48904418945312,4449104,0.0,0.0
2025-11-10,252.0,255.5,249.5,251.3999938964844,238.72935485839844,7418162,0.0,0.0
2025-11-11,254.1999969482422,254.1999969482422,246.0,249.4499969482422,236.8776397705078,16183880,0.0,0.0
2025-11-12,252.6000061035156,255.6000061035156,249.8999938964844,253.8500061035156,241.05589294433597,11917811,0.0,0.0
2025-11-13,253.6999969482422,253.6999969482422,247.3000030517578,250.8500061035156,238.2071075439453,13057927,0.0,0.0
2025-11-14,245.5,249.6499938964844,245.1000061035156,247.6000061035156,240.88247680664065,9185042,6.0,0.0
2025-11-17,247.6000061035156,249.6999969482422,247.4499969482422,248.0500030517578,241.3202667236328,6281588,0.0,0.0
2025-11-18,247.0,249.4499969482422,246.3000030517578,246.9499969482422,240.2501220703125,7708871,0.0,0.0
2025-11-19,246.9499969482422,250.3000030517578,245.3999938964844,249.0,242.2445068359375,7075882,0.0,0.0
2025-11-20,249.0,251.1000061035156,247.6000061035156,248.0500030517578,241.3202667236328,6918642,0.0,0.0
2025-11-21,247.0500030517578,248.3000030517578,246.1999969482422,246.9499969482422,240.2501220703125,7589240,0.0,0.0
2025-11-24,246.9499969482422,247.4499969482422,244.3000030517578,245.75,239.08267211914065,15875282,0.0,0.0
2025-11-25,245.75,247.5,244.6000061035156,245.3500061035156,238.69354248046875,8983620,0.0,0.0
2025-11-26,245.3500061035156,248.0,245.0500030517578,247.6999969482422,240.97976684570312,7232643,0.0,0.0
2025-11-27,248.0,248.8000030517578,242.8000030517578,244.0,237.38015747070312,5600832,0.0,0.0
2025-11-28,245.0,245.3500061035156,242.5500030517578,243.25,236.6505126953125,3804191,0.0,0.0
2025-12-01,244.0500030517578,245.8500061035156,243.00999450683597,244.8300018310547,238.1876373291016,6307936,0.0,0.0
2025-12-02,243.5,246.25999450683597,242.5,243.5399932861328,236.93263244628903,5413988,0.0,0.0
2025-12-03,244.0500030517578,244.3600006103516,239.55999755859372,240.0200042724609,233.5081329345703,11829802,0.0,0.0
2025-12-04,240.5,242.6999969482422,239.69000244140625,242.22999572753903,235.6581573486328,10825420,0.0,0.0
2025-12-05,242.6999969482422,243.1999969482422,240.91000366210935,241.22999572753903,234.685302734375,7645591,0.0,0.0
2025-12-08,241.22999572753903,242.0,237.6999969482422,238.5200042724609,232.048828125,5285903,0.0,0.0
2025-12-09,237.6999969482422,240.1999969482422,236.8300018310547,239.83999633789065,233.33302307128903,9026401,0.0,0.0
2025-12-10,239.32000732421875,240.3500061035156,238.4199981689453,239.2899932861328,232.7979278564453,3492031,0.0,0.0
2025-12-11,239.2899932861328,241.3000030517578,238.13999938964844,238.41000366210935,231.9418182373047,8868641,0.0,0.0
2025-12-12,238.5,239.3999938964844,237.0200042724609,238.0200042724609,231.5624084472656,4252781,0.0,0.0
2025-12-15,238.0,238.7899932861328,229.94000244140625,235.3500061035156,228.96484375,12334408,0.0,0.0
2025-12-16,234.1699981689453,235.3000030517578,230.75,232.2100067138672,225.9100341796875,7238404,0.0,0.0
2025-12-17,231.75,233.4199981689453,228.6100006103516,232.91000366210935,226.59103393554688,5848233,0.0,0.0
2025-12-18,233.0,234.1300048828125,231.2100067138672,232.0,225.70571899414065,3964839,0.0,0.0
2025-12-19,232.0,233.5,231.5,232.88999938964844,226.57156372070312,5070902,0.0,0.0
2025-12-22,233.7899932861328,235.27999877929688,232.7700042724609,234.17999267578125,227.8265686035156,4614185,0.0,0.0
2025-12-23,234.6000061035156,237.8999938964844,234.6000061035156,235.4900054931641,229.10104370117188,5810236,0.0,0.0
2025-12-24,235.5399932861328,236.57000732421875,233.13999938964844,233.7700042724609,227.42770385742188,4114036,0.0,0.0
2025-12-26,233.83999633789065,235.27999877929688,233.0500030517578,234.52999877929688,228.1670684814453,3710774,0.0,0.0
2025-12-29,234.52999877929688,239.0200042724609,234.0,234.82000732421875,228.44921875,12621499,0.0,0.0
2025-12-30,234.9499969482422,235.6000061035156,233.30999755859372,234.67999267578125,228.31300354003903,6236729,0.0,0.0
2025-12-31,234.69000244140625,241.0,234.6100006103516,240.3800048828125,233.85836791992188,11514802,0.0,0.0
2026-01-01,240.8999938964844,241.1100006103516,237.41000366210935,237.94000244140625,231.48455810546875,5840586,0.0,0.0
2026-01-02,237.94000244140625,242.5500030517578,237.94000244140625,241.4600067138672,234.90907287597656,5925943,0.0,0.0
2026-01-05,246.8000030517578,246.8000030517578,235.6999969482422,238.08999633789065,231.6304931640625,21201434,0.0,0.0
2026-01-06,238.08999633789065,242.3600006103516,238.08999633789065,241.88999938964844,235.3274078369141,10840459,0.0,0.0
2026-01-07,240.2100067138672,241.67999267578125,238.16000366210935,239.05999755859372,232.5741729736328,8253161,0.0,0.0
2026-01-08,238.1999969482422,238.88999938964844,231.0,231.4199981689453,225.14144897460935,9218488,0.0,0.0
2026-01-09,232.2899932861328,238.25,232.0,234.08999633789065,227.739013671875,12706408,0.0,0.0
2026-01-12,234.08999633789065,236.16000366210935,231.66000366210935,235.7100067138672,229.3150634765625,9807980,0.0,0.0
2026-01-13,238.0,244.1499938964844,235.8000030517578,243.77999877929688,237.16612243652344,22527192,0.0,0.0
2026-01-14,243.9900054931641,251.0,243.5800018310547,248.22999572753903,241.4953765869141,33094088,0.0,0.0
2026-01-16,246.8999938964844,247.77999877929688,242.3999938964844,247.1699981689453,240.46414184570312,12287680,0.0,0.0
2026-01-19,245.0,248.0,242.3000030517578,243.1100006103516,236.51431274414065,6459249,0.0,0.0
2026-01-20,243.1100006103516,245.33999633789065,239.7100067138672,240.38999938964844,233.86810302734372,6496057,0.0,0.0
2026-01-21,240.0,244.4900054931641,239.50999450683597,242.3699951171875,235.79437255859372,9610477,0.0,0.0
2026-01-22,244.6000061035156,246.47000122070312,242.57000732421875,244.00999450683597,237.38987731933597,10746306,0.0,0.0
2026-01-23,245.3000030517578,246.3000030517578,241.5500030517578,245.47000122070312,238.81027221679688,8080247,0.0,0.0
2026-01-27,246.6000061035156,248.9900054931641,245.88999938964844,247.9499969482422,241.2229766845703,15915509,0.0,0.0
2026-01-28,249.1999969482422,269.6499938964844,249.1999969482422,268.5799865722656,261.29327392578125,73427983,0.0,0.0
2026-01-29,270.0,277.7699890136719,269.010009765625,275.3900146484375,267.9185485839844,48267023,0.0,0.0
2026-01-30,273.8900146484375,276.5,268.010009765625,268.9599914550781,261.6629638671875,24420043,0.0,0.0
2026-02-02,251.6000061035156,257.0,247.6000061035156,253.9499969482422,247.06021118164065,17015974,0.0,0.0
2026-02-03,259.70001220703125,262.0,249.3500061035156,257.0,250.02745056152344,19213406,0.0,0.0
2026-02-04,258.04998779296875,270.0,258.04998779296875,266.95001220703125,259.70751953125,26628393,0.0,0.0
2026-02-05,268.0,270.45001220703125,266.0,269.20001220703125,261.896484375,15268335,0.0,0.0
2026-02-06,268.0,269.95001220703125,264.70001220703125,268.95001220703125,261.6532592773437,10013728,0.0,0.0
2026-02-09,269.45001220703125,270.8999938964844,265.75,266.6000061035156,259.36700439453125,10824044,0.0,0.0
2026-02-10,267.25,273.04998779296875,267.0,272.1499938964844,264.76641845703125,13459684,0.0,0.0
2026-02-11,272.29998779296875,275.1000061035156,266.3500061035156,274.6000061035156,267.14996337890625,18388416,0.0,0.0
2026-02-12,276.0,280.29998779296875,273.45001220703125,276.3500061035156,268.8525085449219,22753270,0.0,0.0
2026-02-13,270.0,271.3500061035156,266.0,267.3999938964844,260.1452941894531,20748628,0.0,0.0
2026-02-16,267.6499938964844,272.20001220703125,265.6499938964844,271.54998779296875,264.1827087402344,13247757,0.0,0.0
2026-02-17,273.0,273.0,268.1000061035156,271.8500061035156,264.4745788574219,21292868,0.0,0.0
2026-02-18,265.0,266.1000061035156,262.54998779296875,264.6000061035156,263.47882080078125,11621040,6.25,0.0
2026-02-19,270.29998779296875,276.45001220703125,267.8500061035156,274.6499938964844,273.4862060546875,37728943,0.0,0.0
2026-02-20,277.3999938964844,280.79998779296875,274.3500061035156,278.6499938964844,277.4692687988281,31971956,0.0,0.0
2026-02-23,279.8999938964844,279.8999938964844,272.20001220703125,275.6499938964844,274.48199462890625,13113050,0.0,0.0
2026-02-24,275.6499938964844,278.1499938964844,273.29998779296875,276.5,275.3283996582031,16311581,0.0,0.0
2026-02-25,276.5,278.95001220703125,274.0,277.45001220703125,276.2743835449219,7573116,0.0,0.0
2026-02-26,277.3999938964844,281.04998779296875,275.6000061035156,280.1000061035156,278.91314697265625,13301761,0.0,0.0
2026-02-27,278.5,282.5,277.0,279.70001220703125,278.51483154296875,18554482,0.0,0.0
2026-03-02,288.0,293.0,277.6499938964844,282.20001220703125,281.0042419433594,65843426,0.0,0.0
2026-03-04,287.0,288.3500061035156,275.1000061035156,276.95001220703125,275.7764892578125,53722773,0.0,0.0
2026-03-05,278.0,287.6499938964844,275.3500061035156,276.3500061035156,275.17901611328125,40569479,0.0,0.0
2026-03-06,279.95001220703125,280.95001220703125,271.1499938964844,278.95001220703125,277.7680053710937,30725344,0.0,0.0
2026-03-09,289.0,289.0,267.6000061035156,270.79998779296875,269.65252685546875,56512457,0.0,0.0
2026-03-10,270.8500061035156,270.8999938964844,265.3500061035156,269.20001220703125,268.059326171875,18476370,0.0,0.0
2026-03-11,268.0,272.3999938964844,268.0,270.75,269.6027526855469,16130216,0.0,0.0
2026-03-12,271.6000061035156,273.0,267.75,270.54998779296875,269.4035949707031,20059801,0.0,0.0
2026-03-13,270.54998779296875,271.29998779296875,263.45001220703125,264.1000061035156,262.9809265136719,18411729,0.0,0.0
2026-03-16,264.04998779296875,266.0,258.3500061035156,260.45001220703125,259.3464050292969,21725887,0.0,0.0
2026-03-17,260.6499938964844,265.3999938964844,259.1499938964844,264.75,263.628173828125,15662659,0.0,0.0
2026-03-18,265.1499938964844,266.6499938964844,263.0,265.0,263.8771057128906,8780857,0.0,0.0
2026-03-19,265.0,271.5,262.5,269.1000061035156,267.9597473144531,28685305,0.0,0.0
2026-03-20,269.0,273.04998779296875,264.0,265.3999938964844,264.2754211425781,19436124,0.0,0.0
2026-03-23,267.29998779296875,269.70001220703125,263.8999938964844,265.45001220703125,264.3252258300781,23991581,0.0,0.0
2026-03-24,268.54998779296875,273.29998779296875,266.8500061035156,268.04998779296875,266.9141845703125,18567283,0.0,0.0
2026-03-25,267.3500061035156,271.5,266.3999938964844,270.20001220703125,269.0550842285156,13380625,0.0,0.0
2026-03-27,270.5,285.0,269.70001220703125,281.95001220703125,280.7553100585937,60048871,0.0,0.0
2026-03-30,282.75,288.3500061035156,281.95001220703125,284.6499938964844,283.44384765625,44866906,0.0,0.0
2026-04-01,290.0,293.0,282.79998779296875,288.04998779296875,286.8294372558594,31626297,0.0,0.0
2026-04-02,288.5,288.79998779296875,283.5,287.20001220703125,285.9830627441406,20935809,0.0,0.0
2026-04-06,287.29998779296875,288.5,280.45001220703125,281.8500061035156,280.6557312011719,24449779,0.0,0.0
2026-04-07,281.8500061035156,287.54998779296875,280.0,286.6499938964844,285.43536376953125,22891122,0.0,0.0
2026-04-08,280.0,287.8500061035156,274.75,285.5,284.2902526855469,42071040,0.0,0.0
2026-04-09,284.8999938964844,289.79998779296875,284.8999938964844,288.6000061035156,287.37713623046875,13585661,0.0,0.0
2026-04-10,288.6000061035156,291.8500061035156,284.54998779296875,286.5,285.2860107421875,12889209,0.0,0.0
2026-04-13,287.20001220703125,290.29998779296875,281.0,287.54998779296875,286.33154296875,23986567,0.0,0.0
2026-04-15,284.04998779296875,289.79998779296875,283.3500061035156,287.6000061035156,286.38134765625,16529148,0.0,0.0
2026-04-16,288.0,288.1000061035156,282.0,282.75,281.5519104003906,13626398,0.0,0.0
2026-04-17,283.3999938964844,285.5,282.20001220703125,284.04998779296875,282.84637451171875,17846605,0.0,0.0
2026-04-20,284.0,285.20001220703125,282.5,283.3500061035156,282.1493835449219,11057036,0.0,0.0
2026-04-21,283.1499938964844,284.8500061035156,282.3999938964844,283.1000061035156,281.9004211425781,13645673,0.0,0.0
2026-04-22,283.1000061035156,285.04998779296875,282.6000061035156,283.6499938964844,282.4480895996094,7395183,0.0,0.0
2026-04-23,284.8500061035156,289.79998779296875,284.04998779296875,286.25,285.0370788574219,13525025,0.0,0.0
2026-04-24,288.79998779296875,288.79998779296875,283.8999938964844,284.79998779296875,283.5932006835937,11789941,0.0,0.0
2026-04-27,286.0,286.70001220703125,284.20001220703125,285.8999938964844,284.68853759765625,6497916,0.0,0.0
2026-04-28,286.25,302.3999938964844,286.0,301.29998779296875,300.0232849121094,51575179,0.0,0.0
2026-04-29,303.8999938964844,307.5,299.75,301.3999938964844,300.12286376953125,27267649,0.0,0.0
2026-04-30,304.8999938964844,307.45001220703125,296.8999938964844,299.54998779296875,298.2807006835937,17490096,0.0,0.0
2026-05-04,298.3999938964844,299.8999938964844,292.3500061035156,292.8999938964844,291.6589050292969,15468437,0.0,0.0
2026-05-05,294.3500061035156,295.8999938964844,287.0,289.95001220703125,288.7214050292969,10750753,0.0,0.0
2026-05-06,289.95001220703125,290.25,280.0,280.79998779296875,279.61016845703125,22858013,0.0,0.0
2026-05-07,282.0,285.20001220703125,279.70001220703125,283.8999938964844,282.697021484375,15608370,0.0,0.0
2026-05-08,283.6000061035156,284.0,278.6000061035156,279.20001220703125,278.0169677734375,9290168,0.0,0.0
2026-05-11,280.70001220703125,281.79998779296875,277.6499938964844,281.0,279.809326171875,6948202,0.0,0.0
2026-05-12,286.8999938964844,299.8999938964844,286.8500061035156,294.5,293.2521057128906,52080828,0.0,0.0
2026-05-13,297.0,300.20001220703125,294.1000061035156,297.1499938964844,295.890869140625,24381295,0.0,0.0
2026-05-14,300.0,303.70001220703125,298.70001220703125,300.8999938964844,299.625,22660293,0.0,0.0
2026-05-15,303.0,304.95001220703125,298.54998779296875,299.3500061035156,298.0815734863281,13695307,0.0,0.0
2026-05-18,299.3500061035156,300.70001220703125,295.1000061035156,297.20001220703125,295.940673828125,10521642,0.0,0.0
2026-05-19,295.1000061035156,298.5,293.6499938964844,296.5,295.24365234375,9565497,0.0,0.0
2026-05-20,294.79998779296875,301.75,293.8500061035156,298.29998779296875,297.0360107421875,12258794,0.0,0.0
2026-05-21,296.6499938964844,299.6000061035156,294.1499938964844,295.8500061035156,294.5964050292969,14084672,0.0,0.0
2026-05-22,295.79998779296875,296.79998779296875,289.3999938964844,290.0,288.77117919921875,11563330,0.0,0.0
2026-05-25,289.95001220703125,289.95001220703125,284.29998779296875,284.95001220703125,283.7425842285156,12837047,0.0,0.0
2026-05-26,285.1000061035156,289.6499938964844,284.0,287.5,286.2817687988281,10629491,0.0,0.0
2026-05-27,284.20001220703125,284.20001220703125,272.45001220703125,274.04998779296875,272.8887634277344,29178516,0.0,0.0
2026-05-29,275.95001220703125,276.04998779296875,261.54998779296875,265.3999938964844,264.2754211425781,74403401,0.0,0.0
2026-06-01,266.54998779296875,268.29998779296875,263.25,264.29998779296875,263.1800842285156,9095622,0.0,0.0
2026-06-02,263.1499938964844,266.20001220703125,261.04998779296875,265.04998779296875,263.9268798828125,16831714,0.0,0.0
2026-06-03,265.1499938964844,268.70001220703125,264.29998779296875,267.75,266.615478515625,14618721,0.0,0.0
2026-06-04,266.70001220703125,271.1499938964844,265.8999938964844,267.54998779296875,266.4162902832031,15217360,0.0,0.0
2026-06-05,267.79998779296875,268.45001220703125,263.70001220703125,264.75,263.628173828125,7493239,0.0,0.0
2026-06-08,264.1499938964844,266.25,262.70001220703125,264.6499938964844,263.5285949707031,6974540,0.0,0.0
2026-06-09,264.1499938964844,265.5,258.29998779296875,259.0,257.90252685546875,10796349,0.0,0.0
2026-06-10,259.0,261.8500061035156,251.3500061035156,251.8999938964844,250.83262634277344,10176332,0.0,0.0
2026-06-11,252.9499969482422,256.5,250.0500030517578,252.6000061035156,251.5296630859375,13516341,0.0,0.0
2026-06-12,250.3000030517578,250.8500061035156,243.3500061035156,246.1999969482422,245.15676879882807,31112657,0.0,0.0
2026-06-15,248.0500030517578,248.3000030517578,242.8000030517578,243.6499938964844,242.6175842285156,25211118,0.0,0.0
2026-06-16,244.1499938964844,248.8000030517578,243.5,248.1999969482422,247.14830017089844,17468010,0.0,0.0
2026-06-17,246.0,247.75,244.0,245.0,243.9618682861328,12816262,0.0,0.0
2026-06-18,245.9499969482422,246.8500061035156,243.0,245.3000030517578,244.26058959960935,13816485,0.0,0.0
2026-06-19,245.3000030517578,246.6999969482422,243.3000030517578,246.25,245.20657348632807,7609532,0.0,0.0
2026-06-22,244.9499969482422,247.75,243.8000030517578,245.4499969482422,244.4099578857422,7334095,0.0,0.0
2026-06-23,245.3999938964844,246.1999969482422,243.5500030517578,244.3500061035156,243.3146209716797,7400255,0.0,0.0
2026-06-24,244.3500061035156,245.8000030517578,239.5,240.0,238.9830474853516,10278033,0.0,0.0
2026-06-25,240.8000030517578,240.8000030517578,232.1000061035156,233.1000061035156,232.1122894287109,36085563,0.0,0.0
2026-06-29,234.0,237.1499938964844,229.6999969482422,234.0500030517578,233.05825805664065,38227413,0.0,0.0
2026-06-30,233.9499969482422,236.0,227.6499938964844,234.8999938964844,233.90464782714844,24134402,0.0,0.0
2026-07-01,235.6999969482422,236.1000061035156,233.5200042724609,234.9900054931641,233.9942779541016,11835312,0.0,0.0
2026-07-02,234.0,236.3300018310547,230.8000030517578,235.9600067138672,234.96017456054688,14033169,0.0,0.0
2026-07-03,237.1999969482422,239.6999969482422,236.3300018310547,237.83999633789065,236.8321990966797,11086950,0.0,0.0
2026-07-06,239.6000061035156,244.38999938964844,236.83999633789065,243.8999938964844,242.86651611328125,22386040,0.0,0.0
2026-07-07,244.0500030517578,245.2700042724609,242.67999267578125,244.17999267578125,243.14532470703125,15287101,0.0,0.0
2026-07-08,246.82000732421875,248.3500061035156,241.47999572753903,247.0,245.9533843994141,24753835,0.0,0.0
2026-07-09,249.58999633789065,249.58999633789065,242.91000366210935,243.6499938964844,242.6175842285156,14066120,0.0,0.0
2026-07-10,243.6499938964844,245.38999938964844,243.41000366210935,244.9600067138672,243.9220428466797,8237303,0.0,0.0
2026-07-13,246.3000030517578,249.25,245.5500030517578,248.4499969482422,247.39724731445312,12453319,0.0,0.0
2026-07-14,252.0,252.0,247.3000030517578,248.8999938964844,247.8453369140625,16299949,0.0,0.0
2026-07-15,249.4199981689453,249.4499969482422,246.3000030517578,247.17999267578125,246.1326141357422,13302251,0.0,0.0
2026-07-16,247.9199981689453,247.9600067138672,245.6100006103516,246.75,245.70445251464844,6243845,0.0,0.0
2026-07-17,246.1999969482422,247.7899932861328,245.6000061035156,247.2899932861328,246.24215698242188,6214332,0.0,0.0
2026-07-20,248.42999267578125,252.3999938964844,248.1000061035156,249.5800018310547,248.5224609375,10627783,0.0,0.0
2026-07-21,250.00999450683597,251.69000244140625,248.4600067138672,249.88999938964844,248.8311462402344,12240171,0.0,0.0
2026-07-22,251.0,252.77999877929688,250.1300048828125,251.8999938964844,250.83262634277344,10909821,0.0,0.0
2026-07-23,253.94000244140625,254.1999969482422,252.00999450683597,252.3699951171875,251.30062866210935,9104521,0.0,0.0
2026-07-24,252.5,253.55999755859372,248.2700042724609,248.75999450683597,247.7059326171875,7645869,0.0,0.0
2026-07-27,248.0,248.1699981689453,238.13999938964844,238.55999755859372,237.5491485595703,19910285,0.0,0.0
2026-07-28,238.0,239.97999572753903,236.08999633789065,238.91000366210935,237.89767456054688,13362577,0.0,0.0
2026-07-29,240.0,240.0200042724609,237.92999267578125,238.30999755859372,237.3002014160156,9139712,0.0,0.0
2026-07-30,239.5,244.38999938964844,239.05999755859372,241.58999633789065,240.5663146972656,11419363,0.0,0.0
2026-07-31,241.5800018310547,242.9600067138672,238.1699981689453,242.52999877929688,241.50233459472656,10070729,0.0,0.0
2026-08-03,241.4499969482422,242.6199951171875,240.05999755859372,242.0,240.97457885742188,8277525,0.0,0.0
2026-08-04,242.0,243.1999969482422,240.6000061035156,242.0,240.97457885742188,10470809,0.0,0.0
2026-08-05,245.0,245.0,239.1100006103516,240.1999969482422,239.1822052001953,19409088,0.0,0.0
2026-08-06,241.3999938964844,241.3999938964844,236.5,237.8000030517578,236.79237365722656,13959109,0.0,0.0
2026-08-07,238.5,241.69000244140625,237.0500030517578,238.8500061035156,237.83792114257807,10078070,0.0,0.0
2026-08-10,240.0,241.3000030517578,238.19000244140625,239.83999633789065,238.82373046875,10611162,0.0,0.0
2026-08-11,241.0,243.6499938964844,239.4499969482422,239.4499969482422,238.4353790283203,16004168,0.0,0.0
2026-08-12,240.0,241.3300018310547,238.6499938964844,239.0500030517578,238.03707885742188,10695237,0.0,0.0
2026-08-13,239.0,240.5500030517578,238.1100006103516,239.8999938964844,238.8834686279297,7266320,0.0,0.0
2026-08-14,239.4900054931641,239.6000061035156,235.25,236.3999938964844,235.39830017089844,12128656,0.0,0.0
2026-08-17,237.9900054931641,239.5,236.1499938964844,238.4900054931641,237.4794464111328,25342938,0.0,0.0
2026-08-18,239.5,241.3000030517578,238.0200042724609,239.5,238.48516845703125,14903605,0.0,0.0
2026-08-19,241.1000061035156,242.19000244140625,237.5200042724609,238.0,236.9915313720703,17345994,0.0,0.0
2026-08-20,239.2400054931641,239.2400054931641,233.63999938964844,238.5,237.48941040039065,11886277,0.0,0.0
2026-08-21,238.6999969482422,239.22000122070312,236.3999938964844,236.3999938964844,235.39830017089844,13313403,0.0,0.0
2026-08-24,237.0,237.94000244140625,235.6300048828125,236.5500030517578,235.54766845703125,7122883,0.0,0.0
2026-08-25,236.0,236.5500030517578,233.3500061035156,234.0,233.0084686279297,12124076,0.0,0.0
2026-08-26,233.50999450683597,234.2100067138672,230.7899932861328,232.2100067138672,231.2260589599609,6500323,0.0,0.0
2026-08-27,232.2100067138672,234.44000244140625,231.1000061035156,232.0,231.01695251464844,11219541,0.0,0.0
2026-08-28,233.3500061035156,233.38999938964844,231.25,232.25,231.2658843994141,7638954,0.0,0.0
2026-08-31,233.8000030517578,234.9499969482422,231.6999969482422,231.8000030517578,230.8177947998047,11732655,0.0,0.0
2026-09-01,233.8000030517578,236.6000061035156,232.5,236.4499969482422,235.44808959960935,11985775,0.0,0.0
2026-09-02,237.6000061035156,239.2100067138672,235.63999938964844,237.5,236.4936370849609,13073915,0.0,0.0
2026-09-03,237.5,237.8000030517578,235.0,236.0,235.0,5175513,0.0,0.0
2026-09-04,235.44000244140625,235.44000244140625,233.6000061035156,234.6499938964844,234.6499938964844,5338085,1.0,0.0
2026-09-07,235.97999572753903,235.97999572753903,232.7700042724609,233.6999969482422,233.6999969482422,5391548,0.0,0.0
2026-09-08,234.8000030517578,238.0,232.22000122070312,236.0,236.0,7965065,0.0,0.0
2026-09-09,237.8000030517578,239.2700042724609,234.0200042724609,234.0200042724609,234.0200042724609,12781171,0.0,0.0
2026-09-10,236.1000061035156,239.8000030517578,235.6000061035156,237.2700042724609,237.2700042724609,12771340,0.0,0.0
