date,open,high,low,close,adj_close,volume,dividends,stock_splits
2021-01-29,23250.0,23294.55078125,22531.0,22773.349609375,22253.7265625,58005,0.0,0.0
2021-02-01,23100.0,24690.44921875,22711.94921875,24543.599609375,23983.58203125,112280,0.0,0.0
2021-02-02,24543.599609375,26650.0,24200.55078125,26432.55078125,25829.431640625,188876,0.0,0.0
2021-02-03,26400.0,26579.0,25731.05078125,25994.400390625,25401.279296875,110699,0.0,0.0
2021-02-04,25990.0,27329.25,25607.599609375,27091.0,26472.861328125,135104,0.0,0.0
2021-02-05,27112.5,27286.94921875,26614.05078125,26722.849609375,26113.107421875,63260,0.0,0.0
2021-02-08,26907.150390625,28287.5,26750.05078125,28022.19921875,27382.810546875,183938,0.0,0.0
2021-02-09,27360.099609375,28599.099609375,27360.099609375,28165.80078125,27523.138671875,137375,0.0,0.0
2021-02-10,28245.0,28596.0,27853.05078125,28293.75,27648.166015625,86564,0.0,0.0
2021-02-11,28268.0,28500.0,28010.25,28344.19921875,27697.466796875,54109,0.0,0.0
2021-02-12,28200.0,28475.0,27800.0,27965.849609375,27327.748046875,57620,0.0,0.0
2021-02-15,28184.94921875,28840.0,28101.349609375,28653.25,27999.4609375,61303,0.0,0.0
2021-02-16,28653.25,29090.0,28426.099609375,28597.400390625,27944.88671875,70319,0.0,0.0
2021-02-17,28569.400390625,28840.44921875,28150.05078125,28268.5,27623.4921875,41156,0.0,0.0
2021-02-18,28580.0,28580.0,27358.599609375,27623.349609375,26993.05859375,63910,0.0,0.0
2021-02-19,27649.94921875,27857.44921875,26753.349609375,27542.44921875,26914.0078125,50262,0.0,0.0
2021-02-22,27615.0,27750.0,26927.80078125,27090.849609375,26472.71484375,28369,0.0,0.0
2021-02-23,27165.0,27532.05078125,26770.0,27260.349609375,26638.345703125,46471,0.0,0.0
2021-02-24,27313.25,27849.94921875,26500.0,27553.0,26924.318359375,17368,0.0,0.0
2021-02-25,27553.0,27879.900390625,27238.30078125,27450.900390625,26824.546875,52154,0.0,0.0
2021-02-26,27450.900390625,27720.5,26169.900390625,26501.69921875,25897.0078125,76766,0.0,0.0
2021-03-01,26600.5,27832.5,26600.5,27706.94921875,27074.7578125,58805,0.0,0.0
2021-03-02,27710.0,27800.0,27280.05078125,27658.75,27027.65625,39347,0.0,0.0
2021-03-03,27755.5,28159.55078125,27550.75,27695.25,27063.3203125,40649,0.0,0.0
2021-03-04,27450.0,28850.0,27335.05078125,28676.599609375,28022.279296875,83170,0.0,0.0
2021-03-05,28300.5,28894.849609375,27740.94921875,27848.599609375,27213.169921875,65557,0.0,0.0
2021-03-08,27900.0,28486.94921875,27093.19921875,27185.05078125,26564.765625,57156,0.0,0.0
2021-03-09,27445.0,27980.0,27151.849609375,27313.150390625,26689.939453125,59204,0.0,0.0
2021-03-10,27538.900390625,27693.849609375,27300.0,27555.80078125,26927.0546875,29812,0.0,0.0
2021-03-12,27878.0,27980.0,27541.0,27701.5,27069.4296875,43864,0.0,0.0
2021-03-15,27811.5,27850.0,27005.099609375,27644.55078125,27013.78125,32587,0.0,0.0
2021-03-16,27895.0,27948.25,27351.099609375,27430.80078125,26804.904296875,38175,0.0,0.0
2021-03-17,27431.099609375,27550.0,26710.900390625,26842.19921875,26229.736328125,38409,0.0,0.0
2021-03-18,27125.0,27269.94921875,26450.0,26595.5,25988.666015625,38464,0.0,0.0
2021-03-19,26455.0,27118.25,26100.0,26936.69921875,26322.080078125,74153,0.0,0.0
2021-03-22,26900.0,27214.150390625,26618.0,26954.5,26339.47265625,45373,0.0,0.0
2021-03-23,26951.0,28500.0,26951.0,28312.19921875,27666.197265625,123156,0.0,0.0
2021-03-24,28172.0,28390.650390625,27719.900390625,27803.30078125,27168.90625,63069,0.0,0.0
2021-03-25,27900.0,28139.94921875,27264.94921875,27580.349609375,26951.046875,64357,0.0,0.0
2021-03-26,27810.69921875,28319.94921875,27673.05078125,28116.19921875,27474.669921875,74139,0.0,0.0
2021-03-30,28500.0,29500.0,28301.80078125,29094.44921875,28430.595703125,94570,0.0,0.0
2021-03-31,29094.44921875,29660.0,28756.0,29465.400390625,28793.08203125,82764,0.0,0.0
2021-04-01,29570.0,30279.5,29445.400390625,29951.94921875,29268.52734375,52771,0.0,0.0
2021-04-05,29900.0,30628.400390625,29650.0,30358.25,29665.5625,124392,0.0,0.0
2021-04-06,30375.0,30500.0,30010.349609375,30114.099609375,29426.98046875,52886,0.0,0.0
2021-04-07,30140.0,30580.69921875,29953.0,30230.650390625,29540.873046875,40554,0.0,0.0
2021-04-08,30260.0,32048.0,30260.0,31582.650390625,30862.0234375,148094,0.0,0.0
2021-04-09,31682.400390625,31990.0,31120.0,31748.75,31024.330078125,146698,0.0,0.0
2021-04-12,31200.0,31497.400390625,29757.849609375,29881.05078125,29199.25,114698,0.0,0.0
2021-04-13,30200.0,30699.900390625,30110.0,30356.05078125,29663.412109375,91665,0.0,0.0
2021-04-15,30599.0,30896.05078125,29514.0,30305.400390625,29613.916015625,72414,0.0,0.0
2021-04-16,30440.0,30988.80078125,30056.150390625,30821.099609375,30117.849609375,58345,0.0,0.0
2021-04-19,30001.05078125,30490.30078125,29557.30078125,30057.75,29371.919921875,52945,0.0,0.0
2021-04-20,30420.0,30655.80078125,29051.0,29320.69921875,28651.6796875,72618,0.0,0.0
2021-04-22,29200.0,29200.0,28083.349609375,28521.94921875,27871.15625,83043,0.0,0.0
2021-04-23,28499.0,28673.349609375,27926.0,28106.30078125,27464.998046875,70968,0.0,0.0
2021-04-26,28249.0,28444.150390625,27951.05078125,28062.599609375,27422.291015625,40346,0.0,0.0
2021-04-27,28185.69921875,28325.0,27965.0,28098.55078125,27457.419921875,31369,0.0,0.0
2021-04-28,28180.0,28781.0,28105.099609375,28687.55078125,28032.982421875,33961,0.0,0.0
2021-04-29,28701.05078125,29050.0,28249.400390625,28444.349609375,27795.33203125,47589,0.0,0.0
2021-04-30,28340.0,28432.349609375,27808.150390625,27910.5,27273.658203125,32147,0.0,0.0
2021-05-03,27500.0,28080.55078125,27327.599609375,27989.849609375,27351.203125,38741,0.0,0.0
2021-05-04,28111.349609375,28111.5,27531.0,27753.30078125,27120.046875,41857,0.0,0.0
2021-05-05,27850.0,28044.400390625,27713.30078125,27844.19921875,27208.873046875,24250,0.0,0.0
2021-05-06,27845.0,27946.25,27500.0,27736.19921875,27103.337890625,33337,0.0,0.0
2021-05-07,27847.0,27948.25,27700.0,27840.0,27204.76953125,21548,0.0,0.0
2021-05-10,27979.0,28035.150390625,27238.400390625,27309.94921875,26686.8125,49736,0.0,0.0
2021-05-11,27200.0,27580.80078125,26744.19921875,27513.099609375,26885.330078125,60904,0.0,0.0
2021-05-12,27415.25,27450.0,26752.0,26833.25,26220.9921875,59338,0.0,0.0
2021-05-14,26915.0,27007.75,26510.0,26713.599609375,26104.072265625,37370,0.0,0.0
2021-05-17,26749.0,27399.94921875,26600.44921875,27328.25,26704.6953125,37999,0.0,0.0
2021-05-18,27500.0,27675.0,27250.0,27474.69921875,26847.802734375,51998,0.0,0.0
2021-05-19,27321.099609375,28244.44921875,27321.099609375,27532.69921875,26904.482421875,61909,0.0,0.0
2021-05-20,27700.0,27800.0,27370.05078125,27510.349609375,26882.640625,33408,0.0,0.0
2021-05-21,27884.099609375,27975.0,27538.44921875,27622.650390625,26992.380859375,48242,0.0,0.0
2021-05-24,27611.0,27611.0,26751.0,26909.349609375,26295.35546875,104757,0.0,0.0
2021-05-25,26999.0,27334.80078125,26900.0,27041.44921875,26424.439453125,51650,0.0,0.0
2021-05-26,27100.0,27199.0,26863.55078125,27077.400390625,26459.568359375,34953,0.0,0.0
2021-05-27,27180.0,28240.0,26920.099609375,28066.05078125,27425.662109375,93214,0.0,0.0
2021-05-28,28109.0,28240.0,27540.599609375,27655.099609375,27024.08984375,50372,0.0,0.0
2021-05-31,27920.0,28515.0,27250.0,27578.0,26948.75,134138,0.0,0.0
2021-06-01,27700.0,28085.69921875,27414.900390625,27623.150390625,26992.865234375,41313,0.0,0.0
2021-06-02,27595.55078125,28008.0,27553.30078125,27893.900390625,27257.44140625,38943,0.0,0.0
2021-06-03,27975.0,28400.0,27932.30078125,28348.150390625,27701.326171875,46984,0.0,0.0
2021-06-04,28300.099609375,28428.75,28090.0,28153.650390625,27511.263671875,26867,0.0,0.0
2021-06-07,28209.94921875,29344.849609375,28209.94921875,29155.80078125,28490.546875,89841,0.0,0.0
2021-06-08,29025.0,29199.0,28647.0,28955.349609375,28294.669921875,49167,0.0,0.0
2021-06-09,28820.0,28889.05078125,28300.19921875,28407.349609375,27759.173828125,46246,0.0,0.0
2021-06-10,28562.0,29124.0,28120.400390625,28225.80078125,27581.767578125,54902,0.0,0.0
2021-06-11,28475.80078125,28564.55078125,27980.0,28056.0,27415.841796875,38680,0.0,0.0
2021-06-14,28000.0,28385.0,27752.19921875,28334.05078125,27687.548828125,43225,0.0,0.0
2021-06-15,28300.0,28650.0,28214.30078125,28485.900390625,27835.931640625,25267,0.0,0.0
2021-06-16,28323.0,28590.0,28132.5,28224.75,27580.740234375,15215,0.0,0.0
2021-06-17,28015.05078125,28800.0,28015.05078125,28368.099609375,27720.8203125,39467,0.0,0.0
2021-06-18,28368.099609375,28570.0,27878.80078125,28045.80078125,27405.873046875,51080,0.0,0.0
2021-06-21,27878.05078125,28500.0,27718.19921875,28225.349609375,27581.326171875,18926,0.0,0.0
2021-06-22,28251.0,29506.849609375,28251.0,29239.05078125,28571.896484375,73694,0.0,0.0
2021-06-23,29256.0,29315.400390625,28749.80078125,28867.19921875,28208.53515625,24623,0.0,0.0
2021-06-24,28870.0,29094.94921875,28600.0,28672.30078125,28018.078125,23493,0.0,0.0
2021-06-25,28700.0,28899.69921875,28605.0,28729.099609375,28073.583984375,19694,0.0,0.0
2021-06-28,28740.0,28943.349609375,28350.150390625,28390.19921875,27742.41796875,21571,0.0,0.0
2021-06-29,28399.94921875,28467.69921875,28100.30078125,28134.44921875,27492.5,25900,0.0,0.0
2021-06-30,27830.0,28450.0,27451.0,27504.599609375,26877.01953125,55961,0.0,0.0
2021-07-01,27600.0,27600.19921875,26946.0,27059.94921875,26442.515625,67327,0.0,0.0
2021-07-02,27280.0,27280.0,26840.05078125,27014.900390625,26398.498046875,49970,0.0,0.0
2021-07-05,27190.0,27250.0,26950.0,26987.599609375,26371.818359375,25475,0.0,0.0
2021-07-06,27179.19921875,27925.0,27000.0,27769.099609375,27135.484375,93088,0.0,0.0
2021-07-07,27705.0,28114.099609375,27169.44921875,27547.0,26918.458984375,78838,0.0,0.0
2021-07-08,27690.0,28090.0,27441.69921875,27581.80078125,26952.4609375,54037,0.0,0.0
2021-07-09,27511.05078125,27632.75,27230.0,27502.75,26875.21484375,45571,0.0,0.0
2021-07-12,27698.5,28419.0,27584.05078125,28034.94921875,27395.26953125,66083,0.0,0.0
2021-07-13,28150.0,28413.30078125,27800.0,28070.400390625,27429.9140625,32129,0.0,0.0
2021-07-14,28000.0,28490.0,27860.25,28414.69921875,27766.353515625,38221,0.0,0.0
2021-07-15,28414.69921875,28580.0,28251.30078125,28427.44921875,27778.818359375,25188,0.0,0.0
2021-07-16,28427.44921875,28500.0,28000.0,28096.150390625,27455.07421875,37668,0.0,0.0
2021-07-19,28050.0,28108.099609375,27817.099609375,27996.849609375,27358.041015625,24450,0.0,0.0
2021-07-20,28099.900390625,28555.0,28000.0,28082.900390625,27442.12890625,71764,0.0,0.0
2021-07-22,28150.0,28226.25,27915.0,28080.0,27498.044921875,22745,60.0,0.0
2021-07-23,28085.099609375,28227.650390625,27855.19921875,27986.400390625,27406.384765625,28958,0.0,0.0
2021-07-26,27900.0,28228.349609375,27812.05078125,27968.30078125,27388.658203125,37460,0.0,0.0
2021-07-27,28000.0,28473.0,27751.30078125,27865.150390625,27287.6484375,46133,0.0,0.0
2021-07-28,27990.0,27996.900390625,27162.80078125,27491.44921875,26921.69140625,23638,0.0,0.0
2021-07-29,27680.0,27877.44921875,27500.0,27638.94921875,27066.134765625,26531,0.0,0.0
2021-07-30,27661.0,28333.75,27583.150390625,28265.75,27679.9453125,45521,0.0,0.0
2021-08-02,28280.19921875,29375.0,28280.19921875,29294.25,28687.126953125,86807,0.0,0.0
2021-08-03,29301.0,29410.0,28909.099609375,29203.5,28598.2578125,46640,0.0,0.0
2021-08-04,29252.099609375,30100.0,29017.05078125,29133.150390625,28529.369140625,80489,0.0,0.0
2021-08-05,29280.0,29429.80078125,28869.94921875,28966.650390625,28366.318359375,28919,0.0,0.0
2021-08-06,29095.0,29095.0,28332.0,28386.599609375,27798.291015625,30787,0.0,0.0
2021-08-09,28599.0,28999.0,28052.349609375,28272.94921875,27686.998046875,30592,0.0,0.0
2021-08-10,28195.0,28195.0,27003.349609375,27117.650390625,26555.638671875,123170,0.0,0.0
2021-08-11,27215.0,27418.0,26385.05078125,26547.5,25997.302734375,91088,0.0,0.0
2021-08-12,26700.0,27062.150390625,26500.05078125,26593.0,26041.859375,75502,0.0,0.0
2021-08-13,26819.0,27050.0,26525.650390625,26600.400390625,26049.111328125,49672,0.0,0.0
2021-08-16,26735.0,26735.0,25940.19921875,25978.55078125,25440.1484375,74959,0.0,0.0
2021-08-17,26000.0,26250.0,25725.05078125,26200.25,25657.25390625,37050,0.0,0.0
2021-08-18,26239.0,26560.0,26115.0,26327.30078125,25781.669921875,52442,0.0,0.0
2021-08-20,26200.0,26365.0,25865.650390625,26291.150390625,25746.267578125,35529,0.0,0.0
2021-08-23,26400.0,26450.0,25805.25,25985.94921875,25447.390625,58352,0.0,0.0
2021-08-24,25986.0,26359.849609375,25749.650390625,26232.94921875,25689.26953125,31064,0.0,0.0
2021-08-25,26232.94921875,26459.75,26192.0,26288.25,25743.427734375,23925,0.0,0.0
2021-08-26,26251.0,26630.0,26116.0,26556.05078125,26005.677734375,49409,0.0,0.0
2021-08-27,26605.0,27031.599609375,26450.75,26897.75,26340.296875,43602,0.0,0.0
2021-08-30,26900.099609375,27420.0,26830.80078125,27157.849609375,26595.00390625,41390,0.0,0.0
2021-08-31,27150.0,28469.0,27048.75,28287.900390625,27701.63671875,102061,0.0,0.0
2021-09-01,28296.0,28600.0,27948.099609375,28478.25,27888.0390625,75809,0.0,0.0
2021-09-02,28550.0,30514.849609375,28480.0,30323.25,29694.802734375,157100,0.0,0.0
2021-09-03,30290.099609375,30590.80078125,29962.099609375,30440.80078125,29809.916015625,81600,0.0,0.0
2021-09-06,30499.0,31256.94921875,30400.05078125,30535.55078125,29902.705078125,96454,0.0,0.0
2021-09-07,30501.0,30872.94921875,30260.150390625,30653.599609375,30018.306640625,59828,0.0,0.0
2021-09-08,30734.5,30930.30078125,30300.0,30794.80078125,30156.583984375,45814,0.0,0.0
2021-09-09,30790.0,30830.0,30401.0,30671.349609375,30035.6875,38503,0.0,0.0
2021-09-13,30672.0,30832.650390625,30327.44921875,30663.349609375,30027.8515625,28668,0.0,0.0
2021-09-14,30665.099609375,30785.0,30403.0,30658.5,30023.107421875,33014,0.0,0.0
2021-09-15,30770.0,31469.94921875,30650.0,31040.44921875,30397.138671875,83901,0.0,0.0
2021-09-16,31043.5,31246.25,30305.349609375,30660.650390625,30025.21484375,92615,0.0,0.0
2021-09-17,30860.0,31039.400390625,30128.0,30559.44921875,29926.10546875,78489,0.0,0.0
2021-09-20,30450.0,30700.0,29838.25,30101.900390625,29478.041015625,52781,0.0,0.0
2021-09-21,30250.0,30354.650390625,29486.25,30059.900390625,29436.91015625,66855,0.0,0.0
2021-09-22,30100.0,30247.30078125,29575.05078125,29792.5,29175.05078125,44040,0.0,0.0
2021-09-23,29851.19921875,30090.5,29554.650390625,29919.25,29299.1796875,35742,0.0,0.0
2021-09-24,29999.0,30036.349609375,29120.05078125,29411.80078125,28802.2421875,45317,0.0,0.0
2021-09-27,29632.150390625,29820.0,29288.349609375,29476.0,28865.111328125,28033,0.0,0.0
2021-09-28,29499.0,29800.0,29090.599609375,29242.94921875,28636.890625,31253,0.0,0.0
2021-09-29,29220.0,29525.099609375,29168.0,29382.400390625,28773.451171875,20612,0.0,0.0
2021-09-30,29382.400390625,29399.94921875,28750.0,28901.55078125,28302.568359375,29347,0.0,0.0
2021-10-01,28800.30078125,29198.0,28581.849609375,29099.55078125,28496.46484375,33997,0.0,0.0
2021-10-04,29219.55078125,29340.0,29040.5,29289.30078125,28682.279296875,22608,0.0,0.0
2021-10-05,29289.30078125,29425.25,28701.0,28766.44921875,28170.26953125,42151,0.0,0.0
2021-10-06,28819.0,28931.25,28006.19921875,28109.75,27527.177734375,35139,0.0,0.0
2021-10-07,28205.0,28344.80078125,27869.400390625,28059.349609375,27477.82421875,43358,0.0,0.0
2021-10-08,28219.19921875,28219.19921875,27721.94921875,27757.150390625,27181.88671875,29947,0.0,0.0
2021-10-11,27755.0,28096.25,27627.0,28022.44921875,27441.689453125,25350,0.0,0.0
2021-10-12,28020.0,28089.599609375,27661.0,27705.80078125,27131.6015625,30650,0.0,0.0
2021-10-13,27880.5,28240.0,27684.400390625,27815.69921875,27239.22265625,53052,0.0,0.0
2021-10-14,27997.80078125,28300.0,27911.150390625,27956.44921875,27377.056640625,46335,0.0,0.0
2021-10-18,28177.69921875,28300.0,27950.0,28191.30078125,27607.041015625,35497,0.0,0.0
2021-10-19,28200.05078125,28393.349609375,27556.19921875,27696.80078125,27122.787109375,20380,0.0,0.0
2021-10-20,27699.0,28027.25,27296.349609375,27457.400390625,26888.349609375,36072,0.0,0.0
2021-10-21,27722.0,27786.75,27199.650390625,27618.69921875,27046.3046875,26460,0.0,0.0
2021-10-22,27847.30078125,28014.25,27226.0,27738.19921875,27163.330078125,27130,0.0,0.0
2021-10-25,27625.0,27738.150390625,26811.19921875,27275.0,26709.724609375,20656,0.0,0.0
2021-10-26,27320.0,27995.0,27319.0,27777.900390625,27202.205078125,28367,0.0,0.0
2021-10-27,27780.0,28480.099609375,27654.900390625,28107.75,27525.220703125,50424,0.0,0.0
2021-10-28,28244.0,28437.30078125,27861.25,28193.05078125,27608.751953125,39917,0.0,0.0
2021-10-29,28395.69921875,29000.0,27705.0,28635.25,28041.7890625,35291,0.0,0.0
2021-11-01,28800.0,29600.0,28600.0,29145.75,28541.70703125,55692,0.0,0.0
2021-11-02,29299.099609375,29424.94921875,28705.25,28868.150390625,28269.861328125,21184,0.0,0.0
2021-11-03,28922.0,29131.0,28700.0,28980.55078125,28379.931640625,33175,0.0,0.0
2021-11-04,29000.0,29219.69921875,28980.55078125,29047.19921875,28445.19921875,2078,0.0,0.0
2021-11-08,29050.0,29818.900390625,28978.44921875,29526.55078125,28914.6171875,38204,0.0,0.0
2021-11-09,29700.0,29760.0,29151.5,29229.650390625,28623.869140625,18387,0.0,0.0
2021-11-10,29099.0,29428.900390625,28965.0,29355.80078125,28747.404296875,23034,0.0,0.0
2021-11-11,29198.5,29298.400390625,28850.0,29010.55078125,28409.306640625,18576,0.0,0.0
2021-11-12,29228.44921875,29539.900390625,28869.599609375,29388.900390625,28779.81640625,23683,0.0,0.0
2021-11-15,29450.0,29748.0,29031.25,29077.19921875,28474.57421875,12910,0.0,0.0
2021-11-16,29239.849609375,29275.44921875,28002.25,28138.94921875,27555.76953125,46214,0.0,0.0
2021-11-17,28148.0,28294.44921875,27618.75,27691.05078125,27117.158203125,29245,0.0,0.0
2021-11-18,27692.0,28024.75,26935.05078125,27167.30078125,26604.26171875,40803,0.0,0.0
2021-11-22,27290.0,27290.0,26327.599609375,26603.05078125,26051.70703125,23769,0.0,0.0
2021-11-23,26520.0,26926.55078125,26205.5,26740.5,26186.3046875,32528,0.0,0.0
2021-11-24,26895.0,27000.0,26665.0,26883.75,26326.5859375,29212,0.0,0.0
2021-11-25,26700.0,26823.19921875,26302.099609375,26670.5,26117.755859375,31286,0.0,0.0
2021-11-26,26450.0,26539.900390625,25812.0,25945.80078125,25408.078125,29540,0.0,0.0
2021-11-29,25900.0,25925.0,25198.25,25566.099609375,25036.244140625,27395,0.0,0.0
2021-11-30,25480.0,26350.0,25330.94921875,26102.25,25561.28125,97672,0.0,0.0
2021-12-01,26350.0,26426.349609375,25850.0,26092.0,25551.244140625,30525,0.0,0.0
2021-12-02,26092.0,26749.0,26020.150390625,26289.80078125,25744.94921875,40560,0.0,0.0
2021-12-03,26280.55078125,26419.900390625,25563.650390625,25914.05078125,25376.986328125,62632,0.0,0.0
2021-12-06,25933.5,26149.44921875,25529.94921875,25612.349609375,25081.537109375,22538,0.0,0.0
2021-12-07,25650.5,26089.849609375,25613.099609375,25746.55078125,25212.953125,22609,0.0,0.0
2021-12-08,25939.849609375,26279.55078125,25850.0,26152.849609375,25610.833984375,15145,0.0,0.0
2021-12-09,26250.0,26465.0,25859.150390625,26416.5,25869.021484375,23747,0.0,0.0
2021-12-10,26305.0,26527.599609375,26182.69921875,26406.44921875,25859.177734375,20165,0.0,0.0
2021-12-13,26500.0,26636.099609375,26176.19921875,26433.650390625,25885.81640625,25375,0.0,0.0
2021-12-14,26349.650390625,26500.0,25968.900390625,26461.400390625,25912.990234375,24245,0.0,0.0
2021-12-15,26415.0,26415.05078125,26102.0,26251.30078125,25707.244140625,26704,0.0,0.0
2021-12-16,26400.0,26500.0,25936.400390625,26366.05078125,25819.6171875,24978,0.0,0.0
2021-12-17,26175.0,26332.25,25857.05078125,26224.849609375,25681.34375,27863,0.0,0.0
2021-12-20,26140.0,26140.0,25000.05078125,25470.349609375,24942.48046875,38865,0.0,0.0
2021-12-21,25600.0,26280.0,25371.0,25837.44921875,25301.96875,32966,0.0,0.0
2021-12-22,25842.599609375,26268.599609375,25677.05078125,26197.25,25654.314453125,16341,0.0,0.0
2021-12-23,26250.19921875,26390.0,25912.099609375,26332.75,25787.005859375,29456,0.0,0.0
2021-12-24,26450.0,26510.0,25929.849609375,26310.94921875,25765.658203125,16055,0.0,0.0
2021-12-27,26160.19921875,26450.0,25910.25,26295.19921875,25750.234375,7736,0.0,0.0
2021-12-28,26382.0,26750.30078125,26328.44921875,26716.80078125,26163.09765625,18855,0.0,0.0
2021-12-29,26624.0,26745.150390625,26460.099609375,26615.349609375,26063.748046875,25992,0.0,0.0
2021-12-30,26600.0,26844.94921875,26100.0,26413.5,25866.08203125,26096,0.0,0.0
2021-12-31,26450.400390625,27323.849609375,26450.400390625,26987.44921875,26428.140625,28883,0.0,0.0
2022-01-03,27000.0,27349.849609375,26890.0,27247.400390625,26682.701171875,19537,0.0,0.0
2022-01-04,27247.400390625,27335.55078125,26658.5,26954.099609375,26395.478515625,26215,0.0,0.0
2022-01-05,26902.0,27300.0,26850.19921875,27214.650390625,26650.62890625,17262,0.0,0.0
2022-01-06,27000.0,27167.099609375,26250.650390625,26528.05078125,25978.2578125,25411,0.0,0.0
2022-01-07,26658.650390625,27266.25,26572.55078125,27046.25,26485.71875,32658,0.0,0.0
2022-01-10,27000.0,27236.94921875,26820.05078125,26945.05078125,26386.61328125,21424,0.0,0.0
2022-01-11,27000.5,27220.0,26800.0,27038.55078125,26478.18359375,26722,0.0,0.0
2022-01-12,27120.0,27283.69921875,26583.0,26715.5,26161.82421875,41881,0.0,0.0
2022-01-13,26888.0,26950.0,26360.0,26855.30078125,26298.728515625,32020,0.0,0.0
2022-01-14,26830.0,27150.0,26577.25,27078.44921875,26517.25,24063,0.0,0.0
2022-01-17,27005.0,27936.75,26654.5,27545.349609375,26974.47265625,47661,0.0,0.0
2022-01-18,27550.0,27639.650390625,26850.0,27155.55078125,26592.751953125,44022,0.0,0.0
2022-01-19,26950.5,27099.5,26350.0,26402.25,25855.064453125,48367,0.0,0.0
2022-01-20,26578.80078125,26713.0,25954.900390625,26072.349609375,25532.0,40050,0.0,0.0
2022-01-21,25885.0,25885.0,24811.55078125,25037.19921875,24518.3046875,133581,0.0,0.0
2022-01-24,25182.599609375,25289.94921875,24072.599609375,24320.900390625,23816.8515625,50537,0.0,0.0
2022-01-25,24100.0,24671.94921875,23500.05078125,24497.5,23989.79296875,43208,0.0,0.0
2022-01-27,24390.0,24390.0,23752.150390625,23961.80078125,23465.193359375,38764,0.0,0.0
2022-01-28,23943.900390625,24597.80078125,23943.900390625,24124.69921875,23624.716796875,24109,0.0,0.0
2022-01-31,24550.0,24550.0,24210.599609375,24267.099609375,23764.166015625,19599,0.0,0.0
2022-02-01,24590.0,25635.0,24340.05078125,25489.650390625,24961.376953125,78151,0.0,0.0
2022-02-02,25590.0,25884.599609375,25160.0,25265.44921875,24741.82421875,25400,0.0,0.0
2022-02-03,25280.0,25399.94921875,24712.05078125,24800.900390625,24286.904296875,21469,0.0,0.0
2022-02-04,24805.0,25224.0,24625.0,24724.05078125,24211.64453125,34121,0.0,0.0
2022-02-07,24489.0,25125.0,24300.0,24865.55078125,24350.216796875,39058,0.0,0.0
2022-02-08,24920.0,25029.75,24507.05078125,24764.0,24250.76953125,29111,0.0,0.0
2022-02-09,24925.0,25599.0,24677.849609375,25466.150390625,24938.365234375,32205,0.0,0.0
2022-02-10,25467.0,25559.900390625,25183.150390625,25247.400390625,24767.9140625,19294,45.0,0.0
2022-02-11,24900.0,25174.55078125,24680.05078125,24900.30078125,24427.40625,19479,0.0,0.0
2022-02-14,24550.0,24630.0,23511.0,23589.19921875,23141.205078125,35182,0.0,0.0
2022-02-15,23605.0,24972.849609375,23589.19921875,24909.19921875,24436.13671875,53569,0.0,0.0
2022-02-16,24931.5,25184.599609375,24565.69921875,24916.349609375,24443.154296875,35980,0.0,0.0
2022-02-17,25189.75,25189.75,24579.25,24723.849609375,24254.310546875,30441,0.0,0.0
2022-02-18,24590.0,24740.0,24110.099609375,24349.55078125,23887.1171875,36614,0.0,0.0
2022-02-21,24340.0,24993.0,24050.05078125,24678.349609375,24209.669921875,65698,0.0,0.0
2022-02-22,23991.0,24550.0,23910.0,24393.69921875,23930.42578125,62313,0.0,0.0
2022-02-23,24600.0,24799.349609375,24146.0,24603.44921875,24136.1953125,46904,0.0,0.0
2022-02-24,24100.30078125,24229.19921875,22832.0,23152.25,22712.55859375,93756,0.0,0.0
2022-02-25,23615.30078125,24090.0,23500.0,23983.44921875,23527.96875,46935,0.0,0.0
2022-02-28,23870.0,24496.0,23560.30078125,24414.69921875,23951.029296875,39994,0.0,0.0
2022-03-02,24105.0,24200.0,23656.0,23932.650390625,23478.1328125,44055,0.0,0.0
2022-03-03,24026.0,24226.0,22748.44921875,22827.05078125,22393.53515625,80837,0.0,0.0
2022-03-04,22899.0,22899.0,22116.650390625,22550.349609375,22122.0859375,92672,0.0,0.0
2022-03-07,22149.849609375,22370.150390625,21650.0,21990.349609375,21572.72265625,55412,0.0,0.0
2022-03-08,21985.0,22703.94921875,21712.0,22583.849609375,22154.951171875,51900,0.0,0.0
2022-03-09,22583.0,22697.900390625,21848.55078125,21964.650390625,21547.509765625,246411,0.0,0.0
2022-03-10,22300.0,22749.900390625,22050.0,22197.599609375,21776.03515625,342415,0.0,0.0
2022-03-11,22150.0,22434.400390625,21919.30078125,22394.599609375,21969.294921875,45123,0.0,0.0
2022-03-14,22394.599609375,22424.94921875,21960.0,22361.44921875,21936.771484375,31448,0.0,0.0
2022-03-15,22322.05078125,22850.0,22301.05078125,22800.5,22367.482421875,83329,0.0,0.0
2022-03-16,22950.0,23714.849609375,22762.900390625,23595.44921875,23147.337890625,58201,0.0,0.0
2022-03-17,23801.0,24385.0,23701.400390625,24090.19921875,23632.6875,65189,0.0,0.0
2022-03-21,24188.05078125,24188.05078125,23333.0,23390.30078125,22946.083984375,50943,0.0,0.0
2022-03-22,23345.80078125,23669.5,23032.0,23373.30078125,22929.412109375,39121,0.0,0.0
2022-03-23,23460.0,23650.0,23275.0,23413.19921875,22968.548828125,39577,0.0,0.0
2022-03-24,23413.19921875,23630.0,23200.19921875,23273.75,22831.75,29951,0.0,0.0
2022-03-25,23495.94921875,23495.94921875,23151.0,23259.349609375,22817.623046875,34349,0.0,0.0
2022-03-28,23411.55078125,23449.69921875,22905.0,23197.55078125,22756.99609375,28362,0.0,0.0
2022-03-29,23230.0,23740.0,23230.0,23645.55078125,23196.48828125,31238,0.0,0.0
2022-03-30,23840.0,24150.0,23709.5,24089.150390625,23631.662109375,34361,0.0,0.0
2022-03-31,24309.0,24329.55078125,23905.75,24032.599609375,23576.185546875,22006,0.0,0.0
2022-04-01,23995.0,24651.0,23951.05078125,24612.849609375,24145.41796875,34916,0.0,0.0
2022-04-04,24590.0,24820.0,24328.94921875,24765.05078125,24294.728515625,23605,0.0,0.0
2022-04-05,24720.0,25270.0,24682.5,25157.94921875,24680.1640625,32602,0.0,0.0
2022-04-06,25000.0,25278.5,24657.94921875,24733.0,24263.283203125,33643,0.0,0.0
2022-04-07,24730.0,25066.44921875,24567.0,24742.5,24272.603515625,30112,0.0,0.0
2022-04-08,24750.0,25290.0,24601.849609375,25260.650390625,24780.9140625,29884,0.0,0.0
2022-04-11,25260.650390625,25492.849609375,24951.0,25203.650390625,24724.994140625,35975,0.0,0.0
2022-04-12,25100.0,25399.94921875,24850.0,25122.650390625,24645.533203125,46653,0.0,0.0
2022-04-13,25122.650390625,25515.349609375,25120.0,25363.55078125,24881.86328125,36907,0.0,0.0
2022-04-18,25170.0,25500.05078125,24900.0,25435.349609375,24952.296875,34525,0.0,0.0
2022-04-19,25400.0,25775.349609375,24649.400390625,24860.900390625,24388.75390625,38327,0.0,0.0
2022-04-20,25099.0,25775.0,24880.05078125,25713.849609375,25225.5078125,46140,0.0,0.0
2022-04-21,25750.0,26100.0,25625.099609375,26056.55078125,25561.69921875,20640,0.0,0.0
2022-04-22,25801.099609375,26015.0,25605.849609375,25855.25,25364.220703125,17334,0.0,0.0
2022-04-25,25700.5,26023.349609375,25515.0,25649.599609375,25162.4765625,26453,0.0,0.0
2022-04-26,25975.0,26330.75,25840.5,26171.30078125,25674.267578125,26557,0.0,0.0
2022-04-27,26011.0,26080.0,25441.94921875,25574.80078125,25089.1015625,26064,0.0,0.0
2022-04-28,25890.0,26075.0,25482.400390625,25872.599609375,25381.240234375,27928,0.0,0.0
2022-04-29,25872.80078125,26340.0,25777.55078125,25921.5,25429.216796875,34276,0.0,0.0
2022-05-02,25812.849609375,26284.75,25601.44921875,26230.19921875,25732.05078125,33592,0.0,0.0
2022-05-04,26199.0,26199.0,25108.099609375,25193.5,24715.04296875,29265,0.0,0.0
2022-05-05,25427.30078125,26100.0,25018.099609375,25088.650390625,24612.1796875,33435,0.0,0.0
2022-05-06,24850.0,25059.19921875,23850.0,23973.650390625,23518.357421875,43939,0.0,0.0
2022-05-09,23880.0,24187.69921875,23500.05078125,24058.30078125,23601.400390625,35191,0.0,0.0
2022-05-10,24000.30078125,24516.900390625,23899.150390625,24300.599609375,23839.095703125,33489,0.0,0.0
2022-05-11,24460.0,24740.0,23251.05078125,23382.30078125,22938.23828125,43449,0.0,0.0
2022-05-12,23172.0,23382.30078125,22508.849609375,22627.400390625,22197.673828125,43801,0.0,0.0
2022-05-13,23000.0,23080.05078125,22400.0,22565.349609375,22136.8046875,44842,0.0,0.0
2022-05-16,22845.0,22845.0,21690.0,21980.849609375,21563.400390625,51382,0.0,0.0
2022-05-17,22010.0,22223.30078125,21790.0,22035.80078125,21617.3125,43000,0.0,0.0
2022-05-18,22115.0,22587.400390625,21978.94921875,22501.30078125,22073.96875,57388,0.0,0.0
2022-05-19,21705.19921875,22300.0,21705.19921875,22216.349609375,21794.427734375,28366,0.0,0.0
2022-05-20,22670.0,23975.0,21820.150390625,22001.19921875,21583.365234375,50620,0.0,0.0
2022-05-23,21805.05078125,22174.900390625,21750.0,21941.69921875,21524.994140625,56200,0.0,0.0
2022-05-24,22001.0,22098.80078125,21575.05078125,21647.400390625,21236.28515625,39072,0.0,0.0
2022-05-25,21744.900390625,21779.0,21079.94921875,21253.80078125,20850.16015625,34128,0.0,0.0
2022-05-26,21230.0,21866.05078125,20676.0,21691.19921875,21279.251953125,67112,0.0,0.0
2022-05-27,21700.0,21986.0,21660.05078125,21927.05078125,21510.623046875,17959,0.0,0.0
2022-05-30,21900.19921875,22639.650390625,21900.19921875,22460.400390625,22033.84375,30978,0.0,0.0
2022-05-31,22390.0,22441.849609375,22010.099609375,22116.30078125,21696.279296875,59959,0.0,0.0
2022-06-01,22100.0,22172.5,21600.0,21791.5,21377.64453125,29100,0.0,0.0
2022-06-02,21750.0,21779.0,21414.0,21634.75,21223.873046875,38808,0.0,0.0
2022-06-03,21810.0,21848.94921875,20550.0,20638.0,20246.0546875,105159,0.0,0.0
2022-06-06,20599.94921875,20599.94921875,19913.0,20002.69921875,19622.8203125,69175,0.0,0.0
2022-06-07,19810.19921875,19991.099609375,19502.0,19785.400390625,19409.646484375,72631,0.0,0.0
2022-06-08,19900.0,19904.19921875,19515.0,19583.75,19211.826171875,72900,0.0,0.0
2022-06-09,19526.0,19574.849609375,19080.05078125,19198.0,18833.40234375,60727,0.0,0.0
2022-06-10,18977.0,19331.599609375,18760.849609375,19178.849609375,18814.6171875,64693,0.0,0.0
2022-06-13,18603.44921875,19345.94921875,18591.400390625,19135.650390625,18772.23828125,46950,0.0,0.0
2022-06-14,19128.0,19424.94921875,18898.19921875,19208.849609375,18844.046875,36353,0.0,0.0
2022-06-15,19347.150390625,19375.0,19051.0,19314.19921875,18947.39453125,30378,0.0,0.0
2022-06-16,19435.0,19489.94921875,18650.0,18711.849609375,18356.486328125,49042,0.0,0.0
2022-06-17,18738.400390625,18738.400390625,17980.19921875,18045.75,17703.037109375,75217,0.0,0.0
2022-06-20,17949.0,18503.5,17865.19921875,18414.0,18064.29296875,37518,0.0,0.0
2022-06-21,18504.0,18680.0,18414.0,18551.349609375,18199.03125,26893,0.0,0.0
2022-06-22,18551.349609375,18590.0,18135.0,18496.75,18145.47265625,27406,0.0,0.0
2022-06-23,18496.69921875,18646.80078125,18239.650390625,18533.599609375,18181.619140625,20770,0.0,0.0
2022-06-24,18600.0,18937.400390625,18561.44921875,18793.650390625,18436.734375,30264,0.0,0.0
2022-06-27,18900.0,19186.349609375,18852.099609375,19101.5,18738.734375,28772,0.0,0.0
2022-06-28,19090.0,19352.0,18815.0,19236.900390625,18871.5625,37399,0.0,0.0
2022-06-29,19101.0,19591.0,19011.150390625,19384.099609375,19015.966796875,125068,0.0,0.0
2022-06-30,19400.0,19449.0,18870.0,19009.69921875,18648.67578125,54351,0.0,0.0
2022-07-01,19050.0,19272.0,18898.849609375,19213.80078125,18848.90234375,17699,0.0,0.0
2022-07-04,19265.94921875,19527.150390625,19051.0,19292.400390625,18926.0078125,18325,0.0,0.0
2022-07-05,19388.900390625,19693.0,19303.80078125,19565.75,19194.169921875,35621,0.0,0.0
2022-07-06,19450.0,20100.0,19400.0,19990.849609375,19611.1953125,25203,0.0,0.0
2022-07-07,20060.0,20172.94921875,19920.05078125,20014.599609375,19634.4921875,19677,0.0,0.0
2022-07-08,20325.0,20348.0,19860.0,19932.80078125,19554.244140625,21583,0.0,0.0
2022-07-11,19919.94921875,20040.599609375,19764.099609375,19854.150390625,19477.091796875,16712,0.0,0.0
2022-07-12,19800.05078125,20500.0,19586.05078125,19962.099609375,19582.990234375,26628,0.0,0.0
2022-07-13,19890.0,20082.0,19651.5,19736.05078125,19404.9765625,22871,45.0,0.0
2022-07-14,19800.0,19945.94921875,19375.0,19562.69921875,19234.533203125,21860,0.0,0.0
2022-07-15,19499.94921875,19793.75,19450.05078125,19701.80078125,19371.306640625,19672,0.0,0.0
2022-07-18,19799.0,20099.0,19780.0,20055.69921875,19719.265625,18144,0.0,0.0
2022-07-19,19980.0,20187.0,19902.30078125,20068.19921875,19731.556640625,16234,0.0,0.0
2022-07-20,20290.0,20375.0,20112.94921875,20208.19921875,19869.203125,19629,0.0,0.0
2022-07-21,20208.19921875,20510.0,20101.0,20442.94921875,20100.015625,21427,0.0,0.0
2022-07-22,20449.0,20887.19921875,20351.0,20780.0,20431.4140625,45573,0.0,0.0
2022-07-25,20700.0,20815.349609375,20311.19921875,20679.05078125,20332.16015625,27434,0.0,0.0
2022-07-26,20650.0,20740.0,20400.0,20652.349609375,20305.90625,21917,0.0,0.0
2022-07-27,20622.0,21130.0,20539.75,21023.5,20670.828125,25232,0.0,0.0
2022-07-28,21150.0,21622.0,20039.94921875,20415.44921875,20072.98046875,116841,0.0,0.0
2022-07-29,20425.0,20714.900390625,20172.44921875,20498.0,20154.146484375,54333,0.0,0.0
2022-08-01,20625.25,20985.150390625,20550.0,20947.0,20595.611328125,32066,0.0,0.0
2022-08-02,20900.0,21288.900390625,20810.099609375,21110.94921875,20756.8125,32690,0.0,0.0
2022-08-03,21200.0,21290.0,20834.0,20956.44921875,20604.90625,23018,0.0,0.0
2022-08-04,21050.0,21249.75,20539.94921875,20687.900390625,20340.861328125,28415,0.0,0.0
2022-08-05,20791.349609375,21277.0,20700.099609375,21237.400390625,20881.142578125,32998,0.0,0.0
2022-08-08,21199.94921875,21272.30078125,21003.5,21195.599609375,20840.044921875,20766,0.0,0.0
2022-08-10,21240.0,21450.0,20855.0,21104.900390625,20750.869140625,25095,0.0,0.0
2022-08-11,21210.44921875,21450.0,21150.150390625,21192.94921875,20837.435546875,17013,0.0,0.0
2022-08-12,21298.94921875,21300.0,21050.0,21152.19921875,20797.369140625,16651,0.0,0.0
2022-08-16,21205.0,21599.900390625,21050.0,21440.55078125,21080.884765625,31930,0.0,0.0
2022-08-17,21459.80078125,21800.0,21361.25,21420.94921875,21061.611328125,28971,0.0,0.0
2022-08-18,21400.0,21672.349609375,21202.55078125,21622.5,21259.78515625,27367,0.0,0.0
2022-08-19,21650.0,21775.0,21335.0,21423.19921875,21063.822265625,26082,0.0,0.0
2022-08-22,21390.0,21471.75,20818.400390625,20931.44921875,20580.32421875,50277,0.0,0.0
2022-08-23,20899.94921875,21295.55078125,20742.0,21126.650390625,20772.25,41131,0.0,0.0
2022-08-24,21185.0,21444.44921875,21080.0,21348.0,20989.88671875,19541,0.0,0.0
2022-08-25,21400.0,21935.94921875,21349.349609375,21712.599609375,21348.369140625,88611,0.0,0.0
2022-08-26,21712.599609375,22200.69921875,21580.0,22097.900390625,21727.20703125,35767,0.0,0.0
2022-08-29,21415.0,22226.0,21410.0,21895.80078125,21528.5,33834,0.0,0.0
2022-08-30,21960.0,22550.0,21900.0,22073.099609375,21702.82421875,52105,0.0,0.0
2022-09-01,22010.0,22050.849609375,21545.0,21586.150390625,21224.041015625,34381,0.0,0.0
2022-09-02,21586.0,21607.80078125,21011.0,21088.400390625,20734.640625,87390,0.0,0.0
2022-09-05,21193.849609375,21367.849609375,20801.0,21293.650390625,20936.44921875,40749,0.0,0.0
2022-09-06,21293.0,21700.0,21172.900390625,21654.349609375,21291.099609375,31067,0.0,0.0
2022-09-07,21580.0,23574.44921875,21500.0,23181.05078125,22792.19140625,227529,0.0,0.0
2022-09-08,23350.0,24880.0,23146.900390625,24458.44921875,24048.158203125,368238,0.0,0.0
2022-09-09,24587.0,25550.0,24232.5,24505.599609375,24094.517578125,434043,0.0,0.0
2022-09-12,24599.0,25000.0,23903.19921875,24135.099609375,23730.232421875,174699,0.0,0.0
2022-09-13,24380.0,24947.94921875,23850.0,23932.30078125,23530.8359375,137542,0.0,0.0
2022-09-14,23750.0,24299.0,23505.099609375,24131.349609375,23726.548828125,161087,0.0,0.0
2022-09-15,24350.0,24536.30078125,23710.0,23912.599609375,23511.466796875,102259,0.0,0.0
2022-09-16,23965.0,24067.150390625,23211.0,23317.69921875,22926.54296875,122585,0.0,0.0
2022-09-19,23400.0,23735.30078125,23011.5,23401.099609375,23008.544921875,74383,0.0,0.0
2022-09-20,23518.150390625,23722.94921875,22813.75,23242.69921875,22852.8046875,59048,0.0,0.0
2022-09-21,23294.5,23408.400390625,21800.099609375,22023.94921875,21654.498046875,135651,0.0,0.0
2022-09-22,21862.349609375,22680.0,21523.80078125,21703.5,21339.42578125,175114,0.0,0.0
2022-09-23,21812.05078125,21999.0,21151.150390625,21201.44921875,20845.79296875,85503,0.0,0.0
2022-09-26,21150.0,21350.0,20636.099609375,20748.5,20400.443359375,100129,0.0,0.0
2022-09-27,20852.25,21483.69921875,20585.94921875,21163.25,20808.236328125,129321,0.0,0.0
2022-09-28,21040.0,21150.0,20764.599609375,20844.5,20494.83203125,78914,0.0,0.0
2022-09-29,20948.75,21588.0,20660.099609375,21287.05078125,20929.9609375,655229,0.0,0.0
2022-09-30,21242.0,21990.0,20832.0,21033.099609375,20680.26953125,217810,0.0,0.0
2022-10-03,21102.0,21219.80078125,20611.19921875,20719.05078125,20371.48828125,98780,0.0,0.0
2022-10-04,20890.0,21168.19921875,20835.150390625,21009.75,20657.3125,59059,0.0,0.0
2022-10-06,21114.80078125,21446.44921875,20924.94921875,21321.19921875,20963.5390625,56605,0.0,0.0
2022-10-07,21250.30078125,21345.0,20910.19921875,21283.75,20926.712890625,41735,0.0,0.0
2022-10-10,21100.0,21245.0,20980.25,21142.650390625,20787.982421875,39434,0.0,0.0
2022-10-11,21210.0,21250.0,20721.0,20802.099609375,20453.142578125,47401,0.0,0.0
2022-10-12,20906.150390625,21097.5,20685.0,21012.150390625,20659.671875,104160,0.0,0.0
2022-10-13,20870.0,21131.650390625,20740.650390625,21075.650390625,20722.10546875,63593,0.0,0.0
2022-10-14,21349.0,21499.0,20971.05078125,21188.5,20833.0625,63317,0.0,0.0
2022-10-17,20725.0,20990.0,20150.0,20831.099609375,20481.65625,179228,0.0,0.0
2022-10-18,20805.0,21190.0,20765.0,20967.900390625,20616.1640625,74047,0.0,0.0
2022-10-19,21003.0,21475.05078125,21003.0,21324.0,20966.2890625,62446,0.0,0.0
2022-10-20,21099.0,22090.0,21099.0,21895.69921875,21528.400390625,69424,0.0,0.0
2022-10-21,21940.0,22198.30078125,20852.25,20935.19921875,20584.013671875,108220,0.0,0.0
2022-10-24,21250.0,21250.0,21000.0,21044.44921875,20691.4296875,7274,0.0,0.0
2022-10-25,21088.0,21350.0,20998.349609375,21299.650390625,20942.34765625,93534,0.0,0.0
2022-10-27,21365.0,21585.0,21201.099609375,21512.19921875,21151.33203125,52523,0.0,0.0
2022-10-28,21600.0,21820.0,21361.5,21779.849609375,21414.494140625,42127,0.0,0.0
2022-10-31,21760.5,22800.0,21760.5,22740.5,22359.029296875,74994,0.0,0.0
2022-11-01,22800.0,23000.0,22400.0,22639.44921875,22259.669921875,48449,0.0,0.0
2022-11-02,22700.0,22941.0,22230.19921875,22327.19921875,21952.662109375,78457,0.0,0.0
2022-11-03,22330.0,23037.19921875,22230.55078125,22815.30078125,22432.572265625,129148,0.0,0.0
2022-11-04,22721.0,22999.0,22638.80078125,22963.599609375,22578.38671875,49873,0.0,0.0
2022-11-07,22970.0,23495.0,22935.19921875,23406.099609375,23013.4609375,49932,0.0,0.0
2022-11-09,23500.0,23676.900390625,22935.349609375,23081.69921875,22694.50390625,57776,0.0,0.0
2022-11-10,23000.0,23072.900390625,22303.0,22399.55078125,22023.796875,34107,0.0,0.0
2022-11-11,22530.0,23092.25,22530.0,22864.0,22480.455078125,45310,0.0,0.0
2022-11-14,22864.0,23200.0,22800.0,23023.94921875,22637.72265625,27815,0.0,0.0
2022-11-15,23130.0,23289.900390625,22991.0,23203.5,22814.263671875,38556,0.0,0.0
2022-11-16,23140.0,23391.94921875,23080.849609375,23253.75,22863.669921875,31180,0.0,0.0
2022-11-17,23215.0,23325.0,23087.75,23239.69921875,22849.853515625,29926,0.0,0.0
2022-11-18,23350.0,23350.0,22810.0,23148.0,22759.69140625,39104,0.0,0.0
2022-11-21,23050.0,23286.099609375,23018.0,23223.5,22833.923828125,21914,0.0,0.0
2022-11-22,23223.5,23387.94921875,23152.0,23264.650390625,22874.38671875,26184,0.0,0.0
2022-11-23,23370.0,23370.0,23160.19921875,23288.099609375,22897.443359375,23001,0.0,0.0
2022-11-24,23359.94921875,23363.0,23036.0,23198.94921875,22809.787109375,33304,0.0,0.0
2022-11-25,23304.0,23304.0,22900.0,23204.349609375,22815.09765625,44115,0.0,0.0
2022-11-28,23120.19921875,23460.0,23120.19921875,23426.099609375,23033.125,22672,0.0,0.0
2022-11-29,23450.0,23525.0,23137.75,23218.349609375,22828.859375,31156,0.0,0.0
2022-11-30,23299.94921875,24017.0,23217.5,23879.75,23479.166015625,46520,0.0,0.0
2022-12-01,23900.0,24100.0,23670.0,24007.5,23604.775390625,37020,0.0,0.0
2022-12-02,24000.0,24162.0,23510.0,24094.849609375,23690.658203125,28427,0.0,0.0
2022-12-05,24090.0,24110.0,23688.849609375,23755.599609375,23357.09765625,23170,0.0,0.0
2022-12-06,23720.0,24071.94921875,23550.0,24009.69921875,23606.9375,29434,0.0,0.0
2022-12-07,23970.0,24439.099609375,23828.19921875,24256.30078125,23849.40234375,44520,0.0,0.0
2022-12-08,24260.0,24544.94921875,24230.900390625,24484.0,24073.279296875,21481,0.0,0.0
2022-12-09,24484.0,24612.900390625,24206.099609375,24441.55078125,24031.54296875,22709,0.0,0.0
2022-12-12,24370.05078125,24575.0,24200.0,24278.44921875,23871.177734375,26967,0.0,0.0
2022-12-13,24330.0,24421.0,23976.5,24207.94921875,23801.86328125,28325,0.0,0.0
2022-12-14,24270.0,24435.0,24180.0,24353.25,23944.724609375,15031,0.0,0.0
2022-12-15,24340.0,24569.75,24102.650390625,24296.5,23888.927734375,18723,0.0,0.0
2022-12-16,24200.0,24329.94921875,23633.0,23725.80078125,23327.798828125,26791,0.0,0.0
2022-12-19,23775.0,23922.5,23566.80078125,23823.650390625,23424.009765625,27421,0.0,0.0
2022-12-20,23810.0,23813.0,23282.05078125,23730.099609375,23332.02734375,32638,0.0,0.0
2022-12-21,23770.0,23940.599609375,23440.0,23571.25,23175.841796875,35053,0.0,0.0
2022-12-22,23600.0,23859.55078125,23421.400390625,23814.44921875,23414.962890625,36764,0.0,0.0
2022-12-23,23699.94921875,23699.94921875,23170.55078125,23271.400390625,22881.0234375,27459,0.0,0.0
2022-12-26,23289.94921875,23850.0,23074.05078125,23748.0,23349.625,15650,0.0,0.0
2022-12-27,23760.0,24222.0,23700.0,24133.05078125,23728.21875,14980,0.0,0.0
2022-12-28,24100.0,24442.0,24011.44921875,24284.25,23876.8828125,25314,0.0,0.0
2022-12-29,24110.0,24150.0,23225.0,23256.75,22866.6171875,90610,0.0,0.0
2022-12-30,23400.0,23420.0,23055.400390625,23289.44921875,22898.767578125,56763,0.0,0.0
2023-01-02,23296.5,23519.94921875,23139.0,23454.69921875,23061.248046875,23428,0.0,0.0
2023-01-03,23470.0,23789.69921875,23452.0,23732.94921875,23334.826171875,20755,0.0,0.0
2023-01-04,23699.94921875,24590.0,23660.0,24007.55078125,23604.82421875,94884,0.0,0.0
2023-01-05,24129.94921875,24379.75,23904.69921875,24238.0,23831.40625,44843,0.0,0.0
2023-01-06,24300.0,24366.650390625,23552.099609375,23853.05078125,23452.916015625,28542,0.0,0.0
2023-01-09,23972.349609375,24048.0,23663.0,23752.30078125,23353.857421875,17654,0.0,0.0
2023-01-10,23840.0,23900.0,23205.0,23559.5,23164.2890625,31716,0.0,0.0
2023-01-11,23600.0,23771.94921875,23250.0,23516.69921875,23122.205078125,19213,0.0,0.0
2023-01-12,23530.0,24000.0,23504.55078125,23854.849609375,23454.685546875,37645,0.0,0.0
2023-01-13,23998.0,24290.25,23750.0,24139.75,23734.8046875,42213,0.0,0.0
2023-01-16,24120.0,24280.0,23980.5,24060.400390625,23656.7890625,25269,0.0,0.0
2023-01-17,24000.0,24194.400390625,23930.650390625,24091.55078125,23687.4140625,18810,0.0,0.0
2023-01-18,24015.05078125,24138.599609375,23817.0,24059.900390625,23656.29296875,22616,0.0,0.0
2023-01-19,24000.0,24480.0,23849.900390625,24389.5,23980.365234375,28281,0.0,0.0
2023-01-20,24350.0,24773.0,24200.0,24420.94921875,24011.287109375,44330,0.0,0.0
2023-01-23,24449.94921875,24549.5,22945.0,23037.05078125,22650.603515625,67600,0.0,0.0
2023-01-24,23152.25,23347.69921875,22440.05078125,22608.400390625,22229.14453125,84528,0.0,0.0
2023-01-25,22650.0,22792.599609375,22002.05078125,22146.80078125,21775.287109375,47092,0.0,0.0
2023-01-27,22257.55078125,22379.900390625,21410.0,21901.19921875,21533.80859375,52018,0.0,0.0
2023-01-30,21860.0,22730.0,21860.0,22585.349609375,22206.482421875,54148,0.0,0.0
2023-01-31,22704.19921875,23743.599609375,22704.19921875,23684.55078125,23287.240234375,82554,0.0,0.0
2023-02-01,23740.19921875,24670.0,23450.0,23916.94921875,23515.7421875,111351,0.0,0.0
2023-02-02,23850.0,24699.900390625,23750.0,24523.25,24111.87109375,72967,0.0,0.0
2023-02-03,24500.0,24742.80078125,24270.0,24467.599609375,24057.154296875,54355,0.0,0.0
2023-02-06,24318.94921875,24359.94921875,24000.0,24120.94921875,23716.3203125,30089,0.0,0.0
2023-02-07,24132.0,24410.0,24025.0,24262.25,23855.248046875,38892,0.0,0.0
2023-02-08,24368.849609375,24604.849609375,23750.0,24239.94921875,23833.322265625,81785,0.0,0.0
2023-02-09,23960.0,24150.0,23090.5,23199.80078125,22810.625,72685,0.0,0.0
2023-02-10,23292.5,24074.0,22752.0,23970.599609375,23568.490234375,70017,0.0,0.0
2023-02-13,23999.0,24550.0,23812.400390625,24194.400390625,23788.541015625,77436,0.0,0.0
2023-02-14,24145.80078125,24729.0,24061.75,24634.80078125,24221.55078125,75478,0.0,0.0
2023-02-15,24560.0,25000.0,24290.05078125,24890.55078125,24473.01171875,54111,0.0,0.0
2023-02-16,24904.0,25175.0,24830.0,25117.599609375,24740.98046875,50403,45.0,0.0
2023-02-17,24950.0,26050.05078125,24830.25,25757.400390625,25371.1875,132205,0.0,0.0
2023-02-20,25600.0,26925.94921875,25540.0,26512.900390625,26115.361328125,187893,0.0,0.0
2023-02-21,26460.05078125,27049.0,26317.5,26530.900390625,26133.091796875,128006,0.0,0.0
2023-02-22,26530.0,26530.0,25875.0,26214.900390625,25821.830078125,93446,0.0,0.0
2023-02-23,26219.94921875,26499.150390625,25588.0,25634.650390625,25250.283203125,78884,0.0,0.0
2023-02-24,25750.0,25875.0,25200.0,25412.80078125,25031.7578125,31612,0.0,0.0
2023-02-27,25350.0,26004.900390625,24880.0,25645.05078125,25260.5234375,38186,0.0,0.0
2023-02-28,25773.30078125,26214.0,25621.0,26087.94921875,25696.78515625,63139,0.0,0.0
2023-03-01,25910.0,26420.0,25899.94921875,26329.5,25934.712890625,29240,0.0,0.0
2023-03-02,26299.94921875,26789.0,26159.0,26576.80078125,26178.302734375,45919,0.0,0.0
2023-03-03,26455.0,26614.55078125,25450.05078125,25655.900390625,25271.2109375,93972,0.0,0.0
2023-03-06,25750.0,25892.80078125,25210.0,25571.44921875,25188.02734375,64371,0.0,0.0
2023-03-08,25371.0,26147.900390625,25370.0,26014.69921875,25624.62890625,36651,0.0,0.0
2023-03-09,26130.0,26449.900390625,25505.0,25560.849609375,25177.5859375,45802,0.0,0.0
2023-03-10,25400.0,26663.849609375,25150.0,26181.75,25789.17578125,67356,0.0,0.0
2023-03-13,26030.05078125,26151.0,25502.0,25766.94921875,25380.595703125,36270,0.0,0.0
2023-03-14,25766.94921875,25799.30078125,25060.05078125,25224.75,24846.525390625,50043,0.0,0.0
2023-03-15,25400.0,25550.650390625,25194.55078125,25331.099609375,24951.28125,36837,0.0,0.0
2023-03-16,25399.0,25648.400390625,25034.94921875,25472.94921875,25091.001953125,40517,0.0,0.0
2023-03-17,25472.94921875,25600.0,25059.0,25161.75,24784.46875,41257,0.0,0.0
2023-03-20,25327.150390625,25378.150390625,24751.599609375,25076.19921875,24700.205078125,35356,0.0,0.0
2023-03-21,25190.0,25190.0,24878.05078125,25142.900390625,24765.90234375,29461,0.0,0.0
2023-03-22,25227.44921875,25700.0,25108.19921875,25494.0,25111.736328125,52197,0.0,0.0
2023-03-23,25400.05078125,25638.150390625,25222.0,25413.150390625,25032.1015625,27917,0.0,0.0
2023-03-24,25413.150390625,25590.0,25110.599609375,25511.650390625,25129.12109375,35202,0.0,0.0
2023-03-27,25450.0,25805.900390625,25331.599609375,25583.650390625,25200.046875,37651,0.0,0.0
2023-03-28,25560.0,25582.349609375,25127.599609375,25193.349609375,24815.595703125,23209,0.0,0.0
2023-03-29,25192.900390625,26014.19921875,25031.0,25804.69921875,25417.78125,41315,0.0,0.0
2023-03-31,25835.0,26425.0,25750.349609375,26186.94921875,25794.298828125,42060,0.0,0.0
2023-04-03,26299.94921875,26385.0,25830.0,26260.849609375,25867.08984375,39037,0.0,0.0
2023-04-05,26205.0,26599.900390625,26150.0,26534.94921875,26137.078125,21471,0.0,0.0
2023-04-06,26401.05078125,26572.44921875,26002.650390625,26164.69921875,25772.3828125,18301,0.0,0.0
2023-04-10,26125.099609375,26475.94921875,25917.650390625,26000.75,25610.890625,28668,0.0,0.0
2023-04-11,26000.75,26352.0,26000.0,26201.400390625,25808.533203125,45833,0.0,0.0
2023-04-12,26201.400390625,26484.0,26048.25,26116.900390625,25725.298828125,25784,0.0,0.0
2023-04-13,26200.0,26200.0,25775.25,25808.19921875,25421.2265625,27530,0.0,0.0
2023-04-17,25850.0,26100.0,25451.0,25532.150390625,25149.318359375,19918,0.0,0.0
2023-04-18,25600.0,26046.849609375,25215.099609375,25263.650390625,24884.84375,31230,0.0,0.0
2023-04-19,25340.0,25460.0,24675.0,24758.94921875,24387.7109375,20893,0.0,0.0
2023-04-20,24824.94921875,24898.849609375,24175.94921875,24254.400390625,23890.724609375,37209,0.0,0.0
2023-04-21,24299.0,24349.0,23830.05078125,23887.05078125,23528.8828125,21807,0.0,0.0
2023-04-24,24048.19921875,24090.0,23550.0,23870.349609375,23512.43359375,29799,0.0,0.0
2023-04-25,23960.0,24184.25,23856.650390625,24078.400390625,23717.365234375,45207,0.0,0.0
2023-04-26,23999.94921875,24269.94921875,23700.0,23962.5,23603.19921875,35697,0.0,0.0
2023-04-27,24039.0,24061.0,23552.5,23745.80078125,23389.751953125,31520,0.0,0.0
2023-04-28,23848.0,24400.0,23674.0,24334.44921875,23969.57421875,33989,0.0,0.0
2023-05-02,24350.0,24400.0,23957.05078125,24191.650390625,23828.91796875,34660,0.0,0.0
2023-05-03,24130.0,24325.0,23951.19921875,24258.55078125,23894.814453125,28202,0.0,0.0
2023-05-04,24250.0,24566.94921875,24120.0,24456.400390625,24089.697265625,22757,0.0,0.0
2023-05-05,24410.0,24620.0,24300.0,24516.19921875,24148.59765625,26761,0.0,0.0
2023-05-08,24520.0,24710.0,24520.0,24571.400390625,24202.97265625,16402,0.0,0.0
2023-05-09,24600.400390625,24741.30078125,24068.94921875,24207.0,23844.037109375,23539,0.0,0.0
2023-05-10,24275.69921875,24472.849609375,24116.25,24431.80078125,24065.466796875,14179,0.0,0.0
2023-05-11,24450.0,24935.0,24400.0,24876.849609375,24503.841796875,19207,0.0,0.0
2023-05-12,24600.05078125,24924.0,24210.05078125,24750.849609375,24379.732421875,41410,0.0,0.0
2023-05-15,24750.849609375,25050.0,24444.55078125,24591.94921875,24223.2109375,19341,0.0,0.0
2023-05-16,24591.94921875,24748.849609375,24335.099609375,24398.349609375,24032.51953125,12024,0.0,0.0
2023-05-17,24400.0,24848.94921875,24350.0,24419.0,24052.857421875,28274,0.0,0.0
2023-05-18,24510.0,24669.94921875,23900.0,23984.30078125,23624.67578125,17375,0.0,0.0
2023-05-19,24075.55078125,24498.0,23727.599609375,24408.650390625,24042.662109375,29803,0.0,0.0
2023-05-22,24327.19921875,24916.25,24234.19921875,24468.650390625,24101.76171875,33885,0.0,0.0
2023-05-23,24410.0,25450.0,24410.0,24765.80078125,24394.45703125,64597,0.0,0.0
2023-05-24,24650.0,24700.0,23705.75,23990.80078125,23631.078125,76229,0.0,0.0
2023-05-25,24031.80078125,24300.0,23840.0,24247.099609375,23883.53125,37451,0.0,0.0
2023-05-26,24250.0,25086.69921875,24178.0,24977.0,24602.4921875,48742,0.0,0.0
2023-05-29,25050.0,25469.5,24992.400390625,25261.349609375,24882.576171875,32876,0.0,0.0
2023-05-30,25200.0,25885.0,25116.05078125,25586.94921875,25203.296875,54929,0.0,0.0
2023-05-31,25525.0,25590.0,24988.150390625,25165.19921875,24787.869140625,208322,0.0,0.0
2023-06-01,25300.0,25395.05078125,25102.19921875,25167.30078125,24844.236328125,31272,55.0,0.0
2023-06-02,25300.0,25300.05078125,24969.94921875,25038.400390625,24716.990234375,43663,0.0,0.0
2023-06-05,25168.94921875,25298.0,24707.650390625,24820.05078125,24501.443359375,37650,0.0,0.0
2023-06-06,24950.0,25857.94921875,24777.05078125,25793.80078125,25462.6953125,77331,0.0,0.0
2023-06-07,25795.0,25865.55078125,25515.25,25795.599609375,25464.470703125,39831,0.0,0.0
2023-06-08,25795.599609375,26137.900390625,25560.650390625,25632.0,25302.970703125,36793,0.0,0.0
2023-06-09,25674.150390625,25948.0,25370.650390625,25447.80078125,25121.13671875,21413,0.0,0.0
2023-06-12,25550.0,25749.80078125,25380.55078125,25715.400390625,25385.30078125,17611,0.0,0.0
2023-06-13,25900.0,26220.0,25750.349609375,26164.0,25828.142578125,34032,0.0,0.0
2023-06-14,26200.0,26389.94921875,26085.80078125,26236.099609375,25899.31640625,26924,0.0,0.0
2023-06-15,26236.099609375,26283.900390625,26015.94921875,26145.30078125,25809.681640625,23905,0.0,0.0
2023-06-16,26170.0,26400.0,26110.05078125,26213.150390625,25876.662109375,31673,0.0,0.0
2023-06-19,26419.80078125,26580.0,25815.150390625,25999.0,25665.259765625,33881,0.0,0.0
2023-06-20,25910.0,26188.80078125,25740.0,25949.19921875,25616.09765625,18089,0.0,0.0
2023-06-21,25950.0,26144.650390625,25248.30078125,25660.75,25331.3515625,62343,0.0,0.0
2023-06-22,25650.0,25975.0,25515.05078125,25656.349609375,25327.0078125,35342,0.0,0.0
2023-06-23,25650.0,25650.05078125,25066.0,25145.25,24822.46875,25869,0.0,0.0
2023-06-26,22630.75,24145.0,22605.599609375,23702.150390625,23397.892578125,438935,0.0,0.0
2023-06-27,24110.0,24276.5,23640.30078125,24018.150390625,23709.8359375,154928,0.0,0.0
2023-06-28,24050.0,24299.94921875,23827.69921875,24053.400390625,23744.63671875,71538,0.0,0.0
2023-06-30,24081.0,24210.0,23850.0,23886.44921875,23579.828125,46765,0.0,0.0
2023-07-03,24200.0,24210.0,23950.0,24121.0,23811.3671875,30015,0.0,0.0
2023-07-04,24121.0,24198.900390625,23970.05078125,24081.94921875,23772.814453125,17326,0.0,0.0
2023-07-05,24012.0,24559.80078125,24003.599609375,24432.5,24118.869140625,43292,0.0,0.0
2023-07-06,24549.94921875,24550.0,24180.0,24218.55078125,23907.666015625,22295,0.0,0.0
2023-07-07,24218.55078125,24267.55078125,23722.849609375,23883.349609375,23576.767578125,35053,0.0,0.0
2023-07-10,23907.0,24091.0,23755.05078125,24017.30078125,23709.0,24408,0.0,0.0
2023-07-11,24075.30078125,24346.80078125,23560.900390625,23955.349609375,23647.841796875,105568,0.0,0.0
2023-07-12,23820.0,24340.5,23726.0,24261.400390625,23949.96484375,62988,0.0,0.0
2023-07-13,24312.0,24511.900390625,24015.0,24152.94921875,23842.908203125,32096,0.0,0.0
2023-07-14,24272.0,24405.0,24001.400390625,24339.650390625,24027.208984375,20770,0.0,0.0
2023-07-17,24440.0,24527.349609375,24070.0,24117.94921875,23808.35546875,36264,0.0,0.0
2023-07-18,24159.94921875,24253.75,23450.900390625,23948.25,23640.8359375,17119,0.0,0.0
2023-07-19,24050.0,24124.900390625,23905.94921875,24028.30078125,23719.857421875,29499,0.0,0.0
2023-07-20,23611.30078125,23745.75,23350.0,23409.05078125,23108.556640625,101108,0.0,0.0
2023-07-21,23428.05078125,23459.05078125,23026.0,23088.75,22792.3671875,37839,0.0,0.0
2023-07-24,23200.0,23322.30078125,23090.19921875,23237.0,22938.71484375,35964,0.0,0.0
2023-07-25,23323.0,23709.94921875,23200.0,23681.80078125,23377.806640625,32141,0.0,0.0
2023-07-26,23750.0,24340.0,23564.400390625,24274.5,23962.896484375,87313,0.0,0.0
2023-07-27,24300.0,24314.349609375,23764.650390625,23869.55078125,23563.1484375,36633,0.0,0.0
2023-07-28,24059.69921875,24184.849609375,23873.55078125,24048.05078125,23739.353515625,22865,0.0,0.0
2023-07-31,23800.0,24299.0,23800.0,24108.400390625,23798.9296875,30798,0.0,0.0
2023-08-01,24200.0,24200.0,23980.849609375,24102.05078125,23792.66015625,47864,0.0,0.0
2023-08-02,24100.0,24100.0,23905.0,24045.099609375,23736.443359375,34126,0.0,0.0
2023-08-03,24040.0,24223.75,23860.400390625,24114.349609375,23804.798828125,24563,0.0,0.0
2023-08-04,24230.0,24286.0,24102.5,24224.19921875,23913.23828125,18589,0.0,0.0
2023-08-07,24400.0,24400.0,24042.849609375,24253.44921875,23942.115234375,8891,0.0,0.0
2023-08-08,24300.0,24377.5,24120.150390625,24270.05078125,23958.50390625,20046,0.0,0.0
2023-08-09,24350.0,24372.0,24012.0,24331.05078125,24018.720703125,30445,0.0,0.0
2023-08-10,24200.099609375,24395.0,23926.94921875,24174.55078125,23864.228515625,37905,0.0,0.0
2023-08-11,24179.150390625,24280.0,24051.099609375,24110.599609375,23801.1015625,12901,0.0,0.0
2023-08-14,24101.0,24129.75,23651.0,23720.55078125,23416.05859375,16303,0.0,0.0
2023-08-16,23690.0,23973.650390625,23506.05078125,23920.5,23613.44140625,17783,0.0,0.0
2023-08-17,23960.0,24038.75,23720.150390625,23791.150390625,23485.75,22943,0.0,0.0
2023-08-18,23811.0,23844.94921875,23451.0,23537.25,23235.111328125,19865,0.0,0.0
2023-08-21,23669.94921875,23775.0,23524.25,23610.19921875,23307.123046875,24001,0.0,0.0
2023-08-22,23730.0,23932.900390625,23658.30078125,23862.69921875,23556.3828125,16676,0.0,0.0
2023-08-23,23869.69921875,24290.0,23625.0,23670.5,23366.65234375,40294,0.0,0.0
2023-08-24,23749.94921875,23920.0,23598.05078125,23859.599609375,23553.322265625,48660,0.0,0.0
2023-08-25,23820.0,23898.900390625,23611.0,23852.30078125,23546.119140625,21989,0.0,0.0
2023-08-28,23949.0,24094.0,23752.400390625,24020.349609375,23712.0078125,13891,0.0,0.0
2023-08-29,24024.0,24167.94921875,24008.0,24130.19921875,23820.447265625,15323,0.0,0.0
2023-08-30,24150.0,24325.0,23966.0,24047.849609375,23739.15625,17040,0.0,0.0
2023-08-31,24051.0,24100.0,23795.0,23801.150390625,23495.623046875,61972,0.0,0.0
2023-09-01,23830.0,24179.5,23820.0,24139.349609375,23829.478515625,27413,0.0,0.0
2023-09-04,24590.0,25793.69921875,24449.0,25671.55078125,25342.013671875,119316,0.0,0.0
2023-09-05,25700.0,25838.30078125,25400.0,25725.05078125,25394.826171875,41937,0.0,0.0
2023-09-06,25700.0,25819.650390625,25500.0,25650.30078125,25321.037109375,37280,0.0,0.0
2023-09-07,25640.0,25795.0,25494.05078125,25738.80078125,25408.40234375,22670,0.0,0.0
2023-09-08,25700.0,26049.19921875,25650.0,25973.099609375,25639.69140625,30009,0.0,0.0
2023-09-11,25970.0,26054.25,25710.0,25797.400390625,25466.248046875,20820,0.0,0.0
2023-09-12,25949.900390625,26197.94921875,25505.650390625,26035.099609375,25700.896484375,46577,0.0,0.0
2023-09-13,25902.0,26328.80078125,25850.0,26238.55078125,25901.736328125,40313,0.0,0.0
2023-09-14,26200.0,26501.0,26150.400390625,26445.0,26105.533203125,88963,0.0,0.0
2023-09-15,26400.0,27117.94921875,26162.0,26794.25,26450.302734375,57876,0.0,0.0
2023-09-18,26675.349609375,26822.599609375,26306.0,26392.0,26053.21484375,20562,0.0,0.0
2023-09-20,26349.94921875,26493.650390625,26050.0,26107.75,25772.615234375,28131,0.0,0.0
2023-09-21,26100.0,26499.94921875,25950.0,26293.599609375,25956.076171875,29874,0.0,0.0
2023-09-22,26255.0,26442.25,25820.0,25939.69921875,25606.720703125,50277,0.0,0.0
2023-09-25,25939.69921875,26053.94921875,25780.05078125,25856.44921875,25524.5390625,25519,0.0,0.0
2023-09-26,25915.0,26243.849609375,25915.0,26033.0,25698.82421875,15228,0.0,0.0
2023-09-27,26085.0,26518.900390625,25900.0,26428.55078125,26089.296875,16809,0.0,0.0
2023-09-28,26506.0,26543.0,25551.25,25631.69921875,25302.67578125,46905,0.0,0.0
2023-09-29,25799.0,25800.0,25342.55078125,25465.0,25138.11328125,22812,0.0,0.0
2023-10-03,25499.900390625,25696.599609375,25309.099609375,25624.099609375,25295.173828125,14992,0.0,0.0
2023-10-04,25590.0,25624.900390625,25313.94921875,25466.94921875,25140.03515625,16317,0.0,0.0
2023-10-05,25500.0,25940.0,25437.55078125,25763.150390625,25432.4375,26035,0.0,0.0
2023-10-06,25899.69921875,25899.69921875,25552.05078125,25787.25,25456.2265625,9701,0.0,0.0
2023-10-09,25649.05078125,25774.69921875,25501.0,25730.0,25399.71484375,6134,0.0,0.0
2023-10-10,25750.05078125,26222.0,25750.05078125,26163.75,25827.89453125,11972,0.0,0.0
2023-10-11,26227.94921875,26920.0,26200.0,26501.349609375,26161.1640625,31504,0.0,0.0
2023-10-12,26675.0,26795.0,26428.5,26653.5,26311.357421875,21583,0.0,0.0
2023-10-13,26455.0,26899.44921875,26455.0,26851.150390625,26506.470703125,14489,0.0,0.0
2023-10-16,26850.0,27298.94921875,26576.80078125,26658.900390625,26316.689453125,28766,0.0,0.0
2023-10-17,26710.05078125,26875.0,26528.099609375,26631.69921875,26289.837890625,22537,0.0,0.0
2023-10-18,26700.05078125,26915.30078125,26517.0,26813.75,26469.55078125,21203,0.0,0.0
2023-10-19,26560.0,26599.94921875,26000.0,26297.44921875,25959.87890625,26692,0.0,0.0
2023-10-20,26297.44921875,26399.849609375,25900.0,26084.650390625,25749.810546875,22799,0.0,0.0
2023-10-23,26025.0,26199.5,25560.55078125,25704.099609375,25374.142578125,16692,0.0,0.0
2023-10-25,25649.0,25990.900390625,25447.30078125,25707.30078125,25377.306640625,39909,0.0,0.0
2023-10-26,25680.0,25899.900390625,25375.849609375,25431.599609375,25105.142578125,56816,0.0,0.0
2023-10-27,25431.599609375,25682.25,25309.0,25514.5,25186.98046875,19096,0.0,0.0
2023-10-30,25699.900390625,25998.0,25361.05078125,25943.55078125,25610.5234375,25503,0.0,0.0
2023-10-31,25930.69921875,26081.44921875,25551.05078125,25655.05078125,25325.724609375,22304,0.0,0.0
2023-11-01,25772.30078125,25790.0,25326.150390625,25420.650390625,25094.33203125,12977,0.0,0.0
2023-11-02,25500.0,25950.0,25426.44921875,25892.25,25559.876953125,15029,0.0,0.0
2023-11-03,25999.0,26145.0,25880.0,25957.849609375,25624.638671875,7457,0.0,0.0
2023-11-06,26026.0,26494.400390625,25999.599609375,26401.0,26062.099609375,20370,0.0,0.0
2023-11-07,26487.94921875,26750.0,26320.0,26685.55078125,26342.99609375,17181,0.0,0.0
2023-11-08,26669.05078125,26701.849609375,26200.05078125,26270.5,25933.275390625,28452,0.0,0.0
2023-11-09,26399.900390625,26399.900390625,25885.349609375,25951.400390625,25618.26953125,23367,0.0,0.0
2023-11-10,25960.5,26471.94921875,25758.05078125,26358.5,26020.14453125,41966,0.0,0.0
2023-11-13,26300.0,26345.25,26075.25,26196.19921875,25859.927734375,10644,0.0,0.0
2023-11-15,26305.0,26399.94921875,26145.19921875,26203.44921875,25867.083984375,15802,0.0,0.0
2023-11-16,26200.0,26275.0,25966.94921875,26174.400390625,25838.408203125,16298,0.0,0.0
2023-11-17,26200.0,26480.0,26068.05078125,26199.80078125,25863.482421875,18638,0.0,0.0
2023-11-20,26199.80078125,26315.0,25905.05078125,25953.650390625,25620.490234375,19776,0.0,0.0
2023-11-21,26003.0,26195.400390625,25856.94921875,25937.05078125,25604.10546875,12026,0.0,0.0
2023-11-22,25930.349609375,26100.0,25880.05078125,25997.05078125,25663.3359375,39407,0.0,0.0
2023-11-23,26100.0,26100.0,25869.599609375,25922.19921875,25589.4453125,57461,0.0,0.0
2023-11-24,25922.19921875,26046.849609375,25600.0,25645.400390625,25316.19921875,13597,0.0,0.0
2023-11-28,25615.0,26331.0,25600.0,26067.44921875,25732.830078125,16523,0.0,0.0
2023-11-29,26242.099609375,26242.099609375,25916.05078125,26106.900390625,25771.775390625,15622,0.0,0.0
2023-11-30,26243.0,26950.0,26107.0,26741.75,26398.4765625,42932,0.0,0.0
2023-12-01,26839.94921875,27065.44921875,26625.0,27026.55078125,26679.62109375,16305,0.0,0.0
2023-12-04,27120.150390625,27915.0,27051.69921875,27717.0,27361.205078125,29221,0.0,0.0
2023-12-05,27749.900390625,28050.0,27601.0,28003.849609375,27644.373046875,20686,0.0,0.0
2023-12-06,28000.0,28043.44921875,27613.0,27799.099609375,27442.25390625,14937,0.0,0.0
2023-12-07,27900.0,28149.80078125,27551.0,28020.5,27660.810546875,19069,0.0,0.0
2023-12-08,27880.5,28151.0,27536.05078125,27670.25,27315.05859375,21927,0.0,0.0
2023-12-11,27880.0,28381.599609375,27742.849609375,28302.599609375,27939.2890625,22308,0.0,0.0
2023-12-12,28250.0,28800.0,28200.05078125,28606.80078125,28239.5859375,19543,0.0,0.0
2023-12-13,28507.5,28932.44921875,28220.05078125,28536.849609375,28170.53125,16860,0.0,0.0
2023-12-14,28550.0,28892.0,28465.69921875,28733.05078125,28364.21484375,16406,0.0,0.0
2023-12-15,28799.0,28997.650390625,28640.0,28758.900390625,28389.732421875,18437,0.0,0.0
2023-12-18,28789.0,28859.30078125,28480.0,28557.0,28190.421875,9633,0.0,0.0
2023-12-19,28700.0,28724.650390625,28407.05078125,28585.94921875,28219.001953125,11149,0.0,0.0
2023-12-20,28779.900390625,28779.900390625,28108.55078125,28253.0,27890.326171875,15113,0.0,0.0
2023-12-21,28005.0,28498.0,27950.0,28213.80078125,27851.62890625,32973,0.0,0.0
2023-12-22,28213.80078125,28372.349609375,27905.75,28186.55078125,27824.73046875,21741,0.0,0.0
2023-12-26,28370.0,28860.0,28257.19921875,28606.75,28239.53515625,15472,0.0,0.0
2023-12-27,28599.80078125,29250.0,28429.900390625,28644.900390625,28277.193359375,27058,0.0,0.0
2023-12-28,28650.0,28879.849609375,28501.0,28601.5,28234.353515625,9507,0.0,0.0
2023-12-29,28700.0,28901.0,28444.05078125,28653.30078125,28285.486328125,11742,0.0,0.0
2024-01-01,28750.0,28750.0,28351.0,28461.599609375,28096.24609375,5760,0.0,0.0
2024-01-02,28610.0,28610.0,27950.0,28088.55078125,27727.984375,16850,0.0,0.0
2024-01-03,28088.55078125,28435.0,28020.400390625,28221.75,27859.4765625,9011,0.0,0.0
2024-01-04,28440.0,28498.0,28175.0,28357.900390625,27993.87890625,14453,0.0,0.0
2024-01-05,28200.0,28250.05078125,26931.349609375,27023.30078125,26676.4140625,78459,0.0,0.0
2024-01-08,26983.05078125,27600.0,26950.05078125,27329.650390625,26978.828125,34058,0.0,0.0
2024-01-09,27501.0,27736.30078125,27236.30078125,27312.900390625,26962.29296875,18242,0.0,0.0
2024-01-10,27392.94921875,27392.94921875,26800.0,26842.150390625,26497.5859375,14247,0.0,0.0
2024-01-11,26970.0,27140.0,26600.0,26909.94921875,26564.515625,19750,0.0,0.0
2024-01-12,27027.30078125,27050.0,26751.0,26874.0,26529.029296875,14382,0.0,0.0
2024-01-15,26951.0,26955.05078125,26725.650390625,26813.69921875,26469.5,11395,0.0,0.0
2024-01-16,26890.0,27348.0,26632.900390625,27082.099609375,26734.455078125,26736,0.0,0.0
2024-01-17,26959.94921875,27087.849609375,26062.0,26137.0,25801.490234375,48405,0.0,0.0
2024-01-18,26248.900390625,26598.0,25650.0,26477.150390625,26137.2734375,28106,0.0,0.0
2024-01-19,26618.94921875,26780.0,26456.150390625,26649.5,26307.408203125,52520,0.0,0.0
2024-01-23,27600.0,28165.0,27414.80078125,27493.75,27140.822265625,38128,0.0,0.0
2024-01-24,27454.0,27859.80078125,27218.44921875,27635.150390625,27280.40625,46946,0.0,0.0
2024-01-25,27699.94921875,28249.5,27270.44921875,27948.80078125,27590.033203125,25490,0.0,0.0
2024-01-29,27998.75,28850.0,27921.94921875,28411.55078125,28046.83984375,35863,0.0,0.0
2024-01-30,28434.94921875,28700.0,27999.05078125,28077.75,27717.326171875,30799,0.0,0.0
2024-01-31,28100.0,28700.0,28012.349609375,28556.25,28189.68359375,63061,0.0,0.0
2024-02-01,29500.0,30737.75,29202.099609375,29613.55078125,29233.412109375,174274,0.0,0.0
2024-02-02,29500.0,29699.849609375,28374.30078125,28453.94921875,28088.6953125,64360,0.0,0.0
2024-02-05,29000.0,29000.05078125,26699.19921875,26954.80078125,26608.7890625,71596,0.0,0.0
2024-02-06,27251.0,27915.0,27231.44921875,27569.400390625,27215.501953125,58072,0.0,0.0
2024-02-07,27844.900390625,28207.0,27705.05078125,28116.30078125,27755.3828125,19792,0.0,0.0
2024-02-08,28125.099609375,28250.0,27247.849609375,27370.19921875,27066.9921875,32063,50.0,0.0
2024-02-09,27450.0,27825.0,27200.0,27630.099609375,27324.01171875,25267,0.0,0.0
2024-02-12,27630.099609375,27709.599609375,27162.0,27265.5,26963.453125,17053,0.0,0.0
2024-02-13,27299.94921875,27500.0,26993.849609375,27249.650390625,26947.77734375,19098,0.0,0.0
2024-02-14,27100.0,27287.30078125,26777.0,26898.44921875,26600.466796875,22415,0.0,0.0
2024-02-15,27144.900390625,27144.900390625,26250.0,26332.900390625,26041.185546875,21511,0.0,0.0
2024-02-16,26540.0,26650.0,26251.5,26298.0,26006.669921875,27371,0.0,0.0
2024-02-19,26426.0,26894.400390625,26258.349609375,26815.30078125,26518.2421875,23096,0.0,0.0
2024-02-20,26750.0,26799.94921875,26412.5,26524.900390625,26231.0546875,20365,0.0,0.0
2024-02-21,26690.0,26718.75,26224.0,26345.0,26053.150390625,23910,0.0,0.0
2024-02-22,26345.05078125,26650.0,26207.400390625,26603.349609375,26308.638671875,18526,0.0,0.0
2024-02-23,26300.650390625,26779.849609375,26300.650390625,26489.650390625,26196.197265625,14216,0.0,0.0
2024-02-26,26340.19921875,26450.0,25972.599609375,26099.69921875,25810.56640625,28996,0.0,0.0
2024-02-27,26190.0,26506.900390625,26100.05078125,26191.30078125,25901.150390625,21987,0.0,0.0
2024-02-28,26191.30078125,26289.75,25421.5,25606.400390625,25322.732421875,32860,0.0,0.0
2024-02-29,25724.900390625,25833.0,25444.099609375,25504.400390625,25221.861328125,56138,0.0,0.0
2024-03-01,25689.0,25895.94921875,25504.25,25637.80078125,25353.783203125,18817,0.0,0.0
2024-03-04,25790.0,25845.80078125,25420.0,25730.30078125,25445.2578125,29764,0.0,0.0
2024-03-05,25801.099609375,25801.099609375,24954.94921875,25009.75,24732.689453125,47317,0.0,0.0
2024-03-06,25009.75,25127.30078125,24458.0,24754.25,24480.021484375,33596,0.0,0.0
2024-03-07,24849.94921875,25031.900390625,24585.30078125,24705.900390625,24432.208984375,73323,0.0,0.0
2024-03-11,24601.05078125,25358.900390625,24601.05078125,25312.25,25031.841796875,53262,0.0,0.0
2024-03-12,25359.94921875,25359.94921875,24767.5,24960.400390625,24683.888671875,20622,0.0,0.0
2024-03-13,25165.0,25165.0,24247.75,24360.349609375,24090.482421875,35720,0.0,0.0
2024-03-14,24360.349609375,25043.80078125,24243.599609375,24957.599609375,24681.1171875,22932,0.0,0.0
2024-03-15,24934.69921875,25141.849609375,24502.650390625,25070.44921875,24792.71875,30859,0.0,0.0
2024-03-18,25096.30078125,25405.349609375,24950.0,25343.19921875,25062.4453125,92583,0.0,0.0
2024-03-19,25343.19921875,25448.94921875,24796.75,25005.44921875,24728.4375,16822,0.0,0.0
2024-03-20,25189.80078125,25189.80078125,24850.0,24935.849609375,24659.609375,18326,0.0,0.0
2024-03-21,25189.900390625,25400.0,24927.55078125,25361.400390625,25080.447265625,17006,0.0,0.0
2024-03-22,25399.0,25489.94921875,25232.0,25366.05078125,25085.04296875,12712,0.0,0.0
2024-03-26,25474.0,25788.0,25058.349609375,25684.150390625,25399.619140625,38595,0.0,0.0
2024-03-27,25827.30078125,26334.05078125,25750.0,25939.349609375,25651.990234375,27139,0.0,0.0
2024-03-28,26091.0,26091.0,25585.0,25682.849609375,25398.333984375,26276,0.0,0.0
2024-04-01,25850.05078125,26485.80078125,25800.0,26458.0,26164.8984375,20317,0.0,0.0
2024-04-02,26458.0,26722.599609375,26032.30078125,26532.900390625,26238.966796875,41507,0.0,0.0
2024-04-03,26601.0,26743.30078125,26285.099609375,26354.30078125,26062.345703125,150756,0.0,0.0
2024-04-04,26469.0,26469.0,25851.0,25910.25,25623.21484375,85718,0.0,0.0
2024-04-05,25800.0,25937.94921875,25699.0,25811.05078125,25525.115234375,39306,0.0,0.0
2024-04-08,26069.19921875,26249.94921875,25844.400390625,25955.19921875,25667.666015625,31828,0.0,0.0
2024-04-09,26199.0,26711.80078125,25880.099609375,25991.80078125,25703.86328125,50143,0.0,0.0
2024-04-10,26000.0,26041.94921875,25551.0,25610.0,25326.2890625,24321,0.0,0.0
2024-04-12,25699.0,25861.69921875,25201.44921875,25491.150390625,25208.755859375,19756,0.0,0.0
2024-04-15,25316.0,25528.150390625,25002.0,25296.19921875,25015.96484375,24121,0.0,0.0
2024-04-16,25248.19921875,25248.19921875,24798.55078125,24882.55078125,24606.8984375,12999,0.0,0.0
2024-04-18,25090.0,25099.0,24367.0,24425.849609375,24155.26171875,35792,0.0,0.0
2024-04-19,24390.0,24532.44921875,23984.05078125,24368.75,24098.791015625,35614,0.0,0.0
2024-04-22,24533.900390625,24675.0,24356.849609375,24396.400390625,24126.13671875,25584,0.0,0.0
2024-04-23,24570.0,24570.0,24300.0,24377.75,24107.69140625,18872,0.0,0.0
2024-04-24,24500.0,24597.900390625,24300.0,24369.150390625,24099.1875,17535,0.0,0.0
2024-04-25,24451.0,24500.0,23780.0,23971.599609375,23706.04296875,48298,0.0,0.0
2024-04-26,24040.0,24295.0,23951.0,24140.5,23873.0703125,15713,0.0,0.0
2024-04-29,24250.25,24295.900390625,24050.0,24145.150390625,23877.669921875,25281,0.0,0.0
2024-04-30,24175.0,25024.94921875,24175.0,24444.849609375,24174.048828125,74531,0.0,0.0
2024-05-02,24499.94921875,25372.55078125,24472.150390625,24827.19921875,24552.1640625,98202,0.0,0.0
2024-05-03,25000.0,25895.80078125,24927.900390625,25746.55078125,25461.330078125,221844,0.0,0.0
2024-05-06,26100.0,26561.650390625,25105.0,25537.0,25254.099609375,51843,0.0,0.0
2024-05-07,25575.0,25882.55078125,25054.849609375,25395.650390625,25114.31640625,36812,0.0,0.0
2024-05-08,25444.19921875,25742.80078125,25160.5,25660.44921875,25376.181640625,31956,0.0,0.0
2024-05-09,25700.650390625,25720.0,25420.80078125,25500.75,25218.25390625,31751,0.0,0.0
2024-05-10,25600.0,25833.099609375,25377.0,25661.25,25376.974609375,24366,0.0,0.0
2024-05-13,25798.55078125,26124.0,25592.05078125,25992.5,25704.5546875,55302,0.0,0.0
2024-05-14,26050.0,26436.94921875,25630.0,26024.900390625,25736.595703125,84461,0.0,0.0
2024-05-15,26800.05078125,26824.849609375,25645.80078125,25819.650390625,25533.619140625,224481,0.0,0.0
2024-05-16,26097.400390625,26225.0,25505.0,25685.599609375,25401.052734375,51248,0.0,0.0
2024-05-17,25710.05078125,26343.400390625,25466.25,26305.80078125,26014.384765625,32325,0.0,0.0
2024-05-21,26120.0,26300.0,25640.25,25833.44921875,25547.263671875,55405,0.0,0.0
2024-05-22,25950.0,25950.0,25520.400390625,25678.94921875,25394.474609375,37478,0.0,0.0
2024-05-23,25851.0,25851.0,25425.05078125,25676.900390625,25392.44921875,73090,0.0,0.0
2024-05-24,25650.099609375,25750.099609375,25405.0,25456.44921875,25174.443359375,30382,0.0,0.0
2024-05-27,25500.0,25500.0,25255.099609375,25415.19921875,25133.6484375,43246,0.0,0.0
2024-05-28,25489.94921875,25725.05078125,25412.75,25634.650390625,25350.669921875,19032,0.0,0.0
2024-05-29,25452.0,25500.0,25185.349609375,25325.55078125,25044.9921875,39946,0.0,0.0
2024-05-30,25322.25,25322.25,24700.099609375,25062.349609375,24784.708984375,40445,0.0,0.0
2024-05-31,25227.30078125,25425.0,24604.44921875,24680.599609375,24407.185546875,75751,0.0,0.0
2024-06-03,25200.0,25625.30078125,25088.099609375,25309.25,25028.875,42209,0.0,0.0
2024-06-04,25350.0,25350.099609375,23700.0,24882.80078125,24607.1484375,77396,0.0,0.0
2024-06-05,25194.94921875,25600.0,24862.0,25481.05078125,25198.76953125,24620,0.0,0.0
2024-06-06,25555.0,25799.0,25435.0,25636.25,25352.25,32684,0.0,0.0
2024-06-07,25700.0,26250.0,25511.19921875,26077.5,25788.61328125,77513,0.0,0.0
2024-06-10,26296.0,27450.0,26078.0,27239.69921875,26937.9375,68197,0.0,0.0
2024-06-11,27239.69921875,27290.0,26816.69921875,27063.849609375,26764.033203125,41867,0.0,0.0
2024-06-12,26890.099609375,27720.5,26890.099609375,27538.900390625,27233.826171875,44979,0.0,0.0
2024-06-13,27504.0,27625.0,27186.400390625,27490.75,27186.20703125,29976,0.0,0.0
2024-06-14,27491.0,28025.0,27421.44921875,27538.0,27232.931640625,37314,0.0,0.0
2024-06-18,27682.0,27699.900390625,27263.25,27462.099609375,27157.873046875,28615,0.0,0.0
2024-06-19,27480.0,27757.05078125,27086.19921875,27443.400390625,27139.380859375,35730,0.0,0.0
2024-06-20,27490.0,27766.900390625,27343.849609375,27698.44921875,27391.60546875,30646,0.0,0.0
2024-06-21,27850.0,27850.0,27223.55078125,27403.80078125,27100.220703125,59054,0.0,0.0
2024-06-24,27400.05078125,27542.849609375,27086.25,27318.80078125,27016.162109375,34949,0.0,0.0
2024-06-25,27400.0,27581.0,27107.650390625,27217.55078125,26916.033203125,40713,0.0,0.0
2024-06-26,27155.0,28191.0,27086.25,27498.900390625,27194.267578125,58935,0.0,0.0
2024-06-27,27480.0,28242.0,27479.69921875,27832.44921875,27524.119140625,65372,0.0,0.0
2024-06-28,27850.0,28132.400390625,27711.099609375,27870.400390625,27561.65234375,38614,0.0,0.0
2024-07-01,27994.0,28614.94921875,27750.0,28353.349609375,28039.25,59357,0.0,0.0
2024-07-02,28353.400390625,28527.30078125,27607.650390625,27697.75,27390.9140625,21261,0.0,0.0
2024-07-03,27899.0,27899.0,27285.900390625,27383.900390625,27080.537109375,68891,0.0,0.0
2024-07-04,27548.0,27554.900390625,27170.0,27459.05078125,27154.857421875,40849,0.0,0.0
2024-07-05,27445.0,27573.900390625,27297.599609375,27528.69921875,27223.734375,16956,0.0,0.0
2024-07-08,27510.0,27549.599609375,26951.94921875,27193.25,26892.001953125,21059,0.0,0.0
2024-07-09,27340.0,27850.0,27207.0,27776.30078125,27468.59375,32653,0.0,0.0
2024-07-10,27776.30078125,27967.94921875,27324.30078125,27905.44921875,27596.310546875,42280,0.0,0.0
2024-07-11,27877.80078125,28001.0,27600.19921875,27772.599609375,27464.93359375,14648,0.0,0.0
2024-07-12,27791.0,27885.0,27466.0,27665.5,27359.017578125,17752,0.0,0.0
2024-07-15,27555.0,27835.69921875,26811.05078125,27616.849609375,27310.91015625,65384,0.0,0.0
2024-07-16,27747.0,28683.19921875,27647.44921875,27906.80078125,27597.646484375,99512,0.0,0.0
2024-07-18,27800.0,28197.0,27672.19921875,28061.599609375,27750.73046875,30733,0.0,0.0
2024-07-19,27852.0,27998.099609375,27107.94921875,27284.150390625,26981.892578125,46732,0.0,0.0
2024-07-22,27207.099609375,27993.0,27001.0,27919.80078125,27610.505859375,30476,0.0,0.0
2024-07-23,27801.0,28395.0,27605.44921875,28162.19921875,27905.1875,90200,55.0,0.0
2024-07-24,27971.0,28099.900390625,27251.150390625,27552.0,27300.55859375,40236,0.0,0.0
2024-07-25,27499.94921875,27587.44921875,27200.0,27484.349609375,27233.52734375,20756,0.0,0.0
2024-07-26,27651.0,27870.0,27320.44921875,27566.75,27315.171875,25287,0.0,0.0
2024-07-29,27800.0,27800.0,27155.0,27237.900390625,26989.32421875,75146,0.0,0.0
2024-07-30,27414.55078125,27490.0,26960.099609375,27314.349609375,27065.076171875,54585,0.0,0.0
2024-07-31,27360.5,27813.400390625,27312.30078125,27740.44921875,27487.28515625,51103,0.0,0.0
2024-08-01,27825.0,27899.80078125,27488.05078125,27768.5,27515.080078125,29621,0.0,0.0
2024-08-02,27555.55078125,27796.0,27052.599609375,27295.349609375,27046.248046875,39746,0.0,0.0
2024-08-05,27000.0,27049.900390625,26376.05078125,26834.80078125,26589.90234375,75142,0.0,0.0
2024-08-06,26945.0,27092.599609375,26010.0,26101.349609375,25863.146484375,155613,0.0,0.0
2024-08-07,26100.0,26694.94921875,24966.0,25098.599609375,24869.546875,325580,0.0,0.0
2024-08-08,25050.0,25050.0,24027.44921875,24143.400390625,23923.064453125,251869,0.0,0.0
2024-08-09,24519.80078125,24575.0,23850.0,24296.599609375,24074.869140625,100935,0.0,0.0
2024-08-12,24310.0,24456.400390625,24008.44921875,24408.349609375,24185.59765625,96808,0.0,0.0
2024-08-13,24500.0,24509.25,24140.05078125,24205.94921875,23985.04296875,41826,0.0,0.0
2024-08-14,24209.44921875,24464.94921875,24011.099609375,24338.94921875,24116.830078125,51638,0.0,0.0
2024-08-16,24375.0,24700.05078125,24279.75,24642.849609375,24417.95703125,39023,0.0,0.0
2024-08-19,24830.30078125,24965.900390625,24699.0,24848.94921875,24622.17578125,28455,0.0,0.0
2024-08-20,24960.0,24960.0,24600.0,24730.55078125,24504.857421875,24733,0.0,0.0
2024-08-21,24757.69921875,24892.44921875,24672.5,24808.05078125,24581.650390625,11582,0.0,0.0
2024-08-22,24850.0,25224.94921875,24800.44921875,25012.400390625,24784.13671875,25066,0.0,0.0
2024-08-23,25082.400390625,25100.0,24637.900390625,24706.05078125,24480.58203125,28796,0.0,0.0
2024-08-26,24751.0,24933.80078125,24602.19921875,24906.44921875,24679.150390625,16730,0.0,0.0
2024-08-27,24906.44921875,25049.75,24730.05078125,24813.19921875,24586.751953125,23212,0.0,0.0
2024-08-28,24820.0,24900.0,24605.650390625,24692.19921875,24466.85546875,20949,0.0,0.0
2024-08-29,24705.55078125,24889.599609375,24540.05078125,24821.349609375,24594.828125,41631,0.0,0.0
2024-08-30,24811.0,25561.900390625,24810.0,25482.0,25249.447265625,83409,0.0,0.0
2024-09-02,25590.0,25749.900390625,25260.0,25427.30078125,25195.25,60617,0.0,0.0
2024-09-03,25428.0,25702.349609375,25355.0,25507.599609375,25274.81640625,45076,0.0,0.0
2024-09-04,25400.0,25866.0,25355.349609375,25770.75,25535.564453125,46475,0.0,0.0
2024-09-05,25770.75,26280.0,25627.650390625,25662.25,25428.0546875,45730,0.0,0.0
2024-09-06,25888.0,25888.0,25281.05078125,25610.44921875,25376.7265625,36981,0.0,0.0
2024-09-09,25552.0,25850.94921875,25313.30078125,25798.599609375,25563.16015625,21329,0.0,0.0
2024-09-10,25948.0,25948.0,25651.05078125,25725.150390625,25490.380859375,18493,0.0,0.0
2024-09-11,25725.0,25849.900390625,25543.05078125,25614.099609375,25380.345703125,30919,0.0,0.0
2024-09-12,25651.0,26079.599609375,25623.05078125,26019.650390625,25782.193359375,20307,0.0,0.0
2024-09-13,26079.94921875,26144.69921875,25814.69921875,25883.099609375,25646.88671875,22521,0.0,0.0
2024-09-16,26001.0,26050.0,25507.69921875,25619.400390625,25385.595703125,18917,0.0,0.0
2024-09-17,25600.0,25677.599609375,25400.0,25437.099609375,25204.958984375,13175,0.0,0.0
2024-09-18,25450.0,25496.650390625,24909.099609375,25076.650390625,24847.798828125,28048,0.0,0.0
2024-09-19,25111.0,25327.25,24690.69921875,24931.69921875,24704.16796875,20392,0.0,0.0
2024-09-20,25000.0,25272.19921875,24751.0,25141.69921875,24912.251953125,36895,0.0,0.0
2024-09-23,25222.0,26096.94921875,24952.150390625,25958.099609375,25721.203125,33984,0.0,0.0
2024-09-24,25958.94921875,26200.0,25771.19921875,25911.650390625,25675.1796875,23216,0.0,0.0
2024-09-25,25911.650390625,26053.94921875,25705.400390625,25903.650390625,25667.251953125,22774,0.0,0.0
2024-09-26,25900.05078125,26195.099609375,25763.5,26123.099609375,25884.697265625,24898,0.0,0.0
2024-09-27,26125.0,26550.0,25942.69921875,26247.900390625,26008.359375,64958,0.0,0.0
2024-09-30,26149.0,26448.25,25907.69921875,26308.900390625,26068.802734375,36112,0.0,0.0
2024-10-01,26392.5,26580.80078125,26199.30078125,26523.25,26281.197265625,27911,0.0,0.0
2024-10-03,26387.849609375,26698.900390625,25950.30078125,26259.19921875,26019.5546875,29136,0.0,0.0
2024-10-04,26370.099609375,26500.0,25865.0,26034.19921875,25796.609375,35441,0.0,0.0
2024-10-07,26034.19921875,26168.0,25240.55078125,25376.44921875,25144.861328125,29707,0.0,0.0
2024-10-08,25305.0,25639.55078125,25117.900390625,25582.900390625,25349.427734375,26091,0.0,0.0
2024-10-09,25580.94921875,25580.94921875,24856.400390625,24975.05078125,24747.126953125,55676,0.0,0.0
2024-10-10,25099.94921875,25196.900390625,24600.0,24641.80078125,24416.916015625,34741,0.0,0.0
2024-10-11,24551.0,24657.650390625,24219.94921875,24337.05078125,24114.94921875,16368,0.0,0.0
2024-10-14,24435.0,24598.0,24145.0,24572.19921875,24347.951171875,15627,0.0,0.0
2024-10-15,24651.0,24966.75,24581.0,24718.5,24492.916015625,25592,0.0,0.0
2024-10-16,24731.0,24731.0,24262.55078125,24439.55078125,24216.513671875,14359,0.0,0.0
2024-10-17,24501.0,24543.19921875,24050.0,24245.099609375,24023.837890625,18593,0.0,0.0
2024-10-18,24201.0,24375.0,24088.05078125,24325.25,24103.255859375,6317,0.0,0.0
2024-10-21,24320.400390625,24432.69921875,23999.849609375,24297.75,24076.005859375,29725,0.0,0.0
2024-10-22,24220.0,24848.0,24220.0,24434.400390625,24211.41015625,59982,0.0,0.0
2024-10-23,24434.400390625,24844.0,24350.0,24710.25,24484.7421875,38391,0.0,0.0
2024-10-24,24637.599609375,25365.400390625,24600.0,25065.30078125,24836.552734375,71701,0.0,0.0
2024-10-25,25170.0,25182.0,24719.599609375,24956.80078125,24729.04296875,34088,0.0,0.0
2024-10-28,24963.0,25250.0,24956.849609375,25056.150390625,24827.486328125,15081,0.0,0.0
2024-10-29,25194.0,25385.30078125,24986.099609375,25331.75,25100.5703125,13388,0.0,0.0
2024-10-30,25100.0,25508.400390625,25020.05078125,25351.349609375,25119.9921875,24313,0.0,0.0
2024-10-31,25346.5,25555.0,24970.599609375,25072.150390625,24843.33984375,44337,0.0,0.0
2024-11-01,25349.0,25351.0,25083.25,25241.05078125,25010.69921875,609,0.0,0.0
2024-11-04,25241.05078125,25400.0,24765.19921875,24865.30078125,24638.376953125,12419,0.0,0.0
2024-11-05,24870.0,25000.0,24601.0,24695.900390625,24470.5234375,8774,0.0,0.0
2024-11-06,24697.0,25100.0,24697.0,25009.150390625,24780.916015625,6207,0.0,0.0
2024-11-07,25029.5,25198.0,24706.400390625,24778.650390625,24552.517578125,13470,0.0,0.0
2024-11-08,24714.94921875,24849.05078125,24245.5,24533.0,24309.109375,17563,0.0,0.0
2024-11-11,24500.0,24562.0,24130.05078125,24418.25,24195.408203125,25414,0.0,0.0
2024-11-12,23500.0,24470.849609375,23500.0,24372.80078125,24150.37109375,84516,0.0,0.0
2024-11-13,24300.19921875,24300.19921875,23925.599609375,24049.19921875,23829.724609375,34750,0.0,0.0
2024-11-14,24049.19921875,24238.349609375,23670.05078125,24091.69921875,23871.8359375,40911,0.0,0.0
2024-11-18,23984.900390625,24182.400390625,23836.849609375,23935.05078125,23716.6171875,8464,0.0,0.0
2024-11-19,23935.0,24356.75,23850.099609375,24106.349609375,23886.353515625,61232,0.0,0.0
2024-11-21,23939.94921875,24439.5,23821.099609375,24052.849609375,23833.33984375,18469,0.0,0.0
2024-11-22,24155.0,24822.0,24043.650390625,24794.75,24568.46875,13881,0.0,0.0
2024-11-25,24972.30078125,25763.0,24962.44921875,25467.30078125,25234.884765625,55793,0.0,0.0
2024-11-26,25501.0,25582.05078125,24925.80078125,24980.650390625,24752.67578125,13259,0.0,0.0
2024-11-27,25000.05078125,25578.599609375,24803.0,25421.849609375,25189.84765625,22143,0.0,0.0
2024-11-28,25401.25,25660.150390625,25245.80078125,25545.599609375,25312.466796875,25103,0.0,0.0
2024-11-29,25660.0,26330.0,25563.349609375,26076.44921875,25838.474609375,71555,0.0,0.0
2024-12-02,26000.0,27055.0,26000.0,26784.0,26539.568359375,38030,0.0,0.0
2024-12-03,26784.0,27395.0,26784.0,27159.349609375,26911.4921875,31134,0.0,0.0
2024-12-04,27000.25,27521.0,27000.25,27403.900390625,27153.810546875,64106,0.0,0.0
2024-12-05,27510.0,27510.0,26515.69921875,26608.0,26365.173828125,23411,0.0,0.0
2024-12-06,26607.0,27141.349609375,26515.150390625,27076.650390625,26829.544921875,40294,0.0,0.0
2024-12-09,27076.0,27097.0,26453.05078125,26711.25,26467.48046875,24896,0.0,0.0
2024-12-10,26818.05078125,27196.0,26600.0,27119.30078125,26871.80859375,15924,0.0,0.0
2024-12-11,27200.0,27551.5,26943.69921875,27305.5,27056.306640625,27741,0.0,0.0
2024-12-12,27300.0,27373.55078125,27127.400390625,27228.75,26980.255859375,7755,0.0,0.0
2024-12-13,27200.0,27687.94921875,27094.349609375,27591.44921875,27339.6484375,20464,0.0,0.0
2024-12-16,27502.0,28115.0,27502.0,28091.25,27834.888671875,37442,0.0,0.0
2024-12-17,28110.0,28494.900390625,27960.599609375,28352.19921875,28093.453125,46165,0.0,0.0
2024-12-18,28320.0,28381.44921875,27851.0,27908.80078125,27654.1015625,12410,0.0,0.0
2024-12-19,27548.94921875,27896.94921875,27433.400390625,27617.099609375,27365.0625,8746,0.0,0.0
2024-12-20,27701.0,27786.0,27000.0,27063.5,26816.515625,21938,0.0,0.0
2024-12-23,27131.150390625,27383.94921875,26940.599609375,27199.900390625,26951.671875,57436,0.0,0.0
2024-12-24,27186.099609375,27378.80078125,26627.69921875,26707.69921875,26463.9609375,58697,0.0,0.0
2024-12-26,26774.349609375,26870.900390625,26236.80078125,26342.69921875,26102.29296875,39157,0.0,0.0
2024-12-27,26355.0,26440.849609375,25864.650390625,26049.0,25811.2734375,15086,0.0,0.0
2024-12-30,25990.0,26449.0,25545.400390625,25790.349609375,25554.986328125,98314,0.0,0.0
2024-12-31,25710.05078125,26050.0,25637.25,25694.19921875,25459.7109375,9098,0.0,0.0
2025-01-01,25710.349609375,25899.900390625,25176.099609375,25504.25,25271.494140625,16145,0.0,0.0
2025-01-02,25764.19921875,26750.94921875,25587.69921875,26689.900390625,26446.326171875,41231,0.0,0.0
2025-01-03,26850.94921875,26955.0,26001.0,26096.25,25858.09375,27472,0.0,0.0
2025-01-06,26121.0,26327.94921875,25780.75,25908.599609375,25672.15625,32735,0.0,0.0
2025-01-07,25999.900390625,26300.0,25782.599609375,26003.900390625,25766.5859375,20692,0.0,0.0
2025-01-08,26130.0,26249.94921875,25798.55078125,26027.44921875,25789.919921875,18111,0.0,0.0
2025-01-09,26000.0,26072.0,25670.05078125,25961.80078125,25724.869140625,26639,0.0,0.0
2025-01-10,25950.0,26061.75,25550.05078125,25738.30078125,25503.41015625,29569,0.0,0.0
2025-01-13,25427.599609375,25499.900390625,24817.80078125,24874.5,24647.494140625,39339,0.0,0.0
2025-01-14,24874.5,25301.0,24870.05078125,25130.19921875,24900.859375,12486,0.0,0.0
2025-01-15,25280.19921875,25383.69921875,25068.30078125,25294.599609375,25063.759765625,35010,0.0,0.0
2025-01-16,25350.0,25794.0,25305.0,25417.44921875,25185.486328125,14703,0.0,0.0
2025-01-17,25350.0,25637.94921875,25205.5,25315.44921875,25084.41796875,21618,0.0,0.0
2025-01-20,25315.44921875,25315.44921875,24967.55078125,25146.0,24916.513671875,15923,0.0,0.0
2025-01-21,25107.599609375,25550.0,25010.099609375,25086.75,24857.80859375,15268,0.0,0.0
2025-01-22,25105.099609375,25428.0,25025.400390625,25292.55078125,25061.73046875,27398,0.0,0.0
2025-01-23,25200.0,26025.0,25182.19921875,25926.80078125,25690.19140625,58591,0.0,0.0
2025-01-24,25926.80078125,26393.400390625,25646.80078125,25783.150390625,25547.849609375,31358,0.0,0.0
2025-01-27,25600.0,25744.5,24862.55078125,25131.400390625,24902.05078125,42809,0.0,0.0
2025-01-28,25150.0,26290.25,25069.94921875,26033.0,25795.419921875,33890,0.0,0.0
2025-01-29,26033.0,27074.30078125,25896.0,26651.349609375,26408.126953125,37297,0.0,0.0
2025-01-30,26670.0,27374.0,26550.94921875,26830.5,26585.64453125,32714,0.0,0.0
2025-01-31,27124.0,28000.0,26682.650390625,27795.900390625,27542.232421875,48056,0.0,0.0
2025-02-01,27918.94921875,27943.849609375,26419.75,27363.75,27114.025390625,30109,0.0,0.0
2025-02-03,27000.0,27723.44921875,26856.55078125,27555.349609375,27303.87890625,31317,0.0,0.0
2025-02-04,27600.0,28029.849609375,27349.75,27933.400390625,27678.4765625,22726,0.0,0.0
2025-02-05,27899.0,28598.44921875,27735.19921875,28402.099609375,28193.365234375,28456,50.0,0.0
2025-02-06,28401.80078125,28401.80078125,27731.69921875,27822.55078125,27618.07421875,14552,0.0,0.0
2025-02-07,27900.0,28430.0,27867.349609375,28249.099609375,28041.48828125,70630,0.0,0.0
2025-02-10,28308.0,28500.0,27935.849609375,28044.05078125,27837.94921875,13510,0.0,0.0
2025-02-11,28150.0,28445.400390625,27785.44921875,27989.75,27784.046875,69686,0.0,0.0
2025-02-12,27800.0,28350.0,27352.400390625,28235.05078125,28027.54296875,18436,0.0,0.0
2025-02-13,28300.30078125,28750.0,28113.25,28225.0,28017.56640625,22179,0.0,0.0
2025-02-14,28500.0,28748.30078125,27911.0,28556.05078125,28346.185546875,64359,0.0,0.0
2025-02-17,28490.0,28500.0,28118.150390625,28309.150390625,28101.099609375,33067,0.0,0.0
2025-02-18,28330.0,28447.599609375,28007.650390625,28361.19921875,28152.765625,22494,0.0,0.0
2025-02-19,28351.0,28800.0,28260.650390625,28655.150390625,28444.556640625,15671,0.0,0.0
2025-02-20,28650.0,28900.0,28288.099609375,28496.75,28287.3203125,23853,0.0,0.0
2025-02-21,28407.599609375,28592.80078125,28179.44921875,28405.69921875,28196.939453125,13779,0.0,0.0
2025-02-24,28301.0,28474.849609375,28186.150390625,28292.400390625,28084.470703125,11442,0.0,0.0
2025-02-25,28244.0,28589.0,28029.0,28197.44921875,27990.21875,31625,0.0,0.0
2025-02-27,28101.0,28510.0,27741.55078125,28306.400390625,28098.3671875,53283,0.0,0.0
2025-02-28,28108.349609375,28172.0,27002.19921875,27284.0,27083.482421875,71987,0.0,0.0
2025-03-03,27284.0,27808.650390625,27270.0,27678.900390625,27475.48046875,39731,0.0,0.0
2025-03-04,27362.5,27625.099609375,27151.05078125,27363.349609375,27162.25,74924,0.0,0.0
2025-03-05,27440.0,28231.099609375,27159.5,28155.44921875,27948.52734375,30701,0.0,0.0
2025-03-06,28200.0,28548.0,27974.650390625,28061.75,27855.515625,22246,0.0,0.0
2025-03-07,28061.75,28477.0,27900.05078125,27985.19921875,27779.529296875,15712,0.0,0.0
2025-03-10,27985.19921875,28351.0,27780.900390625,27883.650390625,27678.7265625,15735,0.0,0.0
2025-03-11,27581.44921875,28190.900390625,27581.44921875,27937.0,27731.68359375,13576,0.0,0.0
2025-03-12,28100.0,28200.0,27251.05078125,27531.0,27328.66796875,30641,0.0,0.0
2025-03-13,27737.55078125,27737.55078125,27400.0,27495.150390625,27293.080078125,17124,0.0,0.0
2025-03-17,27495.150390625,28031.599609375,27373.349609375,27734.599609375,27530.771484375,54828,0.0,0.0
2025-03-18,27734.599609375,27734.599609375,27734.599609375,27734.599609375,27530.771484375,0,0.0,0.0
2025-03-19,27850.0,28691.099609375,27755.0,28527.849609375,28318.19140625,35602,0.0,0.0
2025-03-20,28744.0,28799.900390625,28177.650390625,28628.849609375,28418.44921875,25300,0.0,0.0
2025-03-21,28799.0,29320.0,28642.099609375,28987.400390625,28774.365234375,63982,0.0,0.0
2025-03-24,29050.0,29644.599609375,28931.0,29442.650390625,29226.267578125,20004,0.0,0.0
2025-03-25,29700.0,30175.0,29447.900390625,29544.05078125,29326.923828125,79264,0.0,0.0
2025-03-26,29555.099609375,30032.900390625,29451.0,29931.099609375,29711.12890625,24799,0.0,0.0
2025-03-27,29931.099609375,30498.0,29731.099609375,30146.44921875,29924.89453125,71437,0.0,0.0
2025-03-28,30700.0,31237.94921875,30438.55078125,30502.94921875,30278.775390625,58593,0.0,0.0
2025-04-01,30546.150390625,30609.44921875,30057.150390625,30246.400390625,30024.111328125,19571,0.0,0.0
2025-04-02,30498.80078125,30499.0,30037.05078125,30273.400390625,30050.912109375,52150,0.0,0.0
2025-04-03,30000.0,31139.94921875,29900.05078125,30902.0,30674.89453125,26224,0.0,0.0
2025-04-04,30902.0,31000.0,30513.5,30694.5,30468.91796875,14821,0.0,0.0
2025-04-07,29600.30078125,30247.900390625,29390.0,29751.55078125,29532.8984375,54086,0.0,0.0
2025-04-08,30247.0,30594.94921875,30165.80078125,30433.19921875,30209.537109375,42775,0.0,0.0
2025-04-09,30409.05078125,30638.05078125,30128.94921875,30370.25,30147.05078125,39073,0.0,0.0
2025-04-11,30638.0,30709.94921875,29755.0,30107.94921875,29886.6796875,32572,0.0,0.0
2025-04-15,31000.0,31245.0,30155.0,31125.0,30896.25390625,39498,0.0,0.0
2025-04-16,31000.0,31290.0,30590.0,30800.0,30573.642578125,25525,0.0,0.0
2025-04-17,30795.0,31090.0,30525.0,31000.0,30772.171875,36538,0.0,0.0
2025-04-21,31000.0,31415.0,30720.0,31155.0,30926.03515625,28359,0.0,0.0
2025-04-22,31290.0,31385.0,30800.0,30910.0,30682.833984375,45981,0.0,0.0
2025-04-23,30910.0,31135.0,30280.0,30365.0,30141.841796875,27170,0.0,0.0
2025-04-24,30535.0,30850.0,30260.0,30705.0,30479.341796875,55566,0.0,0.0
2025-04-25,30990.0,30990.0,29955.0,30540.0,30315.5546875,26946,0.0,0.0
2025-04-28,30540.0,30830.0,30330.0,30400.0,30176.58203125,22491,0.0,0.0
2025-04-29,30780.0,30780.0,29690.0,30025.0,29804.33984375,25432,0.0,0.0
2025-04-30,30190.0,30430.0,29540.0,29710.0,29491.65234375,22258,0.0,0.0
2025-05-02,29710.0,29825.0,28980.0,29280.0,29064.814453125,17300,0.0,0.0
2025-05-05,29340.0,29625.0,29335.0,29470.0,29253.41796875,14607,0.0,0.0
2025-05-06,29620.0,29925.0,29370.0,29485.0,29268.306640625,28266,0.0,0.0
2025-05-07,29035.0,29620.0,29035.0,29570.0,29352.681640625,11379,0.0,0.0
2025-05-08,29695.0,29750.0,29100.0,29410.0,29193.857421875,44201,0.0,0.0
2025-05-09,29075.0,29580.0,28720.0,29230.0,29015.181640625,24760,0.0,0.0
2025-05-12,29610.0,30240.0,29610.0,30135.0,29913.53125,13032,0.0,0.0
2025-05-13,30210.0,30445.0,29650.0,30145.0,29923.45703125,39445,0.0,0.0
2025-05-14,30295.0,30910.0,30110.0,30620.0,30394.96484375,98120,0.0,0.0
2025-05-15,30990.0,31835.0,30895.0,31400.0,31169.232421875,172193,0.0,0.0
2025-05-16,31400.0,31720.0,31005.0,31615.0,31382.65234375,34222,0.0,0.0
2025-05-19,31615.0,31650.0,31190.0,31600.0,31367.763671875,28500,0.0,0.0
2025-05-20,31310.0,31920.0,31310.0,31525.0,31293.3125,29706,0.0,0.0
2025-05-21,31500.0,31800.0,31385.0,31490.0,31258.572265625,31519,0.0,0.0
2025-05-22,31490.0,31650.0,31305.0,31410.0,31179.16015625,34673,0.0,0.0
2025-05-23,31430.0,31820.0,31390.0,31495.0,31263.53515625,19027,0.0,0.0
2025-05-26,31495.0,31695.0,31000.0,31100.0,30871.4375,15503,0.0,0.0
2025-05-27,31330.0,31330.0,30760.0,30950.0,30722.5390625,37923,0.0,0.0
2025-05-28,31230.0,31230.0,29825.0,29895.0,29675.294921875,34686,0.0,0.0
2025-05-29,29900.0,30020.0,29615.0,29915.0,29695.146484375,50069,0.0,0.0
2025-05-30,29950.0,30075.0,29480.0,29595.0,29377.5,65782,0.0,0.0
2025-06-02,29785.0,29785.0,29190.0,29410.0,29193.857421875,25260,0.0,0.0
2025-06-03,29400.0,29635.0,29250.0,29375.0,29159.115234375,26184,0.0,0.0
2025-06-04,29350.0,29700.0,29215.0,29440.0,29223.63671875,16028,0.0,0.0
2025-06-05,29460.0,29615.0,29340.0,29515.0,29298.087890625,27504,0.0,0.0
2025-06-06,29695.0,29840.0,29450.0,29600.0,29382.462890625,28546,0.0,0.0
2025-06-09,29700.0,29890.0,29345.0,29825.0,29605.806640625,26404,0.0,0.0
2025-06-10,30000.0,30145.0,29735.0,29825.0,29605.806640625,22926,0.0,0.0
2025-06-11,29950.0,30200.0,29655.0,29830.0,29610.771484375,35659,0.0,0.0
2025-06-12,29985.0,30045.0,29530.0,29690.0,29471.798828125,36013,0.0,0.0
2025-06-13,29590.0,29695.0,29240.0,29610.0,29392.388671875,16460,0.0,0.0
2025-06-16,29700.0,29905.0,29545.0,29805.0,29585.955078125,19409,0.0,0.0
2025-06-17,29850.0,29900.0,29505.0,29620.0,29402.31640625,17595,0.0,0.0
2025-06-18,29780.0,29780.0,29225.0,29305.0,29089.62890625,13011,0.0,0.0
2025-06-19,29470.0,29470.0,29095.0,29310.0,29094.591796875,15605,0.0,0.0
2025-06-20,29420.0,29555.0,28590.0,28875.0,28662.791015625,296684,0.0,0.0
2025-06-23,28755.0,28915.0,28450.0,28565.0,28355.068359375,35494,0.0,0.0
2025-06-24,28735.0,28770.0,28355.0,28505.0,28295.509765625,79141,0.0,0.0
2025-06-25,28645.0,29185.0,28475.0,29075.0,28861.3203125,92269,0.0,0.0
2025-06-26,29130.0,30150.0,29130.0,30105.0,29883.751953125,98924,0.0,0.0
2025-06-27,30005.0,31280.0,30000.0,31030.0,30801.953125,218128,0.0,0.0
2025-06-30,30895.0,31125.0,30595.0,31030.0,30801.953125,42009,0.0,0.0
2025-07-01,31105.0,31650.0,31105.0,31185.0,30955.8125,46618,0.0,0.0
2025-07-02,31435.0,31700.0,31030.0,31640.0,31407.46875,20945,0.0,0.0
2025-07-03,31640.0,31885.0,31340.0,31420.0,31189.0859375,26592,0.0,0.0
2025-07-04,31550.0,31575.0,31175.0,31315.0,31084.857421875,12514,0.0,0.0
2025-07-07,31315.0,31385.0,30825.0,31105.0,30876.400390625,15768,0.0,0.0
2025-07-08,31270.0,31350.0,30955.0,31300.0,31069.96875,27148,0.0,0.0
2025-07-09,31260.0,31675.0,31150.0,31615.0,31382.65234375,25101,0.0,0.0
2025-07-10,31610.0,31660.0,30970.0,31175.0,30945.88671875,31524,0.0,0.0
2025-07-11,31330.0,31570.0,31060.0,31210.0,30980.62890625,26485,0.0,0.0
2025-07-14,31210.0,31470.0,30895.0,31100.0,30871.4375,24794,0.0,0.0
2025-07-15,31150.0,31195.0,30830.0,31080.0,30851.583984375,13064,0.0,0.0
2025-07-16,31190.0,31190.0,30600.0,30955.0,30727.50390625,15939,0.0,0.0
2025-07-17,31000.0,31000.0,30700.0,30845.0,30618.310546875,10121,0.0,0.0
2025-07-18,30895.0,31090.0,30725.0,30790.0,30563.716796875,21051,0.0,0.0
2025-07-21,30900.0,31595.0,30880.0,31535.0,31364.361328125,48993,60.0,0.0
2025-07-22,31535.0,32490.0,31500.0,32345.0,32169.978515625,59832,0.0,0.0
2025-07-23,32490.0,32490.0,31555.0,32115.0,31941.22265625,34639,0.0,0.0
2025-07-24,32115.0,32270.0,31665.0,31745.0,31573.224609375,20833,0.0,0.0
2025-07-25,31745.0,31745.0,30770.0,30950.0,30782.525390625,16681,0.0,0.0
2025-07-28,31080.0,31505.0,30455.0,30695.0,30528.90625,27460,0.0,0.0
2025-07-29,30695.0,30710.0,30110.0,30410.0,30245.44921875,20699,0.0,0.0
2025-07-30,30500.0,30780.0,30225.0,30590.0,30424.474609375,18682,0.0,0.0
2025-07-31,30400.0,31020.0,30390.0,30810.0,30643.28515625,15010,0.0,0.0
2025-08-01,30990.0,31035.0,30540.0,30675.0,30509.013671875,29448,0.0,0.0
2025-08-04,30725.0,31110.0,30120.0,30645.0,30479.177734375,91108,0.0,0.0
2025-08-05,30880.0,30880.0,30000.0,30205.0,30041.556640625,38269,0.0,0.0
2025-08-06,30300.0,30675.0,30100.0,30570.0,30404.58203125,45369,0.0,0.0
2025-08-07,30300.0,30710.0,30180.0,30655.0,30489.123046875,13398,0.0,0.0
2025-08-08,30560.0,30935.0,30330.0,30415.0,30250.419921875,14155,0.0,0.0
2025-08-11,30435.0,30845.0,30350.0,30640.0,30474.205078125,18515,0.0,0.0
2025-08-12,30640.0,30700.0,30355.0,30410.0,30245.44921875,19839,0.0,0.0
2025-08-13,30450.0,30735.0,30250.0,30410.0,30245.44921875,47546,0.0,0.0
2025-08-14,30610.0,30610.0,30230.0,30400.0,30235.501953125,34703,0.0,0.0
2025-08-18,31000.0,31920.0,30755.0,31340.0,31170.416015625,40018,0.0,0.0
2025-08-19,31495.0,31600.0,30640.0,30905.0,30737.76953125,44452,0.0,0.0
2025-08-20,31025.0,31225.0,30620.0,30690.0,30523.93359375,29464,0.0,0.0
2025-08-21,30790.0,30950.0,30400.0,30605.0,30439.39453125,12148,0.0,0.0
2025-08-22,30800.0,30800.0,29910.0,30005.0,29842.640625,23082,0.0,0.0
2025-08-25,30150.0,30380.0,29940.0,30015.0,29852.5859375,36110,0.0,0.0
2025-08-26,30000.0,30500.0,29680.0,30110.0,29947.072265625,27970,0.0,0.0
2025-08-28,30150.0,30155.0,29630.0,29675.0,29514.42578125,32689,0.0,0.0
2025-08-29,29795.0,29930.0,29210.0,29275.0,29116.58984375,63260,0.0,0.0
2025-09-01,29350.0,29975.0,29305.0,29870.0,29708.37109375,37442,0.0,0.0
2025-09-02,29900.0,30155.0,29745.0,29995.0,29832.693359375,23155,0.0,0.0
2025-09-03,30100.0,30275.0,29880.0,29940.0,29777.9921875,23539,0.0,0.0
2025-09-04,30380.0,30750.0,29845.0,29945.0,29782.96484375,25439,0.0,0.0
2025-09-05,30100.0,30100.0,29670.0,30040.0,29877.451171875,16653,0.0,0.0
2025-09-08,30000.0,30655.0,29995.0,30485.0,30320.04296875,12239,0.0,0.0
2025-09-09,30500.0,30660.0,30115.0,30190.0,30026.638671875,22879,0.0,0.0
2025-09-10,30300.0,30520.0,29750.0,29890.0,29728.26171875,34161,0.0,0.0
2025-09-11,29925.0,30100.0,29625.0,29830.0,29668.587890625,20878,0.0,0.0
2025-09-12,29850.0,29935.0,29500.0,29580.0,29419.94140625,21104,0.0,0.0
2025-09-15,29800.0,29800.0,29230.0,29275.0,29116.58984375,25565,0.0,0.0
2025-09-16,29500.0,29900.0,29430.0,29575.0,29414.966796875,40795,0.0,0.0
2025-09-17,29780.0,30190.0,29540.0,29685.0,29524.373046875,47492,0.0,0.0
2025-09-18,29880.0,30025.0,29650.0,29960.0,29797.884765625,36221,0.0,0.0
2025-09-19,30145.0,30145.0,29685.0,29880.0,29718.31640625,62728,0.0,0.0
2025-09-22,30000.0,30000.0,29650.0,29705.0,29544.263671875,42575,0.0,0.0
2025-09-23,29895.0,30115.0,29690.0,29790.0,29628.8046875,33031,0.0,0.0
2025-09-24,30000.0,30000.0,29555.0,29650.0,29489.560546875,35863,0.0,0.0
2025-09-25,29705.0,29915.0,29430.0,29515.0,29355.29296875,31286,0.0,0.0
2025-09-26,29515.0,29635.0,28795.0,28910.0,28753.56640625,20857,0.0,0.0
2025-09-29,28910.0,30110.0,28720.0,29735.0,29574.1015625,143519,0.0,0.0
2025-09-30,29600.0,29705.0,29130.0,29265.0,29106.64453125,29375,0.0,0.0
2025-10-01,29265.0,29455.0,28930.0,29295.0,29136.482421875,26328,0.0,0.0
2025-10-03,29300.0,29375.0,28990.0,29180.0,29022.103515625,13811,0.0,0.0
2025-10-06,29000.0,29370.0,28905.0,29295.0,29136.482421875,12202,0.0,0.0
2025-10-07,29370.0,29750.0,29355.0,29530.0,29370.2109375,13596,0.0,0.0
2025-10-08,29675.0,29690.0,29170.0,29285.0,29126.53515625,10980,0.0,0.0
2025-10-09,29350.0,29720.0,29295.0,29485.0,29325.453125,22117,0.0,0.0
2025-10-10,29470.0,29705.0,29345.0,29445.0,29285.669921875,17432,0.0,0.0
2025-10-13,29425.0,29670.0,29270.0,29615.0,29454.75,13296,0.0,0.0
2025-10-14,29640.0,29745.0,29450.0,29615.0,29454.75,15385,0.0,0.0
2025-10-15,29625.0,30100.0,29535.0,29940.0,29777.9921875,15822,0.0,0.0
2025-10-16,29985.0,30285.0,29940.0,30010.0,29847.61328125,12514,0.0,0.0
2025-10-17,29975.0,30040.0,29550.0,29690.0,29529.34375,16520,0.0,0.0
2025-10-20,29835.0,29840.0,28765.0,28880.0,28723.7265625,23281,0.0,0.0
2025-10-21,29045.0,29085.0,28755.0,28950.0,28793.349609375,1726,0.0,0.0
2025-10-23,29025.0,29350.0,28850.0,28970.0,28813.240234375,48966,0.0,0.0
2025-10-24,29100.0,29110.0,28525.0,28705.0,28549.67578125,25030,0.0,0.0
2025-10-27,28845.0,28930.0,28520.0,28590.0,28435.296875,36230,0.0,0.0
2025-10-28,28780.0,28780.0,28300.0,28585.0,28430.32421875,34211,0.0,0.0
2025-10-29,28585.0,29425.0,28450.0,29210.0,29051.94140625,79429,0.0,0.0
2025-10-30,29200.0,29200.0,28680.0,28740.0,28584.486328125,22402,0.0,0.0
2025-10-31,28730.0,28740.0,28260.0,28310.0,28156.8125,24223,0.0,0.0
2025-11-03,28310.0,28395.0,27860.0,27975.0,27902.47265625,12006,80.0,0.0
2025-11-04,28095.0,28095.0,27540.0,27600.0,27528.4453125,12031,0.0,0.0
2025-11-06,27620.0,27690.0,27400.0,27450.0,27378.833984375,15109,0.0,0.0
2025-11-07,27400.0,27760.0,27210.0,27375.0,27304.029296875,23046,0.0,0.0
2025-11-10,27400.0,27535.0,27035.0,27090.0,27019.767578125,32166,0.0,0.0
2025-11-11,27250.0,27250.0,26915.0,27035.0,26964.91015625,19431,0.0,0.0
2025-11-12,27245.0,27245.0,26970.0,27095.0,27024.75390625,24395,0.0,0.0
2025-11-13,27200.0,27275.0,26950.0,26995.0,26925.013671875,14547,0.0,0.0
2025-11-14,26955.0,27090.0,26610.0,26700.0,26630.779296875,18167,0.0,0.0
2025-11-17,26820.0,26820.0,26610.0,26680.0,26610.830078125,20761,0.0,0.0
2025-11-18,26690.0,26760.0,26300.0,26420.0,26351.50390625,36817,0.0,0.0
2025-11-19,26495.0,26630.0,26405.0,26510.0,26441.271484375,12630,0.0,0.0
2025-11-20,26520.0,26620.0,26395.0,26480.0,26411.349609375,15461,0.0,0.0
2025-11-21,26505.0,26750.0,26420.0,26480.0,26411.349609375,15422,0.0,0.0
2025-11-24,26490.0,26540.0,26325.0,26490.0,26421.322265625,23404,0.0,0.0
2025-11-25,26490.0,26505.0,26360.0,26455.0,26386.4140625,35989,0.0,0.0
2025-11-26,26655.0,26975.0,26480.0,26935.0,26865.169921875,16119,0.0,0.0
2025-11-27,26935.0,26945.0,26615.0,26755.0,26685.63671875,25657,0.0,0.0
2025-11-28,26780.0,26865.0,26325.0,26400.0,26331.556640625,15137,0.0,0.0
2025-12-01,26550.0,26565.0,26320.0,26415.0,26346.517578125,16587,0.0,0.0
2025-12-02,26250.0,26645.0,26165.0,26545.0,26476.1796875,34844,0.0,0.0
2025-12-03,26645.0,26685.0,26115.0,26300.0,26231.81640625,36102,0.0,0.0
2025-12-04,26270.0,26490.0,26180.0,26450.0,26381.42578125,9275,0.0,0.0
2025-12-05,26450.0,26455.0,26015.0,26075.0,26007.3984375,30319,0.0,0.0
2025-12-08,26000.0,26365.0,26000.0,26135.0,26067.244140625,48562,0.0,0.0
2025-12-09,26135.0,26350.0,25750.0,26100.0,26032.333984375,117831,0.0,0.0
2025-12-10,26000.0,26095.0,25645.0,25885.0,25817.890625,32453,0.0,0.0
2025-12-11,25745.0,26350.0,25740.0,26080.0,26012.38671875,46366,0.0,0.0
2025-12-12,26100.0,26460.0,26100.0,26285.0,26216.853515625,23933,0.0,0.0
2025-12-15,26285.0,26720.0,26025.0,26625.0,26555.97265625,66214,0.0,0.0
2025-12-16,26680.0,26700.0,25915.0,25990.0,25922.619140625,30430,0.0,0.0
2025-12-17,25990.0,26185.0,25900.0,26045.0,25977.4765625,64316,0.0,0.0
2025-12-18,26045.0,26090.0,25535.0,25645.0,25578.513671875,23636,0.0,0.0
2025-12-19,25490.0,25715.0,25360.0,25600.0,25533.630859375,47019,0.0,0.0
2025-12-22,25850.0,25850.0,25605.0,25710.0,25643.345703125,13917,0.0,0.0
2025-12-23,25710.0,26150.0,25600.0,25940.0,25872.748046875,46538,0.0,0.0
2025-12-24,25945.0,26190.0,25850.0,26145.0,26077.216796875,18508,0.0,0.0
2025-12-26,26140.0,26490.0,26070.0,26420.0,26351.50390625,46123,0.0,0.0
2025-12-29,26450.0,26450.0,26170.0,26275.0,26206.880859375,57381,0.0,0.0
2025-12-30,26275.0,26405.0,26090.0,26340.0,26271.7109375,137300,0.0,0.0
2025-12-31,26400.0,26635.0,26270.0,26575.0,26506.103515625,24906,0.0,0.0
2026-01-01,26600.0,26865.0,26425.0,26835.0,26765.427734375,9497,0.0,0.0
2026-01-02,26775.0,27095.0,26705.0,27045.0,26974.884765625,36285,0.0,0.0
2026-01-05,27070.0,27690.0,27070.0,27645.0,27573.328125,23089,0.0,0.0
2026-01-06,27670.0,28090.0,27545.0,27670.0,27598.263671875,35574,0.0,0.0
2026-01-07,27560.0,27665.0,27205.0,27320.0,27249.171875,22391,0.0,0.0
2026-01-08,27330.0,27360.0,26780.0,26850.0,26780.390625,17963,0.0,0.0
2026-01-09,26850.0,27085.0,26670.0,26950.0,26880.130859375,33316,0.0,0.0
2026-01-12,26965.0,27245.0,26685.0,27165.0,27094.572265625,22728,0.0,0.0
2026-01-13,27180.0,27400.0,26920.0,27155.0,27084.599609375,16064,0.0,0.0
2026-01-14,26945.0,27670.0,26930.0,27550.0,27478.57421875,37405,0.0,0.0
2026-01-16,27550.0,27900.0,27370.0,27840.0,27767.822265625,32929,0.0,0.0
2026-01-19,27610.0,27980.0,27445.0,27510.0,27438.677734375,10707,0.0,0.0
2026-01-20,27500.0,27915.0,27095.0,27225.0,27154.41796875,42671,0.0,0.0
2026-01-21,27225.0,27450.0,26990.0,27370.0,27299.041015625,25027,0.0,0.0
2026-01-22,27500.0,27715.0,27330.0,27430.0,27358.88671875,14663,0.0,0.0
2026-01-23,27455.0,27555.0,26935.0,27000.0,26930.0,24439,0.0,0.0
2026-01-27,27200.0,27720.0,27040.0,27220.0,27149.4296875,32223,0.0,0.0
2026-01-28,27200.0,27550.0,27045.0,27480.0,27408.755859375,18343,0.0,0.0
2026-01-29,27500.0,27500.0,26865.0,27055.0,26984.857421875,28182,0.0,0.0
2026-01-30,27055.0,27200.0,26805.0,26985.0,26915.0390625,42402,0.0,0.0
2026-02-02,26385.0,26850.0,26110.0,26800.0,26730.51953125,42072,0.0,0.0
2026-02-03,27200.0,27435.0,26780.0,27020.0,26949.94921875,51933,0.0,0.0
2026-02-04,27080.0,27525.0,26905.0,27350.0,27279.09375,25807,0.0,0.0
2026-02-05,27460.0,27545.0,27100.0,27225.0,27154.41796875,38447,0.0,0.0
2026-02-06,27270.0,27430.0,27040.0,27330.0,27259.14453125,14772,0.0,0.0
2026-02-09,26685.0,27260.0,26435.0,27145.0,27074.625,74200,0.0,0.0
2026-02-10,27070.0,27090.0,26450.0,26525.0,26456.232421875,38471,0.0,0.0
2026-02-11,26600.0,26850.0,26365.0,26805.0,26735.505859375,25422,0.0,0.0
2026-02-12,26750.0,26800.0,26280.0,26340.0,26271.7109375,28166,0.0,0.0
2026-02-13,26090.0,26255.0,25750.0,26130.0,26062.255859375,27809,0.0,0.0
2026-02-16,25940.0,26375.0,25915.0,26315.0,26246.77734375,11713,0.0,0.0
2026-02-17,26200.0,26440.0,26125.0,26370.0,26301.634765625,12987,0.0,0.0
2026-02-18,26495.0,26780.0,26335.0,26635.0,26565.947265625,24271,0.0,0.0
2026-02-19,26780.0,27150.0,26110.0,26215.0,26147.03515625,32451,0.0,0.0
2026-02-20,26250.0,26700.0,25965.0,26510.0,26441.271484375,16060,0.0,0.0
2026-02-23,26520.0,27045.0,26365.0,26550.0,26481.16796875,24261,0.0,0.0
2026-02-24,26460.0,26790.0,26270.0,26525.0,26456.232421875,28322,0.0,0.0
2026-02-25,26400.0,26980.0,26400.0,26865.0,26795.3515625,16889,0.0,0.0
2026-02-26,26865.0,27020.0,26605.0,26745.0,26675.662109375,12433,0.0,0.0
2026-02-27,26850.0,26865.0,25965.0,26075.0,26007.3984375,45243,0.0,0.0
2026-03-02,25200.0,26215.0,25185.0,26125.0,26057.26953125,28282,0.0,0.0
2026-03-04,25865.0,25865.0,24955.0,25355.0,25289.265625,37304,0.0,0.0
2026-03-05,25355.0,25520.0,24760.0,25200.0,25134.66796875,37079,0.0,0.0
2026-03-06,25150.0,25275.0,24825.0,24875.0,24810.509765625,19762,0.0,0.0
2026-03-09,24600.0,24600.0,23520.0,23590.0,23528.841796875,37789,0.0,0.0
2026-03-10,23925.0,24245.0,23850.0,23960.0,23897.8828125,69919,0.0,0.0
2026-03-11,24130.0,24130.0,23695.0,23740.0,23678.453125,44506,0.0,0.0
2026-03-12,23740.0,23740.0,23315.0,23500.0,23439.07421875,40125,0.0,0.0
2026-03-13,23500.0,23505.0,22855.0,22965.0,22905.4609375,48594,0.0,0.0
2026-03-16,22970.0,23470.0,22945.0,23315.0,23254.5546875,43173,0.0,0.0
2026-03-17,23395.0,23780.0,23170.0,23675.0,23613.62109375,15748,0.0,0.0
2026-03-18,23910.0,24000.0,23705.0,23925.0,23862.97265625,16992,0.0,0.0
2026-03-19,23410.0,23645.0,23125.0,23335.0,23274.501953125,20065,0.0,0.0
2026-03-20,23405.0,23710.0,23360.0,23535.0,23473.984375,29852,0.0,0.0
2026-03-23,23495.0,23495.0,22550.0,22725.0,22666.083984375,36958,0.0,0.0
2026-03-24,23085.0,23475.0,22615.0,23325.0,23264.529296875,39516,0.0,0.0
2026-03-25,23500.0,24355.0,23445.0,24230.0,24167.181640625,19081,0.0,0.0
2026-03-27,24220.0,24220.0,23565.0,23705.0,23643.54296875,52525,0.0,0.0
2026-03-30,23365.0,23625.0,22955.0,23020.0,22960.318359375,81205,0.0,0.0
2026-04-01,23490.0,23510.0,23080.0,23265.0,23204.68359375,19991,0.0,0.0
2026-04-02,22955.0,23265.0,22675.0,23125.0,23065.046875,20490,0.0,0.0
2026-04-06,23460.0,24015.0,22980.0,23695.0,23633.568359375,31374,0.0,0.0
2026-04-07,23390.0,23525.0,23140.0,23350.0,23289.462890625,57843,0.0,0.0
2026-04-08,24200.0,24700.0,23895.0,24360.0,24296.845703125,31556,0.0,0.0
2026-04-09,24200.0,24320.0,23665.0,23990.0,23927.8046875,103272,0.0,0.0
2026-04-10,23990.0,24495.0,23940.0,24340.0,24276.896484375,75983,0.0,0.0
2026-04-13,23940.0,24395.0,23600.0,24300.0,24237.0,24038,0.0,0.0
2026-04-15,24700.0,25150.0,24545.0,24965.0,24900.27734375,82224,0.0,0.0
2026-04-16,25200.0,25275.0,24830.0,25110.0,25044.900390625,34710,0.0,0.0
2026-04-17,25110.0,25325.0,25055.0,25290.0,25224.43359375,16254,0.0,0.0
2026-04-20,25300.0,25520.0,25050.0,25490.0,25423.916015625,35020,0.0,0.0
2026-04-21,25420.0,25890.0,25230.0,25540.0,25473.78515625,8307,0.0,0.0
2026-04-22,25590.0,25800.0,25455.0,25735.0,25668.28125,11486,0.0,0.0
2026-04-23,25605.0,25850.0,25125.0,25470.0,25403.966796875,15269,0.0,0.0
2026-04-24,25470.0,25550.0,24815.0,24950.0,24885.31640625,11419,0.0,0.0
2026-04-27,25070.0,25465.0,25020.0,25125.0,25059.861328125,35881,0.0,0.0
2026-04-28,25200.0,25230.0,24680.0,24890.0,24825.470703125,29353,0.0,0.0
2026-04-29,25100.0,25355.0,24500.0,24555.0,24491.33984375,11849,0.0,0.0
2026-04-30,24450.0,24450.0,23800.0,24195.0,24132.2734375,32295,0.0,0.0
2026-05-04,24295.0,24900.0,24295.0,24740.0,24675.859375,12120,0.0,0.0
2026-05-05,24600.0,24990.0,24405.0,24845.0,24780.587890625,19537,0.0,0.0
2026-05-06,25105.0,25200.0,24660.0,24975.0,24910.25,52938,0.0,0.0
2026-05-07,25450.0,25990.0,25430.0,25595.0,25528.642578125,58542,0.0,0.0
2026-05-08,25590.0,25590.0,25165.0,25435.0,25369.05859375,30524,0.0,0.0
2026-05-11,25190.0,25385.0,25000.0,25205.0,25139.654296875,11351,0.0,0.0
2026-05-12,25100.0,25325.0,24800.0,24860.0,24795.548828125,19036,0.0,0.0
2026-05-13,24705.0,25285.0,24705.0,24995.0,24930.19921875,13838,0.0,0.0
2026-05-14,25210.0,25300.0,24900.0,25025.0,24960.12109375,14353,0.0,0.0
2026-05-15,25030.0,25385.0,24905.0,24970.0,24905.263671875,6055,0.0,0.0
2026-05-18,24800.0,24905.0,24160.0,24475.0,24411.546875,14351,0.0,0.0
2026-05-19,24450.0,24585.0,24270.0,24425.0,24361.67578125,16083,0.0,0.0
2026-05-20,24350.0,24545.0,23990.0,24420.0,24356.689453125,13297,0.0,0.0
2026-05-21,24510.0,24870.0,24400.0,24605.0,24541.2109375,11833,0.0,0.0
2026-05-22,24610.0,25030.0,24610.0,24785.0,24720.744140625,13414,0.0,0.0
2026-05-25,24950.0,25425.0,24870.0,25355.0,25289.265625,11177,0.0,0.0
2026-05-26,25355.0,25395.0,24890.0,25180.0,25114.71875,17032,0.0,0.0
2026-05-27,25390.0,25600.0,25105.0,25400.0,25334.1484375,7231,0.0,0.0
2026-05-29,25405.0,25575.0,25025.0,25275.0,25209.47265625,86354,0.0,0.0
2026-06-01,25275.0,25295.0,24970.0,25060.0,24995.03125,38284,0.0,0.0
2026-06-02,24890.0,25255.0,24655.0,24995.0,24930.19921875,22992,0.0,0.0
2026-06-03,24950.0,24960.0,24500.0,24775.0,24710.76953125,26132,0.0,0.0
2026-06-04,24605.0,24805.0,24415.0,24485.0,24421.521484375,28175,0.0,0.0
2026-06-05,24625.0,24690.0,24030.0,24085.0,24022.55859375,22308,0.0,0.0
2026-06-08,24030.0,24090.0,23410.0,23535.0,23473.984375,45226,0.0,0.0
2026-06-09,23535.0,23625.0,23290.0,23415.0,23354.294921875,51825,0.0,0.0
2026-06-10,23415.0,24125.0,23290.0,23850.0,23788.16796875,55011,0.0,0.0
2026-06-11,23685.0,23830.0,23510.0,23700.0,23638.556640625,20405,0.0,0.0
2026-06-12,23785.0,24315.0,23785.0,24175.0,24112.32421875,19388,0.0,0.0
2026-06-15,24675.0,25130.0,24560.0,24825.0,24760.638671875,22005,0.0,0.0
2026-06-16,24970.0,25040.0,24550.0,24870.0,24805.5234375,48164,0.0,0.0
2026-06-17,24950.0,25455.0,24740.0,24970.0,24905.263671875,22298,0.0,0.0
2026-06-18,25170.0,25470.0,24795.0,25410.0,25344.123046875,24779,0.0,0.0
2026-06-19,25350.0,25405.0,24940.0,25075.0,25009.9921875,14059,0.0,0.0
2026-06-22,25250.0,25260.0,24900.0,24995.0,24930.19921875,30107,0.0,0.0
2026-06-23,25025.0,25180.0,24765.0,25035.0,24970.095703125,18096,0.0,0.0
2026-06-24,25540.0,26165.0,24955.0,26070.0,26002.412109375,59710,0.0,0.0
2026-06-25,26085.0,26335.0,25660.0,25735.0,25668.28125,32062,0.0,0.0
2026-06-29,25865.0,25960.0,25040.0,25145.0,25079.810546875,95945,0.0,0.0
2026-06-30,25280.0,25385.0,25055.0,25250.0,25184.537109375,30948,0.0,0.0
2026-07-01,25590.0,26050.0,25525.0,25920.0,25852.80078125,33234,0.0,0.0
2026-07-02,26020.0,26330.0,25965.0,26220.0,26152.0234375,10263,0.0,0.0
2026-07-03,26495.0,26970.0,26345.0,26765.0,26695.609375,21488,0.0,0.0
2026-07-06,26770.0,26845.0,26525.0,26630.0,26560.9609375,7076,0.0,0.0
2026-07-07,26660.0,26850.0,26550.0,26710.0,26640.751953125,8495,0.0,0.0
2026-07-08,26635.0,26775.0,25805.0,25910.0,25842.826171875,15874,0.0,0.0
2026-07-09,25910.0,26575.0,25905.0,26295.0,26226.828125,12300,0.0,0.0
2026-07-10,26460.0,26815.0,26395.0,26615.0,26545.998046875,6542,0.0,0.0
2026-07-13,26530.0,26575.0,26330.0,26420.0,26351.50390625,6450,0.0,0.0
2026-07-14,26290.0,26335.0,26015.0,26280.0,26211.8671875,10021,0.0,0.0
2026-07-15,26285.0,27045.0,26285.0,26925.0,26855.1953125,17102,0.0,0.0
2026-07-16,27050.0,27260.0,26710.0,27000.0,26930.0,37283,0.0,0.0
2026-07-17,26995.0,26995.0,26400.0,26515.0,26515.0,12749,70.0,0.0
2026-07-20,26515.0,27125.0,26400.0,26850.0,26850.0,7046,0.0,0.0
2026-07-21,26790.0,27285.0,26785.0,27245.0,27245.0,19707,0.0,0.0
2026-07-22,27245.0,27245.0,26620.0,26720.0,26720.0,11733,0.0,0.0
2026-07-23,26605.0,27135.0,26605.0,26825.0,26825.0,31050,0.0,0.0
2026-07-24,26575.0,27000.0,26425.0,26740.0,26740.0,13408,0.0,0.0
2026-07-27,26960.0,27040.0,26620.0,26860.0,26860.0,12362,0.0,0.0
2026-07-28,26755.0,27050.0,26680.0,26875.0,26875.0,15715,0.0,0.0
2026-07-29,26800.0,27125.0,26700.0,26825.0,26825.0,11491,0.0,0.0
2026-07-30,26705.0,26800.0,25940.0,26455.0,26455.0,10456,0.0,0.0
2026-07-31,26500.0,26590.0,25500.0,26055.0,26055.0,112164,0.0,0.0
2026-08-03,26150.0,27000.0,26110.0,27000.0,27000.0,33488,0.0,0.0
2026-08-04,27000.0,27040.0,26600.0,26900.0,26900.0,17586,0.0,0.0
2026-08-05,27010.0,27550.0,26730.0,26900.0,26900.0,19392,0.0,0.0
2026-08-06,26915.0,26920.0,26170.0,26245.0,26245.0,24420,0.0,0.0
2026-08-07,26355.0,26355.0,26010.0,26010.0,26010.0,10742,0.0,0.0
2026-08-10,26180.0,26355.0,25905.0,26100.0,26100.0,14607,0.0,0.0
2026-08-11,26135.0,26135.0,25450.0,25510.0,25510.0,15647,0.0,0.0
2026-08-12,25470.0,25570.0,25150.0,25570.0,25570.0,19869,0.0,0.0
2026-08-13,25570.0,25575.0,25050.0,25245.0,25245.0,16386,0.0,0.0
2026-08-14,25260.0,25300.0,24600.0,24795.0,24795.0,51210,0.0,0.0
2026-08-17,24790.0,24790.0,24410.0,24535.0,24535.0,21237,0.0,0.0
2026-08-18,24625.0,24935.0,24545.0,24725.0,24725.0,39655,0.0,0.0
2026-08-19,24700.0,24700.0,24150.0,24340.0,24340.0,25056,0.0,0.0
2026-08-20,24700.0,24700.0,24245.0,24300.0,24300.0,18766,0.0,0.0
2026-08-21,24295.0,24355.0,24070.0,24280.0,24280.0,15450,0.0,0.0
2026-08-24,24365.0,24365.0,23880.0,24020.0,24020.0,12456,0.0,0.0
2026-08-25,24045.0,24500.0,24005.0,24440.0,24440.0,126056,0.0,0.0
2026-08-26,24575.0,25255.0,24510.0,24865.0,24865.0,50283,0.0,0.0
2026-08-27,24825.0,24945.0,24425.0,24480.0,24480.0,11780,0.0,0.0
2026-08-28,24480.0,24485.0,23900.0,24000.0,24000.0,20074,0.0,0.0
2026-08-31,23950.0,23990.0,23200.0,23200.0,23200.0,20510,0.0,0.0
2026-09-01,23605.0,23800.0,23310.0,23490.0,23490.0,15342,0.0,0.0
2026-09-02,23450.0,23680.0,23060.0,23680.0,23680.0,17542,0.0,0.0
2026-09-03,23680.0,24050.0,23575.0,23910.0,23910.0,20001,0.0,0.0
2026-09-04,23850.0,24140.0,23780.0,23855.0,23855.0,15350,0.0,0.0
2026-09-07,23855.0,23920.0,23365.0,23365.0,23365.0,17715,0.0,0.0
2026-09-08,23500.0,23560.0,23130.0,23160.0,23160.0,13107,0.0,0.0
2026-09-09,23160.0,23240.0,22900.0,22950.0,22950.0,12133,0.0,0.0
2026-09-10,22910.0,22990.0,22700.0,22785.0,22785.0,9990,0.0,0.0
