date,open,high,low,close,adj_close,volume,dividends,stock_splits
2021-01-29,237.8000030517578,263.79998779296875,233.6199951171875,258.2699890136719,234.47023010253903,90681265,0.0,0.0
2021-02-01,256.5199890136719,268.9599914550781,253.25,266.3999938964844,241.8509979248047,30395260,0.0,0.0
2021-02-02,272.0,286.0,269.3399963378906,273.3299865722656,248.1423797607422,30730610,0.0,0.0
2021-02-03,274.20001220703125,295.2300109863281,271.3999938964844,293.0599975585937,266.0542907714844,28518195,0.0,0.0
2021-02-04,290.0400085449219,290.94000244140625,279.0,284.1300048828125,257.9471740722656,21005115,0.0,0.0
2021-02-05,285.7900085449219,294.20001220703125,274.4100036621094,276.8900146484375,251.37432861328125,16549455,0.0,0.0
2021-02-08,283.0,295.79998779296875,281.57000732421875,283.8999938964844,257.7383728027344,18317310,0.0,0.0
2021-02-09,286.0,288.75,278.0,282.6199951171875,256.5762939453125,11093915,0.0,0.0
2021-02-10,280.2200012207031,291.20001220703125,278.1600036621094,285.6199951171875,259.2998352050781,19081675,0.0,0.0
2021-02-11,284.0,289.6000061035156,281.6600036621094,288.25,261.6875,8878860,0.0,0.0
2021-02-12,285.0199890136719,292.25,284.0,287.6499938964844,261.14288330078125,11134020,0.0,0.0
2021-02-15,290.0,306.989990234375,289.0,302.6700134277344,274.77862548828125,24556900,0.0,0.0
2021-02-16,301.6000061035156,303.79998779296875,292.2799987792969,295.5599975585937,268.32391357421875,11625195,0.0,0.0
2021-02-17,296.7900085449219,301.739990234375,289.6300048828125,291.94000244140625,265.0374450683594,13152705,0.0,0.0
2021-02-18,292.0,295.6000061035156,285.6700134277344,287.739990234375,261.2245483398437,9516035,0.0,0.0
2021-02-19,286.57000732421875,289.20001220703125,276.2099914550781,280.9200134277344,255.0330352783203,10103260,0.0,0.0
2021-02-22,282.79998779296875,284.9800109863281,269.6000061035156,272.0299987792969,246.9622039794922,12281580,0.0,0.0
2021-02-23,274.0,279.0,267.239990234375,275.489990234375,250.10337829589844,10273085,0.0,0.0
2021-02-24,275.6000061035156,281.20001220703125,274.010009765625,275.5899963378906,250.1941375732422,5331875,0.0,0.0
2021-02-25,278.3999938964844,280.95001220703125,274.3099975585937,276.0599975585937,250.62081909179688,10532480,0.0,0.0
2021-02-26,269.79998779296875,269.79998779296875,254.0,256.5899963378906,232.94497680664065,21843070,0.0,0.0
2021-03-01,261.0,269.1600036621094,260.6300048828125,266.7200012207031,242.1415100097656,9162830,0.0,0.0
2021-03-02,269.29998779296875,275.20001220703125,266.19000244140625,270.1099853515625,245.21908569335935,8570450,0.0,0.0
2021-03-03,273.0,275.7799987792969,266.260009765625,272.42999267578125,247.32534790039065,9383425,0.0,0.0
2021-03-04,269.3900146484375,274.3699951171875,266.20001220703125,267.8699951171875,243.185546875,8576470,0.0,0.0
2021-03-05,265.79998779296875,267.1400146484375,254.3999938964844,257.8399963378906,234.07981872558597,11926800,0.0,0.0
2021-03-08,261.3599853515625,267.3999938964844,251.0200042724609,253.1699981689453,229.84014892578125,19094895,0.0,0.0
2021-03-09,256.0,260.3399963378906,251.0,254.0500030517578,230.6390686035156,10348870,0.0,0.0
2021-03-10,258.2300109863281,265.9599914550781,257.989990234375,263.0799865722656,238.8369598388672,15206235,0.0,0.0
2021-03-12,268.20001220703125,268.3999938964844,262.1099853515625,265.0899963378906,240.6617584228516,12544700,0.0,0.0
2021-03-15,267.5899963378906,268.3699951171875,247.6300048828125,255.32000732421875,231.7920379638672,18506180,0.0,0.0
2021-03-16,257.79998779296875,266.3599853515625,256.1099853515625,264.5899963378906,240.20779418945312,12723425,0.0,0.0
2021-03-17,265.5899963378906,265.7900085449219,258.0,264.32000732421875,239.96267700195312,11266530,0.0,0.0
2021-03-18,267.6000061035156,273.5400085449219,260.6099853515625,265.1499938964844,240.7162170410156,14562505,0.0,0.0
2021-03-19,262.54998779296875,275.9100036621094,260.1199951171875,274.7900085449219,249.4678649902344,14402385,0.0,0.0
2021-03-22,273.7799987792969,277.989990234375,269.4100036621094,276.2799987792969,250.82052612304688,9335185,0.0,0.0
2021-03-23,279.79998779296875,286.79998779296875,278.29998779296875,281.260009765625,255.34161376953125,14529820,0.0,0.0
2021-03-24,282.6000061035156,285.3999938964844,274.5599975585937,280.3599853515625,254.5245819091797,10501700,0.0,0.0
2021-03-25,281.3800048828125,281.5199890136719,270.3099975585937,274.3999938964844,249.1137542724609,10425355,0.0,0.0
2021-03-26,276.0,294.29998779296875,276.0,285.8299865722656,259.4905090332031,18748345,0.0,0.0
2021-03-30,288.69000244140625,289.0,282.2200012207031,284.1199951171875,257.9380798339844,11173995,0.0,0.0
2021-03-31,284.6199951171875,288.6600036621094,282.8999938964844,284.4599914550781,258.2467041015625,8632980,0.0,0.0
2021-04-01,289.0,295.79998779296875,285.1000061035156,294.5400085449219,267.3978881835937,12254460,0.0,0.0
2021-04-05,292.989990234375,295.6600036621094,278.1099853515625,284.0299987792969,258.9112548828125,10865445,1.2,0.0
2021-04-06,286.3999938964844,291.79998779296875,283.0,287.8399963378906,262.38433837890625,9011680,0.0,0.0
2021-04-07,288.0,300.5,282.6400146484375,297.1199951171875,270.8435974121094,14184300,0.0,0.0
2021-04-08,297.9800109863281,302.0,294.6499938964844,298.8399963378906,272.4114990234375,11186950,0.0,0.0
2021-04-09,297.79998779296875,299.3599853515625,291.0,293.9200134277344,267.92657470703125,10218235,0.0,0.0
2021-04-12,282.0,283.17999267578125,258.5899963378906,260.17999267578125,237.17044067382807,24289800,0.0,0.0
2021-04-13,263.0,279.7200012207031,262.20001220703125,276.4599914550781,252.01068115234372,21252365,0.0,0.0
2021-04-15,275.0,277.6600036621094,262.20001220703125,276.1300048828125,251.7099609375,17951785,0.0,0.0
2021-04-16,275.0599975585937,278.989990234375,273.1199951171875,275.6000061035156,251.22677612304688,12006190,0.0,0.0
2021-04-19,260.3999938964844,270.6700134277344,257.4599914550781,268.5299987792969,244.781982421875,14272335,0.0,0.0
2021-04-20,275.79998779296875,277.20001220703125,264.5199890136719,269.010009765625,245.21957397460935,12498725,0.0,0.0
2021-04-22,263.6199951171875,266.3999938964844,258.239990234375,265.25,241.7920837402344,19593930,0.0,0.0
2021-04-23,263.0,277.57000732421875,262.29998779296875,276.1300048828125,251.7099609375,17606370,0.0,0.0
2021-04-26,275.79998779296875,275.9100036621094,265.32000732421875,267.82000732421875,244.13479614257807,13382655,0.0,0.0
2021-04-27,270.8999938964844,271.57000732421875,263.82000732421875,265.0,241.56419372558597,8343800,0.0,0.0
2021-04-28,265.6000061035156,282.9599914550781,265.0,280.9599914550781,256.1127624511719,17059815,0.0,0.0
2021-04-29,284.20001220703125,286.8999938964844,278.0,283.260009765625,258.2093200683594,14470055,0.0,0.0
2021-04-30,286.0,289.0,267.1499938964844,269.010009765625,245.21957397460935,20775365,0.0,0.0
2021-05-03,266.79998779296875,266.8800048828125,255.1300048828125,259.7699890136719,236.7966766357422,14320405,0.0,0.0
2021-05-04,265.0,269.8399963378906,257.1099853515625,258.239990234375,235.40203857421875,13762810,0.0,0.0
2021-05-05,262.0,262.0,254.4199981689453,257.4100036621094,234.6454315185547,12337230,0.0,0.0
2021-05-06,259.20001220703125,263.3999938964844,254.6000061035156,262.2799987792969,239.0847625732422,11816670,0.0,0.0
2021-05-07,263.0,264.6000061035156,258.5,259.5299987792969,236.57791137695312,6920815,0.0,0.0
2021-05-10,259.79998779296875,268.20001220703125,259.2699890136719,266.54998779296875,242.97711181640625,9092755,0.0,0.0
2021-05-11,264.79998779296875,269.70001220703125,262.4800109863281,268.5,244.7546539306641,7293410,0.0,0.0
2021-05-12,269.0,271.20001220703125,265.7300109863281,268.7900085449219,245.0189971923828,7632385,0.0,0.0
2021-05-14,269.20001220703125,274.3999938964844,264.79998779296875,265.29998779296875,241.837646484375,9702620,0.0,0.0
2021-05-17,265.8999938964844,279.6000061035156,264.04998779296875,277.8099975585937,253.2412872314453,9550025,0.0,0.0
2021-05-18,281.0,293.0,281.0,290.0400085449219,264.3898010253906,15594255,0.0,0.0
2021-05-19,287.6000061035156,291.9599914550781,281.0,282.2699890136719,257.3069152832031,6901040,0.0,0.0
2021-05-20,283.0,285.7200012207031,279.20001220703125,283.19000244140625,258.1455078125,6123645,0.0,0.0
2021-05-21,286.6000061035156,297.6000061035156,284.010009765625,295.75,269.5947570800781,11258915,0.0,0.0
2021-05-24,295.20001220703125,296.6000061035156,289.4100036621094,291.8299865722656,266.0214538574219,6487950,0.0,0.0
2021-05-25,293.0,295.32000732421875,285.44000244140625,286.8599853515625,261.490966796875,5680010,0.0,0.0
2021-05-26,287.6000061035156,291.1499938964844,285.70001220703125,286.54998779296875,261.20831298828125,6131915,0.0,0.0
2021-05-27,287.0799865722656,289.94000244140625,283.0,288.2900085449219,262.79449462890625,8648350,0.0,0.0
2021-05-28,289.489990234375,302.8800048828125,289.20001220703125,291.010009765625,265.27398681640625,17020950,0.0,0.0
2021-05-31,293.20001220703125,293.20001220703125,283.79998779296875,285.9599914550781,260.6705627441406,7634365,0.0,0.0
2021-06-01,287.0,287.0400085449219,277.6700134277344,282.260009765625,257.2977905273437,9322935,0.0,0.0
2021-06-02,280.0,287.2900085449219,278.0,286.010009765625,260.71612548828125,6900620,0.0,0.0
2021-06-03,287.0,289.20001220703125,282.0,283.5400085449219,258.4645690917969,5219995,0.0,0.0
2021-06-04,285.0199890136719,287.0,281.54998779296875,284.6400146484375,259.4673156738281,6313570,0.0,0.0
2021-06-07,284.5,302.8900146484375,282.3500061035156,297.489990234375,271.1808776855469,23267725,0.0,0.0
2021-06-08,301.20001220703125,305.9200134277344,294.3099975585937,297.82000732421875,271.481689453125,20367070,0.0,0.0
2021-06-09,296.9800109863281,297.79998779296875,284.8099975585937,287.4100036621094,261.9922790527344,16223270,0.0,0.0
2021-06-10,288.0,294.9800109863281,286.6300048828125,294.0,267.99951171875,9991650,0.0,0.0
2021-06-11,294.3999938964844,298.79998779296875,292.0,295.07000732421875,268.9749755859375,8790865,0.0,0.0
2021-06-14,294.0,296.7799987792969,285.4100036621094,295.3999938964844,269.2756652832031,8612805,0.0,0.0
2021-06-15,295.0,295.0,288.5,290.1300048828125,264.47174072265625,11778790,0.0,0.0
2021-06-16,291.29998779296875,292.79998779296875,285.2699890136719,286.7699890136719,262.4946594238281,9827690,1.2,0.0
2021-06-17,280.3999938964844,287.3999938964844,278.6000061035156,282.2799987792969,258.3847045898437,12356210,0.0,0.0
2021-06-18,284.7900085449219,284.7900085449219,268.79998779296875,276.0,252.63633728027344,14779290,0.0,0.0
2021-06-21,271.0,277.9800109863281,267.6700134277344,276.5799865722656,253.16720581054688,7416025,0.0,0.0
2021-06-22,278.0,280.3900146484375,272.20001220703125,274.3399963378906,251.1168365478516,7917570,0.0,0.0
2021-06-23,274.9800109863281,277.20001220703125,272.2300109863281,273.3599853515625,250.2198028564453,4924915,0.0,0.0
2021-06-24,274.20001220703125,275.20001220703125,270.67999267578125,272.7799987792969,249.6888732910156,4667625,0.0,0.0
2021-06-25,272.7799987792969,275.6000061035156,271.1300048828125,273.6199951171875,250.4577789306641,6516880,0.0,0.0
2021-06-28,276.3900146484375,277.79998779296875,272.5,274.510009765625,251.2724456787109,4102820,0.0,0.0
2021-06-29,274.4800109863281,279.20001220703125,269.6400146484375,271.57000732421875,248.581298828125,5875000,0.0,0.0
2021-06-30,273.0,274.5599975585937,267.3900146484375,268.5299987792969,245.7986297607422,6968565,0.0,0.0
2021-07-01,269.94000244140625,273.04998779296875,266.0,271.1199951171875,248.1694183349609,5444075,0.0,0.0
2021-07-02,271.8999938964844,274.5199890136719,269.20001220703125,272.44000244140625,249.37765502929688,4228550,0.0,0.0
2021-07-05,273.0,275.6000061035156,272.5,274.9100036621094,251.6385955810547,2911235,0.0,0.0
2021-07-06,275.1000061035156,286.9599914550781,275.1000061035156,282.7300109863281,258.7966613769531,12255020,0.0,0.0
2021-07-07,283.989990234375,290.0,282.45001220703125,288.8699951171875,264.4168701171875,7910955,0.0,0.0
2021-07-08,289.07000732421875,289.4200134277344,284.44000244140625,286.3099975585937,262.07354736328125,6176635,0.0,0.0
2021-07-09,285.82000732421875,292.0,283.6000061035156,291.1400146484375,266.4947204589844,5637260,0.0,0.0
2021-07-12,292.7799987792969,293.5299987792969,289.3999938964844,290.4800109863281,265.8905639648437,4330990,0.0,0.0
2021-07-13,293.0,293.0,284.6099853515625,286.3599853515625,262.1192626953125,5529040,0.0,0.0
2021-07-14,287.0,287.3699951171875,283.0,284.17999267578125,260.12384033203125,6477460,0.0,0.0
2021-07-15,285.0,293.0,283.25,291.5799865722656,266.8974304199219,7322970,0.0,0.0
2021-07-16,292.0,294.1000061035156,288.79998779296875,289.8699951171875,265.3321533203125,3058730,0.0,0.0
2021-07-19,285.0,288.0,276.3800048828125,277.9700012207031,254.43955993652344,8523350,0.0,0.0
2021-07-20,279.6000061035156,281.9800109863281,270.20001220703125,279.17999267578125,255.5471343994141,6350305,0.0,0.0
2021-07-22,279.7799987792969,280.510009765625,274.0,279.0599975585937,255.43724060058597,8748020,0.0,0.0
2021-07-23,279.3999938964844,281.3900146484375,273.79998779296875,277.1199951171875,253.66148376464844,5276030,0.0,0.0
2021-07-26,276.9599914550781,281.0,265.1499938964844,274.0799865722656,250.8788299560547,4858020,0.0,0.0
2021-07-27,275.82000732421875,282.3999938964844,270.489990234375,273.1400146484375,250.01840209960935,8150250,0.0,0.0
2021-07-28,275.1000061035156,275.6000061035156,270.0199890136719,274.5899963378906,251.3456878662109,6667670,0.0,0.0
2021-07-29,272.79998779296875,276.70001220703125,270.79998779296875,274.20001220703125,250.9887237548828,3888435,0.0,0.0
2021-07-30,275.6000061035156,282.0199890136719,272.0199890136719,278.0199890136719,254.4853057861328,7132000,0.0,0.0
2021-08-02,279.20001220703125,286.0,267.1400146484375,275.1700134277344,251.8766326904297,16937480,0.0,0.0
2021-08-03,275.5199890136719,277.6000061035156,266.6000061035156,267.6700134277344,245.0114898681641,10852865,0.0,0.0
2021-08-04,270.0,271.739990234375,263.0199890136719,264.29998779296875,241.9267120361328,12098915,0.0,0.0
2021-08-05,264.44000244140625,267.54998779296875,262.0400085449219,266.3900146484375,243.83985900878903,7443930,0.0,0.0
2021-08-06,266.6000061035156,268.82000732421875,262.489990234375,263.19000244140625,240.9107208251953,6201995,0.0,0.0
2021-08-09,264.0,264.0799865722656,259.0,260.54998779296875,238.49415588378903,5444400,0.0,0.0
2021-08-10,262.42999267578125,262.42999267578125,254.07000732421875,255.1000061035156,233.50552368164065,6656495,0.0,0.0
2021-08-11,255.3999938964844,259.5899963378906,248.75999450683597,259.0,237.07537841796875,7777460,0.0,0.0
2021-08-12,260.29998779296875,263.8999938964844,257.45001220703125,261.8800048828125,239.71157836914065,4144010,0.0,0.0
2021-08-13,262.20001220703125,262.9599914550781,257.6600036621094,259.010009765625,237.0845489501953,4393670,0.0,0.0
2021-08-16,258.20001220703125,261.0,256.3699951171875,259.3299865722656,237.37745666503903,4215450,0.0,0.0
2021-08-17,259.3299865722656,259.3999938964844,253.0,256.07000732421875,234.39341735839844,5186305,0.0,0.0
2021-08-18,257.6000061035156,260.9700012207031,255.2899932861328,258.7699890136719,236.86485290527344,4998005,0.0,0.0
2021-08-20,256.0,257.20001220703125,250.0,250.8999938964844,229.6610565185547,4362450,0.0,0.0
2021-08-23,255.0800018310547,255.0800018310547,243.1999969482422,249.13999938964844,228.050048828125,5190075,0.0,0.0
2021-08-24,248.0,256.3999938964844,246.25999450683597,255.91000366210935,234.24696350097656,4803725,0.0,0.0
2021-08-25,256.20001220703125,259.04998779296875,251.8800048828125,253.47000122070312,232.01351928710935,5152555,0.0,0.0
2021-08-26,255.1999969482422,259.42999267578125,251.38999938964844,253.08999633789065,231.6656646728516,6567660,0.0,0.0
2021-08-27,253.9900054931641,258.20001220703125,251.52999877929688,256.2799987792969,234.58563232421875,3930010,0.0,0.0
2021-08-30,258.79998779296875,267.8500061035156,256.6400146484375,266.989990234375,244.38902282714844,7071320,0.0,0.0
2021-08-31,267.0,271.3999938964844,264.1000061035156,270.5400085449219,247.6385040283203,7881915,0.0,0.0
2021-09-01,270.4800109863281,271.04998779296875,264.5400085449219,265.9800109863281,243.46453857421875,6179385,0.0,0.0
2021-09-02,266.3999938964844,269.79998779296875,265.32000732421875,268.6099853515625,245.8718414306641,3818570,0.0,0.0
2021-09-03,269.79998779296875,277.7200012207031,266.6199951171875,270.010009765625,247.1534423828125,8012625,0.0,0.0
2021-09-06,271.20001220703125,275.3999938964844,268.010009765625,269.2900085449219,246.49429321289065,3295350,0.0,0.0
2021-09-07,269.5,273.7900085449219,265.20001220703125,268.9599914550781,246.19223022460935,6181705,0.0,0.0
2021-09-08,268.7799987792969,276.2799987792969,267.6700134277344,273.010009765625,249.8994598388672,8546425,0.0,0.0
2021-09-09,272.6000061035156,272.6000061035156,267.0899963378906,269.6700134277344,246.8421936035156,3792220,0.0,0.0
2021-09-13,269.20001220703125,269.6700134277344,262.1499938964844,268.3399963378906,245.6247711181641,3625345,0.0,0.0
2021-09-14,269.6000061035156,274.20001220703125,268.8399963378906,270.5599975585937,247.6568145751953,3353550,0.0,0.0
2021-09-15,270.79998779296875,275.8699951171875,268.3999938964844,273.3599853515625,250.2198028564453,5161840,0.0,0.0
2021-09-16,273.3599853515625,282.3800048828125,272.6199951171875,281.2799987792969,257.4693908691406,10142820,0.0,0.0
2021-09-17,284.0,285.17999267578125,271.1199951171875,272.1600036621094,249.1213531494141,9870725,0.0,0.0
2021-09-20,270.0,274.3099975585937,262.1499938964844,264.0199890136719,241.67042541503903,4788450,0.0,0.0
2021-09-21,266.0,267.17999267578125,257.1499938964844,264.75,242.3386688232422,4585140,0.0,0.0
2021-09-22,265.3999938964844,270.7799987792969,265.3999938964844,269.29998779296875,246.50347900390625,3449740,0.0,0.0
2021-09-23,270.0,277.0,269.3099975585937,276.6199951171875,253.20384216308597,5925930,0.0,0.0
2021-09-24,279.0,281.3599853515625,270.2099914550781,271.1400146484375,248.18772888183597,5655830,0.0,0.0
2021-09-27,271.8999938964844,272.489990234375,262.79998779296875,264.8299865722656,242.4118804931641,5489955,0.0,0.0
2021-09-28,267.0,269.1300048828125,258.5199890136719,262.6400146484375,240.40725708007807,4231635,0.0,0.0
2021-09-29,260.0,262.239990234375,257.20001220703125,260.07000732421875,238.05479431152344,4532205,0.0,0.0
2021-09-30,260.3999938964844,265.3999938964844,258.6000061035156,259.7699890136719,237.78016662597656,7981880,0.0,0.0
2021-10-01,258.7699890136719,259.9100036621094,254.66000366210935,258.9100036621094,236.9929962158203,4632325,0.0,0.0
2021-10-04,260.2799987792969,270.79998779296875,259.2099914550781,270.1499938964844,247.281494140625,6773440,0.0,0.0
2021-10-05,268.0,271.5,264.8599853515625,267.04998779296875,244.44395446777344,4110305,0.0,0.0
2021-10-06,268.6499938964844,268.8999938964844,259.69000244140625,260.6400146484375,238.57655334472656,3570155,0.0,0.0
2021-10-07,264.6400146484375,269.2799987792969,263.1600036621094,268.6400146484375,245.8993377685547,3739840,0.0,0.0
2021-10-08,268.6400146484375,270.67999267578125,264.69000244140625,266.19000244140625,243.65675354003903,2327330,0.0,0.0
2021-10-11,267.17999267578125,268.3800048828125,265.17999267578125,266.9800109863281,244.37985229492188,2474965,0.0,0.0
2021-10-12,267.3999938964844,268.3900146484375,264.0,264.92999267578125,242.50335693359372,2928570,0.0,0.0
2021-10-13,267.6000061035156,274.9599914550781,265.2099914550781,273.2799987792969,250.14659118652344,7442435,0.0,0.0
2021-10-14,275.69000244140625,279.82000732421875,271.3599853515625,276.7099914550781,253.28614807128903,8878410,0.0,0.0
2021-10-18,280.739990234375,283.3399963378906,276.04998779296875,279.0400085449219,255.4189910888672,5899405,0.0,0.0
2021-10-19,280.0400085449219,291.6000061035156,276.739990234375,285.489990234375,261.32293701171875,14910045,0.0,0.0
2021-10-20,287.5599975585937,294.92999267578125,281.3599853515625,287.739990234375,263.38250732421875,10061990,0.0,0.0
2021-10-21,290.3099975585937,300.0,288.2300109863281,298.1700134277344,272.9295654296875,11697925,0.0,0.0
2021-10-22,299.79998779296875,311.760009765625,297.07000732421875,303.7200012207031,278.00982666015625,19446090,0.0,0.0
2021-10-25,308.04998779296875,308.04998779296875,295.7099914550781,303.3800048828125,277.69854736328125,8858895,0.0,0.0
2021-10-26,300.0199890136719,317.6000061035156,299.32000732421875,305.17999267578125,279.34619140625,9988515,0.0,0.0
2021-10-27,307.79998779296875,311.6000061035156,303.3999938964844,305.6700134277344,279.79473876953125,4678970,0.0,0.0
2021-10-28,305.5899963378906,305.5899963378906,293.9100036621094,297.739990234375,272.5360107421875,5604320,0.0,0.0
2021-10-29,300.0,300.0,285.0,287.239990234375,262.9248352050781,6972315,0.0,0.0
2021-11-01,291.0,291.0,277.8699951171875,286.1400146484375,261.9179382324219,8517215,0.0,0.0
2021-11-02,288.0,324.94000244140625,286.45001220703125,315.239990234375,288.5545959472656,16632400,0.0,0.0
2021-11-03,315.79998779296875,328.75,311.75,320.5299987792969,293.39678955078125,15816895,0.0,0.0
2021-11-04,322.0,325.19000244140625,321.6000061035156,323.42999267578125,296.0513000488281,1071505,0.0,0.0
2021-11-08,325.0400085449219,334.0,324.2099914550781,332.94000244140625,304.7562866210937,8351745,0.0,0.0
2021-11-09,335.3399963378906,339.2799987792969,316.2099914550781,323.2099914550781,297.2785949707031,12628955,1.6,0.0
2021-11-10,323.2099914550781,328.6000061035156,319.8999938964844,326.239990234375,300.0654602050781,6427920,0.0,0.0
2021-11-11,326.239990234375,328.6000061035156,320.239990234375,327.260009765625,301.003662109375,5065025,0.0,0.0
2021-11-12,329.3800048828125,329.79998779296875,323.19000244140625,324.4800109863281,298.4466552734375,5511415,0.0,0.0
2021-11-15,324.0,325.20001220703125,315.5299987792969,323.32000732421875,297.3797912597656,3522305,0.0,0.0
2021-11-16,323.5599975585937,332.6000061035156,321.6199951171875,327.7900085449219,301.4910888671875,5549900,0.0,0.0
2021-11-17,325.6000061035156,329.9800109863281,322.1099853515625,326.1700134277344,300.0011291503906,3780655,0.0,0.0
2021-11-18,326.4200134277344,328.8800048828125,317.0400085449219,320.2799987792969,294.5836181640625,4825755,0.0,0.0
2021-11-22,321.8800048828125,321.9599914550781,309.6300048828125,312.3299865722656,287.271484375,5279665,0.0,0.0
2021-11-23,309.20001220703125,320.6300048828125,308.75,317.5899963378906,292.1094665527344,3311240,0.0,0.0
2021-11-24,317.760009765625,320.19000244140625,314.0,317.3800048828125,291.9162902832031,2310765,0.0,0.0
2021-11-25,318.0,318.0,306.010009765625,314.19000244140625,288.98223876953125,4290100,0.0,0.0
2021-11-26,308.3999938964844,311.3999938964844,286.8900146484375,289.3399963378906,266.1260070800781,6705735,0.0,0.0
2021-11-29,286.7099914550781,289.0,277.7099914550781,280.6499938964844,258.1331787109375,4893890,0.0,0.0
2021-11-30,280.6000061035156,289.2900085449219,279.0799865722656,281.3399963378906,258.7677917480469,8840830,0.0,0.0
2021-12-01,286.0,289.7900085449219,279.95001220703125,288.75,265.58331298828125,5539860,0.0,0.0
2021-12-02,288.0,291.989990234375,285.239990234375,289.7900085449219,266.53985595703125,3870920,0.0,0.0
2021-12-03,289.3399963378906,295.7799987792969,287.7699890136719,289.42999267578125,266.2087707519531,3863635,0.0,0.0
2021-12-06,290.0,295.0,288.3800048828125,290.0299987792969,266.7606506347656,2886375,0.0,0.0
2021-12-07,292.6000061035156,295.260009765625,288.3599853515625,292.7099914550781,269.2255859375,3802710,0.0,0.0
2021-12-08,294.0,299.3699951171875,292.82000732421875,298.4700012207031,274.5234375,4314475,0.0,0.0
2021-12-09,300.0,301.8999938964844,297.3599853515625,298.8099975585937,274.8362121582031,2145005,0.0,0.0
2021-12-10,300.0,303.4100036621094,295.1099853515625,300.8699951171875,276.73095703125,2745385,0.0,0.0
2021-12-13,304.0,306.3500061035156,281.82000732421875,295.1300048828125,271.451416015625,9169260,0.0,0.0
2021-12-14,292.20001220703125,292.7300109863281,274.010009765625,276.82000732421875,254.61045837402344,9079580,0.0,0.0
2021-12-15,277.20001220703125,278.1300048828125,270.0,271.57000732421875,249.7816619873047,4271675,0.0,0.0
2021-12-16,274.2799987792969,276.54998779296875,265.20001220703125,266.3599853515625,244.9896545410156,6199315,0.0,0.0
2021-12-17,265.0,266.760009765625,253.1499938964844,254.7400054931641,234.30197143554688,5310545,0.0,0.0
2021-12-20,250.0,252.67999267578125,231.75999450683597,240.1199951171875,220.85494995117188,8903280,0.0,0.0
2021-12-21,245.0,245.0,233.2100067138672,234.75,215.9157867431641,6125145,0.0,0.0
2021-12-22,236.41000366210935,238.3999938964844,231.44000244140625,234.4900054931641,215.6766662597656,4092265,0.0,0.0
2021-12-23,236.3999938964844,243.97999572753903,235.72999572753903,242.05999755859372,222.63931274414065,6141175,0.0,0.0
2021-12-24,244.0,244.0,233.16000366210935,235.50999450683597,216.61480712890625,5577935,0.0,0.0
2021-12-27,235.50999450683597,245.6000061035156,234.22999572753903,243.7400054931641,224.18450927734372,8997655,0.0,0.0
2021-12-28,245.0,249.3699951171875,240.97999572753903,242.3600006103516,222.91525268554688,4005800,0.0,0.0
2021-12-29,243.25,244.9900054931641,240.4499969482422,242.3300018310547,222.8876495361328,5363660,0.0,0.0
2021-12-30,242.3999938964844,243.0,237.0200042724609,239.63999938964844,220.41343688964844,4008980,0.0,0.0
2021-12-31,240.94000244140625,246.3000030517578,240.3800048828125,243.3999938964844,223.8717803955078,5290815,0.0,0.0
2022-01-03,244.3600006103516,251.63999938964844,243.50999450683597,250.1499938964844,230.08023071289065,2860025,0.0,0.0
2022-01-04,251.3999938964844,255.2400054931641,246.25,250.58999633789065,230.4849395751953,6387390,0.0,0.0
2022-01-05,250.58999633789065,255.3500061035156,249.0,249.9600067138672,229.90548706054688,4206620,0.0,0.0
2022-01-06,249.8000030517578,249.8000030517578,241.8000030517578,243.25999450683597,223.74301147460935,4892065,0.0,0.0
2022-01-07,243.2400054931641,246.2700042724609,240.77999877929688,243.1000061035156,223.5958709716797,4311580,0.0,0.0
2022-01-10,244.0200042724609,248.6000061035156,241.63999938964844,244.5800018310547,224.9571228027344,4850740,0.0,0.0
2022-01-11,244.5,246.3600006103516,241.6000061035156,244.72000122070312,225.08590698242188,3000215,0.0,0.0
2022-01-12,245.22000122070312,249.8000030517578,244.8000030517578,249.0500030517578,229.0684814453125,6283615,0.0,0.0
2022-01-13,250.75999450683597,251.3999938964844,246.8000030517578,249.4900054931641,229.4731903076172,3167295,0.0,0.0
2022-01-14,248.1000061035156,252.9600067138672,245.82000732421875,248.05999755859372,228.1579132080078,4270915,0.0,0.0
2022-01-17,248.3999938964844,250.97999572753903,247.3800048828125,247.80999755859372,227.92796325683597,2446195,0.0,0.0
2022-01-18,247.0,253.3999938964844,237.25,240.77999877929688,221.4620056152344,7134135,0.0,0.0
2022-01-19,241.0,241.3000030517578,234.19000244140625,239.05999755859372,219.87998962402344,5312500,0.0,0.0
2022-01-20,239.6000061035156,246.8500061035156,239.41000366210935,244.19000244140625,224.59841918945312,6465015,0.0,0.0
2022-01-21,242.8000030517578,244.75999450683597,237.0,239.6999969482422,220.4686279296875,5834040,0.0,0.0
2022-01-24,239.0200042724609,240.6000061035156,228.17999267578125,230.9199981689453,212.39306640625,9353860,0.0,0.0
2022-01-25,228.0,240.55999755859372,220.63999938964844,233.33999633789065,214.6189117431641,10473610,0.0,0.0
2022-01-27,235.9900054931641,249.52999877929688,234.0200042724609,248.22000122070312,228.3050842285156,14742195,0.0,0.0
2022-01-28,250.0,259.9700012207031,247.2100067138672,248.57000732421875,228.62698364257807,9290465,0.0,0.0
2022-01-31,251.8000030517578,254.3999938964844,245.0,245.67999267578125,225.9688415527344,4867125,0.0,0.0
2022-02-01,249.72000122070312,258.0,246.91000366210935,256.04998779296875,235.50685119628903,5528990,0.0,0.0
2022-02-02,258.20001220703125,260.8699951171875,254.1999969482422,256.760009765625,236.15994262695312,4547020,0.0,0.0
2022-02-03,257.3999938964844,257.3999938964844,251.0,252.63999938964844,232.3704376220703,2367305,0.0,0.0
2022-02-04,252.0,253.5200042724609,245.80999755859372,246.63999938964844,226.85183715820312,2633985,0.0,0.0
2022-02-07,247.0,250.1999969482422,242.1999969482422,243.75999450683597,224.20291137695312,2030295,0.0,0.0
2022-02-08,245.1199951171875,249.07000732421875,241.3300018310547,248.0500030517578,228.14871215820312,3807905,0.0,0.0
2022-02-09,248.0,250.8000030517578,246.6000061035156,249.02999877929688,229.0500946044922,2220130,0.0,0.0
2022-02-10,249.0,255.0,246.4199981689453,253.1199951171875,232.8119354248047,3166790,0.0,0.0
2022-02-11,250.6000061035156,252.8000030517578,245.63999938964844,247.1100006103516,227.2841339111328,2919870,0.0,0.0
2022-02-14,241.1999969482422,241.1999969482422,230.72000122070312,232.1699981689453,213.5428009033203,6578230,0.0,0.0
2022-02-15,234.1999969482422,244.17999267578125,228.6300048828125,241.6000061035156,222.21620178222656,4886570,0.0,0.0
2022-02-16,244.80999755859372,254.8800048828125,243.22000122070312,244.1199951171875,224.5340118408203,9347585,0.0,0.0
2022-02-17,246.3999938964844,256.4700012207031,245.8800048828125,255.4900054931641,234.99180603027344,11096160,0.0,0.0
2022-02-18,253.8000030517578,258.3900146484375,250.0800018310547,251.6199951171875,231.4322967529297,6084335,0.0,0.0
2022-02-21,248.8000030517578,250.50999450683597,242.0200042724609,244.0399932861328,224.46044921875,4546015,0.0,0.0
2022-02-22,240.0,243.1999969482422,235.2700042724609,240.83999633789065,221.51719665527344,4408165,0.0,0.0
2022-02-23,243.6000061035156,244.3600006103516,234.30999755859372,235.0200042724609,216.1641082763672,4670295,0.0,0.0
2022-02-24,228.0,230.88999938964844,212.0,213.72000122070312,196.5730438232422,7525505,0.0,0.0
2022-02-25,223.1199951171875,231.8800048828125,220.4499969482422,225.5,207.4079132080078,9287685,0.0,0.0
2022-02-28,221.8000030517578,225.6000061035156,216.1999969482422,224.83999633789065,206.8008728027344,6854355,0.0,0.0
2022-03-02,220.6000061035156,229.4600067138672,213.1999969482422,219.1100006103516,201.53060913085935,8430100,0.0,0.0
2022-03-03,223.3999938964844,227.1999969482422,218.8000030517578,221.08999633789065,203.3516998291016,5518095,0.0,0.0
2022-03-04,219.8000030517578,223.3000030517578,216.1999969482422,217.8300018310547,200.35330200195312,5340955,0.0,0.0
2022-03-07,211.0,211.97000122070312,203.25999450683597,204.25999450683597,187.8720245361328,4901560,0.0,0.0
2022-03-08,203.1999969482422,209.9600067138672,200.3999938964844,208.32000732421875,191.60633850097656,12217785,0.0,0.0
2022-03-09,212.2400054931641,214.47000122070312,208.2400054931641,212.3699951171875,195.3313751220703,6415045,0.0,0.0
2022-03-10,219.6000061035156,220.0,211.0200042724609,215.8999938964844,198.57815551757807,8349665,0.0,0.0
2022-03-11,211.66000366210935,218.91000366210935,211.3000030517578,218.19000244140625,202.9403533935547,5890485,2.4,0.0
2022-03-14,218.9900054931641,223.1999969482422,215.5200042724609,222.5399932861328,206.9863128662109,6630425,0.0,0.0
2022-03-15,223.0,227.3999938964844,216.0,218.02999877929688,202.7915496826172,7772955,0.0,0.0
2022-03-16,221.7400054931641,226.0,219.0399932861328,221.8999938964844,206.39105224609372,7527250,0.0,0.0
2022-03-17,225.0,228.8800048828125,224.1300048828125,225.91000366210935,210.1208038330078,5977670,0.0,0.0
2022-03-21,226.1100006103516,228.27999877929688,216.9600067138672,217.27999877929688,202.09396362304688,6308350,0.0,0.0
2022-03-22,216.3999938964844,221.0,213.1999969482422,219.6300048828125,204.2797088623047,8069535,0.0,0.0
2022-03-23,220.6000061035156,222.0,217.6199951171875,219.2400054931641,203.91696166992188,4335075,0.0,0.0
2022-03-24,218.7899932861328,220.32000732421875,217.32000732421875,218.47999572753903,203.2100830078125,3329035,0.0,0.0
2022-03-25,219.97000122070312,222.47999572753903,217.2100067138672,220.6000061035156,205.1819305419922,3234280,0.0,0.0
2022-03-28,221.6999969482422,224.1100006103516,216.75,223.1100006103516,207.5164794921875,7168470,0.0,0.0
2022-03-29,223.1100006103516,225.3999938964844,219.8000030517578,224.67999267578125,208.97677612304688,6632010,0.0,0.0
2022-03-30,225.3999938964844,227.75999450683597,223.8000030517578,224.88999938964844,209.17208862304688,2494090,0.0,0.0
2022-03-31,225.3999938964844,228.8800048828125,223.8000030517578,226.97000122070312,211.1067047119141,4371685,0.0,0.0
2022-04-01,227.0,239.8000030517578,225.5800018310547,236.2700042724609,219.7567138671875,4473460,0.0,0.0
2022-04-04,236.8000030517578,238.0,234.0,235.8000030517578,219.31956481933597,2766255,0.0,0.0
2022-04-05,236.8000030517578,237.4900054931641,233.1100006103516,234.1000061035156,217.73838806152344,7478890,0.0,0.0
2022-04-06,231.8000030517578,236.0,231.00999450683597,233.41000366210935,217.0965881347656,5148520,0.0,0.0
2022-04-07,232.1999969482422,236.9900054931641,231.6000061035156,234.82000732421875,218.40806579589844,10215730,0.0,0.0
2022-04-08,237.8699951171875,242.6999969482422,233.3600006103516,241.44000244140625,224.5653533935547,12013760,0.0,0.0
2022-04-11,243.0,247.6000061035156,239.6100006103516,244.72000122070312,227.6161193847656,5541150,0.0,0.0
2022-04-12,244.9900054931641,244.9900054931641,234.0200042724609,236.17999267578125,219.6729888916016,5301495,0.0,0.0
2022-04-13,238.3999938964844,239.42999267578125,235.69000244140625,236.7899932861328,220.24034118652344,2337810,0.0,0.0
2022-04-18,232.3999938964844,234.9600067138672,224.22000122070312,232.8500061035156,216.5757598876953,7199895,0.0,0.0
2022-04-19,235.8500061035156,237.8000030517578,220.3999938964844,223.72000122070312,208.08384704589844,7289265,0.0,0.0
2022-04-20,222.5,226.75,218.41000366210935,222.8500061035156,207.274658203125,3195385,0.0,0.0
2022-04-21,224.8000030517578,230.7899932861328,223.6199951171875,230.1699981689453,214.08303833007807,3891400,0.0,0.0
2022-04-22,228.0,228.0,220.08999633789065,221.6000061035156,206.11203002929688,4432385,0.0,0.0
2022-04-25,219.0,220.8000030517578,215.2700042724609,219.32000732421875,203.99136352539065,5391300,0.0,0.0
2022-04-26,221.58999633789065,232.1999969482422,220.6000061035156,231.4499969482422,215.2735748291016,7799210,0.0,0.0
2022-04-27,228.3999938964844,233.33999633789065,226.8000030517578,228.25,212.29725646972656,5002305,0.0,0.0
2022-04-28,229.6000061035156,232.6000061035156,227.1199951171875,228.3600006103516,212.3995513916016,12255960,0.0,0.0
2022-04-29,238.8800048828125,247.8000030517578,234.8300018310547,240.41000366210935,223.6073760986328,30651345,0.0,0.0
2022-05-02,237.94000244140625,247.3999938964844,236.9900054931641,246.0500030517578,228.85317993164065,9994595,0.0,0.0
2022-05-04,246.3999938964844,251.4900054931641,226.22000122070312,229.77999877929688,213.7202911376953,9729470,0.0,0.0
2022-05-05,233.97999572753903,238.9900054931641,229.6300048828125,232.30999755859372,216.07347106933597,5106630,0.0,0.0
2022-05-06,226.6000061035156,238.6000061035156,226.6000061035156,236.75999450683597,220.2124481201172,9524820,0.0,0.0
2022-05-09,235.6000061035156,235.6000061035156,227.1199951171875,231.3999938964844,215.2270965576172,7602625,0.0,0.0
2022-05-10,231.3999938964844,235.58999633789065,229.0,232.07000732421875,215.85028076171875,4513380,0.0,0.0
2022-05-11,231.0,232.8699951171875,219.44000244140625,224.0,208.3442840576172,8918120,0.0,0.0
2022-05-12,224.0,224.0,209.4199981689453,212.9499969482422,198.0665740966797,9397425,0.0,0.0
2022-05-13,216.3999938964844,218.97999572753903,209.5200042724609,212.32000732421875,197.48062133789065,8482405,0.0,0.0
2022-05-16,212.0,219.5,210.3600006103516,218.1100006103516,202.86595153808597,6833390,0.0,0.0
2022-05-17,219.3999938964844,224.16000366210935,216.3999938964844,221.75,206.2515411376953,4101275,0.0,0.0
2022-05-18,224.0,225.3600006103516,217.44000244140625,219.5399932861328,204.1959991455078,4296340,0.0,0.0
2022-05-19,213.8000030517578,217.32000732421875,212.8000030517578,215.6999969482422,200.62440490722656,8110880,0.0,0.0
2022-05-20,219.3999938964844,221.8000030517578,216.72000122070312,219.1999969482422,203.8797607421875,3296315,0.0,0.0
2022-05-23,220.0,229.5800018310547,220.0,227.3300018310547,211.4415435791016,6070490,0.0,0.0
2022-05-24,226.7700042724609,228.97999572753903,220.6100006103516,225.5500030517578,209.78594970703125,8069565,0.0,0.0
2022-05-25,227.1999969482422,229.2700042724609,220.5500030517578,223.44000244140625,207.82342529296875,5017540,0.0,0.0
2022-05-26,224.1999969482422,230.1999969482422,220.5200042724609,229.3300018310547,213.3017578125,3514895,0.0,0.0
2022-05-27,232.3000030517578,232.3000030517578,226.2400054931641,228.4900054931641,212.52047729492188,2271910,0.0,0.0
2022-05-30,231.3999938964844,237.0,228.3800048828125,234.3800048828125,217.99880981445312,4176795,0.0,0.0
2022-05-31,234.3800048828125,239.13999938964844,229.0,235.2400054931641,218.7987060546875,13941420,0.0,0.0
2022-06-01,235.0399932861328,240.0,233.1999969482422,236.9900054931641,220.42637634277344,5176220,0.0,0.0
2022-06-02,237.1000061035156,239.1999969482422,235.0500030517578,238.5800018310547,221.9052734375,2790370,0.0,0.0
2022-06-03,239.1000061035156,239.58999633789065,233.6699981689453,235.6999969482422,219.2265472412109,5396720,0.0,0.0
2022-06-06,235.1999969482422,238.94000244140625,230.8999938964844,237.16000366210935,220.58450317382807,2524525,0.0,0.0
2022-06-07,234.30999755859372,236.66000366210935,228.50999450683597,235.8600006103516,219.37538146972656,4116090,0.0,0.0
2022-06-08,236.0,239.42999267578125,232.44000244140625,235.0500030517578,218.6219787597656,3753885,0.0,0.0
2022-06-09,233.6000061035156,234.52999877929688,231.0,233.55999755859372,217.2361297607422,4476645,0.0,0.0
2022-06-10,231.6000061035156,233.5200042724609,230.52999877929688,233.05999755859372,216.7710723876953,2121945,0.0,0.0
2022-06-13,229.0,231.97999572753903,223.1000061035156,226.77999877929688,210.9300079345703,4399480,0.0,0.0
2022-06-14,224.77999877929688,229.72000122070312,224.1999969482422,227.88999938964844,211.96240234375,3860780,0.0,0.0
2022-06-15,229.0200042724609,230.6000061035156,226.32000732421875,230.0,213.92495727539065,3345520,0.0,0.0
2022-06-16,231.6000061035156,235.0,224.72999572753903,228.5500030517578,212.57627868652344,6698850,0.0,0.0
2022-06-17,227.3000030517578,230.8999938964844,222.50999450683597,229.80999755859372,213.74819946289065,6730740,0.0,0.0
2022-06-20,230.0,232.3699951171875,223.2899932861328,227.77999877929688,211.86009216308597,4386785,0.0,0.0
2022-06-21,229.3999938964844,236.66000366210935,225.75999450683597,234.7899932861328,218.38015747070312,4280930,0.0,0.0
2022-06-22,233.5,239.8000030517578,233.00999450683597,234.32000732421875,217.9430084228516,4890975,0.0,0.0
2022-06-23,232.25,243.44000244140625,232.0200042724609,239.55999755859372,222.8167724609375,3954310,0.0,0.0
2022-06-24,242.08999633789065,251.1499938964844,240.6000061035156,249.05999755859372,231.65280151367188,4996020,0.0,0.0
2022-06-27,253.8000030517578,253.8000030517578,249.0800018310547,250.4900054931641,232.9828643798828,4127285,0.0,0.0
2022-06-28,248.6000061035156,252.69000244140625,247.8600006103516,250.2100067138672,232.72244262695312,3527135,0.0,0.0
2022-06-29,248.0,251.9600067138672,243.6000061035156,244.82000732421875,227.70913696289065,2727410,0.0,0.0
2022-06-30,247.0,259.44000244140625,245.8300018310547,256.2699890136719,238.3588714599609,9956150,0.0,0.0
2022-07-01,253.2400054931641,254.9600067138672,247.6999969482422,253.13999938964844,235.4476318359375,5358285,0.0,0.0
2022-07-04,250.1999969482422,257.82000732421875,250.0,252.97000122070312,235.28952026367188,2008615,0.0,0.0
2022-07-05,253.7700042724609,262.0899963378906,252.2100067138672,255.47999572753903,237.62408447265625,6272225,0.0,0.0
2022-07-06,254.6300048828125,259.260009765625,254.0200042724609,256.8099975585937,238.86114501953125,3157810,0.0,0.0
2022-07-07,256.0,264.3099975585937,251.6000061035156,261.6499938964844,243.3628387451172,4945940,0.0,0.0
2022-07-08,263.9599914550781,264.7099914550781,254.1999969482422,256.0899963378906,238.1914520263672,3652815,0.0,0.0
2022-07-11,255.1300048828125,256.0,248.0200042724609,251.22999572753903,233.6711578369141,3691540,0.0,0.0
2022-07-12,249.8000030517578,251.5,246.7400054931641,247.25999450683597,229.9786071777344,3442455,0.0,0.0
2022-07-13,248.82000732421875,254.97999572753903,248.07000732421875,253.77999877929688,236.04293823242188,3151325,0.0,0.0
2022-07-14,254.8000030517578,259.8900146484375,254.00999450683597,258.989990234375,240.88873291015625,3203265,0.0,0.0
2022-07-15,260.0,263.6000061035156,255.17999267578125,262.92999267578125,244.5534210205078,2703045,0.0,0.0
2022-07-18,266.3999938964844,283.7900085449219,264.6000061035156,279.4200134277344,259.8908996582031,5420345,0.0,0.0
2022-07-19,276.44000244140625,279.79998779296875,271.4700012207031,278.3099975585937,258.8584899902344,4993150,0.0,0.0
2022-07-20,282.0,286.25,280.3099975585937,281.6099853515625,261.92779541015625,4629925,0.0,0.0
2022-07-21,280.6000061035156,293.69000244140625,279.0799865722656,292.3800048828125,271.9450988769531,4855305,0.0,0.0
2022-07-22,293.3999938964844,299.9800109863281,291.29998779296875,299.2200012207031,278.3070678710937,4810415,0.0,0.0
2022-07-25,294.6000061035156,301.79998779296875,294.6000061035156,299.29998779296875,278.38140869140625,4721665,0.0,0.0
2022-07-26,299.20001220703125,301.7799987792969,294.739990234375,295.6700134277344,275.00518798828125,4102640,0.0,0.0
2022-07-27,292.20001220703125,294.79998779296875,287.0,290.1600036621094,269.8802185058594,6702695,0.0,0.0
2022-07-28,295.6000061035156,301.239990234375,288.6000061035156,292.19000244140625,271.76837158203125,8557735,0.0,0.0
2022-07-29,296.0,296.0,274.1000061035156,275.95001220703125,256.6634216308594,9296570,0.0,0.0
2022-08-01,276.0,279.6000061035156,272.2200012207031,274.9700012207031,255.75189208984372,4709025,0.0,0.0
2022-08-02,275.3999938964844,280.6700134277344,272.6300048828125,275.82000732421875,256.54248046875,4861880,0.0,0.0
2022-08-03,277.0,279.2900085449219,269.6199951171875,272.04998779296875,253.03599548339844,3733035,0.0,0.0
2022-08-04,275.3999938964844,275.3999938964844,266.7099914550781,271.9800109863281,252.97091674804688,4646770,0.0,0.0
2022-08-05,273.92999267578125,275.760009765625,270.8099975585937,272.489990234375,253.4452362060547,3153135,0.0,0.0
2022-08-08,274.0,280.79998779296875,271.20001220703125,278.45001220703125,258.9886779785156,4775785,0.0,0.0
2022-08-10,279.0,281.9200134277344,277.0400085449219,279.2799987792969,259.7606506347656,4003980,0.0,0.0
2022-08-11,281.1300048828125,285.0599975585937,278.239990234375,281.2099914550781,261.5557861328125,5658525,0.0,0.0
2022-08-12,281.20001220703125,281.2099914550781,272.510009765625,273.5899963378906,254.4683837890625,5225265,0.0,0.0
2022-08-16,273.0,277.3999938964844,270.5599975585937,272.94000244140625,253.86376953125,6555990,0.0,0.0
2022-08-17,272.79998779296875,273.79998779296875,270.20001220703125,271.1099853515625,252.16168212890625,6599875,0.0,0.0
2022-08-18,270.04998779296875,273.04998779296875,265.4100036621094,269.69000244140625,250.84097290039065,4383855,0.0,0.0
2022-08-19,270.010009765625,272.9800109863281,268.0,269.3699951171875,250.54327392578125,3815695,0.0,0.0
2022-08-22,272.9700012207031,272.9700012207031,261.0,262.57000732421875,244.21859741210935,4246725,0.0,0.0
2022-08-23,261.0899963378906,271.32000732421875,259.6400146484375,267.32000732421875,248.63656616210935,4383165,0.0,0.0
2022-08-24,269.20001220703125,269.94000244140625,265.4200134277344,268.6099853515625,249.8364105224609,2029850,0.0,0.0
2022-08-25,269.79998779296875,272.739990234375,264.0,264.94000244140625,246.4229278564453,3292195,0.0,0.0
2022-08-26,267.0,269.489990234375,264.8299865722656,266.6700134277344,248.03204345703125,2107620,0.0,0.0
2022-08-29,260.45001220703125,266.3599853515625,260.0,264.9800109863281,246.46014404296875,2128080,0.0,0.0
2022-08-30,266.3999938964844,271.8099975585937,266.0899963378906,270.92999267578125,251.99432373046875,5142225,0.0,0.0
2022-09-01,268.3999938964844,271.6000061035156,264.6000061035156,265.8500061035156,247.2693023681641,2217970,0.0,0.0
2022-09-02,268.0,268.0,261.32000732421875,261.7200012207031,243.427978515625,2321585,0.0,0.0
2022-09-05,264.17999267578125,267.6000061035156,262.010009765625,264.1600036621094,245.6974334716797,2988435,0.0,0.0
2022-09-06,266.760009765625,278.3099975585937,263.489990234375,276.95001220703125,257.59356689453125,8058715,0.0,0.0
2022-09-07,275.20001220703125,278.1700134277344,272.20001220703125,273.32000732421875,254.2172088623047,3464835,0.0,0.0
2022-09-08,274.79998779296875,277.17999267578125,271.20001220703125,272.2900085449219,253.25921630859372,3184610,0.0,0.0
2022-09-09,273.989990234375,275.0,264.0,264.82000732421875,246.3112945556641,3022760,0.0,0.0
2022-09-12,266.25,266.8699951171875,262.0,265.70001220703125,247.12982177734372,4745365,0.0,0.0
2022-09-13,267.0,270.0,264.7300109863281,266.5199890136719,247.89247131347656,3598305,0.0,0.0
2022-09-14,264.6700134277344,270.8900146484375,263.0199890136719,266.92999267578125,248.2738342285156,3689160,0.0,0.0
2022-09-15,268.2699890136719,274.79998779296875,262.6000061035156,265.19000244140625,246.6554412841797,4760095,0.0,0.0
2022-09-16,265.9599914550781,267.6000061035156,253.6000061035156,256.8099975585937,238.86114501953125,5117185,0.0,0.0
2022-09-19,257.3999938964844,261.6600036621094,256.0199890136719,257.3800048828125,239.3912811279297,1969205,0.0,0.0
2022-09-20,259.0400085449219,263.70001220703125,258.0,259.2200012207031,241.1027069091797,3808500,0.0,0.0
2022-09-21,259.95001220703125,261.989990234375,252.6000061035156,254.55999755859372,236.7683868408203,3779985,0.0,0.0
2022-09-22,252.6000061035156,255.1999969482422,248.25,251.44000244140625,233.8664703369141,4041540,0.0,0.0
2022-09-23,251.0,251.3800048828125,239.30999755859372,240.6300048828125,223.8119964599609,5578410,0.0,0.0
2022-09-26,238.22999572753903,240.44000244140625,229.6499938964844,234.9900054931641,218.5661773681641,3960710,0.0,0.0
2022-09-27,236.0200042724609,237.8300018310547,229.1999969482422,233.00999450683597,216.7245635986328,3060765,0.0,0.0
2022-09-28,231.9499969482422,238.6999969482422,231.0,234.97999572753903,218.55685424804688,7037355,0.0,0.0
2022-09-29,238.0,242.52999877929688,237.3999938964844,241.8500061035156,224.9467315673828,8863220,0.0,0.0
2022-09-30,240.0,244.5500030517578,237.8000030517578,239.50999450683597,222.770263671875,3689185,0.0,0.0
2022-10-03,240.0,243.3999938964844,231.52999877929688,233.92999267578125,217.58026123046875,3393565,0.0,0.0
2022-10-04,236.0200042724609,240.75,235.0800018310547,239.97000122070312,223.19813537597656,2886230,0.0,0.0
2022-10-06,242.16000366210935,243.6000061035156,238.3999938964844,239.5500030517578,222.80747985839844,4285510,0.0,0.0
2022-10-07,239.3999938964844,241.92999267578125,234.1199951171875,239.82000732421875,223.0585784912109,5047815,0.0,0.0
2022-10-10,236.7899932861328,238.5399932861328,232.8000030517578,235.5500030517578,219.0870361328125,3026365,0.0,0.0
2022-10-11,235.0,238.8500061035156,233.9900054931641,234.7700042724609,218.36155700683597,2086380,0.0,0.0
2022-10-12,235.9499969482422,243.57000732421875,234.3300018310547,242.3999938964844,225.45828247070312,2322665,0.0,0.0
2022-10-13,242.17999267578125,242.17999267578125,235.00999450683597,237.8000030517578,221.1798095703125,2016655,0.0,0.0
2022-10-14,240.0,243.16000366210935,236.07000732421875,236.77999877929688,220.2310791015625,3429520,0.0,0.0
2022-10-17,236.0399932861328,239.47000122070312,234.3999938964844,238.47999572753903,221.812255859375,1567175,0.0,0.0
2022-10-18,241.9600067138672,246.1699981689453,240.32000732421875,244.8300018310547,227.71844482421875,4394830,0.0,0.0
2022-10-19,245.0,246.8000030517578,241.02999877929688,242.91000366210935,225.93263244628903,1833905,0.0,0.0
2022-10-20,242.55999755859372,245.69000244140625,239.0,243.16000366210935,226.16514587402344,3339120,0.0,0.0
2022-10-21,245.0,246.5500030517578,236.67999267578125,239.5399932861328,222.79815673828125,5002910,0.0,0.0
2022-10-24,243.0,243.0,238.4199981689453,239.8000030517578,223.0399932861328,395760,0.0,0.0
2022-10-25,240.0,248.0,237.0399932861328,243.4199981689453,226.4069976806641,4718435,0.0,0.0
2022-10-27,245.0,250.7400054931641,242.2100067138672,249.3800048828125,231.950439453125,4543535,0.0,0.0
2022-10-28,250.6300048828125,256.7699890136719,248.80999755859372,254.94000244140625,237.1218414306641,2765695,0.0,0.0
2022-10-31,254.7899932861328,254.7899932861328,245.0,245.8300018310547,228.6485748291016,3104155,0.0,0.0
2022-11-01,246.3000030517578,247.25999450683597,240.6000061035156,241.5399932861328,224.65838623046875,6675575,0.0,0.0
2022-11-02,241.6000061035156,244.55999755859372,240.0,241.55999755859372,224.67697143554688,2733960,0.0,0.0
2022-11-03,240.3999938964844,248.6699981689453,239.1699981689453,248.0500030517578,230.71339416503903,3636250,0.0,0.0
2022-11-04,249.0,252.8600006103516,248.0800018310547,251.91000366210935,234.30360412597656,3337760,0.0,0.0
2022-11-07,252.8699951171875,258.79998779296875,251.33999633789065,257.8299865722656,239.8098297119141,2258285,0.0,0.0
2022-11-09,252.8000030517578,259.79998779296875,252.8000030517578,255.05999755859372,237.2334442138672,1989790,0.0,0.0
2022-11-10,253.9600067138672,258.0,247.4900054931641,249.02999877929688,231.62489318847656,3089160,0.0,0.0
2022-11-11,250.3999938964844,257.3999938964844,250.3999938964844,255.3500061035156,237.5031890869141,2488040,0.0,0.0
2022-11-14,255.97999572753903,257.1000061035156,251.0800018310547,253.1499938964844,235.4569396972656,1655990,0.0,0.0
2022-11-15,253.9900054931641,254.0200042724609,249.2100067138672,250.5399932861328,233.02935791015625,1474635,0.0,0.0
2022-11-16,250.3999938964844,250.9600067138672,245.05999755859372,246.72999572753903,229.48562622070312,2486780,0.0,0.0
2022-11-17,246.3999938964844,261.9599914550781,246.3999938964844,255.1300048828125,237.29855346679688,10895855,0.0,0.0
2022-11-18,255.1000061035156,256.8900146484375,248.3999938964844,250.25,232.75961303710935,5665580,0.0,0.0
2022-11-21,250.4900054931641,261.0,248.6000061035156,260.0299987792969,241.8560943603516,11427320,0.0,0.0
2022-11-22,260.989990234375,270.989990234375,258.20001220703125,269.29998779296875,250.47821044921875,9851655,0.0,0.0
2022-11-23,270.0,272.5899963378906,265.04998779296875,266.8500061035156,248.19943237304688,6956495,0.0,0.0
2022-11-24,268.19000244140625,268.19000244140625,261.0,262.3399963378906,244.0046539306641,3504165,0.0,0.0
2022-11-25,263.0,264.3999938964844,255.0399932861328,256.0299987792969,238.13568115234372,4325525,0.0,0.0
2022-11-28,254.8000030517578,258.9599914550781,249.3999938964844,252.9499969482422,235.2709045410156,22810780,0.0,0.0
2022-11-29,250.5500030517578,256.20001220703125,250.3000030517578,254.05999755859372,236.3033447265625,8742450,0.0,0.0
2022-11-30,254.4900054931641,275.0,254.3999938964844,270.0,251.12925720214844,11378515,0.0,0.0
2022-12-01,269.2900085449219,269.2900085449219,255.3999938964844,257.3699951171875,239.38201904296875,8011285,0.0,0.0
2022-12-02,257.3299865722656,259.6400146484375,253.6000061035156,258.07000732421875,240.0330810546875,5168550,0.0,0.0
2022-12-05,259.20001220703125,260.0,255.8000030517578,258.9700012207031,240.8701934814453,4417660,0.0,0.0
2022-12-06,259.0,267.79998779296875,258.0400085449219,265.3099975585937,246.7670745849609,10171880,0.0,0.0
2022-12-07,265.6000061035156,273.3500061035156,265.3999938964844,267.0400085449219,248.3761444091797,6943485,0.0,0.0
2022-12-08,266.9800109863281,271.0,265.0,267.6400146484375,248.9342193603516,2846375,0.0,0.0
2022-12-09,269.67999267578125,270.82000732421875,263.2900085449219,268.8099975585937,250.02239990234372,3202765,0.0,0.0
2022-12-12,268.0,275.19000244140625,265.6499938964844,272.7099914550781,253.64990234375,5938835,0.0,0.0
2022-12-13,272.20001220703125,274.19000244140625,268.0,273.1700134277344,254.07774353027344,1977965,0.0,0.0
2022-12-14,273.19000244140625,276.0,271.0799865722656,275.7099914550781,256.4402160644531,4138030,0.0,0.0
2022-12-15,275.0799865722656,280.8399963378906,274.010009765625,278.6400146484375,259.1653747558594,3778060,0.0,0.0
2022-12-16,275.3999938964844,280.79998779296875,267.6199951171875,274.0899963378906,254.9334716796875,9071230,0.0,0.0
2022-12-19,274.7900085449219,277.3699951171875,272.3999938964844,274.45001220703125,255.26828002929688,3297195,0.0,0.0
2022-12-20,273.9800109863281,279.79998779296875,270.4800109863281,277.8500061035156,258.4306335449219,2851545,0.0,0.0
2022-12-21,277.3599853515625,283.8999938964844,272.04998779296875,273.8800048828125,254.7380828857422,4286630,0.0,0.0
2022-12-22,275.0,277.3999938964844,265.6700134277344,267.8800048828125,249.157470703125,1549960,0.0,0.0
2022-12-23,265.3900146484375,265.3900146484375,258.1199951171875,260.29998779296875,242.10720825195312,1564975,0.0,0.0
2022-12-26,260.3099975585937,273.3999938964844,259.010009765625,270.2300109863281,251.3432159423828,1606850,0.0,0.0
2022-12-27,272.3999938964844,278.0,265.9100036621094,275.7799987792969,256.5053100585937,2420365,0.0,0.0
2022-12-28,272.7099914550781,279.3999938964844,270.5,277.7200012207031,258.3096923828125,2201075,0.0,0.0
2022-12-29,269.79998779296875,269.79998779296875,250.2700042724609,262.45001220703125,244.10694885253903,19945730,0.0,0.0
2022-12-30,266.0,276.9599914550781,265.0299987792969,275.3800048828125,256.1332397460937,7329350,0.0,0.0
2023-01-02,276.20001220703125,278.0,272.3999938964844,277.1600036621094,257.7889099121094,2184945,0.0,0.0
2023-01-03,273.760009765625,275.3900146484375,267.1199951171875,269.92999267578125,253.8114318847656,2678225,3.0,0.0
2023-01-04,269.6000061035156,270.5799865722656,263.57000732421875,265.6700134277344,249.8058319091797,2709675,0.0,0.0
2023-01-05,267.19000244140625,268.0,262.25,263.9800109863281,248.2167510986328,2309935,0.0,0.0
2023-01-06,264.9800109863281,265.1499938964844,257.3999938964844,258.92999267578125,243.46827697753903,1599915,0.0,0.0
2023-01-09,260.0,264.94000244140625,259.8999938964844,263.7200012207031,247.97222900390625,2348255,0.0,0.0
2023-01-10,264.5299987792969,267.5199890136719,263.7200012207031,266.7799987792969,250.84954833984372,2849300,0.0,0.0
2023-01-11,266.79998779296875,268.7699890136719,263.82000732421875,266.8999938964844,250.96234130859372,1445245,0.0,0.0
2023-01-12,268.29998779296875,268.45001220703125,261.0400085449219,262.5299987792969,246.85330200195312,2259350,0.0,0.0
2023-01-13,262.0,262.6000061035156,253.5200042724609,256.6400146484375,241.31504821777344,4597480,0.0,0.0
2023-01-16,257.79998779296875,260.3099975585937,253.8000030517578,254.5399932861328,239.34043884277344,2549280,0.0,0.0
2023-01-17,255.5500030517578,256.1300048828125,252.5800018310547,254.3300018310547,239.14300537109372,3167635,0.0,0.0
2023-01-18,255.6000061035156,258.3500061035156,251.22999572753903,256.79998779296875,241.46548461914065,2375830,0.0,0.0
2023-01-19,256.79998779296875,259.4700012207031,254.4600067138672,258.9599914550781,243.4964904785156,2489795,0.0,0.0
2023-01-20,258.79998779296875,258.79998779296875,253.27999877929688,255.4600067138672,240.20550537109372,1984570,0.0,0.0
2023-01-23,256.4200134277344,259.3900146484375,254.97999572753903,256.9200134277344,241.5783233642578,1269830,0.0,0.0
2023-01-24,257.5799865722656,258.5599975585937,252.6000061035156,253.05999755859372,237.9487762451172,1061495,0.0,0.0
2023-01-25,253.7100067138672,254.1300048828125,246.0,250.83999633789065,235.86135864257807,2130930,0.0,0.0
2023-01-27,251.0,256.79998779296875,246.00999450683597,248.2100067138672,233.3884429931641,2410525,0.0,0.0
2023-01-30,247.8000030517578,252.97999572753903,245.47999572753903,248.7700042724609,233.91497802734372,5905675,0.0,0.0
2023-01-31,249.5200042724609,259.0799865722656,246.67999267578125,257.32000732421875,241.95445251464844,6053500,0.0,0.0
2023-02-01,265.6000061035156,273.3800048828125,255.63999938964844,259.4700012207031,243.97604370117188,7936630,0.0,0.0
2023-02-02,258.5799865722656,259.9200134277344,250.6000061035156,252.8999938964844,237.79835510253903,2552580,0.0,0.0
2023-02-03,254.2400054931641,256.8399963378906,250.0,255.80999755859372,240.5345916748047,2600590,0.0,0.0
2023-02-06,252.0,259.5199890136719,252.0,258.7300109863281,243.28024291992188,2088355,0.0,0.0
2023-02-07,258.7799987792969,260.6000061035156,255.8000030517578,258.260009765625,242.8382873535156,1940780,0.0,0.0
2023-02-08,259.5599975585937,262.1600036621094,258.010009765625,261.5299987792969,245.91305541992188,1715770,0.0,0.0
2023-02-09,261.70001220703125,263.489990234375,259.7099914550781,263.010009765625,247.30465698242188,1437655,0.0,0.0
2023-02-10,264.0,264.0,253.5399932861328,255.72000122070312,240.4499664306641,3358630,0.0,0.0
2023-02-13,255.72000122070312,256.94000244140625,250.6000061035156,251.22000122070312,236.21868896484372,1789390,0.0,0.0
2023-02-14,252.3999938964844,254.8999938964844,249.97999572753903,254.0399932861328,238.87030029296875,1050085,0.0,0.0
2023-02-15,253.1000061035156,255.5800018310547,251.3999938964844,254.5399932861328,239.34043884277344,1236070,0.0,0.0
2023-02-16,256.3999938964844,256.4599914550781,249.2700042724609,251.7400054931641,236.7076568603516,3304915,0.0,0.0
2023-02-17,249.97999572753903,252.25999450683597,246.1000061035156,246.82000732421875,232.08143615722656,2077315,0.0,0.0
2023-02-20,251.75999450683597,251.75999450683597,246.83999633789065,247.44000244140625,232.66441345214844,2309105,0.0,0.0
2023-02-21,249.3999938964844,250.52999877929688,242.1999969482422,242.9900054931641,228.4801483154297,2163550,0.0,0.0
2023-02-22,242.1999969482422,244.25999450683597,239.0200042724609,241.6100006103516,227.1825256347656,3253235,0.0,0.0
2023-02-23,241.9900054931641,243.0500030517578,239.0200042724609,240.05999755859372,225.7250823974609,1641205,0.0,0.0
2023-02-24,240.55999755859372,244.3999938964844,240.17999267578125,243.69000244140625,229.1383056640625,2464105,0.0,0.0
2023-02-27,243.69000244140625,244.1199951171875,238.3999938964844,240.5800018310547,226.2140350341797,1437525,0.0,0.0
2023-02-28,241.0,242.52999877929688,238.0,240.6699981689453,226.29867553710935,13260610,0.0,0.0
2023-03-01,241.3999938964844,246.2899932861328,241.0,244.3300018310547,229.74012756347656,2913235,0.0,0.0
2023-03-02,244.6000061035156,244.97999572753903,238.6000061035156,241.9199981689453,227.47401428222656,2720640,0.0,0.0
2023-03-03,243.1300048828125,245.8000030517578,242.07000732421875,243.3800048828125,228.84686279296875,1836725,0.0,0.0
2023-03-06,244.0,249.80999755859372,244.0,249.3699951171875,234.47915649414065,3145920,0.0,0.0
2023-03-08,249.0,258.9800109863281,244.22000122070312,254.08999633789065,238.9173126220703,51702925,0.0,0.0
2023-03-09,255.9900054931641,262.94000244140625,255.0,258.0799865722656,242.6690216064453,8022010,0.0,0.0
2023-03-10,256.989990234375,257.0,251.69000244140625,253.92999267578125,238.7668609619141,1446625,0.0,0.0
2023-03-13,254.1499938964844,256.7699890136719,250.33999633789065,251.6100006103516,236.5853729248047,3683830,0.0,0.0
2023-03-14,250.2100067138672,251.6000061035156,244.6000061035156,247.8000030517578,233.0029144287109,3141790,0.0,0.0
2023-03-15,250.1999969482422,250.80999755859372,245.0800018310547,245.91000366210935,231.22576904296875,1987050,0.0,0.0
2023-03-16,246.3999938964844,252.1699981689453,245.7400054931641,250.0399932861328,235.1091461181641,3988570,0.0,0.0
2023-03-17,251.3000030517578,253.58999633789065,247.3600006103516,249.1999969482422,234.3192901611328,4182610,0.0,0.0
2023-03-20,254.97999572753903,254.97999572753903,240.7100067138672,243.94000244140625,229.3734130859375,3402415,0.0,0.0
2023-03-21,246.67999267578125,257.7300109863281,243.6199951171875,252.1000061035156,237.046142578125,5079360,0.0,0.0
2023-03-22,252.38999938964844,252.9600067138672,248.33999633789065,249.22999572753903,234.34750366210935,1814750,0.0,0.0
2023-03-23,248.3999938964844,252.8300018310547,246.8000030517578,252.1100006103516,237.05555725097656,2141185,0.0,0.0
2023-03-24,250.8600006103516,251.8600006103516,245.0,246.63999938964844,231.9121551513672,4290270,0.0,0.0
2023-03-27,246.3999938964844,246.6000061035156,241.1300048828125,241.8800048828125,227.43641662597656,1948390,0.0,0.0
2023-03-28,242.2100067138672,246.8600006103516,240.42999267578125,245.17999267578125,230.5393524169922,2605125,0.0,0.0
2023-03-29,245.17999267578125,252.0,244.3000030517578,250.3600006103516,235.41004943847656,1649135,0.0,0.0
2023-03-31,250.6000061035156,256.3800048828125,250.6000061035156,251.8800048828125,236.8392791748047,4489935,0.0,0.0
2023-04-03,253.1999969482422,258.20001220703125,253.1999969482422,257.2900085449219,241.92620849609372,2297460,0.0,0.0
2023-04-05,256.20001220703125,258.8399963378906,254.88999938964844,257.8099975585937,242.4151763916016,1710530,0.0,0.0
2023-04-06,257.20001220703125,261.3999938964844,256.0299987792969,260.7699890136719,245.1984100341797,1428390,0.0,0.0
2023-04-10,260.7699890136719,261.3999938964844,257.010009765625,260.95001220703125,245.36769104003903,630385,0.0,0.0
2023-04-11,260.95001220703125,262.0,255.3999938964844,259.0599975585937,243.5905303955078,2316150,0.0,0.0
2023-04-12,259.79998779296875,262.3999938964844,257.7099914550781,261.79998779296875,246.1668701171875,2680600,0.0,0.0
2023-04-13,261.7900085449219,261.7900085449219,258.3999938964844,259.32000732421875,243.83499145507807,774615,0.0,0.0
2023-04-17,260.0,265.3999938964844,259.17999267578125,264.2699890136719,248.4893951416016,2927410,0.0,0.0
2023-04-18,265.45001220703125,269.0,263.79998779296875,267.8399963378906,251.84622192382807,2602290,0.0,0.0
2023-04-19,269.4700012207031,273.9800109863281,267.510009765625,273.3099975585937,256.9895935058594,2649705,0.0,0.0
2023-04-20,274.010009765625,274.7099914550781,267.1700134277344,267.8699951171875,251.87445068359372,1972785,0.0,0.0
2023-04-21,271.0799865722656,272.3500061035156,268.2099914550781,271.7699890136719,255.54151916503903,1533610,0.0,0.0
2023-04-24,272.20001220703125,282.3599853515625,271.239990234375,278.5199890136719,261.8884582519531,3484290,0.0,0.0
2023-04-25,279.94000244140625,293.8599853515625,279.0199890136719,286.54998779296875,269.4389953613281,11463135,0.0,0.0
2023-04-26,287.9700012207031,287.9700012207031,276.3999938964844,281.2300109863281,264.4366455078125,4680385,0.0,0.0
2023-04-27,280.0,282.3999938964844,276.3999938964844,281.1099853515625,264.32379150390625,5355815,0.0,0.0
2023-04-28,270.0,273.0,261.79998779296875,266.5199890136719,250.6050567626953,15378245,0.0,0.0
2023-05-02,269.7799987792969,270.6600036621094,264.3299865722656,265.0599975585937,249.2322235107422,4445290,0.0,0.0
2023-05-03,264.6099853515625,267.1400146484375,263.25,263.8099975585937,248.05686950683597,2404405,0.0,0.0
2023-05-04,265.20001220703125,266.20001220703125,263.20001220703125,265.5400085449219,249.68359375,2605540,0.0,0.0
2023-05-05,265.6000061035156,269.4700012207031,263.25,263.7699890136719,248.0192413330078,1867575,0.0,0.0
2023-05-08,265.79998779296875,271.0,263.7699890136719,269.5799865722656,253.48231506347656,3146345,0.0,0.0
2023-05-09,271.739990234375,280.0,269.1400146484375,269.6499938964844,253.5481414794922,4717955,0.0,0.0
2023-05-10,272.20001220703125,272.20001220703125,266.1000061035156,270.6099853515625,254.45083618164065,2721495,0.0,0.0
2023-05-11,270.2200012207031,273.9800109863281,268.010009765625,272.8599853515625,256.56646728515625,1675840,0.0,0.0
2023-05-12,272.989990234375,274.92999267578125,268.20001220703125,269.95001220703125,253.83026123046875,1868500,0.0,0.0
2023-05-15,270.6000061035156,273.5199890136719,267.2099914550781,268.1199951171875,252.1095123291016,3314115,0.0,0.0
2023-05-16,270.0,272.0599975585937,265.0,265.7200012207031,249.8528594970703,5037130,0.0,0.0
2023-05-17,265.79998779296875,270.1199951171875,265.0199890136719,268.8399963378906,252.78651428222656,1876620,0.0,0.0
2023-05-18,270.489990234375,271.3999938964844,265.8900146484375,269.2200012207031,253.143798828125,3189190,0.0,0.0
2023-05-19,271.3800048828125,271.3800048828125,266.6000061035156,267.8599853515625,251.8650054931641,3457825,0.0,0.0
2023-05-22,267.20001220703125,267.5799865722656,261.20001220703125,263.8599853515625,248.1038818359375,3724060,0.0,0.0
2023-05-23,264.7900085449219,276.07000732421875,264.07000732421875,272.6600036621094,256.37841796875,3621815,0.0,0.0
2023-05-24,272.5400085449219,278.0,271.239990234375,273.92999267578125,257.57257080078125,4991420,0.0,0.0
2023-05-25,273.92999267578125,277.6000061035156,271.6700134277344,275.07000732421875,258.6444702148437,2376370,0.0,0.0
2023-05-26,275.07000732421875,277.2300109863281,273.0,276.7200012207031,260.19598388671875,2622815,0.0,0.0
2023-05-29,277.6000061035156,284.67999267578125,276.7200012207031,281.760009765625,264.93505859375,5878845,0.0,0.0
2023-05-30,282.29998779296875,284.239990234375,281.1400146484375,283.3599853515625,266.4394226074219,3948785,0.0,0.0
2023-05-31,283.5299987792969,283.9800109863281,278.2799987792969,279.95001220703125,263.2331237792969,6080605,0.0,0.0
2023-06-01,279.95001220703125,283.70001220703125,279.95001220703125,282.04998779296875,265.20770263671875,2902875,0.0,0.0
2023-06-02,283.07000732421875,284.8399963378906,280.8399963378906,282.6700134277344,265.7906799316406,3680045,0.0,0.0
2023-06-05,284.20001220703125,285.42999267578125,279.5299987792969,280.19000244140625,263.45880126953125,2510040,0.0,0.0
2023-06-06,281.489990234375,283.95001220703125,277.1499938964844,281.7799987792969,264.95379638671875,1777200,0.0,0.0
2023-06-07,280.0,285.20001220703125,278.0,281.6700134277344,264.85040283203125,3799040,0.0,0.0
2023-06-08,282.6000061035156,289.79998779296875,280.0,282.19000244140625,265.3393249511719,4030580,0.0,0.0
2023-06-09,282.0,287.760009765625,281.79998779296875,283.44000244140625,266.51470947265625,2435880,0.0,0.0
2023-06-12,285.0,292.25,283.3999938964844,290.4700012207031,273.1249389648437,2951100,0.0,0.0
2023-06-13,291.6199951171875,292.20001220703125,287.0,288.67999267578125,271.4418029785156,3300860,0.0,0.0
2023-06-14,290.0,290.0,280.45001220703125,281.5599975585937,264.7469482421875,3617290,0.0,0.0
2023-06-15,282.79998779296875,284.0,280.79998779296875,282.8399963378906,265.9505310058594,2747890,0.0,0.0
2023-06-16,281.29998779296875,282.20001220703125,278.0199890136719,280.29998779296875,267.3430480957031,6897545,4.0,0.0
2023-06-19,294.6000061035156,300.17999267578125,290.5599975585937,293.9700012207031,280.3811340332031,15970295,0.0,0.0
2023-06-20,294.0,314.5400085449219,291.2099914550781,311.92999267578125,297.51092529296875,13814600,0.0,0.0
2023-06-21,343.1199951171875,358.7099914550781,335.0,346.8699951171875,330.8358154296875,67327115,0.0,0.0
2023-06-22,353.0,353.0,338.3399963378906,343.75,327.86004638671875,20695285,0.0,0.0
2023-06-23,338.6099853515625,341.7099914550781,328.3699951171875,335.3299865722656,319.8292541503906,26775580,0.0,0.0
2023-06-26,333.739990234375,342.69000244140625,328.45001220703125,340.6700134277344,324.92242431640625,9027690,0.0,0.0
2023-06-27,340.79998779296875,345.7099914550781,332.0,339.2300109863281,323.5489807128906,9250910,0.0,0.0
2023-06-28,342.0,343.6700134277344,337.8299865722656,340.20001220703125,324.4741516113281,9058510,0.0,0.0
2023-06-30,340.2200012207031,353.3900146484375,339.5599975585937,347.0400085449219,330.9979553222656,13348225,0.0,0.0
2023-07-03,350.5400085449219,355.5799865722656,348.6199951171875,351.5899963378906,335.337646484375,7848930,0.0,0.0
2023-07-04,354.3999938964844,358.6400146484375,348.0,355.5400085449219,339.1050720214844,8948575,0.0,0.0
2023-07-05,355.6000061035156,365.6000061035156,353.7799987792969,360.4500122070313,343.7880859375,13158105,0.0,0.0
2023-07-06,360.3200073242188,360.3200073242188,353.45001220703125,354.2699890136719,337.89373779296875,4616375,0.0,0.0
2023-07-07,355.0,355.79998779296875,342.3999938964844,343.7200012207031,327.8314514160156,6705130,0.0,0.0
2023-07-10,345.7900085449219,346.0799865722656,340.7699890136719,344.6400146484375,328.7088928222656,6425075,0.0,0.0
2023-07-11,345.9800109863281,355.510009765625,345.2300109863281,352.1400146484375,335.8622131347656,6085610,0.0,0.0
2023-07-12,352.0199890136719,363.5899963378906,351.94000244140625,361.1000061035156,344.4080810546875,6537300,0.0,0.0
2023-07-13,363.5,365.8399963378906,356.6000061035156,357.79998779296875,341.2605895996094,6218315,0.0,0.0
2023-07-14,360.0,362.2699890136719,354.5299987792969,356.7799987792969,340.2876892089844,4492200,0.0,0.0
2023-07-17,357.2200012207031,358.4100036621094,351.0400085449219,353.8999938964844,337.54083251953125,4223875,0.0,0.0
2023-07-18,355.760009765625,360.239990234375,354.0,356.8299865722656,340.3354187011719,7805875,0.0,0.0
2023-07-19,356.79998779296875,358.94000244140625,354.5599975585937,357.1499938964844,340.6405944824219,5968125,0.0,0.0
2023-07-20,357.0,359.70001220703125,355.6000061035156,356.57000732421875,340.0874938964844,2878425,0.0,0.0
2023-07-21,355.69000244140625,373.6300048828125,355.0,366.2999877929688,349.36767578125,15551270,0.0,0.0
2023-07-24,368.1600036621094,369.5899963378906,356.0,359.260009765625,342.6531066894531,30150490,0.0,0.0
2023-07-25,366.1799926757813,366.1900024414063,359.20001220703125,364.7000122070313,347.8416748046875,7020285,0.0,0.0
2023-07-26,365.2000122070313,367.0799865722656,361.739990234375,363.8299865722656,347.0118103027344,3995010,0.0,0.0
2023-07-27,367.6000061035156,369.8200073242188,357.3099975585937,362.3299865722656,345.5812072753906,11626560,0.0,0.0
2023-07-28,365.2099914550781,367.6600036621094,358.0,363.5700073242188,346.76385498046875,5905730,0.0,0.0
2023-07-31,366.2900085449219,379.6000061035156,363.6099853515625,378.6300048828125,361.1277160644531,7778860,0.0,0.0
2023-08-01,378.6300048828125,380.2000122070313,369.0,370.739990234375,353.6024475097656,5345210,0.0,0.0
2023-08-02,372.0,373.25,360.3299865722656,366.6300048828125,349.6824035644531,7630985,0.0,0.0
2023-08-03,365.7999877929688,367.7200012207031,358.29998779296875,363.6900024414063,346.8782958984375,3816705,0.0,0.0
2023-08-04,365.0,368.739990234375,360.4100036621094,367.3999938964844,350.41680908203125,5455600,0.0,0.0
2023-08-07,368.1799926757813,372.0,366.6300048828125,370.9599914550781,353.8122863769531,4926185,0.0,0.0
2023-08-08,370.9800109863281,374.9500122070313,368.0,372.2799987792969,355.0712890625,9859755,0.0,0.0
2023-08-09,374.6000061035156,375.1799926757813,368.0,369.7799987792969,352.68682861328125,6340300,0.0,0.0
2023-08-10,370.9299926757813,374.7799987792969,368.0,370.1400146484375,353.0302124023437,5397960,0.0,0.0
2023-08-11,370.0,370.010009765625,360.8200073242188,361.5899963378906,344.8753967285156,5133290,0.0,0.0
2023-08-14,361.5899963378906,363.8599853515625,354.9100036621094,362.7099914550781,345.9436340332031,4598320,0.0,0.0
2023-08-16,362.760009765625,363.3299865722656,352.0199890136719,359.20001220703125,342.59588623046875,9040420,0.0,0.0
2023-08-17,362.3900146484375,374.0,362.3900146484375,368.8800048828125,351.828369140625,6805160,0.0,0.0
2023-08-18,370.3999938964844,370.3999938964844,361.6099853515625,364.0899963378906,347.2597961425781,4286650,0.0,0.0
2023-08-21,364.0,371.0,362.9299926757813,368.6499938964844,351.6090393066406,6865250,0.0,0.0
2023-08-22,370.7900085449219,370.7900085449219,366.1400146484375,369.010009765625,351.9524230957031,4892080,0.0,0.0
2023-08-23,369.7999877929688,371.2699890136719,364.2300109863281,370.4400024414063,353.3163146972656,2475480,0.0,0.0
2023-08-24,371.0,386.3500061035156,371.0,375.1000061035156,357.76092529296875,8085270,0.0,0.0
2023-08-25,373.0,375.9400024414063,367.3999938964844,372.8299865722656,355.5957946777344,4806385,0.0,0.0
2023-08-28,373.989990234375,374.1900024414063,369.2300109863281,372.3699951171875,355.1570739746094,4670145,0.0,0.0
2023-08-29,373.3999938964844,375.6000061035156,369.3599853515625,374.4500122070313,357.1409606933594,2919905,0.0,0.0
2023-08-30,374.3999938964844,384.0,373.55999755859375,376.8200073242188,359.4013671875,3644915,0.0,0.0
2023-08-31,379.0,387.7999877929688,377.8200073242188,385.6600036621094,367.832763671875,12639870,0.0,0.0
2023-09-01,386.0,387.1900024414063,381.3699951171875,382.4100036621094,364.7329711914063,3756035,0.0,0.0
2023-09-04,383.3999938964844,389.0,377.8500061035156,378.7799987792969,361.2707824707031,7899565,0.0,0.0
2023-09-05,380.760009765625,385.989990234375,376.0400085449219,382.7000122070313,365.0095825195313,6793595,0.0,0.0
2023-09-06,383.9800109863281,385.3999938964844,376.3999938964844,378.5199890136719,361.0227661132813,6908360,0.0,0.0
2023-09-07,379.0,380.1600036621094,374.1300048828125,378.739990234375,361.2326049804688,6035475,0.0,0.0
2023-09-08,382.0,391.989990234375,380.55999755859375,390.7699890136719,372.7065124511719,7287555,0.0,0.0
2023-09-11,394.3599853515625,394.3599853515625,387.6300048828125,391.4400024414063,373.3455810546875,6565460,0.0,0.0
2023-09-12,393.9700012207031,393.9700012207031,378.2699890136719,382.2300109863281,364.5613708496094,6903070,0.0,0.0
2023-09-13,380.4100036621094,384.0,375.4400024414063,382.0700073242188,364.4086608886719,6517920,0.0,0.0
2023-09-14,384.0,385.5499877929688,381.1199951171875,383.0799865722656,365.3719787597656,5225585,0.0,0.0
2023-09-15,385.5899963378906,386.7300109863281,381.2000122070313,384.4500122070313,366.6786804199219,6773145,0.0,0.0
2023-09-18,383.2300109863281,384.9200134277344,380.2900085449219,382.5,364.8188171386719,3166810,0.0,0.0
2023-09-20,380.0,389.0,378.5899963378906,383.5799865722656,365.848876953125,4028295,0.0,0.0
2023-09-21,382.9400024414063,384.7999877929688,378.2000122070313,380.05999755859375,362.4916076660156,2504980,0.0,0.0
2023-09-22,380.05999755859375,385.9400024414063,376.2000122070313,378.1900024414063,360.7080383300781,2804785,0.0,0.0
2023-09-25,378.1900024414063,391.8699951171875,372.1300048828125,389.1099853515625,371.1232299804688,10327105,0.0,0.0
2023-09-26,388.3999938964844,388.6199951171875,374.2000122070313,376.9200134277344,359.4967956542969,5973300,0.0,0.0
2023-09-27,379.6000061035156,382.6799926757813,376.0499877929688,378.4800109863281,360.984619140625,3216495,0.0,0.0
2023-09-28,381.8599853515625,382.4800109863281,371.2699890136719,374.2900085449219,356.98834228515625,21636670,0.0,0.0
2023-09-29,374.5400085449219,386.1900024414063,373.1199951171875,383.8699951171875,366.12548828125,6908925,0.0,0.0
2023-10-03,387.6000061035156,387.9800109863281,376.2000122070313,384.3900146484375,366.6214599609375,11039535,0.0,0.0
2023-10-04,381.7999877929688,383.989990234375,368.2999877929688,370.1199951171875,353.01104736328125,6700835,0.0,0.0
2023-10-05,370.3999938964844,374.5899963378906,364.6000061035156,367.5,350.51220703125,7397385,0.0,0.0
2023-10-06,370.1900024414063,372.6000061035156,367.0,369.7699890136719,352.6772766113281,6311950,0.0,0.0
2023-10-09,368.010009765625,368.1700134277344,360.7300109863281,364.1799926757813,347.3456726074219,5354120,0.0,0.0
2023-10-10,368.0,379.3500061035156,363.0400085449219,378.5700073242188,361.0704956054688,8377560,0.0,0.0
2023-10-11,381.4100036621094,384.1000061035156,377.1099853515625,379.7200012207031,362.1672973632813,4561415,0.0,0.0
2023-10-12,381.7099914550781,381.7099914550781,375.0,375.6199951171875,358.2568359375,3313985,0.0,0.0
2023-10-13,374.9700012207031,377.3500061035156,374.0799865722656,376.1900024414063,358.80047607421875,2983920,0.0,0.0
2023-10-16,376.1900024414063,377.0,371.1199951171875,373.510009765625,356.24444580078125,2463960,0.0,0.0
2023-10-17,375.6900024414063,378.5799865722656,374.3999938964844,377.6900024414063,360.2311706542969,3378270,0.0,0.0
2023-10-18,377.6799926757813,378.1700134277344,370.510009765625,373.239990234375,355.9868469238281,2524565,0.0,0.0
2023-10-19,367.3999938964844,378.0,364.6900024414063,375.7699890136719,358.39990234375,3099700,0.0,0.0
2023-10-20,375.2999877929688,377.1499938964844,373.2000122070313,375.3399963378906,357.98980712890625,2206225,0.0,0.0
2023-10-23,374.9599914550781,383.2000122070313,373.2000122070313,376.0,358.61932373046875,10365280,0.0,0.0
2023-10-25,374.30999755859375,377.3699951171875,358.3999938964844,363.2300109863281,346.4395751953125,6849205,0.0,0.0
2023-10-26,363.2300109863281,363.7699890136719,352.1700134277344,359.5199890136719,342.90106201171875,4792965,0.0,0.0
2023-10-27,370.2000122070313,405.9400024414063,370.2000122070313,387.0400085449219,369.1490173339844,25056665,0.0,0.0
2023-10-30,387.0,387.0400085449219,373.0499877929688,378.4400024414063,360.9464721679688,10187990,0.0,0.0
2023-10-31,380.3999938964844,381.3900146484375,374.1400146484375,375.9700012207031,358.5906982421875,8455335,0.0,0.0
2023-11-01,376.7999877929688,381.3999938964844,375.2300109863281,380.4500122070313,362.8636169433594,3794295,0.0,0.0
2023-11-02,382.7000122070313,393.0,380.55999755859375,390.9700012207031,372.8973388671875,4288760,0.0,0.0
2023-11-03,392.5,405.5899963378906,390.4100036621094,402.7099914550781,384.0946350097656,9322270,0.0,0.0
2023-11-06,401.7900085449219,402.4800109863281,396.3999938964844,398.2999877929688,383.69964599609375,5634155,4.0,0.0
2023-11-07,399.9800109863281,401.0799865722656,390.8500061035156,397.4400024414063,382.87115478515625,8807090,0.0,0.0
2023-11-08,397.4400024414063,398.5299987792969,394.25,395.9299926757813,381.4164733886719,3525375,0.0,0.0
2023-11-09,394.0,394.0,388.0,388.6799926757813,374.4322509765625,4975345,0.0,0.0
2023-11-10,388.0,393.1900024414063,385.3800048828125,390.4400024414063,376.1277770996094,2430100,0.0,0.0
2023-11-13,391.4800109863281,394.6000061035156,386.0400085449219,393.55999755859375,379.1333618164063,2779500,0.0,0.0
2023-11-15,397.0499877929688,408.239990234375,395.0199890136719,407.1499938964844,392.2252502441406,6346865,0.0,0.0
2023-11-16,407.3599853515625,410.2000122070313,403.1000061035156,407.1499938964844,392.2252502441406,3184495,0.0,0.0
2023-11-17,403.7900085449219,403.7900085449219,396.2200012207031,398.9599914550781,384.3354187011719,5468870,0.0,0.0
2023-11-20,399.0,401.9599914550781,395.55999755859375,397.7900085449219,383.2083435058594,2862980,0.0,0.0
2023-11-21,400.0,403.9599914550781,396.0400085449219,399.9700012207031,385.3084106445313,5089455,0.0,0.0
2023-11-22,400.989990234375,402.0,390.6499938964844,395.4200134277344,380.92523193359375,2639075,0.0,0.0
2023-11-23,395.6000061035156,399.7799987792969,394.0,394.9700012207031,380.49169921875,1529325,0.0,0.0
2023-11-24,394.9700012207031,396.0,388.2200012207031,389.5,375.2222290039063,2379295,0.0,0.0
2023-11-28,390.3599853515625,394.0,386.9100036621094,393.1400146484375,378.7288208007813,3604165,0.0,0.0
2023-11-29,393.1400146484375,396.2799987792969,392.0,394.8699951171875,380.3953247070313,3299720,0.0,0.0
2023-11-30,394.6099853515625,404.0,394.260009765625,401.4400024414063,386.72454833984375,11002290,0.0,0.0
2023-12-01,402.7999877929688,405.9800109863281,399.3999938964844,400.6499938964844,385.9634704589844,3034950,0.0,0.0
2023-12-04,405.0,421.6000061035156,401.4500122070313,418.8900146484375,403.534912109375,9360830,0.0,0.0
2023-12-05,418.8900146484375,419.7699890136719,408.6099853515625,413.989990234375,398.814453125,8296900,0.0,0.0
2023-12-06,415.3999938964844,416.8200073242188,409.0,411.1400146484375,396.0690002441406,3598450,0.0,0.0
2023-12-07,412.1900024414063,414.0,406.0,406.9599914550781,392.0422058105469,3904160,0.0,0.0
2023-12-08,410.0,411.5,402.9400024414063,406.3200073242188,391.4256591796875,4218365,0.0,0.0
2023-12-11,406.3200073242188,413.5799865722656,403.0899963378906,409.4200134277344,394.41204833984375,4948465,0.0,0.0
2023-12-12,413.0,413.0,397.6099853515625,399.0499877929688,384.422119140625,7159045,0.0,0.0
2023-12-13,401.989990234375,402.3399963378906,395.2099914550781,399.05999755859375,384.4317626953125,7973270,0.0,0.0
2023-12-14,401.2000122070313,426.0,401.0199890136719,423.6600036621094,408.1300048828125,11924520,0.0,0.0
2023-12-15,423.3999938964844,424.3200073242188,414.0199890136719,415.5400085449219,400.30767822265625,11228265,0.0,0.0
2023-12-18,415.3599853515625,415.7099914550781,408.5799865722656,409.6000061035156,394.5854187011719,4203410,0.0,0.0
2023-12-19,411.760009765625,416.5299987792969,408.0,411.9100036621094,396.810791015625,11070960,0.0,0.0
2023-12-20,412.2000122070313,422.3900146484375,398.0,399.75,385.0964965820313,9435625,0.0,0.0
2023-12-21,399.4599914550781,409.5799865722656,394.3999938964844,403.3699951171875,388.5838012695313,9405990,0.0,0.0
2023-12-22,405.9800109863281,413.7999877929688,403.2999877929688,411.0899963378906,396.0207824707031,6928875,0.0,0.0
2023-12-26,414.3999938964844,415.3599853515625,405.6199951171875,407.1499938964844,392.2252502441406,4822975,0.0,0.0
2023-12-27,408.2099914550781,413.1000061035156,407.1600036621094,409.9800109863281,394.9514770507813,3750095,0.0,0.0
2023-12-28,412.9599914550781,412.9599914550781,407.2200012207031,409.1300048828125,394.1326599121094,3288345,0.0,0.0
2023-12-29,410.5,413.6000061035156,407.5899963378906,410.6600036621094,395.6065673828125,5291010,0.0,0.0
2024-01-01,411.1099853515625,412.0,408.2200012207031,409.7699890136719,394.7491760253906,1523610,0.0,0.0
2024-01-02,410.0,411.9500122070313,403.2000122070313,406.010009765625,391.12701416015625,5389635,0.0,0.0
2024-01-03,407.0,419.6000061035156,405.7999877929688,418.010009765625,402.6871032714844,6787670,0.0,0.0
2024-01-04,420.0,430.5,418.0400085449219,429.6300048828125,413.8811950683594,7695105,0.0,0.0
2024-01-05,430.6000061035156,435.3500061035156,423.8900146484375,434.4800109863281,418.5534362792969,8114435,0.0,0.0
2024-01-08,436.7999877929688,445.0,432.7099914550781,439.2699890136719,423.1678161621094,7487975,0.0,0.0
2024-01-09,441.3200073242188,444.6099853515625,430.1199951171875,433.5700073242188,417.6767578125,5463445,0.0,0.0
2024-01-10,436.0,437.5700073242188,427.1400146484375,430.0,414.2376403808594,2470725,0.0,0.0
2024-01-11,443.5899963378906,457.9700012207031,440.7999877929688,455.9500122070313,439.23638916015625,14663945,0.0,0.0
2024-01-12,458.55999755859375,460.6199951171875,452.0199890136719,458.55999755859375,441.7506713867188,5187280,0.0,0.0
2024-01-15,458.55999755859375,458.55999755859375,458.55999755859375,458.55999755859375,441.7506713867188,0,0.0,0.0
2024-01-16,465.0,466.989990234375,459.010009765625,461.9400024414063,445.0068054199219,6647950,0.0,0.0
2024-01-17,458.7999877929688,463.5700073242188,448.0,457.6000061035156,440.825927734375,5308645,0.0,0.0
2024-01-18,454.2000122070313,457.4599914550781,439.30999755859375,451.0799865722656,434.5448913574219,7883550,0.0,0.0
2024-01-19,454.2000122070313,464.3900146484375,454.2000122070313,460.3699951171875,443.494384765625,5296785,0.0,0.0
2024-01-23,457.4100036621094,462.7900085449219,449.5199890136719,455.8999938964844,439.1882019042969,10999270,0.0,0.0
2024-01-24,446.7699890136719,463.0,441.9100036621094,460.489990234375,443.6099243164063,8501730,0.0,0.0
2024-01-25,463.55999755859375,470.5899963378906,458.3999938964844,461.4299926757813,444.5154724121094,5327820,0.0,0.0
2024-01-29,486.3999938964844,488.3999938964844,460.4299926757813,481.7999877929688,464.1388244628906,17895075,0.0,0.0
2024-01-30,481.7999877929688,499.30999755859375,481.7999877929688,490.5899963378906,472.6065673828125,14238795,0.0,0.0
2024-01-31,490.0,495.9200134277344,480.1000061035156,493.3599853515625,475.2750549316406,9573360,0.0,0.0
2024-02-01,482.2000122070313,487.7900085449219,477.7200012207031,479.4400024414063,461.86529541015625,10601720,0.0,0.0
2024-02-02,479.5,484.2300109863281,477.1199951171875,481.1000061035156,463.4644470214844,4405185,0.0,0.0
2024-02-05,483.7999877929688,486.4800109863281,469.4400024414063,471.4200134277344,454.1392517089844,1993400,0.0,0.0
2024-02-06,472.0,480.7799987792969,464.7300109863281,479.2900085449219,463.6880187988281,7511415,2.0,0.0
2024-02-07,479.5899963378906,491.8299865722656,479.2900085449219,482.7300109863281,467.0160217285156,5230250,0.0,0.0
2024-02-08,485.0,485.0,468.1600036621094,469.5899963378906,454.3036804199219,4430985,0.0,0.0
2024-02-09,469.5899963378906,470.80999755859375,458.2999877929688,466.8200073242188,451.6239318847656,2903050,0.0,0.0
2024-02-12,467.0,470.5899963378906,450.9700012207031,452.4500122070313,437.72174072265625,2845040,0.0,0.0
2024-02-13,453.3999938964844,468.7000122070313,447.0499877929688,466.1300048828125,450.9564208984375,8984610,0.0,0.0
2024-02-14,457.0,480.9200134277344,456.0400085449219,478.6600036621094,463.0784912109375,3686385,0.0,0.0
2024-02-15,487.4400024414063,492.6799926757813,482.3999938964844,487.5199890136719,471.6500854492188,5721585,0.0,0.0
2024-02-16,488.0,491.9599914550781,486.7699890136719,489.8800048828125,473.9332885742188,4596560,0.0,0.0
2024-02-19,489.8800048828125,492.3900146484375,483.30999755859375,487.9800109863281,472.09515380859375,3451410,0.0,0.0
2024-02-20,487.9800109863281,488.9700012207031,479.05999755859375,483.3299865722656,467.5964965820313,4396705,0.0,0.0
2024-02-21,482.760009765625,483.010009765625,469.010009765625,471.1900024414063,455.8516540527344,3665875,0.0,0.0
2024-02-22,471.8200073242188,479.9400024414063,466.6099853515625,479.0400085449219,463.4461364746094,2571220,0.0,0.0
2024-02-23,479.7000122070313,491.3999938964844,477.6199951171875,489.0899963378906,473.1689758300781,5723325,0.0,0.0
2024-02-26,489.9800109863281,507.0,489.5899963378906,497.0299987792969,480.8505554199219,5989015,0.0,0.0
2024-02-27,495.0,501.8699951171875,451.3999938964844,474.4800109863281,459.0345764160156,20513770,0.0,0.0
2024-02-28,478.3999938964844,487.5899963378906,461.5799865722656,469.760009765625,454.4682312011719,11119410,0.0,0.0
2024-02-29,479.7999877929688,491.0199890136719,470.2300109863281,487.7200012207031,471.8435668945313,20232355,0.0,0.0
2024-03-01,493.8999938964844,494.7699890136719,487.0,490.0899963378906,474.1364135742188,5500370,0.0,0.0
2024-03-04,492.0,493.0,483.7999877929688,489.2999877929688,473.37213134765625,2666695,0.0,0.0
2024-03-05,482.2000122070313,491.1700134277344,482.2000122070313,486.2999877929688,470.4697570800781,6190170,0.0,0.0
2024-03-06,488.7999877929688,490.6000061035156,469.7799987792969,474.9200134277344,459.4602661132813,6744720,0.0,0.0
2024-03-07,474.9200134277344,491.0799865722656,474.9200134277344,489.9100036621094,473.9622802734375,5963990,0.0,0.0
2024-03-11,489.2000122070313,499.9800109863281,484.1300048828125,496.1900024414063,480.0378723144531,11377355,0.0,0.0
2024-03-12,496.7999877929688,496.7999877929688,482.0400085449219,484.3500061035156,468.583251953125,7206710,0.0,0.0
2024-03-13,486.9800109863281,487.9400024414063,460.0199890136719,464.2799987792969,449.1665649414063,8118855,0.0,0.0
2024-03-14,463.0,465.5899963378906,453.2300109863281,458.2999877929688,443.3812255859375,10111785,0.0,0.0
2024-03-15,458.7999877929688,463.0,450.2000122070313,453.3599853515625,438.6020812988281,7257360,0.0,0.0
2024-03-18,453.0,466.5799865722656,452.9500122070313,461.7900085449219,446.7576904296875,5870405,0.0,0.0
2024-03-19,464.6000061035156,468.5799865722656,455.510009765625,457.3999938964844,442.5105590820313,6619825,0.0,0.0
2024-03-20,458.0,465.5799865722656,456.0,462.8399963378906,447.7734375,4526425,0.0,0.0
2024-03-21,464.5400085449219,470.989990234375,458.0,462.1600036621094,447.1156311035156,8698620,0.0,0.0
2024-03-22,467.7999877929688,471.739990234375,461.0299987792969,466.1400146484375,450.966064453125,6367775,0.0,0.0
2024-03-26,456.2000122070313,477.8800048828125,455.989990234375,474.510009765625,459.0635986328125,10693585,0.0,0.0
2024-03-27,482.0,486.0,469.0,477.2699890136719,461.7337341308594,77232200,0.0,0.0
2024-03-28,474.80999755859375,478.9100036621094,467.6499938964844,471.9599914550781,456.59661865234375,11625440,0.0,0.0
2024-04-01,474.2000122070313,487.3999938964844,473.2099914550781,486.3500061035156,470.5182189941406,4228910,0.0,0.0
2024-04-02,486.0,494.260009765625,485.989990234375,493.1900024414063,477.135498046875,4433110,0.0,0.0
2024-04-03,495.3999938964844,513.3599853515625,491.760009765625,511.2900085449219,494.6463012695313,11588495,0.0,0.0
2024-04-04,514.989990234375,514.989990234375,497.2000122070313,499.8599853515625,483.58837890625,7019985,0.0,0.0
2024-04-05,502.1099853515625,506.3999938964844,499.6199951171875,503.7699890136719,487.3711242675781,3253480,0.0,0.0
2024-04-08,508.5899963378906,516.0599975585938,505.3999938964844,513.8400268554688,497.11334228515625,3678905,0.0,0.0
2024-04-09,518.0,521.1300048828125,504.6199951171875,510.0799865722656,493.4757080078125,4766875,0.0,0.0
2024-04-10,511.989990234375,513.25,503.8999938964844,505.6099853515625,489.1511840820313,3504425,0.0,0.0
2024-04-12,503.989990234375,503.989990234375,495.7799987792969,497.1199951171875,480.9375915527344,4144555,0.0,0.0
2024-04-15,498.6000061035156,498.6000061035156,481.6099853515625,482.9299926757813,467.2095031738281,4750690,0.0,0.0
2024-04-16,480.0,484.7999877929688,473.6700134277344,480.1499938964844,464.5199890136719,4033025,0.0,0.0
2024-04-18,483.9800109863281,488.4500122070313,472.2200012207031,474.2900085449219,458.8507690429688,6791185,0.0,0.0
2024-04-19,469.9700012207031,475.7300109863281,465.0199890136719,473.30999755859375,457.9026794433594,4797160,0.0,0.0
2024-04-22,478.0,486.4599914550781,474.7999877929688,484.9299926757813,469.1443786621094,3489700,0.0,0.0
2024-04-23,488.3900146484375,491.2799987792969,483.4200134277344,485.3900146484375,469.5894470214844,2892585,0.0,0.0
2024-04-24,485.3999938964844,496.3399963378906,483.6000061035156,492.2099914550781,476.1874084472656,8459300,0.0,0.0
2024-04-25,491.7999877929688,500.8599853515625,484.4500122070313,498.3699951171875,482.14691162109375,14587660,0.0,0.0
2024-04-26,502.5,507.3900146484375,467.3999938964844,499.7200012207031,483.4529724121094,20810260,0.0,0.0
2024-04-29,513.989990234375,515.3900146484375,486.0499877929688,498.4400024414063,482.214599609375,11904615,0.0,0.0
2024-04-30,498.6000061035156,515.760009765625,496.7999877929688,510.3399963378906,493.7272338867188,13426225,0.0,0.0
2024-05-02,509.30999755859375,519.7999877929688,507.0,516.4199829101562,499.609375,9243475,0.0,0.0
2024-05-03,520.0,531.5999755859375,515.030029296875,517.7100219726562,500.85736083984375,7622145,0.0,0.0
2024-05-06,520.0,521.7899780273438,499.7699890136719,509.510009765625,492.92425537109375,4326785,0.0,0.0
2024-05-07,509.510009765625,513.0,488.3299865722656,497.1600036621094,480.9762878417969,7825870,0.0,0.0
2024-05-08,496.7000122070313,499.6000061035156,486.5499877929688,489.6000061035156,473.6623840332031,7324775,0.0,0.0
2024-05-09,489.6000061035156,494.8299865722656,470.8399963378906,472.1799926757813,456.8094177246094,4104015,0.0,0.0
2024-05-10,474.7999877929688,481.3399963378906,466.2200012207031,468.8699951171875,453.6072082519531,10984650,0.0,0.0
2024-05-13,469.0,470.9299926757813,455.75,460.3599853515625,445.3742065429688,8390345,0.0,0.0
2024-05-14,469.0,483.5700073242188,463.3599853515625,466.0700073242188,450.8983154296875,12376035,0.0,0.0
2024-05-15,467.6000061035156,468.3999938964844,460.6099853515625,464.0,448.8956909179688,4269680,0.0,0.0
2024-05-16,467.3999938964844,469.1600036621094,453.0,467.739990234375,452.5139465332031,12445545,0.0,0.0
2024-05-17,468.7999877929688,477.3299865722656,464.2000122070313,474.3200073242188,458.8797607421875,4729135,0.0,0.0
2024-05-21,474.0,477.8999938964844,469.7300109863281,474.6499938964844,459.1990661621094,3935580,0.0,0.0
2024-05-22,474.6499938964844,475.9700012207031,466.4200134277344,467.3500061035156,452.13665771484375,3465540,0.0,0.0
2024-05-23,469.2000122070313,481.9400024414063,465.7000122070313,480.0899963378906,464.46197509765625,5512760,0.0,0.0
2024-05-24,479.9700012207031,485.7900085449219,472.5400085449219,479.5,463.8911743164063,4877325,0.0,0.0
2024-05-27,482.0,484.7000122070313,475.2000122070313,476.0,460.5050964355469,3398210,0.0,0.0
2024-05-28,478.0,486.6000061035156,475.0,478.739990234375,463.1559143066406,6493910,0.0,0.0
2024-05-29,475.010009765625,479.5299987792969,471.6000061035156,474.9299926757813,459.4699096679688,2197930,0.0,0.0
2024-05-30,473.2000122070313,476.0,458.3999938964844,460.5400085449219,445.5484008789063,6688165,0.0,0.0
2024-05-31,463.7799987792969,477.4700012207031,462.7300109863281,470.80999755859375,455.4840698242188,12916455,0.0,0.0
2024-06-03,490.0,509.3900146484375,485.0499877929688,501.8299865722656,485.4942321777344,15161795,0.0,0.0
2024-06-04,508.0,508.0,438.6000061035156,452.1400146484375,437.4217834472656,17788625,0.0,0.0
2024-06-05,448.3800048828125,479.5799865722656,446.0,477.489990234375,461.946533203125,7114095,0.0,0.0
2024-06-06,486.0,507.0,480.010009765625,494.9599914550781,478.847900390625,10501485,0.0,0.0
2024-06-07,495.8699951171875,501.3900146484375,492.010009765625,499.5899963378906,483.3271484375,3706890,0.0,0.0
2024-06-10,502.0,510.5,497.0400085449219,503.8200073242188,487.4194641113281,4849020,0.0,0.0
2024-06-11,502.989990234375,510.4100036621094,498.0,506.6000061035156,490.1089477539063,4681350,0.0,0.0
2024-06-12,506.9500122070313,516.6900024414062,506.1099853515625,513.3900146484375,496.6779479980469,3510365,0.0,0.0
2024-06-13,518.4000244140625,539.530029296875,516.219970703125,536.8599853515625,519.3839721679688,10022455,0.0,0.0
2024-06-14,542.4000244140625,549.4000244140625,539.010009765625,546.4299926757812,528.6424560546875,15318425,0.0,0.0
2024-06-18,549.7899780273438,568.22998046875,546.469970703125,565.9500122070312,547.5269775390625,12393205,0.0,0.0
2024-06-19,565.9600219726562,566.2000122070312,552.0,558.25,540.07763671875,9175135,0.0,0.0
2024-06-20,560.9099731445312,570.9000244140625,552.9500122070312,561.0399780273438,542.77685546875,6948810,0.0,0.0
2024-06-21,562.0,568.4000244140625,559.0,564.3300170898438,545.9597778320312,9672340,0.0,0.0
2024-06-24,563.8599853515625,578.0,555.969970703125,576.4500122070312,557.6852416992188,5367855,0.0,0.0
2024-06-25,576.6500244140625,600.0,572.3300170898438,597.969970703125,578.504638671875,15844875,0.0,0.0
2024-06-26,597.1599731445312,611.8900146484375,591.719970703125,597.8099975585938,578.349853515625,9032225,0.0,0.0
2024-06-27,597.4099731445312,599.3300170898438,584.7899780273438,590.2100219726562,570.9972534179688,12298175,0.0,0.0
2024-06-28,590.2100219726562,593.8599853515625,580.0,582.2999877929688,563.3447875976562,6005455,0.0,0.0
2024-07-01,580.4099731445312,588.4000244140625,580.4099731445312,584.8499755859375,565.8118286132812,6673330,0.0,0.0
2024-07-02,585.4000244140625,588.0,563.1300048828125,564.97998046875,546.5885009765625,12638725,0.0,0.0
2024-07-03,568.0,577.0,561.1099853515625,570.0900268554688,551.5322875976562,7945600,0.0,0.0
2024-07-04,573.5900268554688,573.5999755859375,564.0,566.75,548.3009643554688,3958315,0.0,0.0
2024-07-05,567.0,574.4500122070312,562.8599853515625,573.1699829101562,554.5119018554688,6163345,0.0,0.0
2024-07-08,571.2000122070312,571.2000122070312,559.219970703125,561.6199951171875,543.3379516601562,4065755,0.0,0.0
2024-07-09,561.780029296875,562.7899780273438,555.030029296875,558.4000244140625,540.2228393554688,6359760,0.0,0.0
2024-07-10,558.7899780273438,560.9299926757812,541.0,552.4199829101562,534.4373779296875,8300735,0.0,0.0
2024-07-11,552.4199829101562,557.0900268554688,542.8300170898438,547.7999877929688,529.9678344726562,5689115,0.0,0.0
2024-07-12,550.0,572.0,550.0,558.8800048828125,540.6871337890625,9030805,0.0,0.0
2024-07-15,562.5999755859375,577.7999877929688,561.4400024414062,576.4600219726562,557.6949462890625,7400215,0.0,0.0
2024-07-16,577.3800048828125,580.0,560.4000244140625,562.7000122070312,544.3827514648438,4907090,0.0,0.0
2024-07-18,555.4000244140625,574.7899780273438,555.4000244140625,573.4600219726562,554.7925415039062,4119020,0.0,0.0
2024-07-19,572.0,575.1699829101562,557.8699951171875,562.1699829101562,543.8701171875,3677715,0.0,0.0
2024-07-22,559.97998046875,569.5900268554688,552.8099975585938,565.47998046875,547.072265625,2717785,0.0,0.0
2024-07-23,565.4000244140625,565.4000244140625,532.6799926757812,547.8400268554688,532.8333740234375,12227465,3.0,0.0
2024-07-24,547.7999877929688,552.0,533.0599975585938,544.8499755859375,529.9251708984375,5130575,0.0,0.0
2024-07-25,539.9000244140625,542.0,527.0999755859375,535.7999877929688,521.1231689453125,10445410,0.0,0.0
2024-07-26,541.1599731445312,608.7999877929688,538.0,585.0,568.9754638671875,32196680,0.0,0.0
2024-07-29,594.0,607.1500244140625,581.0,588.5999755859375,572.4767456054688,12753435,0.0,0.0
2024-07-30,588.5999755859375,596.280029296875,578.4000244140625,582.4099731445312,566.4564208984375,9486875,0.0,0.0
2024-07-31,586.780029296875,589.4099731445312,583.2100219726562,586.3900146484375,570.3273315429688,4655790,0.0,0.0
2024-08-01,586.5800170898438,599.7999877929688,583.989990234375,597.8499755859375,581.473388671875,8859720,0.0,0.0
2024-08-02,589.0,604.5800170898438,584.0,598.4199829101562,582.02783203125,8905205,0.0,0.0
2024-08-05,575.2000122070312,588.3699951171875,561.6199951171875,578.2899780273438,562.4492797851562,9480440,0.0,0.0
2024-08-06,584.030029296875,588.0900268554688,565.0,567.3599853515625,551.818603515625,5917390,0.0,0.0
2024-08-07,578.02001953125,586.4199829101562,574.1099853515625,585.010009765625,568.9851684570312,3986695,0.0,0.0
2024-08-08,584.0,584.0,571.719970703125,574.4400024414062,558.7046508789062,4434050,0.0,0.0
2024-08-09,582.0,594.6699829101562,576.02001953125,591.6199951171875,575.4141235351562,4568775,0.0,0.0
2024-08-12,589.989990234375,603.0,585.52001953125,595.219970703125,578.9154663085938,5709795,0.0,0.0
2024-08-13,596.0,599.0900268554688,572.0999755859375,578.27001953125,562.4298095703125,7249815,0.0,0.0
2024-08-14,580.2000122070312,583.3200073242188,572.7999877929688,579.02001953125,563.1592407226562,3626125,0.0,0.0
2024-08-16,582.5999755859375,598.3800048828125,580.4099731445312,596.2999877929688,579.9659423828125,4976095,0.0,0.0
2024-08-19,605.5999755859375,617.0,602.6099853515625,615.1199951171875,598.2703247070312,9092170,0.0,0.0
2024-08-20,623.5999755859375,635.4000244140625,610.4600219726562,631.969970703125,614.6588134765625,12149555,0.0,0.0
2024-08-21,627.989990234375,638.0,623.3699951171875,631.8099975585938,614.5032958984375,5227030,0.0,0.0
2024-08-22,633.0,633.3900146484375,624.6599731445312,628.719970703125,611.4978637695312,4610695,0.0,0.0
2024-08-23,632.0,632.4600219726562,623.5399780273438,625.3099975585938,608.1812744140625,2466965,0.0,0.0
2024-08-26,628.0,635.9500122070312,622.2000122070312,632.4299926757812,615.1061401367188,3366050,0.0,0.0
2024-08-27,630.780029296875,653.780029296875,623.2000122070312,645.8900146484375,628.1974487304688,9915805,0.0,0.0
2024-08-28,645.0,649.5999755859375,638.3499755859375,640.3699951171875,622.8286743164062,3352220,0.0,0.0
2024-08-29,639.7999877929688,652.4000244140625,634.9099731445312,640.0999755859375,622.5661010742188,5976425,0.0,0.0
2024-08-30,640.1500244140625,644.8800048828125,635.4000244140625,640.9000244140625,623.3441772460938,11026125,0.0,0.0
2024-09-02,643.989990234375,651.6799926757812,642.8099975585938,645.0499877929688,627.3805541992188,3165735,0.0,0.0
2024-09-03,642.2000122070312,656.6099853515625,638.010009765625,654.3200073242188,636.3965454101562,7181415,0.0,0.0
2024-09-04,647.4099731445312,656.3900146484375,645.2000122070312,648.7899780273438,631.01806640625,3467420,0.0,0.0
2024-09-05,649.3900146484375,658.7999877929688,645.8300170898438,649.0999755859375,631.319580078125,3368300,0.0,0.0
2024-09-06,650.780029296875,653.3900146484375,644.0399780273438,647.1300048828125,629.403564453125,3058060,0.0,0.0
2024-09-09,658.0,664.6400146484375,643.219970703125,663.1400146484375,644.9749755859375,8095085,0.0,0.0
2024-09-10,665.5800170898438,667.5800170898438,646.030029296875,652.010009765625,634.1498413085938,6190070,0.0,0.0
2024-09-11,653.010009765625,659.5999755859375,650.8200073242188,655.97998046875,638.0111083984375,2946285,0.0,0.0
2024-09-12,660.0,682.47998046875,659.1099853515625,680.1500244140625,661.5191040039062,9163615,0.0,0.0
2024-09-13,679.9400024414062,685.0,673.0,673.6500244140625,655.1970825195312,4786700,0.0,0.0
2024-09-16,675.5999755859375,687.969970703125,672.52001953125,683.7899780273438,665.059326171875,4724820,0.0,0.0
2024-09-17,683.0,693.3499755859375,681.489990234375,684.9199829101562,666.1582641601562,8030320,0.0,0.0
2024-09-18,688.9000244140625,717.989990234375,688.0,714.9400024414062,695.3560791015625,10582475,0.0,0.0
2024-09-19,714.3099975585938,724.72998046875,700.0,705.0700073242188,685.7564086914062,6428925,0.0,0.0
2024-09-20,707.7999877929688,717.2000122070312,703.4000244140625,706.4199829101562,687.0693969726562,6407140,0.0,0.0
2024-09-23,710.1900024414062,722.4000244140625,708.0,713.5399780273438,693.994384765625,2935070,0.0,0.0
2024-09-24,716.2999877929688,716.2999877929688,700.4000244140625,703.260009765625,683.9959716796875,6681865,0.0,0.0
2024-09-25,703.260009765625,707.9600219726562,691.5999755859375,704.8099975585938,685.5035400390625,3801635,0.0,0.0
2024-09-26,707.4199829101562,727.4000244140625,705.9099731445312,725.6900024414062,705.8115844726562,5359390,0.0,0.0
2024-09-27,723.5999755859375,730.4500122070312,719.1599731445312,724.2100219726562,704.3721313476562,4967200,0.0,0.0
2024-09-30,722.7899780273438,728.989990234375,713.5999755859375,715.3900146484375,695.7937622070312,4405700,0.0,0.0
2024-10-01,715.4000244140625,725.5599975585938,711.5599975585938,714.0800170898438,694.5196533203125,3381135,0.0,0.0
2024-10-03,714.0,714.97998046875,680.010009765625,681.9000244140625,663.2211303710938,8036680,0.0,0.0
2024-10-04,681.4000244140625,682.9000244140625,663.0999755859375,667.260009765625,648.982177734375,8827525,0.0,0.0
2024-10-07,673.9600219726562,682.5999755859375,651.2000122070312,659.8699951171875,641.7945556640625,5480765,0.0,0.0
2024-10-08,655.5999755859375,674.6099853515625,655.5999755859375,665.8599853515625,647.6204833984375,9122180,0.0,0.0
2024-10-09,670.9000244140625,696.0,668.0,677.5900268554688,659.0292358398438,6569580,0.0,0.0
2024-10-10,680.0,683.1900024414062,665.1799926757812,667.530029296875,649.2447509765625,3740385,0.0,0.0
2024-10-11,670.0,671.5800170898438,661.6099853515625,668.239990234375,649.935302734375,1799620,0.0,0.0
2024-10-14,673.5999755859375,686.0,670.75,679.0599975585938,660.4588623046875,3844085,0.0,0.0
2024-10-15,684.0,687.719970703125,673.719970703125,680.22998046875,661.596923828125,5209855,0.0,0.0
2024-10-16,683.4000244140625,684.4000244140625,673.4199829101562,678.0800170898438,659.505859375,1607350,0.0,0.0
2024-10-17,675.7999877929688,677.1900024414062,649.1900024414062,651.719970703125,633.8677978515625,8237815,0.0,0.0
2024-10-18,637.5499877929688,674.780029296875,629.1500244140625,668.9299926757812,650.6063232421875,9380205,0.0,0.0
2024-10-21,671.3900146484375,676.7000122070312,654.4000244140625,662.6599731445312,644.5081176757812,5627980,0.0,0.0
2024-10-22,662.6599731445312,678.2000122070312,648.0,650.9000244140625,633.0702514648438,19691260,0.0,0.0
2024-10-23,640.0,652.0999755859375,634.010009765625,639.5499877929688,622.0311279296875,9660305,0.0,0.0
2024-10-24,638.0,653.2000122070312,637.1099853515625,649.02001953125,631.2417602539062,7501270,0.0,0.0
2024-10-25,650.8599853515625,650.8599853515625,605.5999755859375,618.530029296875,601.5869750976562,15251890,0.0,0.0
2024-10-28,632.7999877929688,668.8300170898438,628.7999877929688,651.8599853515625,634.00390625,21602980,0.0,0.0
2024-10-29,648.4199829101562,657.1300048828125,632.47998046875,653.1599731445312,635.2682495117188,10906400,0.0,0.0
2024-10-30,643.4099731445312,651.9400024414062,635.3900146484375,637.1599731445312,619.7066040039062,6964385,0.0,0.0
2024-10-31,637.0,637.0,617.52001953125,627.780029296875,610.5836181640625,8075010,0.0,0.0
2024-11-01,631.7999877929688,632.7999877929688,628.0,630.1900024414062,612.9275512695312,286730,0.0,0.0
2024-11-04,631.0800170898438,633.9299926757812,621.7899780273438,629.5800170898438,612.3342895507812,4842960,0.0,0.0
2024-11-05,631.52001953125,635.2000122070312,611.0,632.4600219726562,615.1354370117188,7606175,0.0,0.0
2024-11-06,637.4000244140625,640.0,627.260009765625,637.3400268554688,619.8817749023438,4294660,0.0,0.0
2024-11-07,638.780029296875,638.780029296875,611.5999755859375,614.030029296875,601.3618774414062,5846920,4.4,0.0
2024-11-08,617.0,617.0,599.4099731445312,601.5900268554688,589.1785278320312,3851745,0.0,0.0
2024-11-11,602.0,611.4099731445312,591.5599975585938,599.8900146484375,587.5135498046875,4101875,0.0,0.0
2024-11-12,602.8900146484375,605.0700073242188,584.530029296875,586.239990234375,574.1452026367188,5430660,0.0,0.0
2024-11-13,586.0999755859375,586.0999755859375,567.8499755859375,570.77001953125,558.9944458007812,6755505,0.0,0.0
2024-11-14,570.5599975585938,573.4000244140625,556.5999755859375,564.52001953125,552.873291015625,7172685,0.0,0.0
2024-11-18,564.52001953125,573.3599853515625,560.0,569.6300048828125,557.8778686523438,4841895,0.0,0.0
2024-11-19,569.5999755859375,573.2000122070312,560.3400268554688,564.9500122070312,553.2944946289062,5942545,0.0,0.0
2024-11-21,567.1900024414062,567.4000244140625,553.5999755859375,560.4400024414062,548.8775634765625,4777400,0.0,0.0
2024-11-22,550.0,573.0,549.1099853515625,570.010009765625,558.2500610351562,8194990,0.0,0.0
2024-11-25,585.3900146484375,603.0,585.3900146484375,589.5599975585938,577.396728515625,13791540,0.0,0.0
2024-11-26,592.9500122070312,615.8599853515625,589.7999877929688,609.27001953125,596.7001342773438,10105100,0.0,0.0
2024-11-27,605.780029296875,613.3400268554688,601.469970703125,603.7999877929688,591.3428955078125,4064750,0.0,0.0
2024-11-28,608.0,615.0,598.25,608.739990234375,596.1810302734375,12057145,0.0,0.0
2024-11-29,611.5,613.3099975585938,598.4400024414062,603.9299926757812,591.4701538085938,5600545,0.0,0.0
2024-12-02,603.9299926757812,622.969970703125,602.1400146484375,618.8400268554688,606.0726928710938,5433440,0.0,0.0
2024-12-03,626.2000122070312,641.3800048828125,625.010009765625,631.1099853515625,618.0894775390625,9872220,0.0,0.0
2024-12-04,629.1099853515625,634.6900024414062,623.9400024414062,626.4600219726562,613.535400390625,5743725,0.0,0.0
2024-12-05,630.489990234375,631.8099975585938,614.5999755859375,625.260009765625,612.3602294921875,7117350,0.0,0.0
2024-12-06,625.4000244140625,629.6500244140625,618.719970703125,625.27001953125,612.3700561523438,3193785,0.0,0.0
2024-12-09,620.1199951171875,632.6699829101562,619.0999755859375,621.3800048828125,608.5602416992188,3963995,0.0,0.0
2024-12-10,625.0900268554688,639.4299926757812,621.7999877929688,637.2999877929688,624.1517333984375,5630900,0.0,0.0
2024-12-11,639.0999755859375,653.52001953125,635.5999755859375,649.6500244140625,636.2470092773438,7350105,0.0,0.0
2024-12-12,647.9000244140625,653.0,644.3099975585938,649.6199951171875,636.2175903320312,5108345,0.0,0.0
2024-12-13,648.4099731445312,650.9299926757812,623.52001953125,632.510009765625,619.4605712890625,6003130,0.0,0.0
2024-12-16,634.7999877929688,639.4000244140625,625.4000244140625,627.489990234375,614.5441284179688,2943305,0.0,0.0
2024-12-17,627.0,627.0,593.0499877929688,595.3800048828125,583.0966186523438,10413170,0.0,0.0
2024-12-18,595.3800048828125,606.5999755859375,581.77001953125,586.280029296875,574.1843872070312,7447675,0.0,0.0
2024-12-19,574.0,590.5,570.6599731445312,589.0900268554688,576.9364013671875,7354675,0.0,0.0
2024-12-20,590.6500244140625,592.1400146484375,568.72998046875,575.4500122070312,563.5778198242188,12499100,0.0,0.0
2024-12-23,581.2000122070312,590.7999877929688,574.5599975585938,576.5800170898438,564.6845092773438,4691250,0.0,0.0
2024-12-24,576.5999755859375,579.52001953125,571.02001953125,576.5900268554688,564.6942749023438,2020780,0.0,0.0
2024-12-26,578.4600219726562,587.1900024414062,574.22998046875,585.3800048828125,573.3029174804688,4462340,0.0,0.0
2024-12-27,587.3800048828125,587.969970703125,578.0999755859375,579.780029296875,567.818603515625,1524915,0.0,0.0
2024-12-30,582.5599975585938,593.77001953125,579.0599975585938,583.7999877929688,571.7554931640625,3452720,0.0,0.0
2024-12-31,579.5800170898438,582.5399780273438,576.2100219726562,577.8300170898438,565.90869140625,4075070,0.0,0.0
2025-01-01,579.7999877929688,586.2000122070312,576.5800170898438,583.72998046875,571.6869506835938,1297175,0.0,0.0
2025-01-02,587.4600219726562,613.780029296875,586.3200073242188,612.010009765625,599.383544921875,7297085,0.0,0.0
2025-01-03,612.0,619.5999755859375,607.22998046875,609.6699829101562,597.0917358398438,3652225,0.0,0.0
2025-01-06,606.2000122070312,616.27001953125,591.0,593.9099731445312,581.6569213867188,5430225,0.0,0.0
2025-01-07,595.4099731445312,604.4000244140625,590.0,591.6799926757812,579.4729614257812,2781710,0.0,0.0
2025-01-08,594.0,594.0,568.1699829101562,579.75,567.7890625,4976035,0.0,0.0
2025-01-09,580.75,584.8300170898438,560.2000122070312,561.969970703125,550.3759155273438,5408205,0.0,0.0
2025-01-10,566.0,566.0,529.0,532.0,521.0242309570312,5999299,0.0,5.0
2025-01-13,530.0499877929688,540.7000122070312,518.75,521.0999755859375,510.34906005859375,5558523,0.0,0.0
2025-01-14,526.9500122070312,547.5,518.2999877929688,544.0999755859375,532.87451171875,6987503,0.0,0.0
2025-01-15,545.0,545.9500122070312,529.0999755859375,533.2000122070312,522.199462890625,4072535,0.0,0.0
2025-01-16,535.5499877929688,553.75,535.5499877929688,546.7999877929688,535.5188598632812,6194466,0.0,0.0
2025-01-17,546.5499877929688,547.5499877929688,523.8499755859375,526.5,515.6376953125,5347916,0.0,0.0
2025-01-20,511.0,521.5,493.3500061035156,516.7000122070312,506.0398864746094,12701612,0.0,0.0
2025-01-21,518.0,530.75,513.4500122070312,520.2999877929688,509.5655822753906,7753705,0.0,0.0
2025-01-22,520.3499755859375,528.3499755859375,513.0499877929688,518.6500244140625,507.94964599609375,5895189,0.0,0.0
2025-01-23,518.6500244140625,533.4500122070312,511.6000061035156,529.7999877929688,518.8696899414062,5150004,0.0,0.0
2025-01-24,531.9500122070312,541.7999877929688,509.1499938964844,527.4500122070312,516.568115234375,7602501,0.0,0.0
2025-01-27,525.9000244140625,530.6500244140625,508.1499938964844,511.6499938964844,501.0940551757813,8523575,0.0,0.0
2025-01-28,520.0499877929688,541.7999877929688,508.6000061035156,530.0999755859375,519.1633911132812,16222471,0.0,0.0
2025-01-29,531.1500244140625,555.6500244140625,530.25,553.5,542.0806274414062,9135552,0.0,0.0
2025-01-30,553.5,560.0,536.8499755859375,538.2999877929688,527.1942749023438,7172857,0.0,0.0
2025-01-31,546.4000244140625,550.9000244140625,536.2000122070312,543.75,535.0165405273438,4058608,2.5,0.0
2025-02-01,547.9000244140625,549.6500244140625,518.0,531.7999877929688,523.2584838867188,3874882,0.0,0.0
2025-02-03,525.0,558.0,516.0,546.1500244140625,537.3780517578125,7442129,0.0,0.0
2025-02-04,556.0,579.9000244140625,545.4000244140625,576.75,567.486572265625,12290382,0.0,0.0
2025-02-05,577.0,590.7999877929688,568.4000244140625,571.2999877929688,562.1240844726562,6953215,0.0,0.0
2025-02-06,570.0,570.0,554.3499755859375,566.3499755859375,557.2535400390625,6345455,0.0,0.0
2025-02-07,567.9000244140625,579.0999755859375,554.8499755859375,559.5499877929688,550.5628051757812,5747620,0.0,0.0
2025-02-10,561.7000122070312,566.5999755859375,546.5,560.7999877929688,551.792724609375,4253881,0.0,0.0
2025-02-11,566.0,566.0,534.0,538.5499877929688,529.9000244140625,6416783,0.0,0.0
2025-02-12,538.5499877929688,551.5,527.0,547.1500244140625,538.3619384765625,5467745,0.0,0.0
2025-02-13,547.0,560.25,538.0,548.6500244140625,539.837890625,5723009,0.0,0.0
2025-02-14,550.9500122070312,554.9500122070312,526.7999877929688,539.1500244140625,530.4904174804688,6763071,0.0,0.0
2025-02-17,537.0,553.0,525.0999755859375,550.3499755859375,541.5105590820312,4397756,0.0,0.0
2025-02-18,550.9500122070312,554.4500122070312,539.0999755859375,553.3499755859375,544.4623413085938,2988732,0.0,0.0
2025-02-19,547.7999877929688,559.75,546.5,557.7999877929688,548.8408813476562,4066886,0.0,0.0
2025-02-20,557.0,582.25,557.0,580.8499755859375,571.5206909179688,7590778,0.0,0.0
2025-02-21,580.8499755859375,594.7000122070312,576.7000122070312,585.0999755859375,575.702392578125,9328402,0.0,0.0
2025-02-24,576.0,581.75,568.7999877929688,577.2000122070312,567.9292602539062,4523171,0.0,0.0
2025-02-25,581.7999877929688,586.75,571.5,574.25,565.0266723632812,6222936,0.0,0.0
2025-02-27,581.2999877929688,608.7999877929688,580.2999877929688,606.7999877929688,597.0538940429688,17099035,0.0,0.0
2025-02-28,609.9500122070312,620.0,602.25,617.2999877929688,607.3851928710938,23771834,0.0,0.0
2025-03-03,625.2999877929688,630.0,614.9000244140625,621.2999877929688,611.3209838867188,10284029,0.0,0.0
2025-03-04,618.5999755859375,635.4000244140625,613.4000244140625,632.9000244140625,622.7347412109375,5369562,0.0,0.0
2025-03-05,626.5999755859375,637.5,621.5,631.2999877929688,621.160400390625,9532495,0.0,0.0
2025-03-06,638.7999877929688,650.7999877929688,637.0,644.3499755859375,634.0007934570312,8075827,0.0,0.0
2025-03-07,644.3499755859375,647.6500244140625,627.4500122070312,630.8499755859375,620.7175903320312,5829062,0.0,0.0
2025-03-10,631.5499877929688,641.5,622.8499755859375,625.5999755859375,615.5519409179688,4906168,0.0,0.0
2025-03-11,624.2000122070312,640.0,615.5499877929688,638.25,627.9987182617188,6734891,0.0,0.0
2025-03-12,639.0,647.25,629.0999755859375,636.9500122070312,626.7196655273438,5378060,0.0,0.0
2025-03-13,638.0,644.0,617.5,619.5499877929688,609.59912109375,5273706,0.0,0.0
2025-03-17,613.4000244140625,629.5,613.4000244140625,623.25,613.23974609375,4548324,0.0,0.0
2025-03-18,623.25,623.25,623.25,623.25,613.23974609375,0,0.0,0.0
2025-03-19,645.7000122070312,677.5999755859375,637.6500244140625,667.9500122070312,657.2217407226562,9823834,0.0,0.0
2025-03-20,690.0,695.0,665.0,667.9000244140625,657.1725463867188,8747482,0.0,0.0
2025-03-21,669.0499877929688,679.0,667.6500244140625,676.7999877929688,665.9296264648438,6365496,0.0,0.0
2025-03-24,677.0,694.9000244140625,674.0,682.0,671.0460205078125,4983671,0.0,0.0
2025-03-25,688.0,688.0,667.7000122070312,678.3499755859375,667.4546508789062,5257157,0.0,0.0
2025-03-26,678.7999877929688,680.9000244140625,669.25,672.0,661.2067260742188,4792266,0.0,0.0
2025-03-27,670.0,684.4000244140625,666.2000122070312,678.5,667.602294921875,4628163,0.0,0.0
2025-03-28,682.0,685.0,650.1500244140625,656.0,645.4636840820312,6806264,0.0,0.0
2025-04-01,652.0,653.9000244140625,633.9000244140625,637.4500122070312,627.211669921875,7600903,0.0,0.0
2025-04-02,640.0,644.0,630.5,639.4000244140625,629.1303100585938,4387926,0.0,0.0
2025-04-03,633.0,660.5499877929688,632.0,654.1500244140625,643.6434326171875,3704676,0.0,0.0
2025-04-04,655.5,665.0,649.5,653.5999755859375,643.1021728515625,5191619,0.0,0.0
2025-04-07,596.0,629.9500122070312,589.25,614.0,604.1382446289062,15188995,0.0,0.0
2025-04-08,623.7000122070312,648.2999877929688,623.0499877929688,641.4500122070312,631.1473999023438,10415072,0.0,0.0
2025-04-09,647.9500122070312,647.9500122070312,619.0,624.5499877929688,614.518798828125,9235529,0.0,0.0
2025-04-11,627.0,648.6500244140625,627.0,638.7999877929688,628.5399169921875,7102851,0.0,0.0
2025-04-15,651.9500122070312,674.5499877929688,649.1500244140625,672.0,661.2067260742188,6085948,0.0,0.0
2025-04-16,672.6500244140625,678.0,662.4500122070312,676.0499877929688,665.1915893554688,6571065,0.0,0.0
2025-04-17,677.0,695.6500244140625,668.5499877929688,691.75,680.6395263671875,5771289,0.0,0.0
2025-04-21,698.75,717.5,690.5,703.0,691.7088012695312,6740583,0.0,0.0
2025-04-22,703.0,709.9500122070312,700.0,703.5,692.2007446289062,3672514,0.0,0.0
2025-04-23,709.5,713.7999877929688,685.9000244140625,703.9000244140625,692.5943603515625,5442424,0.0,0.0
2025-04-24,704.0,705.5,694.5,696.6500244140625,685.4607543945312,5010172,0.0,0.0
2025-04-25,698.9000244140625,705.5999755859375,635.0,655.2000122070312,644.676513671875,9784886,0.0,0.0
2025-04-28,622.7000122070312,630.4000244140625,596.1500244140625,622.0,612.009765625,32221482,0.0,0.0
2025-04-29,625.0,630.7999877929688,610.2000122070312,614.7000122070312,604.8270263671875,10387632,0.0,0.0
2025-04-30,614.7000122070312,621.7999877929688,606.5,611.7000122070312,601.8751831054688,7374108,0.0,0.0
2025-05-02,611.7000122070312,616.2999877929688,599.5,603.5999755859375,593.9052734375,7749204,0.0,0.0
2025-05-05,610.1500244140625,630.9000244140625,607.2000122070312,628.8499755859375,618.749755859375,8616953,0.0,0.0
2025-05-06,628.7999877929688,631.8499755859375,617.0499877929688,623.4500122070312,613.4364624023438,5098276,0.0,0.0
2025-05-07,618.2000122070312,638.0,617.25,636.6500244140625,626.4244384765625,5983998,0.0,0.0
2025-05-08,635.0,640.7999877929688,607.0,615.7999877929688,605.9093627929688,10052396,0.0,0.0
2025-05-09,600.0,612.3499755859375,596.6500244140625,601.4500122070312,591.7898559570312,5637324,0.0,0.0
2025-05-12,611.0499877929688,648.0,611.0,645.9500122070312,635.5751342773438,9560644,0.0,0.0
2025-05-13,641.5999755859375,647.7999877929688,631.9500122070312,633.5999755859375,623.4234619140625,5748439,0.0,0.0
2025-05-14,639.5,655.2999877929688,637.5999755859375,651.9500122070312,641.4786987304688,9324793,0.0,0.0
2025-05-15,654.7999877929688,679.9500122070312,644.1500244140625,674.7999877929688,663.9617309570312,9817422,0.0,0.0
2025-05-16,674.0,674.7999877929688,660.0499877929688,665.5,654.81103515625,5415727,0.0,0.0
2025-05-19,670.0,683.9000244140625,666.0,677.7999877929688,666.9135131835938,4356035,0.0,0.0
2025-05-20,682.0499877929688,682.0499877929688,656.2000122070312,658.3499755859375,647.7759399414062,7035801,0.0,0.0
2025-05-21,658.3499755859375,661.6500244140625,638.7000122070312,658.0,647.4315185546875,7986603,0.0,0.0
2025-05-22,652.0,654.7000122070312,640.2999877929688,649.75,639.3140258789062,6840583,0.0,0.0
2025-05-23,651.0,663.5999755859375,646.1500244140625,659.8499755859375,649.2518310546875,3128629,0.0,0.0
2025-05-26,664.8499755859375,667.7999877929688,652.0999755859375,664.5,653.8271484375,2963171,0.0,0.0
2025-05-27,667.7999877929688,670.0,657.0,661.9000244140625,651.2689819335938,2493252,0.0,0.0
2025-05-28,661.9000244140625,663.9000244140625,654.0,655.7000122070312,645.16845703125,3244100,0.0,0.0
2025-05-29,655.7000122070312,659.7000122070312,648.0999755859375,652.25,641.77392578125,4173868,0.0,0.0
2025-05-30,643.0999755859375,654.9500122070312,637.25,639.3499755859375,629.0810546875,6693573,0.0,0.0
2025-06-02,638.2999877929688,647.9000244140625,625.0,642.5499877929688,632.229736328125,4344402,0.0,0.0
2025-06-03,648.0,658.75,642.0999755859375,648.25,637.8381958007812,5336167,0.0,0.0
2025-06-04,649.9500122070312,661.8499755859375,640.0,641.2000122070312,630.9013671875,6290382,0.0,0.0
2025-06-05,647.0,654.7999877929688,638.0999755859375,651.4500122070312,640.9866943359375,4542850,0.0,0.0
2025-06-06,654.0,690.9000244140625,644.2999877929688,688.25,677.1956787109375,20115034,0.0,0.0
2025-06-09,700.0,715.9000244140625,692.25,698.0,686.7891235351562,11413586,0.0,0.0
2025-06-10,705.0,705.9500122070312,690.7000122070312,700.4000244140625,689.1505737304688,6453133,0.0,0.0
2025-06-11,702.0999755859375,702.0999755859375,684.3499755859375,686.0499877929688,675.0310668945312,4586055,0.0,0.0
2025-06-12,689.0,690.0,666.5999755859375,668.0499877929688,657.3201293945312,4970089,0.0,0.0
2025-06-13,651.8499755859375,670.3499755859375,643.5,667.1500244140625,656.4346313476562,4687026,0.0,0.0
2025-06-16,669.0,681.25,668.5999755859375,676.1500244140625,665.2900390625,6882573,0.0,0.0
2025-06-17,679.7999877929688,679.7999877929688,662.0,665.0,654.319091796875,2390137,0.0,0.0
2025-06-18,663.0499877929688,673.5,659.1500244140625,662.0999755859375,651.4656372070312,3352972,0.0,0.0
2025-06-19,660.75,669.0,648.0,652.2000122070312,641.7247314453125,3342726,0.0,0.0
2025-06-20,652.0,670.9000244140625,650.5,666.3499755859375,655.6473999023438,7441267,0.0,0.0
2025-06-23,661.7999877929688,666.2000122070312,648.2999877929688,661.6500244140625,651.0228881835938,4243520,0.0,0.0
2025-06-24,674.0,682.0,673.4000244140625,676.0499877929688,665.1915893554688,4823566,0.0,0.0
2025-06-25,676.0499877929688,678.0,671.0,675.0999755859375,664.2568969726562,3211981,0.0,0.0
2025-06-26,675.1500244140625,707.5499877929688,674.25,703.2000122070312,691.9055786132812,19068571,0.0,0.0
2025-06-27,703.0499877929688,706.9000244140625,696.5999755859375,699.9500122070312,688.7078247070312,7554681,0.0,0.0
2025-06-30,700.0,714.0,699.9000244140625,706.8499755859375,695.4969482421875,3721603,0.0,0.0
2025-07-01,708.0,710.5499877929688,694.0,696.4500122070312,685.2640380859375,3524637,0.0,0.0
2025-07-02,695.75,698.8499755859375,675.0,676.9000244140625,666.0279541015625,3288839,0.0,0.0
2025-07-03,681.5999755859375,684.25,672.9500122070312,675.4000244140625,664.5521240234375,6014549,0.0,0.0
2025-07-04,675.9500122070312,684.4000244140625,670.0,676.1500244140625,665.2900390625,3843226,0.0,0.0
2025-07-07,676.1500244140625,680.0,669.0,671.2999877929688,660.5178833007812,1770086,0.0,0.0
2025-07-08,672.0,677.4000244140625,667.2999877929688,668.9500122070312,658.2056884765625,2820100,0.0,0.0
2025-07-09,671.25,683.0,671.0,681.0499877929688,670.1113891601562,3560120,0.0,0.0
2025-07-10,684.0,687.3499755859375,671.0,671.75,660.960693359375,3035156,0.0,0.0
2025-07-11,676.0,676.7000122070312,662.4000244140625,668.25,660.466552734375,4931083,3.0,0.0
2025-07-14,670.0,672.9000244140625,662.5,669.75,661.9490966796875,2832157,0.0,0.0
2025-07-15,674.9000244140625,688.0,670.7000122070312,684.4500122070312,676.4778442382812,3786182,0.0,0.0
2025-07-16,674.0,674.0,654.5,668.3499755859375,660.5653686523438,9358644,0.0,0.0
2025-07-17,670.0,672.0,664.8499755859375,665.4500122070312,657.6991577148438,2671888,0.0,0.0
2025-07-18,670.0,670.5,644.5,645.5,637.9815673828125,6570609,0.0,0.0
2025-07-21,645.5,658.0,637.5,655.6500244140625,648.0133056640625,4980207,0.0,0.0
2025-07-22,658.0,659.9000244140625,639.0,640.1500244140625,632.69384765625,4671422,0.0,0.0
2025-07-23,642.0,654.75,638.0499877929688,654.0499877929688,646.4319458007812,5191770,0.0,0.0
2025-07-24,660.0,660.0,631.75,633.5499877929688,626.1707153320312,7248079,0.0,0.0
2025-07-25,625.0,629.9500122070312,601.7000122070312,615.8499755859375,608.6768188476562,16922561,0.0,0.0
2025-07-28,615.8499755859375,638.8499755859375,611.0499877929688,633.4500122070312,626.0718994140625,11583112,0.0,0.0
2025-07-29,632.0,643.3499755859375,626.5499877929688,638.3499755859375,630.9147338867188,6858651,0.0,0.0
2025-07-30,635.0,638.3499755859375,626.0999755859375,632.7999877929688,625.429443359375,6024759,0.0,0.0
2025-07-31,625.0,639.4500122070312,623.0499877929688,630.8499755859375,623.5021362304688,6481051,0.0,0.0
2025-08-01,630.0,632.0,612.25,614.2000122070312,607.0460815429688,3528632,0.0,0.0
2025-08-04,615.9000244140625,626.7999877929688,615.9000244140625,624.9000244140625,617.6214599609375,2955463,0.0,0.0
2025-08-05,630.5,633.2000122070312,621.1500244140625,630.0999755859375,622.7608642578125,3996694,0.0,0.0
2025-08-06,634.0,639.7999877929688,622.4000244140625,630.5999755859375,623.2550659179688,4763826,0.0,0.0
2025-08-07,626.8499755859375,629.7999877929688,618.2999877929688,627.3499755859375,620.0428466796875,3482599,0.0,0.0
2025-08-08,623.2999877929688,626.8499755859375,607.9500122070312,609.6500244140625,602.549072265625,5493423,0.0,0.0
2025-08-11,610.4500122070312,623.5,609.1500244140625,617.5999755859375,610.406494140625,3348109,0.0,0.0
2025-08-12,616.0,619.0,611.0,611.9000244140625,604.7728881835938,2787285,0.0,0.0
2025-08-13,612.0499877929688,621.3499755859375,610.3499755859375,619.25,612.0372924804688,5325700,0.0,0.0
2025-08-14,614.2999877929688,622.9000244140625,611.5,616.4500122070312,609.2698974609375,4279172,0.0,0.0
2025-08-18,627.0,637.5,625.4500122070312,626.7999877929688,619.4993286132812,5265058,0.0,0.0
2025-08-19,626.0,630.5499877929688,615.0999755859375,626.3499755859375,619.0545043945312,4765094,0.0,0.0
2025-08-20,623.3499755859375,624.9500122070312,613.2999877929688,616.2999877929688,609.1216430664062,5710611,0.0,0.0
2025-08-21,618.0,622.0,615.7999877929688,619.7999877929688,612.580810546875,3993795,0.0,0.0
2025-08-22,619.7999877929688,622.0,612.5499877929688,615.8499755859375,608.6768188476562,3496256,0.0,0.0
2025-08-25,620.0,623.7999877929688,616.4000244140625,620.8499755859375,613.6185913085938,6850166,0.0,0.0
2025-08-26,619.9000244140625,620.4500122070312,593.0999755859375,594.7000122070312,587.773193359375,18048586,0.0,0.0
2025-08-28,576.75,587.9500122070312,570.0,571.6500244140625,564.99169921875,20025147,0.0,0.0
2025-08-29,570.5,588.6500244140625,566.5,580.25,573.4915161132812,12236788,0.0,0.0
2025-09-01,580.0,590.2000122070312,578.5999755859375,588.5999755859375,581.7442016601562,3886326,0.0,0.0
2025-09-02,590.0,596.4000244140625,582.25,584.5999755859375,577.7908325195312,4136915,0.0,0.0
2025-09-03,585.0,588.9000244140625,580.0,586.2999877929688,579.4710083007812,6612194,0.0,0.0
2025-09-04,596.0,596.0,583.9000244140625,585.7999877929688,578.976806640625,5054056,0.0,0.0
2025-09-05,589.0,596.0,585.5999755859375,592.5,585.5988159179688,4166734,0.0,0.0
2025-09-08,596.0,604.0,592.8499755859375,596.75,589.79931640625,2968301,0.0,0.0
2025-09-09,598.0,598.9500122070312,590.8499755859375,595.0,588.0697021484375,3947645,0.0,0.0
2025-09-10,598.5999755859375,606.7999877929688,596.7000122070312,604.7999877929688,597.7555541992188,4708224,0.0,0.0
2025-09-11,604.7999877929688,622.9000244140625,602.7999877929688,620.0499877929688,612.8279418945312,8412580,0.0,0.0
2025-09-12,623.2000122070312,633.7000122070312,619.25,632.8499755859375,625.4788208007812,10816255,0.0,0.0
2025-09-15,630.7999877929688,631.5999755859375,620.2000122070312,623.6500244140625,616.3860473632812,3643666,0.0,0.0
2025-09-16,623.6500244140625,628.4000244140625,614.0999755859375,618.0999755859375,610.900634765625,4759255,0.0,0.0
2025-09-17,620.0,626.0,617.75,623.25,615.9906616210938,4633747,0.0,0.0
2025-09-18,620.0,631.0,620.0,626.9000244140625,619.5982055664062,4675034,0.0,0.0
2025-09-19,630.0,637.2999877929688,627.0999755859375,633.2000122070312,625.8247680664062,6415748,0.0,0.0
2025-09-22,638.0,638.0,625.4500122070312,627.8499755859375,620.5370483398438,2712596,0.0,0.0
2025-09-23,628.0,634.4000244140625,624.5,628.7999877929688,621.4760131835938,3586451,0.0,0.0
2025-09-24,628.2000122070312,630.0,620.2999877929688,625.1500244140625,617.8685913085938,2129098,0.0,0.0
2025-09-25,625.1500244140625,626.0,610.7999877929688,612.7000122070312,605.5635375976562,4280161,0.0,0.0
2025-09-26,610.0,617.4000244140625,603.75,606.0499877929688,598.990966796875,3958021,0.0,0.0
2025-09-29,608.9000244140625,615.5,603.1500244140625,611.7999877929688,604.6740112304688,4098133,0.0,0.0
2025-09-30,611.7999877929688,620.7000122070312,611.1500244140625,616.0999755859375,608.9239501953125,5882401,0.0,0.0
2025-10-01,616.0499877929688,649.9500122070312,616.0499877929688,648.7000122070312,641.144287109375,15107673,0.0,0.0
2025-10-03,645.0,650.0,636.0,645.7999877929688,638.2780151367188,7200543,0.0,0.0
2025-10-06,646.5,675.5,646.5,671.4500122070312,663.6292724609375,10343487,0.0,0.0
2025-10-07,670.2000122070312,673.0,663.5,666.7999877929688,659.033447265625,3729360,0.0,0.0
2025-10-08,662.0,673.2999877929688,662.0,666.9000244140625,659.1322631835938,2870458,0.0,0.0
2025-10-09,666.9000244140625,672.0,660.0,669.0499877929688,661.2572021484375,2274108,0.0,0.0
2025-10-10,669.0,671.4000244140625,663.0,665.0499877929688,657.3037719726562,2480723,0.0,0.0
2025-10-13,660.0,674.2000122070312,658.75,672.1500244140625,664.3211669921875,2469940,0.0,0.0
2025-10-14,675.0499877929688,680.9500122070312,667.0,674.4500122070312,666.5943603515625,4731724,0.0,0.0
2025-10-15,675.5,682.4000244140625,672.5499877929688,677.1500244140625,669.2628784179688,4687947,0.0,0.0
2025-10-16,676.8499755859375,683.75,662.25,672.5,664.6669921875,5309779,0.0,0.0
2025-10-17,672.2000122070312,679.6500244140625,670.0999755859375,675.5,667.632080078125,3516617,0.0,0.0
2025-10-20,678.4000244140625,698.6500244140625,678.0999755859375,693.9500122070312,685.8671875,6170486,0.0,0.0
2025-10-21,695.5,697.5,690.2999877929688,695.25,687.1520385742188,674998,0.0,0.0
2025-10-23,695.25,717.75,695.25,709.6500244140625,701.3843383789062,8911040,0.0,0.0
2025-10-24,711.0499877929688,723.3499755859375,711.0499877929688,715.4500122070312,707.1167602539062,6036751,0.0,0.0
2025-10-27,721.0,730.2999877929688,718.25,719.5999755859375,711.2184448242188,8133230,0.0,0.0
2025-10-28,719.5,726.8499755859375,710.25,723.7000122070312,715.2706909179688,7071903,0.0,0.0
2025-10-29,723.7000122070312,741.9000244140625,717.4000244140625,738.4500122070312,729.848876953125,10246214,0.0,0.0
2025-10-30,738.5,747.8499755859375,733.1500244140625,738.25,729.6511840820312,6357608,0.0,0.0
2025-10-31,733.4500122070312,769.7999877929688,727.0,748.9000244140625,740.1771240234375,18363853,0.0,0.0
2025-11-03,762.7999877929688,799.9000244140625,758.5,796.4500122070312,787.1732788085938,26222030,0.0,0.0
2025-11-04,792.4500122070312,814.1500244140625,792.25,796.5,787.2227172851562,8543137,0.0,0.0
2025-11-06,792.5999755859375,800.5999755859375,785.0,792.5,783.269287109375,10930939,0.0,0.0
2025-11-07,792.5,820.0,780.7999877929688,816.3499755859375,811.7581176757812,9765252,4.8,0.0
2025-11-10,822.0,830.7000122070312,816.6500244140625,821.0999755859375,816.4814453125,8623863,0.0,0.0
2025-11-11,821.0999755859375,833.2999877929688,804.0499877929688,832.2999877929688,827.6184692382812,7336169,0.0,0.0
2025-11-12,832.2999877929688,838.6500244140625,821.4000244140625,822.5,817.8735961914062,4239741,0.0,0.0
2025-11-13,826.0,826.3499755859375,809.75,814.0,809.42138671875,6048569,0.0,0.0
2025-11-14,809.5,817.9500122070312,803.9000244140625,809.2999877929688,804.747802734375,5672058,0.0,0.0
2025-11-17,809.0,828.3499755859375,808.5999755859375,817.9000244140625,813.2994995117188,7386312,0.0,0.0
2025-11-18,820.0,827.7000122070312,810.0,820.2000122070312,815.5865478515625,6684086,0.0,0.0
2025-11-19,824.1500244140625,826.7000122070312,815.7999877929688,818.0499877929688,813.4486083984375,3711577,0.0,0.0
2025-11-20,822.0,828.7000122070312,816.5,826.5999755859375,821.9505004882812,3187958,0.0,0.0
2025-11-21,825.0,832.0,810.5999755859375,823.2999877929688,818.6690673828125,3831244,0.0,0.0
2025-11-24,825.0,839.5,821.0999755859375,828.2000122070312,823.54150390625,8140579,0.0,0.0
2025-11-25,828.2000122070312,841.8499755859375,827.2000122070312,838.25,833.5349731445312,5418151,0.0,0.0
2025-11-26,841.9500122070312,858.8499755859375,838.2999877929688,856.5999755859375,851.78173828125,7052927,0.0,0.0
2025-11-27,860.0,869.5,857.25,867.6500244140625,862.7696533203125,6752154,0.0,0.0
2025-11-28,870.0499877929688,872.0,848.75,851.6500244140625,846.859619140625,8198342,0.0,0.0
2025-12-01,857.8499755859375,865.0,849.4500122070312,851.5499877929688,846.7601928710938,6330770,0.0,0.0
2025-12-02,855.75,855.9500122070312,840.7999877929688,843.4000244140625,838.6560668945312,5587375,0.0,0.0
2025-12-03,843.4000244140625,846.4500122070312,818.9500122070312,828.0999755859375,823.4420776367188,9931005,0.0,0.0
2025-12-04,830.4500122070312,836.0,821.0,828.1500244140625,823.4918212890625,11436899,0.0,0.0
2025-12-05,828.1500244140625,857.0,828.1500244140625,854.9000244140625,850.0913696289062,12137708,0.0,0.0
2025-12-08,858.5,858.8499755859375,831.0,834.25,829.5574951171875,4117973,0.0,0.0
2025-12-09,830.0,849.0,817.7999877929688,846.7000122070312,841.9374389648438,5737027,0.0,0.0
2025-12-10,846.0,855.7999877929688,833.2999877929688,837.25,832.5405883789062,3699625,0.0,0.0
2025-12-11,841.7999877929688,850.5999755859375,835.7000122070312,847.1500244140625,842.3849487304688,4213992,0.0,0.0
2025-12-12,852.0,854.75,841.5,848.0,843.2301635742188,6036788,0.0,0.0
2025-12-15,852.0,870.5999755859375,845.8499755859375,855.3499755859375,850.5387573242188,7193809,0.0,0.0
2025-12-16,855.3499755859375,856.6500244140625,843.0,848.4000244140625,843.6279296875,5171831,0.0,0.0
2025-12-17,856.0,875.4500122070312,855.0,864.2000122070312,859.3390502929688,11621162,0.0,0.0
2025-12-18,868.5,876.9000244140625,861.7999877929688,869.4500122070312,864.5595092773438,12481529,0.0,0.0
2025-12-19,869.0,913.5,850.5,901.7000122070312,896.6281127929688,35297309,0.0,0.0
2025-12-22,919.0,949.7999877929688,915.0,934.8499755859376,929.5916137695312,31894463,0.0,0.0
2025-12-23,938.7000122070312,959.9500122070312,931.7000122070312,957.7999877929688,952.4125366210938,14632455,0.0,0.0
2025-12-24,958.0,983.7000122070312,958.0,973.7000122070312,968.22314453125,10574513,0.0,0.0
2025-12-26,976.5499877929688,978.75,956.7000122070312,960.25,954.8487548828124,4739099,0.0,0.0
2025-12-29,963.0,966.0,949.2000122070312,955.5,950.12548828125,4897735,0.0,0.0
2025-12-30,960.9500122070312,984.5999755859376,960.9500122070312,979.4000244140624,973.8910522460938,17757531,0.0,0.0
2025-12-31,983.0,1000.2000122070312,979.4000244140624,996.2000122070312,990.5965576171876,9795995,0.0,0.0
2026-01-01,996.2000122070312,1025.5999755859375,996.0,1019.7000122070312,1013.96435546875,4289057,0.0,0.0
2026-01-02,1024.75,1025.0,1007.2000122070312,1010.3499755859376,1004.6669311523438,5264026,0.0,0.0
2026-01-05,1013.5,1014.7999877929688,994.6500244140624,1003.3499755859376,997.706298828125,4603571,0.0,0.0
2026-01-06,1002.5,1011.75,992.4500122070312,1002.6500244140624,997.0103149414062,4352915,0.0,0.0
2026-01-07,996.0499877929688,1003.0999755859376,990.25,995.8499755859376,990.2484741210938,4191098,0.0,0.0
2026-01-08,1001.4000244140624,1002.5499877929688,981.0999755859376,992.9000244140624,987.3151245117188,3804564,0.0,0.0
2026-01-09,987.0,993.2000122070312,961.0,975.4000244140624,969.91357421875,6949168,0.0,0.0
2026-01-12,979.0,985.6500244140624,962.4500122070312,972.7999877929688,967.328125,5510203,0.0,0.0
2026-01-13,975.0,987.6500244140624,969.2000122070312,979.0499877929688,973.54296875,3860197,0.0,0.0
2026-01-14,980.0,990.5,970.4000244140624,981.0999755859376,975.5814819335938,3846614,0.0,0.0
2026-01-16,981.0,1022.0,981.0,995.4500122070312,989.8507690429688,13316550,0.0,0.0
2026-01-19,1002.0,1014.5,991.2000122070312,1010.3499755859376,1004.6669311523438,4908985,0.0,0.0
2026-01-20,1005.0,1008.0499877929688,983.0,987.5,981.9454956054688,6129218,0.0,0.0
2026-01-21,982.5499877929688,997.5,972.5499877929688,986.0,980.4539184570312,7042588,0.0,0.0
2026-01-22,995.0499877929688,1009.7000122070312,986.0999755859376,1005.5,999.84423828125,7210572,0.0,0.0
2026-01-23,1010.0,1020.8499755859376,973.6500244140624,1003.5499877929688,997.9052124023438,9023942,0.0,0.0
2026-01-27,1011.2000122070312,1019.9500122070312,984.2000122070312,1001.0499877929688,995.4192504882812,7984660,0.0,0.0
2026-01-28,1002.0,1020.7000122070312,999.5,1018.7999877929688,1013.0693969726562,5587231,0.0,0.0
2026-01-29,1022.4000244140624,1028.4000244140625,1006.1500244140624,1022.7999877929688,1017.0469360351562,6653822,0.0,0.0
2026-01-30,1025.0,1029.300048828125,1010.1500244140624,1020.0,1014.2626953125,6464610,0.0,0.0
2026-02-02,990.2000122070312,992.7000122070312,939.0,962.0999755859376,956.6883544921876,13566710,0.0,0.0
2026-02-03,1013.0,1041.5,997.2000122070312,1000.4000244140624,994.77294921875,9880727,0.0,0.0
2026-02-04,1010.4000244140624,1011.2000122070312,995.5,998.7999877929688,993.181884765625,4402517,0.0,0.0
2026-02-05,995.5,998.0,972.4000244140624,992.0,986.420166015625,5775866,0.0,0.0
2026-02-06,994.0,1005.0,972.9000244140624,1002.5,996.861083984375,3270421,0.0,0.0
2026-02-09,1005.0,1067.800048828125,1003.4000244140624,1062.699951171875,1056.722412109375,8667620,0.0,0.0
2026-02-10,1064.9000244140625,1066.800048828125,1036.5,1048.5999755859375,1042.7017822265625,4345362,0.0,0.0
2026-02-11,1053.0,1059.300048828125,1041.5,1056.800048828125,1050.855712890625,4898578,0.0,0.0
2026-02-12,1053.5,1087.0999755859375,1049.699951171875,1082.800048828125,1076.70947265625,8462756,0.0,0.0
2026-02-13,1081.800048828125,1086.0,1060.0,1065.800048828125,1059.8050537109375,4555743,0.0,0.0
2026-02-16,1065.800048828125,1088.300048828125,1052.800048828125,1085.4000244140625,1079.2947998046875,5096496,0.0,0.0
2026-02-17,1080.0,1081.9000244140625,1060.0,1075.0,1068.9532470703125,2832145,0.0,0.0
2026-02-18,1076.199951171875,1087.0999755859375,1072.0999755859375,1076.199951171875,1070.146484375,2470593,0.0,0.0
2026-02-19,1078.0,1078.0,1048.0999755859375,1054.699951171875,1048.7674560546875,2576169,0.0,0.0
2026-02-20,1056.800048828125,1066.0,1044.5999755859375,1059.300048828125,1053.3416748046875,2295049,0.0,0.0
2026-02-23,1072.800048828125,1077.5,1056.9000244140625,1064.699951171875,1058.711181640625,2423932,0.0,0.0
2026-02-24,1064.699951171875,1066.0,1050.199951171875,1061.699951171875,1055.72802734375,2464507,0.0,0.0
2026-02-25,1065.0,1095.0,1055.800048828125,1085.9000244140625,1079.7919921875,3115583,0.0,0.0
2026-02-26,1089.0,1108.0,1085.0999755859375,1104.5999755859375,1098.3868408203125,5231414,0.0,0.0
2026-02-27,1099.0,1103.9000244140625,1073.300048828125,1079.4000244140625,1073.32861328125,5601117,0.0,0.0
2026-03-02,1044.0,1071.0,1038.0,1052.5,1046.579833984375,6717872,0.0,0.0
2026-03-04,1042.300048828125,1042.5,987.4000244140624,1010.0,1004.3189086914062,9200897,0.0,0.0
2026-03-05,1022.2999877929688,1046.4000244140625,1018.2999877929688,1039.5,1033.6529541015625,5051614,0.0,0.0
2026-03-06,1043.9000244140625,1052.0,1000.0,1007.5,1001.8330078125,8166989,0.0,0.0
2026-03-09,957.5,993.0,934.2000122070312,987.2000122070312,981.6471557617188,11999852,0.0,0.0
2026-03-10,1010.0,1068.300048828125,1006.7000122070312,1062.9000244140625,1056.92138671875,14297519,0.0,0.0
2026-03-11,1062.9000244140625,1077.9000244140625,1028.699951171875,1031.699951171875,1025.8968505859375,10731059,0.0,0.0
2026-03-12,1021.0999755859376,1046.699951171875,1006.0999755859376,1031.699951171875,1025.8968505859375,7054662,0.0,0.0
2026-03-13,1021.2999877929688,1028.0,994.7000122070312,1003.5999755859376,997.9548950195312,6562852,0.0,0.0
2026-03-16,990.0,1002.9000244140624,969.2999877929688,992.0,986.420166015625,10476354,0.0,0.0
2026-03-17,999.9000244140624,1012.0,983.2000122070312,1004.5999755859376,998.9492797851562,4175225,0.0,0.0
2026-03-18,1013.2999877929688,1028.9000244140625,1008.5,1021.5999755859376,1015.8536376953124,3915253,0.0,0.0
2026-03-19,1000.0,1000.0,946.2999877929688,949.7999877929688,944.45751953125,11956347,0.0,0.0
2026-03-20,962.0,966.9000244140624,922.2999877929688,938.5999755859376,933.3204956054688,28550627,0.0,0.0
2026-03-23,930.0,930.0999755859376,870.2000122070312,877.7000122070312,872.7631225585938,10556865,0.0,0.0
2026-03-24,907.0,931.9000244140624,896.2000122070312,903.5999755859376,898.5173950195312,13359073,0.0,0.0
2026-03-25,919.0,965.0,917.2999877929688,956.0,950.6226806640624,14265748,0.0,0.0
2026-03-27,950.0,951.0,900.0,903.7999877929688,898.7162475585938,12238678,0.0,0.0
2026-03-30,888.0,896.2999877929688,867.0,872.0999755859375,867.194580078125,10949179,0.0,0.0
2026-04-01,915.5999755859376,926.2999877929688,895.75,900.5499877929688,895.4845581054688,11752172,0.0,0.0
2026-04-02,876.0,895.0,863.4500122070312,891.5999755859375,886.5848999023438,7230236,0.0,0.0
2026-04-06,895.0,931.0,885.6500244140625,928.0,922.7801513671876,5898399,0.0,0.0
2026-04-07,920.0,932.4000244140624,910.0499877929688,930.6500244140624,925.415283203125,5503677,0.0,0.0
2026-04-08,975.0,1035.449951171875,975.0,1023.2000122070312,1017.4447021484376,18256527,0.0,0.0
2026-04-09,1010.0999755859376,1015.0,990.4500122070312,996.2999877929688,990.6959838867188,7668209,0.0,0.0
2026-04-10,1016.0999755859376,1031.0,1011.25,1027.550048828125,1021.770263671875,8048521,0.0,0.0
2026-04-13,1000.1500244140624,1015.5,988.7999877929688,1004.0999755859376,998.4520874023438,8242484,0.0,0.0
2026-04-15,1030.0,1043.5,1016.4500122070312,1020.9500122070312,1015.2073364257812,7869459,0.0,0.0
2026-04-16,1026.0999755859375,1034.3499755859375,1015.3499755859376,1022.75,1016.9971923828124,5716035,0.0,0.0
2026-04-17,1022.0,1039.5,1013.1500244140624,1036.949951171875,1031.1173095703125,4345572,0.0,0.0
2026-04-20,1040.0,1049.949951171875,1026.0,1045.1500244140625,1039.271240234375,4670588,0.0,0.0
2026-04-21,1054.0,1062.699951171875,1039.25,1045.300048828125,1039.42041015625,5699181,0.0,0.0
2026-04-22,1050.0,1053.699951171875,1029.4000244140625,1044.550048828125,1038.6746826171875,4404420,0.0,0.0
2026-04-23,1044.9000244140625,1044.9000244140625,1006.3499755859376,1009.2999877929688,1003.6228637695312,4658783,0.0,0.0
2026-04-24,1006.9500122070312,1030.4000244140625,983.5499877929688,1011.2999877929688,1005.611572265625,9263466,0.0,0.0
2026-04-27,1011.2999877929688,1012.0,963.75,974.6500244140624,969.1677856445312,15096574,0.0,0.0
2026-04-28,974.5,979.75,949.2999877929688,953.25,947.8881225585938,6752420,0.0,0.0
2026-04-29,965.0,975.2999877929688,954.9000244140624,956.8499755859376,951.4678344726562,5829309,0.0,0.0
2026-04-30,945.2000122070312,950.0,921.0,937.3499755859376,932.0775146484376,5990764,0.0,0.0
2026-05-04,942.0,969.0,942.0,960.4500122070312,955.0476684570312,4018048,0.0,0.0
2026-05-05,955.6500244140624,966.9000244140624,937.2999877929688,964.4000244140624,958.9754638671876,4029508,0.0,0.0
2026-05-06,980.0,1007.4500122070312,976.0499877929688,1004.0999755859376,998.4520874023438,5858946,0.0,0.0
2026-05-07,1009.0,1023.75,1002.0499877929688,1015.6500244140624,1009.9371948242188,4848929,0.0,0.0
2026-05-08,1013.0,1013.3499755859376,1001.25,1007.75,1002.0816040039062,5755029,0.0,0.0
2026-05-11,990.0,990.8499755859376,970.4500122070312,975.9500122070312,970.46044921875,5927270,0.0,0.0
2026-05-12,971.0,979.9500122070312,925.9500122070312,930.4500122070312,925.2163696289062,8674062,0.0,0.0
2026-05-13,925.2000122070312,938.4000244140624,915.0,920.5499877929688,915.3720703125,10747950,0.0,0.0
2026-05-14,929.9000244140624,941.6500244140624,901.2999877929688,935.0999755859376,929.8402099609376,9220462,0.0,0.0
2026-05-15,921.0,945.9000244140624,921.0,937.9000244140624,932.62451171875,5759607,0.0,0.0
2026-05-18,923.7999877929688,937.6500244140624,911.0,933.7000122070312,928.4481201171876,5232089,0.0,0.0
2026-05-19,940.0,941.8499755859376,924.7000122070312,927.3499755859376,922.1337890625,3216479,0.0,0.0
2026-05-20,920.0,925.4500122070312,913.0,923.4500122070312,918.2557373046876,5764449,0.0,0.0
2026-05-21,935.0,941.9000244140624,910.0,914.75,909.6046752929688,4598094,0.0,0.0
2026-05-22,916.25,944.25,913.1500244140624,941.0,935.70703125,5414742,0.0,0.0
2026-05-25,956.9500122070312,970.5,956.9000244140624,961.9500122070312,956.5391845703124,6256205,0.0,0.0
2026-05-26,961.0,965.5999755859376,948.5999755859376,952.1500244140624,946.7943115234376,4350923,0.0,0.0
2026-05-27,947.0499877929688,968.0999755859376,946.5999755859376,963.2000122070312,957.7821655273438,3592277,0.0,0.0
2026-05-29,961.0,975.5499877929688,942.9000244140624,947.1500244140624,941.8224487304688,11248568,0.0,0.0
2026-06-01,950.0499877929688,953.8499755859376,916.4000244140624,919.0499877929688,913.8804931640624,8308513,0.0,0.0
2026-06-02,908.5999755859376,917.9500122070312,900.2000122070312,911.7000122070312,906.5718383789062,7610958,0.0,0.0
2026-06-03,912.6500244140624,915.9000244140624,888.9000244140625,912.9500122070312,907.8148193359376,6951317,0.0,0.0
2026-06-04,907.9500122070312,919.9000244140624,903.0499877929688,915.7999877929688,910.6487426757812,3666582,0.0,0.0
2026-06-05,920.0999755859376,944.9000244140624,916.1500244140624,923.2999877929688,918.1065673828124,5769377,0.0,0.0
2026-06-08,909.0,911.3499755859376,892.0999755859375,896.6500244140625,891.6065063476562,4584431,0.0,0.0
2026-06-09,908.4000244140624,915.0,896.75,911.7000122070312,906.5718383789062,5892611,0.0,0.0
2026-06-10,907.8499755859376,914.75,894.2000122070312,897.3499755859375,892.3025512695312,4026258,0.0,0.0
2026-06-11,893.9500122070312,896.2999877929688,879.0999755859375,886.25,881.2650146484375,4640157,0.0,0.0
2026-06-12,908.0,959.0999755859376,901.5999755859376,954.9500122070312,949.5785522460938,9760441,0.0,0.0
2026-06-15,1005.0,1009.5,988.0,1000.6500244140624,995.0215454101562,12251483,0.0,0.0
2026-06-16,998.0,1010.0499877929688,992.0499877929688,1005.75,1000.0928344726562,4544903,0.0,0.0
2026-06-17,1005.0,1015.75,1001.9500122070312,1007.5,1001.8330078125,4353419,0.0,0.0
2026-06-18,1010.0,1017.2999877929688,998.25,1002.7000122070312,997.0599975585938,3364449,0.0,0.0
2026-06-19,1001.6500244140624,1007.7000122070312,992.2999877929688,1001.9000244140624,996.2645263671876,2611538,0.0,0.0
2026-06-22,1003.9500122070312,1005.75,983.7999877929688,992.8499755859376,987.265380859375,4287218,0.0,0.0
2026-06-23,984.5,1007.7000122070312,984.5,993.3499755859376,987.7625732421876,2904186,0.0,0.0
2026-06-24,993.3499755859376,1029.3499755859375,980.5499877929688,1019.0,1013.268310546875,7885319,0.0,0.0
2026-06-25,1030.0,1052.0,1026.0,1031.800048828125,1025.996337890625,8924791,0.0,0.0
2026-06-29,1036.949951171875,1055.4000244140625,1029.75,1032.6500244140625,1026.841552734375,11369236,0.0,0.0
2026-06-30,1032.6500244140625,1048.0,1030.25,1042.1500244140625,1036.2880859375,5218792,0.0,0.0
2026-07-01,1050.0,1058.5999755859375,1038.0,1048.0999755859375,1042.20458984375,4722961,0.0,0.0
2026-07-02,1052.0,1071.0,1048.199951171875,1066.699951171875,1060.699951171875,5736423,0.0,0.0
2026-07-03,1081.5,1081.5,1060.0999755859375,1063.5999755859375,1063.5999755859375,3603167,6.0,0.0
2026-07-06,1065.9000244140625,1076.0,1057.800048828125,1062.300048828125,1062.300048828125,4018215,0.0,0.0
2026-07-07,1070.0,1087.300048828125,1058.699951171875,1066.800048828125,1066.800048828125,8356697,0.0,0.0
2026-07-08,1058.0,1058.0,1005.0,1014.4000244140624,1014.4000244140624,6535773,0.0,0.0
2026-07-09,1019.4000244140624,1039.800048828125,1015.0,1031.699951171875,1031.699951171875,3984489,0.0,0.0
2026-07-10,1049.0,1052.0,1039.0,1044.0999755859375,1044.0999755859375,2773485,0.0,0.0
2026-07-13,1019.9000244140624,1053.0999755859375,1017.0,1048.0999755859375,1048.0999755859375,3212203,0.0,0.0
2026-07-14,1040.0,1042.300048828125,1007.0,1013.9000244140624,1013.9000244140624,6517181,0.0,0.0
2026-07-15,1028.0,1049.0,1025.199951171875,1033.800048828125,1033.800048828125,7089054,0.0,0.0
2026-07-16,1035.800048828125,1040.0,1020.0999755859376,1024.4000244140625,1024.4000244140625,2703222,0.0,0.0
2026-07-17,1025.4000244140625,1038.9000244140625,1022.0,1034.9000244140625,1034.9000244140625,3328041,0.0,0.0
2026-07-20,1040.0,1040.0,1018.0,1035.4000244140625,1035.4000244140625,3238784,0.0,0.0
2026-07-21,1036.0,1067.4000244140625,1031.0,1061.5,1061.5,7633092,0.0,0.0
2026-07-22,1058.0,1065.0,1046.800048828125,1058.800048828125,1058.800048828125,3460386,0.0,0.0
2026-07-23,1057.800048828125,1079.0,1022.2999877929688,1025.800048828125,1025.800048828125,6335830,0.0,0.0
2026-07-24,1018.0999755859376,1051.0,992.9000244140624,1005.0999755859376,1005.0999755859376,11775846,0.0,0.0
2026-07-27,1020.0,1040.0,1002.2000122070312,1038.199951171875,1038.199951171875,9459410,0.0,0.0
2026-07-28,1045.0,1049.9000244140625,1036.4000244140625,1040.9000244140625,1040.9000244140625,7160194,0.0,0.0
2026-07-29,1050.0,1052.800048828125,1034.0999755859375,1044.699951171875,1044.699951171875,4160322,0.0,0.0
2026-07-30,1038.0,1051.0,1019.5,1027.199951171875,1027.199951171875,5425880,0.0,0.0
2026-07-31,1029.199951171875,1054.5999755859375,1029.0999755859375,1046.699951171875,1046.699951171875,6318223,0.0,0.0
2026-08-03,1058.0,1095.0,1051.5999755859375,1090.199951171875,1090.199951171875,7047761,0.0,0.0
2026-08-04,1080.0,1091.699951171875,1075.0999755859375,1087.300048828125,1087.300048828125,3516949,0.0,0.0
2026-08-05,1097.699951171875,1122.4000244140625,1092.699951171875,1122.4000244140625,1122.4000244140625,6684889,0.0,0.0
2026-08-06,1130.0,1153.699951171875,1120.0,1141.0,1141.0,12605459,0.0,0.0
2026-08-07,1134.0,1134.0,1109.0,1115.0,1115.0,3239689,0.0,0.0
2026-08-10,1115.0,1139.199951171875,1106.0999755859375,1137.800048828125,1137.800048828125,3535895,0.0,0.0
2026-08-11,1135.800048828125,1135.800048828125,1121.199951171875,1129.9000244140625,1129.9000244140625,3789090,0.0,0.0
2026-08-12,1135.5,1135.5,1117.0,1117.199951171875,1117.199951171875,3582194,0.0,0.0
2026-08-13,1135.0,1149.0,1124.300048828125,1132.300048828125,1132.300048828125,3757182,0.0,0.0
2026-08-14,1130.0,1134.9000244140625,1118.0,1122.0,1122.0,2463317,0.0,0.0
2026-08-17,1116.0,1129.699951171875,1112.199951171875,1122.0,1122.0,2105094,0.0,0.0
2026-08-18,1114.0,1124.9000244140625,1098.5999755859375,1108.4000244140625,1108.4000244140625,2672734,0.0,0.0
2026-08-19,1108.4000244140625,1113.0,1098.199951171875,1106.0,1106.0,1912179,0.0,0.0
2026-08-20,1118.9000244140625,1135.4000244140625,1115.5,1128.199951171875,1128.199951171875,3313774,0.0,0.0
2026-08-21,1140.0,1140.0,1127.300048828125,1130.0,1130.0,2514574,0.0,0.0
2026-08-24,1120.5,1137.300048828125,1112.0,1119.0,1119.0,3112438,0.0,0.0
2026-08-25,1117.9000244140625,1138.5,1112.0,1138.5,1138.5,2440583,0.0,0.0
2026-08-26,1141.4000244140625,1142.0,1105.0,1117.5,1117.5,3752627,0.0,0.0
2026-08-27,1112.0,1127.5,1091.5,1101.0,1101.0,4358707,0.0,0.0
2026-08-28,1105.0,1106.699951171875,1083.199951171875,1086.9000244140625,1086.9000244140625,2207426,0.0,0.0
2026-08-31,1080.0,1109.9000244140625,1060.0999755859375,1109.9000244140625,1109.9000244140625,5859843,0.0,0.0
2026-09-01,1099.0,1099.0,1050.5999755859375,1059.0999755859375,1059.0999755859375,5673585,0.0,0.0
2026-09-02,1048.0,1048.0,1026.0999755859375,1047.0,1047.0,6535021,0.0,0.0
2026-09-03,1056.0,1068.9000244140625,1038.5999755859375,1044.199951171875,1044.199951171875,6236042,0.0,0.0
2026-09-04,1044.199951171875,1052.800048828125,1037.0,1041.0,1041.0,4135730,0.0,0.0
2026-09-07,1045.0,1046.0999755859375,1029.300048828125,1037.0,1037.0,1812019,0.0,0.0
2026-09-08,1030.0,1031.9000244140625,1017.2000122070312,1029.0,1029.0,2574351,0.0,0.0
2026-09-09,1018.2000122070312,1034.800048828125,1013.0,1029.0,1029.0,3641454,0.0,0.0
2026-09-10,1030.0,1039.0,1020.9000244140624,1038.0,1038.0,2757241,0.0,0.0
