date,open,high,low,close,adj_close,volume,dividends,stock_splits
2021-01-29,1456.0,1469.25,1415.25,1420.300048828125,1393.9735107421875,2435997,0.0,0.0
2021-02-01,1437.800048828125,1508.550048828125,1423.6500244140625,1501.550048828125,1473.7174072265625,2215933,0.0,0.0
2021-02-02,1515.0,1536.0,1482.0,1485.449951171875,1457.915771484375,1974202,0.0,0.0
2021-02-03,1492.0,1529.0,1492.0,1525.1500244140625,1496.8800048828125,1853072,0.0,0.0
2021-02-04,1530.0,1540.0,1488.0999755859375,1513.5999755859375,1485.5439453125,2728965,0.0,0.0
2021-02-05,1518.550048828125,1538.949951171875,1504.5,1509.449951171875,1481.4708251953125,1344007,0.0,0.0
2021-02-08,1514.0,1564.8499755859375,1510.050048828125,1541.699951171875,1513.123046875,2683198,0.0,0.0
2021-02-09,1548.0,1584.6500244140625,1543.050048828125,1559.9000244140625,1530.98583984375,2364475,0.0,0.0
2021-02-10,1575.4000244140625,1588.0,1526.0,1563.1500244140625,1534.175537109375,2125469,0.0,0.0
2021-02-11,1552.0,1575.9000244140625,1511.25,1524.699951171875,1496.438232421875,5970196,0.0,0.0
2021-02-12,1536.699951171875,1536.699951171875,1491.0,1494.199951171875,1466.5035400390625,3284441,0.0,0.0
2021-02-15,1506.0,1518.5,1476.75,1484.75,1457.2288818359375,3156535,0.0,0.0
2021-02-16,1492.1500244140625,1505.0,1461.0,1471.8499755859375,1444.5677490234375,3090249,0.0,0.0
2021-02-17,1469.4000244140625,1483.0,1449.5,1460.4000244140625,1433.330078125,2096959,0.0,0.0
2021-02-18,1465.0999755859375,1471.9000244140625,1429.0,1433.0,1406.4378662109375,2686046,0.0,0.0
2021-02-19,1434.0,1444.9000244140625,1412.800048828125,1425.550048828125,1399.126220703125,2543997,0.0,0.0
2021-02-22,1425.0,1433.0999755859375,1396.0,1405.25,1379.202392578125,1931189,0.0,0.0
2021-02-23,1415.0,1436.949951171875,1400.1500244140625,1424.050048828125,1397.654052734375,1871135,0.0,0.0
2021-02-24,1424.050048828125,1474.0,1424.050048828125,1451.8499755859375,1424.938720703125,1143204,0.0,0.0
2021-02-25,1460.0,1462.949951171875,1430.5,1434.449951171875,1407.8612060546875,1967386,0.0,0.0
2021-02-26,1420.0,1431.949951171875,1403.0999755859375,1406.9000244140625,1380.82177734375,2715597,0.0,0.0
2021-03-01,1421.5,1466.0,1416.5999755859375,1452.1500244140625,1425.233154296875,1962042,0.0,0.0
2021-03-02,1469.0,1474.0,1450.0,1471.1500244140625,1443.8809814453125,1293306,0.0,0.0
2021-03-03,1472.0,1481.6500244140625,1466.1500244140625,1474.5999755859375,1447.266845703125,1227772,0.0,0.0
2021-03-04,1452.0,1487.6500244140625,1450.550048828125,1470.5,1443.2430419921875,1822476,0.0,0.0
2021-03-05,1465.0,1493.0,1462.199951171875,1474.199951171875,1446.874267578125,1954113,0.0,0.0
2021-03-08,1475.0,1481.25,1451.0,1456.75,1429.747802734375,1060584,0.0,0.0
2021-03-09,1470.0,1478.9000244140625,1445.0,1456.9000244140625,1429.8951416015625,941590,0.0,0.0
2021-03-10,1470.0,1481.0,1463.0,1471.25,1443.97900390625,1257628,0.0,0.0
2021-03-12,1480.0,1507.800048828125,1478.5,1482.5,1455.0205078125,2631081,0.0,0.0
2021-03-15,1496.9000244140625,1496.9000244140625,1471.0,1492.199951171875,1464.5406494140625,1482287,0.0,0.0
2021-03-16,1505.0,1531.0,1496.9000244140625,1500.949951171875,1473.1285400390625,3191850,0.0,0.0
2021-03-17,1494.25,1499.550048828125,1470.050048828125,1472.550048828125,1445.2548828125,1195023,0.0,0.0
2021-03-18,1485.5999755859375,1492.9000244140625,1463.0,1468.199951171875,1440.985595703125,1242978,0.0,0.0
2021-03-19,1450.0,1470.8499755859375,1432.050048828125,1465.449951171875,1438.286376953125,2360672,0.0,0.0
2021-03-22,1465.0,1468.6500244140625,1448.0,1460.300048828125,1433.2320556640625,1331121,0.0,0.0
2021-03-23,1460.300048828125,1514.800048828125,1454.0,1495.3499755859375,1467.63232421875,2534795,0.0,0.0
2021-03-24,1486.0,1508.800048828125,1476.449951171875,1488.1500244140625,1460.5657958984375,1871092,0.0,0.0
2021-03-25,1484.0999755859375,1498.5,1447.75,1450.8499755859375,1423.9571533203125,1609996,0.0,0.0
2021-03-26,1459.9000244140625,1512.4000244140625,1457.0,1505.8499755859375,1477.937744140625,1922278,0.0,0.0
2021-03-30,1510.0,1563.0,1510.0,1552.199951171875,1523.4285888671875,3466042,0.0,0.0
2021-03-31,1549.9000244140625,1567.4000244140625,1536.75,1558.050048828125,1529.1702880859375,1431746,0.0,0.0
2021-04-01,1560.0,1593.300048828125,1551.550048828125,1559.3499755859375,1530.4461669921875,1343989,0.0,0.0
2021-04-05,1541.0999755859375,1559.0,1500.0,1535.0,1506.54736328125,1376233,0.0,0.0
2021-04-06,1529.5,1548.0,1509.0,1525.5,1497.2236328125,1400544,0.0,0.0
2021-04-07,1522.0999755859375,1561.449951171875,1508.0,1514.0999755859375,1486.03466796875,2592185,0.0,0.0
2021-04-08,1529.25,1579.0,1525.5,1571.300048828125,1542.1744384765625,2085919,0.0,0.0
2021-04-09,1569.9000244140625,1618.0,1561.300048828125,1592.0,1562.4908447265625,3569146,0.0,0.0
2021-04-12,1571.0,1572.6500244140625,1502.25,1510.449951171875,1482.452392578125,1889829,0.0,0.0
2021-04-13,1528.5999755859375,1553.300048828125,1516.6500244140625,1530.5999755859375,1502.2288818359375,1880575,0.0,0.0
2021-04-15,1545.0,1554.5,1515.550048828125,1538.550048828125,1510.0316162109375,1313429,0.0,0.0
2021-04-16,1529.800048828125,1559.800048828125,1529.800048828125,1549.050048828125,1520.3369140625,1501276,0.0,0.0
2021-04-19,1525.0,1532.449951171875,1500.0999755859375,1518.699951171875,1490.5496826171875,1439975,0.0,0.0
2021-04-20,1524.199951171875,1560.0,1510.0,1522.9000244140625,1494.671875,1789104,0.0,0.0
2021-04-22,1530.0,1530.0,1473.1500244140625,1480.8499755859375,1453.401123046875,2200432,0.0,0.0
2021-04-23,1478.0,1496.9000244140625,1451.5999755859375,1461.449951171875,1434.360595703125,1726070,0.0,0.0
2021-04-26,1470.0,1489.75,1465.1500244140625,1479.8499755859375,1452.419677734375,1020499,0.0,0.0
2021-04-27,1485.0,1503.550048828125,1482.0,1495.0999755859375,1467.386962890625,1145908,0.0,0.0
2021-04-28,1505.0,1514.9000244140625,1491.699951171875,1508.8499755859375,1480.882080078125,1037771,0.0,0.0
2021-04-29,1524.0,1527.5,1497.0,1506.800048828125,1478.8701171875,1927546,0.0,0.0
2021-04-30,1500.0,1516.550048828125,1471.0,1491.6500244140625,1464.0008544921875,3691399,0.0,0.0
2021-05-03,1477.0,1477.0,1421.0,1423.949951171875,1397.5556640625,3945733,0.0,0.0
2021-05-04,1434.0,1434.0,1400.050048828125,1402.9000244140625,1376.89599609375,3194977,0.0,0.0
2021-05-05,1406.0,1431.9000244140625,1403.4000244140625,1428.4000244140625,1401.9232177734375,1819256,0.0,0.0
2021-05-06,1435.800048828125,1448.449951171875,1431.0,1444.4000244140625,1417.6268310546875,1464006,0.0,0.0
2021-05-07,1449.0,1459.25,1439.9000244140625,1446.5,1419.6878662109375,1190019,0.0,0.0
2021-05-10,1454.4000244140625,1469.75,1445.0,1455.1500244140625,1428.1776123046875,1322561,0.0,0.0
2021-05-11,1439.0999755859375,1457.949951171875,1432.0,1435.25,1408.646240234375,1582827,0.0,0.0
2021-05-12,1431.0,1460.0,1425.8499755859375,1454.949951171875,1427.9810791015625,1358169,0.0,0.0
2021-05-14,1469.0,1477.800048828125,1433.0,1455.8499755859375,1428.8646240234375,1876873,0.0,0.0
2021-05-17,1462.0,1470.800048828125,1438.0,1468.300048828125,1441.083740234375,2218758,0.0,0.0
2021-05-18,1480.0,1547.0999755859375,1476.25,1539.25,1510.7186279296875,3075596,0.0,0.0
2021-05-19,1522.25,1553.9000244140625,1516.800048828125,1521.1500244140625,1492.9541015625,1504440,0.0,0.0
2021-05-20,1523.0,1566.25,1522.5,1531.3499755859375,1502.965087890625,3032029,0.0,0.0
2021-05-21,1552.199951171875,1552.8499755859375,1533.550048828125,1538.3499755859375,1509.835205078125,1158893,0.0,0.0
2021-05-24,1532.1500244140625,1535.0,1505.449951171875,1520.75,1492.5614013671875,1126532,0.0,0.0
2021-05-25,1536.0,1574.9000244140625,1535.0,1569.1500244140625,1540.064453125,2530758,0.0,0.0
2021-05-26,1580.0,1614.0,1576.6500244140625,1582.949951171875,1553.6085205078125,3839248,0.0,0.0
2021-05-27,1590.699951171875,1606.949951171875,1567.3499755859375,1594.25,1564.69921875,2810155,0.0,0.0
2021-05-28,1595.0,1612.25,1570.550048828125,1577.0,1547.7686767578125,1028675,0.0,0.0
2021-05-31,1570.6500244140625,1608.25,1569.0,1596.25,1566.6622314453125,1525715,0.0,0.0
2021-06-01,1608.0,1612.0,1589.300048828125,1591.4000244140625,1561.9019775390625,1111933,0.0,0.0
2021-06-02,1581.0,1596.75,1564.199951171875,1585.699951171875,1556.3074951171875,1859258,0.0,0.0
2021-06-03,1601.0,1702.300048828125,1588.550048828125,1691.199951171875,1659.85205078125,7221910,0.0,0.0
2021-06-04,1713.800048828125,1713.800048828125,1665.5,1679.5,1648.3687744140625,2952017,0.0,0.0
2021-06-07,1685.8499755859375,1713.8499755859375,1676.0,1685.0999755859375,1653.864990234375,1471576,0.0,0.0
2021-06-08,1686.0,1726.0,1674.199951171875,1712.5,1680.75732421875,1743285,0.0,0.0
2021-06-09,1714.949951171875,1739.9000244140625,1696.1500244140625,1730.75,1698.6690673828125,2551140,0.0,0.0
2021-06-10,1741.4000244140625,1745.8499755859375,1722.199951171875,1738.6500244140625,1706.42236328125,1850763,0.0,0.0
2021-06-11,1736.550048828125,1743.0,1724.550048828125,1728.449951171875,1696.4114990234375,761647,0.0,0.0
2021-06-14,1728.449951171875,1740.0,1713.0,1734.800048828125,1702.6439208984375,887780,0.0,0.0
2021-06-15,1748.0,1748.949951171875,1719.5999755859375,1723.4000244140625,1691.455322265625,868275,0.0,0.0
2021-06-16,1724.0,1729.0,1706.5,1714.949951171875,1683.1617431640625,1116772,0.0,0.0
2021-06-17,1706.0,1722.0,1701.4000244140625,1711.4000244140625,1679.6776123046875,546515,0.0,0.0
2021-06-18,1700.0999755859375,1725.0,1686.0,1711.300048828125,1679.57958984375,2018319,0.0,0.0
2021-06-21,1699.0,1747.550048828125,1690.75,1742.8499755859375,1710.544677734375,925811,0.0,0.0
2021-06-22,1750.0999755859375,1770.800048828125,1748.0,1757.0,1724.432373046875,2083172,0.0,0.0
2021-06-23,1757.0,1786.0,1755.050048828125,1782.550048828125,1749.509033203125,1608518,0.0,0.0
2021-06-24,1785.0,1792.949951171875,1767.5999755859375,1780.8499755859375,1747.8402099609375,1271298,0.0,0.0
2021-06-25,1785.0,1792.0,1742.0,1753.8499755859375,1721.3408203125,1378327,0.0,0.0
2021-06-28,1768.5,1768.5,1719.75,1728.050048828125,1696.0191650390625,1339433,0.0,0.0
2021-06-29,1735.800048828125,1746.0,1721.25,1731.5999755859375,1699.503173828125,1236704,0.0,0.0
2021-06-30,1738.0,1755.3499755859375,1728.1500244140625,1732.5,1700.386474609375,803926,0.0,0.0
2021-07-01,1729.0,1746.4000244140625,1725.75,1740.300048828125,1708.0421142578125,567971,0.0,0.0
2021-07-02,1755.0,1767.8499755859375,1740.199951171875,1754.75,1722.22412109375,1259675,0.0,0.0
2021-07-05,1760.0,1762.9000244140625,1743.0,1749.9000244140625,1717.4639892578125,632904,0.0,0.0
2021-07-06,1750.0,1774.0,1746.050048828125,1762.800048828125,1730.125,960973,0.0,0.0
2021-07-07,1762.800048828125,1783.4000244140625,1718.0,1727.25,1695.2337646484375,2188364,0.0,0.0
2021-07-08,1730.0,1746.0,1721.25,1726.3499755859375,1694.3504638671875,1167637,0.0,0.0
2021-07-09,1724.0,1739.949951171875,1718.0,1720.5999755859375,1688.70703125,831213,0.0,0.0
2021-07-12,1730.0,1739.199951171875,1711.9000244140625,1719.8499755859375,1687.970947265625,792602,0.0,0.0
2021-07-13,1730.0,1735.0,1717.449951171875,1724.25,1692.2894287109375,797913,0.0,0.0
2021-07-14,1726.0,1728.5999755859375,1705.0,1710.3499755859375,1678.64697265625,891780,0.0,0.0
2021-07-15,1705.5,1716.75,1694.5,1701.550048828125,1670.0101318359375,943422,0.0,0.0
2021-07-16,1706.9000244140625,1710.0,1688.6500244140625,1695.3499755859375,1663.9251708984375,907734,0.0,0.0
2021-07-19,1694.3499755859375,1709.25,1674.9000244140625,1680.3499755859375,1649.2032470703125,831260,0.0,0.0
2021-07-20,1680.3499755859375,1691.449951171875,1662.5,1671.4000244140625,1640.4190673828125,819793,0.0,0.0
2021-07-22,1695.0,1714.6500244140625,1682.199951171875,1701.75,1674.2132568359375,1146821,4.0,0.0
2021-07-23,1714.6500244140625,1725.949951171875,1697.0,1700.949951171875,1673.426025390625,1053239,0.0,0.0
2021-07-26,1700.9000244140625,1736.8499755859375,1700.0,1722.8499755859375,1694.9716796875,1435514,0.0,0.0
2021-07-27,1733.0,1742.4000244140625,1713.3499755859375,1729.050048828125,1701.071533203125,1075244,0.0,0.0
2021-07-28,1730.0,1749.199951171875,1715.5999755859375,1723.550048828125,1695.66064453125,1714957,0.0,0.0
2021-07-29,1739.0,1756.300048828125,1727.800048828125,1739.1500244140625,1711.008056640625,1346162,0.0,0.0
2021-07-30,1742.0,1747.9000244140625,1711.199951171875,1714.550048828125,1686.8062744140625,1199644,0.0,0.0
2021-08-02,1728.0,1776.0,1725.0,1771.550048828125,1742.8837890625,1718511,0.0,0.0
2021-08-03,1780.0,1854.949951171875,1777.1500244140625,1840.199951171875,1810.4228515625,5956344,0.0,0.0
2021-08-04,1857.199951171875,1858.6500244140625,1795.0,1799.5999755859375,1770.47998046875,2040687,0.0,0.0
2021-08-05,1820.050048828125,1821.199951171875,1763.199951171875,1799.300048828125,1770.184814453125,2301814,0.0,0.0
2021-08-06,1796.0,1796.3499755859375,1778.0,1787.75,1758.8214111328125,877876,0.0,0.0
2021-08-09,1787.75,1831.5999755859373,1777.75,1799.1500244140625,1770.0372314453125,1770502,0.0,0.0
2021-08-10,1810.0,1822.0,1793.3499755859375,1799.199951171875,1770.086181640625,862746,0.0,0.0
2021-08-11,1805.0,1815.0,1773.550048828125,1789.4000244140625,1760.44482421875,748179,0.0,0.0
2021-08-12,1798.0,1829.5999755859373,1781.0,1823.5999755859373,1794.0914306640625,889082,0.0,0.0
2021-08-13,1830.0,1841.0,1818.75,1837.9000244140625,1808.16015625,1194666,0.0,0.0
2021-08-16,1828.0,1847.050048828125,1817.0,1837.199951171875,1807.4715576171875,461655,0.0,0.0
2021-08-17,1840.0,1878.3499755859373,1828.6500244140625,1874.449951171875,1844.11865234375,1917077,0.0,0.0
2021-08-18,1887.800048828125,1890.6500244140625,1860.0,1880.300048828125,1849.8741455078125,1029077,0.0,0.0
2021-08-20,1859.4000244140625,1892.300048828125,1857.949951171875,1876.800048828125,1846.4305419921875,1070166,0.0,0.0
2021-08-23,1889.0,1895.0,1847.8499755859373,1870.3499755859373,1840.0849609375,1092285,0.0,0.0
2021-08-24,1883.0,1887.300048828125,1852.5999755859373,1869.5999755859373,1839.34716796875,1003905,0.0,0.0
2021-08-25,1860.0,1869.699951171875,1820.0,1822.6500244140625,1793.1568603515625,1280400,0.0,0.0
2021-08-26,1822.6500244140625,1834.5999755859373,1805.25,1815.3499755859373,1785.9749755859375,1059290,0.0,0.0
2021-08-27,1824.0,1830.0,1797.0,1822.550048828125,1793.0587158203125,1020589,0.0,0.0
2021-08-30,1835.0,1886.949951171875,1831.800048828125,1878.449951171875,1848.0538330078125,1670309,0.0,0.0
2021-08-31,1878.449951171875,1925.0,1875.550048828125,1921.5999755859373,1890.505615234375,1816071,0.0,0.0
2021-09-01,1925.199951171875,1953.949951171875,1915.0,1939.4000244140625,1908.0179443359373,1247432,0.0,0.0
2021-09-02,1958.5,1979.5,1946.8499755859373,1967.0999755859373,1935.2694091796875,1167157,0.0,0.0
2021-09-03,1970.0999755859373,2024.4000244140625,1970.0999755859373,2019.300048828125,1986.624755859375,1548784,0.0,0.0
2021-09-06,2025.0,2032.8499755859373,2006.1500244140625,2020.6500244140625,1987.9530029296875,679133,0.0,0.0
2021-09-07,2014.0,2039.9000244140625,2012.699951171875,2033.9000244140625,2000.988525390625,773091,0.0,0.0
2021-09-08,2033.949951171875,2067.0,2015.050048828125,2055.949951171875,2022.6817626953125,796813,0.0,0.0
2021-09-09,2052.0,2060.0,2021.050048828125,2034.300048828125,2001.3822021484373,653397,0.0,0.0
2021-09-13,2037.0,2043.449951171875,2021.1500244140625,2030.6500244140625,1997.7911376953125,786459,0.0,0.0
2021-09-14,2038.9000244140625,2061.5,2032.050048828125,2055.699951171875,2022.435791015625,888765,0.0,0.0
2021-09-15,2060.0,2133.0,2060.0,2119.85009765625,2085.5478515625,2795995,0.0,0.0
2021-09-16,2132.949951171875,2132.949951171875,2095.050048828125,2108.699951171875,2074.578125,725123,0.0,0.0
2021-09-17,2113.949951171875,2150.0,2080.0,2095.60009765625,2061.690185546875,1727410,0.0,0.0
2021-09-20,2088.0,2096.0,2070.550048828125,2077.35009765625,2043.7353515625,411738,0.0,0.0
2021-09-21,2075.0,2097.5,2062.10009765625,2085.85009765625,2052.097900390625,539788,0.0,0.0
2021-09-22,2096.800048828125,2110.949951171875,2073.39990234375,2081.050048828125,2047.3756103515625,1057480,0.0,0.0
2021-09-23,2090.0,2113.75,2076.60009765625,2105.050048828125,2070.9873046875,711634,0.0,0.0
2021-09-24,2105.0,2115.0,2085.0,2092.89990234375,2059.03369140625,540771,0.0,0.0
2021-09-27,2099.0,2107.35009765625,2077.199951171875,2090.25,2056.4267578125,507550,0.0,0.0
2021-09-28,2083.199951171875,2138.0,2083.050048828125,2129.300048828125,2094.84521484375,923489,0.0,0.0
2021-09-29,2129.0,2167.89990234375,2110.050048828125,2147.5,2112.750244140625,912912,0.0,0.0
2021-09-30,2149.89990234375,2185.0,2136.300048828125,2161.85009765625,2126.8681640625,1374265,0.0,0.0
2021-10-01,2157.0,2175.0,2122.64990234375,2163.75,2128.7373046875,626710,0.0,0.0
2021-10-04,2160.0,2174.300048828125,2138.0,2155.300048828125,2120.42431640625,870878,0.0,0.0
2021-10-05,2155.300048828125,2206.64990234375,2130.0,2192.64990234375,2157.169677734375,1329784,0.0,0.0
2021-10-06,2194.0,2204.699951171875,2135.10009765625,2147.64990234375,2112.897705078125,895210,0.0,0.0
2021-10-07,2255.0,2384.25,2250.0,2375.35009765625,2336.91357421875,8361061,0.0,0.0
2021-10-08,2420.0,2420.0,2353.0,2358.199951171875,2320.040771484375,1845797,0.0,0.0
2021-10-11,2377.0,2406.10009765625,2357.550048828125,2362.39990234375,2324.1728515625,1056932,0.0,0.0
2021-10-12,2365.0,2507.800048828125,2342.64990234375,2492.60009765625,2452.26611328125,3517011,0.0,0.0
2021-10-13,2539.89990234375,2608.949951171875,2490.0,2537.199951171875,2496.14453125,4023645,0.0,0.0
2021-10-14,2575.300048828125,2584.0,2532.35009765625,2564.050048828125,2522.56005859375,1546459,0.0,0.0
2021-10-18,2620.0,2677.89990234375,2575.5,2588.800048828125,2546.90966796875,2572741,0.0,0.0
2021-10-19,2638.0,2638.0,2468.75,2484.89990234375,2444.69091796875,3546129,0.0,0.0
2021-10-20,2487.10009765625,2505.550048828125,2403.0,2411.39990234375,2372.3798828125,2868983,0.0,0.0
2021-10-21,2433.89990234375,2435.949951171875,2380.050048828125,2395.699951171875,2356.933837890625,2303014,0.0,0.0
2021-10-22,2417.39990234375,2494.949951171875,2398.0,2412.0,2372.97021484375,3063724,0.0,0.0
2021-10-25,2405.0,2412.0,2340.0,2379.14990234375,2340.65185546875,1446182,0.0,0.0
2021-10-26,2390.0,2468.449951171875,2371.0,2454.75,2415.028564453125,2567357,0.0,0.0
2021-10-27,2468.0,2482.35009765625,2452.199951171875,2460.10009765625,2420.292236328125,2082690,0.0,0.0
2021-10-28,2470.0,2470.0,2360.0,2375.14990234375,2336.716796875,3330380,0.0,0.0
2021-10-29,2400.0,2404.0,2346.550048828125,2383.550048828125,2344.980712890625,1450019,0.0,0.0
2021-11-01,2441.449951171875,2441.449951171875,2390.35009765625,2406.300048828125,2367.36279296875,1276469,0.0,0.0
2021-11-02,2422.800048828125,2464.800048828125,2421.050048828125,2453.949951171875,2414.241455078125,1546219,0.0,0.0
2021-11-03,2462.0,2471.64990234375,2406.050048828125,2417.949951171875,2378.82421875,1554405,0.0,0.0
2021-11-04,2439.0,2444.800048828125,2422.0,2431.75,2392.40087890625,181506,0.0,0.0
2021-11-08,2477.89990234375,2548.699951171875,2448.300048828125,2536.75,2495.701904296875,3449086,0.0,0.0
2021-11-09,2528.949951171875,2543.800048828125,2491.14990234375,2512.10009765625,2471.450439453125,1097405,0.0,0.0
2021-11-10,2505.0,2526.85009765625,2472.199951171875,2484.60009765625,2444.395751953125,911235,0.0,0.0
2021-11-11,2484.0,2542.800048828125,2476.300048828125,2528.10009765625,2487.19189453125,1726010,0.0,0.0
2021-11-12,2547.85009765625,2561.75,2523.0,2539.5,2498.4072265625,1673817,0.0,0.0
2021-11-15,2551.0,2572.699951171875,2531.699951171875,2539.39990234375,2498.30859375,846885,0.0,0.0
2021-11-16,2550.10009765625,2551.35009765625,2520.14990234375,2531.75,2490.78271484375,1133767,0.0,0.0
2021-11-17,2522.89990234375,2539.0,2491.10009765625,2499.35009765625,2458.90673828125,892518,0.0,0.0
2021-11-18,2492.0,2520.0,2456.5,2478.199951171875,2438.09912109375,739912,0.0,0.0
2021-11-22,2492.39990234375,2492.39990234375,2353.0,2391.300048828125,2352.605224609375,1361329,0.0,0.0
2021-11-23,2380.0,2410.949951171875,2365.050048828125,2387.699951171875,2349.0634765625,1247942,0.0,0.0
2021-11-24,2400.0,2405.25,2365.0,2375.85009765625,2337.405517578125,614145,0.0,0.0
2021-11-25,2360.0,2403.199951171875,2355.14990234375,2397.800048828125,2359.000244140625,662071,0.0,0.0
2021-11-26,2377.800048828125,2385.10009765625,2285.050048828125,2292.300048828125,2255.207275390625,1289322,0.0,0.0
2021-11-29,2290.0,2334.39990234375,2231.39990234375,2324.199951171875,2286.5908203125,1094276,0.0,0.0
2021-11-30,2336.39990234375,2390.0,2336.39990234375,2375.5,2337.06103515625,2675375,0.0,0.0
2021-12-01,2409.800048828125,2441.949951171875,2347.39990234375,2360.199951171875,2322.00830078125,2177426,0.0,0.0
2021-12-02,2369.0,2422.5,2360.050048828125,2386.5,2347.883056640625,1682636,0.0,0.0
2021-12-03,2405.0,2405.449951171875,2355.050048828125,2369.25,2330.911865234375,1062389,0.0,0.0
2021-12-06,2361.35009765625,2379.85009765625,2318.39990234375,2325.300048828125,2287.67333984375,547641,0.0,0.0
2021-12-07,2336.5,2385.85009765625,2325.35009765625,2380.550048828125,2342.029541015625,904175,0.0,0.0
2021-12-08,2385.0,2418.0,2377.10009765625,2405.550048828125,2366.624755859375,926476,0.0,0.0
2021-12-09,2424.0,2424.0,2355.85009765625,2373.14990234375,2334.748779296875,1250492,0.0,0.0
2021-12-10,2385.39990234375,2385.39990234375,2296.300048828125,2339.35009765625,2301.49609375,2288164,0.0,0.0
2021-12-13,2352.60009765625,2386.0,2340.10009765625,2350.5,2312.465576171875,992852,0.0,0.0
2021-12-14,2342.699951171875,2371.25,2318.75,2354.85009765625,2316.745361328125,765269,0.0,0.0
2021-12-15,2355.10009765625,2368.25,2317.449951171875,2323.14990234375,2285.557861328125,567271,0.0,0.0
2021-12-16,2344.10009765625,2364.800048828125,2325.25,2357.25,2319.106201171875,998086,0.0,0.0
2021-12-17,2336.0,2339.300048828125,2257.10009765625,2280.39990234375,2243.49951171875,1591893,0.0,0.0
2021-12-20,2259.699951171875,2263.14990234375,2205.0,2239.35009765625,2203.114501953125,1063366,0.0,0.0
2021-12-21,2251.300048828125,2310.0,2251.300048828125,2287.64990234375,2250.632568359375,883858,0.0,0.0
2021-12-22,2306.300048828125,2308.10009765625,2282.35009765625,2299.75,2262.536865234375,643034,0.0,0.0
2021-12-23,2320.0,2337.550048828125,2310.0,2329.89990234375,2292.198486328125,613686,0.0,0.0
2021-12-24,2340.10009765625,2341.89990234375,2310.0,2319.449951171875,2281.917724609375,534065,0.0,0.0
2021-12-27,2306.14990234375,2344.0,2286.300048828125,2331.300048828125,2293.576171875,537545,0.0,0.0
2021-12-28,2340.10009765625,2384.949951171875,2327.5,2379.85009765625,2341.3408203125,871453,0.0,0.0
2021-12-29,2379.0,2416.449951171875,2370.35009765625,2402.14990234375,2363.279541015625,764644,0.0,0.0
2021-12-30,2393.800048828125,2448.0,2390.699951171875,2437.300048828125,2397.86083984375,1152684,0.0,0.0
2021-12-31,2447.300048828125,2535.0,2444.60009765625,2522.39990234375,2481.583984375,2225749,0.0,0.0
2022-01-03,2510.0,2546.0,2502.300048828125,2523.85009765625,2483.010498046875,921729,0.0,0.0
2022-01-04,2525.0,2594.949951171875,2524.39990234375,2583.0,2541.203369140625,1037293,0.0,0.0
2022-01-05,2576.0,2608.0,2560.10009765625,2576.14990234375,2534.464111328125,1244568,0.0,0.0
2022-01-06,2540.0,2601.35009765625,2538.449951171875,2595.89990234375,2553.89453125,1130508,0.0,0.0
2022-01-07,2630.0,2687.25,2562.35009765625,2572.699951171875,2531.06982421875,4625230,0.0,0.0
2022-01-10,2585.0,2663.550048828125,2571.0,2657.5,2614.497802734375,1894316,0.0,0.0
2022-01-11,2650.0,2678.75,2634.300048828125,2653.35009765625,2610.4150390625,1123968,0.0,0.0
2022-01-12,2641.0,2672.0,2608.0,2612.949951171875,2570.668701171875,1293999,0.0,0.0
2022-01-13,2611.0,2628.89990234375,2588.0,2619.25,2576.86669921875,1023670,0.0,0.0
2022-01-14,2626.0,2639.0,2588.85009765625,2592.75,2550.7958984375,1166457,0.0,0.0
2022-01-17,2592.75,2604.300048828125,2550.39990234375,2597.550048828125,2555.51806640625,1172956,0.0,0.0
2022-01-18,2598.0,2635.0,2587.0,2600.60009765625,2558.518798828125,1221314,0.0,0.0
2022-01-19,2598.0,2617.800048828125,2571.10009765625,2588.89990234375,2547.007568359375,629040,0.0,0.0
2022-01-20,2597.0,2610.0,2550.0,2564.300048828125,2522.805908203125,1215237,0.0,0.0
2022-01-21,2548.0,2561.89990234375,2505.0,2528.14990234375,2487.240966796875,1457884,0.0,0.0
2022-01-24,2520.0,2522.550048828125,2376.0,2403.050048828125,2364.1650390625,1411443,0.0,0.0
2022-01-25,2386.0,2407.75,2330.39990234375,2376.5,2338.044921875,2849686,0.0,0.0
2022-01-27,2327.0,2360.39990234375,2260.0,2310.050048828125,2272.670166015625,2460051,0.0,0.0
2022-01-28,2313.0,2377.800048828125,2308.0,2315.60009765625,2278.130615234375,1317407,0.0,0.0
2022-01-31,2353.0,2380.0,2336.35009765625,2360.300048828125,2322.10693359375,900510,0.0,0.0
2022-02-01,2378.800048828125,2442.10009765625,2358.949951171875,2431.800048828125,2392.449951171875,1246431,0.0,0.0
2022-02-02,2451.0,2477.89990234375,2441.75,2464.0,2424.12890625,1144427,0.0,0.0
2022-02-03,2480.5,2506.550048828125,2417.0,2474.949951171875,2434.901611328125,3883564,0.0,0.0
2022-02-04,2510.0,2520.0,2430.0,2471.14990234375,2431.1630859375,2718069,0.0,0.0
2022-02-07,2480.0,2498.14990234375,2388.0,2409.199951171875,2370.215576171875,1119632,0.0,0.0
2022-02-08,2418.39990234375,2465.0,2400.89990234375,2443.64990234375,2404.108154296875,1524580,0.0,0.0
2022-02-09,2465.0,2495.0,2456.050048828125,2484.800048828125,2444.592529296875,826261,0.0,0.0
2022-02-10,2499.949951171875,2503.949951171875,2465.550048828125,2491.85009765625,2451.528564453125,788689,0.0,0.0
2022-02-11,2480.0,2480.0,2421.25,2442.25,2402.730712890625,1030760,0.0,0.0
2022-02-14,2380.0,2423.0,2351.25,2398.0,2359.19677734375,816491,0.0,0.0
2022-02-15,2421.949951171875,2499.800048828125,2399.0,2495.89990234375,2455.512451171875,1293933,0.0,0.0
2022-02-16,2510.0,2519.89990234375,2460.25,2488.050048828125,2447.78955078125,1008929,0.0,0.0
2022-02-17,2509.5,2537.5,2487.0,2493.199951171875,2452.8564453125,960885,0.0,0.0
2022-02-18,2479.300048828125,2499.5,2460.800048828125,2488.949951171875,2448.675048828125,654373,0.0,0.0
2022-02-21,2488.0,2488.0,2411.050048828125,2454.35009765625,2414.63525390625,788568,0.0,0.0
2022-02-22,2377.0,2457.0,2377.0,2450.10009765625,2410.453857421875,874150,0.0,0.0
2022-02-23,2452.0,2525.0,2452.0,2495.699951171875,2455.315673828125,2096198,0.0,0.0
2022-02-24,2402.0,2466.0,2395.0,2406.60009765625,2367.657958984375,1875086,0.0,0.0
2022-02-25,2423.5,2474.0,2423.5,2468.449951171875,2428.5068359375,1284338,0.0,0.0
2022-02-28,2430.0,2563.64990234375,2430.0,2546.550048828125,2505.343017578125,2355891,0.0,0.0
2022-03-02,2550.0,2604.800048828125,2524.35009765625,2592.64990234375,2550.697021484375,3536974,0.0,0.0
2022-03-03,2620.0,2639.800048828125,2560.0,2574.25,2532.5947265625,2153478,0.0,0.0
2022-03-04,2565.0,2565.0,2430.0,2441.0,2401.5009765625,2652474,0.0,0.0
2022-03-07,2414.800048828125,2419.949951171875,2330.0,2389.699951171875,2351.031005859375,1545686,0.0,0.0
2022-03-08,2400.0,2419.5,2325.60009765625,2371.25,2332.8798828125,1467595,0.0,0.0
2022-03-09,2393.0,2460.5,2375.0,2433.64990234375,2394.269775390625,1581979,0.0,0.0
2022-03-10,2498.0,2504.75,2444.85009765625,2467.800048828125,2427.867431640625,1051744,0.0,0.0
2022-03-11,2478.0,2498.199951171875,2448.85009765625,2493.60009765625,2453.25,812330,0.0,0.0
2022-03-14,2490.0,2545.0,2475.0,2539.0,2497.91552734375,1004492,0.0,0.0
2022-03-15,2559.0,2579.0,2543.199951171875,2556.949951171875,2515.574951171875,1571483,0.0,0.0
2022-03-16,2577.800048828125,2593.5,2566.0,2587.300048828125,2545.433837890625,757197,0.0,0.0
2022-03-17,2600.10009765625,2721.64990234375,2600.10009765625,2703.0,2659.261474609375,3336088,0.0,0.0
2022-03-21,2740.0,2768.0,2700.0,2707.25,2663.442626953125,1889261,0.0,0.0
2022-03-22,2716.25,2718.800048828125,2646.449951171875,2712.75,2668.85400390625,1279904,0.0,0.0
2022-03-23,2730.0,2742.949951171875,2677.85009765625,2690.0,2646.4716796875,1281815,0.0,0.0
2022-03-24,2694.0,2694.0,2612.550048828125,2618.5,2576.12890625,1835380,0.0,0.0
2022-03-25,2631.0,2634.0,2518.0,2523.89990234375,2483.059814453125,2863040,0.0,0.0
2022-03-28,2536.5,2545.550048828125,2483.0,2535.89990234375,2494.865234375,1316800,0.0,0.0
2022-03-29,2550.0,2559.0,2525.300048828125,2538.800048828125,2497.71826171875,908172,0.0,0.0
2022-03-30,2556.300048828125,2565.75,2510.0,2523.14990234375,2482.32177734375,866666,0.0,0.0
2022-03-31,2525.25,2545.39990234375,2519.949951171875,2536.14990234375,2495.111328125,910316,0.0,0.0
2022-04-01,2538.0,2550.0,2491.85009765625,2520.85009765625,2480.05908203125,1208002,0.0,0.0
2022-04-04,2540.35009765625,2562.0,2508.75,2517.0,2476.271240234375,1424995,0.0,0.0
2022-04-05,2532.0,2577.800048828125,2520.050048828125,2549.199951171875,2507.9501953125,1586304,0.0,0.0
2022-04-06,2547.0,2564.89990234375,2523.300048828125,2540.050048828125,2498.948486328125,1349078,0.0,0.0
2022-04-07,2502.300048828125,2544.449951171875,2452.0,2458.35009765625,2418.5703125,2785215,0.0,0.0
2022-04-08,2468.35009765625,2532.64990234375,2465.0,2509.949951171875,2469.335205078125,1217812,0.0,0.0
2022-04-11,2503.0,2509.949951171875,2477.39990234375,2489.85009765625,2449.560791015625,660112,0.0,0.0
2022-04-12,2480.0,2508.5,2440.25,2488.199951171875,2447.93701171875,1182427,0.0,0.0
2022-04-13,2492.199951171875,2495.949951171875,2441.10009765625,2461.35009765625,2421.521728515625,1165453,0.0,0.0
2022-04-18,2435.0,2500.0,2410.0,2493.449951171875,2453.102294921875,1109814,0.0,0.0
2022-04-19,2509.39990234375,2520.60009765625,2441.0,2452.60009765625,2412.91357421875,929834,0.0,0.0
2022-04-20,2453.050048828125,2505.0,2442.699951171875,2482.699951171875,2442.526123046875,639190,0.0,0.0
2022-04-21,2482.699951171875,2524.949951171875,2466.0,2521.0,2480.206298828125,880723,0.0,0.0
2022-04-22,2515.0,2526.449951171875,2476.5,2512.699951171875,2472.040771484375,878780,0.0,0.0
2022-04-25,2471.0,2489.0,2447.050048828125,2453.89990234375,2414.192138671875,682383,0.0,0.0
2022-04-26,2460.0,2552.14990234375,2459.0,2548.199951171875,2506.96630859375,1232557,0.0,0.0
2022-04-27,2528.64990234375,2537.800048828125,2488.25,2492.35009765625,2452.020263671875,801135,0.0,0.0
2022-04-28,2529.89990234375,2531.0,2477.0,2513.199951171875,2472.53271484375,933881,0.0,0.0
2022-04-29,2521.0,2532.0,2450.0,2458.199951171875,2418.422607421875,1496781,0.0,0.0
2022-05-02,2435.0,2437.0,2372.35009765625,2386.550048828125,2347.931884765625,1287401,0.0,0.0
2022-05-04,2356.0,2407.0,2275.0,2289.949951171875,2252.895263671875,2357806,0.0,0.0
2022-05-05,2309.0,2309.0,2252.14990234375,2262.0,2225.3974609375,2118580,0.0,0.0
2022-05-06,2240.0,2240.0,2195.449951171875,2208.75,2173.00927734375,1465638,0.0,0.0
2022-05-09,2195.0,2213.35009765625,2171.0,2183.199951171875,2147.87255859375,968069,0.0,0.0
2022-05-10,2180.0,2186.0,2125.0,2137.35009765625,2102.7646484375,1092429,0.0,0.0
2022-05-11,2127.199951171875,2138.0,2095.75,2114.699951171875,2080.481201171875,1472911,0.0,0.0
2022-05-12,2102.0,2103.89990234375,2035.550048828125,2048.550048828125,2015.4014892578125,1362031,0.0,0.0
2022-05-13,2056.14990234375,2154.0,2056.14990234375,2091.699951171875,2057.85302734375,2580348,0.0,0.0
2022-05-16,2118.0,2152.0,2096.699951171875,2109.60009765625,2075.463623046875,1370151,0.0,0.0
2022-05-17,2145.0,2185.0,2111.0,2176.35009765625,2141.13330078125,1256142,0.0,0.0
2022-05-18,2187.0,2194.300048828125,2161.0,2166.75,2131.68896484375,1188772,0.0,0.0
2022-05-19,2125.0,2156.10009765625,2055.10009765625,2111.949951171875,2077.775634765625,981115,0.0,0.0
2022-05-20,2139.89990234375,2155.550048828125,2129.199951171875,2137.050048828125,2102.469482421875,1017542,0.0,0.0
2022-05-23,2160.0,2200.0,2138.0,2151.300048828125,2116.48876953125,1346294,0.0,0.0
2022-05-24,2151.64990234375,2165.0,2121.35009765625,2140.25,2105.61767578125,1150314,0.0,0.0
2022-05-25,2160.0,2181.0,2106.0,2113.39990234375,2079.20166015625,1125068,0.0,0.0
2022-05-26,2132.0,2150.85009765625,2075.5,2141.949951171875,2107.2900390625,1382368,0.0,0.0
2022-05-27,2155.0,2159.949951171875,2123.39990234375,2149.199951171875,2114.4228515625,865917,0.0,0.0
2022-05-30,2164.0,2260.0,2164.0,2255.89990234375,2219.396240234375,1691435,0.0,0.0
2022-05-31,2254.89990234375,2300.0,2176.60009765625,2216.0,2180.142333984375,7005071,0.0,0.0
2022-06-01,2255.0,2304.89990234375,2180.0,2197.60009765625,2162.039794921875,2126105,0.0,0.0
2022-06-02,2176.60009765625,2225.35009765625,2176.60009765625,2220.949951171875,2185.011962890625,966727,0.0,0.0
2022-06-03,2231.64990234375,2244.949951171875,2197.75,2204.39990234375,2168.729736328125,1228695,0.0,0.0
2022-06-06,2204.39990234375,2208.949951171875,2165.949951171875,2198.550048828125,2162.97412109375,1285097,0.0,0.0
2022-06-07,2173.550048828125,2179.449951171875,2088.0,2100.800048828125,2066.80615234375,3255286,0.0,0.0
2022-06-08,2106.050048828125,2133.0,2096.550048828125,2128.85009765625,2094.40234375,1775344,0.0,0.0
2022-06-09,2106.0,2154.0,2103.0,2139.699951171875,2105.076171875,1035771,0.0,0.0
2022-06-10,2108.0,2166.0,2108.0,2142.25,2107.585205078125,927889,0.0,0.0
2022-06-13,2108.0,2124.449951171875,2076.199951171875,2102.39990234375,2068.3798828125,928411,0.0,0.0
2022-06-14,2100.0,2116.89990234375,2072.64990234375,2102.0,2067.986572265625,893733,0.0,0.0
2022-06-15,2104.0,2127.5,2090.0,2105.050048828125,2070.9873046875,783714,0.0,0.0
2022-06-16,2126.39990234375,2145.0,2042.050048828125,2060.949951171875,2027.6007080078125,1265289,0.0,0.0
2022-06-17,2041.0,2051.64990234375,1910.550048828125,1936.449951171875,1905.1153564453125,6066708,0.0,0.0
2022-06-20,1938.0,1973.449951171875,1905.449951171875,1961.699951171875,1929.956787109375,1967950,0.0,0.0
2022-06-21,1979.9000244140625,2093.75,1966.5,2078.10009765625,2044.4735107421875,3289922,0.0,0.0
2022-06-22,2070.0,2070.949951171875,2007.0,2031.199951171875,1998.3321533203125,1507811,0.0,0.0
2022-06-23,2040.0,2047.800048828125,1997.1500244140625,2041.4000244140625,2008.3671875,1632845,0.0,0.0
2022-06-24,2053.550048828125,2076.39990234375,2033.949951171875,2045.5999755859373,2012.499267578125,854618,0.0,0.0
2022-06-27,2082.0,2083.64990234375,2025.0,2040.300048828125,2007.28515625,1067849,0.0,0.0
2022-06-28,2020.0,2022.0,1960.0,1968.050048828125,1936.2042236328125,3397585,0.0,0.0
2022-06-29,1950.0,1954.300048828125,1923.0,1936.1500244140625,1904.8201904296875,2375427,0.0,0.0
2022-06-30,1950.0,1965.75,1926.0,1941.25,1909.837646484375,2489709,0.0,0.0
2022-07-01,1895.0,1954.3499755859373,1825.050048828125,1946.199951171875,1914.70751953125,4064801,0.0,0.0
2022-07-04,1954.0,1966.5999755859373,1928.0,1962.5,1930.7437744140625,1023678,0.0,0.0
2022-07-05,1967.0,1989.0999755859373,1940.550048828125,1954.25,1922.6273193359373,1555345,0.0,0.0
2022-07-06,1958.0,2025.5,1941.3499755859373,2013.550048828125,1980.9677734375,1952701,0.0,0.0
2022-07-07,2130.0,2171.60009765625,2102.550048828125,2127.5,2093.073974609375,5915740,0.0,0.0
2022-07-08,2140.0,2154.0,2110.5,2144.35009765625,2117.11474609375,2039331,7.5,0.0
2022-07-11,2153.0,2173.85009765625,2126.60009765625,2163.60009765625,2136.120361328125,1219508,0.0,0.0
2022-07-12,2132.0,2142.0,2114.449951171875,2130.0,2102.947021484375,1096542,0.0,0.0
2022-07-13,2130.0,2141.800048828125,2107.449951171875,2111.39990234375,2084.5830078125,1169721,0.0,0.0
2022-07-14,2132.0,2140.0,2113.0,2127.449951171875,2100.42919921875,767221,0.0,0.0
2022-07-15,2135.0,2193.14990234375,2132.199951171875,2189.699951171875,2161.888671875,1742573,0.0,0.0
2022-07-18,2196.0,2247.300048828125,2194.050048828125,2237.449951171875,2209.0322265625,2016386,0.0,0.0
2022-07-19,2232.5,2253.0,2216.699951171875,2241.199951171875,2212.734619140625,867223,0.0,0.0
2022-07-20,2280.0,2298.0,2261.10009765625,2271.199951171875,2242.353515625,1620332,0.0,0.0
2022-07-21,2285.0,2298.0,2264.0,2288.60009765625,2259.53271484375,1117118,0.0,0.0
2022-07-22,2299.0,2329.949951171875,2283.10009765625,2325.0,2295.47021484375,1185176,0.0,0.0
2022-07-25,2339.300048828125,2348.800048828125,2313.0,2328.85009765625,2299.271240234375,1248393,0.0,0.0
2022-07-26,2334.949951171875,2334.949951171875,2286.550048828125,2293.199951171875,2264.073974609375,1142159,0.0,0.0
2022-07-27,2285.10009765625,2311.0,2266.550048828125,2303.550048828125,2274.292724609375,1456382,0.0,0.0
2022-07-28,2321.0,2341.5,2305.050048828125,2334.64990234375,2304.99755859375,1126799,0.0,0.0
2022-07-29,2355.0,2392.5,2339.050048828125,2352.050048828125,2322.176513671875,1239445,0.0,0.0
2022-08-01,2364.800048828125,2381.050048828125,2339.0,2376.25,2346.0693359375,581266,0.0,0.0
2022-08-02,2370.0,2397.800048828125,2357.050048828125,2384.949951171875,2354.65869140625,777687,0.0,0.0
2022-08-03,2395.0,2425.89990234375,2355.0,2416.39990234375,2385.70947265625,1207016,0.0,0.0
2022-08-04,2429.949951171875,2430.449951171875,2370.949951171875,2423.64990234375,2392.8671875,1015590,0.0,0.0
2022-08-05,2425.199951171875,2472.39990234375,2417.35009765625,2432.800048828125,2401.90087890625,2443597,0.0,0.0
2022-08-08,2460.0,2474.699951171875,2433.14990234375,2446.949951171875,2415.871337890625,1576547,0.0,0.0
2022-08-10,2469.89990234375,2469.89990234375,2417.10009765625,2433.60009765625,2402.691162109375,1065998,0.0,0.0
2022-08-11,2446.199951171875,2486.0,2446.199951171875,2472.35009765625,2440.94873046875,1127878,0.0,0.0
2022-08-12,2472.0,2493.0,2461.89990234375,2471.949951171875,2440.5537109375,761420,0.0,0.0
2022-08-16,2461.10009765625,2499.5,2435.0,2493.85009765625,2462.17578125,1035928,0.0,0.0
2022-08-17,2495.0,2523.14990234375,2480.64990234375,2492.199951171875,2460.546630859375,863500,0.0,0.0
2022-08-18,2492.199951171875,2503.89990234375,2467.300048828125,2478.699951171875,2447.218017578125,827663,0.0,0.0
2022-08-19,2498.949951171875,2498.949951171875,2430.89990234375,2440.60009765625,2409.60205078125,751505,0.0,0.0
2022-08-22,2440.0,2458.0,2408.0,2417.60009765625,2386.894287109375,947292,0.0,0.0
2022-08-23,2407.0,2501.949951171875,2400.0,2480.199951171875,2448.69873046875,1417877,0.0,0.0
2022-08-24,2495.0,2495.0,2441.050048828125,2460.699951171875,2429.44677734375,672569,0.0,0.0
2022-08-25,2473.0,2501.60009765625,2456.699951171875,2466.449951171875,2435.12353515625,732577,0.0,0.0
2022-08-26,2483.050048828125,2556.0,2481.550048828125,2532.89990234375,2500.729736328125,2398253,0.0,0.0
2022-08-29,2457.25,2540.89990234375,2457.25,2531.699951171875,2499.544677734375,1149676,0.0,0.0
2022-08-30,2545.0,2623.10009765625,2543.0,2604.64990234375,2571.568603515625,1794736,0.0,0.0
2022-09-01,2592.949951171875,2647.14990234375,2565.64990234375,2622.0,2588.697998046875,1438313,0.0,0.0
2022-09-02,2631.0,2645.0,2607.050048828125,2612.60009765625,2579.41748046875,800453,0.0,0.0
2022-09-05,2625.0,2640.0,2610.85009765625,2627.35009765625,2593.980224609375,733481,0.0,0.0
2022-09-06,2631.699951171875,2646.89990234375,2611.0,2631.64990234375,2598.225341796875,680071,0.0,0.0
2022-09-07,2607.0,2641.39990234375,2600.39990234375,2637.75,2604.248046875,438635,0.0,0.0
2022-09-08,2649.0,2659.89990234375,2616.0,2626.699951171875,2593.33837890625,754150,0.0,0.0
2022-09-09,2652.0,2652.14990234375,2593.0,2603.449951171875,2570.383544921875,777186,0.0,0.0
2022-09-12,2616.800048828125,2669.699951171875,2610.0,2661.14990234375,2627.3505859375,808360,0.0,0.0
2022-09-13,2680.0,2723.0,2672.0,2705.550048828125,2671.18701171875,1536444,0.0,0.0
2022-09-14,2645.0,2712.0,2645.0,2700.60009765625,2666.299560546875,915281,0.0,0.0
2022-09-15,2714.14990234375,2717.0,2648.0,2656.14990234375,2622.414306640625,753648,0.0,0.0
2022-09-16,2648.0,2677.64990234375,2604.25,2611.800048828125,2578.62744140625,1425731,0.0,0.0
2022-09-19,2611.75,2632.0,2552.550048828125,2619.800048828125,2586.52587890625,808421,0.0,0.0
2022-09-20,2642.199951171875,2693.550048828125,2635.10009765625,2684.0,2649.91064453125,844553,0.0,0.0
2022-09-21,2688.0,2700.0,2656.64990234375,2666.64990234375,2632.78076171875,1052572,0.0,0.0
2022-09-22,2660.0,2744.949951171875,2650.0,2737.60009765625,2702.830078125,1352472,0.0,0.0
2022-09-23,2737.60009765625,2755.699951171875,2667.0,2672.449951171875,2638.507080078125,1226889,0.0,0.0
2022-09-26,2666.0,2677.949951171875,2563.550048828125,2655.5,2621.7724609375,1371409,0.0,0.0
2022-09-27,2669.949951171875,2679.550048828125,2585.550048828125,2600.35009765625,2567.322998046875,1246270,0.0,0.0
2022-09-28,2587.5,2634.5,2564.5,2576.949951171875,2544.22021484375,1419969,0.0,0.0
2022-09-29,2594.85009765625,2606.050048828125,2517.35009765625,2531.5,2499.347412109375,1177076,0.0,0.0
2022-09-30,2538.0,2637.39990234375,2522.60009765625,2606.949951171875,2573.83935546875,1453944,0.0,0.0
2022-10-03,2625.0,2625.0,2555.60009765625,2574.199951171875,2541.50537109375,1049142,0.0,0.0
2022-10-04,2629.0,2629.0,2571.64990234375,2585.10009765625,2552.266845703125,1291070,0.0,0.0
2022-10-06,2598.050048828125,2620.0,2581.60009765625,2592.85009765625,2559.918212890625,1409852,0.0,0.0
2022-10-07,2690.0,2745.0,2675.0,2730.5,2695.820068359375,5284814,0.0,0.0
2022-10-10,2710.0,2727.89990234375,2658.0,2680.10009765625,2646.060302734375,1290447,0.0,0.0
2022-10-11,2693.0,2694.0,2616.39990234375,2624.5,2591.16650390625,1067626,0.0,0.0
2022-10-12,2630.0,2644.89990234375,2606.0,2621.35009765625,2588.056396484375,1131702,0.0,0.0
2022-10-13,2610.0,2628.0,2591.0,2598.64990234375,2565.64453125,1038687,0.0,0.0
2022-10-14,2640.0,2663.60009765625,2607.75,2617.800048828125,2584.551513671875,1326916,0.0,0.0
2022-10-17,2613.89990234375,2634.89990234375,2602.550048828125,2625.0,2591.66015625,1111199,0.0,0.0
2022-10-18,2638.14990234375,2664.699951171875,2623.14990234375,2641.10009765625,2607.555419921875,771852,0.0,0.0
2022-10-19,2654.35009765625,2677.0,2640.0,2644.550048828125,2610.961669921875,1001916,0.0,0.0
2022-10-20,2640.0,2644.0,2581.35009765625,2631.5,2598.077392578125,1022636,0.0,0.0
2022-10-21,2650.0,2679.64990234375,2640.050048828125,2665.64990234375,2631.793701171875,986521,0.0,0.0
2022-10-24,2697.0,2699.89990234375,2679.14990234375,2683.89990234375,2649.811767578125,184595,0.0,0.0
2022-10-25,2697.35009765625,2697.35009765625,2662.0,2670.300048828125,2636.384765625,505759,0.0,0.0
2022-10-27,2700.0,2765.0,2680.0,2703.800048828125,2669.459228515625,2117791,0.0,0.0
2022-10-28,2708.949951171875,2738.89990234375,2693.25,2736.39990234375,2701.64501953125,1003160,0.0,0.0
2022-10-31,2750.0,2791.0,2738.25,2761.5,2726.42626953125,1144647,0.0,0.0
2022-11-01,2770.14990234375,2784.0,2741.0,2754.949951171875,2719.95947265625,890107,0.0,0.0
2022-11-02,2745.0,2747.35009765625,2703.0,2728.449951171875,2693.796142578125,1704942,0.0,0.0
2022-11-03,2705.0,2779.0,2705.0,2763.64990234375,2728.548828125,1227960,0.0,0.0
2022-11-04,2774.89990234375,2781.449951171875,2746.60009765625,2769.699951171875,2734.52197265625,1172058,0.0,0.0
2022-11-07,2772.0,2772.0,2706.300048828125,2741.550048828125,2706.729736328125,1825529,0.0,0.0
2022-11-09,2769.0,2769.0,2710.0,2718.10009765625,2683.577392578125,1184702,0.0,0.0
2022-11-10,2710.0,2711.10009765625,2628.0,2641.0,2607.456787109375,1198585,0.0,0.0
2022-11-11,2671.0,2694.39990234375,2641.550048828125,2651.800048828125,2618.11962890625,833729,0.0,0.0
2022-11-14,2658.0,2665.0,2623.199951171875,2629.800048828125,2596.399169921875,565428,0.0,0.0
2022-11-15,2642.949951171875,2669.14990234375,2621.050048828125,2656.64990234375,2622.90771484375,1033296,0.0,0.0
2022-11-16,2659.0,2678.199951171875,2630.0,2644.300048828125,2610.71484375,835064,0.0,0.0
2022-11-17,2638.0,2645.0,2576.0,2582.0,2549.205810546875,1265647,0.0,0.0
2022-11-18,2580.0,2583.39990234375,2545.0,2565.800048828125,2533.212158203125,1038751,0.0,0.0
2022-11-21,2552.0,2578.949951171875,2539.64990234375,2573.35009765625,2540.666015625,629040,0.0,0.0
2022-11-22,2580.0,2609.0,2561.0,2606.199951171875,2573.0986328125,912070,0.0,0.0
2022-11-23,2614.949951171875,2632.5,2590.800048828125,2601.75,2568.705322265625,992873,0.0,0.0
2022-11-24,2611.0,2618.300048828125,2592.5,2610.199951171875,2577.048095703125,752066,0.0,0.0
2022-11-25,2620.0,2620.0,2586.0,2595.39990234375,2562.435791015625,633047,0.0,0.0
2022-11-28,2584.39990234375,2608.5,2579.0,2592.25,2559.325927734375,665149,0.0,0.0
2022-11-29,2597.14990234375,2640.0,2595.050048828125,2613.75,2580.552490234375,866621,0.0,0.0
2022-11-30,2613.75,2665.0,2604.199951171875,2653.0,2619.304443359375,1569918,0.0,0.0
2022-12-01,2662.0,2665.0,2630.0,2638.699951171875,2605.18603515625,539844,0.0,0.0
2022-12-02,2648.0,2651.39990234375,2605.0,2617.89990234375,2584.64990234375,731396,0.0,0.0
2022-12-05,2629.0,2629.949951171875,2589.25,2615.64990234375,2582.4287109375,747114,0.0,0.0
2022-12-06,2619.800048828125,2624.0,2591.300048828125,2617.0,2583.76171875,706596,0.0,0.0
2022-12-07,2616.300048828125,2623.75,2586.699951171875,2596.85009765625,2563.867431640625,712914,0.0,0.0
2022-12-08,2596.85009765625,2613.89990234375,2578.75,2583.5,2550.68701171875,648288,0.0,0.0
2022-12-09,2597.0,2629.89990234375,2567.949951171875,2615.449951171875,2582.231201171875,935047,0.0,0.0
2022-12-12,2613.5,2613.5,2571.0,2584.64990234375,2551.822509765625,726330,0.0,0.0
2022-12-13,2597.39990234375,2600.0,2565.0,2575.89990234375,2543.183349609375,832740,0.0,0.0
2022-12-14,2574.85009765625,2596.0,2571.14990234375,2591.10009765625,2558.190673828125,767737,0.0,0.0
2022-12-15,2585.0,2588.64990234375,2514.550048828125,2522.699951171875,2490.659423828125,1225728,0.0,0.0
2022-12-16,2500.0,2520.0,2480.0,2482.85009765625,2451.3154296875,1177053,0.0,0.0
2022-12-19,2483.199951171875,2525.25,2468.699951171875,2521.800048828125,2489.77099609375,572224,0.0,0.0
2022-12-20,2516.800048828125,2517.60009765625,2482.10009765625,2508.14990234375,2476.2939453125,597902,0.0,0.0
2022-12-21,2515.0,2528.0,2481.0,2489.60009765625,2457.979736328125,519326,0.0,0.0
2022-12-22,2491.800048828125,2509.199951171875,2465.0,2483.0,2451.463623046875,557608,0.0,0.0
2022-12-23,2467.64990234375,2505.0,2455.0,2483.050048828125,2451.5126953125,1310439,0.0,0.0
2022-12-26,2487.75,2512.39990234375,2470.25,2481.10009765625,2449.58740234375,1076808,0.0,0.0
2022-12-27,2498.0,2519.89990234375,2485.60009765625,2503.550048828125,2471.75244140625,791283,0.0,0.0
2022-12-28,2502.800048828125,2596.0,2497.5,2580.14990234375,2547.379638671875,2443430,0.0,0.0
2022-12-29,2555.0,2588.85009765625,2542.199951171875,2553.25,2520.821044921875,1583143,0.0,0.0
2022-12-30,2564.0,2610.0,2553.050048828125,2597.5,2564.509033203125,1057182,0.0,0.0
2023-01-02,2607.0,2616.0,2556.800048828125,2565.75,2533.162109375,697408,0.0,0.0
2023-01-03,2568.0,2619.0,2555.050048828125,2613.60009765625,2580.404541015625,852511,0.0,0.0
2023-01-04,2618.800048828125,2626.25,2585.60009765625,2597.550048828125,2564.558837890625,832054,0.0,0.0
2023-01-05,2591.0,2620.0,2543.64990234375,2562.10009765625,2529.558837890625,1544601,0.0,0.0
2023-01-06,2560.0,2584.39990234375,2517.0,2538.10009765625,2505.864013671875,879019,0.0,0.0
2023-01-09,2529.949951171875,2529.949951171875,2467.800048828125,2484.64990234375,2453.092529296875,2324487,0.0,0.0
2023-01-10,2495.0,2498.699951171875,2456.0,2468.199951171875,2436.851318359375,948787,0.0,0.0
2023-01-11,2473.0,2488.60009765625,2431.0,2437.39990234375,2406.442626953125,1000412,0.0,0.0
2023-01-12,2450.0,2475.0,2432.0,2446.60009765625,2415.52587890625,874520,0.0,0.0
2023-01-13,2456.89990234375,2456.89990234375,2400.0,2417.199951171875,2386.499267578125,1416869,0.0,0.0
2023-01-16,2428.0,2434.800048828125,2392.0,2405.85009765625,2375.29345703125,737012,0.0,0.0
2023-01-17,2405.0,2417.89990234375,2386.0,2407.949951171875,2377.366455078125,926137,0.0,0.0
2023-01-18,2418.0,2429.85009765625,2412.800048828125,2424.10009765625,2393.3115234375,601233,0.0,0.0
2023-01-19,2392.5,2411.800048828125,2367.199951171875,2385.050048828125,2354.757568359375,1116874,0.0,0.0
2023-01-20,2389.949951171875,2396.949951171875,2353.0,2371.300048828125,2341.18212890625,1229902,0.0,0.0
2023-01-23,2383.949951171875,2384.300048828125,2355.60009765625,2364.699951171875,2334.665771484375,932554,0.0,0.0
2023-01-24,2372.5,2390.60009765625,2364.0,2370.75,2340.638916015625,714000,0.0,0.0
2023-01-25,2370.0,2370.0,2333.550048828125,2356.60009765625,2326.6689453125,650664,0.0,0.0
2023-01-27,2368.39990234375,2368.39990234375,2302.60009765625,2331.25,2301.640869140625,1238620,0.0,0.0
2023-01-30,2332.0,2342.85009765625,2287.050048828125,2335.550048828125,2305.88623046875,1401847,0.0,0.0
2023-01-31,2347.0,2386.449951171875,2335.64990234375,2377.14990234375,2346.957763671875,1252600,0.0,0.0
2023-02-01,2408.550048828125,2409.800048828125,2300.050048828125,2345.89990234375,2316.1044921875,1521514,0.0,0.0
2023-02-02,2341.050048828125,2385.0,2269.60009765625,2308.10009765625,2278.78466796875,1788381,0.0,0.0
2023-02-03,2320.10009765625,2470.0,2320.10009765625,2463.10009765625,2431.81640625,3693638,0.0,0.0
2023-02-06,2474.85009765625,2479.949951171875,2447.60009765625,2458.0,2426.781005859375,1049075,0.0,0.0
2023-02-07,2456.300048828125,2459.75,2432.10009765625,2446.89990234375,2415.82177734375,563195,0.0,0.0
2023-02-08,2447.0,2480.0,2447.0,2466.75,2435.419677734375,539085,0.0,0.0
2023-02-09,2467.0,2475.64990234375,2451.60009765625,2462.550048828125,2431.27294921875,464715,0.0,0.0
2023-02-10,2452.0,2472.0,2442.050048828125,2468.5,2437.147705078125,597337,0.0,0.0
2023-02-13,2480.0,2523.949951171875,2476.14990234375,2519.050048828125,2487.055419921875,1856317,0.0,0.0
2023-02-14,2528.949951171875,2528.949951171875,2480.0,2506.89990234375,2475.059814453125,843477,0.0,0.0
2023-02-15,2503.449951171875,2528.25,2483.300048828125,2524.300048828125,2492.23876953125,707224,0.0,0.0
2023-02-16,2530.0,2545.64990234375,2518.10009765625,2522.39990234375,2490.363037109375,704946,0.0,0.0
2023-02-17,2515.0,2545.85009765625,2496.0,2500.300048828125,2468.5439453125,607239,0.0,0.0
2023-02-20,2500.0,2507.25,2466.300048828125,2474.14990234375,2442.7255859375,460090,0.0,0.0
2023-02-21,2485.949951171875,2485.949951171875,2450.5,2463.60009765625,2432.31005859375,750272,0.0,0.0
2023-02-22,2451.949951171875,2462.800048828125,2414.39990234375,2431.550048828125,2400.6669921875,1098118,0.0,0.0
2023-02-23,2432.5,2432.5,2380.0,2394.5,2364.08740234375,1602078,0.0,0.0
2023-02-24,2400.0,2413.75,2377.949951171875,2399.10009765625,2368.62939453125,1145691,0.0,0.0
2023-02-27,2399.10009765625,2412.0,2373.60009765625,2401.0,2370.5048828125,862629,0.0,0.0
2023-02-28,2401.10009765625,2425.0,2363.60009765625,2372.800048828125,2342.6630859375,1430349,0.0,0.0
2023-03-01,2370.0,2396.050048828125,2366.35009765625,2382.39990234375,2352.14111328125,479935,0.0,0.0
2023-03-02,2382.35009765625,2394.300048828125,2351.75,2358.949951171875,2328.9892578125,529609,0.0,0.0
2023-03-03,2370.0,2402.0,2358.300048828125,2396.10009765625,2365.667236328125,710845,0.0,0.0
2023-03-06,2412.550048828125,2426.39990234375,2392.60009765625,2403.449951171875,2372.923828125,682556,0.0,0.0
2023-03-08,2396.39990234375,2401.199951171875,2372.25,2397.10009765625,2366.654541015625,858496,0.0,0.0
2023-03-09,2400.800048828125,2407.949951171875,2365.0,2368.25,2338.171142578125,601071,0.0,0.0
2023-03-10,2354.85009765625,2379.949951171875,2338.0,2375.5,2345.328857421875,543004,0.0,0.0
2023-03-13,2372.75,2376.949951171875,2321.0,2332.0,2302.38134765625,631722,0.0,0.0
2023-03-14,2336.949951171875,2391.85009765625,2328.85009765625,2355.60009765625,2325.681884765625,1470817,0.0,0.0
2023-03-15,2380.0,2413.85009765625,2379.949951171875,2399.10009765625,2368.62939453125,1656307,0.0,0.0
2023-03-16,2413.5,2482.0,2413.0,2450.35009765625,2419.228271484375,2317115,0.0,0.0
2023-03-17,2467.14990234375,2474.0,2447.39990234375,2455.64990234375,2424.460693359375,1625905,0.0,0.0
2023-03-20,2462.0,2474.949951171875,2441.550048828125,2459.949951171875,2428.706298828125,918922,0.0,0.0
2023-03-21,2475.0,2521.550048828125,2468.050048828125,2514.050048828125,2482.119384765625,1652107,0.0,0.0
2023-03-22,2517.949951171875,2524.0,2495.0,2508.14990234375,2476.2939453125,754732,0.0,0.0
2023-03-23,2510.0,2528.0,2494.050048828125,2519.050048828125,2487.055419921875,610778,0.0,0.0
2023-03-24,2516.800048828125,2519.699951171875,2474.949951171875,2493.35009765625,2461.68212890625,838919,0.0,0.0
2023-03-27,2480.0,2510.0,2466.800048828125,2494.39990234375,2462.718505859375,728727,0.0,0.0
2023-03-28,2502.89990234375,2507.14990234375,2493.89990234375,2500.300048828125,2468.5439453125,599191,0.0,0.0
2023-03-29,2500.300048828125,2525.0,2494.0,2515.050048828125,2483.1064453125,710603,0.0,0.0
2023-03-31,2526.949951171875,2536.75,2500.0,2514.89990234375,2482.958251953125,848456,0.0,0.0
2023-04-03,2525.89990234375,2544.64990234375,2513.300048828125,2537.39990234375,2505.172607421875,701713,0.0,0.0
2023-04-05,2560.0,2581.5,2550.10009765625,2572.699951171875,2540.024169921875,1438377,0.0,0.0
2023-04-06,2583.0,2584.0,2545.0,2548.449951171875,2516.082275390625,1192271,0.0,0.0
2023-04-10,2568.0,2602.0,2561.050048828125,2583.699951171875,2550.884521484375,1497452,0.0,0.0
2023-04-11,2583.699951171875,2603.5,2576.0,2580.050048828125,2547.28076171875,820568,0.0,0.0
2023-04-12,2580.050048828125,2593.449951171875,2564.14990234375,2587.89990234375,2555.03125,553807,0.0,0.0
2023-04-13,2588.0,2599.949951171875,2577.300048828125,2585.64990234375,2552.81005859375,481459,0.0,0.0
2023-04-17,2600.0,2612.25,2582.300048828125,2605.60009765625,2572.50634765625,1044487,0.0,0.0
2023-04-18,2603.050048828125,2607.64990234375,2560.10009765625,2577.699951171875,2544.960693359375,674756,0.0,0.0
2023-04-19,2580.050048828125,2595.949951171875,2562.0,2569.300048828125,2536.66748046875,687292,0.0,0.0
2023-04-20,2577.64990234375,2619.0,2570.5,2579.25,2546.490966796875,995472,0.0,0.0
2023-04-21,2593.60009765625,2594.550048828125,2559.25,2568.300048828125,2535.68017578125,409932,0.0,0.0
2023-04-24,2571.10009765625,2636.39990234375,2570.0,2629.550048828125,2596.152099609375,1026391,0.0,0.0
2023-04-25,2634.85009765625,2637.0,2614.949951171875,2633.199951171875,2599.755859375,630987,0.0,0.0
2023-04-26,2633.0,2647.64990234375,2625.64990234375,2641.0,2607.456787109375,631279,0.0,0.0
2023-04-27,2641.0,2674.0,2631.5,2663.449951171875,2629.62158203125,620037,0.0,0.0
2023-04-28,2672.449951171875,2679.300048828125,2619.5,2641.85009765625,2608.2958984375,1567472,0.0,0.0
2023-05-02,2657.0,2674.0,2633.39990234375,2663.85009765625,2630.016845703125,726439,0.0,0.0
2023-05-03,2675.0,2679.5,2643.10009765625,2654.050048828125,2620.341064453125,808211,0.0,0.0
2023-05-04,2679.699951171875,2694.25,2656.550048828125,2670.39990234375,2636.48291015625,1936641,0.0,0.0
2023-05-05,2670.60009765625,2766.0,2666.300048828125,2732.89990234375,2698.189208984375,2190777,0.0,0.0
2023-05-08,2732.949951171875,2770.0,2732.89990234375,2751.25,2716.306396484375,848638,0.0,0.0
2023-05-09,2753.300048828125,2790.0,2738.449951171875,2748.39990234375,2713.492431640625,893686,0.0,0.0
2023-05-10,2760.0,2767.699951171875,2736.199951171875,2745.449951171875,2710.580078125,522149,0.0,0.0
2023-05-11,2758.0,2765.0,2744.050048828125,2757.85009765625,2722.822509765625,621067,0.0,0.0
2023-05-12,2760.800048828125,2784.5,2756.85009765625,2773.199951171875,2737.9775390625,705516,0.0,0.0
2023-05-15,2774.0,2802.10009765625,2764.25,2779.550048828125,2744.246826171875,772914,0.0,0.0
2023-05-16,2785.0,2800.800048828125,2774.550048828125,2790.25,2754.81103515625,548885,0.0,0.0
2023-05-17,2785.0,2790.0,2750.050048828125,2762.39990234375,2727.314697265625,539547,0.0,0.0
2023-05-18,2782.0,2782.0,2716.10009765625,2721.85009765625,2687.27978515625,612441,0.0,0.0
2023-05-19,2719.949951171875,2719.949951171875,2683.050048828125,2701.64990234375,2667.33642578125,846419,0.0,0.0
2023-05-22,2701.60009765625,2734.0,2701.10009765625,2712.550048828125,2678.097900390625,559506,0.0,0.0
2023-05-23,2719.949951171875,2726.39990234375,2677.300048828125,2683.449951171875,2649.36767578125,713749,0.0,0.0
2023-05-24,2675.0,2722.0,2670.0,2707.25,2672.865234375,814553,0.0,0.0
2023-05-25,2714.449951171875,2720.0,2682.0,2707.949951171875,2673.55615234375,651488,0.0,0.0
2023-05-26,2707.949951171875,2759.699951171875,2699.14990234375,2742.14990234375,2707.32177734375,811400,0.0,0.0
2023-05-29,2745.0,2821.800048828125,2745.0,2812.25,2776.53173828125,1107678,0.0,0.0
2023-05-30,2829.5,2841.89990234375,2797.699951171875,2802.5,2766.905517578125,1263691,0.0,0.0
2023-05-31,2802.5,2832.10009765625,2790.10009765625,2823.25,2787.392333984375,1394580,0.0,0.0
2023-06-01,2823.25,2837.64990234375,2814.699951171875,2827.25,2791.341064453125,538550,0.0,0.0
2023-06-02,2830.0,2871.0,2826.449951171875,2861.64990234375,2825.30419921875,1116501,0.0,0.0
2023-06-05,2875.0,2875.0,2840.0,2855.699951171875,2819.4296875,724102,0.0,0.0
2023-06-06,2860.949951171875,2893.0,2858.300048828125,2881.449951171875,2844.852783203125,1148132,0.0,0.0
2023-06-07,2895.0,2910.0,2870.0,2906.949951171875,2870.02880859375,862821,0.0,0.0
2023-06-08,2906.89990234375,2921.85009765625,2871.050048828125,2877.0,2840.459228515625,560514,0.0,0.0
2023-06-09,2890.0,2919.949951171875,2863.25,2876.25,2839.718994140625,727880,0.0,0.0
2023-06-12,2884.949951171875,2885.449951171875,2833.25,2852.60009765625,2816.369140625,1112274,0.0,0.0
2023-06-13,2859.89990234375,2918.0,2855.10009765625,2912.5,2875.50830078125,776313,0.0,0.0
2023-06-14,2920.0,2928.199951171875,2897.0,2907.050048828125,2870.127685546875,617700,0.0,0.0
2023-06-15,2911.050048828125,2924.64990234375,2900.0,2908.0,2871.0654296875,564711,0.0,0.0
2023-06-16,2911.800048828125,2960.0,2911.800048828125,2954.300048828125,2916.777587890625,1022389,0.0,0.0
2023-06-19,2967.0,3024.39990234375,2963.35009765625,2968.60009765625,2930.896240234375,1382633,0.0,0.0
2023-06-20,2972.699951171875,2986.35009765625,2948.300048828125,2974.0,2936.227294921875,672298,0.0,0.0
2023-06-21,2974.0,2985.0,2958.14990234375,2971.10009765625,2933.364013671875,509602,0.0,0.0
2023-06-22,2975.0,2984.75,2955.800048828125,2970.25,2932.525146484375,496441,0.0,0.0
2023-06-23,2972.5,2981.0,2932.0,2939.14990234375,2901.81982421875,869340,0.0,0.0
2023-06-26,2940.0,2981.0,2940.0,2972.60009765625,2934.84521484375,839713,0.0,0.0
2023-06-27,2973.0,2989.199951171875,2940.699951171875,2975.699951171875,2937.90576171875,913730,0.0,0.0
2023-06-28,2995.0,3044.39990234375,2985.050048828125,3028.10009765625,2989.640380859375,1525117,0.0,0.0
2023-06-30,3046.0,3067.949951171875,3029.14990234375,3047.64990234375,3008.941650390625,946112,0.0,0.0
2023-07-03,3050.10009765625,3054.0,3026.300048828125,3038.300048828125,2999.7109375,429100,0.0,0.0
2023-07-04,3041.5,3090.0,3039.0,3074.64990234375,3035.598876953125,1291238,0.0,0.0
2023-07-05,3075.0,3113.89990234375,3063.0,3099.85009765625,3060.478759765625,643663,0.0,0.0
2023-07-06,3100.0,3111.85009765625,3081.39990234375,3106.39990234375,3066.945556640625,976956,0.0,0.0
2023-07-07,3140.0,3210.0,3126.39990234375,3144.0,3104.068359375,3630808,0.0,0.0
2023-07-10,3155.0,3155.0,3030.25,3045.550048828125,3006.86865234375,1777220,0.0,0.0
2023-07-11,3062.85009765625,3098.0,3044.800048828125,3087.60009765625,3048.384521484375,1141925,0.0,0.0
2023-07-12,3114.0,3124.0,3087.64990234375,3096.5,3057.17138671875,1300168,0.0,0.0
2023-07-13,3113.949951171875,3114.60009765625,3079.300048828125,3084.75,3055.43798828125,932018,10.0,0.0
2023-07-14,3093.64990234375,3097.35009765625,3042.60009765625,3055.550048828125,3026.515380859375,721349,0.0,0.0
2023-07-17,3070.0,3072.949951171875,3020.0,3033.449951171875,3004.625244140625,866575,0.0,0.0
2023-07-18,3033.449951171875,3039.949951171875,2963.39990234375,2996.449951171875,2967.97705078125,1359863,0.0,0.0
2023-07-19,3010.10009765625,3017.39990234375,2985.050048828125,2995.64990234375,2967.184326171875,568891,0.0,0.0
2023-07-20,3002.25,3016.60009765625,2966.0,2989.300048828125,2960.89501953125,1021556,0.0,0.0
2023-07-21,2990.75,3005.0,2970.0,2976.300048828125,2948.0185546875,599594,0.0,0.0
2023-07-24,2978.0,2992.89990234375,2951.25,2979.199951171875,2950.890869140625,523141,0.0,0.0
2023-07-25,2980.0,3032.89990234375,2972.75,3029.0,3000.2177734375,874788,0.0,0.0
2023-07-26,3044.89990234375,3044.89990234375,2995.0,3008.35009765625,2979.76416015625,588487,0.0,0.0
2023-07-27,3013.949951171875,3024.10009765625,2983.64990234375,3002.10009765625,2973.573486328125,595544,0.0,0.0
2023-07-28,3008.14990234375,3010.0,2951.699951171875,2987.0,2958.616943359375,837051,0.0,0.0
2023-07-31,2950.0,3017.949951171875,2950.0,3004.050048828125,2975.5048828125,656048,0.0,0.0
2023-08-01,3024.85009765625,3027.5,2987.699951171875,3001.89990234375,2973.375244140625,602288,0.0,0.0
2023-08-02,3005.64990234375,3005.699951171875,2960.0,2977.14990234375,2948.860595703125,1152335,0.0,0.0
2023-08-03,2937.949951171875,2986.949951171875,2883.0,2902.10009765625,2874.523681640625,3319847,0.0,0.0
2023-08-04,2919.949951171875,2935.800048828125,2898.0,2904.39990234375,2876.801513671875,709334,0.0,0.0
2023-08-07,2919.949951171875,2919.949951171875,2882.449951171875,2904.60009765625,2877.0,580359,0.0,0.0
2023-08-08,2918.0,2932.0,2904.60009765625,2921.25,2893.49169921875,474417,0.0,0.0
2023-08-09,2924.0,2962.0,2918.14990234375,2955.89990234375,2927.812255859375,600081,0.0,0.0
2023-08-10,2958.0,2995.5,2917.0,2988.550048828125,2960.152099609375,970990,0.0,0.0
2023-08-11,2988.5,3067.449951171875,2980.0,3017.25,2988.57958984375,1823274,0.0,0.0
2023-08-14,3020.35009765625,3020.35009765625,2988.35009765625,3010.64990234375,2982.0419921875,542561,0.0,0.0
2023-08-16,3005.0,3015.89990234375,2978.050048828125,3011.10009765625,2982.488037109375,544441,0.0,0.0
2023-08-17,3018.0,3079.449951171875,3012.0,3071.75,3042.5615234375,1699758,0.0,0.0
2023-08-18,3070.60009765625,3079.5,3035.0,3050.449951171875,3021.4638671875,860782,0.0,0.0
2023-08-21,3051.0,3082.5,3050.0,3078.300048828125,3049.04931640625,706621,0.0,0.0
2023-08-22,3084.949951171875,3091.0,3040.10009765625,3075.60009765625,3046.375,714220,0.0,0.0
2023-08-23,3075.60009765625,3085.0,3056.300048828125,3070.0,3040.828125,602197,0.0,0.0
2023-08-24,3075.699951171875,3099.89990234375,3056.25,3061.199951171875,3032.11181640625,618626,0.0,0.0
2023-08-25,3055.0,3074.75,3037.550048828125,3067.199951171875,3038.054931640625,648003,0.0,0.0
2023-08-28,3074.0,3079.949951171875,3040.699951171875,3048.550048828125,3019.58203125,471698,0.0,0.0
2023-08-29,3051.949951171875,3090.0,3044.0,3079.39990234375,3050.138916015625,482639,0.0,0.0
2023-08-30,3080.0,3111.0,3067.0,3082.199951171875,3052.912109375,582766,0.0,0.0
2023-08-31,3090.85009765625,3118.949951171875,3082.199951171875,3104.449951171875,3074.95068359375,1420498,0.0,0.0
2023-09-01,3111.949951171875,3124.89990234375,3100.0,3116.800048828125,3087.18359375,423739,0.0,0.0
2023-09-04,3116.949951171875,3124.949951171875,3086.300048828125,3100.300048828125,3070.840087890625,539813,0.0,0.0
2023-09-05,3120.0,3157.5,3115.0,3136.14990234375,3106.349609375,721199,0.0,0.0
2023-09-06,3136.14990234375,3180.550048828125,3120.85009765625,3176.050048828125,3145.87060546875,1163154,0.0,0.0
2023-09-07,3173.0,3182.949951171875,3152.0,3172.800048828125,3142.6513671875,805295,0.0,0.0
2023-09-08,3182.0,3205.0,3172.800048828125,3199.10009765625,3168.70166015625,700158,0.0,0.0
2023-09-11,3209.949951171875,3221.550048828125,3186.60009765625,3213.300048828125,3182.7666015625,544452,0.0,0.0
2023-09-12,3216.050048828125,3221.14990234375,3177.60009765625,3185.800048828125,3155.52783203125,591509,0.0,0.0
2023-09-13,3178.050048828125,3270.0,3178.050048828125,3263.199951171875,3232.1923828125,1370306,0.0,0.0
2023-09-14,3277.550048828125,3302.449951171875,3240.0,3261.35009765625,3230.35986328125,1264935,0.0,0.0
2023-09-15,3261.60009765625,3264.0,3239.0,3248.60009765625,3217.731201171875,1397407,0.0,0.0
2023-09-18,3257.0,3352.0,3246.800048828125,3339.5,3307.767333984375,1423507,0.0,0.0
2023-09-20,3314.0,3349.0,3300.050048828125,3306.64990234375,3275.229248046875,1201025,0.0,0.0
2023-09-21,3300.0,3322.5,3285.800048828125,3304.5,3273.10009765625,1091384,0.0,0.0
2023-09-22,3298.800048828125,3298.800048828125,3261.699951171875,3274.5,3243.384765625,1019051,0.0,0.0
2023-09-25,3274.5,3314.89990234375,3261.35009765625,3283.949951171875,3252.7451171875,623515,0.0,0.0
2023-09-26,3294.0,3308.0,3255.0,3262.60009765625,3231.59814453125,1054827,0.0,0.0
2023-09-27,3246.800048828125,3266.949951171875,3186.0,3214.550048828125,3184.004638671875,1464192,0.0,0.0
2023-09-28,3217.5,3224.89990234375,3141.75,3157.25,3127.249267578125,1214383,0.0,0.0
2023-09-29,3160.050048828125,3176.449951171875,3143.050048828125,3148.800048828125,3118.879638671875,697564,0.0,0.0
2023-10-03,3148.800048828125,3212.5,3114.39990234375,3196.25,3165.878662109375,1007308,0.0,0.0
2023-10-04,3186.0,3205.0,3151.0,3166.64990234375,3136.5595703125,486969,0.0,0.0
2023-10-05,3173.89990234375,3231.0,3165.0,3216.5,3185.93603515625,1109881,0.0,0.0
2023-10-06,3230.0,3319.800048828125,3221.10009765625,3309.75,3278.300048828125,1102120,0.0,0.0
2023-10-09,3294.699951171875,3296.0,3249.050048828125,3267.5,3236.451416015625,822467,0.0,0.0
2023-10-10,3295.0,3299.199951171875,3259.300048828125,3269.199951171875,3238.13525390625,633934,0.0,0.0
2023-10-11,3289.699951171875,3296.0,3264.0,3280.5,3249.327880859375,546575,0.0,0.0
2023-10-12,3292.0,3295.050048828125,3262.60009765625,3285.0,3253.78515625,429096,0.0,0.0
2023-10-13,3285.0,3307.0,3266.550048828125,3283.75,3252.547119140625,920545,0.0,0.0
2023-10-16,3284.0,3329.0,3275.0,3301.39990234375,3270.029296875,778014,0.0,0.0
2023-10-17,3317.949951171875,3328.449951171875,3304.10009765625,3308.449951171875,3277.01220703125,584625,0.0,0.0
2023-10-18,3309.199951171875,3324.14990234375,3277.5,3282.75,3251.556396484375,324535,0.0,0.0
2023-10-19,3270.0,3300.949951171875,3239.0,3284.64990234375,3253.4384765625,698767,0.0,0.0
2023-10-20,3272.64990234375,3291.5,3244.0,3266.199951171875,3235.163818359375,657550,0.0,0.0
2023-10-23,3246.199951171875,3274.949951171875,3209.699951171875,3219.75,3189.1552734375,566920,0.0,0.0
2023-10-25,3216.0,3236.300048828125,3179.0,3187.85009765625,3157.55859375,762466,0.0,0.0
2023-10-26,3160.35009765625,3189.89990234375,3092.050048828125,3100.800048828125,3071.335693359375,1124281,0.0,0.0
2023-10-27,3095.10009765625,3138.75,3087.25,3120.699951171875,3091.04638671875,1050608,0.0,0.0
2023-10-30,3105.0,3121.949951171875,3075.0,3116.449951171875,3086.836669921875,802316,0.0,0.0
2023-10-31,3119.60009765625,3205.800048828125,3087.85009765625,3189.64990234375,3159.34130859375,1235478,0.0,0.0
2023-11-01,3193.85009765625,3212.89990234375,3168.35009765625,3173.39990234375,3143.24560546875,756820,0.0,0.0
2023-11-02,3200.0,3228.5,3180.0,3201.5,3171.078857421875,774180,0.0,0.0
2023-11-03,3205.14990234375,3288.0,3205.050048828125,3274.5,3243.384765625,1355614,0.0,0.0
2023-11-06,3310.0,3310.0,3245.300048828125,3267.050048828125,3236.005859375,1137606,0.0,0.0
2023-11-07,3274.0,3286.449951171875,3250.199951171875,3270.199951171875,3239.1259765625,433992,0.0,0.0
2023-11-08,3289.0,3323.800048828125,3272.199951171875,3311.85009765625,3280.380126953125,632305,0.0,0.0
2023-11-09,3320.949951171875,3320.949951171875,3274.64990234375,3283.75,3252.547119140625,1317398,0.0,0.0
2023-11-10,3263.050048828125,3274.949951171875,3223.0,3256.35009765625,3225.40771484375,1170763,0.0,0.0
2023-11-13,3275.0,3278.35009765625,3250.60009765625,3264.75,3233.727783203125,275538,0.0,0.0
2023-11-15,3275.25,3300.89990234375,3260.75,3295.949951171875,3264.63134765625,747863,0.0,0.0
2023-11-16,3295.39990234375,3358.0,3259.25,3335.949951171875,3304.2509765625,1055389,0.0,0.0
2023-11-17,3339.0,3366.0,3326.699951171875,3338.85009765625,3307.123779296875,633405,0.0,0.0
2023-11-20,3338.0,3353.949951171875,3312.25,3345.85009765625,3314.056884765625,497379,0.0,0.0
2023-11-21,3365.0,3401.75,3355.10009765625,3394.449951171875,3362.195068359375,1038863,0.0,0.0
2023-11-22,3400.0,3435.0,3396.050048828125,3429.85009765625,3397.2587890625,980779,0.0,0.0
2023-11-23,3433.89990234375,3441.949951171875,3396.300048828125,3408.39990234375,3376.0126953125,517362,0.0,0.0
2023-11-24,3406.0,3419.10009765625,3382.550048828125,3396.949951171875,3364.67138671875,589530,0.0,0.0
2023-11-28,3417.949951171875,3445.949951171875,3397.35009765625,3442.39990234375,3409.689453125,733524,0.0,0.0
2023-11-29,3473.85009765625,3473.85009765625,3424.0,3429.300048828125,3396.7138671875,819200,0.0,0.0
2023-11-30,3431.10009765625,3500.0,3422.25,3490.60009765625,3457.431396484375,1480088,0.0,0.0
2023-12-01,3499.0,3500.0,3470.0,3489.5,3456.342041015625,655263,0.0,0.0
2023-12-04,3550.0,3550.0,3478.050048828125,3488.39990234375,3455.25244140625,808838,0.0,0.0
2023-12-05,3488.39990234375,3550.0,3479.0,3545.300048828125,3511.61181640625,713651,0.0,0.0
2023-12-06,3550.0,3573.949951171875,3522.10009765625,3546.89990234375,3513.1962890625,474140,0.0,0.0
2023-12-07,3546.89990234375,3595.0,3519.050048828125,3585.39990234375,3551.33056640625,820214,0.0,0.0
2023-12-08,3575.0,3646.949951171875,3575.0,3634.64990234375,3600.11279296875,1562141,0.0,0.0
2023-12-11,3634.550048828125,3644.60009765625,3598.300048828125,3630.5,3596.002197265625,620604,0.0,0.0
2023-12-12,3637.0,3644.5,3563.25,3571.39990234375,3537.463623046875,1075941,0.0,0.0
2023-12-13,3585.0,3609.75,3552.75,3602.35009765625,3568.119873046875,717618,0.0,0.0
2023-12-14,3647.0,3647.0,3584.35009765625,3591.39990234375,3557.273681640625,992762,0.0,0.0
2023-12-15,3615.0,3615.0,3584.800048828125,3600.550048828125,3566.3369140625,906271,0.0,0.0
2023-12-18,3600.699951171875,3667.199951171875,3593.89990234375,3619.60009765625,3585.205810546875,699850,0.0,0.0
2023-12-19,3610.64990234375,3627.949951171875,3600.10009765625,3610.449951171875,3576.142578125,577926,0.0,0.0
2023-12-20,3610.449951171875,3651.5,3541.0,3554.10009765625,3520.328125,849001,0.0,0.0
2023-12-21,3524.10009765625,3598.949951171875,3518.800048828125,3580.0,3545.98193359375,816722,0.0,0.0
2023-12-22,3580.0,3638.449951171875,3560.550048828125,3627.35009765625,3592.88232421875,777099,0.0,0.0
2023-12-26,3635.0,3665.0,3623.449951171875,3656.699951171875,3621.953125,526101,0.0,0.0
2023-12-27,3668.0,3695.0,3645.0,3689.25,3654.194091796875,666625,0.0,0.0
2023-12-28,3699.89990234375,3737.0,3680.699951171875,3715.10009765625,3679.79833984375,1033648,0.0,0.0
2023-12-29,3715.10009765625,3715.10009765625,3660.25,3675.449951171875,3640.525146484375,709614,0.0,0.0
2024-01-01,3689.0,3698.0,3667.5,3677.14990234375,3642.208740234375,286683,0.0,0.0
2024-01-02,3689.0,3707.85009765625,3642.5,3698.25,3663.1083984375,453685,0.0,0.0
2024-01-03,3708.0,3709.949951171875,3665.0,3693.050048828125,3657.957763671875,356757,0.0,0.0
2024-01-04,3696.0,3727.0,3686.64990234375,3719.699951171875,3684.354736328125,545228,0.0,0.0
2024-01-05,3719.699951171875,3750.0,3687.25,3712.550048828125,3677.2724609375,963628,0.0,0.0
2024-01-08,3770.0,3776.85009765625,3695.800048828125,3706.050048828125,3670.834228515625,1202148,0.0,0.0
2024-01-09,3736.949951171875,3753.949951171875,3685.14990234375,3694.0,3658.89892578125,572612,0.0,0.0
2024-01-10,3708.0,3730.0,3690.0,3714.449951171875,3679.154296875,556311,0.0,0.0
2024-01-11,3726.89990234375,3742.699951171875,3692.60009765625,3698.60009765625,3663.455078125,392818,0.0,0.0
2024-01-12,3700.0,3734.300048828125,3647.949951171875,3726.0,3690.594970703125,990582,0.0,0.0
2024-01-15,3740.0,3775.0,3736.0,3758.85009765625,3723.132568359375,661292,0.0,0.0
2024-01-16,3758.85009765625,3858.0,3756.0,3820.300048828125,3783.99853515625,1170685,0.0,0.0
2024-01-17,3818.949951171875,3855.0,3800.0,3830.050048828125,3793.65625,723356,0.0,0.0
2024-01-18,3791.35009765625,3824.64990234375,3718.85009765625,3734.699951171875,3699.212158203125,1293580,0.0,0.0
2024-01-19,3742.199951171875,3861.5,3740.699951171875,3810.60009765625,3774.390869140625,2566367,0.0,0.0
2024-01-23,3786.0,3858.0,3705.75,3739.64990234375,3704.11474609375,1053510,0.0,0.0
2024-01-24,3764.0,3780.0,3711.75,3767.85009765625,3732.04736328125,636988,0.0,0.0
2024-01-25,3770.39990234375,3796.949951171875,3730.10009765625,3770.199951171875,3734.37451171875,646135,0.0,0.0
2024-01-29,3760.60009765625,3875.0,3760.550048828125,3866.64990234375,3829.908203125,699215,0.0,0.0
2024-01-30,3882.0,3886.949951171875,3715.0,3735.75,3700.252197265625,852445,0.0,0.0
2024-01-31,3749.0,3775.0,3653.25,3697.550048828125,3662.4150390625,1386754,0.0,0.0
2024-02-01,3738.0,3738.0,3601.0,3627.449951171875,3592.981201171875,1408462,0.0,0.0
2024-02-02,3635.0,3713.449951171875,3602.449951171875,3612.39990234375,3578.073974609375,2320153,0.0,0.0
2024-02-05,3612.949951171875,3624.64990234375,3534.89990234375,3552.050048828125,3518.297607421875,1771614,0.0,0.0
2024-02-06,3552.050048828125,3577.949951171875,3531.60009765625,3559.14990234375,3525.330078125,1069901,0.0,0.0
2024-02-07,3578.0,3620.0,3555.800048828125,3576.5,3542.515380859375,900220,0.0,0.0
2024-02-08,3604.800048828125,3610.0,3503.0,3549.10009765625,3515.3759765625,1011857,0.0,0.0
2024-02-09,3549.10009765625,3597.89990234375,3532.85009765625,3591.60009765625,3557.471923828125,838509,0.0,0.0
2024-02-12,3599.0,3618.60009765625,3570.050048828125,3585.25,3551.18212890625,487283,0.0,0.0
2024-02-13,3607.0,3608.75,3551.14990234375,3559.949951171875,3526.12255859375,796060,0.0,0.0
2024-02-14,3546.0,3593.85009765625,3503.300048828125,3585.550048828125,3551.479248046875,1046318,0.0,0.0
2024-02-15,3595.050048828125,3632.0,3571.0,3622.050048828125,3587.632568359375,759063,0.0,0.0
2024-02-16,3648.0,3690.0,3624.5,3655.39990234375,3620.66552734375,915502,0.0,0.0
2024-02-19,3671.949951171875,3709.5,3650.0,3695.050048828125,3659.93896484375,528874,0.0,0.0
2024-02-20,3700.0,3719.949951171875,3665.5,3686.699951171875,3651.668212890625,744107,0.0,0.0
2024-02-21,3652.050048828125,3707.5,3640.0,3656.35009765625,3621.606689453125,660426,0.0,0.0
2024-02-22,3676.0,3676.0,3555.35009765625,3652.050048828125,3617.347412109375,1017437,0.0,0.0
2024-02-23,3672.0,3737.0,3655.0,3691.949951171875,3656.868408203125,897831,0.0,0.0
2024-02-26,3690.0,3690.0,3610.85009765625,3622.5,3588.078125,546842,0.0,0.0
2024-02-27,3630.0,3675.0,3621.050048828125,3653.85009765625,3619.13037109375,673959,0.0,0.0
2024-02-28,3655.0,3669.0,3582.14990234375,3594.699951171875,3560.54248046875,538608,0.0,0.0
2024-02-29,3595.199951171875,3654.0,3585.300048828125,3624.39990234375,3589.9599609375,1692242,0.0,0.0
2024-03-01,3630.0,3774.0,3626.0,3765.89990234375,3730.11572265625,1533727,0.0,0.0
2024-03-04,3761.60009765625,3764.10009765625,3715.0,3732.39990234375,3696.93359375,787542,0.0,0.0
2024-03-05,3748.0,3759.14990234375,3708.0,3750.75,3715.109375,733660,0.0,0.0
2024-03-06,3748.050048828125,3815.0,3702.699951171875,3810.75,3774.539306640625,765602,0.0,0.0
2024-03-07,3812.050048828125,3824.25,3768.10009765625,3786.89990234375,3750.916015625,838514,0.0,0.0
2024-03-11,3802.89990234375,3808.0,3742.050048828125,3750.14990234375,3714.51513671875,597848,0.0,0.0
2024-03-12,3762.0,3766.0,3713.5,3748.800048828125,3713.177978515625,564569,0.0,0.0
2024-03-13,3759.0,3762.0,3590.0,3625.699951171875,3591.247802734375,1027729,0.0,0.0
2024-03-14,3629.949951171875,3648.0,3580.14990234375,3640.14990234375,3605.560546875,1293906,0.0,0.0
2024-03-15,3634.699951171875,3655.949951171875,3610.0,3633.199951171875,3598.67626953125,1207241,0.0,0.0
2024-03-18,3619.0,3620.0,3565.10009765625,3579.699951171875,3545.684814453125,785257,0.0,0.0
2024-03-19,3579.0,3606.64990234375,3547.050048828125,3583.39990234375,3549.349609375,554444,0.0,0.0
2024-03-20,3583.39990234375,3596.89990234375,3550.0,3590.5,3556.38232421875,526882,0.0,0.0
2024-03-21,3606.949951171875,3637.0,3590.050048828125,3627.550048828125,3593.080322265625,767905,0.0,0.0
2024-03-22,3627.550048828125,3726.89990234375,3621.25,3706.699951171875,3671.478271484375,1281102,0.0,0.0
2024-03-26,3665.0,3729.949951171875,3665.0,3698.199951171875,3663.058837890625,1158224,0.0,0.0
2024-03-27,3699.0,3784.89990234375,3692.800048828125,3759.39990234375,3723.67724609375,1315714,0.0,0.0
2024-03-28,3760.0,3838.300048828125,3732.550048828125,3801.800048828125,3765.674560546875,1590738,0.0,0.0
2024-04-01,3822.949951171875,3832.550048828125,3730.5,3738.39990234375,3702.876953125,964052,0.0,0.0
2024-04-02,3754.0,3781.449951171875,3734.10009765625,3755.949951171875,3720.26025390625,677963,0.0,0.0
2024-04-03,3745.10009765625,3752.0,3705.0,3712.5,3677.222900390625,801601,0.0,0.0
2024-04-04,3740.0,3792.300048828125,3679.0,3782.75,3746.805419921875,1177617,0.0,0.0
2024-04-05,3778.39990234375,3801.89990234375,3741.0,3754.449951171875,3718.7744140625,623873,0.0,0.0
2024-04-08,3798.64990234375,3808.300048828125,3720.35009765625,3748.89990234375,3713.277099609375,849267,0.0,0.0
2024-04-09,3755.0,3761.0,3664.35009765625,3679.35009765625,3644.38818359375,745285,0.0,0.0
2024-04-10,3690.0,3720.35009765625,3681.449951171875,3711.199951171875,3675.935546875,567546,0.0,0.0
2024-04-12,3689.550048828125,3694.800048828125,3609.449951171875,3619.300048828125,3584.90869140625,1910561,0.0,0.0
2024-04-15,3607.0,3639.199951171875,3590.0,3600.60009765625,3566.386474609375,854076,0.0,0.0
2024-04-16,3589.0,3653.199951171875,3583.0,3645.89990234375,3611.255859375,1116890,0.0,0.0
2024-04-18,3645.89990234375,3660.0,3501.0,3525.10009765625,3491.60400390625,1677946,0.0,0.0
2024-04-19,3525.10009765625,3571.199951171875,3478.25,3563.050048828125,3529.193359375,1507940,0.0,0.0
2024-04-22,3567.0,3615.0,3552.0,3596.75,3562.57275390625,668659,0.0,0.0
2024-04-23,3619.949951171875,3648.0,3605.14990234375,3633.0,3598.478515625,769991,0.0,0.0
2024-04-24,3642.0,3644.85009765625,3580.050048828125,3609.75,3575.449462890625,652811,0.0,0.0
2024-04-25,3595.0,3602.5,3541.0,3571.10009765625,3537.166748046875,1889163,0.0,0.0
2024-04-26,3588.0,3593.25,3556.300048828125,3584.800048828125,3550.736328125,798783,0.0,0.0
2024-04-29,3585.0,3613.449951171875,3573.14990234375,3604.85009765625,3570.595947265625,703524,0.0,0.0
2024-04-30,3602.64990234375,3619.5,3580.0,3589.25,3555.144287109375,963220,0.0,0.0
2024-05-02,3585.0,3598.0,3546.300048828125,3568.449951171875,3534.541748046875,1435891,0.0,0.0
2024-05-03,3595.0,3599.0,3492.0,3533.89990234375,3500.320068359375,1681592,0.0,0.0
2024-05-06,3476.0,3488.800048828125,3257.0,3280.14990234375,3248.981201171875,6891728,0.0,0.0
2024-05-07,3330.0,3332.0,3227.0,3270.89990234375,3239.81884765625,3111444,0.0,0.0
2024-05-08,3275.39990234375,3281.0,3238.449951171875,3259.85009765625,3228.874267578125,2054981,0.0,0.0
2024-05-09,3259.85009765625,3322.5,3233.0,3245.699951171875,3214.858642578125,1860654,0.0,0.0
2024-05-10,3258.10009765625,3306.199951171875,3242.75,3289.85009765625,3258.589111328125,1307103,0.0,0.0
2024-05-13,3307.5,3308.0,3230.5,3253.64990234375,3222.733154296875,1294603,0.0,0.0
2024-05-14,3250.0,3308.0,3250.0,3288.89990234375,3257.648193359375,620163,0.0,0.0
2024-05-15,3304.0,3306.449951171875,3260.0,3268.550048828125,3237.491455078125,657036,0.0,0.0
2024-05-16,3276.300048828125,3348.0,3251.300048828125,3333.89990234375,3302.220703125,1404971,0.0,0.0
2024-05-17,3347.949951171875,3368.0,3308.0,3361.14990234375,3329.211669921875,1194228,0.0,0.0
2024-05-21,3355.0,3380.300048828125,3351.0,3377.0,3344.9111328125,827674,0.0,0.0
2024-05-22,3384.75,3403.10009765625,3360.0,3383.85009765625,3351.6962890625,626567,0.0,0.0
2024-05-23,3383.0,3460.39990234375,3377.75,3452.050048828125,3419.247802734375,977789,0.0,0.0
2024-05-24,3452.10009765625,3455.050048828125,3404.199951171875,3412.39990234375,3379.974365234375,878625,0.0,0.0
2024-05-27,3423.949951171875,3436.300048828125,3390.300048828125,3403.39990234375,3371.059814453125,804488,0.0,0.0
2024-05-28,3404.0,3423.0,3392.14990234375,3409.39990234375,3377.0029296875,548576,0.0,0.0
2024-05-29,3405.35009765625,3418.0,3371.10009765625,3380.39990234375,3348.278564453125,519533,0.0,0.0
2024-05-30,3365.0,3365.0,3254.0,3271.85009765625,3240.760498046875,2365535,0.0,0.0
2024-05-31,3298.0,3328.800048828125,3216.75,3241.89990234375,3211.0947265625,2524214,0.0,0.0
2024-06-03,3310.0,3332.949951171875,3250.0,3261.199951171875,3230.211181640625,1378542,0.0,0.0
2024-06-04,3261.199951171875,3295.199951171875,3055.64990234375,3238.949951171875,3208.1728515625,2934800,0.0,0.0
2024-06-05,3266.0,3334.0,3201.050048828125,3317.64990234375,3286.125,1396386,0.0,0.0
2024-06-06,3329.0,3360.0,3290.75,3321.64990234375,3290.0869140625,1825503,0.0,0.0
2024-06-07,3294.39990234375,3456.60009765625,3294.39990234375,3444.050048828125,3411.32373046875,2084099,0.0,0.0
2024-06-10,3443.0,3452.0,3390.0,3422.199951171875,3389.681396484375,1655552,0.0,0.0
2024-06-11,3418.199951171875,3438.300048828125,3401.89990234375,3410.699951171875,3378.290771484375,1086157,0.0,0.0
2024-06-12,3411.35009765625,3418.89990234375,3370.85009765625,3382.300048828125,3350.16064453125,2054168,0.0,0.0
2024-06-13,3424.949951171875,3477.10009765625,3390.0,3472.199951171875,3439.206298828125,1753028,0.0,0.0
2024-06-14,3490.0,3535.0,3479.0,3530.050048828125,3496.506591796875,2346892,0.0,0.0
2024-06-18,3554.800048828125,3625.0,3538.0,3589.0,3554.896484375,1585048,0.0,0.0
2024-06-19,3595.0,3595.0,3456.0,3462.35009765625,3429.4501953125,1862394,0.0,0.0
2024-06-20,3474.0,3490.0,3418.10009765625,3435.949951171875,3403.301025390625,2377432,0.0,0.0
2024-06-21,3430.699951171875,3473.64990234375,3383.39990234375,3399.75,3367.44482421875,2707405,0.0,0.0
2024-06-24,3380.35009765625,3429.0,3372.300048828125,3412.35009765625,3379.92529296875,645002,0.0,0.0
2024-06-25,3412.550048828125,3423.39990234375,3384.89990234375,3402.449951171875,3370.119140625,1299560,0.0,0.0
2024-06-26,3401.5,3401.5,3370.0,3372.75,3340.701416015625,1485709,0.0,0.0
2024-06-27,3370.0,3392.5,3361.050048828125,3380.60009765625,3359.43359375,1462935,11.0,0.0
2024-06-28,3380.60009765625,3419.89990234375,3366.35009765625,3404.199951171875,3382.885498046875,1005498,0.0,0.0
2024-07-01,3382.0,3435.0,3381.5,3431.449951171875,3409.96484375,1001832,0.0,0.0
2024-07-02,3446.0,3450.0,3385.300048828125,3399.64990234375,3378.364013671875,878947,0.0,0.0
2024-07-03,3420.800048828125,3426.949951171875,3341.89990234375,3360.25,3339.210693359375,980605,0.0,0.0
2024-07-04,3365.0,3369.89990234375,3330.0,3336.0,3315.112548828125,741143,0.0,0.0
2024-07-05,3332.0,3332.0,3257.0,3269.35009765625,3248.8798828125,2001382,0.0,0.0
2024-07-08,3204.0,3204.0,3126.10009765625,3156.199951171875,3136.4384765625,5323920,0.0,0.0
2024-07-09,3170.0,3222.050048828125,3165.0,3215.14990234375,3195.01904296875,2044328,0.0,0.0
2024-07-10,3217.75,3252.699951171875,3190.5,3225.0,3204.8076171875,1437517,0.0,0.0
2024-07-11,3246.949951171875,3258.75,3230.0,3248.60009765625,3228.260009765625,1105185,0.0,0.0
2024-07-12,3266.0,3269.0,3220.050048828125,3229.85009765625,3209.62744140625,1496692,0.0,0.0
2024-07-15,3241.75,3252.39990234375,3205.39990234375,3224.199951171875,3204.012451171875,1243810,0.0,0.0
2024-07-16,3227.949951171875,3251.0,3224.10009765625,3234.050048828125,3213.801025390625,501336,0.0,0.0
2024-07-18,3232.949951171875,3269.10009765625,3206.0,3262.10009765625,3241.67529296875,1086374,0.0,0.0
2024-07-19,3262.050048828125,3279.0,3235.0,3259.0,3238.594970703125,1111191,0.0,0.0
2024-07-22,3250.0,3273.39990234375,3223.199951171875,3254.449951171875,3234.072998046875,696255,0.0,0.0
2024-07-23,3255.10009765625,3490.0,3232.14990234375,3466.85009765625,3445.1435546875,7159507,0.0,0.0
2024-07-24,3470.0,3552.5,3462.14990234375,3478.39990234375,3456.620849609375,3862140,0.0,0.0
2024-07-25,3415.0,3454.39990234375,3384.449951171875,3405.800048828125,3384.4755859375,1476422,0.0,0.0
2024-07-26,3405.800048828125,3501.699951171875,3393.0,3494.14990234375,3472.2724609375,1830745,0.0,0.0
2024-07-29,3495.0,3499.550048828125,3388.0,3411.699951171875,3390.338623046875,2213293,0.0,0.0
2024-07-30,3424.949951171875,3479.0,3410.60009765625,3468.25,3446.53466796875,1316880,0.0,0.0
2024-07-31,3479.050048828125,3499.89990234375,3446.550048828125,3458.949951171875,3437.292724609375,1361595,0.0,0.0
2024-08-01,3475.0,3492.0,3442.5,3468.35009765625,3446.63427734375,879399,0.0,0.0
2024-08-02,3415.0,3477.89990234375,3410.0,3462.35009765625,3440.671630859375,1168195,0.0,0.0
2024-08-05,3320.050048828125,3459.0,3316.5,3375.949951171875,3354.8125,1932064,0.0,0.0
2024-08-06,3380.949951171875,3416.35009765625,3321.10009765625,3335.10009765625,3314.21826171875,976535,0.0,0.0
2024-08-07,3360.0,3368.85009765625,3317.050048828125,3326.25,3305.423583984375,1277139,0.0,0.0
2024-08-08,3337.0,3359.949951171875,3283.89990234375,3296.5,3275.860107421875,1280733,0.0,0.0
2024-08-09,3350.0,3350.0,3285.10009765625,3331.699951171875,3310.839599609375,1019809,0.0,0.0
2024-08-12,3331.64990234375,3345.0,3295.35009765625,3320.85009765625,3300.0576171875,874598,0.0,0.0
2024-08-13,3330.0,3404.75,3305.39990234375,3383.550048828125,3362.364990234375,1314371,0.0,0.0
2024-08-14,3390.0,3416.199951171875,3356.85009765625,3402.14990234375,3380.848388671875,997803,0.0,0.0
2024-08-16,3410.0,3450.10009765625,3370.199951171875,3444.75,3423.181884765625,1161982,0.0,0.0
2024-08-19,3436.199951171875,3504.199951171875,3436.199951171875,3464.85009765625,3443.156005859375,1135205,0.0,0.0
2024-08-20,3480.0,3483.10009765625,3454.39990234375,3474.89990234375,3453.142822265625,526591,0.0,0.0
2024-08-21,3474.89990234375,3582.0,3454.550048828125,3560.39990234375,3538.107421875,1990034,0.0,0.0
2024-08-22,3574.949951171875,3625.0,3553.699951171875,3604.39990234375,3581.83203125,1531544,0.0,0.0
2024-08-23,3611.449951171875,3622.85009765625,3544.0,3570.0,3547.6474609375,1173387,0.0,0.0
2024-08-26,3592.0,3640.0,3574.050048828125,3630.199951171875,3607.470703125,1156681,0.0,0.0
2024-08-27,3630.199951171875,3658.800048828125,3530.5,3551.25,3529.014892578125,1169007,0.0,0.0
2024-08-28,3559.64990234375,3579.949951171875,3519.89990234375,3527.5,3505.413818359375,727481,0.0,0.0
2024-08-29,3537.0,3553.75,3510.0,3533.199951171875,3511.077880859375,927472,0.0,0.0
2024-08-30,3550.0,3598.0,3542.5,3565.14990234375,3542.827880859375,2116894,0.0,0.0
2024-09-02,3565.14990234375,3601.949951171875,3552.0,3587.550048828125,3565.087890625,718800,0.0,0.0
2024-09-03,3587.550048828125,3634.89990234375,3560.14990234375,3621.14990234375,3598.477294921875,1112614,0.0,0.0
2024-09-04,3586.10009765625,3617.5,3568.199951171875,3607.699951171875,3585.111328125,529856,0.0,0.0
2024-09-05,3616.60009765625,3753.949951171875,3600.39990234375,3722.85009765625,3699.54052734375,3437885,0.0,0.0
2024-09-06,3714.949951171875,3742.0,3665.0,3695.5,3672.36181640625,1408795,0.0,0.0
2024-09-09,3690.10009765625,3724.449951171875,3653.75,3684.550048828125,3661.48046875,923357,0.0,0.0
2024-09-10,3704.0,3750.0,3666.0,3727.39990234375,3704.06201171875,1109078,0.0,0.0
2024-09-11,3731.89990234375,3743.5,3700.10009765625,3711.10009765625,3687.864013671875,831810,0.0,0.0
2024-09-12,3736.0,3774.0,3711.10009765625,3764.25,3740.681396484375,1337327,0.0,0.0
2024-09-13,3777.0,3799.85009765625,3740.0,3767.0,3743.4140625,1003355,0.0,0.0
2024-09-16,3768.0,3789.0,3735.39990234375,3740.64990234375,3717.22900390625,386602,0.0,0.0
2024-09-17,3759.89990234375,3777.0,3727.300048828125,3767.39990234375,3743.811279296875,392339,0.0,0.0
2024-09-18,3769.0,3786.0,3708.0,3725.35009765625,3702.02490234375,420638,0.0,0.0
2024-09-19,3750.0,3795.0,3741.10009765625,3780.949951171875,3757.276611328125,945257,0.0,0.0
2024-09-20,3793.0,3819.0,3740.0,3797.199951171875,3773.4248046875,1951755,0.0,0.0
2024-09-23,3797.199951171875,3829.0,3781.0,3820.10009765625,3796.181884765625,530107,0.0,0.0
2024-09-24,3818.0,3839.89990234375,3781.550048828125,3784.89990234375,3761.201904296875,1281513,0.0,0.0
2024-09-25,3800.0,3803.550048828125,3710.050048828125,3737.25,3713.850341796875,942343,0.0,0.0
2024-09-26,3738.0,3777.14990234375,3701.39990234375,3757.550048828125,3734.023193359375,1863893,0.0,0.0
2024-09-27,3774.0,3867.0,3751.199951171875,3816.699951171875,3792.802978515625,2164755,0.0,0.0
2024-09-30,3786.0,3863.550048828125,3786.0,3823.949951171875,3800.00732421875,1068609,0.0,0.0
2024-10-01,3823.949951171875,3837.949951171875,3757.0,3775.949951171875,3752.307861328125,774221,0.0,0.0
2024-10-03,3689.10009765625,3782.0,3650.050048828125,3674.949951171875,3651.9404296875,1597560,0.0,0.0
2024-10-04,3625.0,3753.800048828125,3625.0,3670.10009765625,3647.120849609375,1542987,0.0,0.0
2024-10-07,3739.949951171875,3748.0,3552.300048828125,3589.25,3566.777099609375,2523321,0.0,0.0
2024-10-08,3589.25,3595.0,3480.0,3493.35009765625,3471.4775390625,1360120,0.0,0.0
2024-10-09,3518.0,3558.800048828125,3486.60009765625,3493.449951171875,3471.57666015625,1063802,0.0,0.0
2024-10-10,3510.0,3531.550048828125,3415.10009765625,3447.25,3425.666015625,1488328,0.0,0.0
2024-10-11,3464.0,3491.0,3444.300048828125,3474.39990234375,3452.64599609375,858463,0.0,0.0
2024-10-14,3474.39990234375,3525.0,3452.550048828125,3497.800048828125,3475.899658203125,593206,0.0,0.0
2024-10-15,3523.949951171875,3529.449951171875,3477.0,3508.5,3486.532470703125,578719,0.0,0.0
2024-10-16,3508.0,3510.0,3440.0,3471.0,3449.267333984375,591644,0.0,0.0
2024-10-17,3487.0,3487.0,3380.10009765625,3403.35009765625,3382.041259765625,560796,0.0,0.0
2024-10-18,3395.0,3422.35009765625,3296.10009765625,3381.449951171875,3360.278076171875,1249585,0.0,0.0
2024-10-21,3417.949951171875,3419.85009765625,3335.5,3363.25,3342.19189453125,714746,0.0,0.0
2024-10-22,3374.89990234375,3421.5,3319.25,3329.800048828125,3308.951416015625,882086,0.0,0.0
2024-10-23,3330.0,3335.0,3282.5,3288.60009765625,3268.009521484375,877837,0.0,0.0
2024-10-24,3301.050048828125,3342.89990234375,3279.199951171875,3330.89990234375,3310.04443359375,764369,0.0,0.0
2024-10-25,3332.0,3342.35009765625,3232.35009765625,3266.550048828125,3246.09765625,805013,0.0,0.0
2024-10-28,3270.0,3315.0,3254.050048828125,3283.050048828125,3262.494140625,736462,0.0,0.0
2024-10-29,3285.800048828125,3298.0,3227.0,3283.39990234375,3262.842041015625,702769,0.0,0.0
2024-10-30,3261.0,3321.800048828125,3235.10009765625,3308.449951171875,3287.735107421875,895278,0.0,0.0
2024-10-31,3291.0,3299.89990234375,3253.60009765625,3267.050048828125,3246.594482421875,1170306,0.0,0.0
2024-11-01,3304.0,3317.60009765625,3282.35009765625,3293.699951171875,3273.077392578125,176636,0.0,0.0
2024-11-04,3318.0,3318.0,3190.10009765625,3222.0,3201.826416015625,1122152,0.0,0.0
2024-11-05,3206.0,3258.89990234375,3185.0,3230.25,3210.02490234375,872402,0.0,0.0
2024-11-06,3145.0,3208.949951171875,3114.0,3177.050048828125,3157.157958984375,4522923,0.0,0.0
2024-11-07,3180.0,3186.050048828125,3108.10009765625,3120.85009765625,3101.309814453125,1608603,0.0,0.0
2024-11-08,3121.0,3192.89990234375,3106.0,3186.25,3166.30029296875,1719882,0.0,0.0
2024-11-11,3191.60009765625,3230.050048828125,3158.25,3206.60009765625,3186.523193359375,1054929,0.0,0.0
2024-11-12,3201.64990234375,3239.0,3185.0,3198.449951171875,3178.423828125,992983,0.0,0.0
2024-11-13,3175.0,3221.60009765625,3162.199951171875,3187.85009765625,3167.890380859375,911537,0.0,0.0
2024-11-14,3145.050048828125,3195.14990234375,3136.0,3183.699951171875,3163.76611328125,1161637,0.0,0.0
2024-11-18,3183.699951171875,3207.199951171875,3157.5,3172.300048828125,3152.437744140625,943251,0.0,0.0
2024-11-19,3192.0,3283.0,3172.300048828125,3224.699951171875,3204.509521484375,1174506,0.0,0.0
2024-11-21,3225.0,3233.949951171875,3148.35009765625,3178.449951171875,3158.549072265625,1582159,0.0,0.0
2024-11-22,3174.85009765625,3317.0,3152.14990234375,3308.699951171875,3287.983642578125,2207527,0.0,0.0
2024-11-25,3360.0,3369.85009765625,3298.050048828125,3309.10009765625,3288.38134765625,1892510,0.0,0.0
2024-11-26,3310.0,3343.75,3295.699951171875,3327.5,3306.666015625,721345,0.0,0.0
2024-11-27,3325.0,3329.89990234375,3280.14990234375,3291.64990234375,3271.040283203125,732835,0.0,0.0
2024-11-28,3292.0,3305.0,3200.35009765625,3212.35009765625,3192.237060546875,1701387,0.0,0.0
2024-11-29,3212.35009765625,3260.0,3212.35009765625,3249.0,3228.6572265625,1139585,0.0,0.0
2024-12-02,3249.0,3309.89990234375,3222.050048828125,3306.85009765625,3286.145263671875,915980,0.0,0.0
2024-12-03,3290.0,3338.699951171875,3276.60009765625,3332.75,3311.883056640625,1162310,0.0,0.0
2024-12-04,3342.0,3383.0,3338.0,3364.449951171875,3343.384521484375,1630076,0.0,0.0
2024-12-05,3374.949951171875,3465.39990234375,3353.60009765625,3441.050048828125,3419.5048828125,2383630,0.0,0.0
2024-12-06,3453.949951171875,3499.64990234375,3430.0,3470.10009765625,3448.373046875,1278516,0.0,0.0
2024-12-09,3467.5,3488.25,3446.89990234375,3468.199951171875,3446.485107421875,926422,0.0,0.0
2024-12-10,3470.0,3516.949951171875,3436.050048828125,3475.75,3453.98779296875,1063355,0.0,0.0
2024-12-11,3484.75,3490.75,3460.300048828125,3473.10009765625,3451.354248046875,554702,0.0,0.0
2024-12-12,3470.5,3473.10009765625,3412.0,3445.75,3424.17529296875,926472,0.0,0.0
2024-12-13,3420.0,3518.0,3380.25,3508.85009765625,3486.880615234375,1242351,0.0,0.0
2024-12-16,3505.0,3511.0,3429.0,3438.199951171875,3416.672607421875,1295227,0.0,0.0
2024-12-17,3422.050048828125,3449.39990234375,3397.60009765625,3406.10009765625,3384.77392578125,1005604,0.0,0.0
2024-12-18,3401.199951171875,3424.0,3390.0,3401.89990234375,3380.599853515625,646145,0.0,0.0
2024-12-19,3349.60009765625,3399.949951171875,3332.0,3356.85009765625,3335.832275390625,732634,0.0,0.0
2024-12-20,3350.0,3419.0,3333.14990234375,3356.25,3335.23583984375,1235769,0.0,0.0
2024-12-23,3378.10009765625,3406.300048828125,3336.64990234375,3396.949951171875,3375.680908203125,691202,0.0,0.0
2024-12-24,3385.35009765625,3419.0,3338.199951171875,3353.39990234375,3332.403564453125,485245,0.0,0.0
2024-12-26,3365.0,3371.85009765625,3312.64990234375,3323.050048828125,3302.24365234375,637094,0.0,0.0
2024-12-27,3319.85009765625,3345.0,3301.10009765625,3309.199951171875,3288.48046875,568989,0.0,0.0
2024-12-30,3309.949951171875,3317.949951171875,3247.449951171875,3257.35009765625,3236.955322265625,941859,0.0,0.0
2024-12-31,3250.0,3275.64990234375,3230.800048828125,3253.14990234375,3232.78125,616440,0.0,0.0
2025-01-01,3248.0,3269.89990234375,3244.050048828125,3253.85009765625,3233.47705078125,357376,0.0,0.0
2025-01-02,3264.0,3400.949951171875,3251.0,3388.949951171875,3367.731201171875,1152493,0.0,0.0
2025-01-03,3395.0,3481.949951171875,3377.949951171875,3451.64990234375,3430.03857421875,1630862,0.0,0.0
2025-01-06,3490.0,3528.5,3441.199951171875,3470.39990234375,3448.6708984375,2145936,0.0,0.0
2025-01-07,3490.0,3576.699951171875,3485.0,3505.10009765625,3483.154052734375,2389563,0.0,0.0
2025-01-08,3487.64990234375,3514.5,3391.300048828125,3484.050048828125,3462.23583984375,1317377,0.0,0.0
2025-01-09,3485.949951171875,3506.449951171875,3461.550048828125,3487.050048828125,3465.217041015625,826237,0.0,0.0
2025-01-10,3462.0,3488.0,3428.75,3440.25,3418.7099609375,570060,0.0,0.0
2025-01-13,3380.0,3467.0,3352.5,3382.75,3361.570068359375,1282557,0.0,0.0
2025-01-14,3400.0,3429.0,3310.0,3322.5,3301.697265625,1133561,0.0,0.0
2025-01-15,3322.0,3340.5,3283.0,3323.5,3302.69091796875,1169593,0.0,0.0
2025-01-16,3327.0,3338.85009765625,3282.0,3316.89990234375,3296.132080078125,1170734,0.0,0.0
2025-01-17,3319.89990234375,3368.0,3285.050048828125,3357.39990234375,3336.37841796875,559153,0.0,0.0
2025-01-20,3374.10009765625,3407.699951171875,3347.5,3382.25,3361.0732421875,722342,0.0,0.0
2025-01-21,3400.949951171875,3412.699951171875,3335.14990234375,3353.35009765625,3332.354248046875,1016047,0.0,0.0
2025-01-22,3354.800048828125,3385.0,3334.64990234375,3356.449951171875,3335.4345703125,598329,0.0,0.0
2025-01-23,3356.449951171875,3433.0,3325.5,3398.550048828125,3377.271240234375,713603,0.0,0.0
2025-01-24,3407.0,3447.64990234375,3380.449951171875,3402.14990234375,3380.848388671875,564244,0.0,0.0
2025-01-27,3388.0,3401.949951171875,3307.25,3319.35009765625,3298.567138671875,618309,0.0,0.0
2025-01-28,3319.35009765625,3370.85009765625,3299.550048828125,3325.89990234375,3305.07568359375,579957,0.0,0.0
2025-01-29,3339.199951171875,3375.0,3309.050048828125,3370.75,3349.64501953125,570137,0.0,0.0
2025-01-30,3370.64990234375,3390.0,3345.199951171875,3368.39990234375,3347.3095703125,688608,0.0,0.0
2025-01-31,3400.0,3527.449951171875,3392.39990234375,3490.25,3468.39697265625,1212261,0.0,0.0
2025-02-01,3527.0,3635.14990234375,3408.0,3552.0,3529.76025390625,2186692,0.0,0.0
2025-02-03,3565.0,3642.550048828125,3551.75,3580.300048828125,3557.883056640625,1543897,0.0,0.0
2025-02-04,3590.0,3614.0,3520.0,3597.699951171875,3575.174072265625,1279779,0.0,0.0
2025-02-05,3596.0,3652.0,3472.199951171875,3490.89990234375,3469.042724609375,2165947,0.0,0.0
2025-02-06,3490.89990234375,3504.25,3397.85009765625,3410.75,3389.394775390625,1059617,0.0,0.0
2025-02-07,3414.89990234375,3453.89990234375,3388.199951171875,3424.800048828125,3403.356689453125,740155,0.0,0.0
2025-02-10,3415.0,3425.0,3311.0,3327.449951171875,3306.615966796875,904436,0.0,0.0
2025-02-11,3334.699951171875,3348.0,3271.60009765625,3281.800048828125,3261.251953125,903965,0.0,0.0
2025-02-12,3282.75,3317.39990234375,3212.60009765625,3255.449951171875,3235.06689453125,774619,0.0,0.0
2025-02-13,3250.25,3277.949951171875,3215.199951171875,3231.5,3211.26708984375,727243,0.0,0.0
2025-02-14,3236.300048828125,3253.0,3186.449951171875,3213.25,3193.13134765625,587411,0.0,0.0
2025-02-17,3195.25,3238.5,3176.0,3233.199951171875,3212.956298828125,712614,0.0,0.0
2025-02-18,3234.800048828125,3244.0,3192.300048828125,3221.85009765625,3201.677490234375,592636,0.0,0.0
2025-02-19,3220.0,3253.64990234375,3191.800048828125,3210.300048828125,3190.19970703125,521953,0.0,0.0
2025-02-20,3210.0,3218.64990234375,3188.14990234375,3191.449951171875,3171.4677734375,653151,0.0,0.0
2025-02-21,3191.449951171875,3205.949951171875,3162.25,3179.89990234375,3159.989990234375,407794,0.0,0.0
2025-02-24,3131.0,3187.949951171875,3131.0,3173.0,3153.133056640625,431232,0.0,0.0
2025-02-25,3140.0,3211.5,3136.550048828125,3198.800048828125,3178.771728515625,642281,0.0,0.0
2025-02-27,3198.800048828125,3228.0,3176.949951171875,3223.10009765625,3202.919677734375,604023,0.0,0.0
2025-02-28,3202.0,3217.949951171875,3060.0,3077.25,3057.982666015625,1322618,0.0,0.0
2025-03-03,3090.0,3102.10009765625,3057.75,3082.0,3062.703125,516171,0.0,0.0
2025-03-04,3050.0,3070.0,3017.0,3048.5,3029.412841796875,1186136,0.0,0.0
2025-03-05,3048.5,3107.449951171875,3035.699951171875,3086.550048828125,3067.224609375,579883,0.0,0.0
2025-03-06,3091.199951171875,3131.64990234375,3047.0,3121.10009765625,3101.55810546875,1399483,0.0,0.0
2025-03-07,3121.10009765625,3124.60009765625,3074.64990234375,3079.35009765625,3060.069580078125,1020056,0.0,0.0
2025-03-10,3080.0,3083.0,3021.10009765625,3026.800048828125,3007.8486328125,855408,0.0,0.0
2025-03-11,3015.0,3055.89990234375,3010.0,3046.39990234375,3027.32568359375,576260,0.0,0.0
2025-03-12,3037.39990234375,3053.800048828125,2996.050048828125,3018.949951171875,3000.0478515625,489535,0.0,0.0
2025-03-13,3019.39990234375,3049.5,3000.300048828125,3010.14990234375,2991.302734375,785215,0.0,0.0
2025-03-17,2985.050048828125,3036.39990234375,2985.050048828125,3017.35009765625,2998.457763671875,632348,0.0,0.0
2025-03-18,3017.35009765625,3017.35009765625,3017.35009765625,3017.35009765625,2998.457763671875,0,0.0,0.0
2025-03-19,3088.050048828125,3095.0,3058.199951171875,3076.300048828125,3057.038818359375,730983,0.0,0.0
2025-03-20,3100.0,3205.0,3080.0,3193.10009765625,3173.107421875,1542807,0.0,0.0
2025-03-21,3186.949951171875,3190.0,3154.949951171875,3162.699951171875,3142.897705078125,1181974,0.0,0.0
2025-03-24,3168.199951171875,3175.949951171875,3075.0,3079.10009765625,3059.821044921875,1481216,0.0,0.0
2025-03-25,3085.0,3099.949951171875,3046.0,3053.699951171875,3034.580322265625,1174346,0.0,0.0
2025-03-26,3068.949951171875,3077.75,3034.550048828125,3057.5,3038.3564453125,1010449,0.0,0.0
2025-03-27,3047.550048828125,3097.699951171875,3047.550048828125,3087.64990234375,3068.3173828125,1635143,0.0,0.0
2025-03-28,3094.0,3111.800048828125,3051.050048828125,3063.35009765625,3044.169921875,778417,0.0,0.0
2025-04-01,3053.699951171875,3075.699951171875,2982.0,2986.949951171875,2968.248046875,1068622,0.0,0.0
2025-04-02,3011.0,3105.0,2971.14990234375,3098.449951171875,3079.050048828125,1674921,0.0,0.0
2025-04-03,3071.0,3151.0,3068.0,3127.550048828125,3107.9677734375,1115568,0.0,0.0
2025-04-04,3099.0,3114.89990234375,3050.0,3076.199951171875,3056.939208984375,901801,0.0,0.0
2025-04-07,2925.0,3048.0,2925.0,3022.199951171875,3003.27734375,1378989,0.0,0.0
2025-04-08,3149.699951171875,3227.25,3101.0,3122.300048828125,3102.750732421875,2830156,0.0,0.0
2025-04-09,3137.85009765625,3188.25,3090.699951171875,3174.14990234375,3154.27587890625,1215988,0.0,0.0
2025-04-11,3222.0,3242.550048828125,3201.25,3234.89990234375,3214.645751953125,814920,0.0,0.0
2025-04-15,3270.0,3285.0,3245.10009765625,3273.39990234375,3252.904541015625,1121769,0.0,0.0
2025-04-16,3250.0,3286.0,3245.10009765625,3272.10009765625,3251.613037109375,889943,0.0,0.0
2025-04-17,3250.0,3334.800048828125,3211.199951171875,3327.5,3306.666015625,1083612,0.0,0.0
2025-04-21,3314.0,3353.5,3290.0,3336.10009765625,3315.212158203125,672129,0.0,0.0
2025-04-22,3336.10009765625,3358.800048828125,3320.10009765625,3337.39990234375,3316.50390625,609213,0.0,0.0
2025-04-23,3357.0,3373.699951171875,3315.5,3357.300048828125,3336.279296875,628656,0.0,0.0
2025-04-24,3356.800048828125,3395.0,3344.0,3382.60009765625,3361.421142578125,901747,0.0,0.0
2025-04-25,3382.60009765625,3419.5,3316.0,3365.199951171875,3344.129638671875,704325,0.0,0.0
2025-04-28,3356.0,3397.39990234375,3351.0,3369.10009765625,3348.00537109375,384147,0.0,0.0
2025-04-29,3375.89990234375,3398.0,3354.0,3378.60009765625,3357.446044921875,575435,0.0,0.0
2025-04-30,3374.0,3409.0,3354.300048828125,3379.699951171875,3358.5390625,708818,0.0,0.0
2025-05-02,3362.10009765625,3381.5,3324.0,3342.0,3321.0751953125,514587,0.0,0.0
2025-05-05,3357.699951171875,3408.5,3307.0,3321.800048828125,3301.001708984375,565178,0.0,0.0
2025-05-06,3321.800048828125,3325.300048828125,3245.5,3299.300048828125,3278.642333984375,650789,0.0,0.0
2025-05-07,3280.0,3381.0,3260.199951171875,3338.89990234375,3317.994384765625,1047443,0.0,0.0
2025-05-08,3349.89990234375,3412.5,3325.0,3369.300048828125,3348.2041015625,1597339,0.0,0.0
2025-05-09,3367.0,3530.0,3354.199951171875,3510.300048828125,3488.3212890625,2863992,0.0,0.0
2025-05-12,3537.199951171875,3585.0,3530.300048828125,3562.89990234375,3540.592041015625,956930,0.0,0.0
2025-05-13,3562.89990234375,3588.39990234375,3540.10009765625,3563.199951171875,3540.89013671875,996541,0.0,0.0
2025-05-14,3555.0,3610.0,3550.0,3587.60009765625,3565.137451171875,588159,0.0,0.0
2025-05-15,3597.0,3665.0,3553.89990234375,3636.800048828125,3614.029296875,1227751,0.0,0.0
2025-05-16,3654.0,3655.89990234375,3613.39990234375,3633.699951171875,3610.94873046875,525064,0.0,0.0
2025-05-19,3617.0,3649.5,3611.39990234375,3617.699951171875,3595.048828125,376760,0.0,0.0
2025-05-20,3617.699951171875,3620.0,3575.10009765625,3580.60009765625,3558.18115234375,811416,0.0,0.0
2025-05-21,3570.0,3623.10009765625,3567.300048828125,3580.5,3558.081787109375,415016,0.0,0.0
2025-05-22,3565.0,3575.0,3516.10009765625,3541.0,3518.8291015625,709846,0.0,0.0
2025-05-23,3531.0,3606.300048828125,3523.0,3579.699951171875,3557.28662109375,416717,0.0,0.0
2025-05-26,3576.0,3640.0,3570.39990234375,3610.300048828125,3587.6953125,525514,0.0,0.0
2025-05-27,3615.0,3639.0,3562.199951171875,3589.39990234375,3566.926025390625,1019733,0.0,0.0
2025-05-28,3595.0,3601.60009765625,3545.0,3574.699951171875,3552.318115234375,449324,0.0,0.0
2025-05-29,3580.0,3600.0,3560.10009765625,3588.300048828125,3565.8330078125,513095,0.0,0.0
2025-05-30,3580.0,3605.0,3542.10009765625,3555.0,3532.741455078125,962944,0.0,0.0
2025-06-02,3525.10009765625,3542.0,3475.89990234375,3525.5,3503.426025390625,726392,0.0,0.0
2025-06-03,3525.5,3580.0,3503.5,3519.800048828125,3497.76171875,676943,0.0,0.0
2025-06-04,3506.10009765625,3519.800048828125,3486.0,3499.800048828125,3477.88720703125,410354,0.0,0.0
2025-06-05,3498.699951171875,3535.0,3474.199951171875,3504.0,3482.060791015625,608651,0.0,0.0
2025-06-06,3524.0,3570.89990234375,3486.199951171875,3559.89990234375,3537.61083984375,602422,0.0,0.0
2025-06-09,3564.800048828125,3580.0,3521.199951171875,3533.89990234375,3511.7734375,540262,0.0,0.0
2025-06-10,3545.0,3545.0,3506.10009765625,3524.199951171875,3502.13427734375,561695,0.0,0.0
2025-06-11,3525.0,3549.0,3505.0,3541.60009765625,3519.42529296875,505077,0.0,0.0
2025-06-12,3548.0,3559.800048828125,3445.5,3452.699951171875,3431.08203125,811822,0.0,0.0
2025-06-13,3409.699951171875,3440.800048828125,3383.0,3421.89990234375,3400.474853515625,821750,0.0,0.0
2025-06-16,3411.0,3453.699951171875,3396.199951171875,3438.10009765625,3416.573486328125,534665,0.0,0.0
2025-06-17,3428.0,3437.60009765625,3395.39990234375,3405.699951171875,3384.376220703125,1000345,0.0,0.0
2025-06-18,3406.0,3480.0,3390.0,3467.800048828125,3446.08740234375,972739,0.0,0.0
2025-06-19,3478.800048828125,3521.60009765625,3467.800048828125,3505.39990234375,3483.451904296875,1022566,0.0,0.0
2025-06-20,3500.0,3545.0,3489.0,3519.0,3496.966796875,2941214,0.0,0.0
2025-06-23,3480.199951171875,3528.5,3473.0,3505.699951171875,3483.750244140625,643325,0.0,0.0
2025-06-24,3523.10009765625,3567.0,3506.10009765625,3526.0,3503.923095703125,968797,0.0,0.0
2025-06-25,3550.0,3665.0,3550.0,3652.199951171875,3629.332763671875,2697912,0.0,0.0
2025-06-26,3655.0,3700.5,3644.0,3694.699951171875,3671.566650390625,1620497,0.0,0.0
2025-06-27,3700.0,3709.10009765625,3659.5,3666.199951171875,3643.2451171875,601285,0.0,0.0
2025-06-30,3666.199951171875,3698.5,3652.0,3690.199951171875,3667.094970703125,921775,0.0,0.0
2025-07-01,3699.0,3726.5,3667.0,3700.5,3677.33056640625,947173,0.0,0.0
2025-07-02,3705.0,3721.89990234375,3689.0,3708.0,3684.783447265625,583514,0.0,0.0
2025-07-03,3702.0,3712.89990234375,3672.199951171875,3678.699951171875,3655.6669921875,528710,0.0,0.0
2025-07-04,3666.0,3690.10009765625,3645.10009765625,3686.89990234375,3663.815673828125,629926,0.0,0.0
2025-07-07,3675.5,3696.0,3647.89990234375,3666.10009765625,3643.145751953125,829472,0.0,0.0
2025-07-08,3581.800048828125,3581.800048828125,3435.0,3441.300048828125,3430.045166015625,3952270,11.0,0.0
2025-07-09,3441.300048828125,3461.5,3420.60009765625,3432.10009765625,3420.875244140625,1868271,0.0,0.0
2025-07-10,3432.10009765625,3445.0,3414.0,3419.800048828125,3408.615478515625,496586,0.0,0.0
2025-07-11,3408.0,3422.199951171875,3357.0,3361.60009765625,3350.605712890625,856956,0.0,0.0
2025-07-14,3372.0,3410.0,3344.0,3404.699951171875,3393.564697265625,755781,0.0,0.0
2025-07-15,3418.0,3422.0,3387.699951171875,3415.0,3403.8310546875,686088,0.0,0.0
2025-07-16,3417.0,3422.199951171875,3388.5,3417.300048828125,3406.12353515625,669532,0.0,0.0
2025-07-17,3418.39990234375,3448.0,3416.5,3433.300048828125,3422.0712890625,559482,0.0,0.0
2025-07-18,3444.0,3444.0,3392.0,3402.89990234375,3391.7705078125,293360,0.0,0.0
2025-07-21,3391.0,3439.10009765625,3365.199951171875,3433.0,3421.772216796875,561799,0.0,0.0
2025-07-22,3450.0,3490.0,3430.300048828125,3472.39990234375,3461.043212890625,1752275,0.0,0.0
2025-07-23,3472.39990234375,3481.89990234375,3444.0,3471.39990234375,3460.04638671875,584590,0.0,0.0
2025-07-24,3467.39990234375,3489.800048828125,3458.0,3484.39990234375,3473.00390625,630718,0.0,0.0
2025-07-25,3476.39990234375,3480.0,3447.0,3462.800048828125,3451.474609375,624410,0.0,0.0
2025-07-28,3453.0,3462.60009765625,3382.0,3393.0,3381.903076171875,603916,0.0,0.0
2025-07-29,3390.0,3397.0,3355.60009765625,3379.199951171875,3368.14794921875,511042,0.0,0.0
2025-07-30,3380.0,3393.5,3345.300048828125,3376.5,3365.45703125,443735,0.0,0.0
2025-07-31,3340.0,3364.5,3315.5,3347.300048828125,3336.3525390625,553157,0.0,0.0
2025-08-01,3340.0,3347.300048828125,3307.0,3316.0,3305.15478515625,422977,0.0,0.0
2025-08-04,3315.0,3365.0,3308.10009765625,3356.300048828125,3345.322998046875,450434,0.0,0.0
2025-08-05,3356.300048828125,3443.0,3348.0,3418.199951171875,3407.0205078125,837335,0.0,0.0
2025-08-06,3437.0,3462.39990234375,3400.0,3417.699951171875,3406.522216796875,635456,0.0,0.0
2025-08-07,3380.0,3437.0,3377.699951171875,3415.699951171875,3404.528564453125,509599,0.0,0.0
2025-08-08,3450.10009765625,3489.800048828125,3403.10009765625,3460.199951171875,3448.883056640625,2184271,0.0,0.0
2025-08-11,3473.0,3487.300048828125,3402.800048828125,3467.89990234375,3456.557861328125,563586,0.0,0.0
2025-08-12,3467.89990234375,3534.0,3460.10009765625,3486.800048828125,3475.396240234375,929276,0.0,0.0
2025-08-13,3486.800048828125,3494.89990234375,3463.199951171875,3466.800048828125,3455.461669921875,360474,0.0,0.0
2025-08-14,3476.5,3505.800048828125,3464.10009765625,3489.39990234375,3477.987548828125,597987,0.0,0.0
2025-08-18,3496.0,3574.800048828125,3493.5,3554.800048828125,3543.173828125,1253006,0.0,0.0
2025-08-19,3555.0,3577.300048828125,3545.0,3568.10009765625,3556.430419921875,537433,0.0,0.0
2025-08-20,3560.0,3602.89990234375,3552.0,3595.0,3583.242431640625,517031,0.0,0.0
2025-08-21,3595.0,3625.0,3588.199951171875,3616.300048828125,3604.47265625,673486,0.0,0.0
2025-08-22,3616.300048828125,3641.39990234375,3607.699951171875,3621.0,3609.1572265625,691835,0.0,0.0
2025-08-25,3629.699951171875,3669.60009765625,3615.5,3651.39990234375,3639.457763671875,700503,0.0,0.0
2025-08-26,3662.800048828125,3672.800048828125,3589.10009765625,3594.0,3582.24560546875,960778,0.0,0.0
2025-08-28,3552.10009765625,3650.89990234375,3552.10009765625,3637.699951171875,3625.802490234375,989246,0.0,0.0
2025-08-29,3637.699951171875,3642.0,3603.60009765625,3628.800048828125,3616.931884765625,660956,0.0,0.0
2025-09-01,3631.0,3653.39990234375,3610.39990234375,3618.60009765625,3606.76513671875,297533,0.0,0.0
2025-09-02,3614.0,3655.800048828125,3606.10009765625,3620.60009765625,3608.7587890625,536300,0.0,0.0
2025-09-03,3605.0,3697.89990234375,3590.0,3690.60009765625,3678.52978515625,791874,0.0,0.0
2025-09-04,3740.0,3740.0,3676.800048828125,3691.10009765625,3679.028076171875,635811,0.0,0.0
2025-09-05,3695.0,3700.0,3660.0,3665.300048828125,3653.3125,454120,0.0,0.0
2025-09-08,3653.0,3683.60009765625,3640.0,3658.0,3646.036376953125,548987,0.0,0.0
2025-09-09,3667.800048828125,3667.800048828125,3619.199951171875,3630.10009765625,3618.2275390625,428367,0.0,0.0
2025-09-10,3632.0,3648.699951171875,3608.199951171875,3620.60009765625,3608.7587890625,408800,0.0,0.0
2025-09-11,3620.0,3644.0,3580.0,3584.199951171875,3572.4775390625,495417,0.0,0.0
2025-09-12,3589.89990234375,3598.199951171875,3563.89990234375,3571.89990234375,3560.2177734375,275049,0.0,0.0
2025-09-15,3556.0,3576.5,3515.0,3534.10009765625,3522.54150390625,362285,0.0,0.0
2025-09-16,3525.0,3570.300048828125,3502.0,3556.800048828125,3545.167236328125,724742,0.0,0.0
2025-09-17,3561.89990234375,3572.699951171875,3513.199951171875,3523.0,3511.477783203125,659866,0.0,0.0
2025-09-18,3530.0,3546.0,3503.39990234375,3511.300048828125,3499.816162109375,829442,0.0,0.0
2025-09-19,3504.0,3511.300048828125,3460.0,3467.199951171875,3455.8603515625,2337255,0.0,0.0
2025-09-22,3458.199951171875,3477.0,3440.0,3457.5,3446.19189453125,817833,0.0,0.0
2025-09-23,3465.199951171875,3465.300048828125,3405.0,3439.199951171875,3427.951904296875,1144975,0.0,0.0
2025-09-24,3430.0,3437.39990234375,3411.0,3418.300048828125,3407.120361328125,690454,0.0,0.0
2025-09-25,3408.0,3419.89990234375,3370.0,3378.5,3367.450439453125,1139904,0.0,0.0
2025-09-26,3387.699951171875,3402.0,3303.10009765625,3327.300048828125,3316.41796875,7524068,0.0,0.0
2025-09-29,3327.0,3418.0,3327.0,3401.199951171875,3390.076171875,1452636,0.0,0.0
2025-09-30,3452.0,3474.5,3355.0,3367.0,3355.988037109375,1733728,0.0,0.0
2025-10-01,3370.0,3414.89990234375,3351.0,3408.300048828125,3397.153076171875,798754,0.0,0.0
2025-10-03,3379.89990234375,3459.0,3378.0,3453.300048828125,3442.005859375,1655328,0.0,0.0
2025-10-06,3453.300048828125,3459.300048828125,3401.0,3425.39990234375,3414.197021484375,1184781,0.0,0.0
2025-10-07,3425.0,3445.89990234375,3411.0,3418.199951171875,3407.0205078125,996165,0.0,0.0
2025-10-08,3474.0,3580.0,3460.0,3565.60009765625,3553.9384765625,4531362,0.0,0.0
2025-10-09,3559.800048828125,3561.699951171875,3526.39990234375,3550.60009765625,3538.987548828125,597739,0.0,0.0
2025-10-10,3548.89990234375,3571.699951171875,3523.300048828125,3531.89990234375,3520.3486328125,825274,0.0,0.0
2025-10-13,3518.0,3545.0,3509.5,3533.60009765625,3522.043212890625,606122,0.0,0.0
2025-10-14,3533.0,3549.39990234375,3506.5,3537.39990234375,3525.83056640625,925998,0.0,0.0
2025-10-15,3532.89990234375,3561.89990234375,3511.0,3549.0,3537.392822265625,1005045,0.0,0.0
2025-10-16,3549.0,3652.0,3540.0,3640.300048828125,3628.394287109375,1528118,0.0,0.0
2025-10-17,3635.0,3715.0,3633.0,3674.800048828125,3662.78125,1123500,0.0,0.0
2025-10-20,3680.0,3749.89990234375,3676.199951171875,3737.199951171875,3724.977294921875,707974,0.0,0.0
2025-10-21,3737.199951171875,3746.0,3719.0,3729.0,3716.803955078125,156306,0.0,0.0
2025-10-23,3765.0,3800.0,3738.300048828125,3772.300048828125,3759.96240234375,1622402,0.0,0.0
2025-10-24,3775.0,3781.0,3706.10009765625,3714.89990234375,3702.75,563296,0.0,0.0
2025-10-27,3714.0,3753.89990234375,3710.0,3739.800048828125,3727.56884765625,856124,0.0,0.0
2025-10-28,3750.0,3770.0,3688.10009765625,3717.0,3704.84326171875,1482961,0.0,0.0
2025-10-29,3734.199951171875,3753.5,3714.199951171875,3748.300048828125,3736.041015625,789557,0.0,0.0
2025-10-30,3745.0,3773.89990234375,3720.10009765625,3750.699951171875,3738.43310546875,544151,0.0,0.0
2025-10-31,3758.89990234375,3783.0,3739.5,3746.699951171875,3734.446044921875,900994,0.0,0.0
2025-11-03,3730.0,3762.0,3667.300048828125,3724.5,3712.31884765625,1119367,0.0,0.0
2025-11-04,3724.5,3827.0,3715.0,3813.5,3801.027587890625,2524600,0.0,0.0
2025-11-06,3780.0,3837.699951171875,3761.60009765625,3774.39990234375,3762.055419921875,927231,0.0,0.0
2025-11-07,3766.0,3792.0,3736.0,3769.300048828125,3756.972412109375,728998,0.0,0.0
2025-11-10,3788.0,3815.0,3769.300048828125,3803.0,3790.56201171875,599567,0.0,0.0
2025-11-11,3810.5,3820.0,3752.10009765625,3812.39990234375,3799.93115234375,668789,0.0,0.0
2025-11-12,3838.0,3877.0,3804.199951171875,3851.10009765625,3838.5048828125,805025,0.0,0.0
2025-11-13,3860.0,3867.89990234375,3817.0,3839.199951171875,3826.6435546875,668623,0.0,0.0
2025-11-14,3839.199951171875,3854.699951171875,3800.0,3829.199951171875,3816.67626953125,575050,0.0,0.0
2025-11-17,3848.0,3874.300048828125,3821.5,3868.60009765625,3855.947509765625,504928,0.0,0.0
2025-11-18,3865.0,3900.0,3841.60009765625,3879.199951171875,3866.5126953125,849966,0.0,0.0
2025-11-19,3882.89990234375,3940.5,3862.39990234375,3933.10009765625,3920.236572265625,1578123,0.0,0.0
2025-11-20,3950.0,3956.0,3895.0,3902.39990234375,3889.636962890625,762391,0.0,0.0
2025-11-21,3901.0,3925.0,3882.10009765625,3904.199951171875,3891.430908203125,383311,0.0,0.0
2025-11-24,3915.5,3937.199951171875,3865.0,3874.300048828125,3861.62890625,1258036,0.0,0.0
2025-11-25,3874.39990234375,3908.39990234375,3845.0,3855.10009765625,3842.49169921875,680366,0.0,0.0
2025-11-26,3845.0,3914.5,3843.5,3897.699951171875,3884.9521484375,364592,0.0,0.0
2025-11-27,3900.60009765625,3927.0,3875.10009765625,3903.300048828125,3890.533935546875,542241,0.0,0.0
2025-11-28,3906.199951171875,3934.89990234375,3896.5,3907.699951171875,3894.919677734375,574817,0.0,0.0
2025-12-01,3907.699951171875,3910.699951171875,3861.300048828125,3894.89990234375,3882.161376953125,603073,0.0,0.0
2025-12-02,3875.0,3899.60009765625,3867.5,3885.800048828125,3873.09130859375,661018,0.0,0.0
2025-12-03,3870.0,3880.0,3785.89990234375,3817.800048828125,3805.313720703125,770638,0.0,0.0
2025-12-04,3805.0,3830.0,3778.0,3800.39990234375,3787.970458984375,776693,0.0,0.0
2025-12-05,3777.0,3828.0,3777.0,3813.300048828125,3800.828369140625,508448,0.0,0.0
2025-12-08,3796.300048828125,3825.0,3758.10009765625,3767.0,3754.6796875,545864,0.0,0.0
2025-12-09,3775.0,3874.0,3751.0,3849.0,3836.41162109375,1121068,0.0,0.0
2025-12-10,3831.0,3858.199951171875,3825.60009765625,3845.699951171875,3833.122314453125,616248,0.0,0.0
2025-12-11,3830.39990234375,3855.800048828125,3777.0,3844.800048828125,3832.225341796875,669180,0.0,0.0
2025-12-12,3844.800048828125,3894.800048828125,3831.89990234375,3880.199951171875,3867.509521484375,547866,0.0,0.0
2025-12-15,3861.300048828125,3876.39990234375,3850.0,3866.199951171875,3853.55517578125,332337,0.0,0.0
2025-12-16,3850.0,3937.5,3828.0,3929.5,3916.648193359375,1560827,0.0,0.0
2025-12-17,3930.0,3935.699951171875,3890.0,3907.89990234375,3895.118896484375,601010,0.0,0.0
2025-12-18,3900.0,3924.0,3890.10009765625,3919.300048828125,3906.481689453125,516547,0.0,0.0
2025-12-19,3919.0,3961.89990234375,3913.0,3930.10009765625,3917.246337890625,730780,0.0,0.0
2025-12-22,3940.0,3950.800048828125,3917.10009765625,3933.800048828125,3920.934326171875,569521,0.0,0.0
2025-12-23,3933.800048828125,3956.300048828125,3916.39990234375,3925.800048828125,3912.96044921875,445656,0.0,0.0
2025-12-24,3925.800048828125,3935.0,3900.0,3909.300048828125,3896.514404296875,399227,0.0,0.0
2025-12-26,3908.89990234375,4006.89990234375,3900.0,3992.0,3978.94384765625,1113050,0.0,0.0
2025-12-29,4010.0,4031.699951171875,3978.0,3983.699951171875,3970.6708984375,1242846,0.0,0.0
2025-12-30,3982.0,3993.5,3954.10009765625,3974.10009765625,3961.1025390625,1169570,0.0,0.0
2025-12-31,3984.0,4061.89990234375,3975.10009765625,4051.5,4038.249267578125,1358731,0.0,0.0
2026-01-01,4063.699951171875,4068.0,4035.699951171875,4049.300048828125,4036.056640625,444679,0.0,0.0
2026-01-02,4039.0,4060.0,3986.199951171875,4051.699951171875,4038.448486328125,659997,0.0,0.0
2026-01-05,4051.699951171875,4094.0,4046.0,4079.699951171875,4066.35693359375,629273,0.0,0.0
2026-01-06,4079.699951171875,4120.5,4068.5,4111.7998046875,4098.35205078125,820331,0.0,0.0
2026-01-07,4225.0,4312.10009765625,4202.0,4273.2001953125,4259.224609375,3496340,0.0,0.0
2026-01-08,4273.2001953125,4303.2001953125,4239.0,4249.0,4235.103515625,1055725,0.0,0.0
2026-01-09,4231.0,4279.0,4183.10009765625,4201.7998046875,4188.0576171875,883117,0.0,0.0
2026-01-12,4205.0,4242.0,4145.0,4231.60009765625,4217.76025390625,514767,0.0,0.0
2026-01-13,4231.60009765625,4267.60009765625,4210.0,4239.2001953125,4225.33544921875,770707,0.0,0.0
2026-01-14,4241.89990234375,4283.0,4211.0,4221.5,4207.693359375,998692,0.0,0.0
2026-01-16,4221.5,4236.39990234375,4181.10009765625,4196.89990234375,4183.173828125,686949,0.0,0.0
2026-01-19,4165.7001953125,4207.39990234375,4129.10009765625,4144.10009765625,4130.54638671875,365905,0.0,0.0
2026-01-20,4155.0,4155.0,4064.300048828125,4075.5,4062.1708984375,586156,0.0,0.0
2026-01-21,4075.5,4109.89990234375,4053.5,4079.199951171875,4065.858642578125,552760,0.0,0.0
2026-01-22,4099.0,4128.0,3980.800048828125,4018.60009765625,4005.45703125,818966,0.0,0.0
2026-01-23,4025.10009765625,4063.300048828125,3980.0,4021.800048828125,4008.646484375,1015415,0.0,0.0
2026-01-27,4021.800048828125,4040.0,3955.0,3997.0,3983.927490234375,1760501,0.0,0.0
2026-01-28,4002.0,4025.800048828125,3964.89990234375,3975.199951171875,3962.19873046875,809022,0.0,0.0
2026-01-29,3960.800048828125,3968.60009765625,3843.10009765625,3939.699951171875,3926.81494140625,1145612,0.0,0.0
2026-01-30,3945.0,3995.0,3909.800048828125,3977.39990234375,3964.3916015625,1427639,0.0,0.0
2026-02-02,4000.0,4000.0,3893.300048828125,3953.199951171875,3940.270751953125,1273196,0.0,0.0
2026-02-03,4143.0,4143.0,4044.10009765625,4068.60009765625,4055.29345703125,1043274,0.0,0.0
2026-02-04,4087.0,4160.0,4066.199951171875,4144.0,4130.44677734375,917279,0.0,0.0
2026-02-05,4152.2998046875,4152.2998046875,4063.10009765625,4097.60009765625,4084.19873046875,693637,0.0,0.0
2026-02-06,4097.60009765625,4154.0,4065.300048828125,4141.0,4127.45654296875,888701,0.0,0.0
2026-02-09,4200.2001953125,4269.39990234375,4155.0,4257.7998046875,4243.87451171875,1092387,0.0,0.0
2026-02-10,4300.0,4329.60009765625,4239.60009765625,4269.10009765625,4255.1376953125,1713633,0.0,0.0
2026-02-11,4350.0,4378.39990234375,4208.0,4249.10009765625,4235.203125,3342226,0.0,0.0
2026-02-12,4232.39990234375,4286.39990234375,4182.2998046875,4275.7998046875,4261.8154296875,998509,0.0,0.0
2026-02-13,4267.2998046875,4271.7998046875,4164.7998046875,4179.2001953125,4165.53173828125,524758,0.0,0.0
2026-02-16,4155.0,4196.0,4128.7998046875,4181.10009765625,4167.42529296875,500349,0.0,0.0
2026-02-17,4167.10009765625,4244.89990234375,4155.0,4236.39990234375,4222.54443359375,464123,0.0,0.0
2026-02-18,4251.0,4257.89990234375,4214.2998046875,4248.60009765625,4234.70458984375,387328,0.0,0.0
2026-02-19,4225.0,4261.0,4191.0,4198.2001953125,4184.4697265625,406232,0.0,0.0
2026-02-20,4200.5,4252.10009765625,4200.2001953125,4236.39990234375,4222.54443359375,532169,0.0,0.0
2026-02-23,4270.0,4280.0,4240.10009765625,4272.7001953125,4258.72607421875,516387,0.0,0.0
2026-02-24,4240.39990234375,4300.0,4235.0,4294.5,4280.45458984375,491126,0.0,0.0
2026-02-25,4304.0,4349.0,4289.7998046875,4325.0,4310.85498046875,586295,0.0,0.0
2026-02-26,4330.0,4352.2001953125,4307.0,4342.60009765625,4328.3974609375,520985,0.0,0.0
2026-02-27,4341.60009765625,4352.0,4311.7998046875,4327.5,4313.3466796875,1146258,0.0,0.0
2026-03-02,4288.7998046875,4330.0,4193.0,4270.2998046875,4256.33349609375,770589,0.0,0.0
2026-03-04,4205.0,4238.2998046875,4083.5,4204.39990234375,4190.64892578125,1024050,0.0,0.0
2026-03-05,4238.0,4302.5,4173.2001953125,4275.2001953125,4261.2177734375,691367,0.0,0.0
2026-03-06,4250.0,4302.0,4227.0,4244.60009765625,4230.7177734375,580562,0.0,0.0
2026-03-09,4160.0,4199.7001953125,4112.7001953125,4159.2001953125,4145.59716796875,576017,0.0,0.0
2026-03-10,4175.10009765625,4242.89990234375,4175.10009765625,4220.10009765625,4206.2978515625,788850,0.0,0.0
2026-03-11,4192.0,4234.89990234375,4126.2001953125,4140.2998046875,4126.7587890625,454575,0.0,0.0
2026-03-12,4100.0,4179.0,4033.800048828125,4129.60009765625,4116.09375,1071366,0.0,0.0
2026-03-13,4091.0,4147.2001953125,4046.0,4073.199951171875,4059.878173828125,868825,0.0,0.0
2026-03-16,4057.0,4125.0,4002.199951171875,4090.800048828125,4077.4208984375,1013667,0.0,0.0
2026-03-17,4090.5,4110.0,4036.5,4090.5,4077.121826171875,1126905,0.0,0.0
2026-03-18,4083.699951171875,4174.7998046875,4077.800048828125,4145.5,4131.94189453125,751307,0.0,0.0
2026-03-19,4104.39990234375,4138.10009765625,4017.89990234375,4037.89990234375,4024.693603515625,567278,0.0,0.0
2026-03-20,4046.89990234375,4149.89990234375,4040.89990234375,4106.60009765625,4093.169189453125,1019586,0.0,0.0
2026-03-23,4056.60009765625,4059.0,3825.0,3853.10009765625,3840.498291015625,1533645,0.0,0.0
2026-03-24,3950.300048828125,3985.0,3843.0,3899.5,3886.746337890625,1300547,0.0,0.0
2026-03-25,3950.0,4097.0,3940.5,4039.300048828125,4026.08935546875,1306823,0.0,0.0
2026-03-27,4000.0,4032.800048828125,3972.0,3981.5,3968.478271484375,1040658,0.0,0.0
2026-03-30,3942.0,4007.39990234375,3914.10009765625,3951.39990234375,3938.4765625,1488223,0.0,0.0
2026-04-01,4000.0,4100.0,4000.0,4065.5,4052.20361328125,781974,0.0,0.0
2026-04-02,3996.0,4109.10009765625,3944.699951171875,4097.2001953125,4083.800048828125,1614868,0.0,0.0
2026-04-06,4105.0,4257.89990234375,4105.0,4246.10009765625,4232.212890625,1678285,0.0,0.0
2026-04-07,4235.2998046875,4243.5,4168.7998046875,4230.60009765625,4216.763671875,1274146,0.0,0.0
2026-04-08,4351.2998046875,4505.0,4309.10009765625,4492.5,4477.80712890625,3834533,0.0,0.0
2026-04-09,4475.0,4497.39990234375,4414.10009765625,4439.7998046875,4425.279296875,1385274,0.0,0.0
2026-04-10,4430.10009765625,4523.89990234375,4425.10009765625,4505.0,4490.26611328125,1565192,0.0,0.0
2026-04-13,4391.10009765625,4496.0,4391.10009765625,4439.2998046875,4424.78076171875,850456,0.0,0.0
2026-04-15,4490.10009765625,4534.0,4447.2998046875,4522.2001953125,4507.41015625,918513,0.0,0.0
2026-04-16,4554.0,4554.0,4440.0,4461.39990234375,4446.80859375,1283713,0.0,0.0
2026-04-17,4461.39990234375,4531.7998046875,4330.0,4525.89990234375,4511.09765625,2124034,0.0,0.0
2026-04-20,4532.10009765625,4549.0,4467.7001953125,4513.0,4498.23974609375,1646815,0.0,0.0
2026-04-21,4513.5,4544.5,4465.0,4479.7001953125,4465.048828125,656106,0.0,0.0
2026-04-22,4461.7001953125,4492.0,4445.2001953125,4454.60009765625,4440.03125,596352,0.0,0.0
2026-04-23,4411.0,4474.0,4393.5,4456.5,4441.9248046875,680187,0.0,0.0
2026-04-24,4475.5,4486.60009765625,4361.39990234375,4410.0,4395.57666015625,958536,0.0,0.0
2026-04-27,4438.7998046875,4464.0,4388.39990234375,4441.7998046875,4427.2724609375,649222,0.0,0.0
2026-04-28,4412.2998046875,4475.0,4395.39990234375,4417.0,4402.5537109375,620778,0.0,0.0
2026-04-29,4419.89990234375,4472.39990234375,4410.2001953125,4439.7998046875,4425.279296875,702730,0.0,0.0
2026-04-30,4438.0,4438.0,4358.0,4385.2001953125,4370.85791015625,869299,0.0,0.0
2026-05-04,4407.10009765625,4447.39990234375,4352.7001953125,4363.0,4348.73046875,709160,0.0,0.0
2026-05-05,4355.0,4397.0,4330.2998046875,4373.60009765625,4359.2958984375,850790,0.0,0.0
2026-05-06,4397.5,4441.10009765625,4297.10009765625,4359.60009765625,4345.341796875,1459870,0.0,0.0
2026-05-07,4349.89990234375,4359.0,4261.0,4307.5,4293.412109375,1377631,0.0,0.0
2026-05-08,4314.0,4605.0,4213.39990234375,4509.0,4494.2529296875,4777990,0.0,0.0
2026-05-11,4350.39990234375,4379.5,4150.10009765625,4205.60009765625,4191.84521484375,5925166,0.0,0.0
2026-05-12,4160.0,4213.60009765625,4047.0,4055.300048828125,4042.036865234375,1978748,0.0,0.0
2026-05-13,4030.0,4110.0,3985.10009765625,4090.699951171875,4077.321044921875,2841521,0.0,0.0
2026-05-14,4115.0,4147.0,4059.10009765625,4135.2001953125,4121.67578125,1127140,0.0,0.0
2026-05-15,4155.0,4194.0,4142.39990234375,4169.10009765625,4155.46484375,901617,0.0,0.0
2026-05-18,4130.10009765625,4182.7001953125,4065.60009765625,4169.7001953125,4156.06298828125,851825,0.0,0.0
2026-05-19,4136.2998046875,4167.89990234375,4095.0,4102.0,4088.584228515625,711398,0.0,0.0
2026-05-20,4053.0,4116.7001953125,4053.0,4106.39990234375,4092.9697265625,913576,0.0,0.0
2026-05-21,4120.0,4136.39990234375,4070.0,4083.10009765625,4069.74609375,863060,0.0,0.0
2026-05-22,4057.199951171875,4113.7998046875,4054.10009765625,4079.800048828125,4066.456787109375,768112,0.0,0.0
2026-05-25,4120.10009765625,4170.0,4110.39990234375,4159.2001953125,4145.59716796875,606086,0.0,0.0
2026-05-26,4151.89990234375,4160.0,4091.0,4105.89990234375,4092.47119140625,766717,0.0,0.0
2026-05-27,4098.2998046875,4165.10009765625,4091.10009765625,4137.89990234375,4124.36669921875,474044,0.0,0.0
2026-05-29,4116.2001953125,4163.2998046875,4059.0,4074.89990234375,4061.57275390625,2001419,0.0,0.0
2026-06-01,4100.0,4105.0,4007.0,4024.60009765625,4011.437255859375,450200,0.0,0.0
2026-06-02,4017.39990234375,4088.0,3986.0,4078.10009765625,4064.762451171875,522015,0.0,0.0
2026-06-03,4057.0,4103.7998046875,4002.0,4088.800048828125,4075.42724609375,959352,0.0,0.0
2026-06-04,4075.0,4273.7998046875,4052.300048828125,4231.0,4217.162109375,1761933,0.0,0.0
2026-06-05,4269.0,4289.0,4223.2001953125,4260.2001953125,4246.26708984375,1390200,0.0,0.0
2026-06-08,4196.7998046875,4238.10009765625,4180.7001953125,4192.39990234375,4178.6884765625,666737,0.0,0.0
2026-06-09,4190.89990234375,4217.0,4087.199951171875,4104.89990234375,4091.474609375,1284964,0.0,0.0
2026-06-10,4104.89990234375,4119.10009765625,4035.0,4042.10009765625,4028.880126953125,613629,0.0,0.0
2026-06-11,4020.10009765625,4069.699951171875,3962.800048828125,4025.199951171875,4012.03515625,767665,0.0,0.0
2026-06-12,4067.800048828125,4200.0,4052.699951171875,4184.0,4170.31591796875,1122271,0.0,0.0
2026-06-15,4221.0,4297.0,4220.2998046875,4283.5,4269.49072265625,1076822,0.0,0.0
2026-06-16,4298.10009765625,4344.0,4283.5,4338.0,4323.8125,779706,0.0,0.0
2026-06-17,4338.0,4395.0,4327.5,4380.5,4366.17333984375,623868,0.0,0.0
2026-06-18,4380.0,4410.0,4333.10009765625,4387.89990234375,4373.548828125,562833,0.0,0.0
2026-06-19,4360.0,4441.7001953125,4360.0,4419.89990234375,4405.4443359375,941346,0.0,0.0
2026-06-22,4405.2998046875,4414.5,4353.0,4372.5,4358.19921875,390835,0.0,0.0
2026-06-23,4375.0,4417.39990234375,4291.10009765625,4305.2998046875,4291.21923828125,586588,0.0,0.0
2026-06-24,4302.0,4340.7998046875,4263.7001953125,4323.7998046875,4309.65869140625,652078,0.0,0.0
2026-06-25,4335.0,4335.0,4225.0,4291.2998046875,4277.2646484375,754050,0.0,0.0
2026-06-29,4285.0,4316.2998046875,4266.60009765625,4277.2001953125,4263.21142578125,569087,0.0,0.0
2026-06-30,4277.5,4428.39990234375,4275.0,4404.0,4389.59619140625,1243464,0.0,0.0
2026-07-01,4469.0,4504.5,4390.10009765625,4398.60009765625,4384.21435546875,1168751,0.0,0.0
2026-07-02,4404.0,4497.0,4383.10009765625,4481.10009765625,4466.4443359375,820705,0.0,0.0
2026-07-03,4495.0,4507.7001953125,4451.0,4461.10009765625,4446.509765625,542120,0.0,0.0
2026-07-06,4450.0,4490.5,4450.0,4484.39990234375,4469.7333984375,589165,0.0,0.0
2026-07-07,4550.0,4655.89990234375,4505.0,4604.2001953125,4589.14208984375,3385946,0.0,0.0
2026-07-08,4590.39990234375,4630.0,4561.7001953125,4586.39990234375,4571.39990234375,1045703,0.0,0.0
2026-07-09,4614.7998046875,4679.7998046875,4546.10009765625,4555.7998046875,4555.7998046875,1777107,15.0,0.0
2026-07-10,4578.60009765625,4602.7998046875,4560.7001953125,4584.39990234375,4584.39990234375,652646,0.0,0.0
2026-07-13,4578.0,4635.0,4524.39990234375,4601.5,4601.5,770367,0.0,0.0
2026-07-14,4579.7998046875,4600.0,4554.0,4573.7001953125,4573.7001953125,631158,0.0,0.0
2026-07-15,4573.7001953125,4607.0,4565.10009765625,4579.39990234375,4579.39990234375,619451,0.0,0.0
2026-07-16,4585.2998046875,4668.7998046875,4580.0,4625.7998046875,4625.7998046875,1136159,0.0,0.0
2026-07-17,4626.0,4647.5,4610.10009765625,4638.10009765625,4638.10009765625,667212,0.0,0.0
2026-07-20,4638.10009765625,4660.0,4625.2998046875,4643.39990234375,4643.39990234375,274158,0.0,0.0
2026-07-21,4644.2001953125,4691.7001953125,4629.2001953125,4688.7001953125,4688.7001953125,530094,0.0,0.0
2026-07-22,4685.7001953125,4733.0,4675.0,4711.60009765625,4711.60009765625,996475,0.0,0.0
2026-07-23,4700.0,4709.7998046875,4671.60009765625,4697.2998046875,4697.2998046875,421185,0.0,0.0
2026-07-24,4605.0,4697.0,4604.10009765625,4677.0,4677.0,513858,0.0,0.0
2026-07-27,4686.89990234375,4749.10009765625,4686.89990234375,4740.10009765625,4740.10009765625,500721,0.0,0.0
2026-07-28,4750.0,4860.0,4712.89990234375,4849.7001953125,4849.7001953125,1321587,0.0,0.0
2026-07-29,4849.7001953125,4866.89990234375,4823.2001953125,4850.2001953125,4850.2001953125,837059,0.0,0.0
2026-07-30,4820.89990234375,4869.89990234375,4820.89990234375,4850.0,4850.0,777361,0.0,0.0
2026-07-31,4850.0,4886.0,4820.89990234375,4875.2001953125,4875.2001953125,1003314,0.0,0.0
2026-08-03,4875.2001953125,5000.0,4851.7998046875,5000.0,5000.0,505420,0.0,0.0
2026-08-04,4935.0,4935.0,4862.0,4935.0,4935.0,1181747,0.0,0.0
2026-08-05,4910.2001953125,4920.60009765625,4882.2998046875,4912.39990234375,4912.39990234375,546332,0.0,0.0
2026-08-06,4883.89990234375,5005.0,4883.89990234375,4998.0,4998.0,1283840,0.0,0.0
2026-08-07,4978.10009765625,5003.0,4891.2998046875,4941.0,4941.0,1166858,0.0,0.0
2026-08-10,4932.0,5122.2001953125,4886.2001953125,5090.0,5090.0,3664718,0.0,0.0
2026-08-11,5090.0,5168.0,5090.0,5128.0,5128.0,1664853,0.0,0.0
2026-08-12,5128.0,5128.0,4992.0,5099.0,5099.0,1105157,0.0,0.0
2026-08-13,5069.5,5071.5,5010.0,5063.7001953125,5063.7001953125,533274,0.0,0.0
2026-08-14,5064.0,5090.5,5046.39990234375,5056.2001953125,5056.2001953125,587764,0.0,0.0
2026-08-17,5056.2001953125,5111.0,5037.2001953125,5068.5,5068.5,565258,0.0,0.0
2026-08-18,5060.0,5094.89990234375,5042.5,5048.60009765625,5048.60009765625,354873,0.0,0.0
2026-08-19,5045.0,5074.7998046875,5038.0,5068.0,5068.0,412981,0.0,0.0
2026-08-20,5084.89990234375,5110.0,5060.10009765625,5068.0,5068.0,614435,0.0,0.0
2026-08-21,5068.0,5090.39990234375,5011.0,5086.10009765625,5086.10009765625,352381,0.0,0.0
2026-08-24,5086.7998046875,5093.39990234375,5050.0,5079.0,5079.0,256376,0.0,0.0
2026-08-25,5059.10009765625,5124.7998046875,5052.7001953125,5124.7998046875,5124.7998046875,347515,0.0,0.0
2026-08-26,5149.89990234375,5149.89990234375,5091.0,5100.0,5100.0,377617,0.0,0.0
2026-08-27,5100.0,5186.7001953125,5069.5,5139.2998046875,5139.2998046875,1101845,0.0,0.0
2026-08-28,5155.0,5169.89990234375,5136.0,5169.2001953125,5169.2001953125,547804,0.0,0.0
2026-08-31,5159.0,5159.0,5088.0,5102.39990234375,5102.39990234375,630695,0.0,0.0
2026-09-01,5104.0,5126.5,5010.5,5050.0,5050.0,466855,0.0,0.0
2026-09-02,4972.0,5092.0,4971.5,5074.0,5074.0,812660,0.0,0.0
2026-09-03,5057.5,5072.5,4952.0,5027.0,5027.0,571600,0.0,0.0
2026-09-04,5010.0,5022.0,4980.0,5020.0,5020.0,310845,0.0,0.0
2026-09-07,5010.0,5028.0,4958.5,4995.0,4995.0,480336,0.0,0.0
2026-09-08,4975.0,5015.5,4969.0,4987.0,4987.0,432671,0.0,0.0
2026-09-09,5010.0,5019.0,4968.0,5005.0,5005.0,502050,0.0,0.0
2026-09-10,5000.5,5021.0,4974.5,5021.0,5021.0,336565,0.0,0.0
