date,open,high,low,close,adj_close,volume,dividends,stock_splits
2021-01-29,273.0,278.79998779296875,260.6000061035156,262.70001220703125,255.9307556152344,138442348,0.0,0.0
2021-02-01,269.75,282.0,255.3500061035156,279.6000061035156,272.39520263671875,165655500,0.0,0.0
2021-02-02,293.6000061035156,328.8500061035156,290.3999938964844,322.0,313.7026672363281,251965965,0.0,0.0
2021-02-03,339.20001220703125,341.8999938964844,326.20001220703125,331.0,322.4707336425781,224190114,0.0,0.0
2021-02-04,329.0,334.5,322.45001220703125,326.1499938964844,317.7457275390625,121033002,0.0,0.0
2021-02-05,327.6000061035156,330.0,312.6000061035156,315.8999938964844,307.7598571777344,103512235,0.0,0.0
2021-02-08,318.75,339.25,318.0,335.95001220703125,327.293212890625,102123614,0.0,0.0
2021-02-09,337.0,338.5,322.20001220703125,325.04998779296875,316.674072265625,105981081,0.0,0.0
2021-02-10,326.0,332.6499938964844,319.5,328.8999938964844,320.42486572265625,93466949,0.0,0.0
2021-02-11,326.45001220703125,331.3500061035156,323.3999938964844,325.0,316.6253662109375,55257166,0.0,0.0
2021-02-12,326.3999938964844,330.5,321.25,325.3999938964844,317.0150451660156,64093642,0.0,0.0
2021-02-15,329.8999938964844,335.79998779296875,324.0,333.3500061035156,324.7601928710937,78680452,0.0,0.0
2021-02-16,335.45001220703125,337.8999938964844,327.5,329.20001220703125,320.7171630859375,65943843,0.0,0.0
2021-02-17,326.8999938964844,334.25,325.45001220703125,330.1499938964844,321.64263916015625,52150941,0.0,0.0
2021-02-18,331.5,331.75,321.1000061035156,323.8500061035156,315.5050048828125,49204247,0.0,0.0
2021-02-19,321.95001220703125,321.95001220703125,301.3999938964844,311.8500061035156,303.814208984375,80274683,0.0,0.0
2021-02-22,312.45001220703125,313.8999938964844,302.1499938964844,304.5,296.6535949707031,57723298,0.0,0.0
2021-02-23,308.5,328.8999938964844,308.5,324.0,315.651123046875,133310157,0.0,0.0
2021-02-24,325.0,330.0,316.5,321.6499938964844,313.3616638183594,50821757,0.0,0.0
2021-02-25,325.3500061035156,334.70001220703125,323.25,333.1499938964844,324.5653686523437,64514912,0.0,0.0
2021-02-26,323.0,332.95001220703125,318.8500061035156,322.95001220703125,314.6282043457031,91901339,0.0,0.0
2021-03-01,330.0,331.8500061035156,322.70001220703125,328.29998779296875,319.8403015136719,61190868,0.0,0.0
2021-03-02,331.1000061035156,347.20001220703125,326.45001220703125,345.75,336.8406677246094,127708761,0.0,0.0
2021-03-03,348.6499938964844,357.0,346.5,348.5,339.5198059082031,92006451,0.0,0.0
2021-03-04,339.0,345.3999938964844,337.29998779296875,339.20001220703125,330.4594421386719,59863169,0.0,0.0
2021-03-05,333.0,337.8500061035156,319.70001220703125,325.1499938964844,316.771484375,86738909,0.0,0.0
2021-03-08,331.75,331.75,318.79998779296875,321.25,312.9720153808594,81925952,0.0,0.0
2021-03-09,325.0,328.3500061035156,309.6000061035156,315.20001220703125,307.0779113769531,74702208,0.0,0.0
2021-03-10,319.5,324.45001220703125,316.70001220703125,321.45001220703125,313.1668395996094,58643853,0.0,0.0
2021-03-12,325.04998779296875,326.5,314.1499938964844,317.54998779296875,309.3673400878906,48360842,0.0,0.0
2021-03-15,320.0,320.3999938964844,310.04998779296875,318.54998779296875,310.341552734375,45081385,0.0,0.0
2021-03-16,321.0,321.8999938964844,315.1000061035156,319.95001220703125,311.7055053710937,39267404,0.0,0.0
2021-03-17,318.6000061035156,320.0,304.0,305.79998779296875,297.92010498046875,47262481,0.0,0.0
2021-03-18,311.0,316.6000061035156,299.75,307.0,299.08917236328125,73731921,0.0,0.0
2021-03-19,303.5,311.0,290.20001220703125,308.95001220703125,300.98895263671875,109932681,0.0,0.0
2021-03-22,306.45001220703125,307.5,300.1000061035156,303.04998779296875,295.240966796875,56385019,0.0,0.0
2021-03-23,305.0,312.25,304.0,307.3999938964844,299.4788818359375,60240483,0.0,0.0
2021-03-24,303.54998779296875,305.0,293.20001220703125,294.45001220703125,286.8625793457031,61523819,0.0,0.0
2021-03-25,294.0,294.0,282.25,285.54998779296875,278.1919250488281,84528317,0.0,0.0
2021-03-26,290.5,301.3999938964844,290.5,296.3999938964844,288.7623291015625,80924011,0.0,0.0
2021-03-30,300.5,301.29998779296875,292.70001220703125,297.04998779296875,289.3955383300781,45257233,0.0,0.0
2021-03-31,299.0,307.5,297.5,301.79998779296875,294.023193359375,58569012,0.0,0.0
2021-04-01,306.75,309.8500061035156,303.04998779296875,307.75,299.81988525390625,44088352,0.0,0.0
2021-04-05,306.79998779296875,311.70001220703125,297.20001220703125,305.04998779296875,297.1894226074219,66178755,0.0,0.0
2021-04-06,306.1499938964844,313.79998779296875,304.79998779296875,307.75,299.81988525390625,63031783,0.0,0.0
2021-04-07,306.75,310.6499938964844,305.1000061035156,307.79998779296875,299.8685913085937,39073986,0.0,0.0
2021-04-08,307.8999938964844,319.79998779296875,307.5,313.95001220703125,305.860107421875,62459774,0.0,0.0
2021-04-09,313.20001220703125,325.0,312.5,318.20001220703125,310.0006103515625,75462572,0.0,0.0
2021-04-12,307.8500061035156,307.8500061035156,282.8999938964844,286.54998779296875,279.1661376953125,105342538,0.0,0.0
2021-04-13,287.25,304.54998779296875,280.54998779296875,302.8500061035156,295.0461120605469,116874853,0.0,0.0
2021-04-15,303.0,307.54998779296875,296.5,303.5,295.67938232421875,75262749,0.0,0.0
2021-04-16,302.0,315.0,300.1499938964844,310.0,302.0118713378906,75330709,0.0,0.0
2021-04-19,295.0,304.5,292.79998779296875,301.3999938964844,293.6334533691406,65791784,0.0,0.0
2021-04-20,307.70001220703125,308.1499938964844,294.20001220703125,298.04998779296875,290.3697814941406,56740291,0.0,0.0
2021-04-22,294.0,302.5,292.20001220703125,294.54998779296875,286.9599609375,61022978,0.0,0.0
2021-04-23,291.0,300.0,290.5,294.0,286.4241638183594,58158986,0.0,0.0
2021-04-26,297.0,299.0,294.6000061035156,295.3999938964844,287.7880859375,30583139,0.0,0.0
2021-04-27,295.70001220703125,302.5,295.1000061035156,301.5,293.7309265136719,35040532,0.0,0.0
2021-04-28,303.5,309.5,303.0,305.8999938964844,298.0175476074219,44668126,0.0,0.0
2021-04-29,308.8999938964844,310.0,301.25,301.8999938964844,294.12060546875,36647292,0.0,0.0
2021-04-30,298.20001220703125,301.29998779296875,292.54998779296875,293.8500061035156,286.2780456542969,36121668,0.0,0.0
2021-05-03,289.29998779296875,294.75,285.0,293.0,285.449951171875,35376618,0.0,0.0
2021-05-04,296.3500061035156,299.75,288.04998779296875,289.45001220703125,281.99139404296875,38640006,0.0,0.0
2021-05-05,293.5,293.8999938964844,288.5,291.5,283.98858642578125,29350536,0.0,0.0
2021-05-06,291.5,302.0,290.29998779296875,301.25,293.4873352050781,45032502,0.0,0.0
2021-05-07,303.0,305.95001220703125,300.5,302.75,294.94873046875,41591323,0.0,0.0
2021-05-10,304.5,315.70001220703125,304.0,314.8500061035156,306.7369079589844,53260388,0.0,0.0
2021-05-11,309.54998779296875,320.75,308.1000061035156,315.54998779296875,307.4188232421875,58472304,0.0,0.0
2021-05-12,318.25,334.75,316.25,326.0,317.5995788574219,111584920,0.0,0.0
2021-05-14,329.3500061035156,329.5,310.0,312.25,304.2038879394531,81305325,0.0,0.0
2021-05-17,315.3999938964844,323.8500061035156,311.3999938964844,321.1000061035156,312.82586669921875,51162423,0.0,0.0
2021-05-18,325.95001220703125,336.6499938964844,324.0,332.45001220703125,323.8833923339844,86153088,0.0,0.0
2021-05-19,313.0,322.95001220703125,312.1000061035156,314.45001220703125,306.3472595214844,119407026,0.0,0.0
2021-05-20,316.0,316.6000061035156,306.1000061035156,307.70001220703125,299.77117919921875,54043899,0.0,0.0
2021-05-21,312.0,315.70001220703125,309.5,313.1000061035156,305.031982421875,40358753,0.0,0.0
2021-05-24,314.75,315.79998779296875,310.20001220703125,311.8500061035156,303.814208984375,31963997,0.0,0.0
2021-05-25,315.54998779296875,319.0,313.8500061035156,315.25,307.1266174316406,37382263,0.0,0.0
2021-05-26,316.1000061035156,320.0,314.79998779296875,315.5,307.3701477050781,28639717,0.0,0.0
2021-05-27,317.04998779296875,323.45001220703125,316.54998779296875,318.6000061035156,310.3902893066406,49484106,0.0,0.0
2021-05-28,322.6499938964844,324.5,316.5,318.75,310.53643798828125,26618815,0.0,0.0
2021-05-31,318.70001220703125,319.75,312.1000061035156,318.75,310.53643798828125,30917309,0.0,0.0
2021-06-01,319.20001220703125,325.70001220703125,317.29998779296875,318.1000061035156,309.9031677246094,32595728,0.0,0.0
2021-06-02,315.95001220703125,324.3999938964844,315.6000061035156,323.0,314.6768798828125,26323777,0.0,0.0
2021-06-03,325.29998779296875,327.70001220703125,323.6499938964844,325.6499938964844,317.25860595703125,21408371,0.0,0.0
2021-06-04,325.1499938964844,336.8999938964844,324.25,334.95001220703125,326.3189697265625,41278749,0.0,0.0
2021-06-07,339.75,351.0,339.75,345.5,336.5971374511719,64986814,0.0,0.0
2021-06-08,346.25,356.6499938964844,337.5,352.75,343.6602783203125,44104954,0.0,0.0
2021-06-09,356.20001220703125,358.8999938964844,339.75,343.3500061035156,334.50250244140625,59334814,0.0,0.0
2021-06-10,345.20001220703125,347.8500061035156,342.3999938964844,344.75,335.866455078125,24351860,0.0,0.0
2021-06-11,346.0,352.8999938964844,344.3500061035156,350.75,341.7118530273437,36441967,0.0,0.0
2021-06-14,350.04998779296875,357.8999938964844,341.1000061035156,355.95001220703125,346.77789306640625,38482142,0.0,0.0
2021-06-15,355.75,360.75,351.5,352.70001220703125,343.611572265625,35526159,0.0,0.0
2021-06-16,350.1000061035156,356.0,348.1000061035156,349.3500061035156,340.347900390625,27550588,0.0,0.0
2021-06-17,348.3999938964844,352.8999938964844,342.25,345.6499938964844,336.74322509765625,29236974,0.0,0.0
2021-06-18,345.6499938964844,346.8999938964844,329.0,337.3999938964844,328.705810546875,49440514,0.0,0.0
2021-06-21,330.8999938964844,335.79998779296875,326.20001220703125,334.29998779296875,325.6856994628906,29123887,0.0,0.0
2021-06-22,337.1000061035156,344.29998779296875,336.1499938964844,337.8999938964844,329.1929626464844,26708459,0.0,0.0
2021-06-23,341.0,343.25,334.29998779296875,335.25,326.6112060546875,25741628,0.0,0.0
2021-06-24,335.0,337.3999938964844,333.3500061035156,334.6499938964844,326.02667236328125,15580223,0.0,0.0
2021-06-25,335.8999938964844,342.79998779296875,335.8999938964844,339.6499938964844,330.8978576660156,22426352,0.0,0.0
2021-06-28,340.79998779296875,345.0,337.54998779296875,342.79998779296875,333.9666748046875,17843975,0.0,0.0
2021-06-29,342.6499938964844,346.5,339.6000061035156,341.54998779296875,332.7489013671875,22462297,0.0,0.0
2021-06-30,342.0,345.3500061035156,338.8500061035156,339.6000061035156,330.8491516113281,18277841,0.0,0.0
2021-07-01,341.5,347.3999938964844,341.20001220703125,344.25,335.3793334960937,27944816,0.0,0.0
2021-07-02,345.29998779296875,345.54998779296875,340.5,344.8999938964844,336.0126037597656,18304387,0.0,0.0
2021-07-05,347.04998779296875,350.1000061035156,344.0,346.1000061035156,337.1816711425781,18399524,0.0,0.0
2021-07-06,348.0,358.20001220703125,311.5,316.8999938964844,308.7341003417969,164083830,0.0,0.0
2021-07-07,316.0,319.1000061035156,306.25,317.1000061035156,308.928955078125,112183313,0.0,0.0
2021-07-08,314.79998779296875,314.79998779296875,305.0,306.3500061035156,298.4559326171875,87360324,0.0,0.0
2021-07-09,305.79998779296875,308.8500061035156,301.8500061035156,306.29998779296875,298.4071960449219,48807214,0.0,0.0
2021-07-12,310.79998779296875,312.0,306.1000061035156,307.45001220703125,299.527587890625,32282319,0.0,0.0
2021-07-13,310.0,312.25,308.1499938964844,310.95001220703125,302.9374084472656,25736308,0.0,0.0
2021-07-14,310.0,313.29998779296875,308.6499938964844,309.54998779296875,301.5734558105469,21863250,0.0,0.0
2021-07-15,310.5,312.8500061035156,307.6000061035156,310.25,302.2554626464844,23617599,0.0,0.0
2021-07-16,311.1000061035156,315.45001220703125,310.5,311.25,303.2296447753906,25148606,0.0,0.0
2021-07-19,308.95001220703125,310.29998779296875,306.0,308.8500061035156,300.8915405273437,21346348,0.0,0.0
2021-07-20,307.0,308.0,301.04998779296875,302.1499938964844,294.3641662597656,27672567,0.0,0.0
2021-07-22,305.5,307.45001220703125,301.04998779296875,302.54998779296875,294.7538452148437,21338361,0.0,0.0
2021-07-23,300.5,301.8999938964844,295.0,295.54998779296875,287.9342041015625,33435130,0.0,0.0
2021-07-26,295.0,297.0,291.0,293.1499938964844,285.5960693359375,27502360,0.0,0.0
2021-07-27,293.0,297.6499938964844,288.6000061035156,291.3999938964844,283.89117431640625,55132877,0.0,0.0
2021-07-28,290.0,290.8999938964844,283.6000061035156,284.45001220703125,277.1202392578125,36139725,0.0,0.0
2021-07-29,287.54998779296875,295.3999938964844,287.54998779296875,292.8999938964844,285.3525085449219,57733359,0.0,0.0
2021-07-30,294.0,300.0,293.25,293.95001220703125,286.3754577636719,30589609,0.0,0.0
2021-08-02,299.1499938964844,299.3999938964844,295.6000061035156,296.8500061035156,289.2007141113281,19273390,0.0,0.0
2021-08-03,298.5,304.5,297.70001220703125,303.70001220703125,295.87420654296875,31063992,0.0,0.0
2021-08-04,304.75,306.45001220703125,297.20001220703125,298.1499938964844,290.4672241210937,26186248,0.0,0.0
2021-08-05,295.5,300.8999938964844,292.75,299.70001220703125,291.9773254394531,20704901,0.0,0.0
2021-08-06,300.04998779296875,303.3999938964844,297.6499938964844,300.04998779296875,292.3182678222656,16001898,0.0,0.0
2021-08-09,300.75,304.20001220703125,296.04998779296875,298.1000061035156,290.41851806640625,16985859,0.0,0.0
2021-08-10,297.8999938964844,300.20001220703125,291.0,294.20001220703125,286.6190490722656,15173990,0.0,0.0
2021-08-11,295.29998779296875,297.79998779296875,286.45001220703125,295.45001220703125,287.8368225097656,20802022,0.0,0.0
2021-08-12,297.29998779296875,307.3999938964844,297.29998779296875,306.0,298.1149597167969,33652880,0.0,0.0
2021-08-13,308.79998779296875,311.5,303.04998779296875,307.25,299.3327331542969,34922863,0.0,0.0
2021-08-16,305.95001220703125,307.8500061035156,303.04998779296875,303.70001220703125,295.87420654296875,14348786,0.0,0.0
2021-08-17,302.79998779296875,302.79998779296875,292.79998779296875,297.70001220703125,290.02880859375,25539214,0.0,0.0
2021-08-18,296.8999938964844,297.75,292.6000061035156,293.3500061035156,285.7909240722656,18004320,0.0,0.0
2021-08-20,289.5,290.70001220703125,281.0,283.1000061035156,275.8050842285156,32578752,0.0,0.0
2021-08-23,287.20001220703125,288.29998779296875,275.0,276.95001220703125,269.81353759765625,24498294,0.0,0.0
2021-08-24,278.5,281.5,268.45001220703125,279.79998779296875,272.5900573730469,37589121,0.0,0.0
2021-08-25,282.79998779296875,289.20001220703125,282.45001220703125,284.3999938964844,277.071533203125,31538128,0.0,0.0
2021-08-26,284.8500061035156,287.3500061035156,281.6499938964844,284.29998779296875,276.97412109375,17864053,0.0,0.0
2021-08-27,282.8999938964844,286.79998779296875,281.70001220703125,285.75,278.3867492675781,13477390,0.0,0.0
2021-08-30,290.1000061035156,293.5,289.8999938964844,291.95001220703125,284.427001953125,17217097,0.0,0.0
2021-08-31,291.75,291.95001220703125,286.1000061035156,287.29998779296875,279.8968200683594,36951003,0.0,0.0
2021-09-01,289.0,297.3999938964844,287.29998779296875,295.25,287.6419372558594,33103168,0.0,0.0
2021-09-02,295.25,296.29998779296875,291.70001220703125,293.1499938964844,285.5960693359375,14907001,0.0,0.0
2021-09-03,292.5,296.45001220703125,292.0,295.54998779296875,287.9342041015625,16594135,0.0,0.0
2021-09-06,297.5,298.95001220703125,296.0,297.45001220703125,289.7852478027344,16622865,0.0,0.0
2021-09-07,297.3500061035156,297.79998779296875,290.8999938964844,294.6000061035156,287.0086975097656,14325904,0.0,0.0
2021-09-08,293.5,298.79998779296875,291.6000061035156,295.25,287.6419372558594,14920479,0.0,0.0
2021-09-09,294.0,303.5,293.54998779296875,298.95001220703125,291.2466125488281,34020970,0.0,0.0
2021-09-13,299.0,302.0,295.5,301.20001220703125,293.4386291503906,16339860,0.0,0.0
2021-09-14,302.25,307.20001220703125,302.20001220703125,306.1000061035156,298.21240234375,23234649,0.0,0.0
2021-09-15,306.1000061035156,313.0,306.1000061035156,311.95001220703125,303.91168212890625,26808872,0.0,0.0
2021-09-16,313.3999938964844,315.0,307.6499938964844,311.6499938964844,303.6193542480469,26249369,0.0,0.0
2021-09-17,312.0,315.3500061035156,306.0,308.6000061035156,300.6479797363281,24972069,0.0,0.0
2021-09-20,304.8999938964844,310.25,297.29998779296875,298.95001220703125,291.2466125488281,19632688,0.0,0.0
2021-09-21,298.6000061035156,302.70001220703125,293.1000061035156,301.95001220703125,294.1693115234375,19439330,0.0,0.0
2021-09-22,303.1499938964844,313.79998779296875,303.0,310.1000061035156,302.1093444824219,29545253,0.0,0.0
2021-09-23,313.20001220703125,324.0,313.20001220703125,321.5,313.2155456542969,52701665,0.0,0.0
2021-09-24,325.1000061035156,326.95001220703125,316.04998779296875,317.95001220703125,309.7570495605469,28901243,0.0,0.0
2021-09-27,323.1499938964844,333.6000061035156,323.1499938964844,331.6499938964844,323.10400390625,56305136,0.0,0.0
2021-09-28,334.0,336.0,324.5,329.29998779296875,320.8145446777344,28497009,0.0,0.0
2021-09-29,325.0,333.0,324.0,330.25,321.7400817871094,19740150,0.0,0.0
2021-09-30,331.25,337.8999938964844,329.1000061035156,333.3500061035156,324.7601928710937,30268517,0.0,0.0
2021-10-01,332.6499938964844,337.29998779296875,325.70001220703125,333.29998779296875,324.7114562988281,29877695,0.0,0.0
2021-10-04,336.79998779296875,343.25,335.1499938964844,342.0,333.1872863769531,29553072,0.0,0.0
2021-10-05,340.45001220703125,351.5,338.8500061035156,344.95001220703125,336.0613098144531,31861985,0.0,0.0
2021-10-06,347.0,348.70001220703125,335.0,336.04998779296875,327.390625,25272592,0.0,0.0
2021-10-07,341.1000061035156,383.0,339.25,376.5,366.79827880859375,163238084,0.0,0.0
2021-10-08,385.8999938964844,397.5499877929688,380.0,382.9500122070313,373.0821228027344,93728117,0.0,0.0
2021-10-11,390.1499938964844,420.8999938964844,388.0,415.75,405.0369262695313,113404983,0.0,0.0
2021-10-12,423.0,435.7000122070313,413.6000061035156,420.8500061035156,410.0054931640625,97349265,0.0,0.0
2021-10-13,462.8999938964844,523.8499755859375,462.8999938964844,506.8999938964844,493.838134765625,197949387,0.0,0.0
2021-10-14,530.0,530.0,492.0,497.6000061035156,484.7778015136719,103630901,0.0,0.0
2021-10-18,507.0,525.0,503.6000061035156,509.6000061035156,496.4685974121094,72322623,0.0,0.0
2021-10-19,512.4500122070312,517.4000244140625,476.0499877929688,481.8999938964844,469.4823303222656,57428637,0.0,0.0
2021-10-20,481.7999877929688,497.0,471.25,486.8999938964844,474.3534851074219,55444814,0.0,0.0
2021-10-21,491.75,510.3999938964844,485.75,508.0,494.9097595214844,52608672,0.0,0.0
2021-10-22,509.8999938964844,510.7000122070313,487.3999938964844,490.8999938964844,478.25042724609375,42742785,0.0,0.0
2021-10-25,493.8999938964844,496.0,473.25,479.8999938964844,467.5338745117188,33107841,0.0,0.0
2021-10-26,483.5,510.0,483.25,508.6499938964844,495.54302978515625,58027770,0.0,0.0
2021-10-27,505.75,506.5499877929688,496.0,497.8999938964844,485.0700378417969,30361263,0.0,0.0
2021-10-28,493.8999938964844,493.8999938964844,478.5499877929688,481.0499877929688,468.6542053222656,25182748,0.0,0.0
2021-10-29,482.0,491.6000061035156,467.7000122070313,483.7000122070313,471.2359924316406,31054342,0.0,0.0
2021-11-01,486.4500122070313,489.7000122070313,469.7999877929688,485.7000122070313,473.1844482421875,34315690,0.0,0.0
2021-11-02,506.5,510.0,486.5,487.8500061035156,475.2790222167969,51580720,0.0,0.0
2021-11-03,483.7999877929688,495.0,481.6000061035156,484.8999938964844,472.4050598144531,22950198,0.0,0.0
2021-11-04,489.7999877929688,493.5499877929688,488.0,489.7000122070313,477.0813598632813,5531940,0.0,0.0
2021-11-08,493.8999938964844,504.8500061035156,490.25,501.3999938964844,488.4798278808594,31736426,0.0,0.0
2021-11-09,505.0,520.6500244140625,503.5,509.6499938964844,496.5173034667969,50458762,0.0,0.0
2021-11-10,506.25,515.9500122070312,500.2000122070313,510.75,497.58892822265625,26615777,0.0,0.0
2021-11-11,510.0,519.0,501.0,503.4500122070313,490.47705078125,29256213,0.0,0.0
2021-11-12,506.9500122070313,509.5499877929688,497.3500061035156,507.0499877929688,493.9842834472656,20731808,0.0,0.0
2021-11-15,506.25,514.9000244140625,504.5,505.4500122070313,492.4255065917969,18014977,0.0,0.0
2021-11-16,506.8999938964844,526.8499755859375,506.2000122070313,519.0499877929688,505.675048828125,55897781,0.0,0.0
2021-11-17,520.25,536.7000122070312,520.25,530.1500244140625,516.4890747070312,48463415,0.0,0.0
2021-11-18,531.4500122070312,534.2000122070312,501.2999877929688,509.7000122070313,496.5659790039063,47197742,0.0,0.0
2021-11-22,512.25,512.25,478.3999938964844,486.1000061035156,473.5740966796875,40044849,0.0,0.0
2021-11-23,484.3999938964844,499.3500061035156,477.0,495.5,482.7319030761719,27553684,0.0,0.0
2021-11-24,499.0,501.7999877929688,485.2999877929688,488.6499938964844,476.0584106445313,20915837,0.0,0.0
2021-11-25,490.7999877929688,495.1499938964844,486.5,492.75,480.0527648925781,15336539,0.0,0.0
2021-11-26,486.0,486.75,458.0,460.2000122070313,448.3415222167969,51787989,0.0,0.0
2021-11-29,457.0,470.75,443.1000061035156,461.4500122070313,449.559326171875,42819150,0.0,0.0
2021-11-30,466.5499877929688,478.0,455.6499938964844,458.6000061035156,446.78271484375,35471800,0.0,0.0
2021-12-01,467.8500061035156,478.3999938964844,463.5499877929688,475.25,463.0036926269531,28256188,0.0,0.0
2021-12-02,479.3999938964844,480.4500122070313,471.7000122070313,479.1000061035156,466.7545166015625,21012008,0.0,0.0
2021-12-03,480.0,484.7000122070313,477.2999877929688,480.1000061035156,467.728759765625,20948900,0.0,0.0
2021-12-06,480.1000061035156,480.8999938964844,466.0,467.2000122070313,455.1611633300781,17473075,0.0,0.0
2021-12-07,476.8500061035156,484.8999938964844,471.0,481.7999877929688,469.3848876953125,21280797,0.0,0.0
2021-12-08,484.5,495.9500122070313,483.5,493.8999938964844,481.173095703125,20581817,0.0,0.0
2021-12-09,498.0,498.5,489.5499877929688,493.9500122070313,481.2218322753906,16951593,0.0,0.0
2021-12-10,487.75,496.7999877929688,486.5499877929688,494.4500122070313,481.708984375,14567815,0.0,0.0
2021-12-13,499.4500122070313,506.3999938964844,494.2000122070313,495.3500061035156,482.5857543945313,21921272,0.0,0.0
2021-12-14,491.9500122070313,491.9500122070313,483.2999877929688,489.3999938964844,476.7890625,17722547,0.0,0.0
2021-12-15,487.7999877929688,497.7000122070313,487.25,491.6499938964844,478.9810791015625,16263723,0.0,0.0
2021-12-16,495.0,496.5,487.3999938964844,491.9500122070313,479.2733459472656,13581352,0.0,0.0
2021-12-17,488.0,488.8500061035156,468.2000122070313,470.2000122070313,458.0838623046875,27341178,0.0,0.0
2021-12-20,459.8999938964844,460.0,440.0,447.0499877929688,435.5303649902344,33007516,0.0,0.0
2021-12-21,452.1000061035156,460.8999938964844,449.8500061035156,453.6000061035156,441.9115905761719,18838054,0.0,0.0
2021-12-22,458.1499938964844,472.1499938964844,458.1499938964844,470.5,458.3760986328125,22730750,0.0,0.0
2021-12-23,476.0,478.0,470.9500122070313,472.3500061035156,460.1784362792969,12116814,0.0,0.0
2021-12-24,474.8999938964844,474.8999938964844,460.0,467.6000061035156,455.5508117675781,15487368,0.0,0.0
2021-12-27,465.7000122070313,472.4500122070313,460.1000061035156,471.1499938964844,459.0093383789063,12557565,0.0,0.0
2021-12-28,475.2000122070313,482.7999877929688,472.6499938964844,480.2000122070313,467.82611083984375,22860916,0.0,0.0
2021-12-29,478.75,481.6000061035156,474.25,476.0,463.734375,10263884,0.0,0.0
2021-12-30,472.5499877929688,476.3999938964844,468.6000061035156,470.3999938964844,458.2786560058594,11923961,0.0,0.0
2021-12-31,472.7000122070313,483.6000061035156,471.8500061035156,482.3999938964844,469.9694519042969,15541446,0.0,0.0
2022-01-03,493.5,500.8500061035156,492.0,497.6000061035156,484.7778015136719,32748423,0.0,0.0
2022-01-04,496.7999877929688,499.0,484.0499877929688,489.6000061035156,476.9839172363281,24100985,0.0,0.0
2022-01-05,486.9500122070313,492.75,483.5499877929688,489.75,477.1300354003906,15420105,0.0,0.0
2022-01-06,481.5,492.9500122070313,477.1000061035156,488.8500061035156,476.2532348632813,16563230,0.0,0.0
2022-01-07,490.0499877929688,495.5,483.75,490.6000061035156,477.9581604003906,15532165,0.0,0.0
2022-01-10,493.1000061035156,504.8999938964844,491.2999877929688,503.7000122070313,490.7206115722656,25193771,0.0,0.0
2022-01-11,503.0,507.8999938964844,498.1499938964844,501.2999877929688,488.3824157714844,16269193,0.0,0.0
2022-01-12,505.8500061035156,511.8500061035156,503.5,507.25,494.1791076660156,16255334,0.0,0.0
2022-01-13,504.0,513.7999877929688,494.7999877929688,511.9500122070313,498.7579956054688,27572553,0.0,0.0
2022-01-14,509.0,515.4000244140625,505.6499938964844,509.8999938964844,496.76080322265625,12655602,0.0,0.0
2022-01-17,514.7999877929688,526.9000244140625,512.0,525.0,511.47174072265625,27942414,0.0,0.0
2022-01-18,527.9000244140625,528.5,507.1499938964844,510.7999877929688,497.63763427734375,19353195,0.0,0.0
2022-01-19,510.0,522.2000122070312,504.7999877929688,520.8499755859375,507.4286193847656,21799071,0.0,0.0
2022-01-20,519.9500122070312,523.2000122070312,512.0,515.7000122070312,502.4114074707031,18364451,0.0,0.0
2022-01-21,510.3999938964844,513.8499755859375,494.25,501.8500061035156,488.9182739257813,17946821,0.0,0.0
2022-01-24,499.7000122070313,504.2999877929688,473.3500061035156,478.4500122070313,466.1212463378906,25228959,0.0,0.0
2022-01-25,473.7999877929688,492.5,467.6499938964844,490.5499877929688,477.9094543457031,22565698,0.0,0.0
2022-01-27,480.75,502.7000122070313,476.6000061035156,494.3999938964844,481.66021728515625,26676094,0.0,0.0
2022-01-28,500.5,509.3500061035156,495.2999877929688,497.2999877929688,484.4855041503906,21784640,0.0,0.0
2022-01-31,505.0,520.0,498.2000122070313,517.75,504.4085693359375,27306578,0.0,0.0
2022-02-01,508.0,514.75,493.0,504.2999877929688,491.30511474609375,48030231,0.0,0.0
2022-02-02,508.6000061035156,514.4500122070312,505.1499938964844,506.3999938964844,493.3509826660156,14311040,0.0,0.0
2022-02-03,509.1000061035156,514.2999877929688,502.8500061035156,504.5,491.4999694824219,15249245,0.0,0.0
2022-02-04,503.7999877929688,507.7999877929688,499.0,500.6000061035156,487.7004699707031,12663199,0.0,0.0
2022-02-07,502.8999938964844,504.3500061035156,492.5,494.6000061035156,481.8550720214844,13392910,0.0,0.0
2022-02-08,498.0,498.5,479.1499938964844,492.75,480.0527648925781,23378623,0.0,0.0
2022-02-09,496.5,503.7000122070313,494.7000122070313,501.25,488.3337097167969,12430730,0.0,0.0
2022-02-10,506.7000122070313,510.5,504.2000122070313,507.4500122070313,494.37396240234375,14537945,0.0,0.0
2022-02-11,503.25,507.0,497.0,498.8500061035156,485.9955749511719,13534899,0.0,0.0
2022-02-14,487.0,488.5,468.7999877929688,471.4500122070313,459.3016662597656,22157389,0.0,0.0
2022-02-15,476.1499938964844,505.5,467.2999877929688,504.0,491.0128784179688,30623088,0.0,0.0
2022-02-16,504.0,507.8999938964844,496.6000061035156,498.4500122070313,485.60589599609375,20176993,0.0,0.0
2022-02-17,505.8999938964844,511.5,498.2999877929688,499.9500122070313,487.0672302246094,27943077,0.0,0.0
2022-02-18,498.0,502.6499938964844,491.5,493.1499938964844,480.44244384765625,15476803,0.0,0.0
2022-02-21,490.1499938964844,500.3999938964844,486.1000061035156,494.4500122070313,481.708984375,22592161,0.0,0.0
2022-02-22,480.5499877929688,486.2999877929688,471.4500122070313,478.25,465.9264221191406,27957544,0.0,0.0
2022-02-23,481.75,485.3999938964844,475.2999877929688,477.0,464.7086181640625,17703998,0.0,0.0
2022-02-24,455.9500122070313,461.5499877929688,405.4500122070313,427.9500122070313,416.9225463867188,57265685,0.0,0.0
2022-02-25,444.8500061035156,465.7000122070313,441.6000061035156,459.75,447.9031372070313,48876182,0.0,0.0
2022-02-28,445.0,457.3500061035156,440.4500122070313,454.0499877929688,442.3499450683594,34475468,0.0,0.0
2022-03-02,452.9500122070313,454.25,444.5499877929688,447.6000061035156,436.066162109375,25791134,0.0,0.0
2022-03-03,458.5,458.5,435.0,437.1000061035156,425.8367309570313,29599672,0.0,0.0
2022-03-04,431.8500061035156,431.8500061035156,414.75,417.25,406.4982604980469,38765185,0.0,0.0
2022-03-07,401.75,401.75,387.5,394.0,383.8473510742188,44836205,0.0,0.0
2022-03-08,390.5,395.4500122070313,376.3500061035156,391.75,381.65533447265625,55543383,0.0,0.0
2022-03-09,394.9500122070313,409.25,389.5,405.8999938964844,395.4407043457031,48376222,0.0,0.0
2022-03-10,427.0,434.9500122070313,414.0,419.6000061035156,408.7876892089844,59776817,0.0,0.0
2022-03-11,413.6000061035156,421.1499938964844,407.3999938964844,418.1499938964844,407.37506103515625,51510243,0.0,0.0
2022-03-14,418.75,419.0,404.0,411.7000122070313,401.0912780761719,40721277,0.0,0.0
2022-03-15,409.8500061035156,424.2000122070313,408.0,413.6499938964844,402.9909973144531,47706136,0.0,0.0
2022-03-16,427.0499877929688,428.5499877929688,420.7000122070313,424.8999938964844,413.9511413574219,27191170,0.0,0.0
2022-03-17,432.0,435.7000122070313,429.5499877929688,433.7999877929688,422.6217956542969,26704541,0.0,0.0
2022-03-21,435.5,436.2999877929688,427.1000061035156,427.9500122070313,416.9225463867188,18270995,0.0,0.0
2022-03-22,428.1000061035156,441.4500122070313,421.2000122070313,440.3500061035156,429.0030212402344,30441493,0.0,0.0
2022-03-23,443.5,447.0,434.6000061035156,435.7999877929688,424.5702209472656,25466395,0.0,0.0
2022-03-24,430.0,435.3999938964844,427.5499877929688,433.2000122070313,422.0372924804688,17109723,0.0,0.0
2022-03-25,437.0,437.0,427.6499938964844,432.1000061035156,420.965576171875,15104414,0.0,0.0
2022-03-28,432.0,434.9500122070313,426.5,432.7000122070313,421.5501403808594,16757901,0.0,0.0
2022-03-29,436.0,439.3500061035156,431.3999938964844,433.7000122070313,422.52435302734375,18710736,0.0,0.0
2022-03-30,438.4500122070313,442.5,434.25,435.6499938964844,424.4241333007813,18149488,0.0,0.0
2022-03-31,436.0,438.2999877929688,432.6000061035156,433.75,422.5730590820313,14248045,0.0,0.0
2022-04-01,434.0,442.25,430.8500061035156,441.1499938964844,429.7823791503906,19380324,0.0,0.0
2022-04-04,444.3999938964844,449.5,441.2999877929688,446.75,435.2380981445313,18657201,0.0,0.0
2022-04-05,450.0,461.8999938964844,448.2999877929688,458.0499877929688,446.2468872070313,28530470,0.0,0.0
2022-04-06,455.8999938964844,462.7000122070313,452.6000061035156,456.1499938964844,444.3958435058594,24974477,0.0,0.0
2022-04-07,456.5,459.1000061035156,448.5,449.5,437.917236328125,19950241,0.0,0.0
2022-04-08,450.0,456.25,449.7000122070313,452.0499877929688,440.4015197753906,16315704,0.0,0.0
2022-04-11,457.0,458.8999938964844,451.0,452.0499877929688,440.4015197753906,14339854,0.0,0.0
2022-04-12,450.7999877929688,450.7999877929688,435.0,438.2999877929688,427.00579833984375,22698696,0.0,0.0
2022-04-13,441.7999877929688,442.8500061035156,430.1000061035156,431.0499877929688,419.9426574707031,16817981,0.0,0.0
2022-04-18,430.0,436.3500061035156,423.6499938964844,433.7999877929688,422.6217956542969,15298361,0.0,0.0
2022-04-19,436.75,440.25,417.0,424.9500122070313,413.9998474121094,12669041,0.0,0.0
2022-04-20,431.0,441.7000122070313,428.25,440.5499877929688,429.1978149414063,19639290,0.0,0.0
2022-04-21,444.5,449.3500061035156,441.0499877929688,448.0499877929688,436.5045776367188,14124872,0.0,0.0
2022-04-22,442.0499877929688,447.25,438.0,438.8500061035156,427.5416564941406,14362036,0.0,0.0
2022-04-25,432.75,436.0,423.1499938964844,425.1499938964844,414.1946716308594,14729009,0.0,0.0
2022-04-26,433.8999938964844,437.4500122070313,431.6000061035156,434.8999938964844,423.6934509277344,13577513,0.0,0.0
2022-04-27,429.25,432.9500122070313,425.1000061035156,430.25,419.1632690429688,13701069,0.0,0.0
2022-04-28,434.7999877929688,439.2000122070313,430.7999877929688,436.0499877929688,424.8138122558594,13875650,0.0,0.0
2022-04-29,440.2000122070313,447.75,436.0,437.6000061035156,426.3238830566406,21991752,0.0,0.0
2022-05-02,437.9500122070313,442.9500122070313,428.5,432.8500061035156,421.69622802734375,18945234,0.0,0.0
2022-05-04,437.9500122070313,440.6000061035156,420.7000122070313,423.5,412.5871887207031,14934742,0.0,0.0
2022-05-05,429.0,434.0,423.7000122070313,426.2999877929688,415.3150329589844,12240729,0.0,0.0
2022-05-06,418.8500061035156,420.2000122070313,407.0,408.5499877929688,398.02239990234375,25142225,0.0,0.0
2022-05-09,407.1499938964844,407.3999938964844,395.0,403.9500122070313,393.541015625,18076956,0.0,0.0
2022-05-10,400.0,408.5,389.6000061035156,391.75,381.65533447265625,16540303,0.0,0.0
2022-05-11,396.0,397.0,377.5499877929688,388.1499938964844,378.1481018066406,29215175,0.0,0.0
2022-05-12,382.0,384.6499938964844,366.2000122070313,372.2999877929688,362.7065124511719,33511538,0.0,0.0
2022-05-13,387.0,419.3500061035156,387.0,404.2999877929688,393.8819274902344,71425747,0.0,0.0
2022-05-16,411.8999938964844,411.8999938964844,396.25,405.3500061035156,394.9049072265625,24938704,0.0,0.0
2022-05-17,408.3999938964844,425.6499938964844,405.0,424.1499938964844,413.2204284667969,24651585,0.0,0.0
2022-05-18,424.0,427.3500061035156,414.0499877929688,415.1499938964844,404.4523620605469,20490516,0.0,0.0
2022-05-19,400.0,406.7999877929688,396.2000122070313,398.6499938964844,388.3775329589844,17706724,0.0,0.0
2022-05-20,410.0,421.3999938964844,410.0,418.0,407.2289123535156,23504236,0.0,0.0
2022-05-23,421.6499938964844,431.1499938964844,419.5499877929688,421.4500122070313,410.5900268554688,16345308,0.0,0.0
2022-05-24,423.8999938964844,427.5,416.0,425.75,414.77923583984375,14525617,0.0,0.0
2022-05-25,428.4500122070313,429.0,413.4500122070313,417.0,406.2546997070313,13540006,0.0,0.0
2022-05-26,422.0,422.6499938964844,405.0,420.6499938964844,409.8106384277344,17712299,0.0,0.0
2022-05-27,426.0499877929688,433.25,425.2000122070313,429.6000061035156,418.5299987792969,16867431,0.0,0.0
2022-05-30,437.0,445.2000122070313,436.0,442.3999938964844,431.0001525878906,18500266,0.0,0.0
2022-05-31,443.9500122070313,449.5,440.3999938964844,443.5499877929688,432.12054443359375,22308219,0.0,0.0
2022-06-01,445.1000061035156,446.0,439.6000061035156,444.6000061035156,433.1435241699219,11930669,0.0,0.0
2022-06-02,445.0,445.6000061035156,435.6499938964844,439.1499938964844,427.83392333984375,12742438,0.0,0.0
2022-06-03,444.8999938964844,445.0499877929688,430.5,431.8999938964844,420.770751953125,12780122,0.0,0.0
2022-06-06,427.8999938964844,433.9500122070313,424.6000061035156,432.3500061035156,421.2091674804688,11896105,0.0,0.0
2022-06-07,432.5,438.2000122070313,429.1000061035156,435.8500061035156,424.6189575195313,11153869,0.0,0.0
2022-06-08,438.7000122070313,440.3999938964844,432.0,435.6499938964844,424.4241333007813,12844475,0.0,0.0
2022-06-09,431.8999938964844,435.6499938964844,426.1000061035156,428.5,417.4583435058594,13043367,0.0,0.0
2022-06-10,423.0,428.8500061035156,422.0,428.0499877929688,417.01995849609375,11914234,0.0,0.0
2022-06-13,414.8999938964844,418.1499938964844,405.6000061035156,406.7000122070313,396.2200622558594,17442641,0.0,0.0
2022-06-14,403.0,411.8500061035156,397.7000122070313,405.1499938964844,394.71002197265625,19626627,0.0,0.0
2022-06-15,410.0,416.3999938964844,407.4500122070313,414.1000061035156,403.429443359375,15192826,0.0,0.0
2022-06-16,420.0,420.8999938964844,390.1000061035156,392.9500122070313,382.824462890625,22261032,0.0,0.0
2022-06-17,387.9500122070313,394.4500122070313,382.6499938964844,388.9500122070313,378.927490234375,24824899,0.0,0.0
2022-06-20,390.5499877929688,392.9500122070313,376.6499938964844,382.7000122070313,372.8385314941406,17049013,0.0,0.0
2022-06-21,389.0,399.0,387.0,397.6000061035156,387.3545837402344,14743366,0.0,0.0
2022-06-22,396.3999938964844,397.0,390.5,393.1000061035156,382.9705810546875,12426604,0.0,0.0
2022-06-23,396.2999877929688,409.8999938964844,394.5499877929688,407.2000122070313,396.7072448730469,26514004,0.0,0.0
2022-06-24,410.0,412.8500061035156,406.1499938964844,409.2999877929688,398.7530822753906,14806456,0.0,0.0
2022-06-27,417.5499877929688,419.4500122070313,412.3500061035156,414.5,403.8191223144531,12018949,0.0,0.0
2022-06-28,411.2999877929688,418.2000122070313,409.1499938964844,417.1000061035156,406.3521118164063,13238339,0.0,0.0
2022-06-29,412.0499877929688,419.8999938964844,411.5499877929688,416.9500122070313,406.20599365234375,13104313,0.0,0.0
2022-06-30,418.2999877929688,424.0,410.0,411.7999877929688,401.1886596679688,20121916,0.0,0.0
2022-07-01,410.6499938964844,414.6000061035156,402.2999877929688,412.7000122070313,402.06549072265625,14725989,0.0,0.0
2022-07-04,411.5499877929688,414.8999938964844,405.0,408.4500122070313,397.9250183105469,11525133,0.0,0.0
2022-07-05,415.0,418.7999877929688,410.2000122070313,412.0,401.383544921875,16771012,0.0,0.0
2022-07-06,414.0,417.2999877929688,410.6499938964844,416.3500061035156,405.6214599609375,12196920,0.0,0.0
2022-07-07,419.8999938964844,432.9500122070313,419.2999877929688,430.8500061035156,419.747802734375,17616800,0.0,0.0
2022-07-08,436.25,443.8500061035156,429.2999877929688,441.5499877929688,430.1720886230469,23730027,0.0,0.0
2022-07-11,438.0499877929688,441.2000122070313,433.4500122070313,437.0499877929688,425.7879943847656,12619654,0.0,0.0
2022-07-12,433.0,435.0,428.1499938964844,430.5499877929688,419.45550537109375,9518822,0.0,0.0
2022-07-13,432.7000122070313,435.8500061035156,425.6499938964844,427.1000061035156,416.0944213867188,10181698,0.0,0.0
2022-07-14,428.0,431.25,423.2999877929688,428.0499877929688,417.01995849609375,10744547,0.0,0.0
2022-07-15,430.6499938964844,441.75,429.7000122070313,440.2000122070313,428.85687255859375,15774084,0.0,0.0
2022-07-18,443.9500122070313,453.7999877929688,443.2000122070313,450.8999938964844,439.2811279296875,21185764,0.0,0.0
2022-07-19,446.75,451.8500061035156,444.4500122070313,449.0499877929688,437.4787902832031,11553440,0.0,0.0
2022-07-20,454.3500061035156,460.75,451.75,453.4500122070313,441.7654418945313,17154184,0.0,0.0
2022-07-21,452.9500122070313,455.5,450.1000061035156,454.8500061035156,443.1293640136719,10931800,0.0,0.0
2022-07-22,456.6000061035156,459.9500122070313,452.2999877929688,454.8999938964844,443.1780395507813,10340910,0.0,0.0
2022-07-25,456.0,457.6000061035156,446.2999877929688,449.5499877929688,437.9659423828125,12505062,0.0,0.0
2022-07-26,448.7000122070313,448.7000122070313,439.75,441.1499938964844,429.7823791503906,11563528,0.0,0.0
2022-07-27,441.1499938964844,445.0,436.1000061035156,444.0499877929688,432.6076354980469,10081023,0.0,0.0
2022-07-28,440.25,449.25,427.3999938964844,442.25,430.8540344238281,36380444,0.0,0.0
2022-07-29,445.1499938964844,452.7000122070313,445.1499938964844,449.6000061035156,438.0146789550781,16004096,0.0,0.0
2022-08-01,451.9500122070313,481.0,451.0499877929688,479.2000122070313,466.8519287109375,43084536,0.0,0.0
2022-08-02,478.8999938964844,479.8999938964844,469.25,476.25,463.9779052734375,19065689,0.0,0.0
2022-08-03,475.0,476.25,459.6000061035156,467.7999877929688,455.7456665039063,19125906,0.0,0.0
2022-08-04,473.1499938964844,473.9500122070313,456.4500122070313,468.8999938964844,456.8173522949219,18540405,0.0,0.0
2022-08-05,468.8999938964844,472.8999938964844,464.0,465.25,453.2613830566406,11917799,0.0,0.0
2022-08-08,466.0,471.8999938964844,464.4500122070313,468.25,456.18408203125,10561754,0.0,0.0
2022-08-10,470.0,477.2000122070313,463.3500061035156,475.5499877929688,463.29595947265625,13360759,0.0,0.0
2022-08-11,482.5499877929688,485.0,475.6000061035156,476.6499938964844,464.36761474609375,12777503,0.0,0.0
2022-08-12,475.75,481.4500122070313,470.0,477.5499877929688,465.2444458007813,13482890,0.0,0.0
2022-08-16,479.6000061035156,491.3999938964844,478.2000122070313,489.8500061035156,477.2275085449219,16796376,0.0,0.0
2022-08-17,490.8999938964844,494.3999938964844,484.2000122070313,485.3999938964844,472.8921203613281,15948755,0.0,0.0
2022-08-18,484.0,486.7999877929688,479.25,484.7999877929688,472.3075866699219,12070974,0.0,0.0
2022-08-19,486.75,488.1000061035156,468.1000061035156,471.0,458.8631896972656,16636593,0.0,0.0
2022-08-22,468.5,468.9500122070313,452.5499877929688,454.6000061035156,442.8858337402344,15050653,0.0,0.0
2022-08-23,449.0,462.1000061035156,447.6000061035156,460.4500122070313,448.5850524902344,17779238,0.0,0.0
2022-08-24,459.0,464.8999938964844,457.7000122070313,463.2000122070313,451.2642211914063,12214113,0.0,0.0
2022-08-25,466.0,468.7999877929688,457.3999938964844,459.2000122070313,447.3672790527344,11255809,0.0,0.0
2022-08-26,465.0,470.4500122070313,463.9500122070313,465.0499877929688,453.0664978027344,11252560,0.0,0.0
2022-08-29,451.0,456.8999938964844,450.1499938964844,453.3500061035156,441.66802978515625,11647725,0.0,0.0
2022-08-30,458.6499938964844,472.3999938964844,457.1000061035156,471.1000061035156,458.9606323242188,14421066,0.0,0.0
2022-09-01,462.5,474.3999938964844,462.1499938964844,466.8999938964844,454.8688354492188,13385159,0.0,0.0
2022-09-02,470.8500061035156,471.7999877929688,460.1499938964844,461.75,449.8515319824219,10806707,0.0,0.0
2022-09-05,459.75,463.9500122070313,457.0,459.0,447.1723937988281,9378108,0.0,0.0
2022-09-06,462.7000122070313,463.7000122070313,456.6000061035156,457.75,445.9546203613281,9805875,0.0,0.0
2022-09-07,453.2000122070313,456.5,443.6499938964844,445.8500061035156,434.3612976074219,20764508,0.0,0.0
2022-09-08,452.4500122070313,452.5499877929688,440.0,442.2000122070313,430.8053283691406,19336014,0.0,0.0
2022-09-09,447.5,449.6499938964844,440.6000061035156,445.8999938964844,434.4100036621094,14294289,0.0,0.0
2022-09-12,447.7000122070313,453.0,447.0,451.0,439.3785705566406,8962633,0.0,0.0
2022-09-13,454.2999877929688,458.9500122070313,453.5499877929688,456.7999877929688,445.0290832519531,10661280,0.0,0.0
2022-09-14,447.6000061035156,454.7000122070313,447.0,450.2000122070313,438.5992126464844,10360461,0.0,0.0
2022-09-15,452.3999938964844,455.8500061035156,446.0499877929688,447.25,435.7251892089844,10356713,0.0,0.0
2022-09-16,446.0,446.3999938964844,429.1000061035156,432.5,421.3552856445313,20992324,0.0,0.0
2022-09-19,431.5,431.6000061035156,424.0499877929688,425.4500122070313,414.4869384765625,15236142,0.0,0.0
2022-09-20,430.6000061035156,443.3500061035156,430.6000061035156,434.25,423.0602111816406,17557661,0.0,0.0
2022-09-21,433.9500122070313,436.0,425.5,427.6499938964844,416.6302795410156,10831068,0.0,0.0
2022-09-22,425.0,434.6000061035156,422.5499877929688,432.2000122070313,421.0630187988281,13600786,0.0,0.0
2022-09-23,431.8999938964844,431.8999938964844,420.5499877929688,423.1000061035156,412.197509765625,13441609,0.0,0.0
2022-09-26,416.0,417.8999938964844,393.1499938964844,397.5,387.2571716308594,33230938,0.0,0.0
2022-09-27,403.8999938964844,404.0,390.3500061035156,398.7999877929688,388.5236511230469,21932747,0.0,0.0
2022-09-28,394.8999938964844,406.6000061035156,392.8500061035156,399.1000061035156,388.8159484863281,18114880,0.0,0.0
2022-09-29,411.0,413.25,399.6000061035156,402.25,391.8847961425781,20725995,0.0,0.0
2022-09-30,398.0,408.25,392.5,404.6000061035156,394.1742248535156,20951277,0.0,0.0
2022-10-03,405.5,406.5499877929688,395.5,397.6499938964844,387.4032897949219,20332430,0.0,0.0
2022-10-04,406.0,408.9500122070313,402.8999938964844,407.8999938964844,397.3891906738281,12761425,0.0,0.0
2022-10-06,409.6000061035156,417.6499938964844,409.5,414.1000061035156,403.429443359375,12771199,0.0,0.0
2022-10-07,413.3999938964844,414.0,408.7000122070313,412.1499938964844,401.5296630859375,10670854,0.0,0.0
2022-10-10,403.3999938964844,403.3999938964844,393.0499877929688,395.9500122070313,385.74713134765625,32914630,0.0,0.0
2022-10-11,397.0,399.5,391.2999877929688,393.3500061035156,383.214111328125,14641301,0.0,0.0
2022-10-12,394.5499877929688,398.2000122070313,391.1000061035156,396.5499877929688,386.3316040039063,14287344,0.0,0.0
2022-10-13,396.5499877929688,403.5,394.5499877929688,399.0,388.718505859375,12584114,0.0,0.0
2022-10-14,407.0,409.2000122070313,395.2999877929688,396.25,386.0393981933594,12875470,0.0,0.0
2022-10-17,394.0,398.8999938964844,392.5,396.1000061035156,385.8932495117188,9543556,0.0,0.0
2022-10-18,401.0,406.7000122070313,400.7000122070313,404.25,393.8332214355469,14215544,0.0,0.0
2022-10-19,406.2000122070313,406.9500122070313,397.2999877929688,399.0499877929688,388.7672119140625,8648435,0.0,0.0
2022-10-20,397.0,399.8999938964844,393.1000061035156,398.1000061035156,387.84173583984375,10747183,0.0,0.0
2022-10-21,397.0,402.25,394.7000122070313,398.0499877929688,387.7929992675781,10279618,0.0,0.0
2022-10-24,406.0,406.0,400.1499938964844,401.6000061035156,391.2515258789063,2871205,0.0,0.0
2022-10-25,404.3500061035156,410.5,403.2000122070313,404.5499877929688,394.12548828125,17979661,0.0,0.0
2022-10-27,408.5499877929688,411.7000122070313,404.0,407.7000122070313,397.1943664550781,14614841,0.0,0.0
2022-10-28,408.0,411.2000122070313,406.1000061035156,409.8999938964844,399.337646484375,12488938,0.0,0.0
2022-10-31,414.3500061035156,416.2999877929688,411.6000061035156,412.75,402.11419677734375,9928218,0.0,0.0
2022-11-01,414.8999938964844,422.3999938964844,412.7999877929688,421.3500061035156,410.49261474609375,17324893,0.0,0.0
2022-11-02,423.0499877929688,425.1000061035156,420.1499938964844,422.1499938964844,411.27197265625,12433578,0.0,0.0
2022-11-03,419.3999938964844,423.2999877929688,414.5,416.25,405.5239868164063,10987519,0.0,0.0
2022-11-04,418.2000122070313,426.0,416.8999938964844,425.3500061035156,414.3895263671875,12277023,0.0,0.0
2022-11-07,428.25,437.5,428.25,435.0,423.7908630371094,15058076,0.0,0.0
2022-11-09,439.2000122070313,441.2000122070313,432.0,433.1499938964844,421.988525390625,14471443,0.0,0.0
2022-11-10,420.5,420.5499877929688,409.2000122070313,412.2000122070313,401.5783996582031,26251660,0.0,0.0
2022-11-11,420.0,425.5,414.7000122070313,423.5,412.5871887207031,19296401,0.0,0.0
2022-11-14,424.0,437.7000122070313,423.5,433.7000122070313,422.52435302734375,17996083,0.0,0.0
2022-11-15,434.8999938964844,438.5,434.1000061035156,437.1499938964844,425.8854370117188,10696024,0.0,0.0
2022-11-16,436.9500122070313,438.2000122070313,429.6000061035156,431.5499877929688,420.42974853515625,8206169,0.0,0.0
2022-11-17,422.0,427.5499877929688,419.6000061035156,423.1499938964844,412.2462158203125,15621809,0.0,0.0
2022-11-18,424.0,426.4500122070313,421.1499938964844,423.7999877929688,412.8794555664063,9851962,0.0,0.0
2022-11-21,425.6000061035156,427.6000061035156,420.0,421.1000061035156,410.2490234375,9497812,0.0,0.0
2022-11-22,421.0,426.3999938964844,420.5,424.7000122070313,413.75628662109375,6407614,0.0,0.0
2022-11-23,426.8500061035156,429.2999877929688,422.8500061035156,424.0499877929688,413.1230163574219,6568241,0.0,0.0
2022-11-24,424.5,425.25,420.7000122070313,423.3999938964844,412.4897766113281,6768613,0.0,0.0
2022-11-25,425.0,435.1499938964844,424.0,433.2000122070313,422.0372924804688,18764073,0.0,0.0
2022-11-28,435.0,440.3500061035156,432.3999938964844,433.25,422.0859680175781,10701208,0.0,0.0
2022-11-29,432.5,437.8999938964844,429.5499877929688,433.1499938964844,421.988525390625,8630105,0.0,0.0
2022-11-30,435.0,441.0,433.2999877929688,439.3999938964844,428.0775146484375,14727892,0.0,0.0
2022-12-01,443.0,443.6000061035156,436.8500061035156,438.25,426.95709228515625,8909310,0.0,0.0
2022-12-02,439.0,441.1499938964844,435.0,435.3999938964844,424.1805419921875,8352658,0.0,0.0
2022-12-05,435.5,437.5,427.7999877929688,428.75,417.701904296875,12857807,0.0,0.0
2022-12-06,428.7999877929688,431.3500061035156,425.3500061035156,427.1000061035156,416.0944213867188,8461831,0.0,0.0
2022-12-07,428.0,428.0,419.1000061035156,420.1000061035156,409.27484130859375,12133315,0.0,0.0
2022-12-08,421.0,421.3999938964844,415.3500061035156,417.2000122070313,406.4495544433594,9539923,0.0,0.0
2022-12-09,419.2999877929688,420.9500122070313,409.5499877929688,413.2999877929688,402.6500549316406,9920219,0.0,0.0
2022-12-12,412.0,416.8999938964844,408.0,414.1499938964844,403.4781188964844,8009229,0.0,0.0
2022-12-13,419.9500122070313,421.5,417.25,418.5,407.7160339355469,9717894,0.0,0.0
2022-12-14,420.5499877929688,421.3500061035156,417.3500061035156,417.8999938964844,407.1314697265625,6314883,0.0,0.0
2022-12-15,418.8500061035156,422.7999877929688,415.7000122070313,416.7000122070313,405.9624328613281,7542601,0.0,0.0
2022-12-16,417.3500061035156,427.7999877929688,413.1000061035156,421.6000061035156,410.7361755371094,50949198,0.0,0.0
2022-12-19,421.8999938964844,422.8500061035156,415.5,418.0,407.2289123535156,9809103,0.0,0.0
2022-12-20,418.0,418.0,408.0,410.5,399.9221801757813,12341042,0.0,0.0
2022-12-21,412.6000061035156,414.3999938964844,401.0,402.6000061035156,392.2257385253906,11606059,0.0,0.0
2022-12-22,404.1000061035156,404.7000122070313,390.2000122070313,394.4500122070313,384.2857666015625,14908929,0.0,0.0
2022-12-23,390.0,390.0,377.0,378.3500061035156,368.6006164550781,19902886,0.0,0.0
2022-12-26,380.25,390.7000122070313,375.2000122070313,384.7999877929688,374.8843994140625,16979026,0.0,0.0
2022-12-27,390.0,397.4500122070313,388.5,394.1499938964844,383.9934997558594,14372461,0.0,0.0
2022-12-28,394.0,395.8999938964844,390.3999938964844,391.2999877929688,381.2169189453125,8443917,0.0,0.0
2022-12-29,389.0,390.0,383.0499877929688,385.8999938964844,375.9560852050781,15627403,0.0,0.0
2022-12-30,391.0,392.2000122070313,387.0,387.9500122070313,377.9533081054688,9198673,0.0,0.0
2023-01-02,392.5,396.0,391.0,394.7999877929688,384.6267700195313,10501357,0.0,0.0
2023-01-03,396.0,398.3500061035156,393.0,393.8999938964844,383.74993896484375,9431220,0.0,0.0
2023-01-04,394.7999877929688,394.7999877929688,385.0,385.6000061035156,375.663818359375,16121049,0.0,0.0
2023-01-05,387.8999938964844,388.75,382.5,386.8999938964844,376.9303283691406,10443908,0.0,0.0
2023-01-06,386.1000061035156,388.3999938964844,381.0,382.0,372.1565551757813,8715469,0.0,0.0
2023-01-09,386.3500061035156,392.7000122070313,385.0,389.4500122070313,379.4145812988281,14693099,0.0,0.0
2023-01-10,400.0,417.75,400.0,412.8999938964844,402.2603149414063,54021379,0.0,0.0
2023-01-11,415.75,420.0,413.5499877929688,418.2000122070313,407.4237976074219,22224361,0.0,0.0
2023-01-12,420.2999877929688,420.5,410.0499877929688,412.25,401.6271057128906,12479034,0.0,0.0
2023-01-13,413.0,416.3500061035156,408.0,411.5,400.89642333984375,10449630,0.0,0.0
2023-01-16,413.5,414.8999938964844,407.6000061035156,413.0,402.3577575683594,11462140,0.0,0.0
2023-01-17,413.0,419.4500122070313,412.5,415.2999877929688,404.5984802246094,12337969,0.0,0.0
2023-01-18,415.8999938964844,415.9500122070313,407.4500122070313,408.3999938964844,397.8762817382813,13310316,0.0,0.0
2023-01-19,406.5,407.7999877929688,400.1000061035156,400.75,390.4234008789063,13126520,0.0,0.0
2023-01-20,404.0,412.5,401.2000122070313,403.1499938964844,392.7615661621094,23906114,0.0,0.0
2023-01-23,407.0,410.9500122070313,405.0,408.3999938964844,397.8762817382813,13113183,0.0,0.0
2023-01-24,410.0,424.0,410.0,422.1499938964844,411.27197265625,30197475,0.0,0.0
2023-01-25,423.75,427.25,417.7000122070313,419.0499877929688,408.25189208984375,22975581,0.0,0.0
2023-01-27,438.0,453.3999938964844,435.1499938964844,445.6000061035156,434.1177368164063,63360467,0.0,0.0
2023-01-30,445.6000061035156,450.0,437.6499938964844,443.6499938964844,432.2179870605469,18316743,0.0,0.0
2023-01-31,443.7000122070313,454.7999877929688,440.8999938964844,452.1000061035156,440.45025634765625,25154475,0.0,0.0
2023-02-01,456.7999877929688,461.5,437.6499938964844,446.6499938964844,435.1406555175781,23798589,0.0,0.0
2023-02-02,446.75,449.2000122070313,440.7000122070313,444.7999877929688,433.33831787109375,11344554,0.0,0.0
2023-02-03,447.0,450.7999877929688,442.3500061035156,445.4500122070313,433.97161865234375,13067403,0.0,0.0
2023-02-06,444.4500122070313,447.0,439.5499877929688,442.0,430.6104736328125,6795084,0.0,0.0
2023-02-07,441.7000122070313,443.3999938964844,432.8999938964844,435.4500122070313,424.2292785644531,9023645,0.0,0.0
2023-02-08,435.4500122070313,441.0,431.5499877929688,440.1000061035156,428.7594299316406,8668267,0.0,0.0
2023-02-09,440.0,440.7000122070313,433.5499877929688,436.75,425.4957885742188,7349418,0.0,0.0
2023-02-10,437.9500122070313,447.7999877929688,431.2000122070313,445.8500061035156,434.3612976074219,14798390,0.0,0.0
2023-02-13,445.5,446.8999938964844,438.8999938964844,441.0499877929688,429.6849670410156,8333767,0.0,0.0
2023-02-14,442.0,444.2999877929688,434.3999938964844,440.5499877929688,429.1978149414063,8565559,0.0,0.0
2023-02-15,438.5,444.8999938964844,438.1499938964844,444.1499938964844,432.705078125,9857016,0.0,0.0
2023-02-16,445.0,448.25,440.5,441.6000061035156,430.2207946777344,7670688,0.0,0.0
2023-02-17,436.0,442.4500122070313,436.0,439.8999938964844,428.5645751953125,6955445,0.0,0.0
2023-02-20,441.7999877929688,445.2999877929688,436.25,443.0,431.584716796875,9717197,0.0,0.0
2023-02-21,445.2000122070313,445.2000122070313,435.25,436.5,425.252197265625,8957930,0.0,0.0
2023-02-22,435.2999877929688,435.8500061035156,428.25,429.4500122070313,418.3838806152344,7209130,0.0,0.0
2023-02-23,428.6499938964844,436.4500122070313,427.2000122070313,433.2000122070313,422.0372924804688,9278920,0.0,0.0
2023-02-24,435.3999938964844,436.7000122070313,427.0,427.75,416.7276611328125,7895024,0.0,0.0
2023-02-27,427.75,428.0499877929688,413.0499877929688,417.9500122070313,407.1802062988281,10438928,0.0,0.0
2023-02-28,419.0,424.7999877929688,419.0,420.7000122070313,409.859375,9652088,0.0,0.0
2023-03-01,421.5,428.0,421.5,426.0,415.0227661132813,7595114,0.0,0.0
2023-03-02,426.0,426.25,419.5499877929688,420.4500122070313,409.6157836914063,5661103,0.0,0.0
2023-03-03,422.6000061035156,430.5,421.9500122070313,428.0,416.9712524414063,8027522,0.0,0.0
2023-03-06,430.9500122070313,441.4500122070313,430.0,440.1000061035156,428.7594299316406,11307064,0.0,0.0
2023-03-08,439.0,441.25,436.1000061035156,439.2999877929688,427.9800415039063,7850052,0.0,0.0
2023-03-09,439.1000061035156,442.0499877929688,431.2999877929688,432.2000122070313,421.0630187988281,5696737,0.0,0.0
2023-03-10,433.0,437.7999877929688,430.7999877929688,435.8500061035156,424.6189575195313,10417015,0.0,0.0
2023-03-13,436.1000061035156,437.0,419.1000061035156,422.3999938964844,411.5155334472656,8780169,0.0,0.0
2023-03-14,422.8500061035156,424.2000122070313,413.3999938964844,416.6499938964844,405.9136962890625,9189043,0.0,0.0
2023-03-15,422.0,425.0,410.1000061035156,411.3500061035156,400.7503051757813,7681009,0.0,0.0
2023-03-16,413.2999877929688,418.5,405.0,415.7000122070313,404.98822021484375,11854885,0.0,0.0
2023-03-17,419.0,423.4500122070313,414.5499877929688,419.0,408.2031555175781,8658701,0.0,0.0
2023-03-20,415.6000061035156,416.9500122070313,405.5,410.75,400.165771484375,10075022,0.0,0.0
2023-03-21,412.8500061035156,413.8999938964844,407.7000122070313,412.5499877929688,401.9193115234375,7391950,0.0,0.0
2023-03-22,416.0,418.3999938964844,413.75,416.1000061035156,405.37786865234375,5728054,0.0,0.0
2023-03-23,416.0,422.5,416.0,419.1499938964844,408.3492736816406,9817460,0.0,0.0
2023-03-24,419.0,420.5499877929688,414.7999877929688,416.5,405.767578125,6877960,0.0,0.0
2023-03-27,416.0,418.5,410.25,412.0499877929688,401.4322509765625,7433933,0.0,0.0
2023-03-28,414.1499938964844,414.5,400.4500122070313,401.6000061035156,391.2515258789063,9553659,0.0,0.0
2023-03-29,401.6000061035156,410.6000061035156,401.6000061035156,409.2000122070313,398.6556701660156,10478506,0.0,0.0
2023-03-31,411.3500061035156,421.75,411.0,420.7999877929688,409.9567565917969,11037881,0.0,0.0
2023-04-03,423.0,424.9500122070313,419.5,424.25,413.31787109375,6948329,0.0,0.0
2023-04-05,424.25,428.75,423.1499938964844,426.5499877929688,415.55859375,8821326,0.0,0.0
2023-04-06,426.5,439.2999877929688,423.75,437.6499938964844,426.37255859375,10907492,0.0,0.0
2023-04-10,452.0499877929688,473.2999877929688,452.0,461.2999877929688,449.41314697265625,50462653,0.0,0.0
2023-04-11,463.75,463.75,455.7999877929688,458.7000122070313,446.8801574707031,14495222,0.0,0.0
2023-04-12,459.3500061035156,468.6000061035156,458.2000122070313,465.5,453.50494384765625,13552440,0.0,0.0
2023-04-13,464.9500122070313,472.0,463.25,469.5,457.4018859863281,12733670,0.0,0.0
2023-04-17,471.0,473.0,465.7999877929688,472.1499938964844,459.9835815429688,10710167,0.0,0.0
2023-04-18,475.0,483.3500061035156,468.1000061035156,473.0,460.8116760253906,16140056,0.0,0.0
2023-04-19,473.0,475.5,467.8500061035156,469.3999938964844,457.3044128417969,7368610,0.0,0.0
2023-04-20,473.7000122070313,479.7000122070313,469.3999938964844,476.7999877929688,464.51373291015625,14264206,0.0,0.0
2023-04-21,476.7000122070313,476.7000122070313,467.2000122070313,471.2000122070313,459.0580749511719,8478118,0.0,0.0
2023-04-24,471.2000122070313,476.0,468.2999877929688,475.2000122070313,462.9549865722656,8020593,0.0,0.0
2023-04-25,475.2000122070313,476.3999938964844,471.8999938964844,473.5499877929688,461.3474731445313,6888352,0.0,0.0
2023-04-26,473.0,479.5,472.6000061035156,478.2000122070313,465.8777160644531,7791425,0.0,0.0
2023-04-27,478.5,482.0,476.5,481.6000061035156,469.1900939941406,7085793,0.0,0.0
2023-04-28,481.3999938964844,488.0,478.3500061035156,484.9500122070313,472.4537658691406,9947813,0.0,0.0
2023-05-02,482.5,484.0,474.5499877929688,480.25,467.8748168945313,11542592,0.0,0.0
2023-05-03,480.25,485.1000061035156,477.75,483.7000122070313,471.2359924316406,8529233,0.0,0.0
2023-05-04,483.6000061035156,486.3999938964844,478.75,480.7999877929688,468.4106750488281,5650101,0.0,0.0
2023-05-05,481.6499938964844,484.7000122070313,476.1499938964844,477.1000061035156,464.8060302734375,4830674,0.0,0.0
2023-05-08,480.0,502.2999877929688,478.1000061035156,500.5,487.6030578613281,23515333,0.0,0.0
2023-05-09,502.0,512.7999877929688,501.5499877929688,503.6499938964844,490.671875,19818780,0.0,0.0
2023-05-10,508.0,512.9000244140625,504.3500061035156,509.5,496.3711242675781,12481404,0.0,0.0
2023-05-11,512.0,514.1500244140625,505.5,511.6000061035156,498.4170227050781,11454020,0.0,0.0
2023-05-12,513.9000244140625,520.5,510.2999877929688,515.9500122070312,502.6549072265625,19766717,0.0,0.0
2023-05-15,523.8499755859375,537.1500244140625,521.5,530.8499755859375,517.1708984375,38270067,0.0,0.0
2023-05-16,533.9500122070312,535.9500122070312,518.8499755859375,521.1500244140625,507.720947265625,16514882,0.0,0.0
2023-05-17,522.5,523.9500122070312,512.5,515.5,502.216552734375,13684847,0.0,0.0
2023-05-18,518.7999877929688,520.9000244140625,507.1000061035156,508.4500122070313,495.3482055664063,12293322,0.0,0.0
2023-05-19,509.7999877929688,526.4000244140625,504.75,524.9500122070312,511.4230651855469,19343560,0.0,0.0
2023-05-22,524.9500122070312,527.0,519.3499755859375,522.5,509.03619384765625,9978339,0.0,0.0
2023-05-23,522.5,531.0,521.1500244140625,528.5,514.8815307617188,12256902,0.0,0.0
2023-05-24,527.1500244140625,529.6500244140625,519.1500244140625,520.2000122070312,506.7954406738281,7648284,0.0,0.0
2023-05-25,518.0,518.0,509.1000061035156,514.8499755859375,501.583251953125,11543712,0.0,0.0
2023-05-26,514.9000244140625,519.75,512.2000122070312,518.4500122070312,505.0905456542969,8360570,0.0,0.0
2023-05-29,525.0,525.0999755859375,519.7000122070312,521.4500122070312,508.0132446289063,6596504,0.0,0.0
2023-05-30,521.4500122070312,523.5,518.0,518.7999877929688,505.4314880371094,5134688,0.0,0.0
2023-05-31,519.9500122070312,527.5,516.4000244140625,526.2999877929688,512.7382202148438,12327284,0.0,0.0
2023-06-01,527.5,536.25,522.8499755859375,535.2000122070312,521.4088745117188,12511265,0.0,0.0
2023-06-02,537.0,541.25,532.75,535.9000244140625,522.0909423828125,12294728,0.0,0.0
2023-06-05,539.0,548.7999877929688,537.9000244140625,546.25,532.1741333007812,15008325,0.0,0.0
2023-06-06,549.4500122070312,557.0,545.3499755859375,555.75,541.4293212890625,15395092,0.0,0.0
2023-06-07,558.7999877929688,575.0,552.1500244140625,567.9500122070312,553.3150024414062,20855239,0.0,0.0
2023-06-08,570.0,576.5499877929688,557.0,559.7000122070312,545.277587890625,21527339,0.0,0.0
2023-06-09,564.4000244140625,566.4500122070312,559.2999877929688,562.2999877929688,547.8106079101562,9361533,0.0,0.0
2023-06-12,567.0,568.9000244140625,560.6500244140625,564.1500244140625,549.6129150390625,7599572,0.0,0.0
2023-06-13,567.7000122070312,571.0499877929688,560.75,562.2000122070312,547.713134765625,12845897,0.0,0.0
2023-06-14,566.0,571.2000122070312,564.0,570.2999877929688,555.6044311523438,12713256,0.0,0.0
2023-06-15,571.7999877929688,575.0,567.75,568.4500122070312,553.8021850585938,12475759,0.0,0.0
2023-06-16,569.6500244140625,572.2000122070312,566.0499877929688,569.7999877929688,555.1173706054688,8736313,0.0,0.0
2023-06-19,570.6500244140625,573.2000122070312,564.2000122070312,566.0499877929688,551.4639282226562,6280388,0.0,0.0
2023-06-20,566.0499877929688,583.9500122070312,562.5,583.25,568.2207641601562,18074902,0.0,0.0
2023-06-21,584.9500122070312,585.9000244140625,574.5,581.4000244140625,566.41845703125,9146332,0.0,0.0
2023-06-22,584.0,584.7000122070312,568.2000122070312,569.3499755859375,554.6788940429688,11229179,0.0,0.0
2023-06-23,570.0,571.1500244140625,557.7000122070312,559.6500244140625,545.2288818359375,9362695,0.0,0.0
2023-06-26,560.0,569.0,557.7999877929688,567.8499755859375,553.217529296875,6986621,0.0,0.0
2023-06-27,570.0,576.9000244140625,568.4500122070312,573.0999755859375,558.332275390625,9404450,0.0,0.0
2023-06-28,579.0,590.0,575.5,586.6500244140625,571.5331420898438,16720940,0.0,0.0
2023-06-30,588.3499755859375,599.0,588.0,595.5499877929688,580.2037963867188,12488047,0.0,0.0
2023-07-03,600.0,602.2999877929688,590.0,590.7999877929688,575.576171875,11131048,0.0,0.0
2023-07-04,594.4000244140625,596.4000244140625,589.5,591.4500122070312,576.2094116210938,6917886,0.0,0.0
2023-07-05,592.0,593.0,584.9500122070312,588.25,573.0919189453125,8715919,0.0,0.0
2023-07-06,590.7999877929688,604.9500122070312,588.5499877929688,600.7999877929688,585.3184814453125,14356681,0.0,0.0
2023-07-07,600.0,624.7999877929688,592.2000122070312,618.2000122070312,602.2701416015625,21066726,0.0,0.0
2023-07-10,624.0,634.7999877929688,617.5499877929688,618.6500244140625,602.7085571289062,23802524,0.0,0.0
2023-07-11,624.9500122070312,630.4500122070312,622.1500244140625,628.5,612.3047485351562,12051173,0.0,0.0
2023-07-12,629.9500122070312,630.7999877929688,619.3499755859375,621.4500122070312,605.4364624023438,10785502,0.0,0.0
2023-07-13,625.0,626.5,615.5,620.6500244140625,604.6570434570312,9689708,0.0,0.0
2023-07-14,623.0,626.0,619.5,624.9000244140625,608.7974853515625,7010179,0.0,0.0
2023-07-17,626.9000244140625,627.0,617.1500244140625,618.5,602.5624389648438,7580645,0.0,0.0
2023-07-18,620.4000244140625,620.8499755859375,607.0,612.0999755859375,596.3272705078125,10359400,0.0,0.0
2023-07-19,614.0,625.2999877929688,610.1500244140625,620.5999755859375,604.6083374023438,11128348,0.0,0.0
2023-07-20,622.6500244140625,623.5999755859375,616.2000122070312,621.6500244140625,605.6312866210938,7834891,0.0,0.0
2023-07-21,621.0,631.0,617.7000122070312,625.75,609.6256103515625,12914610,0.0,0.0
2023-07-24,627.9500122070312,634.4500122070312,626.25,629.25,613.035400390625,12247844,0.0,0.0
2023-07-25,636.0,642.5,633.3499755859375,639.4500122070312,622.9725952148438,13988137,0.0,0.0
2023-07-26,640.0,665.4000244140625,639.0,641.0999755859375,624.5800170898438,31673714,0.0,0.0
2023-07-27,647.0,648.4500122070312,636.75,643.7000122070312,627.1130981445312,11696851,0.0,0.0
2023-07-28,646.0,646.0,631.7999877929688,635.2999877929688,620.8585205078125,9299530,2.0,0.0
2023-07-31,640.2000122070312,645.5499877929688,635.9000244140625,644.2999877929688,629.6539306640625,7502361,0.0,0.0
2023-08-01,645.0,652.9000244140625,642.0,643.6500244140625,629.0187377929688,8924219,0.0,0.0
2023-08-02,644.0,644.2999877929688,616.4500122070312,622.6500244140625,608.49609375,15762687,0.0,0.0
2023-08-03,623.0,626.4500122070312,614.1500244140625,618.9500122070312,604.8802490234375,11458920,0.0,0.0
2023-08-04,624.8499755859375,625.0,613.2999877929688,615.0,601.0199584960938,11806739,0.0,0.0
2023-08-07,619.0,619.0,608.5,609.5,595.64501953125,9893466,0.0,0.0
2023-08-08,612.5499877929688,614.75,605.25,607.2999877929688,593.4949951171875,8863640,0.0,0.0
2023-08-09,610.5999755859375,624.0,605.3499755859375,622.5499877929688,608.3983764648438,13362350,0.0,0.0
2023-08-10,623.0,628.2999877929688,598.0,618.25,604.1961059570312,53116980,0.0,0.0
2023-08-11,619.75,624.75,610.0,611.7999877929688,597.8927001953125,9347707,0.0,0.0
2023-08-14,612.0,612.0,594.5,607.3499755859375,593.5438232421875,14492164,0.0,0.0
2023-08-16,606.7000122070312,621.3499755859375,597.2999877929688,618.75,604.6846923828125,14562074,0.0,0.0
2023-08-17,620.0,622.0,611.0,613.75,599.79833984375,12119293,0.0,0.0
2023-08-18,612.7999877929688,620.0999755859375,610.9000244140625,615.7999877929688,601.8017578125,11190760,0.0,0.0
2023-08-21,617.0,623.2999877929688,614.7999877929688,620.5,606.3949584960938,9580365,0.0,0.0
2023-08-22,621.7999877929688,626.5,618.5999755859375,620.2000122070312,606.101806640625,8534395,0.0,0.0
2023-08-23,622.75,622.75,613.1500244140625,613.9000244140625,599.9450073242188,8248333,0.0,0.0
2023-08-24,618.0,619.0,609.6500244140625,610.9500122070312,597.06201171875,7096025,0.0,0.0
2023-08-25,610.8499755859375,616.7000122070312,593.2999877929688,605.0999755859375,591.344970703125,16075509,0.0,0.0
2023-08-28,605.4000244140625,608.5,601.5499877929688,602.4000244140625,588.7064208984375,7479254,0.0,0.0
2023-08-29,603.5999755859375,610.5,603.5999755859375,607.1500244140625,593.3484497070312,6956667,0.0,0.0
2023-08-30,611.2000122070312,612.9000244140625,605.0,605.5499877929688,591.7847900390625,5676055,0.0,0.0
2023-08-31,608.7999877929688,609.6500244140625,599.0499877929688,601.0,587.3381958007812,10544271,0.0,0.0
2023-09-01,604.2000122070312,614.9000244140625,601.9000244140625,611.2000122070312,597.3063354492188,10297492,0.0,0.0
2023-09-04,615.5999755859375,615.5999755859375,606.0,609.0,595.1563720703125,8392665,0.0,0.0
2023-09-05,610.0,618.9000244140625,608.0499877929688,611.1500244140625,597.2575073242188,8560651,0.0,0.0
2023-09-06,611.1500244140625,612.5499877929688,605.5999755859375,610.25,596.3779296875,6520064,0.0,0.0
2023-09-07,610.9000244140625,616.5,609.0499877929688,614.9000244140625,600.9223022460938,6520293,0.0,0.0
2023-09-08,617.9500122070312,628.9000244140625,614.2000122070312,627.25,612.9915161132812,16190749,0.0,0.0
2023-09-11,634.6500244140625,635.4000244140625,630.5,634.8499755859375,620.4187622070312,8780510,0.0,0.0
2023-09-12,638.0,639.0,615.25,620.7999877929688,606.6881103515625,12541377,0.0,0.0
2023-09-13,621.0,628.5,619.5499877929688,625.9000244140625,611.6722412109375,6988358,0.0,0.0
2023-09-14,628.0999755859375,630.7999877929688,623.2999877929688,624.5999755859375,610.4016723632812,5722295,0.0,0.0
2023-09-15,628.7000122070312,636.5,627.1500244140625,634.25,619.8323974609375,18917805,0.0,0.0
2023-09-18,635.9000244140625,644.2000122070312,633.1500244140625,640.6500244140625,626.0869140625,11108349,0.0,0.0
2023-09-20,640.7000122070312,647.0,637.0,638.5,623.9857788085938,11777925,0.0,0.0
2023-09-21,638.5,641.7000122070312,624.0,627.0499877929688,612.7960205078125,9266854,0.0,0.0
2023-09-22,628.0,630.7999877929688,619.0,620.4500122070312,606.3460693359375,6551917,0.0,0.0
2023-09-25,623.8499755859375,625.2000122070312,617.9000244140625,618.7000122070312,604.6358642578125,6390681,0.0,0.0
2023-09-26,618.7000122070312,625.7000122070312,617.9500122070312,619.7999877929688,605.7108764648438,6271108,0.0,0.0
2023-09-27,619.9500122070312,621.9000244140625,616.75,620.1500244140625,606.0529174804688,5960490,0.0,0.0
2023-09-28,622.9000244140625,623.7999877929688,612.25,614.0999755859375,600.1404418945312,6768196,0.0,0.0
2023-09-29,618.7000122070312,633.0,617.0,630.2000122070312,615.8744506835938,8969405,0.0,0.0
2023-10-03,632.5999755859375,632.6500244140625,618.5999755859375,620.4500122070312,606.3460693359375,6894577,0.0,0.0
2023-10-04,620.7999877929688,620.7999877929688,608.2999877929688,613.5999755859375,599.6517333984375,7612709,0.0,0.0
2023-10-05,619.0,621.3499755859375,614.6500244140625,619.5999755859375,605.5153198242188,7893892,0.0,0.0
2023-10-06,627.0,627.3499755859375,620.0,622.4500122070312,608.3006591796875,7922379,0.0,0.0
2023-10-09,620.7999877929688,622.0,613.7000122070312,617.3499755859375,603.3165283203125,6381189,0.0,0.0
2023-10-10,620.0,632.5,617.5999755859375,630.5499877929688,616.2164916992188,9833429,0.0,0.0
2023-10-11,633.0,637.7999877929688,632.5999755859375,634.0,619.588134765625,7701931,0.0,0.0
2023-10-12,637.0,640.2000122070312,635.0499877929688,636.9500122070312,622.4710083007812,5928732,0.0,0.0
2023-10-13,633.9500122070312,669.0,633.0,667.0999755859375,651.9356079101562,28011678,0.0,0.0
2023-10-16,668.5499877929688,677.7999877929688,661.25,666.2000122070312,651.05615234375,20005816,0.0,0.0
2023-10-17,670.0,670.9000244140625,654.6500244140625,655.7000122070312,640.7947387695312,10263992,0.0,0.0
2023-10-18,658.5999755859375,672.25,653.7999877929688,668.5,653.3038330078125,14908778,0.0,0.0
2023-10-19,662.9500122070312,672.2999877929688,658.5999755859375,668.7999877929688,653.5970458984375,10633043,0.0,0.0
2023-10-20,666.6500244140625,676.4000244140625,660.5,663.2000122070312,648.124267578125,11759568,0.0,0.0
2023-10-23,663.6500244140625,667.25,645.0,647.3499755859375,632.6346435546875,8564004,0.0,0.0
2023-10-25,650.0,651.9000244140625,636.0499877929688,637.8499755859375,623.3505249023438,8229559,0.0,0.0
2023-10-26,635.0,635.6500244140625,624.1500244140625,626.5499877929688,612.3074340820312,8889373,0.0,0.0
2023-10-27,630.0,643.9500122070312,628.4500122070312,641.0499877929688,626.477783203125,10232856,0.0,0.0
2023-10-30,643.7999877929688,643.7999877929688,621.8499755859375,628.5,614.2130737304688,12786883,0.0,0.0
2023-10-31,642.0,642.0,627.2999877929688,628.6500244140625,614.3596801757812,11395766,0.0,0.0
2023-11-01,630.0,633.7999877929688,626.2999877929688,627.7000122070312,613.4312744140625,8785264,0.0,0.0
2023-11-02,632.0,638.2000122070312,630.0999755859375,636.4500122070312,621.9823608398438,9934305,0.0,0.0
2023-11-03,662.0,666.0,646.2000122070312,647.5,632.78125,23087856,0.0,0.0
2023-11-06,652.8499755859375,652.8499755859375,643.2000122070312,646.0499877929688,631.3641357421875,10801301,0.0,0.0
2023-11-07,645.0,649.9000244140625,643.2999877929688,645.0,630.3380737304688,6588073,0.0,0.0
2023-11-08,648.0,649.0499877929688,641.9000244140625,642.5499877929688,627.9437255859375,6551864,0.0,0.0
2023-11-09,644.0,653.6500244140625,642.7000122070312,649.3499755859375,634.589111328125,10155047,0.0,0.0
2023-11-10,649.3499755859375,652.9500122070312,644.0,651.0499877929688,636.25048828125,6425792,0.0,0.0
2023-11-13,653.0,654.0,649.2999877929688,653.25,638.4005126953125,3279829,0.0,0.0
2023-11-15,660.0,673.5,656.5499877929688,671.5499877929688,656.284423828125,11324434,0.0,0.0
2023-11-16,674.0,685.5,670.9000244140625,680.4000244140625,664.933349609375,17501373,0.0,0.0
2023-11-17,682.5,687.6500244140625,679.5999755859375,681.5499877929688,666.05712890625,9563220,0.0,0.0
2023-11-20,682.0,686.75,670.7000122070312,674.2999877929688,658.9719848632812,8324354,0.0,0.0
2023-11-21,677.0,683.2999877929688,675.0,681.7000122070312,666.2037353515625,7291057,0.0,0.0
2023-11-22,683.9500122070312,687.3499755859375,676.0499877929688,681.2000122070312,665.7152099609375,9279642,0.0,0.0
2023-11-23,683.2000122070312,685.9000244140625,677.0499877929688,679.9500122070312,664.4935913085938,5885370,0.0,0.0
2023-11-24,681.4000244140625,681.9500122070312,671.25,673.7000122070312,658.3856811523438,6951690,0.0,0.0
2023-11-28,677.4500122070312,699.4500122070312,674.25,697.5,681.6445922851562,16015860,0.0,0.0
2023-11-29,702.75,714.4000244140625,694.3499755859375,712.3499755859375,696.156982421875,16122864,0.0,0.0
2023-11-30,716.2999877929688,717.25,697.0,706.4000244140625,690.34228515625,24275245,0.0,0.0
2023-12-01,708.0,711.0,703.0,705.4500122070312,689.4139404296875,10565415,0.0,0.0
2023-12-04,716.0,717.0,704.7999877929688,705.5999755859375,689.5604858398438,9348036,0.0,0.0
2023-12-05,705.9000244140625,714.9000244140625,705.0,708.9500122070312,692.8343505859375,9601509,0.0,0.0
2023-12-06,709.0499877929688,724.7999877929688,709.0,722.4500122070312,706.0274658203125,12148825,0.0,0.0
2023-12-07,725.0,727.5,716.0,721.9500122070312,705.5388793945312,10451801,0.0,0.0
2023-12-08,722.0499877929688,727.5999755859375,707.5,714.5499877929688,698.3070678710938,8557203,0.0,0.0
2023-12-11,717.7999877929688,726.5,716.5499877929688,720.7999877929688,704.4149169921875,6403209,0.0,0.0
2023-12-12,724.7999877929688,724.7999877929688,713.0,715.4000244140625,699.1377563476562,6461539,0.0,0.0
2023-12-13,716.0,721.4500122070312,713.5,720.2999877929688,703.9263305664062,5807736,0.0,0.0
2023-12-14,724.0,724.7000122070312,718.5999755859375,719.75,703.3887939453125,6732352,0.0,0.0
2023-12-15,723.9000244140625,734.0,721.25,732.4000244140625,715.7512817382812,12082079,0.0,0.0
2023-12-18,732.9000244140625,734.75,728.0999755859375,730.7999877929688,714.1876220703125,5450397,0.0,0.0
2023-12-19,732.5999755859375,732.5999755859375,726.0,728.9500122070312,712.3796997070312,4511101,0.0,0.0
2023-12-20,730.9500122070312,733.0,703.0499877929688,705.25,689.2184448242188,8107602,0.0,0.0
2023-12-21,703.0,711.9000244140625,696.25,708.8499755859375,692.736572265625,7702232,0.0,0.0
2023-12-22,716.7999877929688,731.0,712.0,724.7000122070312,708.226318359375,12062238,0.0,0.0
2023-12-26,727.4000244140625,727.5,716.5999755859375,719.5499877929688,703.193359375,7229143,0.0,0.0
2023-12-27,728.0,741.8499755859375,725.1500244140625,740.9000244140625,724.0580444335938,15052800,0.0,0.0
2023-12-28,742.6500244140625,757.9500122070312,739.0499877929688,753.9000244140625,736.7625732421875,14906199,0.0,0.0
2023-12-29,755.0,802.9000244140625,754.0,779.9500122070312,762.220458984375,41170191,0.0,0.0
2024-01-01,785.0,798.7000122070312,781.0499877929688,790.5999755859375,772.6282348632812,12570717,0.0,0.0
2024-01-02,800.5,804.0,779.0,784.4000244140625,766.5692138671875,13791090,0.0,0.0
2024-01-03,786.0499877929688,790.0,776.25,781.4500122070312,763.686279296875,8559060,0.0,0.0
2024-01-04,798.0,801.7999877929688,791.2999877929688,795.75,777.6612548828125,14298444,0.0,0.0
2024-01-05,799.0,805.9000244140625,787.0999755859375,790.9500122070312,772.9703369140625,11091198,0.0,0.0
2024-01-08,798.4000244140625,800.3499755859375,787.5,789.0999755859375,771.162353515625,7668471,0.0,0.0
2024-01-09,799.9500122070312,809.2000122070312,793.1500244140625,799.7999877929688,781.619140625,12872757,0.0,0.0
2024-01-10,800.0,811.0,792.6500244140625,808.4500122070312,790.0725708007812,9980044,0.0,0.0
2024-01-11,813.5,817.5,808.4500122070312,815.6500244140625,797.10888671875,11075167,0.0,0.0
2024-01-12,818.1500244140625,818.5499877929688,809.1500244140625,816.4500122070312,797.8906860351562,7664094,0.0,0.0
2024-01-15,820.0,820.4000244140625,810.2999877929688,812.4500122070312,793.9816284179688,4835856,0.0,0.0
2024-01-16,812.4500122070312,827.0,812.4500122070312,818.8499755859375,800.236083984375,10159066,0.0,0.0
2024-01-17,811.0,813.7000122070312,804.0,805.5499877929688,787.2384033203125,7895439,0.0,0.0
2024-01-18,807.0,822.9500122070312,797.0,819.0499877929688,800.4315185546875,11500495,0.0,0.0
2024-01-19,823.8499755859375,826.0,819.5,823.5499877929688,804.8292846679688,5706888,0.0,0.0
2024-01-23,824.9000244140625,827.5999755859375,796.2999877929688,800.4500122070312,782.25439453125,9436209,0.0,0.0
2024-01-24,802.4000244140625,812.0,788.5,810.9000244140625,792.4669189453125,7217542,0.0,0.0
2024-01-25,814.0,814.1500244140625,800.2999877929688,811.8499755859375,793.395263671875,10109720,0.0,0.0
2024-01-29,811.8499755859375,843.7999877929688,811.0499877929688,841.0,821.8826293945312,12823686,0.0,0.0
2024-01-30,843.0,885.9500122070312,842.8499755859375,858.8499755859375,839.3268432617188,19734613,0.0,0.0
2024-01-31,865.2000122070312,896.5,865.2000122070312,884.2000122070312,864.1005859375,24562392,0.0,0.0
2024-02-01,900.0,900.1500244140625,876.2999877929688,878.5,858.5301513671875,14505885,0.0,0.0
2024-02-02,886.0,895.75,876.8499755859375,878.75,858.7745361328125,13003437,0.0,0.0
2024-02-05,934.0,950.0,915.3499755859376,926.7999877929688,905.7322387695312,38686871,0.0,0.0
2024-02-06,936.4000244140624,941.2999877929688,928.4000244140624,939.5499877929688,918.1923217773438,12714803,0.0,0.0
2024-02-07,944.0,944.0,928.0499877929688,933.7999877929688,912.5730590820312,7913010,0.0,0.0
2024-02-08,937.0,939.7000122070312,918.7999877929688,924.2999877929688,903.2890625,11576253,0.0,0.0
2024-02-09,926.0,927.4000244140624,906.0499877929688,915.0,894.200439453125,7904881,0.0,0.0
2024-02-12,916.0999755859376,925.0,908.0,911.5999755859376,890.8777465820312,7286778,0.0,0.0
2024-02-13,911.5999755859376,919.0999755859376,894.0,906.9000244140624,886.2846069335938,8574218,0.0,0.0
2024-02-14,900.0,919.9500122070312,894.3499755859375,918.2999877929688,897.4254760742188,6570939,0.0,0.0
2024-02-15,923.7000122070312,927.0,916.3499755859376,920.5499877929688,899.6243286132812,6430799,0.0,0.0
2024-02-16,925.0,948.7999877929688,924.0999755859376,938.5999755859376,917.2639770507812,12826164,0.0,0.0
2024-02-19,942.9500122070312,942.9500122070312,931.0499877929688,932.5999755859376,911.4003295898438,4632214,0.0,0.0
2024-02-20,934.4500122070312,934.6500244140624,920.4000244140624,926.3499755859376,905.2924194335938,4733639,0.0,0.0
2024-02-21,926.3499755859376,937.2000122070312,916.5,921.0499877929688,900.1129150390625,6011018,0.0,0.0
2024-02-22,924.6500244140624,933.8499755859376,914.5999755859376,932.2999877929688,911.107177734375,6437014,0.0,0.0
2024-02-23,933.0999755859376,939.7999877929688,929.4000244140624,937.4000244140624,916.09130859375,7047473,0.0,0.0
2024-02-26,937.0999755859376,945.0,930.7000122070312,936.9500122070312,915.6514892578124,5600234,0.0,0.0
2024-02-27,936.75,965.0,935.5,962.7000122070312,940.8162231445312,12810206,0.0,0.0
2024-02-28,966.1500244140624,976.0,950.2999877929688,958.0499877929688,936.2717895507812,15219187,0.0,0.0
2024-02-29,959.0,959.25,942.9000244140624,950.2000122070312,928.600341796875,10346657,0.0,0.0
2024-03-01,958.9500122070312,980.4000244140624,956.7000122070312,977.4000244140624,955.1820068359376,10645369,0.0,0.0
2024-03-04,993.25,995.0,980.0999755859376,987.2000122070312,964.7592163085938,6084495,0.0,0.0
2024-03-05,1027.0,1065.5999755859375,1005.3499755859376,1021.9000244140624,998.6704711914062,59811033,0.0,0.0
2024-03-06,1025.0,1030.6500244140625,1009.0,1017.6500244140624,994.5170288085938,14214823,0.0,0.0
2024-03-07,1025.0,1047.0,1014.0499877929688,1039.300048828125,1015.6748657226562,16877082,0.0,0.0
2024-03-11,1034.75,1035.949951171875,1021.0,1028.0,1004.6317749023438,7502450,0.0,0.0
2024-03-12,1027.800048828125,1037.0,1011.2999877929688,1016.5,993.3931884765624,8763820,0.0,0.0
2024-03-13,1019.0,1021.0,963.5499877929688,973.2000122070312,951.0774536132812,16564155,0.0,0.0
2024-03-14,964.9500122070312,982.0,955.4000244140624,967.75,945.7514038085938,22931801,0.0,0.0
2024-03-15,968.4000244140624,979.75,940.0,945.8499755859376,924.3491821289062,23390913,0.0,0.0
2024-03-18,945.8499755859376,974.7999877929688,936.6500244140624,972.4500122070312,950.3445434570312,12121719,0.0,0.0
2024-03-19,968.5499877929688,970.5999755859376,951.5999755859376,957.75,935.9786987304688,9483750,0.0,0.0
2024-03-20,960.9000244140624,965.1500244140624,921.2000122070312,940.4500122070312,919.0719604492188,13900321,0.0,0.0
2024-03-21,951.0,969.25,946.0,964.9000244140624,942.9661254882812,11074207,0.0,0.0
2024-03-22,964.9000244140624,986.2000122070312,950.3499755859376,979.7999877929688,957.5274047851562,13638296,0.0,0.0
2024-03-26,977.0,995.0,976.0,986.2000122070312,963.781982421875,9461531,0.0,0.0
2024-03-27,991.5999755859376,995.0,976.7000122070312,978.6500244140624,956.4036254882812,6640537,0.0,0.0
2024-03-28,982.5,999.9000244140624,979.0,992.7999877929688,970.23193359375,9862996,0.0,0.0
2024-04-01,1000.0,1009.8499755859376,987.4500122070312,992.25,969.6944580078124,8629407,0.0,0.0
2024-04-02,999.0,1008.0,993.4000244140624,1004.6500244140624,981.8126220703124,7995931,0.0,0.0
2024-04-03,1004.0,1014.4500122070312,992.5499877929688,1009.1500244140624,986.2102661132812,8040366,0.0,0.0
2024-04-04,1016.0,1017.0,998.1500244140624,1011.5999755859376,988.6045532226562,9138276,0.0,0.0
2024-04-05,1011.5999755859376,1012.5,1004.4000244140624,1007.0999755859376,984.2068481445312,4519120,0.0,0.0
2024-04-08,1010.0499877929688,1016.4000244140624,1004.0,1013.2000122070312,990.168212890625,5188052,0.0,0.0
2024-04-09,1021.0,1029.5,1005.0,1008.5,985.5750122070312,8539041,0.0,0.0
2024-04-10,1012.25,1021.0,1010.0,1013.5,990.4613647460938,4554077,0.0,0.0
2024-04-12,1014.0,1029.0,1013.5,1018.5,995.34765625,11575194,0.0,0.0
2024-04-15,998.0999755859376,1006.9500122070312,978.5,998.7999877929688,976.0955200195312,12632409,0.0,0.0
2024-04-16,990.0,1004.9000244140624,982.0999755859376,992.7999877929688,970.23193359375,9574762,0.0,0.0
2024-04-18,996.3499755859376,1003.0999755859376,966.25,971.3499755859376,949.26953125,13540490,0.0,0.0
2024-04-19,964.0,967.9500122070312,944.0,963.2000122070312,941.3047485351562,15381310,0.0,0.0
2024-04-22,978.75,978.75,966.0,973.5499877929688,951.4194946289062,7187959,0.0,0.0
2024-04-23,976.0,994.5,974.0499877929688,986.75,964.3194580078124,7994116,0.0,0.0
2024-04-24,992.4000244140624,995.9000244140624,988.0,991.6500244140624,969.1080322265624,4671450,0.0,0.0
2024-04-25,992.5,1003.2999877929688,989.5,1001.25,978.4898071289062,8366455,0.0,0.0
2024-04-26,1007.7999877929688,1008.9500122070312,996.5999755859376,999.5,976.7796630859376,7937500,0.0,0.0
2024-04-29,1003.0499877929688,1005.75,999.0,1000.5999755859376,977.8546142578124,4764750,0.0,0.0
2024-04-30,1005.0,1019.4500122070312,997.5,1007.9000244140624,984.9887084960938,9047011,0.0,0.0
2024-05-02,1020.0,1030.0,1011.5499877929688,1027.800048828125,1004.4364013671876,12695047,0.0,0.0
2024-05-03,1038.0,1040.199951171875,996.0,1013.4000244140624,990.3637084960938,11871773,0.0,0.0
2024-05-06,1015.0,1019.7999877929688,1005.0,1016.2000122070312,993.1000366210938,5724760,0.0,0.0
2024-05-07,1016.2000122070312,1017.9500122070312,982.0499877929688,988.5499877929688,966.0785522460938,8877426,0.0,0.0
2024-05-08,986.9500122070312,1015.0,977.0,1012.0999755859376,989.0932006835938,7519352,0.0,0.0
2024-05-09,1011.0,1043.199951171875,1007.2999877929688,1030.300048828125,1006.8795166015624,19189798,0.0,0.0
2024-05-10,1037.0,1050.3499755859375,1030.4000244140625,1046.6500244140625,1022.8578491210938,13383183,0.0,0.0
2024-05-13,1005.0,1008.7000122070312,947.2000122070312,959.75,937.9331665039062,58974762,0.0,0.0
2024-05-14,965.0999755859376,968.0,953.25,964.6500244140624,942.7218627929688,16325689,0.0,0.0
2024-05-15,970.9500122070312,972.9500122070312,945.0999755859376,947.2999877929688,925.7661743164062,19668239,0.0,0.0
2024-05-16,953.2000122070312,954.4000244140624,919.0,936.4000244140624,915.114013671875,31240770,0.0,0.0
2024-05-17,944.0,953.4000244140624,941.0,945.7000122070312,924.20263671875,13205512,0.0,0.0
2024-05-21,954.0,956.6500244140624,948.7000122070312,951.2999877929688,929.67529296875,10055258,0.0,0.0
2024-05-22,952.0,954.9000244140624,942.5499877929688,947.5,925.961669921875,9495279,0.0,0.0
2024-05-23,950.0,963.4500122070312,945.0499877929688,962.3499755859376,940.4740600585938,11211074,0.0,0.0
2024-05-24,962.5,970.9500122070312,958.0,960.5499877929688,938.7149658203124,9590588,0.0,0.0
2024-05-27,964.9000244140624,966.4500122070312,952.0,958.5,936.7116088867188,6916555,0.0,0.0
2024-05-28,959.0,961.9000244140624,946.0,947.5499877929688,926.0105590820312,6618946,0.0,0.0
2024-05-29,946.9500122070312,950.5,938.7999877929688,943.5999755859376,922.1502685546876,8184019,0.0,0.0
2024-05-30,943.5,951.4500122070312,921.0,923.9500122070312,902.947021484375,10170912,0.0,0.0
2024-05-31,931.6500244140624,937.25,920.0999755859376,923.0,902.0186157226562,14289102,0.0,0.0
2024-06-03,963.0,963.0,934.0,950.4500122070312,928.8446655273438,12314329,0.0,0.0
2024-06-04,948.0,948.0,855.4000244140625,903.9000244140624,883.352783203125,26554598,0.0,0.0
2024-06-05,924.9500122070312,933.75,890.0,929.9500122070312,908.8106079101562,13752553,0.0,0.0
2024-06-06,940.0,946.0,931.2000122070312,938.25,916.9219360351562,11792640,0.0,0.0
2024-06-07,940.0,973.0,935.25,970.5,948.4388427734376,15577866,0.0,0.0
2024-06-10,977.0,984.9000244140624,969.0999755859376,975.1500244140624,952.9832153320312,9258931,0.0,0.0
2024-06-11,973.7999877929688,992.5499877929688,966.6500244140624,987.0999755859376,970.6337280273438,14828702,6.0,0.0
2024-06-12,994.5,1010.25,987.0,988.7000122070312,972.20703125,17527993,0.0,0.0
2024-06-13,1002.0,1002.0,980.75,985.8499755859376,969.404541015625,12157226,0.0,0.0
2024-06-14,990.0,997.25,981.4000244140624,993.4000244140624,976.8286743164062,11591421,0.0,0.0
2024-06-18,1000.0,1003.5499877929688,984.0,985.9000244140624,969.4537353515624,9845075,0.0,0.0
2024-06-19,990.0,994.9000244140624,975.1500244140624,977.3499755859376,961.0463256835938,7605719,0.0,0.0
2024-06-20,980.0,988.4000244140624,976.3499755859376,978.25,961.931396484375,7299571,0.0,0.0
2024-06-21,979.0,980.9000244140624,958.0999755859376,961.7999877929688,945.7557373046876,14303735,0.0,0.0
2024-06-24,960.9000244140624,963.5,950.0499877929688,958.0499877929688,942.0682983398438,6655577,0.0,0.0
2024-06-25,960.0,962.8499755859376,949.2999877929688,955.0,939.0692138671876,7304128,0.0,0.0
2024-06-26,956.0,962.5,950.0999755859376,951.8499755859376,935.9717407226562,6908988,0.0,0.0
2024-06-27,952.5,974.8499755859376,948.0499877929688,972.0999755859376,955.8839721679688,19385412,0.0,0.0
2024-06-28,975.0,998.5,972.5499877929688,989.75,973.2395629882812,23025267,0.0,0.0
2024-07-01,989.75,1005.5,985.2000122070312,1002.0499877929688,985.3343505859376,14006105,0.0,0.0
2024-07-02,1004.0499877929688,1005.0,979.0999755859376,981.2999877929688,964.9304809570312,12284132,0.0,0.0
2024-07-03,984.9500122070312,987.3499755859376,973.5,975.6500244140624,959.374755859375,7346258,0.0,0.0
2024-07-04,984.0,1004.0,979.5999755859376,998.2000122070312,981.548583984375,12139832,0.0,0.0
2024-07-05,1005.0,1006.5999755859376,989.9500122070312,993.6500244140624,977.0745239257812,9050375,0.0,0.0
2024-07-08,1005.0,1016.5999755859376,996.2000122070312,1002.5999755859376,985.8751831054688,13312085,0.0,0.0
2024-07-09,1000.9500122070312,1017.0,998.0999755859376,1014.9500122070312,998.0191650390624,10948094,0.0,0.0
2024-07-10,1015.0,1019.8499755859376,986.0499877929688,1005.5,988.726806640625,13412206,0.0,0.0
2024-07-11,1008.0,1025.5,1007.0499877929688,1020.7999877929688,1003.7715454101562,11983571,0.0,0.0
2024-07-12,1023.8499755859376,1025.9000244140625,1015.0,1016.75,999.7891845703124,7339644,0.0,0.0
2024-07-15,1021.3499755859376,1029.800048828125,1017.2999877929688,1024.449951171875,1007.360595703125,5847297,0.0,0.0
2024-07-16,1025.5,1029.5999755859375,1019.2000122070312,1021.1500244140624,1004.11572265625,4824555,0.0,0.0
2024-07-18,1022.9500122070312,1027.0,1008.0,1024.550048828125,1007.4590454101562,8010324,0.0,0.0
2024-07-19,1024.0,1024.0,986.6500244140624,990.0,973.4853515625,7400178,0.0,0.0
2024-07-22,990.0,1008.0,976.5499877929688,1003.1500244140624,986.416015625,7396198,0.0,0.0
2024-07-23,1007.9000244140624,1008.6500244140624,967.2000122070312,1001.7999877929688,985.0885009765624,10384177,0.0,0.0
2024-07-24,997.7999877929688,1034.25,995.1500244140624,1027.699951171875,1010.556396484375,11469098,0.0,0.0
2024-07-25,1029.0,1094.0,1024.3499755859375,1090.949951171875,1072.7513427734375,32766835,0.0,0.0
2024-07-26,1111.949951171875,1120.5,1083.5999755859375,1118.300048828125,1099.645263671875,21232845,0.0,0.0
2024-07-29,1124.0,1139.9000244140625,1118.5999755859375,1124.0,1105.2501220703125,11850624,0.0,0.0
2024-07-30,1125.800048828125,1179.0,1118.5999755859375,1161.8499755859375,1142.4686279296875,28592304,0.0,0.0
2024-07-31,1164.0,1167.9000244140625,1145.300048828125,1156.6500244140625,1137.35546875,10860623,0.0,0.0
2024-08-01,1167.0,1176.0,1136.5,1144.4000244140625,1125.309814453125,14375948,0.0,0.0
2024-08-02,1120.0,1120.0,1090.050048828125,1096.6500244140625,1078.3563232421875,21967812,0.0,0.0
2024-08-05,1059.949951171875,1065.0,1014.0499877929688,1016.4500122070312,999.494140625,26651144,0.0,0.0
2024-08-06,1030.0,1060.6500244140625,1008.4000244140624,1013.75,996.8391723632812,16726393,0.0,0.0
2024-08-07,1036.050048828125,1040.199951171875,1015.0499877929688,1025.300048828125,1008.196533203125,9978703,0.0,0.0
2024-08-08,1034.949951171875,1056.4000244140625,1027.0,1041.75,1024.3720703125,19529790,0.0,0.0
2024-08-09,1055.0,1082.949951171875,1052.050048828125,1068.0999755859375,1050.282470703125,15443008,0.0,0.0
2024-08-12,1065.0,1079.9000244140625,1055.0,1076.1500244140625,1058.1982421875,11311050,0.0,0.0
2024-08-13,1074.8499755859375,1075.5,1048.199951171875,1053.449951171875,1035.8768310546875,7508231,0.0,0.0
2024-08-14,1057.0,1067.050048828125,1047.0,1062.3499755859375,1044.62841796875,8211830,0.0,0.0
2024-08-16,1072.0,1099.949951171875,1070.0,1098.3499755859375,1080.0279541015625,11435650,0.0,0.0
2024-08-19,1105.9000244140625,1107.0,1085.0,1087.699951171875,1069.5555419921875,6911441,0.0,0.0
2024-08-20,1097.0,1098.050048828125,1082.050048828125,1086.9000244140625,1068.76904296875,5625723,0.0,0.0
2024-08-21,1089.0,1095.300048828125,1083.300048828125,1085.199951171875,1067.09716796875,4869876,0.0,0.0
2024-08-22,1090.0,1094.75,1064.949951171875,1068.449951171875,1050.626708984375,9377476,0.0,0.0
2024-08-23,1073.0,1092.5999755859375,1071.0,1085.1500244140625,1067.0482177734375,10179655,0.0,0.0
2024-08-26,1089.0,1103.3499755859375,1082.8499755859375,1092.4000244140625,1074.1771240234375,9415039,0.0,0.0
2024-08-27,1093.050048828125,1096.6500244140625,1075.0,1077.25,1059.2799072265625,8813305,0.0,0.0
2024-08-28,1082.949951171875,1088.699951171875,1070.0999755859375,1074.550048828125,1056.625,8145376,0.0,0.0
2024-08-29,1079.050048828125,1142.0,1066.0,1121.6500244140625,1102.9393310546875,40658159,0.0,0.0
2024-08-30,1113.949951171875,1115.0,1097.449951171875,1111.3499755859375,1092.81103515625,17647545,0.0,0.0
2024-09-02,1105.0,1105.0,1087.3499755859375,1092.6500244140625,1074.423095703125,8116675,0.0,0.0
2024-09-03,1097.5999755859375,1100.0,1082.199951171875,1085.0999755859375,1066.9989013671875,5088731,0.0,0.0
2024-09-04,1079.0,1085.0,1072.0999755859375,1080.449951171875,1062.426513671875,4665908,0.0,0.0
2024-09-05,1081.0,1085.8499755859375,1066.949951171875,1069.1500244140625,1051.3150634765625,7900593,0.0,0.0
2024-09-06,1068.800048828125,1072.949951171875,1040.5,1049.3499755859375,1031.8453369140625,8717377,0.0,0.0
2024-09-09,1049.3499755859375,1049.949951171875,1026.25,1038.699951171875,1021.3728637695312,7206054,0.0,0.0
2024-09-10,1049.0,1049.0,1032.199951171875,1035.800048828125,1018.5214233398438,6919238,0.0,0.0
2024-09-11,1000.0,1011.5499877929688,971.25,976.2999877929688,960.0138549804688,36140411,0.0,0.0
2024-09-12,976.2999877929688,988.0,958.0,986.1500244140624,969.6995849609376,25675836,0.0,0.0
2024-09-13,994.9000244140624,1006.0,988.0,992.0999755859376,975.55029296875,13203676,0.0,0.0
2024-09-16,997.0,999.9000244140624,984.5,988.4000244140624,971.9120483398438,5836274,0.0,0.0
2024-09-17,995.0,995.0,960.0,974.9500122070312,958.6864624023438,44516613,0.0,0.0
2024-09-18,978.2000122070312,983.7000122070312,957.1500244140624,962.0499877929688,946.0015869140624,12044431,0.0,0.0
2024-09-19,970.4000244140624,978.9500122070312,956.3499755859376,967.0,950.8690185546876,13466770,0.0,0.0
2024-09-20,967.0,977.5,949.2000122070312,970.8499755859376,954.65478515625,16764981,0.0,0.0
2024-09-23,973.5,979.2000122070312,966.0499877929688,971.7999877929688,955.5889892578124,10254297,0.0,0.0
2024-09-24,974.0,985.0,972.5999755859376,977.2999877929688,960.9971923828124,12755422,0.0,0.0
2024-09-25,982.4000244140624,982.5,959.25,963.5999755859376,947.5257568359376,12959075,0.0,0.0
2024-09-26,970.7999877929688,994.9500122070312,965.5999755859376,993.1500244140624,976.5828247070312,21640021,0.0,0.0
2024-09-27,996.0,1000.4000244140624,989.1500244140624,993.0,976.4353637695312,10360030,0.0,0.0
2024-09-30,993.0,996.9500122070312,971.7999877929688,974.6500244140624,958.3914794921876,12225895,0.0,0.0
2024-10-01,976.9000244140624,984.5,958.9000244140624,965.2000122070312,949.0990600585938,10085203,0.0,0.0
2024-10-03,939.0,950.1500244140624,925.0,925.7000122070312,910.2579956054688,24418517,0.0,0.0
2024-10-04,930.0,949.2000122070312,920.0,930.75,915.2237548828124,19187758,0.0,0.0
2024-10-07,942.0,944.4500122070312,915.0,927.8499755859376,912.3720703125,11772546,0.0,0.0
2024-10-08,916.0,924.7999877929688,893.8499755859375,919.7999877929688,904.4563598632812,21177886,0.0,0.0
2024-10-09,926.7999877929688,948.4500122070312,925.5,939.1500244140624,923.483642578125,11557737,0.0,0.0
2024-10-10,933.75,943.5999755859376,912.3499755859376,928.5,913.0112915039062,13249851,0.0,0.0
2024-10-11,932.0,937.0,928.5,930.7000122070312,915.1746215820312,4459529,0.0,0.0
2024-10-14,930.0,940.0,925.3499755859376,928.25,912.7654418945312,5740649,0.0,0.0
2024-10-15,932.9500122070312,935.3499755859376,913.0,917.2999877929688,901.998046875,9058919,0.0,0.0
2024-10-16,917.0499877929688,923.0,900.0,907.4500122070312,892.3124389648438,10298258,0.0,0.0
2024-10-17,914.9500122070312,914.9500122070312,890.0499877929688,891.5999755859375,876.726806640625,13864583,0.0,0.0
2024-10-18,894.2999877929688,917.7000122070312,886.7999877929688,910.1500244140624,894.9674072265625,11527914,0.0,0.0
2024-10-21,912.0499877929688,917.6500244140624,898.0999755859375,903.2999877929688,888.2316284179688,7390557,0.0,0.0
2024-10-22,905.0,906.0999755859376,875.25,879.5,864.8286743164062,13617490,0.0,0.0
2024-10-23,879.0,885.5999755859375,863.2999877929688,877.6500244140625,863.009521484375,10553771,0.0,0.0
2024-10-24,875.25,890.0,875.25,880.0,865.3203125,7233484,0.0,0.0
2024-10-25,883.9000244140625,885.75,857.2999877929688,864.2999877929688,849.8822021484375,10873022,0.0,0.0
2024-10-28,867.8499755859375,886.75,860.2000122070312,878.4500122070312,863.796142578125,7106045,0.0,0.0
2024-10-29,880.25,882.5,825.7000122070312,842.75,828.691650390625,26818871,0.0,0.0
2024-10-30,846.0,853.5999755859375,838.0499877929688,840.2000122070312,826.1842651367188,12933218,0.0,0.0
2024-10-31,843.8499755859375,843.8499755859375,831.8499755859375,834.0499877929688,820.1368408203125,11904413,0.0,0.0
2024-11-01,847.9500122070312,847.9500122070312,840.0,843.4500122070312,829.3800659179688,2900548,0.0,0.0
2024-11-04,840.0,844.4500122070312,814.5,824.0999755859375,810.352783203125,15514419,0.0,0.0
2024-11-05,821.5,843.5999755859375,820.4000244140625,835.6500244140625,821.7101440429688,10215249,0.0,0.0
2024-11-06,843.9000244140625,843.9000244140625,826.0,839.7000122070312,825.6925659179688,10579596,0.0,0.0
2024-11-07,841.0,842.75,817.2999877929688,819.75,806.0753784179688,13237161,0.0,0.0
2024-11-08,821.9500122070312,822.0,801.0999755859375,805.4500122070312,792.013916015625,16072692,0.0,0.0
2024-11-11,801.0,831.4500122070312,792.0,804.7000122070312,791.2764892578125,27587619,0.0,0.0
2024-11-12,806.0,813.0999755859375,783.0499877929688,784.8499755859375,771.7575073242188,16526921,0.0,0.0
2024-11-13,787.0,792.6500244140625,775.5499877929688,786.25,773.1342163085938,14674022,0.0,0.0
2024-11-14,786.5999755859375,792.0,772.0,774.2999877929688,761.383544921875,11740909,0.0,0.0
2024-11-18,778.0,781.75,759.2000122070312,771.9000244140625,759.0236206054688,17053446,0.0,0.0
2024-11-19,771.9000244140625,799.9000244140625,771.9000244140625,783.2000122070312,770.1351318359375,14012014,0.0,0.0
2024-11-21,784.9500122070312,785.9500122070312,766.25,773.8499755859375,760.9409790039062,14194678,0.0,0.0
2024-11-22,775.0,794.0,775.0,791.0,777.804931640625,14535112,0.0,0.0
2024-11-25,808.0499877929688,810.2000122070312,793.6500244140625,796.5999755859375,783.3115234375,15194167,0.0,0.0
2024-11-26,797.1500244140625,801.7999877929688,780.1500244140625,783.0,769.9384765625,10310838,0.0,0.0
2024-11-27,785.0499877929688,791.9000244140625,779.0999755859375,783.9500122070312,770.8726196289062,10014685,0.0,0.0
2024-11-28,783.0,792.5499877929688,778.0,779.4500122070312,766.4476318359375,10939142,0.0,0.0
2024-11-29,779.5,789.4000244140625,777.0499877929688,786.4500122070312,773.3308715820312,10358590,0.0,0.0
2024-12-02,787.2999877929688,796.75,785.0,790.0499877929688,776.8707885742188,8425826,0.0,0.0
2024-12-03,795.0,806.0,790.0,801.25,787.884033203125,9874135,0.0,0.0
2024-12-04,805.0,806.0,784.0499877929688,788.0999755859375,774.9533081054688,12392259,0.0,0.0
2024-12-05,793.0,797.5,781.0,792.5499877929688,779.3291015625,12169428,0.0,0.0
2024-12-06,793.0,818.8499755859375,785.2999877929688,816.7999877929688,803.174560546875,19716910,0.0,0.0
2024-12-09,816.7999877929688,820.3499755859375,797.0,798.75,785.4257202148438,15573233,0.0,0.0
2024-12-10,804.7999877929688,810.4500122070312,797.4500122070312,799.9000244140625,786.5565185546875,13113082,0.0,0.0
2024-12-11,802.9000244140625,806.9500122070312,798.2000122070312,799.0999755859375,785.7698364257812,7763357,0.0,0.0
2024-12-12,799.2000122070312,802.0,785.5,786.3499755859375,773.2325439453125,10602758,0.0,0.0
2024-12-13,789.0,792.5,775.0,790.2999877929688,777.1166381835938,14101869,0.0,0.0
2024-12-16,791.4000244140625,793.9500122070312,783.0,784.7999877929688,771.7083740234375,10015361,0.0,0.0
2024-12-17,785.5,796.3499755859375,778.0,779.75,766.7426147460938,10270253,0.0,0.0
2024-12-18,774.0,774.25,754.0,755.7000122070312,743.0938110351562,19085263,0.0,0.0
2024-12-19,744.4500122070312,755.7999877929688,741.4000244140625,744.0499877929688,731.63818359375,17119599,0.0,0.0
2024-12-20,744.2999877929688,749.5499877929688,721.5,724.0499877929688,711.9718017578125,17962656,0.0,0.0
2024-12-23,733.7000122070312,734.4000244140625,717.7000122070312,722.2000122070312,710.1526489257812,9653868,0.0,0.0
2024-12-24,723.5,745.2999877929688,722.5,736.0999755859375,723.8207397460938,12553555,0.0,0.0
2024-12-26,736.0999755859375,747.7999877929688,735.5499877929688,740.7999877929688,728.4423217773438,9343210,0.0,0.0
2024-12-27,749.0,766.8499755859375,745.7000122070312,750.5,737.9805908203125,15835079,0.0,0.0
2024-12-30,753.9000244140625,754.9000244140625,730.7000122070312,733.6500244140625,721.4116821289062,17441198,0.0,0.0
2024-12-31,733.6500244140625,743.4000244140625,732.75,740.1500244140625,727.80322265625,7092699,0.0,0.0
2025-01-01,740.4500122070312,751.0999755859375,736.0,749.25,736.7514038085938,7792251,0.0,0.0
2025-01-02,759.2999877929688,767.3499755859375,749.3499755859375,765.0499877929688,752.287841796875,15294572,0.0,0.0
2025-01-03,768.0,800.5999755859375,761.4500122070312,790.4000244140625,777.2150268554688,24773025,0.0,0.0
2025-01-06,797.7000122070312,797.7000122070312,765.2999877929688,776.25,763.301025390625,16948151,0.0,0.0
2025-01-07,776.0,796.9500122070312,772.5,793.25,780.0174560546875,15547971,0.0,0.0
2025-01-08,792.5999755859375,797.0,781.6500244140625,794.9500122070312,781.6890869140625,11861066,0.0,0.0
2025-01-09,800.0,810.0,769.4500122070312,780.0999755859375,767.0867919921875,17948464,0.0,0.0
2025-01-10,780.0499877929688,787.9500122070312,766.7999877929688,774.6500244140625,761.7277221679688,11144005,0.0,0.0
2025-01-13,769.0,773.5499877929688,748.7999877929688,751.0,738.4722290039062,12230175,0.0,0.0
2025-01-14,751.5,779.0,751.5,770.5,757.6469116210938,11377053,0.0,0.0
2025-01-15,771.0,785.0,756.0499877929688,763.5999755859375,750.8619995117188,10500910,0.0,0.0
2025-01-16,769.9000244140625,781.0,767.3499755859375,774.3499755859375,761.4327392578125,8680163,0.0,0.0
2025-01-17,773.9000244140625,785.5,772.25,779.75,766.7426147460938,7007239,0.0,0.0
2025-01-20,780.0,783.0,767.0,774.3499755859375,761.4327392578125,9956101,0.0,0.0
2025-01-21,775.0,786.6500244140625,758.4000244140625,760.75,748.0595703125,11657178,0.0,0.0
2025-01-22,764.1500244140625,765.4500122070312,731.0,742.75,730.35986328125,12418474,0.0,0.0
2025-01-23,742.75,759.7000122070312,739.7999877929688,752.5,739.9472045898438,7916689,0.0,0.0
2025-01-24,750.0499877929688,754.1500244140625,732.2000122070312,734.0999755859375,721.8541259765625,9513166,0.0,0.0
2025-01-27,732.9500122070312,732.9500122070312,709.2999877929688,713.0499877929688,701.1552734375,14123990,0.0,0.0
2025-01-28,716.5,740.8499755859375,707.5,728.25,716.1017456054688,16104653,0.0,0.0
2025-01-29,731.5,755.0,726.5499877929688,752.5,739.9472045898438,12461404,0.0,0.0
2025-01-30,709.0,710.7000122070312,683.2000122070312,696.8499755859375,685.2255249023438,59390998,0.0,0.0
2025-01-31,706.0,717.0,696.4500122070312,716.0999755859375,704.1543579101562,19157717,0.0,0.0
2025-02-01,719.5,724.75,700.9000244140625,706.5499877929688,694.7637329101562,14087493,0.0,0.0
2025-02-03,700.0,700.0,686.0,687.4500122070312,675.9823608398438,17806760,0.0,0.0
2025-02-04,696.2999877929688,713.3499755859375,693.75,710.5499877929688,698.6969604492188,16792005,0.0,0.0
2025-02-05,711.0,725.4500122070312,710.7000122070312,717.0499877929688,705.0885009765625,12907325,0.0,0.0
2025-02-06,723.0,723.4000244140625,708.1500244140625,709.6500244140625,697.81201171875,10016927,0.0,0.0
2025-02-07,711.0,715.9500122070312,703.0999755859375,706.75,694.9603881835938,12259132,0.0,0.0
2025-02-10,709.75,709.9000244140625,693.0499877929688,696.0,684.3897094726562,10981963,0.0,0.0
2025-02-11,696.0,697.0,675.0999755859375,677.75,666.444091796875,11939990,0.0,0.0
2025-02-12,680.0,687.5499877929688,667.0499877929688,684.3499755859375,672.9340209960938,12312424,0.0,0.0
2025-02-13,684.3499755859375,693.1500244140625,679.3499755859375,683.8499755859375,672.4423217773438,8490769,0.0,0.0
2025-02-14,685.9500122070312,690.9500122070312,669.1500244140625,680.6500244140625,669.2957763671875,9968127,0.0,0.0
2025-02-17,678.0,690.7000122070312,667.0499877929688,686.5999755859375,675.146484375,10313575,0.0,0.0
2025-02-18,686.5999755859375,687.9500122070312,672.1500244140625,682.4000244140625,671.0166015625,7810143,0.0,0.0
2025-02-19,681.75,690.9500122070312,675.0499877929688,681.0,669.639892578125,9986815,0.0,0.0
2025-02-20,680.0,692.8499755859375,675.0,689.7999877929688,678.2930908203125,8673335,0.0,0.0
2025-02-21,686.0,690.0,671.0999755859375,673.2000122070312,661.9700927734375,14577524,0.0,0.0
2025-02-24,670.0,676.5999755859375,666.0,668.25,657.1026000976562,8861769,0.0,0.0
2025-02-25,667.75,672.5,660.0,661.5999755859375,650.5635375976562,10251257,0.0,0.0
2025-02-27,662.0,665.0,645.6500244140625,648.5499877929688,637.7312622070312,12281857,0.0,0.0
2025-02-28,645.0,645.0,618.4500122070312,620.6500244140625,610.2966918945312,20477619,0.0,0.0
2025-03-03,620.6500244140625,626.8499755859375,606.2999877929688,621.1500244140625,610.788330078125,18362700,0.0,0.0
2025-03-04,613.4500122070312,629.1500244140625,613.0,619.2000122070312,608.870849609375,11878225,0.0,0.0
2025-03-05,619.0,641.5999755859375,618.5999755859375,640.7999877929688,630.1105346679688,12373061,0.0,0.0
2025-03-06,653.25,655.9500122070312,635.5999755859375,639.6500244140625,628.979736328125,16991501,0.0,0.0
2025-03-07,640.0,651.5,635.0,648.2999877929688,637.4854125976562,10123450,0.0,0.0
2025-03-10,648.2999877929688,654.25,643.3499755859375,648.1500244140625,637.337890625,10309166,0.0,0.0
2025-03-11,640.0,651.1500244140625,638.4500122070312,648.0499877929688,637.2395629882812,9534750,0.0,0.0
2025-03-12,654.5,671.9000244140625,652.25,668.2999877929688,657.1517333984375,18732785,0.0,0.0
2025-03-13,670.6500244140625,671.8499755859375,649.5999755859375,655.5,644.5653076171875,14004345,0.0,0.0
2025-03-17,665.0499877929688,666.4500122070312,657.4500122070312,661.0499877929688,650.022705078125,9174398,0.0,0.0
2025-03-18,661.0499877929688,661.0499877929688,661.0499877929688,661.0499877929688,650.022705078125,0,0.0,0.0
2025-03-19,685.4000244140625,685.75,678.5499877929688,682.25,670.8690795898438,9338414,0.0,0.0
2025-03-20,685.0,692.7000122070312,679.0,690.0499877929688,678.5389404296875,9712600,0.0,0.0
2025-03-21,693.0,705.0,688.5499877929688,702.9500122070312,691.2238159179688,14823483,0.0,0.0
2025-03-24,710.0,717.5,702.0499877929688,713.5,701.5977783203125,11671359,0.0,0.0
2025-03-25,719.0,723.0499877929688,706.3499755859375,710.2999877929688,698.4511108398438,13617465,0.0,0.0
2025-03-26,710.2999877929688,717.8499755859375,707.0,708.25,696.4353637695312,9363180,0.0,0.0
2025-03-27,668.0,676.5999755859375,661.0999755859375,668.5499877929688,657.3975830078125,34238666,0.0,0.0
2025-03-28,671.8499755859375,684.9500122070312,669.2999877929688,674.4500122070312,663.19921875,16013687,0.0,0.0
2025-04-01,670.5499877929688,681.8499755859375,665.75,671.8499755859375,660.6425170898438,9594669,0.0,0.0
2025-04-02,674.9500122070312,675.3499755859375,662.0999755859375,671.9000244140625,660.6917114257812,8025225,0.0,0.0
2025-04-03,660.0,669.0,652.5,653.9500122070312,643.0411376953125,13473832,0.0,0.0
2025-04-04,650.0,650.0,610.0,613.8499755859375,603.6100463867188,26621179,0.0,0.0
2025-04-07,560.5,582.0,535.75,579.75,570.0789184570312,49463598,0.0,0.0
2025-04-08,591.2000122070312,606.5999755859375,584.2000122070312,588.8499755859375,579.027099609375,20987855,0.0,0.0
2025-04-09,588.0,594.9000244140625,581.0499877929688,582.9000244140625,573.1764526367188,17483412,0.0,0.0
2025-04-11,610.0,612.7999877929688,591.0,595.0499877929688,585.1237182617188,21055814,0.0,0.0
2025-04-15,614.0,628.2999877929688,612.6500244140625,622.2000122070312,611.82080078125,19722072,0.0,0.0
2025-04-16,625.0,625.0,613.5999755859375,616.0499877929688,605.7733764648438,12318376,0.0,0.0
2025-04-17,616.0499877929688,627.0,608.25,621.5499877929688,611.181640625,14342652,0.0,0.0
2025-04-21,624.5999755859375,635.75,620.2000122070312,630.0499877929688,619.539794921875,12785568,0.0,0.0
2025-04-22,630.25,633.9500122070312,626.2000122070312,630.8499755859375,620.3264770507812,10292748,0.0,0.0
2025-04-23,635.9500122070312,661.5,633.3499755859375,659.9000244140625,648.8919067382812,23390570,0.0,0.0
2025-04-24,660.0999755859375,671.0,660.0999755859375,668.3499755859375,657.200927734375,15172229,0.0,0.0
2025-04-25,668.3499755859375,673.0,651.5,655.25,644.3194580078125,13207043,0.0,0.0
2025-04-28,654.2999877929688,669.5999755859375,652.5499877929688,668.1500244140625,657.0042724609375,10243493,0.0,0.0
2025-04-29,671.4500122070312,682.9000244140625,661.5999755859375,665.5999755859375,654.4967651367188,13754685,0.0,0.0
2025-04-30,667.0,667.0,641.0999755859375,644.25,633.5029907226562,19485917,0.0,0.0
2025-05-02,641.0,661.3499755859375,635.5499877929688,649.0999755859375,638.2720336914062,11488717,0.0,0.0
2025-05-05,662.9500122070312,666.6500244140625,655.8499755859375,661.5499877929688,650.514404296875,8868484,0.0,0.0
2025-05-06,661.5499877929688,663.2000122070312,645.5,648.2000122070312,637.3870849609375,12718175,0.0,0.0
2025-05-07,642.0,682.5,641.1500244140625,680.2999877929688,668.9515991210938,30390515,0.0,0.0
2025-05-08,700.0,704.5,677.2000122070312,682.8499755859375,671.4590454101562,29315465,0.0,0.0
2025-05-09,667.5,711.0,666.0,708.5,696.6812133789062,40183276,0.0,0.0
2025-05-12,728.0,732.0,711.2000122070312,720.7999877929688,708.7760009765625,20133616,0.0,0.0
2025-05-13,720.7999877929688,726.0,703.25,707.7000122070312,695.89453125,16125700,0.0,0.0
2025-05-14,690.0,708.0,686.0,698.9500122070312,687.2904663085938,31505402,0.0,0.0
2025-05-15,698.75,729.7999877929688,696.1500244140625,728.0999755859375,715.9542236328125,28634074,0.0,0.0
2025-05-16,730.0,742.0,725.5499877929688,730.7000122070312,718.5108642578125,20631512,0.0,0.0
2025-05-19,732.0,738.0999755859375,728.0,729.5,717.3308715820312,10460217,0.0,0.0
2025-05-20,730.0,737.75,717.0,718.9000244140625,706.90771484375,14472506,0.0,0.0
2025-05-21,719.0,729.5,718.0,726.7999877929688,714.6759033203125,8998596,0.0,0.0
2025-05-22,725.0,725.0,710.6500244140625,717.4500122070312,705.48193359375,10046820,0.0,0.0
2025-05-23,718.75,721.7999877929688,715.0,718.25,706.2685546875,7915166,0.0,0.0
2025-05-26,722.0,738.0,721.2000122070312,729.0,716.8391723632812,13017400,0.0,0.0
2025-05-27,729.0,729.3499755859375,715.2000122070312,716.4500122070312,704.4985961914062,12223125,0.0,0.0
2025-05-28,720.0,722.0,716.2000122070312,717.9500122070312,705.9735717773438,7568961,0.0,0.0
2025-05-29,724.5,728.7000122070312,720.0,724.4500122070312,712.3651123046875,8838921,0.0,0.0
2025-05-30,724.4500122070312,728.5499877929688,712.5,719.5,707.4976806640625,14533919,0.0,0.0
2025-06-02,717.0,719.0,707.4000244140625,711.5999755859375,699.7294921875,9712446,0.0,0.0
2025-06-03,715.0,718.3499755859375,702.2999877929688,703.8499755859375,692.1087036132812,9161608,0.0,0.0
2025-06-04,701.7999877929688,715.4500122070312,698.4000244140625,709.1500244140625,703.3157958984375,11287991,6.0,0.0
2025-06-05,712.7999877929688,714.4500122070312,704.0,710.1500244140625,704.3075561523438,10203331,0.0,0.0
2025-06-06,710.0,715.9000244140625,701.2000122070312,711.0,705.1505737304688,11975812,0.0,0.0
2025-06-09,715.0,726.0,713.0999755859375,717.7999877929688,711.8945922851562,9900412,0.0,0.0
2025-06-10,721.0,734.75,715.3499755859375,732.25,726.2257690429688,19151889,0.0,0.0
2025-06-11,734.9500122070312,744.0,730.1500244140625,736.4000244140625,730.3416137695312,12626754,0.0,0.0
2025-06-12,737.0,737.7000122070312,711.25,715.3499755859375,709.4647827148438,12585149,0.0,0.0
2025-06-13,700.0,714.9500122070312,698.2999877929688,712.0499877929688,706.19189453125,10516625,0.0,0.0
2025-06-16,711.0,714.0,672.9500122070312,686.6500244140625,681.0009155273438,31246328,0.0,0.0
2025-06-17,686.0999755859375,686.1500244140625,672.0,674.75,669.1987915039062,17112867,0.0,0.0
2025-06-18,671.8499755859375,679.3499755859375,668.0,670.25,664.73583984375,12556088,0.0,0.0
2025-06-19,670.25,676.2999877929688,666.6500244140625,672.2999877929688,666.7689208984375,10895470,0.0,0.0
2025-06-20,673.4000244140625,678.7999877929688,670.0999755859375,676.2000122070312,670.6369018554688,11393470,0.0,0.0
2025-06-23,670.0,676.0,666.0999755859375,671.25,665.7276000976562,10265601,0.0,0.0
2025-06-24,678.0,686.5,672.0,673.6500244140625,668.1078491210938,15359947,0.0,0.0
2025-06-25,676.0,679.0,673.4500122070312,674.5,668.9508666992188,10456015,0.0,0.0
2025-06-26,677.0,683.7000122070312,674.4500122070312,682.75,677.1329956054688,10104914,0.0,0.0
2025-06-27,685.0,691.4500122070312,683.0,686.9000244140625,681.2488403320312,7198028,0.0,0.0
2025-06-30,688.9000244140625,691.9000244140625,685.0,688.0,682.3397827148438,6960104,0.0,0.0
2025-07-01,691.0999755859375,693.8499755859375,680.4000244140625,683.7999877929688,678.17431640625,6866073,0.0,0.0
2025-07-02,683.7999877929688,692.4500122070312,680.6500244140625,688.5499877929688,682.88525390625,8034013,0.0,0.0
2025-07-03,693.8499755859375,696.9500122070312,688.5,690.4000244140625,684.7200927734375,9668110,0.0,0.0
2025-07-04,691.0,692.8499755859375,686.3499755859375,689.0499877929688,683.3811645507812,4942900,0.0,0.0
2025-07-07,689.0499877929688,691.9500122070312,683.3499755859375,688.8499755859375,683.1828002929688,5428220,0.0,0.0
2025-07-08,693.0,696.9500122070312,687.5,693.2000122070312,687.4970092773438,7615926,0.0,0.0
2025-07-09,688.9500122070312,695.5,688.5,692.7999877929688,687.1002807617188,5478813,0.0,0.0
2025-07-10,692.0,696.75,685.0,695.5999755859375,689.8772583007812,7733963,0.0,0.0
2025-07-11,692.9500122070312,698.4000244140625,677.0499877929688,681.7999877929688,676.1907958984375,8280654,0.0,0.0
2025-07-14,681.0,681.0,672.0,674.5,668.9508666992188,7748550,0.0,0.0
2025-07-15,676.0,685.9500122070312,674.2999877929688,684.4000244140625,678.7694091796875,7041706,0.0,0.0
2025-07-16,684.4000244140625,684.4000244140625,676.3499755859375,679.0,673.413818359375,6244205,0.0,0.0
2025-07-17,679.0,686.9000244140625,678.1500244140625,681.7000122070312,676.0916137695312,6598144,0.0,0.0
2025-07-18,683.2000122070312,686.0,678.0,680.25,674.653564453125,5558670,0.0,0.0
2025-07-21,680.5,688.5,671.25,687.4500122070312,681.7943115234375,6731863,0.0,0.0
2025-07-22,688.0,688.8499755859375,672.3499755859375,673.4000244140625,667.8599243164062,7749518,0.0,0.0
2025-07-23,676.7000122070312,693.0999755859375,676.25,690.0999755859375,684.4224853515625,14460727,0.0,0.0
2025-07-24,692.7000122070312,706.5,692.2999877929688,700.5,694.7369384765625,15197664,0.0,0.0
2025-07-25,701.0,702.4500122070312,684.7000122070312,687.4000244140625,681.7447509765625,7271718,0.0,0.0
2025-07-28,690.7000122070312,700.5,681.4000244140625,682.9000244140625,677.2817993164062,7788718,0.0,0.0
2025-07-29,681.9000244140625,694.0,680.5999755859375,692.3499755859375,686.6539916992188,6239871,0.0,0.0
2025-07-30,690.0,690.0,665.25,668.4500122070312,662.9506225585938,18923129,0.0,0.0
2025-07-31,659.8499755859375,673.4000244140625,652.3499755859375,665.9500122070312,660.47119140625,18723710,0.0,0.0
2025-08-01,667.9500122070312,667.9500122070312,647.0,648.8499755859375,643.5118408203125,12546169,0.0,0.0
2025-08-04,650.0499877929688,656.7999877929688,646.0,653.5999755859375,648.2227783203125,8033881,0.0,0.0
2025-08-05,655.9500122070312,658.9000244140625,650.5499877929688,654.5999755859375,649.2145385742188,6714804,0.0,0.0
2025-08-06,655.0,658.0,650.4000244140625,652.8499755859375,647.4789428710938,6410830,0.0,0.0
2025-08-07,650.0,651.7000122070312,635.5,646.5,641.1812133789062,13609913,0.0,0.0
2025-08-08,647.9500122070312,652.9500122070312,630.0,633.7000122070312,628.4865112304688,10144452,0.0,0.0
2025-08-11,636.2000122070312,655.0,627.0999755859375,653.75,648.37158203125,17275390,0.0,0.0
2025-08-12,651.0999755859375,660.9500122070312,650.7999877929688,654.0999755859375,648.7186889648438,11212223,0.0,0.0
2025-08-13,657.2000122070312,667.0,656.6500244140625,663.75,658.289306640625,7557556,0.0,0.0
2025-08-14,666.0,666.5499877929688,657.7000122070312,664.5999755859375,659.1322631835938,6250494,0.0,0.0
2025-08-18,677.0,685.0,672.9000244140625,676.0,670.4385375976562,14226172,0.0,0.0
2025-08-19,676.75,703.3499755859375,673.0999755859375,700.25,694.489013671875,19440384,0.0,0.0
2025-08-20,700.25,700.7999877929688,689.0,689.5999755859375,683.9265747070312,10050137,0.0,0.0
2025-08-21,694.0,694.9500122070312,685.0,685.4000244140625,679.76123046875,8432614,0.0,0.0
2025-08-22,685.9000244140625,691.5,678.5999755859375,680.2999877929688,674.703125,6429718,0.0,0.0
2025-08-25,683.75,688.9000244140625,680.2999877929688,686.7999877929688,681.149658203125,6429311,0.0,0.0
2025-08-26,686.7999877929688,686.9500122070312,678.2999877929688,681.6500244140625,676.0420532226562,7496633,0.0,0.0
2025-08-28,679.9000244140625,680.9000244140625,667.7999877929688,675.4500122070312,669.89306640625,9466045,0.0,0.0
2025-08-29,675.4500122070312,681.1500244140625,668.0,669.0,663.49609375,8201917,0.0,0.0
2025-09-01,671.2999877929688,691.5,670.5499877929688,690.1500244140625,684.4721069335938,7644947,0.0,0.0
2025-09-02,690.1500244140625,694.6500244140625,681.6500244140625,684.4000244140625,678.7694091796875,7854694,0.0,0.0
2025-09-03,688.0,693.4500122070312,685.0,692.0499877929688,686.3564453125,6094892,0.0,0.0
2025-09-04,705.9000244140625,706.3499755859375,685.7000122070312,687.5,681.8439331054688,13439418,0.0,0.0
2025-09-05,690.9000244140625,697.3499755859375,683.0999755859375,691.7000122070312,686.0093383789062,6692975,0.0,0.0
2025-09-08,695.0,722.0,694.0499877929688,719.5,713.5806274414062,20531027,0.0,0.0
2025-09-09,721.1500244140625,722.25,713.5,715.5499877929688,709.6631469726562,9409853,0.0,0.0
2025-09-10,717.6500244140625,720.0,702.7000122070312,709.0999755859375,703.2661743164062,10363493,0.0,0.0
2025-09-11,710.2000122070312,712.0,704.5499877929688,705.8499755859375,700.0429077148438,5530633,0.0,0.0
2025-09-12,708.0,718.9000244140625,707.3499755859375,715.25,709.3656005859375,8252416,0.0,0.0
2025-09-15,715.2999877929688,721.9500122070312,711.5499877929688,712.9000244140625,707.0349731445312,6007524,0.0,0.0
2025-09-16,715.0,719.7000122070312,705.0,713.25,707.382080078125,9765743,0.0,0.0
2025-09-17,715.0,722.9500122070312,714.2999877929688,719.1500244140625,713.2335205078125,11872451,0.0,0.0
2025-09-18,722.0,725.25,707.5999755859375,711.2000122070312,705.3489379882812,12199357,0.0,0.0
2025-09-19,713.5,713.5,704.9500122070312,707.4500122070312,701.6297607421875,12127319,0.0,0.0
2025-09-22,709.0,712.0,694.8499755859375,696.25,690.5219116210938,9688597,0.0,0.0
2025-09-23,701.7999877929688,707.7999877929688,697.0,701.3499755859375,695.5799560546875,11904667,0.0,0.0
2025-09-24,700.5,703.2999877929688,681.2999877929688,682.9500122070312,677.3313598632812,13252215,0.0,0.0
2025-09-25,669.9000244140625,675.0,655.2999877929688,664.2999877929688,658.8347778320312,24687611,0.0,0.0
2025-09-26,666.0,680.3499755859375,662.3499755859375,672.9000244140625,667.364013671875,15780434,0.0,0.0
2025-09-29,684.0,685.0,670.0,672.5,666.96728515625,13014474,0.0,0.0
2025-09-30,672.0,683.5,666.6500244140625,680.2000122070312,674.6039428710938,15001606,0.0,0.0
2025-10-01,681.0,720.0,679.2000122070312,718.3499755859375,712.4400634765625,30163206,0.0,0.0
2025-10-03,718.5,739.7000122070312,715.0,716.0999755859375,710.2085571289062,27786917,0.0,0.0
2025-10-06,718.0,718.5,703.9500122070312,712.6500244140625,706.7869873046875,10333314,0.0,0.0
2025-10-07,712.6500244140625,712.9000244140625,697.1500244140625,698.0499877929688,692.3070678710938,13099357,0.0,0.0
2025-10-08,694.9000244140625,702.0,679.0,681.5499877929688,675.94287109375,16568975,0.0,0.0
2025-10-09,684.5999755859375,685.0,668.7999877929688,681.0999755859375,675.4965209960938,16202851,0.0,0.0
2025-10-10,684.7999877929688,688.5999755859375,666.9000244140625,678.9500122070312,673.3642578125,16069904,0.0,0.0
2025-10-13,679.0,679.4000244140625,658.0999755859375,660.75,655.31396484375,33288645,0.0,0.0
2025-10-14,400.0,421.5499877929688,376.2999877929688,395.4500122070313,392.1966247558594,52267874,0.0,0.0
2025-10-15,403.0,403.0,388.0,390.8500061035156,387.6344604492188,26953559,0.0,0.0
2025-10-16,395.4500122070313,400.4500122070313,389.5499877929688,396.7999877929688,393.5354919433594,21983752,0.0,0.0
2025-10-17,396.7999877929688,402.5,392.25,396.6000061035156,393.337158203125,16564547,0.0,0.0
2025-10-20,400.0499877929688,403.3999938964844,396.6000061035156,399.75,396.4612426757813,10471672,0.0,0.0
2025-10-21,402.7999877929688,403.3999938964844,400.0499877929688,401.8500061035156,398.5439758300781,3449156,0.0,0.0
2025-10-23,407.5,408.8999938964844,403.6000061035156,405.8500061035156,402.5110473632813,14126009,0.0,0.0
2025-10-24,406.9500122070313,408.5,401.0,403.2999877929688,399.9820251464844,6311744,0.0,0.0
2025-10-27,404.0,411.3999938964844,403.6499938964844,410.0499877929688,406.6764831542969,10699376,0.0,0.0
2025-10-28,411.2999877929688,414.1499938964844,408.5499877929688,411.5,408.1145629882813,10332279,0.0,0.0
2025-10-29,412.5,415.0,407.0499877929688,411.3500061035156,407.9658203125,8485023,0.0,0.0
2025-10-30,412.7000122070313,419.0,408.1000061035156,412.4500122070313,409.0567626953125,8783965,0.0,0.0
2025-10-31,414.0499877929688,417.5,409.0499877929688,410.0,406.6269226074219,8012169,0.0,0.0
2025-11-03,414.0,417.8500061035156,410.1000061035156,417.0,413.5693054199219,8952229,0.0,0.0
2025-11-04,417.3999938964844,417.5,405.1000061035156,406.5,403.15570068359375,8889004,0.0,0.0
2025-11-06,407.1499938964844,409.7000122070313,405.3999938964844,407.8500061035156,404.4945983886719,6862359,0.0,0.0
2025-11-07,406.7000122070313,407.2000122070313,401.4500122070313,405.7000122070313,402.3623046875,6930046,0.0,0.0
2025-11-10,406.0,412.9500122070313,406.0,410.4500122070313,407.0732116699219,7913640,0.0,0.0
2025-11-11,412.5499877929688,413.7000122070313,402.6499938964844,407.6000061035156,404.2466735839844,8120946,0.0,0.0
2025-11-12,407.6000061035156,411.3999938964844,401.8999938964844,402.1499938964844,398.8414916992188,12940220,0.0,0.0
2025-11-13,404.0,404.0,397.3999938964844,397.9500122070313,394.6760559082031,13165727,0.0,0.0
2025-11-14,397.9500122070313,399.6000061035156,387.2999877929688,391.2000122070313,387.9815979003906,21834856,0.0,0.0
2025-11-17,380.0,380.0,363.0,372.7000122070313,369.6337890625,32393346,0.0,0.0
2025-11-18,373.1000061035156,374.0,369.1499938964844,371.2999877929688,368.2452697753906,17484757,0.0,0.0
2025-11-19,371.2000122070313,371.25,360.3500061035156,360.8500061035156,357.8812866210937,17854517,0.0,0.0
2025-11-20,362.0,364.3999938964844,359.25,359.79998779296875,356.83990478515625,15999034,0.0,0.0
2025-11-21,359.0,364.25,358.0,362.25,359.2697448730469,10829322,0.0,0.0
2025-11-24,362.5,362.8500061035156,356.79998779296875,358.29998779296875,355.35223388671875,12671925,0.0,0.0
2025-11-25,358.0,358.1000061035156,352.0,352.45001220703125,349.5503845214844,12577566,0.0,0.0
2025-11-26,354.45001220703125,362.8500061035156,354.29998779296875,359.25,356.29443359375,13130211,0.0,0.0
2025-11-27,362.0,362.7999877929688,356.45001220703125,357.79998779296875,354.8563537597656,8871759,0.0,0.0
2025-11-28,358.0,359.75,355.1000061035156,356.79998779296875,353.86456298828125,10905212,0.0,0.0
2025-12-01,359.0,365.0,358.70001220703125,363.7999877929688,360.8069763183594,12714139,0.0,0.0
2025-12-02,364.0,364.0,359.6000061035156,361.75,358.7738647460937,8576018,0.0,0.0
2025-12-03,361.7000122070313,361.7000122070313,354.1000061035156,356.8500061035156,353.9141845703125,9504331,0.0,0.0
2025-12-04,357.0,359.5,354.29998779296875,356.45001220703125,353.5174865722656,9173145,0.0,0.0
2025-12-05,355.0,356.54998779296875,353.0,353.6000061035156,350.69091796875,5667381,0.0,0.0
2025-12-08,353.95001220703125,356.20001220703125,345.79998779296875,348.29998779296875,345.4345092773437,7186158,0.0,0.0
2025-12-09,348.5,348.6499938964844,341.70001220703125,344.70001220703125,341.8641357421875,9143402,0.0,0.0
2025-12-10,347.0,347.5,341.95001220703125,343.3999938964844,340.5748291015625,8705054,0.0,0.0
2025-12-11,343.3999938964844,348.20001220703125,341.3999938964844,346.6499938964844,343.798095703125,6756893,0.0,0.0
2025-12-12,348.0,349.3500061035156,344.75,347.45001220703125,344.5915222167969,7241621,0.0,0.0
2025-12-15,347.45001220703125,348.75,343.04998779296875,347.1499938964844,344.2939758300781,8169383,0.0,0.0
2025-12-16,347.1499938964844,349.3500061035156,343.8999938964844,345.45001220703125,342.60797119140625,8391226,0.0,0.0
2025-12-17,346.45001220703125,350.0,345.3999938964844,346.3500061035156,343.5005798339844,7045390,0.0,0.0
2025-12-18,346.3500061035156,347.45001220703125,337.70001220703125,345.79998779296875,342.955078125,15417506,0.0,0.0
2025-12-19,347.3999938964844,354.79998779296875,347.0,352.6499938964844,349.74871826171875,74052760,0.0,0.0
2025-12-22,356.25,360.9500122070313,353.6000061035156,359.1499938964844,356.1952514648437,10798315,0.0,0.0
2025-12-23,361.0,366.75,357.6499938964844,363.25,360.26153564453125,11885576,0.0,0.0
2025-12-24,364.0,364.8999938964844,358.54998779296875,359.20001220703125,356.2448425292969,9212351,0.0,0.0
2025-12-26,359.20001220703125,360.3999938964844,354.70001220703125,358.79998779296875,355.8481140136719,8589856,0.0,0.0
2025-12-29,358.5,362.7999877929688,357.8500061035156,358.6000061035156,355.6497802734375,10050266,0.0,0.0
2025-12-30,358.6000061035156,363.9500122070313,358.45001220703125,361.75,358.7738647460937,13807060,0.0,0.0
2025-12-31,361.75,368.5,360.6499938964844,367.3500061035156,364.3277893066406,10439184,0.0,0.0
2026-01-01,368.8500061035156,371.0,365.5499877929688,367.5499877929688,364.526123046875,7214281,0.0,0.0
2026-01-02,369.2000122070313,372.8999938964844,368.5499877929688,370.3500061035156,367.3031311035156,7077536,0.0,0.0
2026-01-05,370.3500061035156,375.0,369.1000061035156,373.5499877929688,370.4767761230469,9591926,0.0,0.0
2026-01-06,371.5,371.5,360.0,368.8999938964844,365.8650207519531,17493345,0.0,0.0
2026-01-07,367.0499877929688,367.25,359.20001220703125,363.3500061035156,360.3607177734375,10682229,0.0,0.0
2026-01-08,363.2999877929688,365.3500061035156,358.0,359.45001220703125,356.4927978515625,7353203,0.0,0.0
2026-01-09,358.0,359.75,352.20001220703125,354.1499938964844,351.23638916015625,8018768,0.0,0.0
2026-01-12,352.95001220703125,354.1499938964844,347.6499938964844,350.54998779296875,347.6659851074219,9771562,0.0,0.0
2026-01-13,350.6499938964844,351.8999938964844,345.6000061035156,349.75,346.8725891113281,7527115,0.0,0.0
2026-01-14,349.0,354.0,347.1000061035156,349.79998779296875,346.92218017578125,6249594,0.0,0.0
2026-01-16,349.70001220703125,359.70001220703125,349.6499938964844,353.6000061035156,350.69091796875,10735620,0.0,0.0
2026-01-19,353.6000061035156,353.6000061035156,338.3500061035156,344.0,341.1698913574219,14364958,0.0,0.0
2026-01-20,344.8500061035156,346.6000061035156,336.75,337.8500061035156,335.07049560546875,11541904,0.0,0.0
2026-01-21,336.0,343.70001220703125,335.95001220703125,339.25,336.458984375,9873473,0.0,0.0
2026-01-22,344.45001220703125,351.75,343.1000061035156,347.29998779296875,344.4427185058594,10714263,0.0,0.0
2026-01-23,347.1000061035156,351.0,342.1499938964844,344.45001220703125,341.6162109375,8354700,0.0,0.0
2026-01-27,340.0,345.0,335.8999938964844,340.54998779296875,337.7482604980469,12510469,0.0,0.0
2026-01-28,341.8999938964844,346.6000061035156,337.04998779296875,340.45001220703125,337.64910888671875,9425163,0.0,0.0
2026-01-29,340.5,352.6499938964844,335.6000061035156,351.79998779296875,348.9057006835937,13586977,0.0,0.0
2026-01-30,350.79998779296875,353.0,348.3999938964844,350.04998779296875,347.17010498046875,9910289,0.0,0.0
2026-02-02,344.6499938964844,364.5,341.1000061035156,362.8999938964844,359.9143981933594,19654613,0.0,0.0
2026-02-03,381.1499938964844,384.6000061035156,366.0,372.0499877929688,368.9891052246094,16720225,0.0,0.0
2026-02-04,372.5,377.6000061035156,368.4500122070313,375.4500122070313,372.3611755371094,10142353,0.0,0.0
2026-02-05,375.0,375.6000061035156,364.2999877929688,374.1499938964844,371.0718383789063,14013838,0.0,0.0
2026-02-06,365.0,381.7999877929688,361.0,369.5,366.4601135253906,23116970,0.0,0.0
2026-02-09,370.2999877929688,379.8999938964844,369.6000061035156,377.3999938964844,374.2951049804688,8800284,0.0,0.0
2026-02-10,378.0,382.5,376.75,379.3500061035156,376.2290649414063,8921719,0.0,0.0
2026-02-11,382.5,387.3500061035156,382.1000061035156,384.7000122070313,381.5350646972656,10933658,0.0,0.0
2026-02-12,385.0,386.8999938964844,380.1499938964844,383.4500122070313,380.29534912109375,8324442,0.0,0.0
2026-02-13,379.0,387.5,374.3999938964844,380.25,377.1216735839844,15565868,0.0,0.0
2026-02-16,378.2999877929688,379.6000061035156,375.1000061035156,377.25,374.1463317871094,5004467,0.0,0.0
2026-02-17,376.1000061035156,383.6000061035156,373.5499877929688,382.8500061035156,379.7002868652344,7843059,0.0,0.0
2026-02-18,382.8500061035156,385.5,379.0,382.8500061035156,379.7002868652344,4796850,0.0,0.0
2026-02-19,381.9500122070313,386.7999877929688,374.0,375.7000122070313,372.6091003417969,6910527,0.0,0.0
2026-02-20,375.7000122070313,379.7000122070313,374.5,378.0,374.8901672363281,6324165,0.0,0.0
2026-02-23,378.7999877929688,384.0,376.0499877929688,379.9500122070313,376.82415771484375,11701520,0.0,0.0
2026-02-24,376.8500061035156,380.2999877929688,371.6499938964844,377.5499877929688,374.4438781738281,7213746,0.0,0.0
2026-02-25,378.0,385.6000061035156,376.1000061035156,381.8500061035156,378.70849609375,7748663,0.0,0.0
2026-02-26,381.7000122070313,393.2999877929688,380.1000061035156,391.5499877929688,388.3286743164063,14697484,0.0,0.0
2026-02-27,393.6499938964844,394.0499877929688,380.9500122070313,382.6499938964844,379.5019226074219,15951041,0.0,0.0
2026-03-02,358.0,378.3999938964844,355.5,370.6000061035156,367.5510559082031,11804909,0.0,0.0
2026-03-04,363.1499938964844,363.8999938964844,350.1000061035156,351.20001220703125,348.3106689453125,17733124,0.0,0.0
2026-03-05,353.1000061035156,357.1499938964844,347.95001220703125,355.1499938964844,352.2281494140625,10574236,0.0,0.0
2026-03-06,354.0,354.3500061035156,349.3500061035156,350.75,347.8643493652344,6929668,0.0,0.0
2026-03-09,342.0,342.8999938964844,328.6499938964844,332.0,329.26861572265625,17240937,0.0,0.0
2026-03-10,338.0,345.79998779296875,334.25,345.20001220703125,342.36004638671875,13770080,0.0,0.0
2026-03-11,344.79998779296875,347.0,334.6499938964844,335.3500061035156,332.591064453125,5949596,0.0,0.0
2026-03-12,332.5,333.0,323.3500061035156,324.54998779296875,321.8799133300781,9707654,0.0,0.0
2026-03-13,323.0,324.1499938964844,308.5,314.1000061035156,311.5158996582031,17073811,0.0,0.0
2026-03-16,313.0,316.45001220703125,306.8999938964844,314.3999938964844,311.8134155273437,10394023,0.0,0.0
2026-03-17,315.0,321.0,313.0,319.20001220703125,316.5739440917969,7953108,0.0,0.0
2026-03-18,321.0,330.20001220703125,319.8999938964844,324.75,322.0782775878906,7533727,0.0,0.0
2026-03-19,318.0,318.95001220703125,307.5,309.29998779296875,306.75537109375,10146164,0.0,0.0
2026-03-20,311.0,316.8999938964844,310.79998779296875,314.1000061035156,311.5158996582031,13905760,0.0,0.0
2026-03-23,311.04998779296875,311.04998779296875,303.5,305.25,302.7386779785156,10816349,0.0,0.0
2026-03-24,312.95001220703125,314.20001220703125,305.5,311.20001220703125,308.6397399902344,8524890,0.0,0.0
2026-03-25,316.0,322.25,314.6000061035156,317.95001220703125,315.334228515625,7857557,0.0,0.0
2026-03-27,312.5,312.8500061035156,301.04998779296875,303.20001220703125,300.70556640625,19009638,0.0,0.0
2026-03-30,297.25,303.5,294.29998779296875,296.20001220703125,293.7631530761719,16410266,0.0,0.0
2026-04-01,310.0,310.0,302.04998779296875,302.95001220703125,300.4576416015625,8911554,0.0,0.0
2026-04-02,298.0,304.29998779296875,295.04998779296875,303.29998779296875,300.8047180175781,9098035,0.0,0.0
2026-04-06,303.29998779296875,308.1000061035156,299.8500061035156,307.3999938964844,304.8710021972656,6425909,0.0,0.0
2026-04-07,306.5,309.3500061035156,301.8500061035156,308.70001220703125,306.1603088378906,8543428,0.0,0.0
2026-04-08,321.0,337.0,318.95001220703125,334.75,331.9960021972656,20930060,0.0,0.0
2026-04-09,334.5,339.20001220703125,330.45001220703125,333.25,330.5083312988281,11110200,0.0,0.0
2026-04-10,336.6000061035156,343.79998779296875,335.0,342.6000061035156,339.78143310546875,10666149,0.0,0.0
2026-04-13,332.0,346.79998779296875,332.0,345.5,342.6575622558594,13113105,0.0,0.0
2026-04-15,352.04998779296875,362.1000061035156,349.25,357.8999938964844,354.9555358886719,12495093,0.0,0.0
2026-04-16,360.0,360.0,354.1000061035156,356.29998779296875,353.3686828613281,6871023,0.0,0.0
2026-04-17,352.04998779296875,361.3500061035156,352.0,360.1000061035156,357.137451171875,7314044,0.0,0.0
2026-04-20,357.29998779296875,359.79998779296875,352.5,355.70001220703125,352.7736511230469,7216605,0.0,0.0
2026-04-21,354.0,358.8999938964844,353.45001220703125,355.8999938964844,352.97198486328125,5922373,0.0,0.0
2026-04-22,355.45001220703125,367.9500122070313,353.3999938964844,361.8500061035156,358.873046875,14994313,0.0,0.0
2026-04-23,359.95001220703125,361.2000122070313,350.0,351.95001220703125,349.05450439453125,11374109,0.0,0.0
2026-04-24,353.6499938964844,355.8500061035156,347.5,350.5,347.6164245605469,5722477,0.0,0.0
2026-04-27,351.0,356.79998779296875,350.25,354.3500061035156,351.43475341796875,9713765,0.0,0.0
2026-04-28,354.3500061035156,356.0,349.3500061035156,350.79998779296875,347.9139404296875,7247106,0.0,0.0
2026-04-29,351.0,363.6499938964844,351.0,352.70001220703125,349.79833984375,10581537,0.0,0.0
2026-04-30,352.0,352.0,337.5,341.54998779296875,338.74005126953125,12670807,0.0,0.0
2026-05-04,338.3999938964844,345.8999938964844,338.0,343.04998779296875,340.2276916503906,7734863,0.0,0.0
2026-05-05,341.8999938964844,344.0,339.0,340.1499938964844,337.3515625,6084755,0.0,0.0
2026-05-06,345.3500061035156,358.95001220703125,343.6499938964844,358.1499938964844,355.2034606933594,11036464,0.0,0.0
2026-05-07,360.20001220703125,361.4500122070313,357.04998779296875,359.25,356.29443359375,6975162,0.0,0.0
2026-05-08,356.0,357.45001220703125,353.70001220703125,355.45001220703125,352.52569580078125,4615800,0.0,0.0
2026-05-11,352.29998779296875,352.29998779296875,345.20001220703125,346.0,343.1534423828125,4283236,0.0,0.0
2026-05-12,343.8500061035156,345.70001220703125,336.0,336.8500061035156,334.0787353515625,5758949,0.0,0.0
2026-05-13,335.0,342.3999938964844,334.0,336.8500061035156,334.0787353515625,5692558,0.0,0.0
2026-05-14,340.04998779296875,340.6000061035156,333.6499938964844,338.75,335.96307373046875,7975089,0.0,0.0
2026-05-15,352.0,366.9500122070313,352.0,356.54998779296875,353.6166381835937,51689818,0.0,0.0
2026-05-18,354.79998779296875,358.25,351.1000061035156,353.1499938964844,350.2445983886719,10409685,0.0,0.0
2026-05-19,352.8999938964844,365.7999877929688,352.8999938964844,361.2000122070313,358.2283935546875,15119605,0.0,0.0
2026-05-20,358.6499938964844,365.0,356.1000061035156,361.25,358.2779846191406,9875276,0.0,0.0
2026-05-21,364.0,366.0,359.0,361.3500061035156,358.3771667480469,10834385,0.0,0.0
2026-05-22,364.5,365.6499938964844,361.75,363.3500061035156,360.3607177734375,6934910,0.0,0.0
2026-05-25,366.1499938964844,374.2999877929688,366.1499938964844,373.25,370.1792602539063,10356089,0.0,0.0
2026-05-26,373.75,387.2999877929688,371.7999877929688,385.6000061035156,382.4276428222656,21346890,0.0,0.0
2026-05-27,385.7999877929688,404.0,383.7000122070313,400.9500122070313,397.6513671875,16294686,0.0,0.0
2026-05-29,400.9500122070313,408.0,390.7000122070313,393.8999938964844,390.6593627929688,31210075,0.0,0.0
2026-06-01,395.0,398.8500061035156,383.8500061035156,384.8999938964844,381.7333984375,8626860,0.0,0.0
2026-06-02,379.6000061035156,391.8999938964844,377.2999877929688,390.2000122070313,386.9898071289063,12789321,0.0,0.0
2026-06-03,392.0499877929688,399.7999877929688,384.8500061035156,398.1499938964844,394.8743896484375,8638483,0.0,0.0
2026-06-04,396.2000122070313,401.2000122070313,391.0,399.7000122070313,396.4116516113281,12067304,0.0,0.0
2026-06-05,401.0,403.0499877929688,393.6000061035156,397.7999877929688,394.5272521972656,9554051,0.0,0.0
2026-06-08,392.0,392.8999938964844,387.0,389.0,385.7996826171875,7585986,0.0,0.0
2026-06-09,393.9500122070313,395.4500122070313,386.7999877929688,387.7999877929688,384.6095275878906,8550946,0.0,0.0
2026-06-10,388.0,388.7999877929688,380.0,381.0,377.8655090332031,7251442,0.0,0.0
2026-06-11,375.0,378.3999938964844,372.3500061035156,375.8999938964844,372.8074340820313,6508792,0.0,0.0
2026-06-12,380.25,392.9500122070313,379.0,390.0,386.79144287109375,7787586,0.0,0.0
2026-06-15,398.2000122070313,407.7999877929688,395.25,396.3999938964844,393.1387939453125,11097635,0.0,0.0
2026-06-16,398.2999877929688,398.6499938964844,387.5499877929688,393.6000061035156,390.3618469238281,6432360,0.0,0.0
2026-06-17,395.5,395.6000061035156,355.0,360.9500122070313,357.98046875,51987488,0.0,0.0
2026-06-18,363.8999938964844,366.25,359.1499938964844,364.6499938964844,361.6499938964844,22656468,0.0,0.0
2026-06-19,363.75,363.75,356.5,359.5,359.5,11928855,3.0,0.0
2026-06-22,362.0,370.5,360.0,361.5,361.5,15447905,0.0,0.0
2026-06-23,361.5,361.8999938964844,350.1000061035156,354.54998779296875,354.54998779296875,16257406,0.0,0.0
2026-06-24,355.0,356.79998779296875,348.0,349.70001220703125,349.70001220703125,12569135,0.0,0.0
2026-06-25,352.29998779296875,360.5,351.0,353.20001220703125,353.20001220703125,15424509,0.0,0.0
2026-06-29,350.0,354.45001220703125,343.3999938964844,345.04998779296875,345.04998779296875,11882122,0.0,0.0
2026-06-30,348.0,356.3999938964844,343.29998779296875,352.20001220703125,352.20001220703125,17609242,0.0,0.0
2026-07-01,353.5,354.6000061035156,346.5,347.79998779296875,347.79998779296875,12059086,0.0,0.0
2026-07-02,351.1499938964844,351.25,345.0,345.95001220703125,345.95001220703125,10423984,0.0,0.0
2026-07-03,346.5,347.54998779296875,341.0,344.1000061035156,344.1000061035156,12651872,0.0,0.0
2026-07-06,345.5,348.6499938964844,341.6000061035156,347.04998779296875,347.04998779296875,4980867,0.0,0.0
2026-07-07,348.79998779296875,348.79998779296875,341.70001220703125,342.29998779296875,342.29998779296875,7428187,0.0,0.0
2026-07-08,340.95001220703125,341.3999938964844,330.75,332.04998779296875,332.04998779296875,10789766,0.0,0.0
2026-07-09,332.8999938964844,334.6000061035156,330.0,331.5,331.5,11549474,0.0,0.0
2026-07-10,334.54998779296875,340.25,333.6499938964844,337.95001220703125,337.95001220703125,19331002,0.0,0.0
2026-07-13,339.3500061035156,344.0,334.3999938964844,342.25,342.25,8402444,0.0,0.0
2026-07-14,340.04998779296875,340.75,332.54998779296875,333.3500061035156,333.3500061035156,8043834,0.0,0.0
2026-07-15,335.0,335.1000061035156,330.79998779296875,333.0,333.0,7144390,0.0,0.0
2026-07-16,334.6499938964844,339.20001220703125,331.29998779296875,331.79998779296875,331.79998779296875,8194443,0.0,0.0
2026-07-17,332.1000061035156,336.79998779296875,330.20001220703125,335.6000061035156,335.6000061035156,7785825,0.0,0.0
2026-07-20,335.5,337.6000061035156,332.45001220703125,336.45001220703125,336.45001220703125,7562963,0.0,0.0
2026-07-21,336.1000061035156,337.6499938964844,331.79998779296875,333.79998779296875,333.79998779296875,5847490,0.0,0.0
2026-07-22,333.79998779296875,334.6000061035156,327.1000061035156,327.70001220703125,327.70001220703125,8609616,0.0,0.0
2026-07-23,326.95001220703125,328.5,323.79998779296875,324.29998779296875,324.29998779296875,6985396,0.0,0.0
2026-07-24,321.0,325.75,318.25,323.79998779296875,323.79998779296875,7171058,0.0,0.0
2026-07-27,326.75,329.04998779296875,326.1000061035156,327.6499938964844,327.6499938964844,4777294,0.0,0.0
2026-07-28,327.0,327.3500061035156,322.79998779296875,324.3999938964844,324.3999938964844,6650930,0.0,0.0
2026-07-29,326.0,330.5,325.3500061035156,329.79998779296875,329.79998779296875,7220810,0.0,0.0
2026-07-30,328.20001220703125,335.0,328.04998779296875,334.20001220703125,334.20001220703125,6078600,0.0,0.0
2026-07-31,335.54998779296875,341.95001220703125,334.5,339.75,339.75,8527463,0.0,0.0
2026-08-03,344.5,350.45001220703125,343.5,349.29998779296875,349.29998779296875,12027810,0.0,0.0
2026-08-04,348.95001220703125,349.54998779296875,345.0,348.54998779296875,348.54998779296875,8003110,0.0,0.0
2026-08-05,349.0,353.20001220703125,346.3999938964844,349.79998779296875,349.79998779296875,7110154,0.0,0.0
2026-08-06,349.0,349.0,343.0,345.3500061035156,345.3500061035156,5218339,0.0,0.0
2026-08-07,345.0,349.79998779296875,343.6499938964844,347.0,347.0,4274035,0.0,0.0
2026-08-10,347.0,351.3999938964844,344.6000061035156,347.1000061035156,347.1000061035156,5233700,0.0,0.0
2026-08-11,345.5,348.70001220703125,344.25,347.6000061035156,347.6000061035156,4864857,0.0,0.0
2026-08-12,348.3999938964844,351.25,334.20001220703125,343.0,343.0,22384343,0.0,0.0
2026-08-13,343.5,351.54998779296875,342.45001220703125,349.6000061035156,349.6000061035156,9528820,0.0,0.0
2026-08-14,329.0,337.75,329.0,334.5,334.5,31933028,0.0,0.0
2026-08-17,334.0,334.20001220703125,329.04998779296875,330.20001220703125,330.20001220703125,7337847,0.0,0.0
2026-08-18,330.5,331.70001220703125,322.79998779296875,322.79998779296875,322.79998779296875,9865820,0.0,0.0
2026-08-19,323.8500061035156,324.0,320.20001220703125,321.29998779296875,321.29998779296875,5659002,0.0,0.0
2026-08-20,323.3999938964844,324.54998779296875,318.45001220703125,320.25,320.25,10475953,0.0,0.0
2026-08-21,321.5,322.3999938964844,316.8999938964844,317.8999938964844,317.8999938964844,10824328,0.0,0.0
2026-08-24,318.79998779296875,319.6499938964844,312.6000061035156,314.3999938964844,314.3999938964844,8545165,0.0,0.0
2026-08-25,314.8999938964844,314.8999938964844,310.54998779296875,314.25,314.25,10984458,0.0,0.0
2026-08-26,316.0,316.3999938964844,313.1000061035156,313.1000061035156,313.1000061035156,5791487,0.0,0.0
2026-08-27,315.0,319.6000061035156,314.1499938964844,316.0,316.0,8028070,0.0,0.0
2026-08-28,317.5,319.3999938964844,313.29998779296875,319.3999938964844,319.3999938964844,5852894,0.0,0.0
2026-08-31,318.3999938964844,318.8999938964844,308.8500061035156,308.8500061035156,308.8500061035156,9986158,0.0,0.0
2026-09-01,317.20001220703125,317.29998779296875,308.95001220703125,310.0,310.0,8951324,0.0,0.0
2026-09-02,307.70001220703125,312.95001220703125,305.6499938964844,312.75,312.75,6667459,0.0,0.0
2026-09-03,314.0,314.25,309.6000061035156,312.0,312.0,5195643,0.0,0.0
2026-09-04,312.0,315.5,310.6499938964844,311.5,311.5,4010174,0.0,0.0
2026-09-07,311.5,312.0,307.0,307.0,307.0,6493351,0.0,0.0
2026-09-08,306.1000061035156,306.6499938964844,302.45001220703125,306.45001220703125,306.45001220703125,6921996,0.0,0.0
2026-09-09,306.45001220703125,306.45001220703125,300.79998779296875,303.0,303.0,6971556,0.0,0.0
2026-09-10,303.0,304.0,300.04998779296875,300.5,300.5,7512877,0.0,0.0
